{
"type": "FeatureCollection",
"name": "DELHI",
"features": [
{ "type": "Feature", "properties": { "OBJECTID_1": 23, "OBJECTID": 23, "STATE": "DELHI", "Shape_Leng": 234859.245926, "Shape_Area": 1437689015.21 }, "geometry": { "type": "Polygon", "coordinates": [ [ [ 3721508.764899998903275, 4532652.788100000470877 ], [ 3721586.729000002145767, 4532644.385800000280142 ], [ 3721648.68129999935627, 4532646.0489999987185 ], [ 3721654.745099999010563, 4532646.21169999986887 ], [ 3721700.298299998044968, 4532640.035500001162291 ], [ 3721821.696400001645088, 4532634.400400001555681 ], [ 3721895.858800001442432, 4532629.589899998158216 ], [ 3721971.439900003373623, 4532623.247999999672174 ], [ 3722003.321099996566772, 4532620.057100001722574 ], [ 3722024.103799998760223, 4532609.906100001186132 ], [ 3722070.112800002098083, 4532589.925999999046326 ], [ 3722155.340000003576279, 4532565.489199999719858 ], [ 3722228.99379999935627, 4532547.404199998825788 ], [ 3722299.921999998390675, 4532548.133200000971556 ], [ 3722428.769199997186661, 4532544.181200001388788 ], [ 3722509.773100003600121, 4532563.725999999791384 ], [ 3722530.024400003254414, 4532565.411800000816584 ], [ 3722553.8716000020504, 4532545.296 ], [ 3722567.015900000929832, 4532528.544399999082088 ], [ 3722576.549099996685982, 4532507.5 ], [ 3722597.619699999690056, 4532466.318999998271465 ], [ 3722623.058600001037121, 4532423.493599999696016 ], [ 3722656.005699999630451, 4532371.025699999183416 ], [ 3722715.617799997329712, 4532294.887600000947714 ], [ 3722750.927100002765656, 4532252.668800000101328 ], [ 3722757.642099998891354, 4532235.178899999707937 ], [ 3722757.417900003492832, 4532216.477899998426437 ], [ 3722761.789899997413158, 4532189.230700001120567 ], [ 3722768.220499999821186, 4532177.167500000447035 ], [ 3722777.73309999704361, 4532168.4331 ], [ 3722793.390000000596046, 4532165.863699998706579 ], [ 3722833.440399996936321, 4532157.436000000685453 ], [ 3722846.9425999969244, 4532150.025499999523163 ], [ 3722856.342000000178814, 4532138.341099999845028 ], [ 3722865.26860000193119, 4532127.167199999094009 ], [ 3722870.544600002467632, 4532123.518500000238419 ], [ 3722884.2162000015378, 4532120.532800000160933 ], [ 3722902.274800002574921, 4532116.394299998879433 ], [ 3722914.925499998033047, 4532112.462999999523163 ], [ 3722918.2162000015378, 4532108.39809999987483 ], [ 3722924.456799998879433, 4532104.220100000500679 ], [ 3722932.533900000154972, 4532083.723900001496077 ], [ 3722943.315800003707409, 4532056.723499998450279 ], [ 3722952.733999997377396, 4532045.530699998140335 ], [ 3722971.342399999499321, 4532030.046900000423193 ], [ 3722985.82769999653101, 4532022.598799999803305 ], [ 3723016.536899998784065, 4532014.528999999165535 ], [ 3723056.133199997246265, 4532007.103399999439716 ], [ 3723071.223200000822544, 4532002.586199998855591 ], [ 3723081.794299997389317, 4531995.780499998480082 ], [ 3723085.879900000989437, 4531986.761500000953674 ], [ 3723089.852300003170967, 4531974.792700000107288 ], [ 3723103.114699997007847, 4531922.587099999189377 ], [ 3723111.98650000244379, 4531897.136999998241663 ], [ 3723129.784999996423721, 4531860.513000000268221 ], [ 3723134.060599997639656, 4531843.609099999070168 ], [ 3723142.403200000524521, 4531817.194600000977516 ], [ 3723149.666299998760223, 4531801.160900000482798 ], [ 3723237.698100000619888, 4531721.472300000488758 ], [ 3723327.015900000929832, 4531636.811000000685453 ], [ 3723376.412100002169609, 4531589.621500000357628 ], [ 3723402.867700003087521, 4531573.344700001180172 ], [ 3723424.333400003612041, 4531542.488499999046326 ], [ 3723438.726199999451637, 4531519.781100001186132 ], [ 3723467.773500002920628, 4531494.050200000405312 ], [ 3723480.199500001966953, 4531471.418200001120567 ], [ 3723482.583999998867512, 4531456.556200001388788 ], [ 3723486.726099997758865, 4531449.012200001627207 ], [ 3723496.974899999797344, 4531446.649999998509884 ], [ 3723520.288900002837181, 4531451.172400001436472 ], [ 3723545.872299998998642, 4531450.6842 ], [ 3723553.171400003135204, 4531448.434999998658895 ], [ 3723564.120899997651577, 4531438.660700000822544 ], [ 3723566.656199999153614, 4531427.731800001114607 ], [ 3723568.285199999809265, 4531406.005899999290705 ], [ 3723568.158500000834465, 4531364.160999998450279 ], [ 3723570.472800001502037, 4531308.929000001400709 ], [ 3723561.911499999463558, 4531278.239100001752377 ], [ 3723563.444499999284744, 4531266.856300000101328 ], [ 3723569.6283999979496, 4531261.203400000929832 ], [ 3723599.845499999821186, 4531253.152399998158216 ], [ 3723665.7632, 4531238.80970000103116 ], [ 3723723.567800000309944, 4531231.178300000727177 ], [ 3723781.883000001311302, 4531224.01969999819994 ], [ 3723801.894199997186661, 4531180.910700000822544 ], [ 3723872.273500002920628, 4531179.760899998247623 ], [ 3723891.445500001311302, 4531179.447700001299381 ], [ 3723949.060000002384186, 4531179.701099999248981 ], [ 3723940.034400001168251, 4531226.8202 ], [ 3723934.79110000282526, 4531269.855500001460314 ], [ 3723932.028200000524521, 4531287.686000000685453 ], [ 3723933.237499997019768, 4531293.547800000756979 ], [ 3723936.432199999690056, 4531299.825899999588728 ], [ 3723950.441100001335144, 4531318.490600001066923 ], [ 3723956.77419999986887, 4531329.571899998933077 ], [ 3723961.215999998152256, 4531342.695099998265505 ], [ 3723964.163999997079372, 4531355.383099999278784 ], [ 3723964.258199997246265, 4531357.841299999505281 ], [ 3723974.164499998092651, 4531372.232099998742342 ], [ 3723998.62780000269413, 4531406.743500001728535 ], [ 3724010.027800001204014, 4531421.569400001317263 ], [ 3724017.09910000115633, 4531426.221799999475479 ], [ 3724032.65990000218153, 4531433.995299998670816 ], [ 3724047.785700000822544, 4531443.262499999254942 ], [ 3724058.449100002646446, 4531451.715999998152256 ], [ 3724099.215000003576279, 4531461.969700001180172 ], [ 3724115.060000002384186, 4531464.316399998962879 ], [ 3724155.31530000269413, 4531474.097300000488758 ], [ 3724188.5559, 4531480.700599998235703 ], [ 3724265.037699997425079, 4531510.756099998950958 ], [ 3724294.136399999260902, 4531524.903400000184774 ], [ 3724343.996500000357628, 4531541.20890000090003 ], [ 3724365.040700003504753, 4531550.741500001400709 ], [ 3724428.836099997162819, 4531570.94370000064373 ], [ 3724456.895000003278255, 4531583.653799999505281 ], [ 3724483.251299999654293, 4531603.322000000625849 ], [ 3724514.428099997341633, 4531633.144799999892712 ], [ 3724527.095899999141693, 4531642.506099998950958 ], [ 3724530.516800001263618, 4531654.683699999004602 ], [ 3724534.24099999666214, 4531661.926199998706579 ], [ 3724542.427400000393391, 4531669.982299998402596 ], [ 3724570.258599996566772, 4531689.593899998813868 ], [ 3724593.079300001263618, 4531706.935899998992682 ], [ 3724616.902300000190735, 4531724.731800001114607 ], [ 3724638.513400003314018, 4531736.211899999529123 ], [ 3724647.549699999392033, 4531753.59010000154376 ], [ 3724657.153099998831749, 4531772.915899999439716 ], [ 3724660.384199999272823, 4531792.978399999439716 ], [ 3724665.152999997138977, 4531815.296100001782179 ], [ 3724665.184299997985363, 4531815.442600000649691 ], [ 3724701.570900000631809, 4531762.842799998819828 ], [ 3724724.699299998581409, 4531736.846099998801947 ], [ 3724746.710799999535084, 4531720.246899999678135 ], [ 3724773.0515, 4531713.820999998599291 ], [ 3724809.866899996995926, 4531710.932199999690056 ], [ 3724862.642300002276897, 4531700.538600001484156 ], [ 3724927.745899997651577, 4531690.656899999827147 ], [ 3725027.6985, 4531677.96169999986887 ], [ 3725083.971500001847744, 4531668.910799998790026 ], [ 3725132.378600001335144, 4531660.161499999463558 ], [ 3725170.612400002777576, 4531655.7412 ], [ 3725230.705200001597404, 4531643.589600000530481 ], [ 3725282.118699997663498, 4531636.201999999582767 ], [ 3725304.791299998760223, 4531624.008499998599291 ], [ 3725316.819399997591972, 4531618.155999999493361 ], [ 3725316.874499998986721, 4531618.129200000315905 ], [ 3725336.27419999986887, 4531623.293400000780821 ], [ 3725368.247299998998642, 4531635.360500000417233 ], [ 3725405.031300000846386, 4531645.264499999582767 ], [ 3725405.06139999628067, 4531645.272599998861551 ], [ 3725416.33110000193119, 4531643.855700001120567 ], [ 3725439.02250000089407, 4531632.153799999505281 ], [ 3725453.887199997901917, 4531608.935600001364946 ], [ 3725460.224500000476837, 4531581.613400001078844 ], [ 3725473.276299998164177, 4531536.8015 ], [ 3725478.309900000691414, 4531501.159400001168251 ], [ 3725487.657499998807907, 4531436.7956000007689 ], [ 3725491.081399999558926, 4531423.371100001037121 ], [ 3725499.553599998354912, 4531413.199200000613928 ], [ 3725525.554399996995926, 4531397.923900000751019 ], [ 3725580.636600002646446, 4531383.502599999308586 ], [ 3725640.355999998748302, 4531372.495900001376867 ], [ 3725648.103500001132488, 4531371.068 ], [ 3725647.955200001597404, 4531341.532900001853704 ], [ 3725642.913800001144409, 4531274.274900000542402 ], [ 3725640.855899997055531, 4531246.290300000458956 ], [ 3725638.078500002622604, 4531225.22580000013113 ], [ 3725625.299099996685982, 4531200.114 ], [ 3725605.884800001978874, 4531156.05519999936223 ], [ 3725595.7346, 4531122.472699999809265 ], [ 3725591.463600002229214, 4531100.973400000482798 ], [ 3725585.45380000025034, 4531072.647900000214577 ], [ 3725581.655599996447563, 4531050.638099998235703 ], [ 3725583.210199996829033, 4531014.144999999552965 ], [ 3725586.880500003695488, 4530994.310499999672174 ], [ 3725603.391099996864796, 4530962.659600000828505 ], [ 3725627.673199996352196, 4530928.249000001698732 ], [ 3725688.8496999964118, 4530854.513000000268221 ], [ 3725709.2162000015378, 4530833.545800000429153 ], [ 3725723.625399999320507, 4530824.131000000983477 ], [ 3725743.252499997615814, 4530822.393500000238419 ], [ 3725773.090499997138977, 4530817.310400001704693 ], [ 3725802.342399999499321, 4530809.787999998778105 ], [ 3725815.427500002086163, 4530804.362700000405312 ], [ 3725838.346400000154972, 4530785.759399998933077 ], [ 3725863.894400000572205, 4530758.685400001704693 ], [ 3725876.828699998557568, 4530749.327100001275539 ], [ 3725886.64360000193119, 4530735.657400000840425 ], [ 3725893.489900000393391, 4530721.609299998730421 ], [ 3725899.712700001895428, 4530704.138700000941753 ], [ 3725900.11259999871254, 4530676.059900000691414 ], [ 3725900.800999999046326, 4530604.151799999177456 ], [ 3725895.888999998569489, 4530565.937600001692772 ], [ 3725885.1891999989748, 4530543.700399998575449 ], [ 3725863.37219999730587, 4530514.0121 ], [ 3725844.919799998402596, 4530495.026200000196695 ], [ 3725838.021099999547005, 4530469.196800000965595 ], [ 3725832.80460000038147, 4530448.718600001186132 ], [ 3725822.803999997675419, 4530431.870299998670816 ], [ 3725783.329499997198582, 4530378.242199998348951 ], [ 3725737.332099996507168, 4530321.418000001460314 ], [ 3725674.30629999935627, 4530252.645700000226498 ], [ 3725674.12950000166893, 4530252.452799998223782 ], [ 3725647.493699997663498, 4530199.809399999678135 ], [ 3725629.837600000202656, 4530163.068799998611212 ], [ 3725618.968400001525879, 4530136.407000001519918 ], [ 3725604.998700000345707, 4530105.925500001758337 ], [ 3725593.146300002932549, 4530079.301399998366833 ], [ 3725587.57039999961853, 4530062.283399999141693 ], [ 3725576.17339999973774, 4530021.856499999761581 ], [ 3725569.12389999628067, 4529992.094300001859665 ], [ 3725565.968299999833107, 4529973.998799998313189 ], [ 3725562.775200001895428, 4529954.920200001448393 ], [ 3725559.323700003325939, 4529877.755699999630451 ], [ 3725552.203400000929832, 4529807.624699998646975 ], [ 3725549.388800002634525, 4529785.577599998563528 ], [ 3725539.617399998009205, 4529749.027100000530481 ], [ 3725537.596000000834465, 4529734.826900001615286 ], [ 3725544.6699, 4529713.877599999308586 ], [ 3725547.545699998736382, 4529698.997299998998642 ], [ 3725542.937100000679493, 4529655.848499998450279 ], [ 3725547.763400003314018, 4529614.799699999392033 ], [ 3725551.30349999666214, 4529578.723600000143051 ], [ 3725579.126900002360344, 4529495.436999998986721 ], [ 3725587.320500001311302, 4529439.489100001752377 ], [ 3725596.519299998879433, 4529358.393899999558926 ], [ 3725601.876400001347065, 4529305.508900001645088 ], [ 3725607.630900003015995, 4529250.147100001573563 ], [ 3725606.234499998390675, 4529226.56870000064373 ], [ 3725598.582099996507168, 4529181.075399998575449 ], [ 3725596.222999997437, 4529145.22580000013113 ], [ 3725589.005599997937679, 4529098.238600000739098 ], [ 3725712.670500002801418, 4529036.386599998921156 ], [ 3725723.790600001811981, 4529032.530799999833107 ], [ 3725723.845499999821186, 4529032.511799998581409 ], [ 3725763.897200003266335, 4529039.327100001275539 ], [ 3725763.986100003123283, 4529039.342199999839067 ], [ 3725814.359300002455711, 4529017.717399999499321 ], [ 3725845.463799998164177, 4529007.170400001108646 ], [ 3725866.887199997901917, 4529000.933299999684095 ], [ 3725887.837700001895428, 4528995.206599999219179 ], [ 3725908.390900000929832, 4528991.956799998879433 ], [ 3725928.433799996972084, 4528988.234200000762939 ], [ 3725949.553999997675419, 4528986.932 ], [ 3725970.655199997127056, 4528985.1382 ], [ 3726003.456500001251698, 4528983.880300000309944 ], [ 3726003.592799998819828, 4528983.875100001692772 ], [ 3726036.88629999756813, 4528982.598299998790026 ], [ 3726037.021999999880791, 4528982.593100000172853 ], [ 3726054.24719999730587, 4528982.424899999052286 ], [ 3726071.390900000929832, 4528982.257399998605251 ], [ 3726071.472099997103214, 4528982.2566 ], [ 3726116.624399997293949, 4528978.555799998342991 ], [ 3726161.303999997675419, 4528975.365299999713898 ], [ 3726196.151399999856949, 4528972.551899999380112 ], [ 3726255.049699999392033, 4528967.831399999558926 ], [ 3726314.912399999797344, 4528962.581599999219179 ], [ 3726356.131899997591972, 4528959.031399998813868 ], [ 3726397.295100003480911, 4528954.993299998342991 ], [ 3726397.332299999892712, 4528954.989599999040365 ], [ 3726418.981799997389317, 4528954.651599999517202 ], [ 3726440.476099997758865, 4528953.827199999243021 ], [ 3726440.612400002777576, 4528953.822000000625849 ], [ 3726477.842299997806549, 4528948.947700001299381 ], [ 3726515.109999999403954, 4528945.056699998676777 ], [ 3726538.575099997222424, 4528940.710400000214577 ], [ 3726562.021200001239777, 4528935.872499998658895 ], [ 3726594.391699999570847, 4528932.66160000115633 ], [ 3726627.234899997711182, 4528928.940200001001358 ], [ 3726653.724899999797344, 4528926.44709999859333 ], [ 3726679.74210000038147, 4528924.464499998837709 ], [ 3726696.891599997878075, 4528922.329700000584126 ], [ 3726713.587300002574921, 4528921.197000000625849 ], [ 3726735.029399998486042, 4528915.451200000941753 ], [ 3726755.979800000786781, 4528909.724399998784065 ], [ 3726792.510600000619888, 4528899.461199998855591 ], [ 3726828.530799999833107, 4528888.725299999117851 ], [ 3726857.27139999717474, 4528880.730200000107288 ], [ 3726886.030900001525879, 4528873.226799998432398 ], [ 3726911.443300001323223, 4528868.313400000333786 ], [ 3726936.345299996435642, 4528862.927299998700619 ], [ 3726961.833200000226498, 4528859.980099998414516 ], [ 3726994.319200001657009, 4528834.11769999936223 ], [ 3727056.616400003433228, 4528831.727800000458956 ], [ 3727056.75280000269413, 4528831.722600001841784 ], [ 3726988.355700001120567, 4528909.672400001436472 ], [ 3726973.132399998605251, 4528936.349700000137091 ], [ 3726960.726700000464916, 4528959.472500000149012 ], [ 3726953.234399996697903, 4529008.00789999961853 ], [ 3726956.2179000005126, 4529047.279599998146296 ], [ 3726962.474200002849102, 4529069.194299999624491 ], [ 3726968.901500001549721, 4529082.732900001108646 ], [ 3726983.137900002300739, 4529094.495000001043081 ], [ 3727020.175300002098083, 4529123.106100000441074 ], [ 3727061.145599998533726, 4529151.566300000995398 ], [ 3727081.356700003147125, 4529165.068399999290705 ], [ 3727143.710199996829033, 4529211.909099999815226 ], [ 3727172.277300000190735, 4529237.891100000590086 ], [ 3727216.895300000905991, 4529284.427400000393391 ], [ 3727253.0050999969244, 4529327.351500000804663 ], [ 3727279.0, 4529363.278799999505281 ], [ 3727280.239500001072884, 4529365.042300000786781 ], [ 3727319.098200000822544, 4529420.327500000596046 ], [ 3727358.421899996697903, 4529470.021000001579523 ], [ 3727369.159400001168251, 4529493.240699999034405 ], [ 3727376.532300002872944, 4529505.758299998939037 ], [ 3727398.501500003039837, 4529526.5779 ], [ 3727411.395099997520447, 4529541.837699998170137 ], [ 3727429.827600002288818, 4529573.131799999624491 ], [ 3727463.214400000870228, 4529622.068399999290705 ], [ 3727477.110200002789497, 4529637.7820999994874 ], [ 3727482.838600002229214, 4529645.93189999833703 ], [ 3727500.722900003194809, 4529675.770100001245737 ], [ 3727537.532300002872944, 4529724.083000000566244 ], [ 3727567.81870000064373, 4529769.19990000128746 ], [ 3727599.883100003004074, 4529809.325199998915195 ], [ 3727669.03999999910593, 4529905.137600000947714 ], [ 3727692.785800002515316, 4529933.766199998557568 ], [ 3727701.23650000244379, 4529948.704199999570847 ], [ 3727769.524599999189377, 4530034.703200001269579 ], [ 3727791.323100000619888, 4530063.898899998515844 ], [ 3727807.581799998879433, 4530089.860800001770258 ], [ 3727842.5016999989748, 4530127.414900001138449 ], [ 3727858.647200003266335, 4530150.427200000733137 ], [ 3727871.068499997258186, 4530166.197500001639128 ], [ 3727880.786399997770786, 4530175.67119999974966 ], [ 3727892.686999998986721, 4530179.136900000274181 ], [ 3727892.736000001430511, 4530179.151200000196695 ], [ 3727922.025100000202656, 4530172.611400000751019 ], [ 3727968.237300001084805, 4530158.037099998444319 ], [ 3727990.654399998486042, 4530154.726100001484156 ], [ 3727990.756800003349781, 4530154.710900001227856 ], [ 3728001.212700001895428, 4530157.756099998950958 ], [ 3728017.9265, 4530169.915199998766184 ], [ 3728085.51799999922514, 4530224.923799999058247 ], [ 3728132.822700001299381, 4530264.464000001549721 ], [ 3728189.16610000282526, 4530295.779899999499321 ], [ 3728210.62610000371933, 4530303.325800001621246 ], [ 3728228.437299996614456, 4530305.595400001853704 ], [ 3728278.426299996674061, 4530303.1858000010252 ], [ 3728278.562399998307228, 4530303.179699998348951 ], [ 3728293.651299998164177, 4530298.661800000816584 ], [ 3728324.151000000536442, 4530285.182700000703335 ], [ 3728348.845600001513958, 4530274.388000000268221 ], [ 3728368.302299998700619, 4530268.225499998778105 ], [ 3728384.941500000655651, 4530265.617400001734495 ], [ 3728405.55120000243187, 4530263.841600000858307 ], [ 3728422.247000001370907, 4530262.708299998193979 ], [ 3728441.00450000166893, 4530251.156899999827147 ], [ 3728463.798900000751019, 4530245.878199998289347 ], [ 3728463.940200001001358, 4530245.845499999821186 ], [ 3728459.873400002717972, 4530268.156500000506639 ], [ 3728461.384999997913837, 4530281.8838 ], [ 3728469.722599998116493, 4530293.872099999338388 ], [ 3728477.455300003290176, 4530302.929499998688698 ], [ 3728481.973200000822544, 4530318.018399998545647 ], [ 3728480.288900002837181, 4530338.268699999898672 ], [ 3728483.347199998795986, 4530405.108600001782179 ], [ 3728485.499899998307228, 4530421.840399999171495 ], [ 3728493.8733000010252, 4530486.924199998378754 ], [ 3728504.514200001955032, 4530546.088100001215935 ], [ 3728515.114100001752377, 4530655.471799999475479 ], [ 3728533.180600002408028, 4530792.632100000977516 ], [ 3728550.17059999704361, 4530914.57149999961257 ], [ 3728557.407499998807907, 4530987.651900000870228 ], [ 3728567.331699997186661, 4531028.134799998253584 ], [ 3728571.811800003051758, 4531042.240600001066923 ], [ 3728624.790200002491474, 4531075.654800001531839 ], [ 3728663.475000001490116, 4531095.832299999892712 ], [ 3728693.008699998259544, 4531108.483800001442432 ], [ 3728710.971100002527237, 4531114.686799999326468 ], [ 3728723.82150000333786, 4531120.999600000679493 ], [ 3728767.674699999392033, 4531142.542199999094009 ], [ 3728799.148800000548363, 4531156.556099999696016 ], [ 3728799.231499999761581, 4531156.5929000005126 ], [ 3728818.348600000143051, 4531141.5810999982059 ], [ 3728851.402300000190735, 4531104.863499999046326 ], [ 3728870.973300002515316, 4531088.849599998444319 ], [ 3728894.193599998950958, 4531079.109999999403954 ], [ 3728894.230800002813339, 4531079.094399999827147 ], [ 3728925.372299998998642, 4531082.329700000584126 ], [ 3728948.836900003254414, 4531090.782999999821186 ], [ 3729008.187399998307228, 4531123.46000000089407 ], [ 3729030.895099997520447, 4531137.850299999117851 ], [ 3729058.670800000429153, 4531143.184000000357628 ], [ 3729076.265500001609325, 4531142.997299998998642 ], [ 3729076.387800000607967, 4531142.995999999344349 ], [ 3729096.355099998414516, 4531137.3059 ], [ 3729122.279100000858307, 4531120.063200000673532 ], [ 3729151.549999997019768, 4531100.23030000180006 ], [ 3729175.828500002622604, 4531091.420499999076128 ], [ 3729216.367899999022484, 4531082.971000000834465 ], [ 3729308.716099999845028, 4531064.65430000051856 ], [ 3729375.27589999884367, 4531056.19649999961257 ], [ 3729375.348700001835823, 4531056.187199998646975 ], [ 3729434.076800003647804, 4531059.839699998497963 ], [ 3729500.897399999201298, 4531069.089400000870228 ], [ 3729567.075400002300739, 4531074.425000000745058 ], [ 3729604.304799996316433, 4531082.349399998784065 ], [ 3729659.270199999213219, 4531090.577300000935793 ], [ 3729689.087700001895428, 4531097.801699999719858 ], [ 3729717.524899996817112, 4531107.540699999779463 ], [ 3729737.434900000691414, 4531113.176300000399351 ], [ 3729751.590700000524521, 4531113.120799999684095 ], [ 3729751.710400000214577, 4531113.120299998670816 ], [ 3729812.084600001573563, 4531095.538800001144409 ], [ 3729826.9846, 4531086.104499999433756 ], [ 3729833.247100003063679, 4531083.415500000119209 ], [ 3729833.281099997460842, 4531083.40089999884367 ], [ 3729898.002999998629093, 4531089.284499999135733 ], [ 3729992.826499998569489, 4531096.965599998831749 ], [ 3730117.864600002765656, 4531109.393899999558926 ], [ 3730241.087200000882149, 4531125.830400001257658 ], [ 3730324.149800002574921, 4531134.947599999606609 ], [ 3730397.807599999010563, 4531136.907000001519918 ], [ 3730407.389600001275539, 4531137.161899998784065 ], [ 3730407.439400002360344, 4531137.163199998438358 ], [ 3730446.104500003159046, 4531134.204999998211861 ], [ 3730446.219800002872944, 4531134.196199998259544 ], [ 3730460.589599996805191, 4531136.598099999129772 ], [ 3730520.054799996316433, 4531146.6217 ], [ 3730574.30120000243187, 4531161.769099999219179 ], [ 3730661.995399996638298, 4531188.924199998378754 ], [ 3730697.22070000320673, 4531195.940400000661612 ], [ 3730732.862099997699261, 4531200.971200000494719 ], [ 3730835.021600000560284, 4531207.38459999859333 ], [ 3730887.396600000560284, 4531212.264600001275539 ], [ 3730941.977899998426437, 4531212.625199999660254 ], [ 3730942.059500001370907, 4531212.625700000673532 ], [ 3730994.037500001490116, 4531207.18189999833703 ], [ 3731068.195000000298023, 4531189.561999998986721 ], [ 3731123.596000000834465, 4531170.693599998950958 ], [ 3731150.577500000596046, 4531168.17960000038147 ], [ 3731209.835199996829033, 4531159.994300000369549 ], [ 3731256.802799999713898, 4531152.281199999153614 ], [ 3731312.221900001168251, 4531146.704900000244379 ], [ 3731379.969200000166893, 4531141.639499999582767 ], [ 3731452.099299997091293, 4531138.86710000038147 ], [ 3731452.235200002789497, 4531138.861900001764297 ], [ 3731481.618000000715256, 4531134.778599999845028 ], [ 3731521.230200000107288, 4531127.840399999171495 ], [ 3731553.260600000619888, 4531115.778000000864267 ], [ 3731592.362400002777576, 4531095.566399998962879 ], [ 3731637.552599996328354, 4531080.044199999421835 ], [ 3731685.692299999296665, 4531064.408500000834465 ], [ 3731724.188900001347065, 4531054.066799998283386 ], [ 3731770.19200000166893, 4531046.882800001651049 ], [ 3731818.255800001323223, 4531042.081300001591444 ], [ 3731895.702299997210503, 4531033.196199998259544 ], [ 3731983.623700000345707, 4531027.847100000828505 ], [ 3732062.625100001692772, 4531023.826699998229742 ], [ 3732062.733999997377396, 4531023.821199998259544 ], [ 3732110.889200001955032, 4531024.425599999725819 ], [ 3732134.841899998486042, 4531016.36879999935627 ], [ 3732210.082500003278255, 4530939.17339999973774 ], [ 3732264.720299996435642, 4530893.395500000566244 ], [ 3732373.996200002729893, 4530852.047400001436472 ], [ 3732418.611299999058247, 4530840.107999999076128 ], [ 3732456.541900001466274, 4530829.957400001585484 ], [ 3732478.842100001871586, 4530823.989700000733137 ], [ 3732521.666500002145767, 4530809.222500000149012 ], [ 3732574.827600002288818, 4530751.630800001323223 ], [ 3732675.242899999022484, 4530615.773699998855591 ], [ 3732733.540500000119209, 4530496.935100000351667 ], [ 3732752.030900001525879, 4530459.242899999022484 ], [ 3732771.892399996519089, 4530408.020500000566244 ], [ 3732800.321900002658367, 4530334.70160000026226 ], [ 3732808.145099997520447, 4530314.525699999183416 ], [ 3732808.144900001585484, 4530255.330699998885393 ], [ 3732803.895400002598763, 4530122.503499999642372 ], [ 3732800.603900000452995, 4530036.64919999986887 ], [ 3732799.04450000077486, 4529995.97410000115633 ], [ 3732788.94650000333786, 4529912.862500000745058 ], [ 3732774.326800003647804, 4529859.062800001353025 ], [ 3732753.753700003027916, 4529783.355000000447035 ], [ 3732752.028399996459484, 4529777.005800001323223 ], [ 3732746.629299998283386, 4529712.669300001114607 ], [ 3732741.217799998819828, 4529648.184999998658895 ], [ 3732738.097999997437, 4529611.0088 ], [ 3732734.307199999690056, 4529565.83729999884963 ], [ 3732732.61710000038147, 4529502.465799998492002 ], [ 3732728.399700000882149, 4529344.331700000911951 ], [ 3732722.492499999701977, 4529243.915899999439716 ], [ 3732805.187399998307228, 4529119.872600000351667 ], [ 3732902.649300001561642, 4528979.585400000214577 ], [ 3732928.553400002419949, 4528938.639899998903275 ], [ 3732973.915399998426437, 4528866.938099998980761 ], [ 3732994.20440000295639, 4528834.868099998682737 ], [ 3733088.7128000035882, 4528659.140000000596046 ], [ 3733150.733900003135204, 4528523.283100001513958 ], [ 3733223.091899998486042, 4528406.623199999332428 ], [ 3733314.647299997508526, 4528346.078000001609325 ], [ 3733319.077200002968311, 4528278.149700000882149 ], [ 3733313.170100003480911, 4528188.070799998939037 ], [ 3733280.682300001382828, 4528095.038600001484156 ], [ 3733265.914800003170967, 4527987.23930000141263 ], [ 3733292.494999997317791, 4527841.045499999076128 ], [ 3733373.712999999523163, 4527656.457299999892712 ], [ 3733418.304200001060963, 4527560.517700001597404 ], [ 3733422.443800002336502, 4527551.611099999397993 ], [ 3733431.303800001740456, 4527464.4857 ], [ 3733418.3037, 4527420.671399999409914 ], [ 3733417.426899999380112, 4527417.716099999845028 ], [ 3733404.576700001955032, 4527374.406700000166893 ], [ 3733379.990800000727177, 4527318.91270000115037 ], [ 3733379.988499999046326, 4527318.908700000494719 ], [ 3733359.470499999821186, 4527282.959800001233816 ], [ 3733309.947800002992153, 4527224.730000000447035 ], [ 3733264.51799999922514, 4527136.949799999594688 ], [ 3733257.0515, 4527130.751299999654293 ], [ 3733252.012599997222424, 4527112.786800000816584 ], [ 3733223.086900003254414, 4527009.661699999123812 ], [ 3733180.262199997901917, 4526938.780099999159575 ], [ 3733170.545199997723103, 4526930.232799999415874 ], [ 3733027.234399996697903, 4526804.1732 ], [ 3733020.777699999511242, 4526798.49379999935627 ], [ 3733010.602399997413158, 4526662.405099999159575 ], [ 3733010.468000002205372, 4526660.6081000007689 ], [ 3733008.963500000536442, 4526640.4864999987185 ], [ 3733006.333999998867512, 4526623.063799999654293 ], [ 3732991.445100001990795, 4526524.413899999111891 ], [ 3732991.24379999935627, 4526523.095600001513958 ], [ 3732991.242700003087521, 4526523.088700000196695 ], [ 3732991.227700002491474, 4526523.019299998879433 ], [ 3732982.339500002563, 4526481.912099998444319 ], [ 3732961.708099998533726, 4526386.49379999935627 ], [ 3732951.152800001204014, 4526278.525800000876188 ], [ 3732944.277500003576279, 4526208.199499998241663 ], [ 3732939.405500002205372, 4526158.364599999040365 ], [ 3732926.265900000929832, 4526023.963199999183416 ], [ 3732890.824299998581409, 4525823.869899999350309 ], [ 3732886.803400002419949, 4525776.626800000667572 ], [ 3732882.478000000119209, 4525725.804900001734495 ], [ 3732879.839500002563, 4525694.804099999368191 ], [ 3732879.010200001299381, 4525685.059900000691414 ], [ 3732878.782200001180172, 4525682.238699998706579 ], [ 3732877.082800000905991, 4525661.209899999201298 ], [ 3732873.103100001811981, 4525611.962999999523163 ], [ 3732757.920299999415874, 4525631.899000000208616 ], [ 3732674.983199998736382, 4525643.747400000691414 ], [ 3732552.741300001740456, 4525661.210999999195337 ], [ 3732551.181999996304512, 4525661.433800000697374 ], [ 3732344.44370000064373, 4525719.026000000536442 ], [ 3732199.184900000691414, 4525766.665199998766184 ], [ 3732165.718299999833107, 4525777.640900000929832 ], [ 3731795.110699996352196, 4525899.185699999332428 ], [ 3731595.755900003015995, 4525961.208000000566244 ], [ 3731226.96169999986887, 4526139.120099999010563 ], [ 3731217.526000000536442, 4526143.671999998390675 ], [ 3731187.064900003373623, 4526158.366900000721216 ], [ 3731182.315999999642372, 4526150.194200001657009 ], [ 3731158.987099997699261, 4526110.04619999974966 ], [ 3731143.60249999910593, 4526083.570000000298023 ], [ 3731143.48650000244379, 4526081.844700001180172 ], [ 3731141.765299998223782, 4526056.241799999028444 ], [ 3731113.009700000286102, 4525950.143800001591444 ], [ 3731110.710299998521805, 4525936.675000000745058 ], [ 3731087.789700001478195, 4525802.4199 ], [ 3731082.702299997210503, 4525772.620999999344349 ], [ 3731076.286399997770786, 4525685.542399998754263 ], [ 3731075.578599996864796, 4525661.216400001198053 ], [ 3731074.145599998533726, 4525611.965500000864267 ], [ 3731073.948100000619888, 4525605.179000001400709 ], [ 3731070.55290000140667, 4525521.390900000929832 ], [ 3731067.324000000953674, 4525488.583599999547005 ], [ 3731065.649400003254414, 4525469.332100000232458 ], [ 3731063.92119999974966, 4525442.787599999457598 ], [ 3731058.597199998795986, 4525399.004799999296665 ], [ 3731056.5801, 4525372.372999999672174 ], [ 3731057.715999998152256, 4525355.809500001370907 ], [ 3731060.626299999654293, 4525344.435100000351667 ], [ 3731061.214599996805191, 4525329.973000001162291 ], [ 3731062.39360000193119, 4525300.990499999374151 ], [ 3731058.829800002276897, 4525246.028999999165535 ], [ 3731058.506099998950958, 4525241.036499999463558 ], [ 3731054.506499998271465, 4525214.047699999064207 ], [ 3731045.818899996578693, 4525133.5066 ], [ 3731044.539099998772144, 4525121.642200000584126 ], [ 3731043.839900001883507, 4525105.6385000012815 ], [ 3731040.47070000320673, 4525028.51799999922514 ], [ 3731028.897699996829033, 4524977.867499999701977 ], [ 3731020.628300003707409, 4524954.025699999183416 ], [ 3731005.686700001358986, 4524916.145399998873472 ], [ 3730989.61429999768734, 4524871.889699999243021 ], [ 3730972.579000003635883, 4524821.061799999326468 ], [ 3730971.79169999808073, 4524818.712799999862909 ], [ 3730960.245099999010563, 4524783.616300001740456 ], [ 3730954.5337999984622, 4524759.223499998450279 ], [ 3730952.117499999701977, 4524735.627700001001358 ], [ 3730951.084399998188019, 4524725.538800001144409 ], [ 3730948.709499999880791, 4524667.023600000888109 ], [ 3730950.997900001704693, 4524629.968400001525879 ], [ 3730952.78320000320673, 4524573.144299998879433 ], [ 3730957.242200002074242, 4524517.241500001400709 ], [ 3730957.528999999165535, 4524515.448100000619888 ], [ 3730960.036399997770786, 4524499.767900001257658 ], [ 3730970.452500000596046, 4524463.144600000232458 ], [ 3730971.2522, 4524460.332800000905991 ], [ 3730972.577600002288818, 4524455.672699999064207 ], [ 3730977.296499997377396, 4524439.081300001591444 ], [ 3730994.268899999558926, 4524388.339099999517202 ], [ 3731018.219400003552437, 4524337.555399999022484 ], [ 3731041.227899998426437, 4524297.617600001394749 ], [ 3731066.974600002169609, 4524257.722300000488758 ], [ 3731118.241300001740456, 4524170.743900001049042 ], [ 3731139.728000000119209, 4524128.8662 ], [ 3731171.625100001692772, 4524076.350000001490116 ], [ 3731213.033699996769428, 4524017.729299999773502 ], [ 3731239.995899997651577, 4523969.242199998348951 ], [ 3731269.840800002217293, 4523922.761100001633167 ], [ 3731306.4628000035882, 4523870.240899998694658 ], [ 3731337.849299997091293, 4523831.605999998748302 ], [ 3731358.604599997401237, 4523816.317499998956919 ], [ 3731368.402500003576279, 4523804.600099999457598 ], [ 3731376.31360000371933, 4523791.941199999302626 ], [ 3731379.275700002908707, 4523785.995400000363588 ], [ 3731384.438799999654293, 4523775.631499998271465 ], [ 3731401.544600002467632, 4523740.931699998676777 ], [ 3731417.652300000190735, 4523720.229899998754263 ], [ 3731424.337600000202656, 4523714.873599998652935 ], [ 3731432.152000002563, 4523712.260000001639128 ], [ 3731441.175800003111362, 4523710.889600001275539 ], [ 3731447.371200002729893, 4523710.464600000530481 ], [ 3731451.489900000393391, 4523709.79450000077486 ], [ 3731465.272100001573563, 4523700.060400001704693 ], [ 3731495.447400003671646, 4523669.623500000685453 ], [ 3731544.520000003278255, 4523624.225400000810623 ], [ 3731604.29169999808073, 4523568.276500001549721 ], [ 3731647.0176, 4523535.516600001603365 ], [ 3731690.82940000295639, 4523507.450300000607967 ], [ 3731712.189099997282028, 4523493.034499999135733 ], [ 3731726.3733000010252, 4523479.160100001841784 ], [ 3731742.526799999177456, 4523460.425599999725819 ], [ 3731746.023900002241135, 4523453.567400000989437 ], [ 3731756.7456, 4523442.159000001847744 ], [ 3731757.120700001716614, 4523441.7599 ], [ 3731758.126000002026558, 4523440.690200001001358 ], [ 3731758.129699997603893, 4523440.686200000345707 ], [ 3731769.233199998736382, 4523428.871599998325109 ], [ 3731799.195600003004074, 4523406.997900001704693 ], [ 3731838.004000000655651, 4523379.63569999858737 ], [ 3731892.581000000238419, 4523343.77250000089407 ], [ 3731918.499899998307228, 4523330.933899998664856 ], [ 3731981.6897, 4523307.094900000840425 ], [ 3732073.376000002026558, 4523266.537900000810623 ], [ 3732142.85249999910593, 4523236.746399998664856 ], [ 3732283.889600001275539, 4523145.131900001317263 ], [ 3732375.445100001990795, 4523112.644099999219179 ], [ 3732462.570600003004074, 4523100.830200001597404 ], [ 3732541.453400000929832, 4523105.369899999350309 ], [ 3732667.832400001585484, 4523112.643100000917912 ], [ 3733087.216300003230572, 4523142.175599999725819 ], [ 3733336.77929999679327, 4523170.23200000077486 ], [ 3733590.772399999201298, 4523198.288400001823902 ], [ 3733745.826300002634525, 4523227.083700001239777 ], [ 3734047.505300000309944, 4523043.332299999892712 ], [ 3734151.91889999806881, 4522979.734400000423193 ], [ 3734155.502899996936321, 4522977.754799999296665 ], [ 3734189.0669, 4522959.216400001198053 ], [ 3734278.915200002491474, 4522909.590399999171495 ], [ 3734257.9746999964118, 4522896.901999998837709 ], [ 3734189.066500000655651, 4522855.148699998855591 ], [ 3734104.663800001144409, 4522804.006799999624491 ], [ 3733815.229299999773502, 4522641.57039999961853 ], [ 3733215.686499997973442, 4522321.127900000661612 ], [ 3733165.484999999403954, 4522290.893199998885393 ], [ 3733150.900700002908707, 4522282.109499998390675 ], [ 3733142.7522, 4522277.201900001615286 ], [ 3733085.736299999058247, 4522242.863099999725819 ], [ 3733292.4746999964118, 4522207.421500001102686 ], [ 3733419.471100002527237, 4522179.363699998706579 ], [ 3733549.420699998736382, 4522083.377500001341105 ], [ 3733649.836199998855591, 4522028.739100001752377 ], [ 3733720.718000002205372, 4522028.738800000399351 ], [ 3733877.2483000010252, 4521954.903099998831749 ], [ 3733999.814599998295307, 4521900.264600001275539 ], [ 3734038.208599999547005, 4521820.52250000089407 ], [ 3734051.808200001716614, 4521772.167500000447035 ], [ 3734059.913500003516674, 4521743.348299998790026 ], [ 3734064.788900002837181, 4521726.013300001621246 ], [ 3734060.5493, 4521656.063700001686811 ], [ 3734058.881700001657009, 4521628.550900001078844 ], [ 3734056.905000001192093, 4521621.331799998879433 ], [ 3734042.196400001645088, 4521567.614100001752377 ], [ 3734032.575400002300739, 4521532.476799998432398 ], [ 3734024.917099997401237, 4521504.50789999961853 ], [ 3734157.82039999961853, 4521500.077300000935793 ], [ 3734235.267099998891354, 4521497.21680000051856 ], [ 3734278.914099998772144, 4521495.604699999094009 ], [ 3734361.625399999320507, 4521492.549699999392033 ], [ 3734395.413699999451637, 4521491.30180000141263 ], [ 3734417.720200002193451, 4521490.477899998426437 ], [ 3734432.4868, 4521370.126499999314547 ], [ 3734433.895000003278255, 4521345.246300000697374 ], [ 3734440.536799997091293, 4521227.901599999517202 ], [ 3734441.346500001847744, 4521213.595899999141693 ], [ 3734428.055500000715256, 4521034.914799999445677 ], [ 3734414.764700002968311, 4520913.825100000947714 ], [ 3734428.054300002753735, 4520710.039900001138449 ], [ 3734386.706200003623962, 4520600.763999998569489 ], [ 3734383.542499996721745, 4520590.342399999499321 ], [ 3734361.601999998092651, 4520518.068799998611212 ], [ 3734366.031700000166893, 4520420.606300000101328 ], [ 3734376.42230000346899, 4520414.545099999755621 ], [ 3734441.347499996423721, 4520376.671799998730421 ], [ 3734472.354099996387959, 4520358.584399998188019 ], [ 3734504.348899997770786, 4520348.379000000655651 ], [ 3734558.00280000269413, 4520331.265000000596046 ], [ 3734558.008900001645088, 4520331.261 ], [ 3734642.924999997019768, 4520275.502399999648333 ], [ 3734680.568899996578693, 4520250.784299999475479 ], [ 3734733.997599996626377, 4520225.256999999284744 ], [ 3734793.946699999272823, 4520196.614399999380112 ], [ 3734813.472000002861023, 4520187.285500001162291 ], [ 3735034.977200001478195, 4520072.101799998432398 ], [ 3735093.868600003421307, 4520038.729699999094009 ], [ 3735256.482299998402596, 4519946.581199999898672 ], [ 3735318.003499999642372, 4519918.040199998766184 ], [ 3735542.962200000882149, 4519813.676899999380112 ], [ 3735597.853699997067451, 4519791.720100000500679 ], [ 3735624.180799998342991, 4519781.1891999989748 ], [ 3735625.872100003063679, 4519781.028400000184774 ], [ 3735635.785099998116493, 4519780.086100000888109 ], [ 3735678.5337999984622, 4519776.022700000554323 ], [ 3735736.638099998235703, 4519770.499600000679493 ], [ 3735766.805799998342991, 4519767.631999999284744 ], [ 3735766.821000002324581, 4519767.630699999630451 ], [ 3735767.07320000231266, 4519767.6426 ], [ 3735812.082699999213219, 4519775.538800001144409 ], [ 3735941.283600002527237, 4519798.205200001597404 ], [ 3736182.907600000500679, 4519841.023699998855591 ], [ 3736182.927400000393391, 4519841.026999998837709 ], [ 3736318.075900003314018, 4519862.188099998980761 ], [ 3736354.043099999427795, 4519867.819699998944998 ], [ 3736354.182800002396107, 4519867.831700000911951 ], [ 3736354.198600001633167, 4519867.831900000572205 ], [ 3736354.37219999730587, 4519867.816700000315905 ], [ 3736354.540399998426437, 4519867.771600000560284 ], [ 3736354.698299996554852, 4519867.697999998927116 ], [ 3736354.840999998152256, 4519867.598099999129772 ], [ 3736354.964100003242493, 4519867.474899999797344 ], [ 3736355.064000003039837, 4519867.33219999819994 ], [ 3736355.137699998915195, 4519867.174400001764297 ], [ 3736355.182700000703335, 4519867.006099998950958 ], [ 3736355.197899997234344, 4519866.832600001245737 ], [ 3736355.189800001680851, 4519866.70549999922514 ], [ 3736354.101700000464916, 4519858.156100001186132 ], [ 3736329.777800001204014, 4519667.040100000798702 ], [ 3736329.769799999892712, 4519666.913699999451637 ], [ 3736329.784999996423721, 4519666.7401 ], [ 3736329.8301, 4519666.571699999272823 ], [ 3736329.903800003230572, 4519666.413699999451637 ], [ 3736329.926100000739098, 4519666.376899998635054 ], [ 3736351.029399998486042, 4519633.214499998837709 ], [ 3736351.107100002467632, 4519633.1085 ], [ 3736351.23030000180006, 4519632.985199999064207 ], [ 3736351.318300001323223, 4519632.919300001114607 ], [ 3736431.912100002169609, 4519579.1897 ], [ 3736452.069200001657009, 4519565.751600001007318 ], [ 3736452.086999997496605, 4519565.739999998360872 ], [ 3736572.325099997222424, 4519489.224199999123812 ], [ 3736575.519000001251698, 4519487.191700000315905 ], [ 3736586.424800001084805, 4519480.251600001007318 ], [ 3736586.530599996447563, 4519480.1739999987185 ], [ 3736586.653899997472763, 4519480.050799999386072 ], [ 3736586.753799997270107, 4519479.907999999821186 ], [ 3736586.782300002872944, 4519479.855099998414516 ], [ 3736611.016800001263618, 4519431.386100001633167 ], [ 3736611.060699999332428, 4519431.283700000494719 ], [ 3736611.105800002813339, 4519431.115299999713898 ], [ 3736611.120999999344349, 4519430.941599998623133 ], [ 3736611.1206, 4519430.913600001484156 ], [ 3736608.068899996578693, 4519321.066599998623133 ], [ 3736608.068499997258186, 4519321.038899999111891 ], [ 3736608.068099997937679, 4519217.058499999344349 ], [ 3736612.198100000619888, 4519186.512800000607967 ], [ 3736575.5176, 4519105.510800000280142 ], [ 3736543.202600002288818, 4519034.14919999986887 ], [ 3736500.235200002789497, 4518939.263700000941753 ], [ 3736313.399499997496605, 4518526.6721 ], [ 3736312.195000000298023, 4518524.012200001627207 ], [ 3736228.035599999129772, 4518524.012499999254942 ], [ 3736184.855499997735023, 4518524.012699998915195 ], [ 3736169.694600000977516, 4518524.012699998915195 ], [ 3736162.787699997425079, 4518510.198899999260902 ], [ 3736162.108499996364117, 4518508.840599998831749 ], [ 3736161.147299997508526, 4518506.918200001120567 ], [ 3736154.194499999284744, 4518493.012699998915195 ], [ 3736207.193099997937679, 4518075.011500000953674 ], [ 3736240.681999996304512, 4517995.0559 ], [ 3736247.192900002002716, 4517979.511100001633167 ], [ 3736269.792400002479553, 4517954.437800001353025 ], [ 3736448.1925999969244, 4517756.509799998253584 ], [ 3736633.692400000989437, 4517583.008699998259544 ], [ 3736736.192299999296665, 4517456.508000001311302 ], [ 3736825.692500002682209, 4517444.0077 ], [ 3736984.762199997901917, 4517463.0337999984622 ], [ 3737147.417000003159046, 4517482.488600000739098 ], [ 3737185.590000003576279, 4517487.054400000721216 ], [ 3737289.69370000064373, 4517499.506099998950958 ], [ 3737391.992700003087521, 4517518.790100000798702 ], [ 3737568.194600000977516, 4517552.005300000309944 ], [ 3737585.999300003051758, 4517553.875399999320507 ], [ 3737690.734999999403954, 4517564.8766999989748 ], [ 3737787.38629999756813, 4517575.028799999505281 ], [ 3737806.195299997925758, 4517577.00450000166893 ], [ 3737813.513300001621246, 4517580.347199998795986 ], [ 3737846.249799996614456, 4517595.300799999386072 ], [ 3737846.695500001311302, 4517595.5044 ], [ 3737846.790700003504753, 4517595.620999999344349 ], [ 3737858.9087999984622, 4517610.468299999833107 ], [ 3737890.124499998986721, 4517648.714299999177456 ], [ 3737902.195900000631809, 4517663.5044 ], [ 3738001.196099996566772, 4517654.504000000655651 ], [ 3738051.576899997889996, 4517636.125900000333786 ], [ 3738158.004000000655651, 4517597.302999999374151 ], [ 3738239.696400001645088, 4517567.502900000661612 ], [ 3738341.6963, 4517472.002300001680851 ], [ 3738388.598499998450279, 4517414.0608000010252 ], [ 3738802.69539999961853, 4516902.499200001358986 ], [ 3739060.195000000298023, 4516605.497499998658895 ], [ 3739112.694899998605251, 4516543.49720000103116 ], [ 3739158.946800000965595, 4516375.773400001227856 ], [ 3739162.194399997591972, 4516363.996500000357628 ], [ 3739168.113600000739098, 4516361.050200000405312 ], [ 3739273.694399997591972, 4516308.495999999344349 ], [ 3739440.694399997591972, 4516187.495099999010563 ], [ 3739589.194499999284744, 4516116.49439999833703 ], [ 3739397.193000003695488, 4515812.994300000369549 ], [ 3739416.1919, 4515512.993500001728535 ], [ 3739137.690399996936321, 4515268.99379999935627 ], [ 3739195.631300002336502, 4515187.459600001573563 ], [ 3739200.165899999439716, 4515172.304099999368191 ], [ 3739216.883199997246265, 4515128.656300000846386 ], [ 3739217.226499997079372, 4515128.080400001257658 ], [ 3739199.689599998295307, 4515024.493000000715256 ], [ 3739225.625500001013279, 4514974.102899998426437 ], [ 3739240.168200001120567, 4514945.848200000822544 ], [ 3739248.420299999415874, 4514929.815400000661612 ], [ 3739252.189400002360344, 4514922.492499999701977 ], [ 3739241.448399998247623, 4514838.645599998533726 ], [ 3739236.688900001347065, 4514801.4923 ], [ 3739313.688900001347065, 4514739.991900000721216 ], [ 3739341.688900001347065, 4514717.991700001060963 ], [ 3739366.688699997961521, 4514652.991500001400709 ], [ 3739378.688500002026558, 4514566.4912 ], [ 3739431.688400000333786, 4514504.490800000727177 ], [ 3739515.188400000333786, 4514448.99040000140667 ], [ 3739582.188299998641014, 4514385.489999998360872 ], [ 3739627.188299998641014, 4514345.489700000733137 ], [ 3739695.188400000333786, 4514320.489399999380112 ], [ 3739749.188400000333786, 4514304.989199999719858 ], [ 3739801.68860000371933, 4514301.989 ], [ 3739854.188699997961521, 4514295.988800000399351 ], [ 3739910.188699997961521, 4514277.488499999046326 ], [ 3739984.188799999654293, 4514233.988200001418591 ], [ 3740027.688799999654293, 4514202.9879 ], [ 3740129.688799999654293, 4514148.987399999052286 ], [ 3740134.6554000005126, 4514157.937600001692772 ], [ 3740162.366300001740456, 4514207.874400001019239 ], [ 3740169.332500003278255, 4514204.923799999058247 ], [ 3740182.28830000013113, 4514199.436299998313189 ], [ 3740182.708800002932549, 4514200.792300000786781 ], [ 3740190.792199999094009, 4514220.305100001394749 ], [ 3740207.997400000691414, 4514262.27309999987483 ], [ 3740225.077399998903275, 4514298.428800001740456 ], [ 3740234.176899999380112, 4514319.792399998754263 ], [ 3740244.702299997210503, 4514343.679900001734495 ], [ 3740258.379199996590614, 4514376.570700000971556 ], [ 3740271.716499999165535, 4514398.332299999892712 ], [ 3740274.842699997127056, 4514406.932900000363588 ], [ 3740282.401100002229214, 4514425.078000001609325 ], [ 3740304.736299999058247, 4514463.000199999660254 ], [ 3740318.964400000870228, 4514499.216400001198053 ], [ 3740321.579599998891354, 4514511.163600001484156 ], [ 3740321.9846, 4514521.689899999648333 ], [ 3740322.410700000822544, 4514527.060899998992682 ], [ 3740322.7871999964118, 4514531.807199999690056 ], [ 3740334.507500000298023, 4514551.445799998939037 ], [ 3740341.793700002133846, 4514562.820099998265505 ], [ 3740349.251500003039837, 4514574.462400000542402 ], [ 3740361.545900002121925, 4514592.907699998468161 ], [ 3740364.445699997246265, 4514600.227600000798702 ], [ 3740369.906499996781349, 4514616.553800001740456 ], [ 3740373.190600000321865, 4514637.442299999296665 ], [ 3740375.767700001597404, 4514652.747499998658895 ], [ 3740376.273100003600121, 4514677.138799998909235 ], [ 3740375.841899998486042, 4514685.1184 ], [ 3740369.776299998164177, 4514691.444600000977516 ], [ 3740360.138300001621246, 4514691.64809999987483 ], [ 3740358.51410000026226, 4514693.945000000298023 ], [ 3740357.011, 4514707.064599998295307 ], [ 3740357.564099997282028, 4514733.7179000005126 ], [ 3740357.593400001525879, 4514735.16440000012517 ], [ 3740380.806199997663498, 4514742.337699998170137 ], [ 3740403.105999998748302, 4514742.4189000017941 ], [ 3740428.194899998605251, 4514747.024599999189377 ], [ 3740444.666799999773502, 4514748.949999999254942 ], [ 3740481.25620000064373, 4514762.365600001066923 ], [ 3740497.237199999392033, 4514768.926300000399351 ], [ 3740538.458700001239777, 4514787.360800001770258 ], [ 3740622.139899998903275, 4514831.593899998813868 ], [ 3740625.60530000180006, 4514833.624800000339746 ], [ 3740668.774700000882149, 4514854.242899999022484 ], [ 3740711.988300003111362, 4514870.087400000542402 ], [ 3740740.317900002002716, 4514878.850000001490116 ], [ 3740769.831500001251698, 4514892.803599998354912 ], [ 3740790.141400001943111, 4514913.637299999594688 ], [ 3740827.982500001788139, 4514944.741799999028444 ], [ 3740850.36259999871254, 4514970.695500001311302 ], [ 3740854.500900000333786, 4514975.494600001722574 ], [ 3740864.002899996936321, 4514983.269099999219179 ], [ 3740887.103799998760223, 4515010.639400001615286 ], [ 3740892.843599997460842, 4515017.142499998211861 ], [ 3740902.118900001049042, 4515027.651099998503923 ], [ 3740916.598700001835823, 4515056.583599999547005 ], [ 3740951.04900000244379, 4515052.521299999207258 ], [ 3740988.701300002634525, 4515041.120799999684095 ], [ 3740997.909400001168251, 4515038.955299999564886 ], [ 3741007.298600003123283, 4515040.729800000786781 ], [ 3741008.712899997830391, 4515047.299800001084805 ], [ 3741027.141500003635883, 4515067.585700001567602 ], [ 3741042.766400001943111, 4515085.863400001078844 ], [ 3741056.195600003004074, 4515092.866599999368191 ], [ 3741080.419100001454353, 4515079.079100001603365 ], [ 3741104.7246999964118, 4515064.609400000423193 ], [ 3741125.050700001418591, 4515052.871800001710653 ], [ 3741134.36429999768734, 4515051.401000000536442 ], [ 3741139.757299996912479, 4515055.219200000166893 ], [ 3741145.973300002515316, 4515070.443399999290705 ], [ 3741158.100599996745586, 4515076.098999999463558 ], [ 3741173.22580000013113, 4515069.886599998921156 ], [ 3741200.793099999427795, 4515056.029500000178814 ], [ 3741229.183799996972084, 4515044.129000000655651 ], [ 3741244.382700003683567, 4515037.01799999922514 ], [ 3741247.232699997723103, 4515046.111600000411272 ], [ 3741250.510799996554852, 4515051.332100000232458 ], [ 3741264.865500003099442, 4515055.30519999936223 ], [ 3741277.053199999034405, 4515058.67850000038743 ], [ 3741287.195000000298023, 4515061.485599998384714 ], [ 3741297.102600000798702, 4515067.019600000232458 ], [ 3741327.958999998867512, 4515071.6081000007689 ], [ 3741349.67119999974966, 4515074.404399998486042 ], [ 3741376.33219999819994, 4515078.683499999344349 ], [ 3741403.980800002813339, 4515078.701900001615286 ], [ 3741441.36259999871254, 4515077.922400001436472 ], [ 3741452.70889999717474, 4515078.106300000101328 ], [ 3741494.195600003004074, 4515076.984900001436472 ], [ 3741554.695699997246265, 4515075.484700001776218 ], [ 3741658.195900000631809, 4515064.484299998730421 ], [ 3741715.696000002324581, 4515052.484099999070168 ], [ 3741740.218800000846386, 4515051.13230000063777 ], [ 3741740.8091000020504, 4515051.099800001829863 ], [ 3741779.196199998259544, 4515048.983800001442432 ], [ 3741812.373599998652935, 4515051.3706 ], [ 3741848.696400001645088, 4515053.983600001782179 ], [ 3741884.69650000333786, 4515052.4835 ], [ 3741938.696599997580051, 4515048.983300000429153 ], [ 3741954.95160000026226, 4515046.017799999564886 ], [ 3742012.696699999272823, 4515035.482999999076128 ], [ 3742057.696800000965595, 4515036.982799999415874 ], [ 3742064.559399999678135, 4515044.377700001001358 ], [ 3742163.510499998927116, 4515151.005300000309944 ], [ 3742165.867799997329712, 4515149.968199998140335 ], [ 3742185.36710000038147, 4515141.38910000026226 ], [ 3742226.405100002884865, 4515122.3277000002563 ], [ 3742266.474299997091293, 4515104.17960000038147 ], [ 3742319.152699999511242, 4515077.110500000417233 ], [ 3742354.683600001037121, 4515058.172600001096725 ], [ 3742382.146200001239777, 4515044.417599998414516 ], [ 3742394.050499998033047, 4515039.86939999833703 ], [ 3742413.697700001299381, 4515028.981499999761581 ], [ 3742575.697800002992153, 4514937.980700001120567 ], [ 3742589.042099997401237, 4514951.524099998176098 ], [ 3742674.325400002300739, 4515038.079700000584126 ], [ 3742676.198399998247623, 4515039.980599999427795 ], [ 3742679.085600003600121, 4515038.396200001239777 ], [ 3742681.59910000115633, 4515037.016800001263618 ], [ 3742758.198399998247623, 4514994.980200000107288 ], [ 3742766.009999997913837, 4515005.947799999266863 ], [ 3742789.587200000882149, 4515039.050900001078844 ], [ 3742807.69879999756813, 4515064.480200000107288 ], [ 3742812.426399998366833, 4515062.594700001180172 ], [ 3742883.2654, 4515034.341899998486042 ], [ 3742978.199000000953674, 4514996.479400001466274 ], [ 3742989.404799997806549, 4515007.052000001072884 ], [ 3743035.701300002634525, 4515050.732599999755621 ], [ 3743066.699500001966953, 4515079.979299999773502 ], [ 3743070.332800000905991, 4515079.357200000435114 ], [ 3743195.199799999594688, 4515057.978799998760223 ], [ 3743305.200000002980232, 4515040.978399999439716 ], [ 3743384.80179999768734, 4515034.964999999850988 ], [ 3743444.200300000607967, 4515030.477800000458956 ], [ 3743422.734399996697903, 4515007.802799999713898 ], [ 3743412.354299999773502, 4514996.837999999523163 ], [ 3743408.700099997222424, 4514992.977899998426437 ], [ 3743386.810599997639656, 4514979.692499998956919 ], [ 3743322.199699997901917, 4514940.478000000119209 ], [ 3743302.210299998521805, 4514926.58839999884367 ], [ 3743221.69820000231266, 4514870.644799999892712 ], [ 3743186.199000000953674, 4514845.978300001472235 ], [ 3743079.588799998164177, 4514755.704199999570847 ], [ 3743062.198299996554852, 4514740.978500001132488 ], [ 3743057.102200001478195, 4514741.684099998325109 ], [ 3742999.443199999630451, 4514749.66780000180006 ], [ 3742997.19820000231266, 4514749.978700000792742 ], [ 3742987.507200002670288, 4514737.158399999141693 ], [ 3742981.059900000691414, 4514728.629200000315905 ], [ 3742949.197800002992153, 4514686.478700000792742 ], [ 3742892.197300001978874, 4514579.978700000792742 ], [ 3742795.1963, 4514383.978500001132488 ], [ 3742793.696099996566772, 4514322.478399999439716 ], [ 3742811.230200000107288, 4514284.386700000613928 ], [ 3742837.195900000631809, 4514227.978000000119209 ], [ 3742883.195799998939037, 4514170.477600000798702 ], [ 3742903.695799998939037, 4514142.97749999910593 ], [ 3742906.685900002717972, 4514127.385600000619888 ], [ 3742916.121299996972084, 4514078.186000000685453 ], [ 3742917.695500001311302, 4514069.977299999445677 ], [ 3742920.695299997925758, 4514004.977099999785423 ], [ 3742917.571699999272823, 4513981.692699998617172 ], [ 3742909.695000000298023, 4513922.97690000012517 ], [ 3742880.194700002670288, 4513864.47690000012517 ], [ 3742873.798299998044968, 4513830.439500000327826 ], [ 3742866.194399997591972, 4513789.976700000464916 ], [ 3742863.224200002849102, 4513752.356300000101328 ], [ 3742861.694200001657009, 4513732.976599998772144 ], [ 3742809.193800002336502, 4513649.976599998772144 ], [ 3742770.693499997258186, 4513606.476599998772144 ], [ 3742741.193300001323223, 4513572.476599998772144 ], [ 3742663.692699998617172, 4513460.976599998772144 ], [ 3742693.192500002682209, 4513389.976300001144409 ], [ 3742750.192299999296665, 4513289.475900001823902 ], [ 3742860.19200000166893, 4513130.975099999457598 ], [ 3742882.990299999713898, 4513104.485500000417233 ], [ 3742908.198100000619888, 4513075.196199998259544 ], [ 3742965.1919, 4513008.974399998784065 ], [ 3743053.191799998283386, 4512923.973900001496077 ], [ 3743144.691699996590614, 4512824.973299998790026 ], [ 3743217.191299997270107, 4512685.472699999809265 ], [ 3743265.191299997270107, 4512629.97239999845624 ], [ 3743322.691100001335144, 4512555.471999999135733 ], [ 3743370.1908999979496, 4512442.471500001847744 ], [ 3743392.190600000321865, 4512351.471200000494719 ], [ 3743398.19030000269413, 4512268.471000000834465 ], [ 3743413.690099999308586, 4512197.47069999948144 ], [ 3743455.189900003373623, 4512124.470400001853704 ], [ 3743486.734200000762939, 4512070.1435999982059 ], [ 3743491.189800001680851, 4512062.470100000500679 ], [ 3743484.689599998295307, 4512012.969999998807907 ], [ 3743469.209399998188019, 4511955.761300001293421 ], [ 3743461.6891999989748, 4511927.969900000840425 ], [ 3743494.081299997866154, 4511872.6537000015378 ], [ 3743494.189099997282028, 4511872.4695999994874 ], [ 3743494.188900001347065, 4511813.469500001519918 ], [ 3743494.188799999654293, 4511782.934599999338388 ], [ 3743494.188699997961521, 4511742.469300001859665 ], [ 3743504.68860000371933, 4511707.469099998474121 ], [ 3743542.188500002026558, 4511654.968899998813868 ], [ 3743543.211000002920628, 4511653.40089999884367 ], [ 3743557.188400000333786, 4511631.968800000846386 ], [ 3743537.188299998641014, 4511603.968800000846386 ], [ 3743330.186700001358986, 4511319.468800000846386 ], [ 3743284.468900002539158, 4511241.095899999141693 ], [ 3743277.686300002038479, 4511229.468699999153614 ], [ 3743138.1858000010252, 4511203.469200000166893 ], [ 3742943.1853, 4511195.469799999147654 ], [ 3742832.185000002384186, 4511187.970199998468161 ], [ 3742731.68469999730587, 4511161.470499999821186 ], [ 3742697.842100001871586, 4511140.113699998706579 ], [ 3742680.184399999678135, 4511128.970600001513958 ], [ 3742650.184199996292591, 4511076.970600001513958 ], [ 3742645.535899996757507, 4511042.980700001120567 ], [ 3742642.183899998664856, 4511018.470499999821186 ], [ 3742656.183700002729893, 4510949.970199998468161 ], [ 3742659.867299996316433, 4510932.027300000190735 ], [ 3742671.683499999344349, 4510874.469999998807907 ], [ 3742659.1831, 4510776.969799999147654 ], [ 3742650.069399997591972, 4510728.07209999859333 ], [ 3742633.182599999010563, 4510637.469500001519918 ], [ 3742617.415500000119209, 4510557.918800000101328 ], [ 3742615.883100003004074, 4510550.187600001692772 ], [ 3742612.658600002527237, 4510533.9189000017941 ], [ 3742611.182099997997284, 4510526.469300001859665 ], [ 3742613.181900002062321, 4510467.969200000166893 ], [ 3742628.181599996984005, 4510367.468899998813868 ], [ 3742651.681400001049042, 4510311.968600001186132 ], [ 3742645.681100003421307, 4510231.468400001525879 ], [ 3742642.569799996912479, 4510221.501600001007318 ], [ 3742616.180699996650219, 4510136.968299999833107 ], [ 3742573.706200003623962, 4510038.838500000536442 ], [ 3742572.680299997329712, 4510036.468199998140335 ], [ 3742571.872000001370907, 4510036.117199998348951 ], [ 3742523.180100001394749, 4510014.968299999833107 ], [ 3742481.814599998295307, 4510000.061999998986721 ], [ 3742467.679799996316433, 4509994.968499999493361 ], [ 3742439.67960000038147, 4509943.468400001525879 ], [ 3742414.179099999368191, 4509822.968199998140335 ], [ 3742377.69990000128746, 4509720.546999998390675 ], [ 3742349.178300000727177, 4509640.467999998480082 ], [ 3742341.178000003099442, 4509574.9679000005126 ], [ 3742336.82599999755621, 4509519.171100001782179 ], [ 3742327.177400000393391, 4509395.467399999499321 ], [ 3742305.176299996674061, 4509122.96680000051856 ], [ 3742289.013700000941753, 4509032.545400001108646 ], [ 3742286.675899997353554, 4509019.466600000858307 ], [ 3742257.674900002777576, 4508763.466099999845028 ], [ 3742245.174099996685982, 4508549.965599998831749 ], [ 3742239.173199996352196, 4508289.964899998158216 ], [ 3742236.307599999010563, 4508281.112500000745058 ], [ 3742211.172799997031689, 4508203.464800000190735 ], [ 3742075.171099998056889, 4507829.964299999177456 ], [ 3742019.214400000870228, 4507690.800599999725819 ], [ 3741998.170199997723103, 4507638.464099999517202 ], [ 3741982.893500000238419, 4507577.169300001114607 ], [ 3741957.669600002467632, 4507475.963799998164177 ], [ 3741903.66889999806881, 4507317.963599998503923 ], [ 3741871.168399997055531, 4507220.463500000536442 ], [ 3741872.606200002133846, 4507218.9543999992311 ], [ 3741931.668399997055531, 4507156.963100001215935 ], [ 3742092.168200001120567, 4507005.962200000882149 ], [ 3742206.227899998426437, 4506882.578400000929832 ], [ 3742367.355800002813339, 4506708.278799999505281 ], [ 3742379.66780000180006, 4506694.960299998521805 ], [ 3742571.667499996721745, 4506454.958999998867512 ], [ 3742664.16780000180006, 4506489.458799999207258 ], [ 3742698.16780000180006, 4506466.458599999547005 ], [ 3742790.667599998414516, 4506348.958000000566244 ], [ 3742880.667700000107288, 4506289.957499999552965 ], [ 3742935.128600001335144, 4506269.044300001114607 ], [ 3743005.66780000180006, 4506241.956900000572205 ], [ 3743124.214900001883507, 4506193.522799998521805 ], [ 3743134.167900003492832, 4506189.456300001591444 ], [ 3743145.876500003039837, 4506181.570900000631809 ], [ 3743224.304899998009205, 4506128.751400001347065 ], [ 3743232.167900003492832, 4506123.455800000578165 ], [ 3743278.167900003492832, 4506086.455600000917912 ], [ 3743349.667900003492832, 4506028.955200001597404 ], [ 3743375.61879999935627, 4506002.229400001466274 ], [ 3743450.16780000180006, 4505925.454500000923872 ], [ 3743572.667599998414516, 4505776.953699998557568 ], [ 3743643.667400002479553, 4505678.453200001269579 ], [ 3743703.667300000786781, 4505621.4529 ], [ 3743828.167300000786781, 4505530.952199999243021 ], [ 3743888.167300000786781, 4505477.9518 ], [ 3743954.167199999094009, 4505414.951400000602007 ], [ 3744037.991599999368191, 4505353.604600001126528 ], [ 3744043.667199999094009, 4505349.450899999588728 ], [ 3744055.512999996542931, 4505341.681099999696016 ], [ 3744090.167199999094009, 4505318.9507 ], [ 3744102.387000001966953, 4505303.293999999761581 ], [ 3744122.167199999094009, 4505277.950500000268221 ], [ 3744140.76410000026226, 4505231.427299998700619 ], [ 3744151.025100000202656, 4505205.80180000141263 ], [ 3744152.167000003159046, 4505202.950199998915195 ], [ 3744151.76349999755621, 4505197.866399999707937 ], [ 3744147.16669999808073, 4505139.949999999254942 ], [ 3744153.809199996292591, 4505137.927700001746416 ], [ 3744356.261699996888638, 4505076.290300000458956 ], [ 3744360.667000003159046, 4505074.949099998921156 ], [ 3744356.905299998819828, 4505048.39640000090003 ], [ 3744352.166799999773502, 4505014.949000000953674 ], [ 3744347.544699996709824, 4505002.977000001817942 ], [ 3744321.666500002145767, 4504935.948899999260902 ], [ 3744307.166299998760223, 4504907.948899999260902 ], [ 3744295.16610000282526, 4504852.948800001293421 ], [ 3744282.165799997746944, 4504793.448699999600649 ], [ 3744274.665700003504753, 4504752.448600001633167 ], [ 3744266.165399998426437, 4504692.9485 ], [ 3744253.665100000798702, 4504609.948300000280142 ], [ 3744248.16499999910593, 4504582.44819999858737 ], [ 3744245.664800003170967, 4504532.448100000619888 ], [ 3744247.664499998092651, 4504436.447900000959635 ], [ 3744262.664300002157688, 4504363.947599999606609 ], [ 3744270.663999997079372, 4504276.9474 ], [ 3744272.663699999451637, 4504190.447200000286102 ], [ 3744267.663400001823902, 4504113.947000000625849 ], [ 3744260.663099996745586, 4504027.446800000965595 ], [ 3744263.538999997079372, 4504014.270599998533726 ], [ 3744282.162799999117851, 4503928.946400001645088 ], [ 3744285.662500001490116, 4503862.9463 ], [ 3744295.061499997973442, 4503806.05689999833703 ], [ 3744295.162399999797344, 4503805.446100000292063 ], [ 3744295.462899997830391, 4503797.081399999558926 ], [ 3744298.1621999964118, 4503721.945999998599291 ], [ 3744300.92790000140667, 4503712.491099998354912 ], [ 3744319.662000000476837, 4503648.445700000971556 ], [ 3744305.075099997222424, 4503614.795200001448393 ], [ 3744275.8766999989748, 4503547.437100000679493 ], [ 3744269.161399997770786, 4503531.945599999278784 ], [ 3744272.799500003457069, 4503521.48589999973774 ], [ 3744281.161300003528595, 4503497.44539999961853 ], [ 3744272.161100000143051, 4503453.44539999961853 ], [ 3744266.507100000977516, 4503431.1831 ], [ 3744256.160899996757507, 4503390.445300001651049 ], [ 3744242.660700000822544, 4503341.4452 ], [ 3744214.407799996435642, 4503308.225000001490116 ], [ 3744197.160400003194809, 4503287.9452 ], [ 3744164.160099998116493, 4503241.9452 ], [ 3744163.89750000089407, 4503241.713700000196695 ], [ 3744134.65990000218153, 4503215.9452 ], [ 3744122.012599997222424, 4503195.546399999409914 ], [ 3744089.911200001835823, 4503143.770399998873472 ], [ 3744088.159599997103214, 4503140.9452 ], [ 3744044.159299999475479, 4503092.9452 ], [ 3744024.352899998426437, 4503076.34569999948144 ], [ 3743991.659000001847744, 4503048.945300001651049 ], [ 3743954.1587999984622, 4503035.94539999961853 ], [ 3743947.6587999984622, 4503035.44539999961853 ], [ 3743908.158600002527237, 4502989.945500001311302 ], [ 3743847.65820000320673, 4502934.945500001311302 ], [ 3743761.657799996435642, 4502887.945700000971556 ], [ 3743681.203699998557568, 4502880.262200001627207 ], [ 3743672.657600000500679, 4502879.445999998599291 ], [ 3743668.5471, 4502879.982900001108646 ], [ 3743663.905199997127056, 4502880.589200001209974 ], [ 3743602.772799998521805, 4502888.574099998921156 ], [ 3743550.157300002872944, 4502895.44649999961257 ], [ 3743503.6570999994874, 4502873.946600001305342 ], [ 3743378.941399998962879, 4502830.179000001400709 ], [ 3743371.156599998474121, 4502827.447000000625849 ], [ 3743356.656599998474121, 4502819.447000000625849 ], [ 3743334.156499996781349, 4502811.44709999859333 ], [ 3743212.156099997460842, 4502779.4474 ], [ 3743088.655699998140335, 4502757.447799999266863 ], [ 3743074.718900002539158, 4502748.645700000226498 ], [ 3743031.6554000005126, 4502721.447900000959635 ], [ 3743024.571000002324581, 4502718.189100001007318 ], [ 3743002.137699998915195, 4502707.869899999350309 ], [ 3742999.395900003612041, 4502706.60869999974966 ], [ 3742981.655199997127056, 4502698.447999998927116 ], [ 3742961.313100002706051, 4502713.469999998807907 ], [ 3742949.155199997127056, 4502722.44819999858737 ], [ 3742885.154799997806549, 4502664.948300000280142 ], [ 3742858.07769999653101, 4502636.9923 ], [ 3742808.15429999679327, 4502585.448300000280142 ], [ 3742745.153999999165535, 4502540.9485 ], [ 3742638.153599999845028, 4502498.948699999600649 ], [ 3742459.652999997138977, 4502462.949299998581409 ], [ 3742398.970100000500679, 4502456.88120000064373 ], [ 3742359.652699999511242, 4502452.9496 ], [ 3742346.410300001502037, 4502456.775299999862909 ], [ 3742292.15259999781847, 4502472.44990000128746 ], [ 3742192.652400001883507, 4502464.950199998915195 ], [ 3742187.189999997615814, 4502465.799100000411272 ], [ 3742118.652199998497963, 4502476.450500000268221 ], [ 3742079.394500002264977, 4502446.892000000923872 ], [ 3742076.152000002563, 4502444.450599998235703 ], [ 3742030.651799999177456, 4502410.9507 ], [ 3742024.37610000371933, 4502412.385200001299381 ], [ 3741978.151699997484684, 4502422.950899999588728 ], [ 3741956.151600003242493, 4502418.4510000012815 ], [ 3741897.084399998188019, 4502391.288899999111891 ], [ 3741887.651299998164177, 4502386.951099999248981 ], [ 3741818.651100002229214, 4502378.451299998909235 ], [ 3741772.151100002229214, 4502405.95160000026226 ], [ 3741753.653399996459484, 4502400.27250000089407 ], [ 3741715.15089999884367, 4502388.451699998229742 ], [ 3741639.650700002908707, 4502380.451999999582767 ], [ 3741536.884300000965595, 4502365.824999999254942 ], [ 3741520.369300000369549, 4502363.474399998784065 ], [ 3741502.779200002551079, 4502360.970800001174212 ], [ 3741502.650200001895428, 4502360.952399998903275 ], [ 3741492.825099997222424, 4502346.448699999600649 ], [ 3741492.289399996399879, 4502346.418400000780821 ], [ 3741482.029200002551079, 4502331.096400000154972 ], [ 3741456.139399997889996, 4502272.05350000038743 ], [ 3741423.729500003159046, 4502209.816300000995398 ], [ 3741393.190800003707409, 4502145.046599999070168 ], [ 3741343.093400001525879, 4502032.309500001370907 ], [ 3741268.107799999415874, 4501873.778099998831749 ], [ 3741230.652900002896786, 4501795.495200000703335 ], [ 3741212.890100002288818, 4501743.029800001531839 ], [ 3741212.668799996376038, 4501742.737799998372793 ], [ 3741179.194700002670288, 4501698.55799999833107 ], [ 3741124.8800999969244, 4501655.370400000363588 ], [ 3741054.53999999910593, 4501592.129799999296665 ], [ 3741023.679200001060963, 4501557.39130000025034 ], [ 3740951.412100002169609, 4501482.414000000804663 ], [ 3740889.331500001251698, 4501416.395399998873472 ], [ 3740833.80799999833107, 4501367.348799999803305 ], [ 3740758.895000003278255, 4501300.346700001507998 ], [ 3740737.713899999856949, 4501278.261 ], [ 3740706.093599997460842, 4501245.290100000798702 ], [ 3740654.142899997532368, 4501186.756099998950958 ], [ 3740590.797600001096725, 4501100.6096 ], [ 3740544.592000000178814, 4501050.712900001555681 ], [ 3740494.584399998188019, 4500989.999899998307228 ], [ 3740494.651199996471405, 4500989.910300001502037 ], [ 3740492.07880000025034, 4500986.787300001829863 ], [ 3740450.957000002264977, 4500941.124200001358986 ], [ 3740367.69370000064373, 4500836.058299999684095 ], [ 3740329.576800003647804, 4500791.75620000064373 ], [ 3740311.850299999117851, 4500778.657900001853704 ], [ 3740258.60419999808073, 4500748.096099998801947 ], [ 3740258.008500002324581, 4500747.754200000315905 ], [ 3740190.522200003266335, 4500707.532299999147654 ], [ 3740081.554200001060963, 4500637.900299999862909 ], [ 3740023.385399997234344, 4500596.828400000929832 ], [ 3740023.933799996972084, 4500596.021000001579523 ], [ 3740036.427199997007847, 4500577.627700001001358 ], [ 3740088.517800003290176, 4500511.654399998486042 ], [ 3740130.742200002074242, 4500457.870400000363588 ], [ 3740150.153800003230572, 4500425.138399999588728 ], [ 3740155.107100002467632, 4500400.343100000172853 ], [ 3740155.757100000977516, 4500383.42509999871254 ], [ 3740156.58389999717474, 4500361.902499999850988 ], [ 3740164.582400001585484, 4500301.066799998283386 ], [ 3740169.971400000154972, 4500261.983899999409914 ], [ 3740178.312100000679493, 4500171.609200000762939 ], [ 3740175.310900002717972, 4500119.069600000977516 ], [ 3740165.866999998688698, 4500039.711899999529123 ], [ 3740139.168399997055531, 4499959.540399998426437 ], [ 3740114.000600002706051, 4499880.786499999463558 ], [ 3740096.670299999415874, 4499831.358399998396635 ], [ 3740080.291799999773502, 4499784.644999999552965 ], [ 3740036.36150000244379, 4499652.972800001502037 ], [ 3740017.062399998307228, 4499620.328600000590086 ], [ 3740015.310699999332428, 4499617.365600001066923 ], [ 3740015.292099997401237, 4499617.569699998944998 ], [ 3740015.174500003457069, 4499617.370900001376867 ], [ 3739988.759300000965595, 4499544.5702 ], [ 3739947.7588, 4499412.293699998408556 ], [ 3739943.388899996876717, 4499389.045899998396635 ], [ 3739941.560000002384186, 4499379.612700000405312 ], [ 3739928.635399997234344, 4499312.950199998915195 ], [ 3739921.135099999606609, 4499260.950100000947714 ], [ 3739915.73870000243187, 4499242.824000000953674 ], [ 3739901.634900003671646, 4499195.449999999254942 ], [ 3739876.221199996769428, 4499113.728799998760223 ], [ 3739876.134499996900558, 4499113.44990000128746 ], [ 3739874.750200003385544, 4499099.608600001782179 ], [ 3739873.251299999654293, 4499084.619100000709295 ], [ 3739871.521099999547005, 4499067.317600000649691 ], [ 3739870.234999999403954, 4499054.456599999219179 ], [ 3739870.134300000965595, 4499053.449700001627207 ], [ 3739886.634199999272823, 4499011.4496 ], [ 3739912.13400000333786, 4498956.449299998581409 ], [ 3739950.13400000333786, 4498912.449099998921156 ], [ 3740006.133900001645088, 4498862.448800001293421 ], [ 3740064.133900001645088, 4498814.948399998247623 ], [ 3740135.133900001645088, 4498769.448100000619888 ], [ 3740199.633900001645088, 4498724.447700001299381 ], [ 3740261.310199998319149, 4498689.132800001651049 ], [ 3740261.63400000333786, 4498688.9474 ], [ 3740275.191600002348423, 4498631.264699999243021 ], [ 3740289.133500002324581, 4498571.946899998933077 ], [ 3740292.044100001454353, 4498545.265999998897314 ], [ 3740292.133500002324581, 4498544.446899998933077 ], [ 3740284.815200001001358, 4498515.1739999987185 ], [ 3740278.287799999117851, 4498489.064800001680851 ], [ 3740278.133299998939037, 4498488.446800000965595 ], [ 3740196.13289999961853, 4498443.447000000625849 ], [ 3740146.3904, 4498433.001200001686811 ], [ 3740146.132799997925758, 4498432.94709999859333 ], [ 3740134.132500000298023, 4498370.947000000625849 ], [ 3740170.632399998605251, 4498311.946699999272823 ], [ 3740195.132299996912479, 4498269.44649999961257 ], [ 3740220.132200002670288, 4498231.446400001645088 ], [ 3740230.132200002670288, 4498214.9463 ], [ 3740248.632100000977516, 4498186.946100000292063 ], [ 3740291.131899997591972, 4498096.445799998939037 ], [ 3740332.631700001657009, 4498011.94539999961853 ], [ 3740365.131499998271465, 4497920.445000000298023 ], [ 3740385.131300002336502, 4497856.94480000063777 ], [ 3740409.631099998950958, 4497781.944499999284744 ], [ 3740416.3445999994874, 4497757.187800001353025 ], [ 3740416.593099996447563, 4497756.271600000560284 ], [ 3740421.026699997484684, 4497739.922600001096725 ], [ 3740425.630900003015995, 4497722.944299999624491 ], [ 3740429.693899996578693, 4497710.924600001424551 ], [ 3740444.354299999773502, 4497667.553599998354912 ], [ 3740461.630599997937679, 4497616.443900000303984 ], [ 3740486.630500003695488, 4497565.44370000064373 ], [ 3740520.630500003695488, 4497536.443500000983477 ], [ 3740544.130500003695488, 4497505.943300001323223 ], [ 3740618.130500003695488, 4497456.442899998277426 ], [ 3740698.630400002002716, 4497386.442499998956919 ], [ 3740741.130400002002716, 4497350.442200001329184 ], [ 3740847.630400002002716, 4497270.941599998623133 ], [ 3740907.630400002002716, 4497220.441300000995398 ], [ 3740966.630300000309944, 4497174.440999999642372 ], [ 3741022.630300000309944, 4497131.440600000321865 ], [ 3741082.630300000309944, 4497091.94029999896884 ], [ 3741153.630300000309944, 4497025.939899999648333 ], [ 3741221.630199998617172, 4496966.939500000327826 ], [ 3741299.130199998617172, 4496906.439100001007318 ], [ 3741367.630199998617172, 4496836.4386 ], [ 3741386.630000002682209, 4496782.938400000333786 ], [ 3741419.129900000989437, 4496723.438200000673532 ], [ 3741463.629900000989437, 4496687.937899999320507 ], [ 3741474.964400000870228, 4496685.276000000536442 ], [ 3741529.630000002682209, 4496672.437600001692772 ], [ 3741536.615599997341633, 4496668.653799999505281 ], [ 3741685.6300999969244, 4496587.936900001019239 ], [ 3741829.630199998617172, 4496512.436200000345707 ], [ 3741842.6300999969244, 4496489.936099998652935 ], [ 3741916.630199998617172, 4496445.435699999332428 ], [ 3741994.6300999969244, 4496370.935199998319149 ], [ 3742087.321599997580051, 4496294.504799999296665 ], [ 3742108.630000002682209, 4496276.934599999338388 ], [ 3742130.629900000989437, 4496224.934300001710653 ], [ 3742149.129699997603893, 4496141.934099998325109 ], [ 3742204.1294, 4496024.933600001037121 ], [ 3742235.129199996590614, 4495939.433200001716614 ], [ 3742239.396899998188019, 4495933.593199998140335 ], [ 3742282.629000000655651, 4495874.432900000363588 ], [ 3742315.186200000345707, 4495809.31810000166297 ], [ 3742317.628899998962879, 4495804.432599999010563 ], [ 3742347.628799997270107, 4495751.932300001382828 ], [ 3742391.628700003027916, 4495707.932100001722574 ], [ 3742432.628700003027916, 4495665.431800000369549 ], [ 3742464.628600001335144, 4495617.931600000709295 ], [ 3742516.663000002503395, 4495569.171700000762939 ], [ 3742536.128499999642372, 4495550.931099999696016 ], [ 3742547.460299998521805, 4495544.132100000977516 ], [ 3742583.628600001335144, 4495522.4309 ], [ 3742638.628499999642372, 4495479.930599998682737 ], [ 3742666.128600001335144, 4495464.930500000715256 ], [ 3742705.628600001335144, 4495452.430300001055002 ], [ 3742748.512699998915195, 4495442.9441 ], [ 3742748.612700000405312, 4495442.9221 ], [ 3742814.128799997270107, 4495428.4298 ], [ 3742918.128799997270107, 4495365.429299999028444 ], [ 3742983.128899998962879, 4495320.929000001400709 ], [ 3743030.128700003027916, 4495245.928599998354912 ], [ 3743063.628600001335144, 4495191.428300000727177 ], [ 3743089.628300003707409, 4495102.927999999374151 ], [ 3743153.128100000321865, 4494987.927499998360872 ], [ 3743155.559900000691414, 4494981.224700000137091 ], [ 3743212.627700001001358, 4494823.926899999380112 ], [ 3743230.127499997615814, 4494752.426600001752377 ], [ 3743256.627300001680851, 4494693.4265 ], [ 3743305.127099998295307, 4494602.425900001078844 ], [ 3743337.127099998295307, 4494565.425700001418591 ], [ 3743390.126999996602535, 4494519.4254 ], [ 3743436.126999996602535, 4494481.925200000405312 ], [ 3743471.9397, 4494460.536800000816584 ], [ 3743472.126999996602535, 4494460.425000000745058 ], [ 3743498.151900000870228, 4494437.71680000051856 ], [ 3743523.126999996602535, 4494415.924699999392033 ], [ 3743601.626999996602535, 4494364.4243 ], [ 3743638.626999996602535, 4494335.424100000411272 ], [ 3743677.754799999296665, 4494309.035500001162291 ], [ 3743681.626999996602535, 4494306.423799999058247 ], [ 3743710.626999996602535, 4494295.923700001090765 ], [ 3743750.127099998295307, 4494275.923500001430511 ], [ 3743830.6272, 4494246.9232 ], [ 3743845.907300002872944, 4494242.41270000115037 ], [ 3743913.627300001680851, 4494222.422800000756979 ], [ 3743990.127400003373623, 4494197.922499999403954 ], [ 3744010.627400003373623, 4494192.422400001436472 ], [ 3744060.938299998641014, 4494175.198600001633167 ], [ 3744066.127499997615814, 4494173.4221 ], [ 3744101.116300001740456, 4494165.741500001400709 ], [ 3744107.127599999308586, 4494164.421999998390675 ], [ 3744229.12780000269413, 4494134.921399999409914 ], [ 3744244.72860000282526, 4494132.0559 ], [ 3744327.127999998629093, 4494116.921 ], [ 3744449.128200002014637, 4494081.420499999076128 ], [ 3744545.628300003707409, 4494061.420099999755621 ], [ 3744584.1283999979496, 4494042.4199 ], [ 3744615.128300003707409, 4494010.419700000435114 ], [ 3744615.726400002837181, 4494007.931400001049042 ], [ 3744627.628200002014637, 4493958.419599998742342 ], [ 3744632.127999998629093, 4493907.919399999082088 ], [ 3744631.12780000269413, 4493847.419300001114607 ], [ 3744614.127499997615814, 4493774.919100001454353 ], [ 3744554.626900002360344, 4493649.418999999761581 ], [ 3744516.626500003039837, 4493567.4189000017941 ], [ 3744473.62610000371933, 4493490.4189000017941 ], [ 3744446.125799998641014, 4493407.418800000101328 ], [ 3744430.625399999320507, 4493333.418600000441074 ], [ 3744413.943199999630451, 4493261.784299999475479 ], [ 3744413.625100001692772, 4493260.418499998748302 ], [ 3744413.631700001657009, 4493260.109200000762939 ], [ 3744414.510300002992153, 4493218.810400001704693 ], [ 3744413.483000002801418, 4493218.11879999935627 ], [ 3744382.482900001108646, 4493217.118999999016523 ], [ 3744357.387299999594688, 4493204.976199999451637 ], [ 3744351.482600003480911, 4493202.118999999016523 ], [ 3744327.4824, 4493179.118999999016523 ], [ 3744321.482299998402596, 4493170.119100000709295 ], [ 3744317.482299998402596, 4493163.119100000709295 ], [ 3744293.48200000077486, 4493122.118900001049042 ], [ 3744243.481299996376038, 4493035.118700001388788 ], [ 3744200.480899997055531, 4492984.118599999696016 ], [ 3744122.480400003492832, 4492939.11879999935627 ], [ 3744109.480200000107288, 4492933.11879999935627 ], [ 3744018.479500003159046, 4492892.118999999016523 ], [ 3743913.478299997746944, 4492747.11879999935627 ], [ 3743868.477899998426437, 4492707.118700001388788 ], [ 3743811.477300003170967, 4492641.118700001388788 ], [ 3743744.476800002157688, 4492575.118599999696016 ], [ 3743743.355099998414516, 4492574.07319999858737 ], [ 3743685.476099997758865, 4492520.118599999696016 ], [ 3743623.475500002503395, 4492461.118599999696016 ], [ 3743564.475000001490116, 4492417.118700001388788 ], [ 3743499.474500000476837, 4492357.118599999696016 ], [ 3743465.473999999463558, 4492302.118599999696016 ], [ 3743454.473800003528595, 4492269.118500001728535 ], [ 3743460.229599997401237, 4492259.438099998980761 ], [ 3743476.473800003528595, 4492232.118099998682737 ], [ 3743474.32320000231266, 4492229.353000000119209 ], [ 3743462.473600000143051, 4492214.118099998682737 ], [ 3743490.473600000143051, 4492180.117800001055002 ], [ 3743452.473200000822544, 4492123.117800001055002 ], [ 3743400.472499996423721, 4492050.117499999701977 ], [ 3743415.472499996423721, 4492035.117400001734495 ], [ 3743380.472099997103214, 4491983.1173 ], [ 3743350.471799999475479, 4491947.117199998348951 ], [ 3743306.4712999984622, 4491889.117199998348951 ], [ 3743311.4712999984622, 4491884.11710000038147 ], [ 3743253.470600001513958, 4491800.116900000721216 ], [ 3743215.470200002193451, 4491745.116900000721216 ], [ 3743177.469800002872944, 4491695.116700001060963 ], [ 3743175.735600002110004, 4491692.515500001609325 ], [ 3743169.469700001180172, 4491683.116700001060963 ], [ 3743166.469700001180172, 4491681.116700001060963 ], [ 3743141.469499997794628, 4491654.116799999028444 ], [ 3743082.468699999153614, 4491567.116500001400709 ], [ 3743044.468299999833107, 4491522.116500001400709 ], [ 3743005.4679000005126, 4491470.116500001400709 ], [ 3742981.467500001192093, 4491424.116300001740456 ], [ 3742955.467299997806549, 4491390.116300001740456 ], [ 3742903.466700002551079, 4491326.1162 ], [ 3742841.465899996459484, 4491218.115800000727177 ], [ 3742760.464800000190735, 4491080.115499999374151 ], [ 3742659.090400002896786, 4490917.746300000697374 ], [ 3742645.682099997997284, 4490896.270599998533726 ], [ 3742642.46339999884367, 4490891.1151 ], [ 3742604.462899997830391, 4490823.114900000393391 ], [ 3742584.462600000202656, 4490777.114799998700619 ], [ 3742574.462300002574921, 4490730.114599999040365 ], [ 3742568.030599996447563, 4490729.0526 ], [ 3742465.46169999986887, 4490712.114999998360872 ], [ 3742341.460699997842312, 4490645.115200001746416 ], [ 3742231.459899999201298, 4490594.115600001066923 ], [ 3742164.459499999880791, 4490566.115699999034405 ], [ 3742042.458700001239777, 4490534.11600000038743 ], [ 3741875.457699999213219, 4490502.116599999368191 ], [ 3741812.457299999892712, 4490476.116799999028444 ], [ 3741797.457099996507168, 4490466.116799999028444 ], [ 3741786.457099996507168, 4490464.116900000721216 ], [ 3741754.456900000572205, 4490447.116999998688698 ], [ 3741682.456299997866154, 4490406.11710000038147 ], [ 3741599.455700002610683, 4490360.1173 ], [ 3741587.45549999922514, 4490345.11710000038147 ], [ 3741579.455200001597404, 4490281.116900000721216 ], [ 3741579.454999998211861, 4490246.116799999028444 ], [ 3741505.454199999570847, 4490155.116700001060963 ], [ 3741474.454000003635883, 4490144.116599999368191 ], [ 3741436.453699998557568, 4490128.116700001060963 ], [ 3741418.453599996864796, 4490117.116900000721216 ], [ 3741369.453199997544289, 4490079.116799999028444 ], [ 3741335.4529, 4490045.116900000721216 ], [ 3741313.4529, 4490051.116999998688698 ], [ 3741304.452799998223782, 4490065.11710000038147 ], [ 3741251.452799998223782, 4490124.11769999936223 ], [ 3741237.452799998223782, 4490137.117800001055002 ], [ 3741128.400399997830391, 4490253.272100001573563 ], [ 3741022.452799998223782, 4490366.119800001382828 ], [ 3741003.45269999653101, 4490387.120000001043081 ], [ 3740959.45269999653101, 4490427.120400000363588 ], [ 3740942.45269999653101, 4490445.120700001716614 ], [ 3740928.452600002288818, 4490451.120700001716614 ], [ 3740918.452600002288818, 4490453.120799999684095 ], [ 3740904.452600002288818, 4490457.120799999684095 ], [ 3740901.763599999248981, 4490458.757599998265505 ], [ 3740881.452500000596046, 4490471.120999999344349 ], [ 3740854.452500000596046, 4490491.121399998664856 ], [ 3740815.452399998903275, 4490524.121599998325109 ], [ 3740744.452200002968311, 4490560.12220000103116 ], [ 3740728.452299997210503, 4490575.122400000691414 ], [ 3740685.452299997210503, 4490619.1228 ], [ 3740667.452200002968311, 4490640.122900001704693 ], [ 3740618.452200002968311, 4490689.1233000010252 ], [ 3740582.451999999582767, 4490697.123500000685453 ], [ 3740535.451899997889996, 4490700.123799998313189 ], [ 3740474.451499998569489, 4490702.124200001358986 ], [ 3740452.451399996876717, 4490700.124200001358986 ], [ 3740387.451099999248981, 4490705.124600000679493 ], [ 3740284.450499996542931, 4490706.125 ], [ 3740228.450300000607967, 4490714.125300001353025 ], [ 3740207.450199998915195, 4490708.125300001353025 ], [ 3740120.449799999594688, 4490725.125799998641014 ], [ 3740066.449699997901917, 4490750.126299999654293 ], [ 3740059.449699997901917, 4490772.126400001347065 ], [ 3740056.449799999594688, 4490802.126499999314547 ], [ 3740050.450000002980232, 4490854.126800000667572 ], [ 3740051.229000002145767, 4490863.732099998742342 ], [ 3740053.450199998915195, 4490891.127000000327826 ], [ 3740051.595499999821186, 4490914.3114 ], [ 3740051.450300000607967, 4490916.1272 ], [ 3740051.127099998295307, 4490918.066399998962879 ], [ 3740048.450400002300739, 4490934.127300001680851 ], [ 3740053.450800001621246, 4491012.127700001001358 ], [ 3740058.451300002634525, 4491096.127999998629093 ], [ 3740062.906400002539158, 4491147.607599999755621 ], [ 3740067.451700001955032, 4491200.128600001335144 ], [ 3740066.481100000441074, 4491205.9518 ], [ 3740066.462899997830391, 4491206.061200000345707 ], [ 3740065.451700001955032, 4491212.128499999642372 ], [ 3740057.451700001955032, 4491221.128699999302626 ], [ 3740039.451800003647804, 4491223.128699999302626 ], [ 3740006.45160000026226, 4491223.128899998962879 ], [ 3739963.451300002634525, 4491226.129200000315905 ], [ 3739938.451099999248981, 4491220.129200000315905 ], [ 3739925.451099999248981, 4491222.129299998283386 ], [ 3739876.450900003314018, 4491232.129599999636412 ], [ 3739843.4507, 4491238.129799999296665 ], [ 3739807.450800001621246, 4491261.129999998956919 ], [ 3739765.450599998235703, 4491290.130300000309944 ], [ 3739745.450599998235703, 4491313.1305 ], [ 3739710.450499996542931, 4491339.130899999290705 ], [ 3739667.450400002300739, 4491354.131099998950958 ], [ 3739632.450300000607967, 4491365.131299998611212 ], [ 3739615.450199998915195, 4491376.131499998271465 ], [ 3739609.450199998915195, 4491385.131499998271465 ], [ 3739571.450199998915195, 4491412.131900001317263 ], [ 3739551.450099997222424, 4491424.131999999284744 ], [ 3739512.44990000128746, 4491429.13230000063777 ], [ 3739462.449699997901917, 4491431.132500000298023 ], [ 3739405.449400000274181, 4491431.1327 ], [ 3739360.449199996888638, 4491441.13289999961853 ], [ 3739323.449000000953674, 4491444.133099999278784 ], [ 3739282.448899999260902, 4491452.133499998599291 ], [ 3739242.448700003325939, 4491456.133600000292063 ], [ 3739160.448399998247623, 4491479.134100001305342 ], [ 3739104.44820000231266, 4491494.134399998933077 ], [ 3739067.447999998927116, 4491498.13459999859333 ], [ 3739043.447800002992153, 4491490.134700000286102 ], [ 3739028.447700001299381, 4491477.134799998253584 ], [ 3739024.447800002992153, 4491478.134700000286102 ], [ 3738954.447200000286102, 4491453.1349 ], [ 3738928.446999996900558, 4491443.1349 ], [ 3738915.446999996900558, 4491449.135099999606609 ], [ 3738862.446800000965595, 4491475.135400000959635 ], [ 3738844.446699999272823, 4491467.135600000619888 ], [ 3738822.44650000333786, 4491454.135499998927116 ], [ 3738798.446400001645088, 4491457.135600000619888 ], [ 3738753.446199998259544, 4491449.135899998247623 ], [ 3738640.445200003683567, 4491374.135899998247623 ], [ 3738589.444899998605251, 4491355.136199999600649 ], [ 3738513.444399997591972, 4491337.136300001293421 ], [ 3738446.443999998271465, 4491321.136500000953674 ], [ 3738363.443599998950958, 4491291.136799998581409 ], [ 3738247.442800000309944, 4491270.137200001627207 ], [ 3738125.442100003361702, 4491254.137699998915195 ], [ 3738038.441600002348423, 4491244.138099998235703 ], [ 3737967.441200003027916, 4491233.138300001621246 ], [ 3737930.440999999642372, 4491222.1385000012815 ], [ 3737901.440800003707409, 4491211.1385000012815 ], [ 3737849.440399996936321, 4491196.138700000941753 ], [ 3737788.440200001001358, 4491186.138900000602007 ], [ 3737761.439900003373623, 4491177.138999998569489 ], [ 3737738.4397, 4491169.138999998569489 ], [ 3737709.439499996602535, 4491147.13910000026226 ], [ 3737693.439300000667572, 4491128.138999998569489 ], [ 3737668.439000003039837, 4491089.138999998569489 ], [ 3737662.439000003039837, 4491086.138999998569489 ], [ 3737610.3257, 4491061.506999999284744 ], [ 3737351.436700001358986, 4490939.139699999243021 ], [ 3737302.436300002038479, 4490907.139800000935793 ], [ 3737268.435900002717972, 4490860.139600001275539 ], [ 3737254.435900002717972, 4490845.139699999243021 ], [ 3737251.435699999332428, 4490837.139600001275539 ], [ 3737199.435099996626377, 4490766.139499999582767 ], [ 3737096.434000000357628, 4490640.139400001615286 ], [ 3737070.433700002729893, 4490591.139199998229742 ], [ 3737042.432899996638298, 4490458.138599999248981 ], [ 3737025.432899996638298, 4490455.138700000941753 ], [ 3736943.432300001382828, 4490445.13910000026226 ], [ 3736888.431999996304512, 4490435.139199998229742 ], [ 3736813.431699998676777, 4490425.139499999582767 ], [ 3736739.43129999935627, 4490419.139899998903275 ], [ 3736688.431000001728535, 4490411.140099998563528 ], [ 3736625.430500000715256, 4490392.1402000002563 ], [ 3736569.430200003087521, 4490375.1404 ], [ 3736467.429499998688698, 4490345.140799999237061 ], [ 3736390.428900003433228, 4490318.140900000929832 ], [ 3736319.428599998354912, 4490298.141100000590086 ], [ 3736285.428300000727177, 4490285.14130000025034 ], [ 3736267.428099997341633, 4490279.14130000025034 ], [ 3736230.42790000140667, 4490261.141399998217821 ], [ 3736169.427500002086163, 4490240.1415 ], [ 3736062.426700003445148, 4490203.141800001263618 ], [ 3736008.426399998366833, 4490187.142099998891354 ], [ 3735929.425899997353554, 4490159.142299998551607 ], [ 3735827.425200000405312, 4490123.142499998211861 ], [ 3735718.424400001764297, 4490085.142799999564886 ], [ 3735624.423799999058247, 4490050.143100000917912 ], [ 3735548.423299998044968, 4490025.143300000578165 ], [ 3735518.423100002110004, 4490009.143399998545647 ], [ 3735459.422700002789497, 4489989.143500000238419 ], [ 3735389.422200001776218, 4489963.143699999898672 ], [ 3735322.421700000762939, 4489939.143899999558926 ], [ 3735284.421499997377396, 4489921.144000001251698 ], [ 3735271.421400003135204, 4489916.144000001251698 ], [ 3735248.42119999974966, 4489908.144099999219179 ], [ 3735200.420900002121925, 4489893.144299998879433 ], [ 3735181.420800000429153, 4489887.144400000572205 ], [ 3735125.420400001108646, 4489861.144400000572205 ], [ 3735102.420299999415874, 4489863.144600000232458 ], [ 3735073.420199997723103, 4489870.144799999892712 ], [ 3735048.420100003480911, 4489878.144900001585484 ], [ 3734970.266099996864796, 4489845.86430000141263 ], [ 3734910.419200003147125, 4489821.145199999213219 ], [ 3734880.048500001430511, 4489807.647300001233816 ], [ 3734784.418200001120567, 4489765.145500000566244 ], [ 3734680.417499996721745, 4489723.145799998193979 ], [ 3734590.416900001466274, 4489683.146000001579523 ], [ 3734556.416599996387959, 4489667.146099999547005 ], [ 3734536.275100000202656, 4489664.162399999797344 ], [ 3734529.416400000452995, 4489663.146299999207258 ], [ 3734507.416400000452995, 4489655.146200001239777 ], [ 3734398.415200002491474, 4489533.146099999547005 ], [ 3734342.273000001907349, 4489471.433200001716614 ], [ 3734267.413900002837181, 4489389.146000001579523 ], [ 3734167.850299999117851, 4489286.150199998170137 ], [ 3734151.412699997425079, 4489269.145899999886751 ], [ 3734140.046599999070168, 4489256.690200001001358 ], [ 3734005.411200001835823, 4489109.145899999886751 ], [ 3733871.409800000488758, 4488964.145700000226498 ], [ 3733784.408900000154972, 4488867.145700000226498 ], [ 3733772.467000000178814, 4488855.9276 ], [ 3733751.408699996769428, 4488836.145599998533726 ], [ 3733750.777099996805191, 4488833.618900001049042 ], [ 3733750.408699996769428, 4488832.145599998533726 ], [ 3733748.408699996769428, 4488830.145599998533726 ], [ 3733748.035599999129772, 4488828.112700000405312 ], [ 3733668.406199999153614, 4488394.143699999898672 ], [ 3733644.405500002205372, 4488282.143199998885393 ], [ 3733635.405199997127056, 4488223.14299999922514 ], [ 3733508.539800003170967, 4487628.659200001507998 ], [ 3733463.400600001215935, 4487417.139699999243021 ], [ 3733463.440600000321865, 4487416.979499999433756 ], [ 3733464.400600001215935, 4487413.139699999243021 ], [ 3733463.400499999523163, 4487396.139600001275539 ], [ 3733485.400399997830391, 4487354.139199998229742 ], [ 3733487.659000001847744, 4487347.957699999213219 ], [ 3733523.400100000202656, 4487250.1385000012815 ], [ 3733588.904899999499321, 4487075.740499999374151 ], [ 3733600.399599999189377, 4487045.137200001627207 ], [ 3733699.400200001895428, 4487064.136799998581409 ], [ 3733882.401199996471405, 4487096.136 ], [ 3733970.401799999177456, 4487101.13569999858737 ], [ 3734011.402000002563, 4487109.135600000619888 ], [ 3734051.402199998497963, 4487118.135400000959635 ], [ 3734170.402999997138977, 4487158.135000001639128 ], [ 3734237.403399996459484, 4487174.134799998253584 ], [ 3734319.403899997472763, 4487190.134500000625849 ], [ 3734383.404200002551079, 4487186.134199999272823 ], [ 3734466.404600001871586, 4487150.133600000292063 ], [ 3734562.404700003564358, 4487092.13289999961853 ], [ 3734652.404799997806549, 4487008.132100000977516 ], [ 3734691.404799997806549, 4486965.1316 ], [ 3734732.404600001871586, 4486885.131000000983477 ], [ 3734766.404399998486042, 4486803.1305 ], [ 3734766.685400001704693, 4486802.428100001066923 ], [ 3734768.404399998486042, 4486798.130399998277426 ], [ 3734773.062600001692772, 4486782.602899998426437 ], [ 3734783.404200002551079, 4486748.130100000649691 ], [ 3734818.403899997472763, 4486625.129299998283386 ], [ 3734879.403399996459484, 4486470.1283 ], [ 3734913.403099998831749, 4486359.127599999308586 ], [ 3734982.40259999781847, 4486172.126299999654293 ], [ 3734995.402300000190735, 4486077.125799998641014 ], [ 3734997.402000002563, 4486027.125399999320507 ], [ 3735001.401900000870228, 4486004.125300001353025 ], [ 3735004.401799999177456, 4485978.125100001692772 ], [ 3735008.401399999856949, 4485890.124699998646975 ], [ 3735011.401299998164177, 4485838.124400001019239 ], [ 3735012.401000000536442, 4485793.124099999666214 ], [ 3735013.400799997150898, 4485741.1239 ], [ 3735017.400700002908707, 4485720.123799998313189 ], [ 3735020.400399997830391, 4485655.123399998992682 ], [ 3735022.400200001895428, 4485615.1233000010252 ], [ 3735022.399999998509884, 4485569.122999999672174 ], [ 3735023.399599999189377, 4485478.122600000351667 ], [ 3735021.39919999986887, 4485391.122000001370907 ], [ 3735029.398800000548363, 4485308.121599998325109 ], [ 3735035.398599997162819, 4485242.121300000697374 ], [ 3735042.398599997162819, 4485215.121100001037121 ], [ 3735051.010899998247623, 4485184.977600000798702 ], [ 3735052.398500002920628, 4485180.120799999684095 ], [ 3735052.398299999535084, 4485169.120799999684095 ], [ 3735051.944499999284744, 4485166.916700001806021 ], [ 3735045.398100003600121, 4485135.1206 ], [ 3735035.397799998521805, 4485070.120299998670816 ], [ 3735027.397600002586842, 4485041.120299998670816 ], [ 3735020.397399999201298, 4484996.120099999010563 ], [ 3735010.397100001573563, 4484955.120000001043081 ], [ 3734996.396799996495247, 4484886.119600001722574 ], [ 3734976.396200001239777, 4484766.118999999016523 ], [ 3734973.395900003612041, 4484733.118900001049042 ], [ 3734966.776000000536442, 4484707.375500001013279 ], [ 3734964.395700000226498, 4484698.118900001049042 ], [ 3734954.015299998223782, 4484660.923300001770258 ], [ 3734952.395400002598763, 4484655.118700001388788 ], [ 3734942.395300000905991, 4484642.118599999696016 ], [ 3734964.395499996840954, 4484640.118599999696016 ], [ 3734964.395400002598763, 4484635.1184 ], [ 3735105.396099999547005, 4484638.117800001055002 ], [ 3735240.396799996495247, 4484637.1173 ], [ 3735309.397200003266335, 4484634.116799999028444 ], [ 3735299.397100001573563, 4484611.116799999028444 ], [ 3735287.396799996495247, 4484582.116700001060963 ], [ 3735270.396499998867512, 4484531.116500001400709 ], [ 3735259.396300002932549, 4484508.116399999707937 ], [ 3735248.396099999547005, 4484461.116300001740456 ], [ 3735234.39580000191927, 4484431.116099998354912 ], [ 3735227.395700000226498, 4484402.11600000038743 ], [ 3735209.395300000905991, 4484349.115800000727177 ], [ 3735194.395099997520447, 4484305.115800000727177 ], [ 3735178.394799999892712, 4484266.115600001066923 ], [ 3735159.394400000572205, 4484210.11540000140667 ], [ 3735137.394000001251698, 4484144.1151 ], [ 3735119.39360000193119, 4484081.114999998360872 ], [ 3735097.393299996852875, 4484027.114700000733137 ], [ 3735066.392700001597404, 4483939.114399999380112 ], [ 3735064.930699996650219, 4483932.681400001049042 ], [ 3735056.392499998211861, 4483895.114199999719858 ], [ 3735039.185199998319149, 4483851.236299999058247 ], [ 3735036.392099998891354, 4483844.114 ], [ 3735013.391699999570847, 4483785.113800000399351 ], [ 3734991.39130000025034, 4483720.113699998706579 ], [ 3734971.5493, 4483692.154500000178814 ], [ 3734969.391099996864796, 4483689.113600000739098 ], [ 3734957.390900000929832, 4483676.113600000739098 ], [ 3734931.420199997723103, 4483683.834699999541044 ], [ 3734920.390799999237061, 4483687.113800000399351 ], [ 3734842.67230000346899, 4483632.022700000554323 ], [ 3734841.390100002288818, 4483631.113800000399351 ], [ 3734840.978699997067451, 4483630.981800001114607 ], [ 3734816.848300002515316, 4483623.236400000751019 ], [ 3734760.389600001275539, 4483605.114199999719858 ], [ 3734647.186899997293949, 4483592.778499998152256 ], [ 3734604.388700000941753, 4483588.114700000733137 ], [ 3734596.526199996471405, 4483585.313700001686811 ], [ 3734490.109200000762939, 4483547.403200000524521 ], [ 3734444.387599997222424, 4483531.115200001746416 ], [ 3734440.01799999922514, 4483528.687699999660254 ], [ 3734417.38740000128746, 4483516.115200001746416 ], [ 3734317.386699996888638, 4483471.115499999374151 ], [ 3734293.218999996781349, 4483462.7956000007689 ], [ 3734195.385899998247623, 4483429.115800000727177 ], [ 3734128.385399997234344, 4483401.11600000038743 ], [ 3734025.384800001978874, 4483380.116300001740456 ], [ 3734015.861299999058247, 4483377.4452 ], [ 3733967.100699998438358, 4483363.768800001591444 ], [ 3733943.384300000965595, 4483357.116599999368191 ], [ 3733929.384099997580051, 4483346.116700001060963 ], [ 3733913.38400000333786, 4483344.116799999028444 ], [ 3733880.403999999165535, 4483311.982599999755621 ], [ 3733874.383699998259544, 4483306.116700001060963 ], [ 3733859.599200002849102, 4483283.2010000012815 ], [ 3733854.383400000631809, 4483275.116700001060963 ], [ 3733821.383100003004074, 4483244.116599999368191 ], [ 3733764.382600001990795, 4483194.116700001060963 ], [ 3733706.381999999284744, 4483144.116599999368191 ], [ 3733701.381999999284744, 4483140.116700001060963 ], [ 3733635.381499998271465, 4483094.116799999028444 ], [ 3733563.380999997258186, 4483066.116900000721216 ], [ 3733487.380599997937679, 4483055.117199998348951 ], [ 3733478.380400002002716, 4483050.1173 ], [ 3733471.380400002002716, 4483046.117199998348951 ], [ 3733440.3800999969244, 4483022.117199998348951 ], [ 3733343.379100002348423, 4482918.117199998348951 ], [ 3733180.377599999308586, 4482770.117199998348951 ], [ 3733071.376800000667572, 4482691.117199998348951 ], [ 3732996.00789999961853, 4482642.068199999630451 ], [ 3732947.112000003457069, 4482610.247400000691414 ], [ 3732945.375699996948242, 4482609.117400001734495 ], [ 3732855.375, 4482569.117600001394749 ], [ 3732829.374799996614456, 4482560.117600001394749 ], [ 3732698.373999997973442, 4482517.118000000715256 ], [ 3732687.37389999628067, 4482514.118099998682737 ], [ 3732632.373499996960163, 4482499.118200000375509 ], [ 3732569.265299998223782, 4482482.655600000172853 ], [ 3732563.373099997639656, 4482481.118500001728535 ], [ 3732441.372400000691414, 4482468.119100000709295 ], [ 3732376.554499998688698, 4482462.447700001299381 ], [ 3732361.372000001370907, 4482461.119300000369549 ], [ 3732309.371799997985363, 4482462.119600001722574 ], [ 3732259.371399998664856, 4482443.119800001382828 ], [ 3732181.370800003409386, 4482413.120000001043081 ], [ 3732104.370300002396107, 4482379.120099999010563 ], [ 3732037.369800001382828, 4482342.120299998670816 ], [ 3731958.369199998676777, 4482304.120400000363588 ], [ 3731925.369000002741814, 4482278.120400000363588 ], [ 3731907.668700002133846, 4482264.536699999123812 ], [ 3731882.368500001728535, 4482245.120400000363588 ], [ 3731870.913900002837181, 4482236.710799999535084 ], [ 3731803.367799997329712, 4482187.12049999833107 ], [ 3731788.367700003087521, 4482176.12049999833107 ], [ 3731779.368000000715256, 4482223.120799999684095 ], [ 3731768.445100001990795, 4482267.177000001072884 ], [ 3731749.368299998342991, 4482344.121599998325109 ], [ 3731734.3684, 4482366.1217 ], [ 3731712.368299998342991, 4482357.121800001710653 ], [ 3731709.368100002408028, 4482356.121899999678135 ], [ 3731668.367799997329712, 4482339.121899999678135 ], [ 3731630.367600001394749, 4482326.122099999338388 ], [ 3731556.36710000038147, 4482302.122299998998642 ], [ 3731530.197700001299381, 4482293.648400001227856 ], [ 3731451.366400003433228, 4482268.122499998658895 ], [ 3731291.36540000140667, 4482222.122999999672174 ], [ 3731180.364699997007847, 4482202.123500000685453 ], [ 3731091.364200003445148, 4482196.1239 ], [ 3731046.364100001752377, 4482203.124200001358986 ], [ 3730979.36370000243187, 4482200.124499998986721 ], [ 3730917.363300003111362, 4482201.124699998646975 ], [ 3730877.363200001418591, 4482203.124899998307228 ], [ 3730836.362999998033047, 4482187.125100001692772 ], [ 3730775.289300002157688, 4482162.695900000631809 ], [ 3730771.362400002777576, 4482161.125199999660254 ], [ 3730713.362000003457069, 4482138.125300001353025 ], [ 3730576.361100003123283, 4482103.125799998641014 ], [ 3730573.184500001370907, 4482102.612799998372793 ], [ 3730446.360399998724461, 4482082.126400001347065 ], [ 3730294.359499998390675, 4482058.126899998635054 ], [ 3730240.359300002455711, 4482052.1272 ], [ 3730186.358900003135204, 4482045.127399999648333 ], [ 3730131.358599998056889, 4482046.127500001341105 ], [ 3730118.59179999679327, 4482043.123700000345707 ], [ 3730114.358499996364117, 4482042.127700001001358 ], [ 3730110.358400002121925, 4482041.127700001001358 ], [ 3730108.842299997806549, 4482041.491599999368191 ], [ 3730085.358300000429153, 4482047.127700001001358 ], [ 3730081.466399997472763, 4482047.351100001484156 ], [ 3730067.367600001394749, 4482048.160100001841784 ], [ 3729963.357699997723103, 4482054.128499999642372 ], [ 3729920.903399996459484, 4482061.002099998295307 ], [ 3729858.357299998402596, 4482071.128899998962879 ], [ 3729848.219400003552437, 4482071.497699998319149 ], [ 3729821.64019999653101, 4482072.464400000870228 ], [ 3729803.357100002467632, 4482073.129200000315905 ], [ 3729689.35639999806881, 4482073.129799999296665 ], [ 3729591.355899997055531, 4482070.130300000309944 ], [ 3729574.589500002563, 4482065.505199998617172 ], [ 3729533.355499997735023, 4482054.1305 ], [ 3729491.355400003492832, 4482042.13060000166297 ], [ 3729490.35530000180006, 4482043.1305 ], [ 3729476.758400000631809, 4482050.975099999457598 ], [ 3729464.355200000107288, 4482058.130800001323223 ], [ 3729439.355099998414516, 4482051.130899999290705 ], [ 3729396.354800000786781, 4482044.131000000983477 ], [ 3729373.354699999094009, 4482039.131000000983477 ], [ 3729320.35419999808073, 4482002.13120000064373 ], [ 3729313.383000001311302, 4481995.392400000244379 ], [ 3729290.353900000452995, 4481973.131099998950958 ], [ 3729270.353699997067451, 4481951.131099998950958 ], [ 3729268.353699997067451, 4481953.131099998950958 ], [ 3729135.353399999439716, 4482032.132100000977516 ], [ 3729125.385300002992153, 4482038.777699999511242 ], [ 3729027.353200003504753, 4482104.133000001311302 ], [ 3728915.353000000119209, 4482181.13399999961257 ], [ 3728796.352700002491474, 4482252.134799998253584 ], [ 3728684.352399997413158, 4482314.135600000619888 ], [ 3728641.351999998092651, 4482287.13569999858737 ], [ 3728560.351400002837181, 4482235.135899998247623 ], [ 3728455.350500002503395, 4482163.135899998247623 ], [ 3728374.350000001490116, 4482143.136199999600649 ], [ 3728316.349600002169609, 4482125.136500000953674 ], [ 3728245.34910000115633, 4482093.136599998921156 ], [ 3728174.348600000143051, 4482069.136799998581409 ], [ 3728058.347900003194809, 4482026.137200001627207 ], [ 3728016.347599998116493, 4481993.1371 ], [ 3727938.346699997782707, 4481922.1371 ], [ 3727903.346400000154972, 4481883.1371 ], [ 3727823.345799997448921, 4481825.137200001627207 ], [ 3727806.488799996674061, 4481790.402100000530481 ], [ 3727790.345200002193451, 4481757.136999998241663 ], [ 3727745.344899997115135, 4481715.136900000274181 ], [ 3727723.344700001180172, 4481708.136999998241663 ], [ 3727718.880300000309944, 4481705.489799998700619 ], [ 3727653.387299999594688, 4481733.8684 ], [ 3727486.854699999094009, 4481845.146600000560284 ], [ 3727429.696800000965595, 4481885.350900001823902 ], [ 3727429.682599999010563, 4481885.647100001573563 ], [ 3727420.904100000858307, 4482068.82039999961853 ], [ 3727413.833999998867512, 4482147.020799998193979 ], [ 3727406.307499997317791, 4482209.970300000160933 ], [ 3727386.382100000977516, 4482231.4485 ], [ 3727281.533699996769428, 4482344.467300001531839 ], [ 3727281.35080000013113, 4482344.807399999350309 ], [ 3727202.480400003492832, 4482491.369699999690056 ], [ 3727121.105499997735023, 4482579.234900001436472 ], [ 3727120.887599997222424, 4482579.374899998307228 ], [ 3726949.653999999165535, 4482689.5176 ], [ 3726895.978200003504753, 4482727.492199998348951 ], [ 3726842.234200000762939, 4482765.5152000002563 ], [ 3726812.532399997115135, 4482844.646800000220537 ], [ 3726817.586800001561642, 4482996.666299998760223 ], [ 3726831.976400002837181, 4483153.627300001680851 ], [ 3726890.417199999094009, 4483405.635499998927116 ], [ 3726913.186099998652935, 4483765.295000001788139 ], [ 3726940.644500002264977, 4484013.296300001442432 ], [ 3726940.100599996745586, 4484013.689500000327826 ], [ 3726937.647299997508526, 4484015.463599998503923 ], [ 3726861.307700000703335, 4484070.666999999433756 ], [ 3726832.231600001454353, 4484092.73589999973774 ], [ 3726832.197499997913837, 4484092.778099998831749 ], [ 3726650.176600001752377, 4484318.10869999974966 ], [ 3726649.8816, 4484318.424199998378754 ], [ 3726649.642800003290176, 4484318.720300000160933 ], [ 3726603.670699998736382, 4484367.889499999582767 ], [ 3726597.899400003254414, 4484374.067099999636412 ], [ 3726597.885600000619888, 4484374.0768 ], [ 3726556.015299998223782, 4484403.485100001096725 ], [ 3726449.60530000180006, 4484467.679200001060963 ], [ 3726304.651000000536442, 4484532.546900000423193 ], [ 3726226.521200001239777, 4484567.510299999266863 ], [ 3725908.342000000178814, 4484731.069699998944998 ], [ 3725681.634900003671646, 4484906.650699999183416 ], [ 3725680.792400002479553, 4484907.5016999989748 ], [ 3725583.572899997234344, 4485005.706199999898672 ], [ 3725342.356499999761581, 4485249.366599999368191 ], [ 3725269.182300001382828, 4485323.282299999147654 ], [ 3725244.086599998176098, 4485323.275400001555681 ], [ 3724773.015799999237061, 4485323.148800000548363 ], [ 3724704.13120000064373, 4485328.397199999541044 ], [ 3724660.393899999558926, 4485309.107799999415874 ], [ 3724570.9746999964118, 4485260.6858000010252 ], [ 3724319.865599997341633, 4485352.576400000602007 ], [ 3724026.902500003576279, 4485460.601700000464916 ], [ 3723733.504199996590614, 4485544.519900001585484 ], [ 3723703.92679999768734, 4485570.030900001525879 ], [ 3723703.898500002920628, 4485570.08500000089407 ], [ 3723673.287399999797344, 4485628.499499998986721 ], [ 3723648.997500002384186, 4485706.169199999421835 ], [ 3723648.739100001752377, 4485706.179499998688698 ], [ 3723567.818800002336502, 4485709.420099999755621 ], [ 3723407.41610000282526, 4485721.337499998509884 ], [ 3723377.838699996471405, 4485746.848299998790026 ], [ 3723012.04110000282526, 4486139.676300000399351 ], [ 3722925.503700003027916, 4486232.608199998736382 ], [ 3722925.5022, 4486232.597199998795986 ], [ 3722922.312700003385544, 4486236.021999999880791 ], [ 3722922.319700002670288, 4486236.027499999850988 ], [ 3722909.784999996423721, 4486249.488200001418591 ], [ 3722874.153599999845028, 4486751.191199999302626 ], [ 3722857.718500003218651, 4486928.025199998170137 ], [ 3722836.383400000631809, 4487157.57880000025034 ], [ 3722836.363600000739098, 4487157.792199999094009 ], [ 3722829.218099996447563, 4487234.672200001776218 ], [ 3722767.165899999439716, 4487675.3141999989748 ], [ 3722546.4341000020504, 4487893.002500001341105 ], [ 3722495.460100002586842, 4487943.273499999195337 ], [ 3722494.938000001013279, 4487943.827500000596046 ], [ 3722442.637999996542931, 4487999.322799999266863 ], [ 3722387.749899998307228, 4488057.563999999314547 ], [ 3722294.232799999415874, 4488156.793999999761581 ], [ 3722294.182899996638298, 4488156.892200000584126 ], [ 3722240.850299999117851, 4488261.9452 ], [ 3722066.535999998450279, 4488535.548799999058247 ], [ 3722007.214599996805191, 4488655.44480000063777 ], [ 3721816.644500002264977, 4488937.373500000685453 ], [ 3721807.135399997234344, 4488954.350999999791384 ], [ 3721729.688299998641014, 4489092.624699998646975 ], [ 3721749.837300002574921, 4489101.528200000524521 ], [ 3721940.278800003230572, 4489079.353500001132488 ], [ 3722035.619599997997284, 4489532.677200000733137 ], [ 3722123.908399999141693, 4490112.9463 ], [ 3722127.647399999201298, 4490137.51969999819994 ], [ 3722151.122900001704693, 4490195.627700001001358 ], [ 3722215.130400002002716, 4490379.775400001555681 ], [ 3722282.782899998128414, 4490479.806000001728535 ], [ 3722405.905100002884865, 4490631.133499998599291 ], [ 3722514.006999999284744, 4490892.13399999961257 ], [ 3722516.959799997508526, 4490901.693399999290705 ], [ 3722581.378100000321865, 4491110.236699998378754 ], [ 3722635.348099999129772, 4491377.996500000357628 ], [ 3722743.169600002467632, 4491757.070799998939037 ], [ 3722742.788999997079372, 4491757.140500001609325 ], [ 3722475.420199997723103, 4491806.121300000697374 ], [ 3722381.936800003051758, 4491809.833999998867512 ], [ 3722160.774899996817112, 4491921.475299999117851 ], [ 3721925.321900002658367, 4492042.921700000762939 ], [ 3721640.34910000115633, 4492196.227299999445677 ], [ 3721590.842399999499321, 4492222.675299998372793 ], [ 3721589.083599999547005, 4492223.842399999499321 ], [ 3721555.647699996829033, 4492246.031300000846386 ], [ 3721195.108999997377396, 4492485.292700000107288 ], [ 3721046.82490000128746, 4492560.20719999819994 ], [ 3721018.748199999332428, 4492572.930700000375509 ], [ 3720973.923299998044968, 4492593.485300000756979 ], [ 3720925.660199999809265, 4492611.5713 ], [ 3720894.1404, 4492623.794300001114607 ], [ 3720862.612199999392033, 4492639.461399998515844 ], [ 3720781.808899998664856, 4492684.5287000015378 ], [ 3720747.317699998617172, 4492704.616799999028444 ], [ 3720716.277900002896786, 4492721.761199999600649 ], [ 3720635.469700001180172, 4492768.796599999070168 ], [ 3720602.94879999756813, 4492787.905600000172853 ], [ 3720572.39360000193119, 4492808.0033 ], [ 3720525.086599998176098, 4492837.408300001174212 ], [ 3720491.079999998211861, 4492860.449799999594688 ], [ 3720462.00450000166893, 4492879.075300000607967 ], [ 3720437.347699999809265, 4492901.647700000554323 ], [ 3720403.319200001657009, 4492933.545699998736382 ], [ 3720378.161700002849102, 4492959.561099998652935 ], [ 3720402.163000002503395, 4493003.410700000822544 ], [ 3720418.3235, 4493034.44819999858737 ], [ 3720454.072899997234344, 4493102.92790000140667 ], [ 3720480.522299997508526, 4493151.703699998557568 ], [ 3720496.196699999272823, 4493180.279899999499321 ], [ 3720559.8716000020504, 4493297.539099998772144 ], [ 3720576.033299997448921, 4493328.084600001573563 ], [ 3720620.602799996733665, 4493411.346700001507998 ], [ 3720639.212600000202656, 4493446.818399999290705 ], [ 3720613.09179999679327, 4493464.467199999839067 ], [ 3720529.314599998295307, 4493518.38399999961257 ], [ 3720500.729900002479553, 4493537.50279999896884 ], [ 3720471.652000002563, 4493557.112300001084805 ], [ 3720393.28830000013113, 4493610.550700001418591 ], [ 3720362.730599999427795, 4493631.632599998265505 ], [ 3720335.1300999969244, 4493650.753800000995398 ], [ 3720254.794399999082088, 4493705.663400001823902 ], [ 3720224.732500001788139, 4493725.270500000566244 ], [ 3720196.145300000905991, 4493745.373399998992682 ], [ 3720156.713100001215935, 4493773.814100001007318 ], [ 3720126.657200001180172, 4493790.961100000888109 ], [ 3720111.891599997878075, 4493792.892900001257658 ], [ 3720077.910400003194809, 4493805.602200001478195 ], [ 3720045.899599999189377, 4493817.332100000232458 ], [ 3719954.298100002110004, 4493851.548799999058247 ], [ 3719922.289800003170967, 4493862.294700000435114 ], [ 3719888.80179999768734, 4493874.513000000268221 ], [ 3719797.20269999653101, 4493907.745700001716614 ], [ 3719765.681400001049042, 4493920.461100000888109 ], [ 3719733.179799996316433, 4493931.697700001299381 ], [ 3719641.087300002574921, 4493965.421300001442432 ], [ 3719612.0287000015378, 4493977.158500000834465 ], [ 3719488.419699996709824, 4494021.629299998283386 ], [ 3719450.991700001060963, 4494035.313999999314547 ], [ 3719419.967399999499321, 4494046.0625 ], [ 3719326.89190000295639, 4494079.291499998420477 ], [ 3719294.386600002646446, 4494092.0044 ], [ 3719261.392800003290176, 4494103.239999998360872 ], [ 3719170.774999998509884, 4494137.459399998188019 ], [ 3719137.286799997091293, 4494149.677799999713898 ], [ 3719104.293099999427795, 4494160.913199998438358 ], [ 3719018.108199998736382, 4494193.175299998372793 ], [ 3718980.680100001394749, 4494206.860300000756979 ], [ 3718948.667999997735023, 4494219.082299999892712 ], [ 3718911.723399996757507, 4494236.212600000202656 ], [ 3718856.107199996709824, 4494242.964200001209974 ], [ 3718820.66780000180006, 4494248.289299998432398 ], [ 3718787.688500002026558, 4494253.620700001716614 ], [ 3718719.764200001955032, 4494263.294100001454353 ], [ 3718654.793300002813339, 4494272.482900001108646 ], [ 3718620.8301, 4494277.811700001358986 ], [ 3718522.879699997603893, 4494292.331799998879433 ], [ 3718489.4070999994874, 4494298.153900001198053 ], [ 3718457.902699999511242, 4494303.980799999088049 ], [ 3718408.182199999690056, 4494314.191199999302626 ], [ 3718391.946400001645088, 4494313.659099999815226 ], [ 3718335.280599996447563, 4494346.978000000119209 ], [ 3718304.239100001752377, 4494364.614799998700619 ], [ 3718220.961199998855591, 4494415.089400000870228 ], [ 3718194.199799999594688, 4494432.106600001454353 ], [ 3718190.900100000202656, 4494434.204900000244379 ], [ 3718134.731200002133846, 4494465.556800000369549 ], [ 3718086.43469999730587, 4494496.928300000727177 ], [ 3718083.021899998188019, 4494484.126899998635054 ], [ 3718087.51070000231266, 4494459.536200001835823 ], [ 3718082.670199997723103, 4494427.05009999871254 ], [ 3718055.350100003182888, 4494332.020300000905991 ], [ 3718047.560000002384186, 4494298.542700000107288 ], [ 3718036.320699997246265, 4494267.024900000542402 ], [ 3718022.135499998927116, 4494233.039599999785423 ], [ 3717993.243699997663498, 4494176.8766999989748 ], [ 3717977.572599999606609, 4494146.823899999260902 ], [ 3717960.421599999070168, 4494118.24379999935627 ], [ 3717930.035599999129772, 4494069.457499999552965 ], [ 3717901.570500001311302, 4494039.865299999713898 ], [ 3717878.014799997210503, 4494014.713599998503923 ], [ 3717856.923000000417233, 4493988.091899998486042 ], [ 3717797.086499996483326, 4493910.203000001609325 ], [ 3717787.221900001168251, 4493893.669599998742342 ], [ 3717779.446099996566772, 4493880.637499999254942 ], [ 3717760.330899998545647, 4493850.576200000941753 ], [ 3717706.411200001835823, 4493767.781700000166893 ], [ 3717689.260300002992153, 4493739.201299998909235 ], [ 3717666.689900003373623, 4493713.559900000691414 ], [ 3717629.39750000089407, 4493672.136999998241663 ], [ 3717607.634099997580051, 4493642.823899999260902 ], [ 3717604.877099998295307, 4493639.110399998724461 ], [ 3717602.751000002026558, 4493636.066399998962879 ], [ 3717588.696999996900558, 4493615.94480000063777 ], [ 3717554.718900002539158, 4493627.177799999713898 ], [ 3717464.586099997162819, 4493663.858300000429153 ], [ 3717431.596900001168251, 4493673.125500001013279 ], [ 3717397.634499996900558, 4493677.96229999884963 ], [ 3717387.225000001490116, 4493679.784299999475479 ], [ 3717344.964100003242493, 4493687.181099999696016 ], [ 3717299.698299996554852, 4493686.577399998903275 ], [ 3717265.254799999296665, 4493686.984499998390675 ], [ 3717230.336199998855591, 4493680.501899998635054 ], [ 3717133.445799998939037, 4493664.02589999884367 ], [ 3717099.504000000655651, 4493660.497900001704693 ], [ 3717065.561099998652935, 4493657.461899999529123 ], [ 3717065.373800002038479, 4493657.447599999606609 ], [ 3717038.996200002729893, 4493655.428300000727177 ], [ 3716968.126400001347065, 4493662.142000000923872 ], [ 3716934.651199996471405, 4493668.947999998927116 ], [ 3716903.134199999272823, 4493679.695000000298023 ], [ 3716832.722499996423721, 4493700.186999998986721 ], [ 3716808.094099998474121, 4493710.9510000012815 ], [ 3716777.555200003087521, 4493724.160599999129772 ], [ 3716744.552699998021126, 4493738.840300001204014 ], [ 3716692.338699996471405, 4493762.3293999992311 ], [ 3716624.362800002098083, 4493792.668000001460314 ], [ 3716592.345299996435642, 4493806.858199998736382 ], [ 3716515.50789999961853, 4493839.143199998885393 ], [ 3716471.667000003159046, 4493859.208500001579523 ], [ 3716439.650799997150898, 4493872.906599998474121 ], [ 3716317.987199999392033, 4493925.7467 ], [ 3716286.462899997830391, 4493939.445999998599291 ], [ 3716199.276799999177456, 4493978.102000001817942 ], [ 3716165.29110000282526, 4493992.287399999797344 ], [ 3716132.7804000005126, 4494006.968299999833107 ], [ 3716043.13400000333786, 4494045.618299998342991 ], [ 3716010.624399997293949, 4494059.807199999690056 ], [ 3715980.086599998176098, 4494072.524900000542402 ], [ 3715960.875399999320507, 4494081.334199998527765 ], [ 3715909.667300000786781, 4494095.969099998474121 ], [ 3715886.037399999797344, 4494100.831300001591444 ], [ 3715853.055200003087521, 4494107.14640000090003 ], [ 3715817.119599997997284, 4494113.94649999961257 ], [ 3715760.015299998223782, 4494125.122400000691414 ], [ 3715722.593900002539158, 4494135.855000000447035 ], [ 3715690.095100000500679, 4494145.615800000727177 ], [ 3715656.60869999974966, 4494156.850000001490116 ], [ 3715650.527099996805191, 4494158.729200001806021 ], [ 3715650.341600000858307, 4494158.257500000298023 ], [ 3715637.650700002908707, 4494162.707699999213219 ], [ 3715618.692699998617172, 4494168.565400000661612 ], [ 3715639.740000002086163, 4494213.39299999922514 ], [ 3715660.309600003063679, 4494252.315000001341105 ], [ 3715716.633000001311302, 4494358.242400001734495 ], [ 3715737.696099996566772, 4494396.673500001430511 ], [ 3715795.974299997091293, 4494508.018100000917912 ], [ 3715816.054499998688698, 4494545.954599998891354 ], [ 3715824.868699997663498, 4494563.197900000959635 ], [ 3715846.418999999761581, 4494603.598099999129772 ], [ 3715795.642099998891354, 4494642.836199998855591 ], [ 3715765.080200001597404, 4494665.394799999892712 ], [ 3715736.980700001120567, 4494686.975299999117851 ], [ 3715661.549800001084805, 4494747.310499999672174 ], [ 3715634.926399998366833, 4494768.89469999819994 ], [ 3715608.301899999380112, 4494790.971000000834465 ], [ 3715533.364200003445148, 4494850.81529999896884 ], [ 3715505.264700002968311, 4494872.395899999886751 ], [ 3715478.139600001275539, 4494897.915300000458956 ], [ 3715407.615800000727177, 4494963.675200000405312 ], [ 3715359.765600003302097, 4495013.253400001674891 ], [ 3715341.016199998557568, 4495034.364999998360872 ], [ 3715334.606200002133846, 4495039.761700000613928 ], [ 3715324.743699997663498, 4495048.594200000166893 ], [ 3715284.333499997854233, 4495074.080899998545647 ], [ 3715254.765100002288818, 4495092.705600000917912 ], [ 3715225.196800000965595, 4495111.330400001257658 ], [ 3715116.275600001215935, 4495184.376400001347065 ], [ 3714976.800599999725819, 4495276.537000000476837 ], [ 3714946.244499996304512, 4495296.635499998927116 ], [ 3714836.83110000193119, 4495369.680700000375509 ], [ 3714806.769400000572205, 4495388.796300001442432 ], [ 3714787.058700002729893, 4495400.55689999833703 ], [ 3714695.890699997544289, 4495457.409400001168251 ], [ 3714665.335699997842312, 4495477.015900000929832 ], [ 3714606.193899996578693, 4495516.233800001442432 ], [ 3714557.884300000965595, 4495552.526200000196695 ], [ 3714528.309799998998642, 4495573.611200001090765 ], [ 3714450.916400000452995, 4495631.481899999082088 ], [ 3714422.32599999755621, 4495652.569499999284744 ], [ 3714394.229800000786781, 4495672.674199998378754 ], [ 3714367.609999999403954, 4495692.782499998807907 ], [ 3714331.618199996650219, 4495722.216699998825788 ], [ 3714320.263800002634525, 4495737.44200000166893 ], [ 3714302.974600002169609, 4495764.954 ], [ 3714281.745200000703335, 4495793.932399999350309 ], [ 3714259.052100002765656, 4495817.986699998378754 ], [ 3714224.121899999678135, 4495815.932599999010563 ], [ 3714196.55179999768734, 4495822.261300001293421 ], [ 3714127.622299998998642, 4495839.805399999022484 ], [ 3714119.252700001001358, 4495841.752900000661612 ], [ 3714095.603100001811981, 4495854.488000001758337 ], [ 3714036.528899997472763, 4495866.151599999517202 ], [ 3714027.19709999859333, 4495867.812800001353025 ], [ 3714001.086199998855591, 4495872.460999999195337 ], [ 3713965.639700002968311, 4495880.246399998664856 ], [ 3713896.713699996471405, 4495896.314399998635054 ], [ 3713871.120200000703335, 4495899.203600000590086 ], [ 3713836.171899996697903, 4495904.530099999159575 ], [ 3713803.192800000309944, 4495909.36939999833703 ], [ 3713738.2128000035882, 4495921.510600000619888 ], [ 3713707.677199997007847, 4495933.244600001722574 ], [ 3713675.171899996697903, 4495945.465700000524521 ], [ 3713642.667999997735023, 4495957.19480000063777 ], [ 3713549.103500001132488, 4495987.963500000536442 ], [ 3713519.060900002717972, 4495999.206700000911951 ], [ 3713493.415200002491474, 4496023.253899998962879 ], [ 3713424.304999999701977, 4496114.112399999052286 ], [ 3713410.49379999935627, 4496127.855900000780821 ], [ 3713386.346100002527237, 4496143.049800001084805 ], [ 3713307.968099996447563, 4496200.918499998748302 ], [ 3713300.077200002968311, 4496208.279800001531839 ], [ 3713274.442500002682209, 4496227.898699998855591 ], [ 3713246.341399997472763, 4496249.971700001507998 ], [ 3713169.432300001382828, 4496310.796500001102686 ], [ 3713140.358000002801418, 4496328.4386 ], [ 3713111.770999997854233, 4496348.05009999871254 ], [ 3713049.677599996328354, 4496386.769200000911951 ], [ 3713031.433200001716614, 4496402.469900000840425 ], [ 3713004.802199997007847, 4496427.006900001317263 ], [ 3712977.687600001692772, 4496448.098099999129772 ], [ 3712948.0945999994874, 4496476.564300000667572 ], [ 3712938.607799999415874, 4496532.634500000625849 ], [ 3712942.453400000929832, 4496569.547499999403954 ], [ 3712927.124899998307228, 4496600.0168999992311 ], [ 3712925.626999996602535, 4496608.870099999010563 ], [ 3712819.6809, 4496672.083799999207258 ], [ 3712706.33839999884367, 4496741.676100000739098 ], [ 3712676.289599999785423, 4496755.379599999636412 ], [ 3712642.800200000405312, 4496767.598499998450279 ], [ 3712584.193400003015995, 4496789.104499999433756 ], [ 3712549.243500001728535, 4496794.9232 ], [ 3712525.589800000190735, 4496799.593400001525879 ], [ 3712514.783299997448921, 4496801.727099999785423 ], [ 3712511.229800000786781, 4496801.915800001472235 ], [ 3712479.351000003516674, 4496803.608199998736382 ], [ 3712436.691200003027916, 4496804.585900001227856 ], [ 3712382.41160000115633, 4496805.8301 ], [ 3712348.459100000560284, 4496806.238499999046326 ], [ 3712315.475000001490116, 4496813.04619999974966 ], [ 3712288.418499998748302, 4496819.660199999809265 ], [ 3712231.776000000536442, 4496833.506299998611212 ], [ 3712221.918099999427795, 4496840.370900001376867 ], [ 3712206.152000002563, 4496848.696899998933077 ], [ 3712195.840800002217293, 4496839.8147 ], [ 3712175.2533999979496, 4496819.125799998641014 ], [ 3712171.298900000751019, 4496815.151799999177456 ], [ 3712132.528800003230572, 4496773.723999999463558 ], [ 3712073.366800002753735, 4496820.81529999896884 ], [ 3712045.759999997913837, 4496841.905699998140335 ], [ 3711996.950400002300739, 4496881.14979999884963 ], [ 3711963.944399997591972, 4496896.814100001007318 ], [ 3711938.316699996590614, 4496908.151000000536442 ], [ 3711900.893200002610683, 4496924.706000000238419 ], [ 3711864.9324000030756, 4496941.347199998795986 ], [ 3711819.755900003015995, 4496903.84010000154376 ], [ 3711792.746500000357628, 4496882.123399998992682 ], [ 3711764.746899999678135, 4496862.864599999040365 ], [ 3711682.21339999884367, 4496809.519799999892712 ], [ 3711686.720600001513958, 4496777.547400001436472 ], [ 3711693.688000001013279, 4496745.581300001591444 ], [ 3711711.089000001549721, 4496672.800299998372793 ], [ 3711695.883900001645088, 4496653.080800000578165 ], [ 3711677.252700001001358, 4496625.972100000828505 ], [ 3711657.644599996507168, 4496595.908599998801947 ], [ 3711609.632200002670288, 4496511.157499998807907 ], [ 3711592.484399996697903, 4496481.100000001490116 ], [ 3711574.845799997448921, 4496450.549400001764297 ], [ 3711514.10809999704361, 4496338.211899999529123 ], [ 3711429.839400000870228, 4496190.3885000012815 ], [ 3711411.706299997866154, 4496160.820700000971556 ], [ 3711391.136100001633167, 4496121.897999998182058 ], [ 3711335.528399996459484, 4496124.221200000494719 ], [ 3711311.432599999010563, 4496118.257100000977516 ], [ 3711287.823899999260902, 4496114.26240000128746 ], [ 3711239.815399996936321, 4496028.034800000488758 ], [ 3711233.516999997198582, 4495988.163100000470877 ], [ 3711227.69370000064373, 4495955.181200001388788 ], [ 3711224.780199997127056, 4495939.428300000727177 ], [ 3711288.872900001704693, 4495888.412999998778105 ], [ 3711316.973099999129772, 4495866.831999998539686 ], [ 3711326.34179999679327, 4495858.741099998354912 ], [ 3711343.107500001788139, 4495844.261999998241663 ], [ 3711420.021300002932549, 4495781.961100000888109 ], [ 3711446.642899997532368, 4495761.360599998384714 ], [ 3711473.26690000295639, 4495739.776000000536442 ], [ 3711549.192900002002716, 4495678.948899999260902 ], [ 3711586.661399997770786, 4495649.518300000578165 ], [ 3711602.935400001704693, 4495634.796900000423193 ], [ 3711679.847900003194809, 4495572.988200001418591 ], [ 3711707.452399998903275, 4495552.882199998944998 ], [ 3711736.039700001478195, 4495533.270700000226498 ], [ 3711816.383100003004074, 4495476.883200000971556 ], [ 3711840.03660000115633, 4495462.671999998390675 ], [ 3711872.080399997532368, 4495438.148600000888109 ], [ 3711933.693099997937679, 4495395.000300001353025 ], [ 3711985.912000000476837, 4495370.034499999135733 ], [ 3712015.967000000178814, 4495353.870999999344349 ], [ 3712042.095299996435642, 4495333.761399999260902 ], [ 3712067.230899997055531, 4495317.093699999153614 ], [ 3712124.893899999558926, 4495279.348200000822544 ], [ 3712152.5044, 4495256.782000001519918 ], [ 3712204.291900001466274, 4495207.212900001555681 ], [ 3712227.940499998629093, 4495194.969999998807907 ], [ 3712259.462999999523163, 4495182.25450000166893 ], [ 3712292.950099997222424, 4495171.019999999552965 ], [ 3712337.279200002551079, 4495152.923599999397993 ], [ 3712387.528599999845028, 4495128.4452 ], [ 3712414.620200000703335, 4495116.7029 ], [ 3712438.764499999582767, 4495102.985100001096725 ], [ 3712492.978100001811981, 4495067.199400000274181 ], [ 3712524.499399997293949, 4495054.975900001823902 ], [ 3712560.456399999558926, 4495039.811200000345707 ], [ 3712584.609099999070168, 4495022.649099998176098 ], [ 3712675.848800003528595, 4494937.25789999961853 ], [ 3712691.162900000810623, 4494912.693300001323223 ], [ 3712733.205300003290176, 4494824.22859999909997 ], [ 3712751.490000002086163, 4494792.290500000119209 ], [ 3712769.265500001609325, 4494767.239999998360872 ], [ 3712817.278099998831749, 4494688.242400001734495 ], [ 3712823.61150000244379, 4494677.82149999961257 ], [ 3712800.549800001084805, 4494651.686099998652935 ], [ 3712774.532200001180172, 4494627.019400000572205 ], [ 3712706.802699998021126, 4494556.9814000017941 ], [ 3712682.752099998295307, 4494532.811700001358986 ], [ 3712659.687899999320507, 4494507.660300001502037 ], [ 3712591.469999998807907, 4494436.144900001585484 ], [ 3712568.403499998152256, 4494411.97749999910593 ], [ 3712543.864500001072884, 4494386.330299999564886 ], [ 3712474.657600000500679, 4494316.780600000172853 ], [ 3712451.09910000115633, 4494292.612100001424551 ], [ 3712426.558899998664856, 4494267.456799998879433 ], [ 3712357.353299997746944, 4494197.41499999910593 ], [ 3712333.795900002121925, 4494172.7544 ], [ 3712309.255699999630451, 4494147.59910000115633 ], [ 3712239.555699996650219, 4494078.540100000798702 ], [ 3712216.978799998760223, 4494055.357900001108646 ], [ 3712190.963699996471405, 4494029.706999998539686 ], [ 3712175.018700003623962, 4494013.85700000077486 ], [ 3712145.80629999935627, 4493984.818900000303984 ], [ 3712141.871200002729893, 4493984.317200001329184 ], [ 3712126.106200002133846, 4493992.151000000536442 ], [ 3712085.216499999165535, 4494012.223799999803305 ], [ 3712074.462700001895428, 4494017.487399999052286 ], [ 3712052.209299996495247, 4494028.379700001329184 ], [ 3711964.029600001871586, 4494069.985800001770258 ], [ 3711934.964900001883507, 4494083.691100001335144 ], [ 3711902.453299999237061, 4494098.37220000103116 ], [ 3711813.289499998092651, 4494139.975900001823902 ], [ 3711750.234499998390675, 4494169.342700000852346 ], [ 3711661.070600003004074, 4494210.946400001645088 ], [ 3711627.075499996542931, 4494228.576099999248981 ], [ 3711608.832099996507168, 4494243.784499999135733 ], [ 3711601.41610000282526, 4494258.035700000822544 ], [ 3711586.137100003659725, 4494268.330800000578165 ], [ 3711580.719700001180172, 4494270.285599999129772 ], [ 3711520.14190000295639, 4494292.770199999213219 ], [ 3711488.129600003361702, 4494304.500100001692772 ], [ 3711455.626500003039837, 4494315.736900001764297 ], [ 3711447.255599997937679, 4494318.176399998366833 ], [ 3711434.462399996817112, 4494318.144900001585484 ], [ 3711420.698399998247623, 4494312.698100000619888 ], [ 3711410.362999998033047, 4494313.656700000166893 ], [ 3711370.958999998867512, 4494329.796999998390675 ], [ 3711363.5625, 4494336.175299998372793 ], [ 3711348.763300001621246, 4494351.392200000584126 ], [ 3711337.4353, 4494355.792599998414516 ], [ 3711303.460900001227856, 4494365.057599999010563 ], [ 3711230.101899996399879, 4494382.589899998158216 ], [ 3711208.432300001382828, 4494390.409099999815226 ], [ 3711169.625900000333786, 4494409.325199998915195 ], [ 3711168.031800001859665, 4494420.7837999984622 ], [ 3711167.851000003516674, 4494422.083700001239777 ], [ 3711156.650200001895428, 4494445.854800000786781 ], [ 3711155.0912000015378, 4494471.099599998444319 ], [ 3711064.900100000202656, 4494515.249899998307228 ], [ 3710983.908399999141693, 4494526.571199998259544 ], [ 3710903.242799997329712, 4494563.221799999475479 ], [ 3710853.680299997329712, 4494594.992199998348951 ], [ 3710843.669100001454353, 4494601.409600000828505 ], [ 3710842.768100000917912, 4494599.731300000101328 ], [ 3710837.834899999201298, 4494590.541900001466274 ], [ 3710820.366899996995926, 4494558.003100000321865 ], [ 3710704.285599999129772, 4494274.516199998557568 ], [ 3710685.761, 4494279.156700000166893 ], [ 3710602.636500000953674, 4494319.223000001162291 ], [ 3710584.746299996972084, 4494301.693599998950958 ], [ 3710417.863499999046326, 4494092.97069999948144 ], [ 3710262.731799997389317, 4493934.490499999374151 ], [ 3710261.082999996840954, 4493934.435499999672174 ], [ 3710254.464000001549721, 4493934.214699998497963 ], [ 3710254.438799999654293, 4493934.213799998164177 ], [ 3710235.137699998915195, 4493933.56980000063777 ], [ 3710231.581299997866154, 4493935.159299999475479 ], [ 3710190.617600001394749, 4493953.468800000846386 ], [ 3709993.333700001239777, 4494071.687399998307228 ], [ 3709778.849399998784065, 4494190.558800000697374 ], [ 3709575.953199997544289, 4494303.576900001615286 ], [ 3709508.571800000965595, 4494343.536499999463558 ], [ 3709457.344999998807907, 4494394.201999999582767 ], [ 3709364.706600002944469, 4494520.751299999654293 ], [ 3709231.012199997901917, 4494654.764800000935793 ], [ 3709093.870800003409386, 4494801.704799998551607 ], [ 3709085.779399998486042, 4494804.860800001770258 ], [ 3709070.108000002801418, 4494810.973099999129772 ], [ 3709065.500500001013279, 4494805.292199999094009 ], [ 3708963.23480000346899, 4494679.200500000268221 ], [ 3708852.287900000810623, 4494530.849800001829863 ], [ 3708570.20269999653101, 4494333.875 ], [ 3708348.003300003707409, 4494158.741099998354912 ], [ 3708180.368900001049042, 4494059.785599999129772 ], [ 3708006.898999996483326, 4493988.610199999064207 ], [ 3707880.658900000154972, 4493939.344099998474121 ], [ 3707865.532899998128414, 4493933.441100001335144 ], [ 3707855.228799998760223, 4493927.574499998241663 ], [ 3707850.831699997186661, 4493925.071100000292063 ], [ 3707778.011699996888638, 4493883.611099999397993 ], [ 3707560.623700000345707, 4493711.9835 ], [ 3707343.23589999973774, 4493540.355599999427795 ], [ 3707160.751000002026558, 4493400.129900000989437 ], [ 3706909.14130000025034, 4493201.993299998342991 ], [ 3706694.068099997937679, 4493071.860800001770258 ], [ 3706485.71000000089407, 4493002.00450000166893 ], [ 3706207.579300001263618, 4492986.958500001579523 ], [ 3705908.098200000822544, 4492992.897999998182058 ], [ 3705780.596799999475479, 4493001.644299998879433 ], [ 3705756.183399997651577, 4493003.318999998271465 ], [ 3705715.683899998664856, 4493006.097100000828505 ], [ 3705607.668200001120567, 4493038.7347999997437 ], [ 3705528.6338, 4493056.388599999248981 ], [ 3705522.756499998271465, 4493057.701499998569489 ], [ 3705450.737700000405312, 4493105.214999999850988 ], [ 3705364.563500002026558, 4493168.950899999588728 ], [ 3705280.316299997270107, 4493231.261900000274181 ], [ 3705085.375799998641014, 4493398.592799998819828 ], [ 3704977.640600003302097, 4493485.728199999779463 ], [ 3704909.178999997675419, 4493541.099199999123812 ], [ 3704802.826499998569489, 4493604.677799999713898 ], [ 3704747.939599998295307, 4493636.777899999171495 ], [ 3704706.372900001704693, 4493643.7665 ], [ 3704535.9956, 4493654.159699998795986 ], [ 3704248.158900000154972, 4493681.798599999397993 ], [ 3704208.930100001394749, 4493698.541000001132488 ], [ 3704173.569600000977516, 4493726.456300001591444 ], [ 3704157.780599996447563, 4493738.373500000685453 ], [ 3704124.60869999974966, 4493707.149399999529123 ], [ 3704023.220499999821186, 4493616.008000001311302 ], [ 3703819.655699998140335, 4493490.8429000005126 ], [ 3703598.913699999451637, 4493392.903400000184774 ], [ 3703591.121500000357628, 4493390.42509999871254 ], [ 3703518.713699996471405, 4493367.397300001233816 ], [ 3703501.681100003421307, 4493372.471700001507998 ], [ 3703474.823600001633167, 4493404.001299999654293 ], [ 3703349.757500000298023, 4493597.227000001817942 ], [ 3703337.825300000607967, 4493607.029599998146296 ], [ 3703235.428300000727177, 4493658.153200000524521 ], [ 3703140.212700001895428, 4493742.962200000882149 ], [ 3703022.174999997019768, 4493809.934399999678135 ], [ 3702915.052699998021126, 4493892.241700001060963 ], [ 3702751.44879999756813, 4493951.588899999856949 ], [ 3702707.398000001907349, 4493970.974199999123812 ], [ 3702584.758699998259544, 4493955.440400000661612 ], [ 3702521.862300001084805, 4493945.026599999517202 ], [ 3702499.192800000309944, 4493957.204300001263618 ], [ 3702475.588600002229214, 4493983.689500000327826 ], [ 3702345.594400003552437, 4494098.851599998772144 ], [ 3702297.391999997198582, 4494138.572000000625849 ], [ 3702271.256899997591972, 4494098.221400000154972 ], [ 3702178.011500000953674, 4494014.150699999183416 ], [ 3702063.493299998342991, 4493914.152199998497963 ], [ 3701969.984700001776218, 4493797.117600001394749 ], [ 3701813.573899999260902, 4493617.5016999989748 ], [ 3701773.7566, 4493605.721200000494719 ], [ 3701743.927799999713898, 4493610.787500001490116 ], [ 3701680.915399998426437, 4493636.30350000038743 ], [ 3701594.518500000238419, 4493668.118299998342991 ], [ 3701527.64580000191927, 4493669.665399998426437 ], [ 3701452.795400001108646, 4493642.478000000119209 ], [ 3701388.931900002062321, 4493606.508099999278784 ], [ 3701336.796400003135204, 4493555.330200001597404 ], [ 3701267.436099998652935, 4493452.145100001245737 ], [ 3701203.336000002920628, 4493370.907299999147654 ], [ 3701078.807300001382828, 4493201.402699999511242 ], [ 3700803.830399997532368, 4492814.652399998158216 ], [ 3700754.894100002944469, 4492756.95549999922514 ], [ 3700717.813400000333786, 4492752.4529 ], [ 3700538.079700000584126, 4492773.054299999028444 ], [ 3700397.345100000500679, 4492789.1853 ], [ 3700102.6699, 4492805.254799999296665 ], [ 3700102.031400002539158, 4492805.791400000452995 ], [ 3700089.791500002145767, 4492816.076900001615286 ], [ 3700090.3783999979496, 4492844.598799999803305 ], [ 3700131.074000000953674, 4492931.644499998539686 ], [ 3700128.720299996435642, 4492947.48200000077486 ], [ 3700057.15089999884367, 4492993.989900000393391 ], [ 3699920.036700002849102, 4493064.139499999582767 ], [ 3699659.704999998211861, 4493285.608399998396635 ], [ 3699629.14750000089407, 4493336.47069999948144 ], [ 3699629.845799997448921, 4493367.941500000655651 ], [ 3699639.753700003027916, 4493421.702500000596046 ], [ 3699664.037900000810623, 4493517.244100000709295 ], [ 3699706.595200002193451, 4493679.5185999982059 ], [ 3699739.446699999272823, 4493767.354200001806021 ], [ 3699839.957699999213219, 4493926.452199999243021 ], [ 3699993.016099996864796, 4494173.625199999660254 ], [ 3700084.126999996602535, 4494435.445900000631809 ], [ 3700119.2051, 4494539.396899998188019 ], [ 3700123.482600003480911, 4494552.072900000959635 ], [ 3700130.068000003695488, 4494570.033300001174212 ], [ 3700168.17509999871254, 4494627.649300001561642 ], [ 3700288.751299999654293, 4494846.4543999992311 ], [ 3700299.135399997234344, 4494865.298099998384714 ], [ 3700299.541799999773502, 4494866.035599999129772 ], [ 3700313.4956, 4494891.357099998742342 ], [ 3700311.134099997580051, 4494919.9912 ], [ 3700061.704199999570847, 4495052.468100000172853 ], [ 3700019.656199999153614, 4495076.05970000103116 ], [ 3700015.35980000346899, 4495078.470199998468161 ], [ 3699905.561200000345707, 4495140.074000000953674 ], [ 3699736.265500001609325, 4495192.250199999660254 ], [ 3699537.06530000269413, 4495247.526000000536442 ], [ 3699414.262999996542931, 4495305.81700000166893 ], [ 3699348.357500001788139, 4495359.002500001341105 ], [ 3699219.343099996447563, 4495526.295299999415874 ], [ 3699119.143700003623962, 4495648.695999998599291 ], [ 3699052.907200001180172, 4495836.254000000655651 ], [ 3699032.934600003063679, 4495945.776999998837709 ], [ 3698981.203100003302097, 4496061.42339999973774 ], [ 3698967.157799996435642, 4496093.453099999576807 ], [ 3698983.944200001657009, 4496120.871300000697374 ], [ 3698984.454300001263618, 4496121.344200000166893 ], [ 3699018.287500001490116, 4496183.061200000345707 ], [ 3699022.789899997413158, 4496237.028799999505281 ], [ 3699010.960199996829033, 4496262.576499998569489 ], [ 3699000.687299996614456, 4496277.2379 ], [ 3698887.315999999642372, 4496363.718199998140335 ], [ 3698829.653399996459484, 4496322.589099999517202 ], [ 3698635.888999998569489, 4496443.608899999409914 ], [ 3698465.768399998545647, 4496579.725699998438358 ], [ 3698457.476700000464916, 4496586.359999999403954 ], [ 3698446.716700002551079, 4496594.969200000166893 ], [ 3698466.518299996852875, 4496609.351199999451637 ], [ 3698475.056599996984005, 4496615.5526 ], [ 3698482.282200001180172, 4496637.42680000141263 ], [ 3698483.766999997198582, 4496650.659099999815226 ], [ 3698443.879600003361702, 4496806.216299999505281 ], [ 3698423.707500003278255, 4496871.453400000929832 ], [ 3698378.108300000429153, 4497032.148899998515844 ], [ 3698363.679300002753735, 4497132.113000001758337 ], [ 3698335.024499997496605, 4497220.311099998652935 ], [ 3698273.289099998772144, 4497370.789900001138449 ], [ 3698245.205700002610683, 4497422.053800001740456 ], [ 3698209.490000002086163, 4497466.716099999845028 ], [ 3698099.195100001990795, 4497556.526099998503923 ], [ 3697936.638999998569489, 4497669.968699999153614 ], [ 3697788.043499998748302, 4497736.126299999654293 ], [ 3697644.63910000026226, 4497783.3849 ], [ 3697482.300300002098083, 4497850.554299999028444 ], [ 3697399.429200001060963, 4497884.69539999961853 ], [ 3697238.599399998784065, 4497926.706300001591444 ], [ 3696985.1426, 4498005.19539999961853 ], [ 3696848.043300002813339, 4498063.042500000447035 ], [ 3696586.990199998021126, 4498135.911800000816584 ], [ 3696509.590700000524521, 4498166.899000000208616 ], [ 3696491.961199998855591, 4498173.957100000232458 ], [ 3696467.833200000226498, 4498186.681600000709295 ], [ 3696426.598300002515316, 4498228.599399998784065 ], [ 3696363.347999997437, 4498261.013799998909235 ], [ 3696355.383000001311302, 4498271.650600001215935 ], [ 3696350.664200000464916, 4498290.039700001478195 ], [ 3696355.260200001299381, 4498372.552499998360872 ], [ 3696343.127300001680851, 4498455.205600000917912 ], [ 3696177.50959999859333, 4498761.206900000572205 ], [ 3696094.050999999046326, 4498910.0489999987185 ], [ 3696091.845299996435642, 4498929.81980000063777 ], [ 3696084.255400002002716, 4499002.458099998533726 ], [ 3696075.523299999535084, 4499318.280499998480082 ], [ 3696068.464000001549721, 4499417.969700001180172 ], [ 3696082.233000002801418, 4499521.793200001120567 ], [ 3696112.836300000548363, 4499667.309000000357628 ], [ 3696100.591899998486042, 4499747.014699999243021 ], [ 3696078.435000002384186, 4499837.923500001430511 ], [ 3696062.608999997377396, 4499896.849899999797344 ], [ 3696061.388800002634525, 4499901.393300000578165 ], [ 3696055.999399997293949, 4499921.460099998861551 ], [ 3696057.767200000584126, 4499940.847800001502037 ], [ 3696060.203599996864796, 4499967.567299999296665 ], [ 3696033.441200003027916, 4500105.901200000196695 ], [ 3696003.021799996495247, 4500199.583799999207258 ], [ 3695957.452600002288818, 4500335.183800000697374 ], [ 3695952.029500000178814, 4500360.982999999076128 ], [ 3695977.9331, 4500525.3816 ], [ 3695966.002700001001358, 4500587.357299998402596 ], [ 3695956.127300001680851, 4500599.543400000780821 ], [ 3695843.519599996507168, 4500702.345300000160933 ], [ 3695804.830600000917912, 4500737.665100000798702 ], [ 3695797.098700001835823, 4500767.48930000141263 ], [ 3695799.390799999237061, 4500789.059399999678135 ], [ 3695828.087300002574921, 4501222.58729999884963 ], [ 3695880.487999998033047, 4501786.6184 ], [ 3695882.039300002157688, 4501803.316300000995398 ], [ 3695991.978900000452995, 4501808.0185999982059 ], [ 3696007.781300000846386, 4501809.389899998903275 ], [ 3696082.289399996399879, 4501853.331900000572205 ], [ 3696175.660499997437, 4501901.482299998402596 ], [ 3696260.312700003385544, 4501927.320999998599291 ], [ 3696404.096100002527237, 4501980.947799999266863 ], [ 3696519.8059, 4502008.0724 ], [ 3696722.751000002026558, 4502012.208999998867512 ], [ 3696750.8596, 4502013.606800001114607 ], [ 3696820.57039999961853, 4502021.798500001430511 ], [ 3696989.891099996864796, 4502047.878800000995398 ], [ 3697075.348499998450279, 4502055.966600000858307 ], [ 3697238.805799998342991, 4502057.165800001472235 ], [ 3697419.048500001430511, 4502059.6985 ], [ 3697494.3596, 4502059.802299998700619 ], [ 3697605.688500002026558, 4502049.191100001335144 ], [ 3697654.123800002038479, 4502041.451999999582767 ], [ 3697682.620300002396107, 4502027.084199998527765 ], [ 3697752.912600003182888, 4502011.6272 ], [ 3698011.69370000064373, 4502021.522700000554323 ], [ 3698160.41610000282526, 4502036.56700000166893 ], [ 3698189.611199997365475, 4502053.673700001090765 ], [ 3698204.388400003314018, 4502092.982700001448393 ], [ 3698247.093000002205372, 4502089.889899998903275 ], [ 3698273.533100001513958, 4502099.225499998778105 ], [ 3698300.823899999260902, 4502170.054299999028444 ], [ 3698313.002700001001358, 4502192.72690000012517 ], [ 3698362.899599999189377, 4502236.613400001078844 ], [ 3698447.353399999439716, 4502309.2162000015378 ], [ 3698548.043799996376038, 4502446.66780000180006 ], [ 3698628.519299998879433, 4502596.204999998211861 ], [ 3698668.006800003349781, 4502755.169399999082088 ], [ 3698700.629199996590614, 4502833.96169999986887 ], [ 3698711.345899999141693, 4502859.845499999821186 ], [ 3698743.276699997484684, 4502949.2029 ], [ 3698847.290399998426437, 4503252.403400000184774 ], [ 3698883.414200000464916, 4503348.493200000375509 ], [ 3698900.715300001204014, 4503467.445300001651049 ], [ 3698909.914800003170967, 4503541.420800000429153 ], [ 3698955.179499998688698, 4503683.925000000745058 ], [ 3698972.705200001597404, 4503743.803599998354912 ], [ 3698995.279700003564358, 4503833.023899998515844 ], [ 3699031.597900003194809, 4503921.2314000017941 ], [ 3699053.380300000309944, 4503944.2621 ], [ 3699068.002499997615814, 4503959.722300000488758 ], [ 3699204.390900000929832, 4504090.901000000536442 ], [ 3699237.253100000321865, 4504156.543200001120567 ], [ 3699259.770199999213219, 4504201.521000001579523 ], [ 3699260.883599996566772, 4504204.924499999731779 ], [ 3699388.704800002276897, 4504343.810699999332428 ], [ 3699548.757600001990795, 4504514.946800000965595 ], [ 3699582.474299997091293, 4504560.430399999022484 ], [ 3699608.296999998390675, 4504657.4037000015378 ], [ 3699634.544200003147125, 4504739.594200000166893 ], [ 3699666.816399998962879, 4504798.914599999785423 ], [ 3699758.967500001192093, 4504970.653999999165535 ], [ 3699804.857100002467632, 4505051.608600001782179 ], [ 3699876.838299997150898, 4505223.620099999010563 ], [ 3699926.656999997794628, 4505408.284699998795986 ], [ 3700033.988899998366833, 4505811.778900001198053 ], [ 3700086.557099997997284, 4506017.013900000602007 ], [ 3700102.4054000005126, 4506071.542700000107288 ], [ 3700167.499600000679493, 4506191.640700001269579 ], [ 3700260.890100002288818, 4506318.049899999052286 ], [ 3700278.07150000333786, 4506355.792599998414516 ], [ 3700275.450300000607967, 4506377.549899999052286 ], [ 3700274.378200002014637, 4506401.217500001192093 ], [ 3700280.44820000231266, 4506431.50560000166297 ], [ 3700291.943499997258186, 4506462.080400001257658 ], [ 3700321.279500000178814, 4506534.803100001066923 ], [ 3700365.707900002598763, 4506629.103999998420477 ], [ 3700396.980099998414516, 4506687.970899999141693 ], [ 3700397.472300000488758, 4506689.188499998301268 ], [ 3700415.990199998021126, 4506734.996899999678135 ], [ 3700449.582500003278255, 4506803.128199998289347 ], [ 3700485.58389999717474, 4506856.8935999982059 ], [ 3700530.619099996984005, 4506915.239100001752377 ], [ 3700580.495099999010563, 4506971.432199999690056 ], [ 3700648.065999999642372, 4507026.954599998891354 ], [ 3700695.49889999628067, 4507057.644099999219179 ], [ 3700743.281400002539158, 4507071.584399998188019 ], [ 3700797.04389999806881, 4507074.469000000506639 ], [ 3700850.620200000703335, 4507072.438400000333786 ], [ 3700913.125500001013279, 4507059.240200001746416 ], [ 3700978.817699998617172, 4507026.231899999082088 ], [ 3701007.519500002264977, 4507017.268300000578165 ], [ 3701031.131300002336502, 4507016.865499999374151 ], [ 3701052.870200000703335, 4507018.994899999350309 ], [ 3701086.629199996590614, 4507026.575399998575449 ], [ 3701119.910999998450279, 4507031.2379 ], [ 3701133.640699997544289, 4507033.161299999803305 ], [ 3701169.510399997234344, 4507018.511399999260902 ], [ 3701207.733000002801418, 4506988.021099999547005 ], [ 3701239.011200003325939, 4506969.114999998360872 ], [ 3701292.582800000905991, 4506940.996100001037121 ], [ 3701433.151799999177456, 4506844.605000000447035 ], [ 3701502.88289999961853, 4506788.308699999004602 ], [ 3701566.410499997437, 4506737.169799998402596 ], [ 3701634.785700000822544, 4506671.080299999564886 ], [ 3701688.389499999582767, 4506617.856699999421835 ], [ 3701751.555699996650219, 4506570.177000001072884 ], [ 3701816.688000001013279, 4506522.422899998724461 ], [ 3701841.874200001358986, 4506511.623500000685453 ], [ 3701877.743500001728535, 4506496.973499998450279 ], [ 3701916.811099998652935, 4506475.803300000727177 ], [ 3701954.59740000218153, 4506446.806099999696016 ], [ 3702024.979999996721745, 4506407.712900001555681 ], [ 3702068.247500002384186, 4506380.476700000464916 ], [ 3702115.435400001704693, 4506339.802000001072884 ], [ 3702156.625, 4506309.691100001335144 ], [ 3702201.385600000619888, 4506282.890700001269579 ], [ 3702228.04619999974966, 4506272.035199999809265 ], [ 3702310.637000001966953, 4506204.422400001436472 ], [ 3702378.400700002908707, 4506148.200800001621246 ], [ 3702420.037399999797344, 4506129.886300001293421 ], [ 3702440.42960000038147, 4506174.397399999201298 ], [ 3702465.13849999755621, 4506241.8794 ], [ 3702495.205200001597404, 4506294.883699998259544 ], [ 3702531.114200003445148, 4506346.189800001680851 ], [ 3702628.968900002539158, 4506473.410300001502037 ], [ 3702782.133000001311302, 4506644.309999998658895 ], [ 3702919.36599999666214, 4506771.5135000012815 ], [ 3703040.304799996316433, 4506897.3662 ], [ 3703145.335600003600121, 4507006.101799998432398 ], [ 3703186.224399998784065, 4507040.310499999672174 ], [ 3703186.281599998474121, 4507040.358300000429153 ], [ 3703192.613099999725819, 4507045.6554000005126 ], [ 3703214.7128000035882, 4507044.324799999594688 ], [ 3703253.449600003659725, 4507040.394400000572205 ], [ 3703283.774599999189377, 4507035.306200001388788 ], [ 3703327.295999996364117, 4507027.748399998992682 ], [ 3703412.21679999679327, 4507021.5735 ], [ 3703455.775499999523163, 4507014.9989 ], [ 3703522.21169999986887, 4507001.649399999529123 ], [ 3703603.318800002336502, 4506985.774399999529123 ], [ 3703660.944899998605251, 4506973.743700001388788 ], [ 3703718.820100001990795, 4506955.304499998688698 ], [ 3703759.13120000064373, 4506940.977200001478195 ], [ 3703794.813400000333786, 4506921.411200001835823 ], [ 3703826.246500000357628, 4506893.638399999588728 ], [ 3703831.951300002634525, 4506888.505699999630451 ], [ 3703874.795999996364117, 4506849.957400001585484 ], [ 3703940.543099999427795, 4506779.535799998790026 ], [ 3704051.230999998748302, 4506661.1404 ], [ 3704117.581200003623962, 4506593.649500001221895 ], [ 3704141.622599996626377, 4506565.665100000798702 ], [ 3704157.911700002849102, 4506540.928199999034405 ], [ 3704191.074699997901917, 4506493.893300000578165 ], [ 3704218.16499999910593, 4506455.456599999219179 ], [ 3704270.759199999272823, 4506375.690099999308586 ], [ 3704309.136699996888638, 4506297.447700001299381 ], [ 3704321.270999997854233, 4506228.076699998229742 ], [ 3704361.160199999809265, 4506150.761300001293421 ], [ 3704438.448100000619888, 4506060.213799998164177 ], [ 3704557.78830000013113, 4505949.366399999707937 ], [ 3704701.722099997103214, 4505838.078000001609325 ], [ 3704848.380699999630451, 4505720.779699999839067 ], [ 3704993.340499997138977, 4505597.6393 ], [ 3705020.185599997639656, 4505570.487100001424551 ], [ 3705048.823700003325939, 4505541.521499998867512 ], [ 3705061.598999999463558, 4505528.600000001490116 ], [ 3705109.86710000038147, 4505477.546900000423193 ], [ 3705128.071400001645088, 4505477.348200000822544 ], [ 3705152.860699996352196, 4505501.510200001299381 ], [ 3705157.6699, 4505506.197700001299381 ], [ 3705177.649999998509884, 4505525.672200001776218 ], [ 3705191.293099999427795, 4505544.0801 ], [ 3705197.425499998033047, 4505552.354200001806021 ], [ 3705252.873000003397465, 4505627.166299998760223 ], [ 3705287.637800000607967, 4505700.171 ], [ 3705334.316399998962879, 4505801.76410000026226 ], [ 3705375.794600002467632, 4505870.084100000560284 ], [ 3705456.586900003254414, 4505949.709399998188019 ], [ 3705547.987300001084805, 4506023.5176 ], [ 3705617.649599999189377, 4506095.197799999266863 ], [ 3705663.2346, 4506154.994199998676777 ], [ 3705702.6853, 4506195.827100001275539 ], [ 3705745.832000002264977, 4506217.323100000619888 ], [ 3705943.042400002479553, 4506511.0724 ], [ 3705967.436599999666214, 4506647.967199999839067 ], [ 3706016.057899996638298, 4506800.677799999713898 ], [ 3706083.773800000548363, 4506989.5801 ], [ 3706096.260499998927116, 4507085.088899999856949 ], [ 3706045.441799998283386, 4507094.894200000911951 ], [ 3705887.186899997293949, 4507153.07880000025034 ], [ 3705689.921300001442432, 4507272.7956000007689 ], [ 3705499.685000002384186, 4507435.068799998611212 ], [ 3705341.415200002491474, 4507596.6206 ], [ 3705289.354400001466274, 4507657.819899998605251 ], [ 3705209.008599996566772, 4507752.268699999898672 ], [ 3705155.251999996602535, 4507814.361299999058247 ], [ 3705028.761600002646446, 4507970.277199998497963 ], [ 3704891.911399997770786, 4508125.602299999445677 ], [ 3704840.589199997484684, 4508182.1831 ], [ 3704826.712200000882149, 4508197.481800001114607 ], [ 3704817.225400000810623, 4508212.203499998897314 ], [ 3704806.231799997389317, 4508229.263399999588728 ], [ 3704763.957599997520447, 4508294.864599999040365 ], [ 3704709.316299997270107, 4508385.540600001811981 ], [ 3704676.489100001752377, 4508441.424499999731779 ], [ 3704576.663400001823902, 4508612.57319999858737 ], [ 3704491.005400002002716, 4508729.038600001484156 ], [ 3704436.015500001609325, 4508797.5777000002563 ], [ 3704378.008100003004074, 4508851.464299999177456 ], [ 3704346.879699997603893, 4508874.304200001060963 ], [ 3704312.080200001597404, 4508904.174800001084805 ], [ 3704297.365199998021126, 4508918.515999998897314 ], [ 3704270.780799999833107, 4508951.768500000238419 ], [ 3704261.65089999884367, 4508963.188400000333786 ], [ 3704277.690499998629093, 4508983.745799999684095 ], [ 3704310.976700000464916, 4509030.721599999815226 ], [ 3704380.871699996292591, 4509134.3918999992311 ], [ 3704458.973099999129772, 4509272.6996 ], [ 3704538.50620000064373, 4509383.879900000989437 ], [ 3704593.326499998569489, 4509466.464000001549721 ], [ 3704623.564300000667572, 4509523.8926 ], [ 3704655.625, 4509603.402899999171495 ], [ 3704681.55120000243187, 4509663.948800001293421 ], [ 3704695.226800002157688, 4509687.057 ], [ 3704720.394299998879433, 4509714.651500001549721 ], [ 3704753.140000000596046, 4509747.372900001704693 ], [ 3704788.057199999690056, 4509785.426699999719858 ], [ 3704831.36150000244379, 4509836.944499999284744 ], [ 3704846.418499998748302, 4509857.539200000464916 ], [ 3704903.58500000089407, 4509975.967999998480082 ], [ 3704926.288699999451637, 4510016.454300001263618 ], [ 3704945.190800003707409, 4510060.530699998140335 ], [ 3704988.930799998342991, 4510149.442800000309944 ], [ 3705032.670999996364117, 4510238.354600001126528 ], [ 3705055.530299998819828, 4510308.861999999731779 ], [ 3705075.52139999717474, 4510407.536299999803305 ], [ 3705105.26240000128746, 4510555.557399999350309 ], [ 3705117.146499998867512, 4510609.2533 ], [ 3705128.837600000202656, 4510631.94480000063777 ], [ 3705144.417499996721745, 4510666.3026 ], [ 3705228.041400000452995, 4510768.467700000852346 ], [ 3705259.999899998307228, 4510804.135600000619888 ], [ 3705268.136200003325939, 4510813.216299999505281 ], [ 3705275.098700001835823, 4510841.0099 ], [ 3705300.907700002193451, 4510872.518100000917912 ], [ 3705334.630999997258186, 4510879.113299999386072 ], [ 3705364.913599997758865, 4510885.839099999517202 ], [ 3705420.625500001013279, 4510888.153400000184774 ], [ 3705472.672600001096725, 4510884.69990000128746 ], [ 3705507.304300002753735, 4510889.291499998420477 ], [ 3705556.831500001251698, 4510897.255300000309944 ], [ 3705593.504100002348423, 4510903.738299999386072 ], [ 3705622.087999999523163, 4510904.621599998325109 ], [ 3705681.756899997591972, 4510894.479200001806021 ], [ 3705710.284800000488758, 4510893.887800000607967 ], [ 3705728.845100000500679, 4510903.027800001204014 ], [ 3705790.051100000739098, 4510920.392700001597404 ], [ 3705837.898299999535084, 4510923.005399998277426 ], [ 3705915.903499998152256, 4510916.104299999773502 ], [ 3705938.663599997758865, 4510919.177799999713898 ], [ 3705971.8766999989748, 4510925.299699999392033 ], [ 3706000.85869999974966, 4510923.706599999219179 ], [ 3706044.362800002098083, 4510915.654599998146296 ], [ 3706075.124200001358986, 4510909.0713 ], [ 3706097.840999998152256, 4510923.960200000554323 ], [ 3706141.494999997317791, 4510958.728000000119209 ], [ 3706180.445100001990795, 4510986.290800001472235 ], [ 3706205.146700002253056, 4511001.596500001847744 ], [ 3706236.20099999755621, 4511015.676300000399351 ], [ 3706287.464299999177456, 4511030.46510000154376 ], [ 3706401.489, 4511051.729699999094009 ], [ 3706447.973600000143051, 4511057.347300000488758 ], [ 3706488.858599998056889, 4511071.05350000038743 ], [ 3706567.473999999463558, 4511093.171 ], [ 3706606.056699998676777, 4511098.104100000113249 ], [ 3706636.930100001394749, 4511094.469900000840425 ], [ 3706693.027300000190735, 4511081.0165 ], [ 3706740.506800003349781, 4511060.999299999326468 ], [ 3706803.111900001764297, 4511037.453699998557568 ], [ 3706870.246799997985363, 4511029.488000001758337 ], [ 3706946.945100001990795, 4511027.065499998629093 ], [ 3706960.781800001859665, 4510989.621199999004602 ], [ 3706970.822800002992153, 4510942.968600001186132 ], [ 3706988.006800003349781, 4510902.936000000685453 ], [ 3707023.265500001609325, 4510859.2632 ], [ 3707075.877300001680851, 4510818.868700001388788 ], [ 3707079.23369999974966, 4510920.143399998545647 ], [ 3707085.898000001907349, 4510940.072200000286102 ], [ 3707107.240599997341633, 4510983.563200000673532 ], [ 3707132.179300002753735, 4511018.057100001722574 ], [ 3707145.968000002205372, 4511044.114399999380112 ], [ 3707183.910800002515316, 4511084.020899999886751 ], [ 3707210.305399999022484, 4511117.967300001531839 ], [ 3707242.145599998533726, 4511191.578400000929832 ], [ 3707285.262199997901917, 4511328.753199998289347 ], [ 3707294.185900002717972, 4511369.270599998533726 ], [ 3707301.249700002372265, 4511425.610500000417233 ], [ 3707308.800700001418591, 4511533.618099998682737 ], [ 3707312.472800001502037, 4511565.474800001829863 ], [ 3707312.113399997353554, 4511607.821699999272823 ], [ 3707302.4966000020504, 4511678.579 ], [ 3707309.561899997293949, 4511773.806699998676777 ], [ 3707317.534199997782707, 4511828.143500000238419 ], [ 3707376.767700001597404, 4511987.842399999499321 ], [ 3707384.689800001680851, 4512027.905900001525879 ], [ 3707390.583999998867512, 4512079.368299998342991 ], [ 3707384.438400000333786, 4512124.88910000026226 ], [ 3707377.347000002861023, 4512171.430500000715256 ], [ 3707378.772799998521805, 4512195.988800000399351 ], [ 3707381.237700000405312, 4512221.984499998390675 ], [ 3707398.655900001525879, 4512291.714699998497963 ], [ 3707430.012900002300739, 4512391.434500001370907 ], [ 3707465.122699998319149, 4512512.178899999707937 ], [ 3707522.664300002157688, 4512653.23759999871254 ], [ 3707574.847800001502037, 4512769.887299999594688 ], [ 3707626.233599998056889, 4512852.601799998432398 ], [ 3707706.945900000631809, 4512968.659299999475479 ], [ 3707719.124300003051758, 4513004.131000000983477 ], [ 3707757.020000003278255, 4513068.652699999511242 ], [ 3707800.982600003480911, 4513137.374000001698732 ], [ 3707960.66499999910593, 4513336.574099998921156 ], [ 3707997.335100002586842, 4513394.743000000715256 ], [ 3708033.345499999821186, 4513448.506700001657009 ], [ 3708051.005900003015995, 4513485.73930000141263 ], [ 3708047.232699997723103, 4513554.799100000411272 ], [ 3708049.825499996542931, 4513635.923500001430511 ], [ 3708057.281099997460842, 4513663.698899999260902 ], [ 3708112.747100003063679, 4513761.741999998688698 ], [ 3708114.804399996995926, 4513765.378499999642372 ], [ 3708115.573299996554852, 4513766.636900000274181 ], [ 3708202.993199996650219, 4513909.703200001269579 ], [ 3708291.473800003528595, 4514035.803199999034405 ], [ 3708323.520499996840954, 4514075.934500001370907 ], [ 3708445.632799997925758, 4514206.170200001448393 ], [ 3708491.186099998652935, 4514258.378100000321865 ], [ 3708499.6765, 4514268.108899999409914 ], [ 3708407.702299997210503, 4514309.019400000572205 ], [ 3708389.907499998807907, 4514320.0337999984622 ], [ 3708253.1316, 4514438.45719999819994 ], [ 3708108.802699998021126, 4514578.335400000214577 ], [ 3707956.538999997079372, 4514703.747499998658895 ], [ 3707833.424099996685982, 4514793.099899999797344 ], [ 3707715.088100001215935, 4514891.623799998313189 ], [ 3707496.935199998319149, 4515019.0493 ], [ 3707456.081600002944469, 4515058.015500001609325 ], [ 3707385.300800003111362, 4515138.486000001430511 ], [ 3707375.445299997925758, 4515151.167599998414516 ], [ 3707306.585699997842312, 4515204.4901 ], [ 3707235.21509999781847, 4515247.258699998259544 ], [ 3707212.730999998748302, 4515260.732200000435114 ], [ 3707115.242700003087521, 4515324.988800000399351 ], [ 3707083.77139999717474, 4515351.783700000494719 ], [ 3706991.74040000140667, 4515429.871800001710653 ], [ 3706903.983900003135204, 4515504.333000000566244 ], [ 3706758.733999997377396, 4515636.559799998998642 ], [ 3706709.854099996387959, 4515681.057100001722574 ], [ 3706693.307300001382828, 4515702.261799998581409 ], [ 3706656.81530000269413, 4515749.026500001549721 ], [ 3706644.137100003659725, 4515765.273699998855591 ], [ 3706658.215499997138977, 4515829.063900001347065 ], [ 3706659.005400002002716, 4515832.642799999564886 ], [ 3706767.389300003647804, 4516016.080299999564886 ], [ 3706772.75110000371933, 4516025.026599999517202 ], [ 3706772.755800001323223, 4516025.034400001168251 ], [ 3706900.372900001704693, 4516237.96510000154376 ], [ 3706982.136600002646446, 4516381.555799998342991 ], [ 3707006.487300001084805, 4516426.412000000476837 ], [ 3707027.894100002944469, 4516458.580899998545647 ], [ 3707212.617899999022484, 4516655.853300001472235 ], [ 3707277.125, 4516746.933800000697374 ], [ 3707417.322700001299381, 4516951.314800001680851 ], [ 3707436.857100002467632, 4516986.016199998557568 ], [ 3707521.043399997055531, 4517128.530499998480082 ], [ 3707638.0132, 4517317.549600001424551 ], [ 3707697.736599996685982, 4517412.258299998939037 ], [ 3707740.377999998629093, 4517484.971599999815226 ], [ 3707759.252899996936321, 4517515.267799999564886 ], [ 3707770.313299998641014, 4517560.13740000128746 ], [ 3707771.310699999332428, 4517563.879700001329184 ], [ 3707781.22410000115633, 4517601.074499998241663 ], [ 3707784.97240000218153, 4517634.89979999884963 ], [ 3707774.205700002610683, 4517701.276099998503923 ], [ 3707775.105999998748302, 4517763.762600000947714 ], [ 3707781.330899998545647, 4517797.986099999397993 ], [ 3707794.344400003552437, 4517829.489799998700619 ], [ 3707821.514799997210503, 4517870.793099999427795 ], [ 3707829.430799998342991, 4517884.768300000578165 ], [ 3707830.750600002706051, 4517893.5793999992311 ], [ 3707818.413099996745586, 4517918.663199998438358 ], [ 3707777.630800001323223, 4518011.288600001484156 ], [ 3707724.815399996936321, 4518124.063499998301268 ], [ 3707702.790500000119209, 4518166.254000000655651 ], [ 3707691.000699996948242, 4518189.154800001531839 ], [ 3707668.409299999475479, 4518233.036899998784065 ], [ 3707644.236299999058247, 4518257.586599998176098 ], [ 3707591.714500002563, 4518300.4452 ], [ 3707516.737499997019768, 4518374.187699999660254 ], [ 3707498.612999998033047, 4518402.445700000971556 ], [ 3707453.6919, 4518480.494600001722574 ], [ 3707451.973899997770786, 4518483.479400001466274 ], [ 3707447.221100002527237, 4518500.890500001609325 ], [ 3707505.193199999630451, 4518627.174199998378754 ], [ 3707530.790299996733665, 4518678.8761 ], [ 3707607.854500003159046, 4518815.26410000026226 ], [ 3707697.614799998700619, 4518974.799600001424551 ], [ 3707704.660099998116493, 4518991.761799998581409 ], [ 3707701.419399999082088, 4519010.100099999457598 ], [ 3707684.3904, 4519041.270700000226498 ], [ 3707602.867399998009205, 4519124.124699998646975 ], [ 3707554.291199997067451, 4519180.125900000333786 ], [ 3707313.044399999082088, 4519438.408300001174212 ], [ 3707087.045999996364117, 4519670.511500000953674 ], [ 3706971.706600002944469, 4519795.558499999344349 ], [ 3706965.289599999785423, 4519803.415699999779463 ], [ 3706805.508299998939037, 4519939.812899999320507 ], [ 3706786.265900000929832, 4519959.939899999648333 ], [ 3706749.78320000320673, 4519986.91270000115037 ], [ 3706613.755900003015995, 4520070.22410000115633 ], [ 3706592.576200000941753, 4520083.626899998635054 ], [ 3706586.64750000089407, 4520087.378699999302626 ], [ 3706586.4912, 4520087.531700000166893 ], [ 3706556.062299996614456, 4520117.318900000303984 ], [ 3706548.208200000226498, 4520122.444600000977516 ], [ 3706540.289300002157688, 4520127.6129 ], [ 3706390.909400001168251, 4520236.971200000494719 ], [ 3706390.591399997472763, 4520237.382500000298023 ], [ 3706385.972300000488758, 4520243.355900000780821 ], [ 3706384.965700000524521, 4520252.210999999195337 ], [ 3706387.879699997603893, 4520267.473200000822544 ], [ 3706400.550700001418591, 4520316.222199998795986 ], [ 3706424.416500002145767, 4520413.716600000858307 ], [ 3706443.429999999701977, 4520484.1338 ], [ 3706479.135799996554852, 4520569.848099999129772 ], [ 3706495.288900002837181, 4520603.843299999833107 ], [ 3706508.016000002622604, 4520630.448399998247623 ], [ 3706540.334600001573563, 4520693.51799999922514 ], [ 3706560.9265, 4520723.587699998170137 ], [ 3706589.860200002789497, 4520763.028299998492002 ], [ 3706635.967399999499321, 4520822.195999998599291 ], [ 3706664.166000001132488, 4520857.792599998414516 ], [ 3706678.152800001204014, 4520875.448699999600649 ], [ 3706708.080700002610683, 4520910.9551 ], [ 3706720.833999998867512, 4520927.226399999111891 ], [ 3706746.313299998641014, 4520970.594999998807907 ], [ 3706776.722199998795986, 4521010.531399998813868 ], [ 3706804.707900002598763, 4521035.698899999260902 ], [ 3706823.352700002491474, 4521057.398200001567602 ], [ 3706863.586099997162819, 4521104.248799998313189 ], [ 3706919.509199999272823, 4521173.775299999862909 ], [ 3706961.697300001978874, 4521226.0439000017941 ], [ 3706973.984200000762939, 4521244.822999998927116 ], [ 3706986.207500003278255, 4521263.504999998956919 ], [ 3706995.537399999797344, 4521271.402100000530481 ], [ 3707041.769100002944469, 4521281.360800001770258 ], [ 3707070.775200001895428, 4521292.260000001639128 ], [ 3707105.631800003349781, 4521324.826299998909235 ], [ 3707156.6765, 4521377.609299998730421 ], [ 3707210.640299998223782, 4521443.686299998313189 ], [ 3707232.733499996364117, 4521463.918000001460314 ], [ 3707260.718299999833107, 4521489.577599998563528 ], [ 3707311.750699996948242, 4521547.281500000506639 ], [ 3707381.482699997723103, 4521605.032699998468161 ], [ 3707427.146899998188019, 4521645.007599998265505 ], [ 3707454.128899998962879, 4521678.046100001782179 ], [ 3707468.34009999781847, 4521701.702599998563528 ], [ 3707468.363200001418591, 4521701.739100001752377 ], [ 3707482.064099997282028, 4521723.389400001615286 ], [ 3707480.869099996984005, 4521807.042899999767542 ], [ 3707473.909000001847744, 4521835.07490000128746 ], [ 3707467.966700002551079, 4521849.822900000959635 ], [ 3707415.583800002932549, 4521937.284200001507998 ], [ 3707306.401399999856949, 4522107.27479999884963 ], [ 3707305.871899999678135, 4522107.91609999909997 ], [ 3707303.876999996602535, 4522110.332299999892712 ], [ 3707260.989600002765656, 4522162.275299999862909 ], [ 3707143.494499996304512, 4522311.084899999201298 ], [ 3707034.296400003135204, 4522486.980900000780821 ], [ 3706997.189099997282028, 4522566.11540000140667 ], [ 3706996.380999997258186, 4522568.519299998879433 ], [ 3706994.214100003242493, 4522574.965700000524521 ], [ 3706972.3108000010252, 4522674.3147 ], [ 3706950.473300002515316, 4522747.582600001245737 ], [ 3706961.016099996864796, 4522859.808400001376867 ], [ 3706952.968599997460842, 4522928.682300001382828 ], [ 3706963.5176, 4523038.447799999266863 ], [ 3706978.070500001311302, 4523121.649900000542402 ], [ 3706997.960799999535084, 4523234.8838 ], [ 3706987.821800000965595, 4523352.470899999141693 ], [ 3706989.611199997365475, 4523423.33839999884367 ], [ 3707007.180200003087521, 4523481.451099999248981 ], [ 3707052.657399997115135, 4523595.734200000762939 ], [ 3707102.9463, 4523753.334800001233816 ], [ 3707151.360100001096725, 4523874.022900000214577 ], [ 3707198.875500001013279, 4523960.753499999642372 ], [ 3707265.097199998795986, 4524045.070900000631809 ], [ 3707343.570600003004074, 4524149.595499999821186 ], [ 3707361.865800000727177, 4524190.224899999797344 ], [ 3707376.847499996423721, 4524223.4956 ], [ 3707370.877700001001358, 4524249.0702 ], [ 3707361.469400003552437, 4524272.1754 ], [ 3707323.434500001370907, 4524328.671900000423193 ], [ 3707260.626500003039837, 4524392.160900000482798 ], [ 3707230.681599996984005, 4524422.430500000715256 ], [ 3707155.349899999797344, 4524506.671700000762939 ], [ 3707051.540500000119209, 4524622.758699998259544 ], [ 3707051.273699998855591, 4524622.843400001525879 ], [ 3706976.187299996614456, 4524646.681800000369549 ], [ 3706966.808700002729893, 4524657.976599998772144 ], [ 3706778.7128000035882, 4524883.706999998539686 ], [ 3706777.757399998605251, 4524884.85359999909997 ], [ 3706688.923100002110004, 4524985.511700000613928 ], [ 3706669.088100001215935, 4525005.524700000882149 ], [ 3706653.893899999558926, 4525020.855099998414516 ], [ 3706637.618199996650219, 4525035.085200000554323 ], [ 3706620.370800003409386, 4525044.391699999570847 ], [ 3706588.848499998450279, 4525055.1385000012815 ], [ 3706564.715300001204014, 4525062.951200000941753 ], [ 3706529.271099999547005, 4525067.782600000500679 ], [ 3706514.504100002348423, 4525069.221599999815226 ], [ 3706385.540700003504753, 4525081.197999998927116 ], [ 3706240.763700000941753, 4525119.2162000015378 ], [ 3706240.921899996697903, 4525119.492899999022484 ], [ 3706302.986199997365475, 4525228.130399998277426 ], [ 3706363.229099996387959, 4525341.468600001186132 ], [ 3706423.465800002217293, 4525457.267499998211861 ], [ 3706476.853000000119209, 4525557.3015 ], [ 3706504.304099999368191, 4525599.692800000309944 ], [ 3706539.106899999082088, 4525653.913199998438358 ], [ 3706574.838100001215935, 4525730.281199999153614 ], [ 3706610.540600001811981, 4525817.967799998819828 ], [ 3706645.773500002920628, 4525896.795200001448393 ], [ 3706666.345100000500679, 4525935.232200000435114 ], [ 3706681.493600003421307, 4525977.592399999499321 ], [ 3706689.292700000107288, 4526007.138999998569489 ], [ 3706695.511, 4526078.019299998879433 ], [ 3706691.780000001192093, 4526191.196400001645088 ], [ 3706685.286700002849102, 4526229.072999998927116 ], [ 3706657.064599998295307, 4526296.913600001484156 ], [ 3706637.223200000822544, 4526358.870099999010563 ], [ 3706636.219099998474121, 4526366.741399999707937 ], [ 3706640.507500000298023, 4526422.3614999987185 ], [ 3706656.629000000655651, 4526469.153299998492002 ], [ 3706679.632700003683567, 4526518.915300000458956 ], [ 3706706.091099999845028, 4526564.749099999666214 ], [ 3706738.463600002229214, 4526607.153099998831749 ], [ 3706755.114699997007847, 4526639.182799998670816 ], [ 3706759.941299997270107, 4526676.596000000834465 ], [ 3706766.291500002145767, 4526695.3125 ], [ 3706785.920100003480911, 4526717.507399998605251 ], [ 3706824.71509999781847, 4526750.085299998521805 ], [ 3706853.165700003504753, 4526786.574000000953674 ], [ 3706871.748000003397465, 4526833.37220000103116 ], [ 3706886.352300003170967, 4526896.400299999862909 ], [ 3706901.037399999797344, 4526927.440900001674891 ], [ 3706916.754000000655651, 4526939.783599998801947 ], [ 3706960.952399998903275, 4526976.311999998986721 ], [ 3707001.672499999403954, 4527026.118900001049042 ], [ 3707053.7051, 4527078.41499999910593 ], [ 3707104.71000000089407, 4527147.932700000703335 ], [ 3707144.915700003504753, 4527206.596500001847744 ], [ 3707163.068099997937679, 4527228.787799999117851 ], [ 3707232.037799999117851, 4527199.92680000141263 ], [ 3707308.349500000476837, 4527186.832100000232458 ], [ 3707397.039800003170967, 4527143.749299999326468 ], [ 3707531.517899997532368, 4527092.415899999439716 ], [ 3707612.732100002467632, 4527086.715199999511242 ], [ 3707737.866099998354912, 4527032.897399999201298 ], [ 3707832.175599999725819, 4526974.053300000727177 ], [ 3707863.069499999284744, 4526954.777199998497963 ], [ 3707863.553999997675419, 4526954.474899999797344 ], [ 3707921.693099997937679, 4526927.062699999660254 ], [ 3707994.551100000739098, 4526917.4037000015378 ], [ 3708061.524700000882149, 4526899.363899998366833 ], [ 3708186.675599999725819, 4526838.656100001186132 ], [ 3708190.725900001823902, 4526845.55629999935627 ], [ 3708258.708400003612041, 4526961.374899998307228 ], [ 3708342.989799998700619, 4527105.777899999171495 ], [ 3708379.703100003302097, 4527183.625100001692772 ], [ 3708408.598200000822544, 4527239.307399999350309 ], [ 3708499.132799997925758, 4527441.304499998688698 ], [ 3708491.211900003254414, 4527459.985199999064207 ], [ 3708444.800700001418591, 4527520.399500001221895 ], [ 3708382.58219999819994, 4527604.395899999886751 ], [ 3708369.186099998652935, 4527647.6689000017941 ], [ 3708391.211400002241135, 4527695.460200000554323 ], [ 3708490.713299997150898, 4527854.173799999058247 ], [ 3708450.71679999679327, 4527907.714699998497963 ], [ 3708457.880900003015995, 4527994.346500001847744 ], [ 3708565.646600000560284, 4527998.062100000679493 ], [ 3708587.034100003540516, 4528103.922499999403954 ], [ 3708600.610699996352196, 4528184.66499999910593 ], [ 3708712.340800002217293, 4528177.563799999654293 ], [ 3708722.439300000667572, 4528271.584899999201298 ], [ 3708972.08330000191927, 4528217.093600001186132 ], [ 3709065.628300003707409, 4528200.596099998801947 ], [ 3709224.66499999910593, 4528168.514699999243021 ], [ 3709302.156999997794628, 4528128.054299999028444 ], [ 3709302.52250000089407, 4528127.863499999046326 ], [ 3709374.068800002336502, 4528052.747900001704693 ], [ 3709463.375600002706051, 4527959.960200000554323 ], [ 3709505.3783999979496, 4527891.168099999427795 ], [ 3709515.440200001001358, 4527803.595400001853704 ], [ 3709575.127599999308586, 4527697.18019999936223 ], [ 3709575.254100002348423, 4527696.954599998891354 ], [ 3709582.157300002872944, 4527687.907000001519918 ], [ 3709636.81360000371933, 4527616.272700000554323 ], [ 3709637.465700000524521, 4527615.418099999427795 ], [ 3709705.748000003397465, 4527664.308800000697374 ], [ 3709706.192400000989437, 4527663.8260000012815 ], [ 3709800.987099997699261, 4527560.709600001573563 ], [ 3709854.721600003540516, 4527523.442800000309944 ], [ 3709923.67230000346899, 4527501.961899999529123 ], [ 3709952.885799996554852, 4527525.045899998396635 ], [ 3710008.641500003635883, 4527569.102899998426437 ], [ 3710135.773199997842312, 4527700.325199998915195 ], [ 3710231.454899996519089, 4527813.260400000959635 ], [ 3710270.592200003564358, 4527906.3695 ], [ 3710326.838200002908707, 4528045.780999999493361 ], [ 3710393.066799998283386, 4528129.115299999713898 ], [ 3710463.182199999690056, 4528232.636500000953674 ], [ 3710540.572599999606609, 4528378.990899998694658 ], [ 3710554.586300000548363, 4528482.37220000103116 ], [ 3710560.8733000010252, 4528526.679200001060963 ], [ 3710562.855200000107288, 4528531.894499998539686 ], [ 3710581.869300000369549, 4528581.929999999701977 ], [ 3710606.619099996984005, 4528659.739100001752377 ], [ 3710621.647399999201298, 4528738.819899998605251 ], [ 3710633.445100001990795, 4528814.329300001263618 ], [ 3710642.3103, 4528896.634300000965595 ], [ 3710651.273299999535084, 4528939.741799999028444 ], [ 3710666.393700003623962, 4528981.892900001257658 ], [ 3710678.954000003635883, 4529013.260200001299381 ], [ 3710681.6897, 4529020.092000000178814 ], [ 3710733.78999999910593, 4529046.3048 ], [ 3710757.403399996459484, 4529049.808600001037121 ], [ 3710833.607900001108646, 4529080.018399998545647 ], [ 3710897.473800003528595, 4529124.469200000166893 ], [ 3710951.988099999725819, 4529169.388799998909235 ], [ 3710992.377400003373623, 4529205.258699998259544 ], [ 3711057.061200000345707, 4529247.857200000435114 ], [ 3711062.404700003564358, 4529254.3279 ], [ 3711083.868100002408028, 4529280.318999998271465 ], [ 3711097.824600003659725, 4529293.203699998557568 ], [ 3711111.663900002837181, 4529305.980200000107288 ], [ 3711184.1233000010252, 4529348.27419999986887 ], [ 3711220.020999997854233, 4529372.659800000488758 ], [ 3711248.496100001037121, 4529385.688700001686811 ], [ 3711289.4978, 4529403.498799998313189 ], [ 3711371.117399998009205, 4529433.229800000786781 ], [ 3711418.777800001204014, 4529463.860399998724461 ], [ 3711444.8800999969244, 4529456.051399998366833 ], [ 3711512.335799999535084, 4529442.439500000327826 ], [ 3711568.0, 4529420.924199998378754 ], [ 3711636.008900001645088, 4529382.70719999819994 ], [ 3711658.195000000298023, 4529366.522100001573563 ], [ 3711731.780699998140335, 4529335.60700000077486 ], [ 3711843.335199996829033, 4529276.694899998605251 ], [ 3711866.015100002288818, 4529292.057799998670816 ], [ 3711917.431199997663498, 4529326.886 ], [ 3711935.982100002467632, 4529361.470199998468161 ], [ 3711950.881499998271465, 4529364.840700000524521 ], [ 3712051.634400002658367, 4529411.709600001573563 ], [ 3712114.346900001168251, 4529442.304999999701977 ], [ 3712210.739100001752377, 4529465.214400000870228 ], [ 3712326.853399999439716, 4529488.848200000822544 ], [ 3712396.640600003302097, 4529511.295499999076128 ], [ 3712486.922899998724461, 4529541.823100000619888 ], [ 3712498.193199999630451, 4529540.408300001174212 ], [ 3712551.853699997067451, 4529553.131299998611212 ], [ 3712599.010300002992153, 4529563.148299999535084 ], [ 3712634.179799996316433, 4529568.699200000613928 ], [ 3712674.967500001192093, 4529566.650199998170137 ], [ 3712771.558799996972084, 4529556.070599999278784 ], [ 3712877.716499999165535, 4529551.034200001507998 ], [ 3712948.265500001609325, 4529554.742199998348951 ], [ 3712977.366300001740456, 4529491.594099998474121 ], [ 3713139.435900002717972, 4529493.778000000864267 ], [ 3713295.098999999463558, 4529482.912399999797344 ], [ 3713359.54169999808073, 4529481.437100000679493 ], [ 3713425.177799999713898, 4529472.530799999833107 ], [ 3713537.82379999756813, 4529456.906300000846386 ], [ 3713653.952299997210503, 4529429.331999998539686 ], [ 3713774.314099997282028, 4529409.473600000143051 ], [ 3713859.390500001609325, 4529393.916499998420477 ], [ 3713922.188900001347065, 4529388.072200000286102 ], [ 3713993.833400003612041, 4529394.691500000655651 ], [ 3714098.230099998414516, 4529395.136500000953674 ], [ 3714156.622699998319149, 4529389.9527000002563 ], [ 3714176.504900000989437, 4529379.513999998569489 ], [ 3714177.860500000417233, 4529378.802200000733137 ], [ 3714233.325400002300739, 4529361.42119999974966 ], [ 3714274.059900000691414, 4529345.095199998468161 ], [ 3714325.858000002801418, 4529321.945799998939037 ], [ 3714345.752400003373623, 4529314.293099999427795 ], [ 3714364.910999998450279, 4529300.267900001257658 ], [ 3714391.278899997472763, 4529268.734900001436472 ], [ 3714417.473999999463558, 4529245.578600000590086 ], [ 3714463.375900000333786, 4529209.853199999779463 ], [ 3714560.73759999871254, 4529142.129000000655651 ], [ 3714606.016000002622604, 4529102.981100000441074 ], [ 3714612.913400001823902, 4529100.184099998325109 ], [ 3714628.803900003433228, 4529093.740699999034405 ], [ 3714672.093500003218651, 4529066.977400001138449 ], [ 3714696.240099996328354, 4529067.532299999147654 ], [ 3714738.599399998784065, 4529055.082800000905991 ], [ 3714775.344099998474121, 4529037.431800000369549 ], [ 3714883.930600002408028, 4528992.911699999123812 ], [ 3714916.303599998354912, 4528989.705899998545647 ], [ 3714970.840800002217293, 4528973.837000001221895 ], [ 3715083.187799997627735, 4528937.543099999427795 ], [ 3715099.054999999701977, 4528927.582299999892712 ], [ 3715109.874300003051758, 4528914.367899999022484 ], [ 3715118.216700002551079, 4528900.755800001323223 ], [ 3715142.632799997925758, 4528882.590900000184774 ], [ 3715184.48139999806881, 4528869.668400000780821 ], [ 3715254.832800000905991, 4528829.5625 ], [ 3715406.955300003290176, 4528751.868599999696016 ], [ 3715509.059000000357628, 4528692.332699999213219 ], [ 3715528.615000002086163, 4528675.83049999922514 ], [ 3715609.634800001978874, 4528618.577199999243021 ], [ 3715640.194200001657009, 4528606.578099999576807 ], [ 3715708.3684, 4528573.940400000661612 ], [ 3715762.469899997115135, 4528559.564899999648333 ], [ 3715780.293499998748302, 4528587.932500001043081 ], [ 3715817.966700002551079, 4528633.26630000025034 ], [ 3715855.001599997282028, 4528661.88459999859333 ], [ 3715895.587099999189377, 4528706.122400000691414 ], [ 3715976.517700001597404, 4528775.405499998480082 ], [ 3715993.759099997580051, 4528788.532699998468161 ], [ 3715995.459299996495247, 4528794.375799998641014 ], [ 3715993.583599999547005, 4528809.710299998521805 ], [ 3715990.076099999248981, 4528846.770399998873472 ], [ 3715992.111100003123283, 4528874.264199998229742 ], [ 3716009.23030000180006, 4528922.845100000500679 ], [ 3716011.760300002992153, 4528937.518899999558926 ], [ 3716008.844899997115135, 4528951.41609999909997 ], [ 3716004.150600001215935, 4528970.3048 ], [ 3715995.6925999969244, 4528993.768399998545647 ], [ 3715969.040700003504753, 4529030.728300001472235 ], [ 3715952.5033999979496, 4529074.686999998986721 ], [ 3715942.075400002300739, 4529111.026999998837709 ], [ 3715934.33110000193119, 4529153.172800000756979 ], [ 3715930.256899997591972, 4529188.285399999469519 ], [ 3715954.922700002789497, 4529228.208200000226498 ], [ 3715981.1233000010252, 4529256.748199999332428 ], [ 3716010.179499998688698, 4529282.717300001531839 ], [ 3716066.040700003504753, 4529340.157400000840425 ], [ 3716094.189000003039837, 4529368.13060000166297 ], [ 3716125.894799999892712, 4529386.120799999684095 ], [ 3716153.423000000417233, 4529397.870099999010563 ], [ 3716183.387699998915195, 4529421.83500000089407 ], [ 3716190.173500001430511, 4529431.915100000798702 ], [ 3716192.647200003266335, 4529445.114100001752377 ], [ 3716195.816200003027916, 4529476.503600001335144 ], [ 3716214.648500002920628, 4529479.722800001502037 ], [ 3716226.012500002980232, 4529480.765599999576807 ], [ 3716234.59570000320673, 4529486.345800001174212 ], [ 3716241.98589999973774, 4529499.356899999082088 ], [ 3716252.986699998378754, 4529516.661299999803305 ], [ 3716265.183499999344349, 4529591.032900001853704 ], [ 3716273.929499998688698, 4529703.940099999308586 ], [ 3716280.063799999654293, 4529825.80970000103116 ], [ 3716276.509800001978874, 4529900.291200000792742 ], [ 3716278.485600002110004, 4529939.1118 ], [ 3716276.121500000357628, 4529941.663899999111891 ], [ 3716271.186300002038479, 4529941.360199999064207 ], [ 3716255.093800000846386, 4529945.421700000762939 ], [ 3716254.786799997091293, 4530040.458200000226498 ], [ 3716256.502899996936321, 4530059.5945999994874 ], [ 3716262.640500001609325, 4530091.363200001418591 ], [ 3716299.303800001740456, 4530174.64750000089407 ], [ 3716321.98200000077486, 4530226.955400001257658 ], [ 3716412.315999999642372, 4530361.855599999427795 ], [ 3716506.26070000231266, 4530501.0489999987185 ], [ 3716550.981799997389317, 4530576.147700000554323 ], [ 3716620.394900001585484, 4530666.058200001716614 ], [ 3716779.288999997079372, 4530907.149399999529123 ], [ 3716849.911499999463558, 4531002.921999998390675 ], [ 3716864.167300000786781, 4531092.479400001466274 ], [ 3716879.637900002300739, 4531162.295899998396635 ], [ 3716917.677699998021126, 4531268.669199999421835 ], [ 3716987.152699999511242, 4531424.554299999028444 ], [ 3717064.967299997806549, 4531579.628400001674891 ], [ 3717120.491800002753735, 4531718.32209999859333 ], [ 3717187.456299997866154, 4531860.025100000202656 ], [ 3717207.245200000703335, 4531901.119699999690056 ], [ 3717274.089800000190735, 4531988.174499999731779 ], [ 3717358.437399998307228, 4532108.04109999909997 ], [ 3717439.888899996876717, 4532242.297200001776218 ], [ 3717510.223700001835823, 4532369.100600000470877 ], [ 3717531.695100001990795, 4532415.546999998390675 ], [ 3717557.575099997222424, 4532448.530799999833107 ], [ 3717623.311200000345707, 4532506.578200001269579 ], [ 3717695.035599999129772, 4532592.46169999986887 ], [ 3717769.296599999070168, 4532667.416000001132488 ], [ 3717801.834299996495247, 4532694.236600000411272 ], [ 3717835.766400001943111, 4532744.637699998915195 ], [ 3717836.236599996685982, 4532756.929000001400709 ], [ 3717843.0608000010252, 4532767.992600001394749 ], [ 3717857.281000003218651, 4532766.463899999856949 ], [ 3717860.485200002789497, 4532766.053800001740456 ], [ 3717884.719499997794628, 4532762.952399998903275 ], [ 3717910.478900000452995, 4532741.287399999797344 ], [ 3718002.600599996745586, 4532678.1864 ], [ 3718101.870899997651577, 4532608.903400000184774 ], [ 3718186.748999997973442, 4532549.526099998503923 ], [ 3718252.42849999666214, 4532515.994100000709295 ], [ 3718310.806000001728535, 4532497.512600000947714 ], [ 3718335.031000003218651, 4532487.230700001120567 ], [ 3718374.991499997675419, 4532463.545299999415874 ], [ 3718468.942100003361702, 4532422.530799999833107 ], [ 3718522.877999998629093, 4532390.92509999871254 ], [ 3718595.6875, 4532350.719399999827147 ], [ 3718627.931800000369549, 4532331.26799999922514 ], [ 3718654.626299999654293, 4532359.788800001144409 ], [ 3718680.334700003266335, 4532401.148800000548363 ], [ 3718728.596600003540516, 4532375.668499998748302 ], [ 3718760.414599999785423, 4532409.409099999815226 ], [ 3718839.931000001728535, 4532493.023299999535084 ], [ 3718860.728299997746944, 4532508.968100000172853 ], [ 3718862.316100001335144, 4532511.8614999987185 ], [ 3718872.337300002574921, 4532516.401700001209974 ], [ 3718885.385899998247623, 4532509.993999999016523 ], [ 3718957.327100001275539, 4532459.973700001835823 ], [ 3719055.553900003433228, 4532402.054400000721216 ], [ 3719109.868299998342991, 4532367.479699999094009 ], [ 3719126.643100000917912, 4532355.513300001621246 ], [ 3719137.91330000013113, 4532354.097199998795986 ], [ 3719143.925999999046326, 4532356.8213 ], [ 3719178.315099999308586, 4532393.417599998414516 ], [ 3719198.825199998915195, 4532427.590700000524521 ], [ 3719226.122000001370907, 4532471.843899998813868 ], [ 3719237.822599999606609, 4532494.537399999797344 ], [ 3719280.395599998533726, 4532551.9923 ], [ 3719323.046300001442432, 4532598.611999999731779 ], [ 3719364.469200000166893, 4532638.877999998629093 ], [ 3719393.791599996387959, 4532671.729100000113249 ], [ 3719417.70830000191927, 4532691.985599998384714 ], [ 3719459.263099998235703, 4532735.69310000166297 ], [ 3719522.751400001347065, 4532786.438900001347065 ], [ 3719544.569799996912479, 4532803.329 ], [ 3719558.164200000464916, 4532811.179000001400709 ], [ 3719576.863399997353554, 4532823.757199998944998 ], [ 3719598.324199996888638, 4532831.306000001728535 ], [ 3719603.339500002563, 4532910.877900000661612 ], [ 3719599.853399999439716, 4532948.431499999016523 ], [ 3719593.812299996614456, 4532996.422699999064207 ], [ 3719581.165899999439716, 4533077.655600000172853 ], [ 3719574.864, 4533105.962000001221895 ], [ 3719554.014600001275539, 4533165.844700001180172 ], [ 3719522.875900000333786, 4533239.907699998468161 ], [ 3719496.538599997758865, 4533323.634399998933077 ], [ 3719457.267399996519089, 4533403.917399998754263 ], [ 3719499.921400003135204, 4533437.735599998384714 ], [ 3719600.353000000119209, 4533527.442200001329184 ], [ 3719634.100900001823902, 4533560.124099999666214 ], [ 3719670.702299997210503, 4533603.03660000115633 ], [ 3719712.502400003373623, 4533653.135800000280142 ], [ 3719741.503200002014637, 4533690.430799998342991 ], [ 3719774.851400002837181, 4533738.391600001603365 ], [ 3719836.367700003087521, 4533827.6184 ], [ 3719868.676299996674061, 4533874.1418999992311 ], [ 3719904.273500002920628, 4533929.402300000190735 ], [ 3719911.601899996399879, 4533979.344099998474121 ], [ 3719922.124700002372265, 4534035.564599998295307 ], [ 3719952.523299999535084, 4534083.638399999588728 ], [ 3720002.243699997663498, 4534044.806400001049042 ], [ 3720047.898999996483326, 4534002.683400001376867 ], [ 3720076.94879999756813, 4533976.952199999243021 ], [ 3720091.1338, 4533961.637800000607967 ], [ 3720129.334499999880791, 4533943.434300001710653 ], [ 3720162.315200001001358, 4533930.354400001466274 ], [ 3720220.976999998092651, 4533906.44370000064373 ], [ 3720265.512800000607967, 4533886.520500000566244 ], [ 3720308.728399999439716, 4533844.983300000429153 ], [ 3720347.029600001871586, 4533790.832499999552965 ], [ 3720356.624399997293949, 4533745.659000001847744 ], [ 3720368.110500000417233, 4533698.44370000064373 ], [ 3720373.866099998354912, 4533655.879099998623133 ], [ 3720379.038199998438358, 4533598.073399998247623 ], [ 3720391.361299999058247, 4533521.283700000494719 ], [ 3720427.394500002264977, 4533459.342199999839067 ], [ 3720450.854099996387959, 4533390.496500000357628 ], [ 3720457.9507, 4533357.23589999973774 ], [ 3720437.596799999475479, 4533288.590999998152256 ], [ 3720410.033299997448921, 4533250.256700001657009 ], [ 3720389.221100002527237, 4533208.217399999499321 ], [ 3720404.504299998283386, 4533183.013700000941753 ], [ 3720446.185999996960163, 4533152.860199999064207 ], [ 3720447.623199999332428, 4533151.82039999961853 ], [ 3720497.378200002014637, 4533126.773899998515844 ], [ 3720582.78320000320673, 4533068.358199998736382 ], [ 3720659.622699998319149, 4533004.854499999433756 ], [ 3720712.237700000405312, 4532951.633400000631809 ], [ 3720782.003499999642372, 4532896.278400000184774 ], [ 3720833.385899998247623, 4532862.30689999833703 ], [ 3720911.147600002586842, 4532822.893899999558926 ], [ 3720966.500600002706051, 4532789.754999998956919 ], [ 3720999.200400002300739, 4532756.4989 ], [ 3721027.414399996399879, 4532747.540500000119209 ], [ 3721040.992200002074242, 4532742.096900001168251 ], [ 3721067.925200000405312, 4532733.054900001734495 ], [ 3721102.242799997329712, 4532721.533599998801947 ], [ 3721182.251000002026558, 4532702.221400000154972 ], [ 3721244.106200002133846, 4532684.589000001549721 ], [ 3721316.814900003373623, 4532667.525699999183416 ], [ 3721343.250699996948242, 4532663.559000000357628 ], [ 3721369.743000000715256, 4532661.067200001329184 ], [ 3721508.764899998903275, 4532652.788100000470877 ] ] ] } }
]
}
