{
"type": "FeatureCollection",
"name": "LADAKH",
"features": [
{ "type": "Feature", "properties": { "OBJECTID_1": 7, "OBJECTID": 7, "STATE": "LADAKH", "Shape_Leng": 3051609.24474, "Shape_Area": 168011409829.0 }, "geometry": { "type": "Polygon", "coordinates": [ [ [ 3526292.840300001204014, 5441769.504200000315905 ], [ 3526430.101099997758865, 5441236.600499998778105 ], [ 3526607.553999997675419, 5440623.572799999266863 ], [ 3526607.733199998736382, 5440622.953699998557568 ], [ 3526817.663000002503395, 5440195.0154 ], [ 3527027.593599997460842, 5439928.562899999320507 ], [ 3527132.5581, 5439597.516600001603365 ], [ 3527350.5625, 5439242.246899999678135 ], [ 3527479.749799996614456, 5438895.051899999380112 ], [ 3527786.5713, 5438467.113200001418591 ], [ 3528053.021300002932549, 5438063.397599998861551 ], [ 3528489.031099997460842, 5437546.64130000025034 ], [ 3528852.372599996626377, 5437142.925299998372793 ], [ 3529264.159999996423721, 5436771.50620000064373 ], [ 3529466.01690000295639, 5436682.688200000673532 ], [ 3529667.874499998986721, 5436755.356100000441074 ], [ 3529813.212499998509884, 5436949.138599999248981 ], [ 3529990.848499998450279, 5437344.778099998831749 ], [ 3530200.7820999994874, 5437885.754900000989437 ], [ 3530499.533299997448921, 5438499.39979999884963 ], [ 3530765.98589999973774, 5438765.850499998778105 ], [ 3531016.289599999785423, 5438935.409699998795986 ], [ 3531315.038900002837181, 5439056.522799998521805 ], [ 3531629.936300002038479, 5439080.7445 ], [ 3532017.502300001680851, 5439072.668699998408556 ], [ 3532453.51349999755621, 5438951.5526 ], [ 3532590.776600003242493, 5438983.849300000816584 ], [ 3533091.381999999284744, 5438806.212999999523163 ], [ 3533414.353000000119209, 5438652.80009999871254 ], [ 3533931.106799997389317, 5438434.792300000786781 ], [ 3534389.360600002110004, 5438275.397700000554323 ], [ 3534488.232100002467632, 5438241.007100000977516 ], [ 3534657.792300000786781, 5438257.155099999159575 ], [ 3535190.695900000631809, 5438337.896000001579523 ], [ 3535594.410800002515316, 5438442.860199999064207 ], [ 3536135.388599999248981, 5438515.526700001209974 ], [ 3536692.51519999653101, 5438612.416200000792742 ], [ 3536999.338100001215935, 5438580.117800001055002 ], [ 3537281.937799997627735, 5438475.15089999884367 ], [ 3537548.38849999755621, 5438224.846799999475479 ], [ 3537709.66160000115633, 5437805.531899999827147 ], [ 3537709.872699998319149, 5437804.9831000007689 ], [ 3537637.203100003302097, 5437530.457400001585484 ], [ 3537378.8235, 5436941.035100001841784 ], [ 3537152.741300001740456, 5436408.1327 ], [ 3536975.104900002479553, 5435883.304499998688698 ], [ 3536926.657499998807907, 5435487.664299998432398 ], [ 3536942.805100001394749, 5435213.138399999588728 ], [ 3537054.461199998855591, 5434822.336500000208616 ], [ 3537248.89580000191927, 5434579.62950000166893 ], [ 3538111.574299998581409, 5433407.967300001531839 ], [ 3538179.927100002765656, 5433317.846099998801947 ], [ 3538243.967699997127056, 5433271.736400000751019 ], [ 3538276.404799997806549, 5433190.642900001257658 ], [ 3539495.532700002193451, 5431583.256299998611212 ], [ 3539703.682099997997284, 5431308.81700000166893 ], [ 3539776.063000001013279, 5431203.714400000870228 ], [ 3542325.561599999666214, 5427501.644000001251698 ], [ 3543259.750500001013279, 5425605.07039999961853 ], [ 3543434.110200002789497, 5425251.088300000876188 ], [ 3543949.845499999821186, 5425065.21339999884367 ], [ 3544364.23139999806881, 5425441.333200000226498 ], [ 3544544.627099998295307, 5425605.07039999961853 ], [ 3544612.122599996626377, 5425666.333000000566244 ], [ 3545685.56530000269413, 5427027.668200001120567 ], [ 3546941.533399999141693, 5428217.413800001144409 ], [ 3547533.635300002992153, 5428778.296399999409914 ], [ 3550042.954700000584126, 5430476.2179000005126 ], [ 3550123.511500000953674, 5430543.348099999129772 ], [ 3550173.667199999094009, 5430564.664000000804663 ], [ 3552374.208400003612041, 5432053.651999998837709 ], [ 3553202.419299997389317, 5432614.057700000703335 ], [ 3553835.996799997985363, 5432736.088300000876188 ], [ 3553884.100900001823902, 5432745.353399999439716 ], [ 3554617.468900002539158, 5432511.4847999997437 ], [ 3555114.134300000965595, 5432353.099800001829863 ], [ 3556679.494699999690056, 5430656.900499999523163 ], [ 3559859.135600000619888, 5429063.886199999600649 ], [ 3559927.998700000345707, 5429065.4695999994874 ], [ 3561466.832599997520447, 5429100.853100001811981 ], [ 3565494.326099999248981, 5431898.9353 ], [ 3566283.389200001955032, 5433105.026399999856949 ], [ 3566327.095600001513958, 5433171.831999998539686 ], [ 3567790.137500002980232, 5435408.106699999421835 ], [ 3569640.889300003647804, 5437826.457100000232458 ], [ 3570926.2162000015378, 5438631.292100001126528 ], [ 3571742.167300000786781, 5438762.087499998509884 ], [ 3572560.44539999961853, 5438893.255899999290705 ], [ 3573984.474899999797344, 5439121.524999998509884 ], [ 3576837.574199996888638, 5439565.636500000953674 ], [ 3580815.506899997591972, 5439894.588799998164177 ], [ 3582198.14580000191927, 5439686.374299999326468 ], [ 3582640.979000002145767, 5439440.528099998831749 ], [ 3583082.297600001096725, 5438526.308200001716614 ], [ 3583223.61429999768734, 5436640.045299999415874 ], [ 3583298.761200003325939, 5434760.638900000602007 ], [ 3583070.211599998176098, 5433179.756400000303984 ], [ 3583377.944700002670288, 5431988.340500000864267 ], [ 3583512.109899997711182, 5431468.908100001513958 ], [ 3583549.005400002002716, 5431326.063900001347065 ], [ 3584015.490500003099442, 5430753.240699999034405 ], [ 3584219.1554000005126, 5430503.149099998176098 ], [ 3584269.051700003445148, 5430441.878600001335144 ], [ 3584795.9507, 5429794.869699999690056 ], [ 3584908.497400000691414, 5429783.351100001484156 ], [ 3585721.976300001144409, 5429700.095800001174212 ], [ 3586490.194799996912479, 5430022.483300000429153 ], [ 3587940.202399998903275, 5430475.559500001370907 ], [ 3588735.472800001502037, 5429970.609299998730421 ], [ 3588818.809199996292591, 5429917.695599999278784 ], [ 3589227.610299997031689, 5429341.111900001764297 ], [ 3589483.784400001168251, 5428579.658399999141693 ], [ 3589731.543099999427795, 5427083.897599998861551 ], [ 3588380.390600003302097, 5423680.274999998509884 ], [ 3587960.064599998295307, 5422186.314100001007318 ], [ 3588010.567400000989437, 5422024.671 ], [ 3588111.044799998402596, 5421703.0757 ], [ 3588904.612800002098083, 5421621.78660000115633 ], [ 3589989.805500000715256, 5421777.89809999987483 ], [ 3590561.764499999582767, 5421433.513099998235703 ], [ 3591059.7971, 5421133.640299998223782 ], [ 3591738.097999997437, 5419928.111000001430511 ], [ 3592114.608999997377396, 5417083.068199999630451 ], [ 3592142.397799998521805, 5416774.689599998295307 ], [ 3592333.383900001645088, 5414655.273299999535084 ], [ 3592383.068000003695488, 5414492.548099998384714 ], [ 3592733.502599999308586, 5413344.804900001734495 ], [ 3594332.695200003683567, 5412147.558600001037121 ], [ 3594905.094499997794628, 5411719.028000000864267 ], [ 3598527.735699996352196, 5410208.609000001102686 ], [ 3599581.890299998223782, 5409769.091299999505281 ], [ 3601103.321000002324581, 5409126.224399998784065 ], [ 3603551.469499997794628, 5408091.781199999153614 ], [ 3604412.323600001633167, 5407620.347699999809265 ], [ 3605542.592500001192093, 5407001.3733000010252 ], [ 3605774.254900000989437, 5406874.506999999284744 ], [ 3605954.655000001192093, 5406775.713700000196695 ], [ 3607772.49210000038147, 5404317.371899999678135 ], [ 3610267.494099996984005, 5400653.805599998682737 ], [ 3612535.652800001204014, 5396245.766800001263618 ], [ 3612864.194200001657009, 5395645.815400000661612 ], [ 3613547.213500000536442, 5394416.393800001591444 ], [ 3614093.622500002384186, 5393350.905200000852346 ], [ 3614335.035499997437, 5392796.535100001841784 ], [ 3615170.150700002908707, 5391199.050500001758337 ], [ 3616387.312799997627735, 5389404.043400000780821 ], [ 3616863.702100001275539, 5388432.215300001204014 ], [ 3617214.76129999756813, 5387716.059000000357628 ], [ 3619395.435500003397465, 5385554.560899998992682 ], [ 3621234.092699997127056, 5383962.5055 ], [ 3622696.719999998807907, 5382609.569299999624491 ], [ 3624929.117700003087521, 5382245.271000001579523 ], [ 3626765.1228, 5381921.85249999910593 ], [ 3627364.202299997210503, 5381258.983800001442432 ], [ 3628015.647299997508526, 5380457.167399998754263 ], [ 3630131.618000000715256, 5378969.651700001209974 ], [ 3630844.184500001370907, 5378599.414500001817942 ], [ 3632016.002099998295307, 5377990.558499999344349 ], [ 3634946.24549999833107, 5376468.054900001734495 ], [ 3638239.348300002515316, 5375392.209199998527765 ], [ 3640746.597900003194809, 5374464.439599998295307 ], [ 3644629.491899996995926, 5373927.647999998182058 ], [ 3646211.923000000417233, 5373095.6233000010252 ], [ 3648030.977799996733665, 5371971.9189000017941 ], [ 3649788.092799998819828, 5370253.824499998241663 ], [ 3652656.01070000231266, 5366704.649099998176098 ], [ 3654330.157200001180172, 5364194.2456 ], [ 3654913.758000001311302, 5363858.523299999535084 ], [ 3655463.58669999986887, 5363542.228900000452995 ], [ 3657614.862400002777576, 5363051.0526 ], [ 3660229.431699998676777, 5361243.374699998646975 ], [ 3660708.078100003302097, 5360799.736000001430511 ], [ 3661446.497299998998642, 5360115.323899999260902 ], [ 3663428.118600003421307, 5358640.504299998283386 ], [ 3664133.608800001442432, 5358366.638900000602007 ], [ 3668357.606100000441074, 5359193.327399998903275 ], [ 3670077.028899997472763, 5359680.941100001335144 ], [ 3671338.243199996650219, 5359615.773299999535084 ], [ 3671636.634300000965595, 5359277.076900001615286 ], [ 3673605.017700001597404, 5357042.813799999654293 ], [ 3674816.651299998164177, 5356154.940400000661612 ], [ 3676579.96000000089407, 5354862.8048 ], [ 3677565.554300002753735, 5353923.2989999987185 ], [ 3678465.330700002610683, 5353065.598000001162291 ], [ 3678703.446900002658367, 5352838.616599999368191 ], [ 3678889.9983000010252, 5352020.261799998581409 ], [ 3679142.456399999558926, 5350912.790399998426437 ], [ 3679389.105899997055531, 5349830.800000000745058 ], [ 3679587.6570999994874, 5348542.256000000983477 ], [ 3679365.985500000417233, 5347971.900800000876188 ], [ 3679313.576099999248981, 5347837.052700001746416 ], [ 3678714.173299998044968, 5347219.385200001299381 ], [ 3678490.802400000393391, 5346989.207899998873472 ], [ 3679488.185099996626377, 5345683.753699999302626 ], [ 3681116.49379999935627, 5345028.167100001126528 ], [ 3681280.585299998521805, 5344962.100900001823902 ], [ 3681398.899700000882149, 5344711.02309999987483 ], [ 3681848.746399998664856, 5343756.393300000578165 ], [ 3681955.864200003445148, 5343529.076200000941753 ], [ 3681993.855599999427795, 5343448.45380000025034 ], [ 3682216.689999997615814, 5342975.571800000965595 ], [ 3682371.961400002241135, 5342646.066799998283386 ], [ 3684994.271499998867512, 5341570.367499999701977 ], [ 3685318.0945999994874, 5341474.532499998807907 ], [ 3688488.070699997246265, 5340536.382800001651049 ], [ 3688849.640799999237061, 5340070.798300001770258 ], [ 3689246.485100001096725, 5339559.792199999094009 ], [ 3689898.282899998128414, 5338720.488800000399351 ], [ 3692468.037399999797344, 5337783.278000000864267 ], [ 3694527.192900002002716, 5337700.103300001472235 ], [ 3696131.436800003051758, 5338998.866099998354912 ], [ 3697086.394500002264977, 5339832.287099998444319 ], [ 3698086.486100003123283, 5339193.307700000703335 ], [ 3699336.469400003552437, 5337127.120799999684095 ], [ 3701620.999200001358986, 5334751.855500001460314 ], [ 3702463.364100001752377, 5333806.706000000238419 ], [ 3702933.247400000691414, 5333279.487799998372793 ], [ 3703380.891999997198582, 5331831.592099998146296 ], [ 3703266.493699997663498, 5330284.490699999034405 ], [ 3703224.294699996709824, 5329713.7989999987185 ], [ 3703633.746899999678135, 5328536.822999998927116 ], [ 3703790.003300003707409, 5328425.377000000327826 ], [ 3705140.993600003421307, 5327461.817200001329184 ], [ 3705345.145999997854233, 5327316.21059999987483 ], [ 3706486.920500002801418, 5326501.868599999696016 ], [ 3709319.325800001621246, 5325535.987100001424551 ], [ 3710599.86089999973774, 5324400.418499998748302 ], [ 3710859.909199997782707, 5323934.867899999022484 ], [ 3711585.030599996447563, 5322636.721799999475479 ], [ 3711945.77250000089407, 5321990.905000001192093 ], [ 3711909.813799999654293, 5321152.303800001740456 ], [ 3711900.229500003159046, 5320928.785199999809265 ], [ 3711678.259499996900558, 5320250.716499999165535 ], [ 3711604.845499999821186, 5320026.453099999576807 ], [ 3709773.696000002324581, 5319452.642400000244379 ], [ 3709535.965300001204014, 5319378.146899998188019 ], [ 3709435.240000002086163, 5319251.510200001299381 ], [ 3707921.41950000077486, 5317348.262200001627207 ], [ 3707702.5449, 5316949.739100001752377 ], [ 3707573.114600002765656, 5316714.074700001627207 ], [ 3706848.4551, 5315394.627399999648333 ], [ 3706222.806100003421307, 5314915.792500000447035 ], [ 3705470.419100001454353, 5314339.959800001233816 ], [ 3704755.416199997067451, 5313882.0320999994874 ], [ 3704655.962200000882149, 5313726.438700001686811 ], [ 3704436.037699997425079, 5313382.371899999678135 ], [ 3704367.535499997437, 5312732.911800000816584 ], [ 3704352.584700003266335, 5312591.165100000798702 ], [ 3704987.429499998688698, 5311657.541200000792742 ], [ 3705022.62049999833107, 5311622.107700001448393 ], [ 3706614.500600002706051, 5310019.253699999302626 ], [ 3708827.395400002598763, 5306985.907600000500679 ], [ 3708833.456299997866154, 5306973.111299999058247 ], [ 3709492.327200002968311, 5305582.045899998396635 ], [ 3710189.977399997413158, 5304109.106300000101328 ], [ 3710657.42230000346899, 5301593.613099999725819 ], [ 3710734.899099998176098, 5301333.543499998748302 ], [ 3710903.428099997341633, 5300767.835400000214577 ], [ 3712335.822700001299381, 5299816.705899998545647 ], [ 3715497.877300001680851, 5299171.785300001502037 ], [ 3715728.303999997675419, 5299124.788400001823902 ], [ 3716703.7483000010252, 5298012.5482 ], [ 3717565.91889999806881, 5297029.467099998146296 ], [ 3718047.641500003635883, 5296480.187800001353025 ], [ 3719216.834299996495247, 5296039.244100000709295 ], [ 3719521.576999999582767, 5295924.314800001680851 ], [ 3721411.0050999969244, 5294258.133499998599291 ], [ 3722355.1266999989748, 5293759.337099999189377 ], [ 3722357.6184, 5293758.020599998533726 ], [ 3724199.842200003564358, 5293816.054400000721216 ], [ 3724296.632600001990795, 5293819.103500001132488 ], [ 3726596.105200000107288, 5293508.667899999767542 ], [ 3727515.046899996697903, 5292744.528400000184774 ], [ 3728063.5320999994874, 5292288.439399998635054 ], [ 3728249.509999997913837, 5292133.790800001472235 ], [ 3729106.155000001192093, 5292042.896000001579523 ], [ 3729995.271300002932549, 5292098.838599998503923 ], [ 3732259.209200002253056, 5292241.283900000154972 ], [ 3733792.910400003194809, 5292878.052799999713898 ], [ 3734591.057700000703335, 5293252.254900000989437 ], [ 3734669.249099999666214, 5293288.914000000804663 ], [ 3736458.069300003349781, 5294127.581500001251698 ], [ 3737686.459799997508526, 5294290.556400001049042 ], [ 3738688.764200001955032, 5294423.535700000822544 ], [ 3739708.08049999922514, 5293981.891699999570847 ], [ 3739891.179099999368191, 5293755.194299999624491 ], [ 3740074.277699999511242, 5293528.497000001370907 ], [ 3740179.168399997055531, 5293398.630100000649691 ], [ 3740290.607299998402596, 5292890.147799998521805 ], [ 3740403.475900001823902, 5292375.141699999570847 ], [ 3740887.164599999785423, 5292223.708599999547005 ], [ 3741370.853200003504753, 5292072.275600001215935 ], [ 3741431.64639999717474, 5291964.658599998801947 ], [ 3741491.24210000038147, 5291859.161400001496077 ], [ 3741931.596600003540516, 5291079.6385000012815 ], [ 3742192.848499998450279, 5290953.736000001430511 ], [ 3742539.781900003552437, 5290786.541900001466274 ], [ 3742819.009300000965595, 5290651.976700000464916 ], [ 3743261.710900001227856, 5290763.559900000691414 ], [ 3743589.979900002479553, 5290846.300200000405312 ], [ 3744116.034299999475479, 5290978.892400000244379 ], [ 3744119.040100000798702, 5290979.649999998509884 ], [ 3744120.063100002706051, 5290979.907900001853704 ], [ 3744120.01690000295639, 5290979.713300000876188 ], [ 3744119.696400001645088, 5290978.363000001758337 ], [ 3743921.569799996912479, 5290143.714099999517202 ], [ 3743790.975500002503395, 5289593.559000000357628 ], [ 3743469.773199997842312, 5288240.42850000038743 ], [ 3743394.948100000619888, 5287925.21229999884963 ], [ 3744336.856499999761581, 5286758.777100000530481 ], [ 3745184.935199998319149, 5286927.836399998515844 ], [ 3745426.103699997067451, 5286975.911899998784065 ], [ 3745857.861100003123283, 5286989.260800000280142 ], [ 3747013.1404, 5287024.979400001466274 ], [ 3747364.84570000320673, 5287035.853300001472235 ], [ 3747823.9070999994874, 5286562.296599999070168 ], [ 3748677.084100000560284, 5285682.1798 ], [ 3748805.580600000917912, 5285549.625900000333786 ], [ 3749895.033699996769428, 5284272.298300001770258 ], [ 3749930.862800002098083, 5284230.290600001811981 ], [ 3751410.947599999606609, 5283739.267299998551607 ], [ 3752510.580899998545647, 5284022.937899999320507 ], [ 3752895.013099998235703, 5284122.109200000762939 ], [ 3753055.310000002384186, 5284163.460700001567602 ], [ 3753431.336199998855591, 5285189.413499999791384 ], [ 3753715.643100000917912, 5285418.877000000327826 ], [ 3753784.578199997544289, 5285474.5143 ], [ 3754087.5603, 5285719.050500001758337 ], [ 3754772.622500002384186, 5284646.436799999326468 ], [ 3754944.154899999499321, 5284358.403799999505281 ], [ 3755111.622299998998642, 5284077.196800000965595 ], [ 3756282.645700000226498, 5283429.967799998819828 ], [ 3756307.020599998533726, 5283416.495799999684095 ], [ 3757090.510300002992153, 5283266.172400001436472 ], [ 3757101.648999996483326, 5283279.546799998730421 ], [ 3757924.979500003159046, 5284268.133200000971556 ], [ 3757947.527400001883507, 5284295.206799998879433 ], [ 3758094.930600002408028, 5284472.1963 ], [ 3758160.617899999022484, 5284551.06810000166297 ], [ 3758441.600100003182888, 5285317.40089999884367 ], [ 3758442.737800002098083, 5285320.503699999302626 ], [ 3758775.163699999451637, 5285374.075599998235703 ], [ 3758909.411399997770786, 5285395.710200000554323 ], [ 3759188.544299997389317, 5285440.69370000064373 ], [ 3759730.4966000020504, 5285255.916200000792742 ], [ 3761102.315600000321865, 5284788.197500001639128 ], [ 3761181.511100001633167, 5284761.195999998599291 ], [ 3761393.545800000429153, 5284542.315499998629093 ], [ 3761716.035400003194809, 5284209.414099998772144 ], [ 3762038.524899996817112, 5283876.512699998915195 ], [ 3762094.69820000231266, 5283818.525800000876188 ], [ 3762261.629199996590614, 5283646.205200001597404 ], [ 3762897.10530000180006, 5282112.379099998623133 ], [ 3763131.457800000905991, 5281928.538800001144409 ], [ 3764372.336400002241135, 5280955.118099998682737 ], [ 3764408.069700002670288, 5279577.743700001388788 ], [ 3764424.334399998188019, 5278950.805300001055002 ], [ 3764585.498000003397465, 5278781.888599999248981 ], [ 3765203.070200003683567, 5278134.606899999082088 ], [ 3765583.83839999884367, 5278228.642000000923872 ], [ 3766496.846900001168251, 5278454.119899999350309 ], [ 3766708.571000002324581, 5278506.407600000500679 ], [ 3767370.302000001072884, 5278186.993099998682737 ], [ 3767595.444799996912479, 5278078.317800000309944 ], [ 3767626.45889999717474, 5277810.718100000172853 ], [ 3767645.205799996852875, 5277648.964299999177456 ], [ 3767790.694799996912479, 5276393.640599999576807 ], [ 3767837.810099996626377, 5275987.115800000727177 ], [ 3767849.9397, 5274821.451200000941753 ], [ 3767860.531300000846386, 5273803.591400001198053 ], [ 3767861.405299998819828, 5273719.605799999088049 ], [ 3767822.142800003290176, 5273353.040899999439716 ], [ 3767710.320500001311302, 5272309.03770000115037 ], [ 3767699.753600001335144, 5272210.38230000063777 ], [ 3767685.054499998688698, 5272073.148200001567602 ], [ 3767864.97749999910593, 5271779.018699999898672 ], [ 3768251.911799997091293, 5271146.47690000012517 ], [ 3769343.223899997770786, 5270763.114700000733137 ], [ 3769978.896099999547005, 5270374.139400001615286 ], [ 3770530.931800000369549, 5270036.342300001531839 ], [ 3770843.670400001108646, 5268604.043200001120567 ], [ 3770373.261900000274181, 5267322.339000001549721 ], [ 3769858.205799996852875, 5266245.267900001257658 ], [ 3770099.728699997067451, 5265822.182300001382828 ], [ 3770195.923500001430511, 5265653.673799999058247 ], [ 3770418.005300000309944, 5265264.644099999219179 ], [ 3770587.175800003111362, 5264968.301199998706579 ], [ 3771360.1587999984622, 5264009.701200000941753 ], [ 3771410.175700001418591, 5263947.673599999397993 ], [ 3771127.947499997913837, 5263178.74100000038743 ], [ 3770537.698399998247623, 5262642.630300000309944 ], [ 3769155.034699998795986, 5262790.805500000715256 ], [ 3767767.677599996328354, 5262273.468100000172853 ], [ 3766634.281400002539158, 5262261.662300001829863 ], [ 3764955.240099996328354, 5263373.779100000858307 ], [ 3762885.637000001966953, 5265193.626400001347065 ], [ 3760470.433600001037121, 5265651.751600001007318 ], [ 3758579.9425999969244, 5264788.26240000128746 ], [ 3757726.460699997842312, 5264280.092000000178814 ], [ 3757594.692400000989437, 5263920.708299998193979 ], [ 3757538.483000002801418, 5263767.403299998492002 ], [ 3758846.042900003492832, 5263061.907400000840425 ], [ 3758923.718500003218651, 5263019.997400000691414 ], [ 3759573.055699996650219, 5261618.696699999272823 ], [ 3759709.7162000015378, 5260405.425000000745058 ], [ 3759881.038400001823902, 5260176.213799998164177 ], [ 3760467.057199999690056, 5259392.182199999690056 ], [ 3761675.2483000010252, 5258999.780600000172853 ], [ 3761689.788500003516674, 5258995.058200001716614 ], [ 3762353.347000002861023, 5258040.628899998962879 ], [ 3762440.009499996900558, 5257915.978000000119209 ], [ 3762618.693300001323223, 5257865.521999999880791 ], [ 3762831.54280000180006, 5257805.418400000780821 ], [ 3763494.712999999523163, 5257618.155000001192093 ], [ 3765477.812799997627735, 5257058.175200000405312 ], [ 3767718.469700001180172, 5256218.951999999582767 ], [ 3770509.238499999046326, 5256785.5471 ], [ 3771680.194499999284744, 5257589.778900001198053 ], [ 3772521.931199997663498, 5258167.89750000089407 ], [ 3775613.605200000107288, 5257986.078099999576807 ], [ 3778014.28830000013113, 5257844.895500000566244 ], [ 3782094.215300001204014, 5257100.705200001597404 ], [ 3782455.424500003457069, 5257034.819600000977516 ], [ 3784533.651199996471405, 5256545.016800001263618 ], [ 3785314.410999998450279, 5256993.768800001591444 ], [ 3786231.841399997472763, 5258093.733800001442432 ], [ 3786786.822300001978874, 5258300.395399998873472 ], [ 3787693.945500001311302, 5257543.745200000703335 ], [ 3787886.760300002992153, 5257382.914500001817942 ], [ 3788293.735299997031689, 5256920.415699999779463 ], [ 3788598.765799999237061, 5256573.769900001585484 ], [ 3789673.277199998497963, 5256657.862700000405312 ], [ 3789737.0691, 5257250.32039999961853 ], [ 3791740.298299998044968, 5257300.944400001317263 ], [ 3792226.481799997389317, 5257417.702599998563528 ], [ 3793487.342699997127056, 5257720.501600001007318 ], [ 3793590.005400002002716, 5257745.156300000846386 ], [ 3793654.4441, 5257760.631499998271465 ], [ 3793648.995200000703335, 5257820.985100001096725 ], [ 3793635.943999998271465, 5257965.544599998742342 ], [ 3793622.036899998784065, 5258119.583799999207258 ], [ 3793533.014799997210503, 5259105.619899999350309 ], [ 3793525.550599999725819, 5259475.897799998521805 ], [ 3793480.542700000107288, 5261708.611099999397993 ], [ 3794377.018200002610683, 5262611.011300001293421 ], [ 3795558.887900002300739, 5261218.177700001746416 ], [ 3797194.399700000882149, 5259709.821199998259544 ], [ 3797934.985699996352196, 5259340.891399998217821 ], [ 3798900.82150000333786, 5258859.751400001347065 ], [ 3800464.656999997794628, 5259157.154599998146296 ], [ 3801039.183600001037121, 5260160.710999999195337 ], [ 3802177.805200003087521, 5260836.971999999135733 ], [ 3802829.025499999523163, 5260700.041700001806021 ], [ 3803601.340800002217293, 5259218.027899999171495 ], [ 3804919.750299997627735, 5258476.202599998563528 ], [ 3805691.850299999117851, 5257581.934099998325109 ], [ 3805807.572599999606609, 5257447.901200000196695 ], [ 3806430.262999996542931, 5257047.616300001740456 ], [ 3806919.512000001966953, 5257261.109200000762939 ], [ 3807949.616499997675419, 5257549.308699999004602 ], [ 3808625.626999996602535, 5256410.670400001108646 ], [ 3810280.090499997138977, 5255698.9441 ], [ 3810913.519900001585484, 5256629.326900001615286 ], [ 3811098.114799998700619, 5258335.158900000154972 ], [ 3811134.343800000846386, 5258669.949499998241663 ], [ 3811158.958999998867512, 5258678.074499998241663 ], [ 3811894.077399998903275, 5258920.723600000143051 ], [ 3813610.64360000193119, 5256936.740499999374151 ], [ 3816184.352899998426437, 5254260.562699999660254 ], [ 3816908.372900001704693, 5254182.111200001090765 ], [ 3816986.832400001585484, 5254906.136599998921156 ], [ 3816798.12219999730587, 5255089.846900001168251 ], [ 3815601.29110000282526, 5256254.968100000172853 ], [ 3814703.29389999806881, 5258416.767099998891354 ], [ 3812824.857900001108646, 5260751.4070999994874 ], [ 3812785.196099996566772, 5261071.564800001680851 ], [ 3812682.683799996972084, 5261899.064100001007318 ], [ 3813826.295000001788139, 5264096.171700000762939 ], [ 3814028.30009999871254, 5264484.2643 ], [ 3815105.248999997973442, 5266432.574999999254942 ], [ 3815532.650100000202656, 5267918.405000001192093 ], [ 3814758.938699997961521, 5270000.722500000149012 ], [ 3814294.67230000346899, 5271250.157499998807907 ], [ 3814666.703500002622604, 5271609.594300001859665 ], [ 3814825.261, 5271479.846599999815226 ], [ 3816074.218699999153614, 5270457.823699999600649 ], [ 3817620.478299997746944, 5269357.608399998396635 ], [ 3818586.736199997365475, 5269053.021800000220537 ], [ 3819591.774499997496605, 5269130.893899999558926 ], [ 3821811.520400002598763, 5269302.883699998259544 ], [ 3823363.258199997246265, 5268951.060499999672174 ], [ 3823502.023299999535084, 5268919.598400000482798 ], [ 3824093.718599997460842, 5268055.647799998521805 ], [ 3825227.109499998390675, 5266400.752700001001358 ], [ 3826070.204899996519089, 5265576.449999999254942 ], [ 3826191.509900003671646, 5265531.735599998384714 ], [ 3826838.798699997365475, 5265293.137699998915195 ], [ 3828015.240900002419949, 5265698.254200000315905 ], [ 3828702.13849999755621, 5265328.861200001090765 ], [ 3830343.854000002145767, 5264445.995700001716614 ], [ 3830806.11710000038147, 5263796.234299998730421 ], [ 3831377.8015, 5264072.598299998790026 ], [ 3831893.903499998152256, 5264322.092700000852346 ], [ 3831931.041000001132488, 5264340.045699998736382 ], [ 3832682.4662000015378, 5265124.303100001066923 ], [ 3832716.247900001704693, 5265139.881000000983477 ], [ 3833060.654700003564358, 5265298.699099998921156 ], [ 3833358.265100002288818, 5265435.937699999660254 ], [ 3833383.789300002157688, 5265447.707800000905991 ], [ 3833006.093099996447563, 5267487.290600001811981 ], [ 3832944.636900000274181, 5268759.742899999022484 ], [ 3833965.324199996888638, 5270181.012299999594688 ], [ 3834012.748700000345707, 5270400.024099998176098 ], [ 3834233.122100003063679, 5271417.734299998730421 ], [ 3834106.519500002264977, 5272338.704999998211861 ], [ 3833935.585299998521805, 5273582.165600001811981 ], [ 3834498.20269999653101, 5273854.098999999463558 ], [ 3835513.445299997925758, 5273569.2368 ], [ 3836069.304399996995926, 5273413.270799998193979 ], [ 3836437.843699999153614, 5273309.864100001752377 ], [ 3836406.845399998128414, 5273657.357200000435114 ], [ 3836390.542000003159046, 5273840.118500001728535 ], [ 3836317.803000003099442, 5274655.527800001204014 ], [ 3836702.015699997544289, 5275252.220899999141693 ], [ 3836798.931100003421307, 5275402.733399998396635 ], [ 3837055.866099998354912, 5275685.688999999314547 ], [ 3837404.613300003111362, 5276069.754900000989437 ], [ 3837364.754799999296665, 5277260.99210000038147 ], [ 3837357.620899997651577, 5277474.200300000607967 ], [ 3837824.460199996829033, 5278089.734400000423193 ], [ 3839318.921300001442432, 5277127.340799998492002 ], [ 3841772.387199997901917, 5275793.8596 ], [ 3842530.859099999070168, 5275939.671700000762939 ], [ 3842657.172200001776218, 5275963.954700000584126 ], [ 3842938.682899996638298, 5276726.704300001263618 ], [ 3842944.610200002789497, 5276734.949700001627207 ], [ 3843386.487899996340275, 5277007.351399999111891 ], [ 3844226.767300002276897, 5277525.353500001132488 ], [ 3844284.508400000631809, 5277633.834300000220537 ], [ 3844394.384300000965595, 5277840.262600000947714 ], [ 3843789.735399998724461, 5279152.423599999397993 ], [ 3843747.74040000140667, 5279243.557700000703335 ], [ 3843795.55120000243187, 5280904.383000001311302 ], [ 3843644.546099998056889, 5283186.772300001233816 ], [ 3843782.226000003516674, 5283838.232999999076128 ], [ 3844761.797200001776218, 5284264.597199998795986 ], [ 3845697.07880000025034, 5284895.725299999117851 ], [ 3847622.737199999392033, 5284219.068199999630451 ], [ 3849313.640900000929832, 5283834.5472999997437 ], [ 3852077.695200003683567, 5284732.375399999320507 ], [ 3855310.138599999248981, 5285645.493700001388788 ], [ 3855566.14130000025034, 5285851.033300001174212 ], [ 3855748.544799998402596, 5285997.481499999761581 ], [ 3855764.443499997258186, 5286339.212400000542402 ], [ 3855797.910400003194809, 5287058.560199998319149 ], [ 3856104.598999999463558, 5287424.960999999195337 ], [ 3856439.0675999969244, 5288654.876200001686811 ], [ 3857367.435099996626377, 5289219.931000001728535 ], [ 3857472.320900000631809, 5289516.397700000554323 ], [ 3857643.492700003087521, 5290000.225999999791384 ], [ 3857753.418799996376038, 5290310.9391999989748 ], [ 3858886.673699997365475, 5290920.238299999386072 ], [ 3861844.728799998760223, 5289929.83390000090003 ], [ 3865204.168300002813339, 5289561.846500001847744 ], [ 3866456.597099997103214, 5288824.632399998605251 ], [ 3867152.273299999535084, 5288481.72859999909997 ], [ 3869535.456299997866154, 5290153.583599999547005 ], [ 3871735.678999997675419, 5291978.803800001740456 ], [ 3873139.141699999570847, 5293224.787900000810623 ], [ 3874082.324100002646446, 5293921.274099998176098 ], [ 3875136.345899999141693, 5293805.521899998188019 ], [ 3877389.153499998152256, 5294891.46510000154376 ], [ 3878596.386500000953674, 5296070.667100001126528 ], [ 3879107.11150000244379, 5296569.533500000834465 ], [ 3879661.293600000441074, 5298032.707299999892712 ], [ 3879858.704800002276897, 5298553.920400001108646 ], [ 3881849.030299998819828, 5299068.51410000026226 ], [ 3883232.585199996829033, 5298916.2949 ], [ 3884849.42790000140667, 5299671.893500000238419 ], [ 3886715.946000002324581, 5299666.4331 ], [ 3888552.873800002038479, 5299997.563499998301268 ], [ 3890097.249799996614456, 5300094.120799999684095 ], [ 3893143.400700002908707, 5298691.340900000184774 ], [ 3894870.843999996781349, 5298634.147700000554323 ], [ 3897878.689099997282028, 5299302.419700000435114 ], [ 3902672.727099999785423, 5299839.780699998140335 ], [ 3905124.290200002491474, 5300902.477600000798702 ], [ 3906682.759999997913837, 5302330.649700000882149 ], [ 3907875.977700002491474, 5302265.3114 ], [ 3910636.930799998342991, 5298891.975900001823902 ], [ 3911988.056599996984005, 5297852.0713 ], [ 3912357.457500003278255, 5297567.75899999961257 ], [ 3912496.643399998545647, 5297546.9239999987185 ], [ 3920950.470499999821186, 5296281.45719999819994 ], [ 3921472.265699997544289, 5296198.241599999368191 ], [ 3922326.47410000115633, 5296062.013000000268221 ], [ 3924343.807800002396107, 5296430.8766999989748 ], [ 3924398.178199999034405, 5296468.5154 ], [ 3925890.876999996602535, 5298133.465399999171495 ], [ 3928517.357100002467632, 5300623.963300000876188 ], [ 3928723.724200002849102, 5300819.646000001579523 ], [ 3928717.427199997007847, 5300885.323699999600649 ], [ 3928445.792499996721745, 5303718.464400000870228 ], [ 3928218.847900003194809, 5305088.30689999833703 ], [ 3928006.740699999034405, 5306368.590199999511242 ], [ 3928691.880800001323223, 5308926.088599998503923 ], [ 3928804.980099998414516, 5309348.2668999992311 ], [ 3930423.278300002217293, 5311302.983300000429153 ], [ 3932312.560000002384186, 5312693.87779999896884 ], [ 3935673.471400000154972, 5312920.137899998575449 ], [ 3941934.132700003683567, 5313423.258900001645088 ], [ 3945814.984200000762939, 5313523.965799998492002 ], [ 3946663.961199998855591, 5312762.010000001639128 ], [ 3948430.88740000128746, 5304092.550900001078844 ], [ 3949323.048500001430511, 5302525.456399999558926 ], [ 3951840.718500003218651, 5301777.197599999606609 ], [ 3958010.851499997079372, 5300886.877000000327826 ], [ 3960373.848600000143051, 5299355.020100001245737 ], [ 3962978.557599999010563, 5298196.143699999898672 ], [ 3965517.249099999666214, 5297044.515900000929832 ], [ 3971224.608800001442432, 5295603.781500000506639 ], [ 3975393.830799996852875, 5293534.840300001204014 ], [ 3977447.872100003063679, 5291636.720100000500679 ], [ 3984457.107699997723103, 5290514.540899999439716 ], [ 3989767.757299996912479, 5289115.870400000363588 ], [ 3990526.522699996829033, 5289171.400600001215935 ], [ 3990843.605999998748302, 5289194.6064000017941 ], [ 3991349.10639999806881, 5289537.708799999207258 ], [ 3992164.470499999821186, 5290883.436799999326468 ], [ 3992332.4419, 5291160.667399998754263 ], [ 3993296.387500002980232, 5292040.12220000103116 ], [ 3994414.1118, 5293059.8766999989748 ], [ 3996604.159100003540516, 5294460.133699998259544 ], [ 3997073.814400002360344, 5294760.418600000441074 ], [ 3997502.007600001990795, 5294800.71169999986887 ], [ 3999972.594499997794628, 5295033.194299999624491 ], [ 4000977.651500001549721, 5294919.590300001204014 ], [ 4001421.424599997699261, 5294869.42960000038147 ], [ 4003860.769299998879433, 5292259.246300000697374 ], [ 4004305.925399996340275, 5291303.50959999859333 ], [ 4005631.454300001263618, 5288457.638799998909235 ], [ 4007026.664099998772144, 5283698.573899999260902 ], [ 4007085.512699998915195, 5283637.413199998438358 ], [ 4009114.6985, 5281528.504000000655651 ], [ 4009973.912000000476837, 5280021.921399999409914 ], [ 4010171.621899999678135, 5279675.2483000010252 ], [ 4011510.01799999922514, 5276473.26410000026226 ], [ 4011692.771999999880791, 5276036.042899999767542 ], [ 4013761.770599998533726, 5275468.208500001579523 ], [ 4016820.02759999781847, 5274682.116300001740456 ], [ 4019332.6503000035882, 5274036.273699998855591 ], [ 4020406.232500001788139, 5273488.420099999755621 ], [ 4024373.622599996626377, 5271463.844099998474121 ], [ 4024835.866999998688698, 5271129.085299998521805 ], [ 4026775.677699998021126, 5269724.26799999922514 ], [ 4028293.660300001502037, 5268418.447700001299381 ], [ 4028624.7466000020504, 5266912.211399998515844 ], [ 4028864.700099997222424, 5265820.572599999606609 ], [ 4028463.660999998450279, 5263466.724700000137091 ], [ 4028571.248499996960163, 5262654.698600001633167 ], [ 4029442.827100001275539, 5262031.987799998372793 ], [ 4029680.737300001084805, 5261862.009700000286102 ], [ 4030394.979000002145767, 5258181.9529 ], [ 4031357.248599998652935, 5254340.710499998182058 ], [ 4030973.912799999117851, 5253317.006099998950958 ], [ 4030878.612000003457069, 5253062.503699999302626 ], [ 4029193.533600002527237, 5251721.703499998897314 ], [ 4027133.27250000089407, 5249424.148400001227856 ], [ 4026928.286399997770786, 5246449.397399999201298 ], [ 4027056.571400001645088, 5242304.522700000554323 ], [ 4025832.311099998652935, 5237980.8081 ], [ 4025295.524099998176098, 5236590.027899999171495 ], [ 4024133.123400002717972, 5233578.323399998247623 ], [ 4022869.0493, 5230658.499800000339746 ], [ 4022098.305200003087521, 5226217.916999999433756 ], [ 4021060.0337999984622, 5224017.1206 ], [ 4020739.210699997842312, 5223337.080299999564886 ], [ 4020607.559199996292591, 5223058.022100001573563 ], [ 4018146.035599999129772, 5220141.669300001114607 ], [ 4016861.836300000548363, 5217624.442299999296665 ], [ 4016921.465199999511242, 5216618.874800000339746 ], [ 4017044.647900000214577, 5214541.552799999713898 ], [ 4017148.730200000107288, 5209005.1537000015378 ], [ 4017055.339599996805191, 5204313.015900000929832 ], [ 4017049.606100000441074, 5204024.9551 ], [ 4015644.059600003063679, 5199260.103000000119209 ], [ 4013947.643799997866154, 5194861.444200001657009 ], [ 4013666.183499999344349, 5194153.036200001835823 ], [ 4013410.729599997401237, 5193510.08390000090003 ], [ 4011620.656999997794628, 5189004.647100001573563 ], [ 4008201.510600000619888, 5184070.475000001490116 ], [ 4006853.427199997007847, 5181562.628199998289347 ], [ 4006326.978000000119209, 5177498.85359999909997 ], [ 4006340.847599998116493, 5169983.220400001853704 ], [ 4005974.241999998688698, 5169093.861400000751019 ], [ 4003959.062899999320507, 5168324.546100001782179 ], [ 4001279.764700002968311, 5168028.440600000321865 ], [ 4000390.712099999189377, 5167930.186000000685453 ], [ 3997595.361100003123283, 5167315.246500000357628 ], [ 3997054.1096, 5166937.599800001829863 ], [ 3995791.130000002682209, 5166056.3827 ], [ 3994936.699400000274181, 5165554.517799999564886 ], [ 3992896.519900001585484, 5166811.623599998652935 ], [ 3992823.303800001740456, 5166856.737399999052286 ], [ 3992728.446099996566772, 5166862.659600000828505 ], [ 3988862.273199997842312, 5167104.031199999153614 ], [ 3988576.52759999781847, 5166338.468899998813868 ], [ 3987029.667400002479553, 5166180.409600000828505 ], [ 3986101.384700000286102, 5165021.904800001531839 ], [ 3984383.655100002884865, 5162755.78770000115037 ], [ 3983171.672399997711182, 5162028.113499999046326 ], [ 3979550.756300002336502, 5159976.225699998438358 ], [ 3979447.380400002002716, 5159057.309900000691414 ], [ 3980765.807499997317791, 5157779.050599999725819 ], [ 3981172.694399997591972, 5156669.837499998509884 ], [ 3980885.295000001788139, 5156364.748100001364946 ], [ 3979909.60360000282526, 5155329.000900000333786 ], [ 3979587.677199997007847, 5154987.259199999272823 ], [ 3978827.223300002515316, 5153544.251200001686811 ], [ 3978912.565099999308586, 5151939.703000001609325 ], [ 3980486.713899999856949, 5151164.516800001263618 ], [ 3982512.764200001955032, 5150271.954300001263618 ], [ 3983605.273599997162819, 5149351.525400001555681 ], [ 3983148.083800002932549, 5145881.228700000792742 ], [ 3982023.5449, 5144745.377300001680851 ], [ 3980885.1426, 5144076.186799999326468 ], [ 3980713.832599997520447, 5144077.095300000160933 ], [ 3979236.659199997782707, 5144084.928899999707937 ], [ 3979025.873599998652935, 5144086.046700000762939 ], [ 3977436.429799996316433, 5144131.922200001776218 ], [ 3976575.31870000064373, 5143564.330299999564886 ], [ 3976132.85980000346899, 5143787.216699998825788 ], [ 3974877.540700003504753, 5144419.577599998563528 ], [ 3972887.028099998831749, 5144443.900800000876188 ], [ 3970838.266800001263618, 5144541.106499999761581 ], [ 3969103.503600001335144, 5145068.054900001734495 ], [ 3968236.4309, 5145630.456900000572205 ], [ 3966413.264300003647804, 5145369.906700000166893 ], [ 3965930.591600000858307, 5145405.319899998605251 ], [ 3964836.402199998497963, 5145485.599500000476837 ], [ 3964699.880900003015995, 5145495.615899998694658 ], [ 3963414.970600001513958, 5146208.33390000090003 ], [ 3963198.624700002372265, 5146328.33729999884963 ], [ 3963012.298500001430511, 5146204.043000001460314 ], [ 3962140.826200000941753, 5145622.701999999582767 ], [ 3961834.229599997401237, 5145418.177799999713898 ], [ 3959515.052500002086163, 5144880.699099998921156 ], [ 3957874.134900003671646, 5144466.488299999386072 ], [ 3956203.878600001335144, 5143789.75279999896884 ], [ 3956174.683700002729893, 5143528.876600001007318 ], [ 3956137.791500002145767, 5143199.219300001859665 ], [ 3956305.803599998354912, 5142693.841600000858307 ], [ 3956449.117299996316433, 5142262.756099998950958 ], [ 3956734.221699997782707, 5141405.166400000452995 ], [ 3956730.894299998879433, 5141227.294599998742342 ], [ 3956680.897600002586842, 5138554.605999998748302 ], [ 3956744.295900002121925, 5138411.336800001561642 ], [ 3957052.020999997854233, 5137715.932 ], [ 3958123.23589999973774, 5137197.451299998909235 ], [ 3960266.649899996817112, 5137355.977400001138449 ], [ 3960470.274700000882149, 5136801.753499999642372 ], [ 3960276.647799998521805, 5136218.576499998569489 ], [ 3960000.44650000333786, 5135386.697000000625849 ], [ 3959768.57769999653101, 5134688.340799998492002 ], [ 3960544.123999997973442, 5129752.901700001209974 ], [ 3960403.986100003123283, 5127909.030000001192093 ], [ 3961415.005500003695488, 5125670.646299999207258 ], [ 3963001.439000003039837, 5123235.048700001090765 ], [ 3963036.467200003564358, 5121770.250900000333786 ], [ 3962545.182300001382828, 5118571.74439999833703 ], [ 3962432.724500000476837, 5118423.350099999457598 ], [ 3961506.682199999690056, 5117201.385800000280142 ], [ 3960597.322700001299381, 5116001.435400001704693 ], [ 3960055.579899996519089, 5115553.03319999948144 ], [ 3959366.589800000190735, 5114982.754000000655651 ], [ 3959127.525600001215935, 5114784.879799999296665 ], [ 3958801.560400001704693, 5114515.077300000935793 ], [ 3958548.455399997532368, 5114305.581500001251698 ], [ 3958015.890500001609325, 5113880.263999998569489 ], [ 3957746.474200002849102, 5113665.102400001138449 ], [ 3957416.698100000619888, 5114078.0185999982059 ], [ 3957047.751500003039837, 5114539.980599999427795 ], [ 3956526.451399996876717, 5114598.320900000631809 ], [ 3956289.649800002574921, 5114624.82209999859333 ], [ 3955673.130900003015995, 5114693.818599998950958 ], [ 3955542.487899996340275, 5114708.439300000667572 ], [ 3955277.421099998056889, 5114738.103700000792742 ], [ 3954409.916199997067451, 5114104.887699998915195 ], [ 3953483.772100001573563, 5112947.13569999858737 ], [ 3953454.906599998474121, 5112495.289599999785423 ], [ 3953218.501599997282028, 5108794.721900001168251 ], [ 3953586.258699998259544, 5106745.751200001686811 ], [ 3953596.738399997353554, 5106687.363000001758337 ], [ 3953668.333499997854233, 5106288.468800000846386 ], [ 3952735.058799996972084, 5105065.372099999338388 ], [ 3952491.630000002682209, 5104783.540500000119209 ], [ 3952276.748400002717972, 5104534.759700000286102 ], [ 3950905.315499998629093, 5102946.973000001162291 ], [ 3949149.374399997293949, 5102081.3310999982059 ], [ 3947357.246500000357628, 5101485.143800001591444 ], [ 3946766.979400001466274, 5100953.781599998474121 ], [ 3946598.620999999344349, 5099446.224300000816584 ], [ 3946255.604299999773502, 5098157.307399999350309 ], [ 3946175.735799998044968, 5097442.053399998694658 ], [ 3946145.823700003325939, 5097174.178399998694658 ], [ 3946784.960299998521805, 5096680.177400000393391 ], [ 3947550.772699996829033, 5096088.266199998557568 ], [ 3948744.390000000596046, 5094893.227400001138449 ], [ 3948241.344499997794628, 5093954.114700000733137 ], [ 3946855.843299999833107, 5092928.67680000141263 ], [ 3946479.651500001549721, 5092650.249400001019239 ], [ 3946216.068899996578693, 5092455.166400000452995 ], [ 3944687.455700002610683, 5093621.101599998772144 ], [ 3942449.083700001239777, 5095479.991500001400709 ], [ 3942379.88120000064373, 5095537.461800001561642 ], [ 3939728.171099998056889, 5095739.352699998766184 ], [ 3938629.500500001013279, 5095823.001200001686811 ], [ 3935650.960400000214577, 5095889.503899998962879 ], [ 3934034.1809, 5095671.456900000572205 ], [ 3933433.306599996984005, 5095988.988800000399351 ], [ 3931966.160300001502037, 5096764.302200000733137 ], [ 3929366.375500001013279, 5097849.8597999997437 ], [ 3928471.668999999761581, 5097431.07490000128746 ], [ 3928106.376299999654293, 5097260.092500001192093 ], [ 3926962.968599997460842, 5097121.8158 ], [ 3926766.33330000191927, 5097225.448899999260902 ], [ 3926306.664499998092651, 5097467.709199998527765 ], [ 3925340.855899997055531, 5097976.721500001847744 ], [ 3925207.846799999475479, 5098046.821600001305342 ], [ 3923933.328299999237061, 5099117.439500000327826 ], [ 3922959.851700000464916, 5098972.156800001859665 ], [ 3921865.0449, 5098808.766600001603365 ], [ 3921639.16669999808073, 5098775.05629999935627 ], [ 3921503.568099997937679, 5096381.5304000005126 ], [ 3921500.94879999756813, 5096335.296900000423193 ], [ 3921145.662100002169609, 5095565.356899999082088 ], [ 3920859.950199998915195, 5094946.192200001329184 ], [ 3920714.570900000631809, 5094631.141600001603365 ], [ 3918355.2368, 5093698.748399998992682 ], [ 3915384.097099997103214, 5093829.292700000107288 ], [ 3912237.751000002026558, 5095372.334499999880791 ], [ 3910292.994599997997284, 5096383.984700001776218 ], [ 3908115.4507, 5096492.41780000180006 ], [ 3905785.586599998176098, 5095224.267799999564886 ], [ 3903688.743900001049042, 5094261.994899999350309 ], [ 3901127.320000000298023, 5090896.371300000697374 ], [ 3900436.76690000295639, 5088849.8915 ], [ 3900830.667000003159046, 5087612.328400000929832 ], [ 3902892.742499999701977, 5084664.757599998265505 ], [ 3903847.867799997329712, 5081906.035399999469519 ], [ 3904421.449100002646446, 5080421.585400000214577 ], [ 3906631.929999999701977, 5074700.777800001204014 ], [ 3908045.342500001192093, 5071295.072599999606609 ], [ 3908708.102399997413158, 5070094.461899999529123 ], [ 3909028.807899996638298, 5068799.14130000025034 ], [ 3910615.150399997830391, 5069352.801300000399351 ], [ 3911830.832699999213219, 5068356.146600000560284 ], [ 3913381.050899997353554, 5067985.428399998694658 ], [ 3913708.850400000810623, 5066755.634500000625849 ], [ 3913206.968099996447563, 5065816.746199999004602 ], [ 3913054.224200002849102, 5065722.9560999982059 ], [ 3912076.385099999606609, 5065122.528599999845028 ], [ 3911286.181599996984005, 5064637.315999999642372 ], [ 3911139.392099998891354, 5064344.748100001364946 ], [ 3909584.593000002205372, 5061245.8581000007689 ], [ 3909235.82320000231266, 5059892.3673 ], [ 3909767.597499996423721, 5058109.966899998486042 ], [ 3910881.014200001955032, 5057390.051199998706579 ], [ 3912001.64750000089407, 5056735.598700001835823 ], [ 3913594.818400003015995, 5057354.456199999898672 ], [ 3914933.368000000715256, 5058067.789200000464916 ], [ 3915268.299599997699261, 5056903.7643 ], [ 3915935.66610000282526, 5053105.577300000935793 ], [ 3916040.356200002133846, 5052509.753600001335144 ], [ 3916303.347699999809265, 5051872.006400000303984 ], [ 3916928.241400003433228, 5050356.656399998813868 ], [ 3916484.582900002598763, 5049941.94310000166297 ], [ 3913785.644100002944469, 5050705.164900001138449 ], [ 3912855.54839999973774, 5050865.105599999427795 ], [ 3910533.80799999833107, 5051264.355799999088049 ], [ 3906707.867399998009205, 5050229.9507 ], [ 3904695.506999999284744, 5050166.152800001204014 ], [ 3904380.128300003707409, 5050156.154399998486042 ], [ 3902714.045100003480911, 5050490.688799999654293 ], [ 3902175.784500002861023, 5050598.766699999570847 ], [ 3901706.739900000393391, 5051010.841899998486042 ], [ 3900967.640699997544289, 5051660.17119999974966 ], [ 3899337.993100002408028, 5051906.551399998366833 ], [ 3898720.145999997854233, 5051113.249800000339746 ], [ 3899189.5779, 5050329.801199998706579 ], [ 3899783.270700000226498, 5049338.970100000500679 ], [ 3899101.077100001275539, 5046763.599300000816584 ], [ 3898992.574799999594688, 5045781.600000001490116 ], [ 3900549.962499998509884, 5044284.214200001209974 ], [ 3901003.696999996900558, 5043364.757100000977516 ], [ 3901094.066100001335144, 5043181.631299998611212 ], [ 3902417.543700002133846, 5040499.708399999886751 ], [ 3902244.963500000536442, 5039358.626200001686811 ], [ 3902171.147100001573563, 5038870.5603 ], [ 3900878.216600000858307, 5036164.662799999117851 ], [ 3900814.792999997735023, 5032594.347600001841784 ], [ 3900988.970899999141693, 5031917.807100001722574 ], [ 3901973.318899996578693, 5028094.409699998795986 ], [ 3903370.993199996650219, 5024561.913499999791384 ], [ 3904876.726199999451637, 5022607.1415 ], [ 3905466.910999998450279, 5019561.671799998730421 ], [ 3906259.474799998104572, 5018944.177099999040365 ], [ 3908941.727799996733665, 5018647.225000001490116 ], [ 3912311.233300000429153, 5016773.853799998760223 ], [ 3912809.218400001525879, 5016496.984999999403954 ], [ 3914982.704899996519089, 5015196.511199999600649 ], [ 3917395.832800000905991, 5014266.658700000494719 ], [ 3921225.966099999845028, 5014768.55460000038147 ], [ 3925673.960500001907349, 5014870.329199999570847 ], [ 3928137.818800002336502, 5014993.688200000673532 ], [ 3931619.025600001215935, 5014142.807399999350309 ], [ 3934598.42119999974966, 5012709.6402000002563 ], [ 3935201.587700001895428, 5012419.501400001347065 ], [ 3938072.344099998474121, 5012629.342500001192093 ], [ 3940340.13629999756813, 5013369.774500001221895 ], [ 3941924.356100000441074, 5012985.942400000989437 ], [ 3943886.357500001788139, 5012510.579599998891354 ], [ 3947642.897299997508526, 5011164.054299999028444 ], [ 3948710.876500003039837, 5010647.431499999016523 ], [ 3949225.270499996840954, 5008139.989100001752377 ], [ 3948401.7949, 5004325.611999999731779 ], [ 3946510.40990000218153, 5000432.274000000208616 ], [ 3945619.749700002372265, 4999238.596999999135733 ], [ 3943318.814900003373623, 4996154.84739999845624 ], [ 3942635.943199999630451, 4995126.3871 ], [ 3941886.706600002944469, 4993997.975999999791384 ], [ 3941406.154399998486042, 4991470.306099999696016 ], [ 3942034.403800003230572, 4989967.578499998897314 ], [ 3942450.979400001466274, 4988971.159600000828505 ], [ 3943147.266000002622604, 4986908.086399998515844 ], [ 3942507.382600001990795, 4985325.088500000536442 ], [ 3940313.515699997544289, 4984047.837900001555681 ], [ 3939842.742600001394749, 4984022.347699999809265 ], [ 3939115.18129999935627, 4983982.953699998557568 ], [ 3937357.550200000405312, 4983649.518800001591444 ], [ 3937466.687299996614456, 4983513.000399999320507 ], [ 3937822.139399997889996, 4983068.369199998676777 ], [ 3938751.5016999989748, 4982501.574999999254942 ], [ 3939324.675399996340275, 4981114.2982 ], [ 3939985.268700003623962, 4980511.297200001776218 ], [ 3940211.166500002145767, 4980383.165699999779463 ], [ 3940420.876800000667572, 4980264.215900000184774 ], [ 3941265.01410000026226, 4980348.918800000101328 ], [ 3941357.691299997270107, 4980358.218299999833107 ], [ 3941684.190399996936321, 4979726.299499999731779 ], [ 3941422.255900003015995, 4978564.558600001037121 ], [ 3942177.292000003159046, 4978215.667500000447035 ], [ 3944079.716099999845028, 4978069.519099999219179 ], [ 3945589.063799999654293, 4976180.800599999725819 ], [ 3946234.5559, 4974851.6875 ], [ 3946508.633400000631809, 4974615.498599998652935 ], [ 3947381.188400000333786, 4973863.565900001674891 ], [ 3947724.241899996995926, 4973477.691799998283386 ], [ 3948556.601000003516674, 4972541.436299998313189 ], [ 3949165.807199999690056, 4971481.0456000007689 ], [ 3950347.608599998056889, 4969033.650600001215935 ], [ 3951632.423199996352196, 4967464.873799998313189 ], [ 3952699.691500000655651, 4966161.72410000115633 ], [ 3955178.04169999808073, 4963135.623399998992682 ], [ 3956678.522200003266335, 4960586.676600001752377 ], [ 3957059.787900000810623, 4958701.171599999070168 ], [ 3957082.917199999094009, 4958667.155200000852346 ], [ 3957508.602600000798702, 4958170.25560000166297 ], [ 3958816.292999997735023, 4956643.797899998724461 ], [ 3960049.903200000524521, 4956439.492600001394749 ], [ 3961451.238899998366833, 4956450.494300000369549 ], [ 3961704.643299996852875, 4956452.48369999974966 ], [ 3962284.555699996650219, 4955726.182 ], [ 3962609.958800002932549, 4954499.378699999302626 ], [ 3963900.286100000143051, 4953032.179699998348951 ], [ 3963688.547700002789497, 4951733.412099998444319 ], [ 3962083.532399997115135, 4950392.494899999350309 ], [ 3960942.487199999392033, 4948470.636199999600649 ], [ 3960209.030900001525879, 4947825.513599999248981 ], [ 3959728.407600000500679, 4945895.883499998599291 ], [ 3956955.785099998116493, 4944751.882599998265505 ], [ 3955806.881999999284744, 4941575.031700000166893 ], [ 3953032.925800003111362, 4938051.407499998807907 ], [ 3951581.989200003445148, 4936053.273800000548363 ], [ 3951079.682199999690056, 4935361.530000001192093 ], [ 3949592.072400003671646, 4934470.3081 ], [ 3948909.734899997711182, 4933687.355399999767542 ], [ 3947704.143500000238419, 4931178.454599998891354 ], [ 3946825.736000001430511, 4929822.669599998742342 ], [ 3945635.9441, 4929228.613200001418591 ], [ 3943779.216600000858307, 4929171.570700000971556 ], [ 3942655.325900003314018, 4929759.596799999475479 ], [ 3942394.3108000010252, 4930469.095899999141693 ], [ 3942148.268700003623962, 4931137.894999999552965 ], [ 3941598.285199999809265, 4933908.911899998784065 ], [ 3941490.851700000464916, 4933978.494600001722574 ], [ 3940612.074000000953674, 4934547.662599999457598 ], [ 3938479.658399999141693, 4934983.739100001752377 ], [ 3937138.263099998235703, 4936587.328200001269579 ], [ 3935919.690200001001358, 4936921.412599999457598 ], [ 3935303.03490000218153, 4936725.7401 ], [ 3934207.260499998927116, 4935195.473900001496077 ], [ 3933957.920400001108646, 4934623.489 ], [ 3933726.629600003361702, 4934092.909099999815226 ], [ 3933053.270099997520447, 4932548.225499998778105 ], [ 3931029.068499997258186, 4929799.754099998623133 ], [ 3930415.294699996709824, 4929683.1952 ], [ 3929616.836900003254414, 4929531.563799999654293 ], [ 3929273.83669999986887, 4929466.426199998706579 ], [ 3929001.951800003647804, 4929281.284000001847744 ], [ 3928272.870899997651577, 4928784.8103 ], [ 3924813.234499998390675, 4925601.315699998289347 ], [ 3923761.667300000786781, 4924462.786800000816584 ], [ 3921092.9934, 4924230.682199999690056 ], [ 3919736.929099999368191, 4923918.765299998223782 ], [ 3919091.508599996566772, 4924056.49040000140667 ], [ 3919077.912000000476837, 4924045.610800001770258 ], [ 3918438.907700002193451, 4923534.295499999076128 ], [ 3918090.919200003147125, 4922780.08500000089407 ], [ 3918093.055299997329712, 4922775.28940000012517 ], [ 3919100.091899998486042, 4920514.424800001084805 ], [ 3919195.890699997544289, 4920299.350299999117851 ], [ 3919360.203500002622604, 4919930.457100000232458 ], [ 3918845.551100000739098, 4918269.948899999260902 ], [ 3917315.737999998033047, 4917580.945099998265505 ], [ 3916416.912100002169609, 4916029.201699998229742 ], [ 3916293.436599999666214, 4915581.562600001692772 ], [ 3916104.04839999973774, 4914894.968800000846386 ], [ 3915974.917999997735023, 4914426.829100001603365 ], [ 3915453.012500002980232, 4913890.233199998736382 ], [ 3914947.044600002467632, 4914017.264499999582767 ], [ 3914269.605899997055531, 4914187.3462999984622 ], [ 3914039.188100002706051, 4914245.1963 ], [ 3912684.230599999427795, 4914598.705299999564886 ], [ 3912335.267099998891354, 4914689.750100001692772 ], [ 3911825.908500000834465, 4914822.6418999992311 ], [ 3911417.036100000143051, 4914929.3169 ], [ 3910957.68299999833107, 4915049.162399999797344 ], [ 3910694.807099997997284, 4914958.515099998563528 ], [ 3909084.811200000345707, 4914403.341600000858307 ], [ 3907043.11540000140667, 4913699.305300001055002 ], [ 3905137.649400003254414, 4910805.893100000917912 ], [ 3903992.888899996876717, 4909413.510899998247623 ], [ 3903913.58110000193119, 4909476.795099999755621 ], [ 3903596.667700000107288, 4909729.678399998694658 ], [ 3902839.816100001335144, 4910333.613400001078844 ], [ 3901729.674900002777576, 4912239.669700000435114 ], [ 3901483.258699998259544, 4912404.529399998486042 ], [ 3900192.169799998402596, 4913268.305599998682737 ], [ 3899396.917700000107288, 4913771.232200000435114 ], [ 3898468.686700001358986, 4914358.25620000064373 ], [ 3898374.885499998927116, 4914417.577199999243021 ], [ 3898354.10980000346899, 4914430.715999998152256 ], [ 3897660.978000000119209, 4914869.060499999672174 ], [ 3897650.0304000005126, 4914876.806600000709295 ], [ 3897626.491300001740456, 4914893.461800001561642 ], [ 3897573.662600003182888, 4914930.840999998152256 ], [ 3896803.785700000822544, 4915475.5713 ], [ 3895946.593299999833107, 4916082.081999998539686 ], [ 3893678.631399996578693, 4917686.789900001138449 ], [ 3893329.525200001895428, 4918163.55970000103116 ], [ 3892737.308899998664856, 4918972.341699998825788 ], [ 3892260.773199997842312, 4919623.140299998223782 ], [ 3891784.237499997019768, 4920273.938799999654293 ], [ 3891721.32379999756813, 4920275.620900001376867 ], [ 3890203.467600002884865, 4920316.204199999570847 ], [ 3889591.258500002324581, 4920799.670800000429153 ], [ 3888801.616599999368191, 4921423.257800001651049 ], [ 3888745.031199999153614, 4921467.943799998611212 ], [ 3888618.655500002205372, 4922318.450599998235703 ], [ 3888555.419100001454353, 4922744.031100001186132 ], [ 3888373.851599998772144, 4923114.503499999642372 ], [ 3888261.428599998354912, 4923343.8926 ], [ 3888190.196699999272823, 4923489.234999999403954 ], [ 3888004.825800001621246, 4923867.4679000005126 ], [ 3887434.865599997341633, 4925030.420800000429153 ], [ 3887413.9353, 4925073.1272 ], [ 3887094.751900002360344, 4925724.3926 ], [ 3886775.568599998950958, 4926375.657900001853704 ], [ 3886191.768700003623962, 4927477.001899998635054 ], [ 3885879.136, 4928066.786400001496077 ], [ 3885832.2434, 4928213.945599999278784 ], [ 3885503.336199998855591, 4930269.984099999070168 ], [ 3885481.546899996697903, 4930406.191399998962879 ], [ 3885415.311200000345707, 4930820.239100001752377 ], [ 3885412.37389999628067, 4930831.788600001484156 ], [ 3885323.937899999320507, 4931179.520399998873472 ], [ 3885285.321999996900558, 4931331.358899999409914 ], [ 3885224.296899996697903, 4931571.310600001364946 ], [ 3885196.072599999606609, 4931682.289099998772144 ], [ 3885135.48030000180006, 4931920.539099998772144 ], [ 3885117.967600002884865, 4931989.399599999189377 ], [ 3885000.369199998676777, 4932451.798900000751019 ], [ 3884957.869099996984005, 4932649.224899999797344 ], [ 3884911.661300003528595, 4932863.874600000679493 ], [ 3884694.991099998354912, 4933870.375599998980761 ], [ 3884682.861900001764297, 4933926.719700001180172 ], [ 3884663.642099998891354, 4934016.001800000667572 ], [ 3884611.864699997007847, 4934256.524000000208616 ], [ 3884555.650799997150898, 4934517.654899999499321 ], [ 3884547.339500002563, 4934556.263599999248981 ], [ 3884432.112999998033047, 4935091.526299998164177 ], [ 3885221.680299997329712, 4936260.131000000983477 ], [ 3885461.971000000834465, 4936585.704900000244379 ], [ 3885903.375299997627735, 4937183.771200001239777 ], [ 3886619.988300003111362, 4938154.72239999845624 ], [ 3886323.1233000010252, 4939486.668600000441074 ], [ 3886062.861299999058247, 4940654.387899998575449 ], [ 3886000.845399998128414, 4940932.6349 ], [ 3885889.759499996900558, 4941010.701299998909235 ], [ 3885504.961300000548363, 4941281.120700001716614 ], [ 3884773.982100002467632, 4941794.821100000292063 ], [ 3884116.441600002348423, 4942897.512299999594688 ], [ 3883789.54730000346899, 4943445.712099999189377 ], [ 3883722.186700001358986, 4943558.675299998372793 ], [ 3883044.462099999189377, 4944695.214999999850988 ], [ 3883077.462700001895428, 4944766.900400001555681 ], [ 3883652.63459999859333, 4946016.315000001341105 ], [ 3883991.841300003230572, 4947895.897700000554323 ], [ 3883868.48139999806881, 4948414.956599999219179 ], [ 3883765.986100003123283, 4948846.223700001835823 ], [ 3883290.273699998855591, 4948765.239 ], [ 3882822.846400000154972, 4948685.664799999445677 ], [ 3881069.6743, 4945970.193300001323223 ], [ 3879822.896300002932549, 4944851.534099999815226 ], [ 3877174.709299996495247, 4944812.353700000792742 ], [ 3874984.382600001990795, 4944127.819200001657009 ], [ 3874194.24549999833107, 4943553.713300000876188 ], [ 3872999.325499996542931, 4941882.293299999088049 ], [ 3872398.086900003254414, 4941041.297899998724461 ], [ 3871350.133599996566772, 4939173.362300001084805 ], [ 3871001.10639999806881, 4938551.234999999403954 ], [ 3870124.328100003302097, 4937788.410799998790026 ], [ 3868554.903800003230572, 4939241.3794 ], [ 3868504.64190000295639, 4939287.911699999123812 ], [ 3867807.17400000244379, 4939678.523600000888109 ], [ 3866450.040600001811981, 4940438.576400000602007 ], [ 3864332.5945999994874, 4939811.68470000103116 ], [ 3862606.132799997925758, 4939736.613499999046326 ], [ 3862000.481799997389317, 4939422.1974 ], [ 3861765.268500000238419, 4939300.089400000870228 ], [ 3861513.457099996507168, 4938885.445000000298023 ], [ 3860636.42790000140667, 4937441.287399999797344 ], [ 3860317.175200000405312, 4937338.469099998474121 ], [ 3859796.715599998831749, 4937170.85020000115037 ], [ 3859375.940399996936321, 4937035.33559999987483 ], [ 3858369.419699996709824, 4936711.176199998706579 ], [ 3858033.550200000405312, 4936603.006299998611212 ], [ 3857580.995700001716614, 4936573.258699998259544 ], [ 3855858.501400001347065, 4936460.034800000488758 ], [ 3855770.570100001990795, 4936454.254799999296665 ], [ 3855070.554300002753735, 4935967.536299999803305 ], [ 3854662.037699997425079, 4935683.496199999004602 ], [ 3853553.505300000309944, 4934912.737500000745058 ], [ 3852750.055200003087521, 4933347.126299999654293 ], [ 3852461.890900000929832, 4932785.606300000101328 ], [ 3852322.4331, 4932456.100999999791384 ], [ 3851953.691699996590614, 4931584.853199999779463 ], [ 3851660.096699997782707, 4930891.158399999141693 ], [ 3851607.680799998342991, 4930836.3108000010252 ], [ 3851847.923000000417233, 4930603.377000000327826 ], [ 3851770.992600001394749, 4930526.604800000786781 ], [ 3851760.618600003421307, 4930528.241599999368191 ], [ 3851513.610200002789497, 4930567.214499998837709 ], [ 3851465.761399999260902, 4930574.76410000026226 ], [ 3851331.525499999523163, 4930597.482299998402596 ], [ 3850972.184600003063679, 4930658.297499999403954 ], [ 3850893.648699998855591, 4930677.636399999260902 ], [ 3850883.931100003421307, 4930680.02930000051856 ], [ 3850881.882700003683567, 4930653.092099998146296 ], [ 3850886.960199996829033, 4930584.510899998247623 ], [ 3850877.795000001788139, 4930507.662999998778105 ], [ 3850870.483300000429153, 4930446.355900000780821 ], [ 3850825.340899996459484, 4930273.312600001692772 ], [ 3850803.435000002384186, 4930228.000500001013279 ], [ 3850803.278599999845028, 4930227.676899999380112 ], [ 3850802.678199999034405, 4930226.435100000351667 ], [ 3850802.223099999129772, 4930225.493700001388788 ], [ 3850800.432099997997284, 4930221.789000000804663 ], [ 3850800.235600002110004, 4930221.382500000298023 ], [ 3850799.06139999628067, 4930218.95380000025034 ], [ 3850797.100000001490116, 4930214.896600000560284 ], [ 3850795.917300000786781, 4930212.450100000947714 ], [ 3850789.32940000295639, 4930198.823100000619888 ], [ 3850789.1316, 4930198.413899999111891 ], [ 3850786.722999997437, 4930193.431800000369549 ], [ 3850781.633500002324581, 4930186.506299998611212 ], [ 3850715.175599999725819, 4930096.074099998921156 ], [ 3850659.642800003290176, 4930054.077500000596046 ], [ 3850600.994199998676777, 4929999.213700000196695 ], [ 3850550.1824000030756, 4929936.830200001597404 ], [ 3850524.547499999403954, 4929906.878100000321865 ], [ 3850498.219400003552437, 4929816.934599999338388 ], [ 3850469.429700002074242, 4929729.001899998635054 ], [ 3850425.97860000282526, 4929659.089699998497963 ], [ 3850375.290899999439716, 4929607.114399999380112 ], [ 3850302.000299997627735, 4929572.759199999272823 ], [ 3850178.163599997758865, 4929541.464699998497963 ], [ 3850069.42400000244379, 4929523.451699998229742 ], [ 3850049.482600003480911, 4929520.148299999535084 ], [ 3849868.25620000064373, 4929499.925500001758337 ], [ 3849778.938100002706051, 4929476.267900001257658 ], [ 3849749.8816, 4929468.571699999272823 ], [ 3849679.209200002253056, 4929446.578299999237061 ], [ 3849610.969200000166893, 4929419.600000001490116 ], [ 3849573.050800003111362, 4929380.848099999129772 ], [ 3849567.304999999701977, 4929374.976100001484156 ], [ 3849544.177699998021126, 4929347.483600001782179 ], [ 3849510.557300001382828, 4929270.014499999582767 ], [ 3849474.682700000703335, 4929212.418499998748302 ], [ 3849388.327299997210503, 4929120.192800000309944 ], [ 3849340.35249999910593, 4929088.013300001621246 ], [ 3849269.101899996399879, 4929058.596099998801947 ], [ 3849233.678800001740456, 4929039.162900000810623 ], [ 3849206.0253000035882, 4929006.758699998259544 ], [ 3849157.237000003457069, 4928946.825399998575449 ], [ 3849101.472300000488758, 4928884.496300000697374 ], [ 3849030.204199999570847, 4928809.954900000244379 ], [ 3848976.545199997723103, 4928758.007500000298023 ], [ 3848908.006300002336502, 4928705.741599999368191 ], [ 3848784.04169999808073, 4928618.910300001502037 ], [ 3848695.146600000560284, 4928564.896299999207258 ], [ 3848576.402900002896786, 4928501.313200000673532 ], [ 3848450.665500000119209, 4928474.324999999254942 ], [ 3848449.495399996638298, 4928474.073899999260902 ], [ 3848442.685000002384186, 4928472.612100001424551 ], [ 3848430.466399997472763, 4928467.798099998384714 ], [ 3848361.980899997055531, 4928440.81529999896884 ], [ 3848296.016099996864796, 4928396.450300000607967 ], [ 3848250.437600001692772, 4928356.807300001382828 ], [ 3848186.745300002396107, 4928294.57209999859333 ], [ 3848100.656599998474121, 4928225.152800001204014 ], [ 3848024.227300003170967, 4928175.458000000566244 ], [ 3847953.47410000115633, 4928146.026900000870228 ], [ 3847872.725100003182888, 4928109.272199999541044 ], [ 3847839.799800001084805, 4928092.298500001430511 ], [ 3847809.322800002992153, 4928072.313200000673532 ], [ 3847768.784999996423721, 4928040.058499999344349 ], [ 3847749.89190000295639, 4928009.982500001788139 ], [ 3847727.365699999034405, 4927974.093199998140335 ], [ 3847648.687399998307228, 4927945.083299998193979 ], [ 3847643.413999997079372, 4927917.374099999666214 ], [ 3847662.522600002586842, 4927854.674100000411272 ], [ 3847679.601800002157688, 4927786.548000000417233 ], [ 3847706.229599997401237, 4927731.6952 ], [ 3847758.69370000064373, 4927637.871800001710653 ], [ 3847795.404500000178814, 4927552.663199998438358 ], [ 3847816.110799998044968, 4927499.861699998378754 ], [ 3847860.104999996721745, 4927401.674400001764297 ], [ 3847872.041400000452995, 4927318.736900001764297 ], [ 3847861.982199996709824, 4927263.813999999314547 ], [ 3847852.445200003683567, 4927167.732299998402596 ], [ 3847807.528499998152256, 4927055.6858000010252 ], [ 3847790.932499997317791, 4926949.774300001561642 ], [ 3847791.415700003504753, 4926862.493099998682737 ], [ 3847791.815999999642372, 4926767.787799999117851 ], [ 3847804.140299998223782, 4926675.91950000077486 ], [ 3847813.903399996459484, 4926576.644999999552965 ], [ 3847798.692500002682209, 4926503.9265 ], [ 3847761.392700001597404, 4926408.163400001823902 ], [ 3847725.180600002408028, 4926320.812600001692772 ], [ 3847696.317199997603893, 4926268.587499998509884 ], [ 3847643.835900001227856, 4926189.367499999701977 ], [ 3847603.601899996399879, 4926139.755899999290705 ], [ 3847550.527699999511242, 4926095.240800000727177 ], [ 3847500.080399997532368, 4926063.097600001841784 ], [ 3847419.832099996507168, 4926026.340999998152256 ], [ 3847366.662399999797344, 4926017.034800000488758 ], [ 3847305.367499999701977, 4925989.971200000494719 ], [ 3847275.980200000107288, 4925978.407900001853704 ], [ 3847216.656599998474121, 4925950.832600001245737 ], [ 3847158.870200000703335, 4925926.701400000602007 ], [ 3847099.932899996638298, 4925889.69819999858737 ], [ 3847011.827200002968311, 4925816.339699998497963 ], [ 3846979.303400002419949, 4925790.929000001400709 ], [ 3846864.962099999189377, 4925764.975099999457598 ], [ 3846734.789800003170967, 4925741.687699999660254 ], [ 3846665.731899999082088, 4925729.58559999987483 ], [ 3846562.936200000345707, 4925715.399500001221895 ], [ 3846420.308200001716614, 4925687.283700000494719 ], [ 3846329.17400000244379, 4925652.631000000983477 ], [ 3846281.422600001096725, 4925638.80519999936223 ], [ 3846245.9551, 4925616.406700000166893 ], [ 3846217.877999998629093, 4925589.464600000530481 ], [ 3846182.722099997103214, 4925549.697999998927116 ], [ 3846155.39190000295639, 4925501.918200001120567 ], [ 3846148.005400002002716, 4925419.689300000667572 ], [ 3846151.080700002610683, 4925341.818799998611212 ], [ 3846162.996500000357628, 4925257.388799998909235 ], [ 3846173.378899998962879, 4925211.65089999884367 ], [ 3846180.771899998188019, 4925163.969500001519918 ], [ 3846202.294399999082088, 4925095.795299999415874 ], [ 3846236.751500003039837, 4925030.454599998891354 ], [ 3846261.062299996614456, 4924988.518899999558926 ], [ 3846301.990800000727177, 4924926.072299998253584 ], [ 3846329.202299997210503, 4924876.6732 ], [ 3846376.134400002658367, 4924819.610300000756979 ], [ 3846404.577500000596046, 4924793.006099998950958 ], [ 3846492.976599998772144, 4924718.61430000141263 ], [ 3846492.371899999678135, 4924709.199799999594688 ], [ 3846439.0132, 4924639.409000001847744 ], [ 3846395.633199997246265, 4924574.958999998867512 ], [ 3846344.614399999380112, 4924492.740899998694658 ], [ 3846300.766599997878075, 4924430.770500000566244 ], [ 3846254.306199997663498, 4924357.429499998688698 ], [ 3846201.939599998295307, 4924287.625700000673532 ], [ 3846160.924900002777576, 4924212.244899999350309 ], [ 3846124.501599997282028, 4924150.192299999296665 ], [ 3846097.225400000810623, 4924106.388000000268221 ], [ 3846062.787799999117851, 4924086.444299999624491 ], [ 3845972.138800002634525, 4924050.302499998360872 ], [ 3845842.852300003170967, 4924017.0768 ], [ 3845781.617799997329712, 4923995.462600000202656 ], [ 3845679.091399997472763, 4923961.438900001347065 ], [ 3845599.509400002658367, 4923939.5449 ], [ 3845524.163400001823902, 4923940.910500001162291 ], [ 3845458.834100000560284, 4923950.580400001257658 ], [ 3845450.613300003111362, 4923951.235399998724461 ], [ 3845429.484399996697903, 4923952.918800000101328 ], [ 3845428.261699996888638, 4923953.016199998557568 ], [ 3845393.441399998962879, 4923955.790500000119209 ], [ 3845380.541799999773502, 4923953.348999999463558 ], [ 3845377.157499998807907, 4923952.708399999886751 ], [ 3845309.467299997806549, 4923939.896299999207258 ], [ 3845228.240699999034405, 4923946.780600000172853 ], [ 3845174.984399996697903, 4923956.212799999862909 ], [ 3845168.36599999666214, 4923957.385000001639128 ], [ 3845080.91499999910593, 4923983.666400000452995 ], [ 3844988.432099997997284, 4924004.561799999326468 ], [ 3844907.261600002646446, 4924016.897199999541044 ], [ 3844865.839699998497963, 4924036.205600000917912 ], [ 3844741.072400003671646, 4924095.153999999165535 ], [ 3844624.053999997675419, 4924137.643699999898672 ], [ 3844610.246100001037121, 4924143.762499999254942 ], [ 3844446.350199997425079, 4924162.985300000756979 ], [ 3844361.157200001180172, 4924169.900199998170137 ], [ 3844356.3213, 4924170.221400000154972 ], [ 3844316.066500000655651, 4924172.894900001585484 ], [ 3844213.911799997091293, 4924214.227299999445677 ], [ 3844184.0449, 4924204.150100000202656 ], [ 3844180.197300001978874, 4924195.327599998563528 ], [ 3844176.208999998867512, 4924186.182799998670816 ], [ 3844168.771300002932549, 4924169.128400001674891 ], [ 3844142.942800000309944, 4924121.828600000590086 ], [ 3844120.371200002729893, 4924080.632599998265505 ], [ 3844114.592500001192093, 4924070.085799999535084 ], [ 3844075.996100001037121, 4923990.214899998158216 ], [ 3844024.751199997961521, 4923887.674499999731779 ], [ 3843980.154399998486042, 4923803.401500001549721 ], [ 3843950.545299999415874, 4923728.875399999320507 ], [ 3843932.15089999884367, 4923681.483600001782179 ], [ 3843921.805699996650219, 4923643.919399999082088 ], [ 3843926.447999998927116, 4923616.10190000012517 ], [ 3843965.533500000834465, 4923565.579 ], [ 3843995.779600001871586, 4923522.100999999791384 ], [ 3844032.924800001084805, 4923475.568900000303984 ], [ 3844056.742499999701977, 4923433.647100001573563 ], [ 3844083.364799998700619, 4923333.692600000649691 ], [ 3844089.072899997234344, 4923269.168499998748302 ], [ 3844098.035099998116493, 4923186.26799999922514 ], [ 3844104.909699998795986, 4923136.617899999022484 ], [ 3844123.609899997711182, 4923080.875500001013279 ], [ 3844142.942900002002716, 4923037.521099999547005 ], [ 3844169.748099997639656, 4922997.047800000756979 ], [ 3844207.963899999856949, 4922956.965399999171495 ], [ 3844231.035300001502037, 4922936.852600000798702 ], [ 3844284.41669999808073, 4922922.861000001430511 ], [ 3844339.334899999201298, 4922912.313499998301268 ], [ 3844409.413500003516674, 4922884.245000001043081 ], [ 3844464.063100002706051, 4922850.901500001549721 ], [ 3844523.640799999237061, 4922815.025199998170137 ], [ 3844576.196199998259544, 4922771.290399998426437 ], [ 3844622.849299997091293, 4922732.56980000063777 ], [ 3844698.481600001454353, 4922666.151999998837709 ], [ 3844702.362700000405312, 4922662.743700001388788 ], [ 3844726.6621999964118, 4922619.830200001597404 ], [ 3844715.190099999308586, 4922570.386599998921156 ], [ 3844714.477200001478195, 4922551.546900000423193 ], [ 3844692.007399998605251, 4922493.801600001752377 ], [ 3844658.393700003623962, 4922415.851500000804663 ], [ 3844648.5945999994874, 4922340.107900001108646 ], [ 3844642.077500000596046, 4922323.223499998450279 ], [ 3844614.872900001704693, 4922252.742400001734495 ], [ 3844579.206600002944469, 4922167.880300000309944 ], [ 3844557.319600000977516, 4922119.044700000435114 ], [ 3844514.160800002515316, 4922072.930500000715256 ], [ 3844488.084200002253056, 4922047.449299998581409 ], [ 3844430.379900000989437, 4921986.631499998271465 ], [ 3844358.084499999880791, 4921926.223499998450279 ], [ 3844350.783699996769428, 4921920.123100001364946 ], [ 3844342.220399998128414, 4921911.049800001084805 ], [ 3844297.086300000548363, 4921863.227899998426437 ], [ 3844284.909800000488758, 4921839.07149999961257 ], [ 3844220.28830000013113, 4921823.451400000602007 ], [ 3844129.159699998795986, 4921832.424600001424551 ], [ 3844095.243299998342991, 4921840.100000001490116 ], [ 3844087.880400002002716, 4921841.766199998557568 ], [ 3844053.012999996542931, 4921849.656800001859665 ], [ 3843982.843299999833107, 4921870.290399998426437 ], [ 3843925.208200000226498, 4921902.679999999701977 ], [ 3843858.02139999717474, 4921923.27419999986887 ], [ 3843851.672799997031689, 4921924.714499998837709 ], [ 3843798.187299996614456, 4921936.848400000482798 ], [ 3843755.668700002133846, 4921947.247299998998642 ], [ 3843722.869800001382828, 4921940.191599998623133 ], [ 3843703.154100000858307, 4921938.071199998259544 ], [ 3843699.91669999808073, 4921937.723000001162291 ], [ 3843690.405199997127056, 4921936.699999999254942 ], [ 3843688.750699996948242, 4921936.522100001573563 ], [ 3843687.4243, 4921936.3794 ], [ 3843687.263700000941753, 4921936.362100001424551 ], [ 3843660.326800003647804, 4921933.464999999850988 ], [ 3843582.235799998044968, 4921911.552099999040365 ], [ 3843527.181100003421307, 4921909.698800001293421 ], [ 3843446.815800003707409, 4921905.663100000470877 ], [ 3843398.193599998950958, 4921919.586199998855591 ], [ 3843391.471400000154972, 4921921.511100001633167 ], [ 3843374.673199996352196, 4921926.3213 ], [ 3843282.066699996590614, 4921935.306699998676777 ], [ 3843236.133699998259544, 4921950.701099999248981 ], [ 3843181.198600001633167, 4921958.768300000578165 ], [ 3843141.694300003349781, 4921970.110300000756979 ], [ 3843129.975000001490116, 4921973.475000001490116 ], [ 3843071.493900001049042, 4921990.265299998223782 ], [ 3842949.013700000941753, 4922031.821699999272823 ], [ 3842814.280500002205372, 4922085.903999999165535 ], [ 3842749.663999997079372, 4922114.408300001174212 ], [ 3842676.089699998497963, 4922140.531399998813868 ], [ 3842643.050599999725819, 4922155.776799999177456 ], [ 3842574.779200002551079, 4922168.949099998921156 ], [ 3842555.148400001227856, 4922186.532699998468161 ], [ 3842537.647600002586842, 4922216.97520000115037 ], [ 3842508.553800001740456, 4922274.809599999338388 ], [ 3842466.92509999871254, 4922363.041600000113249 ], [ 3842432.849200002849102, 4922461.103000000119209 ], [ 3842392.791599996387959, 4922557.736299999058247 ], [ 3842364.368900001049042, 4922630.942400000989437 ], [ 3842308.67509999871254, 4922702.972300000488758 ], [ 3842266.438400000333786, 4922738.1587999984622 ], [ 3842206.729400001466274, 4922806.761999998241663 ], [ 3842164.943400003015995, 4922839.767799999564886 ], [ 3842109.933499999344349, 4922883.218699999153614 ], [ 3842037.924900002777576, 4922916.275299999862909 ], [ 3841984.786100000143051, 4922952.069899998605251 ], [ 3841925.003700003027916, 4922970.598200000822544 ], [ 3841844.338100001215935, 4922982.924800001084805 ], [ 3841756.310099996626377, 4923002.757599998265505 ], [ 3841700.077299997210503, 4923028.193500000983477 ], [ 3841656.885799996554852, 4923065.870299998670816 ], [ 3841599.238600000739098, 4923129.514600001275539 ], [ 3841595.181199997663498, 4923133.994199998676777 ], [ 3841538.278399996459484, 4923187.19539999961853 ], [ 3841484.1266999989748, 4923265.158900000154972 ], [ 3841455.82940000295639, 4923305.1402000002563 ], [ 3841417.303300000727177, 4923361.606800001114607 ], [ 3841393.147399999201298, 4923417.405600000172853 ], [ 3841363.969899997115135, 4923467.817600000649691 ], [ 3841364.243299998342991, 4923528.276500001549721 ], [ 3841364.297200001776218, 4923540.194899998605251 ], [ 3841369.941500000655651, 4923600.62220000103116 ], [ 3841373.702500000596046, 4923713.6195 ], [ 3841375.082000002264977, 4923734.882500000298023 ], [ 3841376.455200001597404, 4923756.049199998378754 ], [ 3841377.913099996745586, 4923778.521600000560284 ], [ 3841375.465499997138977, 4923824.660300001502037 ], [ 3841351.164200000464916, 4923911.197999998927116 ], [ 3841328.73369999974966, 4923944.184300001710653 ], [ 3841286.335400000214577, 4923965.980799999088049 ], [ 3841184.215899996459484, 4924010.775400001555681 ], [ 3841112.041299998760223, 4924029.439899999648333 ], [ 3841051.610699996352196, 4924034.102400001138449 ], [ 3840973.369400002062321, 4924042.912599999457598 ], [ 3840822.429399996995926, 4924067.4342 ], [ 3840800.640900000929832, 4924072.6217 ], [ 3840750.24040000140667, 4924084.621199999004602 ], [ 3840748.591600000858307, 4924084.794100001454353 ], [ 3840660.106299996376038, 4924094.0713 ], [ 3840609.157999999821186, 4924100.625199999660254 ], [ 3840550.201200000941753, 4924108.209399998188019 ], [ 3840528.526199996471405, 4924105.1809 ], [ 3840525.102700002491474, 4924104.702500000596046 ], [ 3840507.490599997341633, 4924102.241700001060963 ], [ 3840445.637699998915195, 4924069.230900000780821 ], [ 3840353.447599999606609, 4924027.64750000089407 ], [ 3840370.809500001370907, 4924072.55799999833107 ], [ 3840372.909000001847744, 4924081.353900000452995 ], [ 3840377.990199998021126, 4924102.641399998217821 ], [ 3840381.680500000715256, 4924118.101700000464916 ], [ 3840382.04900000244379, 4924119.645399998873472 ], [ 3840385.917499996721745, 4924135.852099999785423 ], [ 3840386.605400003492832, 4924153.692699998617172 ], [ 3840382.24040000140667, 4924205.309300001710653 ], [ 3840358.032600000500679, 4924257.640299998223782 ], [ 3840338.896799996495247, 4924318.83729999884963 ], [ 3840325.86879999935627, 4924350.725099999457598 ], [ 3840303.703100003302097, 4924406.499000001698732 ], [ 3840281.8213, 4924444.43019999936223 ], [ 3840259.377700001001358, 4924476.911400001496077 ], [ 3840200.572200000286102, 4924538.069299999624491 ], [ 3840162.335299998521805, 4924576.188200000673532 ], [ 3840130.569600000977516, 4924617.202300000935793 ], [ 3840114.472499996423721, 4924640.683699999004602 ], [ 3840111.418999999761581, 4924676.912900000810623 ], [ 3840111.582800000905991, 4924691.791299998760223 ], [ 3840112.440999999642372, 4924723.508699998259544 ], [ 3840126.202799998223782, 4924800.696100000292063 ], [ 3840168.855400003492832, 4924889.464000001549721 ], [ 3840184.702500000596046, 4924931.425900001078844 ], [ 3840204.994199998676777, 4924971.352000001817942 ], [ 3840270.53320000320673, 4925023.166499998420477 ], [ 3840311.613799996674061, 4925060.3838 ], [ 3840404.1824000030756, 4925091.568300001323223 ], [ 3840485.578100003302097, 4925142.204700000584126 ], [ 3840594.5559, 4925220.790800001472235 ], [ 3840649.005800001323223, 4925256.867400001734495 ], [ 3840692.18860000371933, 4925303.980399999767542 ], [ 3840712.820299997925758, 4925331.505399998277426 ], [ 3840733.195000000298023, 4925378.875700000673532 ], [ 3840741.426700003445148, 4925449.191100001335144 ], [ 3840712.703699998557568, 4925539.254999998956919 ], [ 3840688.48030000180006, 4925589.605399999767542 ], [ 3840651.319200001657009, 4925678.782999999821186 ], [ 3840605.733900003135204, 4925768.551399998366833 ], [ 3840576.607100002467632, 4925823.417100001126528 ], [ 3840545.833400003612041, 4925864.439899999648333 ], [ 3840471.585900001227856, 4925962.949099998921156 ], [ 3840388.221600003540516, 4926088.835799999535084 ], [ 3840310.994499996304512, 4926142.766199998557568 ], [ 3840228.410499997437, 4926162.543499998748302 ], [ 3840288.969800002872944, 4926212.431099999696016 ], [ 3840375.046300001442432, 4926282.364700000733137 ], [ 3840438.523400001227856, 4926326.761300001293421 ], [ 3840530.868199996650219, 4926381.251400001347065 ], [ 3840622.998599998652935, 4926460.028400000184774 ], [ 3840670.432700000703335, 4926532.377999998629093 ], [ 3840680.605499997735023, 4926556.059399999678135 ], [ 3840704.708099998533726, 4926626.199799999594688 ], [ 3840730.5371999964118, 4926674.001200001686811 ], [ 3840746.01129999756813, 4926726.383900001645088 ], [ 3840771.948299996554852, 4926783.602400001138449 ], [ 3840788.198299996554852, 4926817.1382 ], [ 3840818.047499999403954, 4926869.854499999433756 ], [ 3840880.21000000089407, 4926973.772700000554323 ], [ 3840882.887800000607967, 4926990.596599999815226 ], [ 3840895.167999997735023, 4927068.307599999010563 ], [ 3840886.163000002503395, 4927148.729800000786781 ], [ 3840887.770700000226498, 4927159.123700000345707 ], [ 3840883.294200003147125, 4927245.450599998235703 ], [ 3840878.147200003266335, 4927270.803300000727177 ], [ 3840864.000500001013279, 4927335.916299998760223 ], [ 3840846.505400002002716, 4927411.4879 ], [ 3840834.515600003302097, 4927534.090300001204014 ], [ 3840836.640299998223782, 4927590.598999999463558 ], [ 3840854.424599997699261, 4927672.209899999201298 ], [ 3840867.1537000015378, 4927701.811900001019239 ], [ 3840878.021499998867512, 4927741.857900001108646 ], [ 3840886.237300001084805, 4927809.688700001686811 ], [ 3840889.651500001549721, 4927892.464000001549721 ], [ 3840880.711300000548363, 4927977.844099998474121 ], [ 3840906.62049999833107, 4928021.021600000560284 ], [ 3840948.59570000320673, 4928090.672400001436472 ], [ 3840969.532799996435642, 4928115.339200001209974 ], [ 3840998.038099996745586, 4928136.337900001555681 ], [ 3841047.176100000739098, 4928184.376899998635054 ], [ 3841101.146499998867512, 4928220.951099999248981 ], [ 3841153.16499999910593, 4928261.021000001579523 ], [ 3841227.029500000178814, 4928303.324000000953674 ], [ 3841295.180600002408028, 4928321.881499998271465 ], [ 3841458.070600003004074, 4928387.971799999475479 ], [ 3841608.595100000500679, 4928456.170899998396635 ], [ 3841689.504299998283386, 4928506.818 ], [ 3841758.380800001323223, 4928590.335299998521805 ], [ 3841802.543999999761581, 4928680.5702 ], [ 3841837.601800002157688, 4928798.184099998325109 ], [ 3841856.228900000452995, 4928865.904699999839067 ], [ 3841877.949500001966953, 4928901.368000000715256 ], [ 3841936.212899997830391, 4928966.647300001233816 ], [ 3842028.128700003027916, 4929069.236299999058247 ], [ 3842134.556800000369549, 4929184.0636 ], [ 3842198.089800000190735, 4929276.558899998664856 ], [ 3842218.648599997162819, 4929340.289000000804663 ], [ 3842208.575400002300739, 4929413.799199998378754 ], [ 3842156.464900001883507, 4929540.833700001239777 ], [ 3842095.865699999034405, 4929705.655499998480082 ], [ 3842047.415299996733665, 4929849.5132 ], [ 3842030.789899997413158, 4929913.676199998706579 ], [ 3842026.249499998986721, 4929994.060400001704693 ], [ 3842038.443199999630451, 4930106.48369999974966 ], [ 3842086.073700003325939, 4930239.825399998575449 ], [ 3842147.424699999392033, 4930401.775499999523163 ], [ 3842200.233800001442432, 4930510.267400000244379 ], [ 3842241.653200000524521, 4930577.246100001037121 ], [ 3842324.181800000369549, 4930726.550900001078844 ], [ 3842397.175399996340275, 4930821.914000000804663 ], [ 3842420.175899997353554, 4930882.654699999839067 ], [ 3842408.451200000941753, 4930941.30180000141263 ], [ 3842381.167300000786781, 4931027.399500001221895 ], [ 3842369.031099997460842, 4931093.989500001072884 ], [ 3842357.79839999973774, 4931196.267000000923872 ], [ 3842354.244199998676777, 4931319.290600001811981 ], [ 3842360.946999996900558, 4931428.303899999707937 ], [ 3842356.929700002074242, 4931555.305799998342991 ], [ 3842351.58219999819994, 4931739.337900001555681 ], [ 3842337.372699998319149, 4931885.298300001770258 ], [ 3842310.103200003504753, 4931972.885299999266863 ], [ 3842281.474600002169609, 4932114.538600001484156 ], [ 3842279.015900000929832, 4932203.83390000090003 ], [ 3842291.994800001382828, 4932255.258499998599291 ], [ 3842314.259199999272823, 4932337.31870000064373 ], [ 3842329.273199997842312, 4932392.692699998617172 ], [ 3842356.990800000727177, 4932474.696600001305342 ], [ 3842368.840800002217293, 4932558.366599999368191 ], [ 3842391.822200000286102, 4932660.263900000602007 ], [ 3842424.182800002396107, 4932714.443900000303984 ], [ 3842478.858499996364117, 4932812.504999998956919 ], [ 3842509.531099997460842, 4932849.846200000494719 ], [ 3842553.157200001180172, 4932892.004799999296665 ], [ 3842603.492600001394749, 4932914.244600001722574 ], [ 3842635.953100003302097, 4932933.704199999570847 ], [ 3842694.783600002527237, 4932961.796599999070168 ], [ 3842743.064800001680851, 4932977.112100001424551 ], [ 3842800.818300001323223, 4932996.78999999910593 ], [ 3842847.310199998319149, 4933029.49100000038743 ], [ 3842898.080899998545647, 4933089.413400001823902 ], [ 3842916.581799998879433, 4933146.720499999821186 ], [ 3842928.715800002217293, 4933209.569299999624491 ], [ 3842943.199400000274181, 4933262.963199999183416 ], [ 3842993.940700002014637, 4933364.040899999439716 ], [ 3843023.983999997377396, 4933409.641600001603365 ], [ 3843074.69200000166893, 4933486.6081000007689 ], [ 3843089.038099996745586, 4933527.609400000423193 ], [ 3843072.941100001335144, 4933551.097699999809265 ], [ 3843003.971000000834465, 4933590.575199998915195 ], [ 3842875.731799997389317, 4933652.526799999177456 ], [ 3842824.604800000786781, 4933691.293999999761581 ], [ 3842807.174699999392033, 4933729.182900000363588 ], [ 3842804.624399997293949, 4933766.410199999809265 ], [ 3842819.103699997067451, 4933818.317200001329184 ], [ 3842837.616999998688698, 4933876.130699999630451 ], [ 3842856.14299999922514, 4933934.925700001418591 ], [ 3842878.237099997699261, 4934002.622999999672174 ], [ 3842871.553400002419949, 4934068.655600000172853 ], [ 3842868.347699999809265, 4934087.637699998915195 ], [ 3842853.428800001740456, 4934175.979499999433756 ], [ 3842852.045299999415874, 4934228.065400000661612 ], [ 3842852.756999999284744, 4934290.545699998736382 ], [ 3842877.093900002539158, 4934381.020599998533726 ], [ 3842906.609399996697903, 4934447.138700000941753 ], [ 3842921.278099998831749, 4934473.863299999386072 ], [ 3842973.969099998474121, 4934569.860100001096725 ], [ 3843005.189900003373623, 4934654.801100000739098 ], [ 3843007.542099997401237, 4934687.016699999570847 ], [ 3842995.451300002634525, 4934713.933699999004602 ], [ 3842964.224399998784065, 4934759.432100001722574 ], [ 3842921.233999997377396, 4934816.4485 ], [ 3842899.1162, 4934877.196800000965595 ], [ 3842891.182499997317791, 4934912.477899998426437 ], [ 3842882.1216000020504, 4934952.771800000220537 ], [ 3842879.444799996912479, 4935022.233899999409914 ], [ 3842878.1074, 4935079.288600001484156 ], [ 3842888.535599999129772, 4935166.94310000166297 ], [ 3842904.794299997389317, 4935245.121100001037121 ], [ 3842910.6162, 4935277.286699999123812 ], [ 3842929.408699996769428, 4935316.252900000661612 ], [ 3842965.079099997878075, 4935356.018399998545647 ], [ 3843018.99379999935627, 4935386.644400000572205 ], [ 3843138.365599997341633, 4935460.670299999415874 ], [ 3843211.391800001263618, 4935514.883200000971556 ], [ 3843304.03999999910593, 4935594.168800000101328 ], [ 3843372.368600003421307, 4935670.764199998229742 ], [ 3843372.795999996364117, 4935671.19709999859333 ], [ 3843441.608800001442432, 4935740.892499998211861 ], [ 3843500.90990000218153, 4935809.644299998879433 ], [ 3843614.595600001513958, 4935906.550999999046326 ], [ 3843674.0608000010252, 4935945.546799998730421 ], [ 3843758.311200000345707, 4935983.760099999606609 ], [ 3843848.427500002086163, 4936014.468600001186132 ], [ 3843952.271200001239777, 4936074.779500000178814 ], [ 3844042.055699996650219, 4936119.389400001615286 ], [ 3844140.770300000905991, 4936174.106899999082088 ], [ 3844146.367700003087521, 4936177.209499999880791 ], [ 3844247.221699997782707, 4936235.575500000268221 ], [ 3844319.702399998903275, 4936285.822500001639128 ], [ 3844422.989100001752377, 4936348.929299999028444 ], [ 3844457.553300000727177, 4936370.047600001096725 ], [ 3844560.1537000015378, 4936438.161200001835823 ], [ 3844596.079000003635883, 4936462.011100001633167 ], [ 3844613.978799998760223, 4936473.894299998879433 ], [ 3844677.368199996650219, 4936502.097800001502037 ], [ 3844733.267399996519089, 4936526.968699999153614 ], [ 3844734.609499998390675, 4936527.5658 ], [ 3844742.219300001859665, 4936529.931400001049042 ], [ 3844830.888999998569489, 4936557.495799999684095 ], [ 3844851.576200000941753, 4936563.926699999719858 ], [ 3844942.871100001037121, 4936596.447200000286102 ], [ 3844986.726599998772144, 4936612.0691 ], [ 3844992.3904, 4936614.08669999986887 ], [ 3845055.247400000691414, 4936636.477200001478195 ], [ 3845160.694700002670288, 4936653.324999999254942 ], [ 3845191.392700001597404, 4936658.229800000786781 ], [ 3845221.150200001895428, 4936662.499200001358986 ], [ 3845306.639899998903275, 4936674.764699999243021 ], [ 3845336.203400000929832, 4936677.913400001823902 ], [ 3845369.711800001561642, 4936681.482200000435114 ], [ 3845422.233900003135204, 4936679.021299999207258 ], [ 3845470.027199998497963, 4936676.782000001519918 ], [ 3845474.721600003540516, 4936676.562100000679493 ], [ 3845481.73589999973774, 4936676.233399998396635 ], [ 3845531.67790000140667, 4936663.758200000971556 ], [ 3845564.483499996364117, 4936651.587699998170137 ], [ 3845618.598600000143051, 4936631.511599998921156 ], [ 3845687.784299999475479, 4936609.395700000226498 ], [ 3845713.215800002217293, 4936621.499400001019239 ], [ 3845723.064000003039837, 4936659.085700001567602 ], [ 3845741.233499996364117, 4936728.303199999034405 ], [ 3845769.564099997282028, 4936864.366700001060963 ], [ 3845790.235699996352196, 4936937.533500000834465 ], [ 3845830.207500003278255, 4937006.026999998837709 ], [ 3845859.398999996483326, 4937043.372400000691414 ], [ 3845886.358999997377396, 4937058.931400001049042 ], [ 3845913.837999999523163, 4937075.479800000786781 ], [ 3845964.293300002813339, 4937108.136199999600649 ], [ 3846077.296400003135204, 4937187.676699999719858 ], [ 3846147.891400001943111, 4937245.392299998551607 ], [ 3846192.517800003290176, 4937287.535900000482798 ], [ 3846234.91610000282526, 4937352.015999998897314 ], [ 3846236.827799998223782, 4937355.7665 ], [ 3846252.005400002002716, 4937385.543299999088049 ], [ 3846261.809000000357628, 4937404.776900000870228 ], [ 3846248.100000001490116, 4937463.956199999898672 ], [ 3846249.329599998891354, 4937527.935499999672174 ], [ 3846254.891699999570847, 4937579.932799998670816 ], [ 3846266.971699997782707, 4937638.820300001651049 ], [ 3846289.843099996447563, 4937686.666499998420477 ], [ 3846315.719899997115135, 4937737.943999998271465 ], [ 3846324.046400003135204, 4937746.489 ], [ 3846325.077299997210503, 4937747.546900000423193 ], [ 3846355.872400000691414, 4937779.150400001555681 ], [ 3846405.82769999653101, 4937810.310499999672174 ], [ 3846434.1404, 4937822.821699999272823 ], [ 3846445.208499997854233, 4937827.712699998170137 ], [ 3846503.851700000464916, 4937848.851300001144409 ], [ 3846510.782499998807907, 4937851.349599998444319 ], [ 3846527.890500001609325, 4937857.516399998217821 ], [ 3846596.023199997842312, 4937874.0912000015378 ], [ 3846655.188400000333786, 4937886.312199998646975 ], [ 3846675.690200001001358, 4937886.824099998921156 ], [ 3846711.551100000739098, 4937887.719500001519918 ], [ 3846791.118699997663498, 4937889.706300001591444 ], [ 3846885.834499999880791, 4937888.117899999022484 ], [ 3846893.882500000298023, 4937888.816199999302626 ], [ 3846916.057700000703335, 4937890.740299999713898 ], [ 3846921.701700001955032, 4937891.230000000447035 ], [ 3846946.404500000178814, 4937893.373399998992682 ], [ 3847002.557199999690056, 4937903.144999999552965 ], [ 3847015.100500002503395, 4937906.935400001704693 ], [ 3847020.106600001454353, 4937908.44819999858737 ], [ 3847110.066100001335144, 4937935.6327 ], [ 3847153.037799999117851, 4937940.990600001066923 ], [ 3847157.081600002944469, 4937941.494800001382828 ], [ 3847175.623199999332428, 4937943.806699998676777 ], [ 3847246.958400003612041, 4937936.047200001776218 ], [ 3847384.921499997377396, 4937900.237199999392033 ], [ 3847396.011900000274181, 4937896.723099999129772 ], [ 3847487.210699997842312, 4937867.825899999588728 ], [ 3847555.227899998426437, 4937873.482299998402596 ], [ 3847588.137800000607967, 4937888.971000000834465 ], [ 3847641.883699998259544, 4937947.869800001382828 ], [ 3847722.374799996614456, 4938089.284699998795986 ], [ 3847774.073700003325939, 4938185.898200001567602 ], [ 3847815.0675999969244, 4938256.35020000115037 ], [ 3847840.739799998700619, 4938289.789799999445677 ], [ 3847864.793999999761581, 4938310.8301 ], [ 3847893.229999996721745, 4938325.391399998217821 ], [ 3847970.322800002992153, 4938343.837499998509884 ], [ 3848107.355599999427795, 4938356.642499998211861 ], [ 3848188.0050999969244, 4938382.999000001698732 ], [ 3848213.531999997794628, 4938402.536899998784065 ], [ 3848256.604999996721745, 4938438.744199998676777 ], [ 3848291.707999996840954, 4938472.558800000697374 ], [ 3848318.202100001275539, 4938490.6064000017941 ], [ 3848343.164399996399879, 4938504.206799998879433 ], [ 3848411.199199996888638, 4938511.854600001126528 ], [ 3848445.045699998736382, 4938522.381799999624491 ], [ 3848468.616300001740456, 4938543.928800001740456 ], [ 3848516.184199996292591, 4938584.048000000417233 ], [ 3848562.468000002205372, 4938640.550999999046326 ], [ 3848600.666400000452995, 4938683.75450000166893 ], [ 3848629.695600003004074, 4938706.7314000017941 ], [ 3848656.590300001204014, 4938716.845400001853704 ], [ 3848733.560199998319149, 4938724.879299998283386 ], [ 3848819.31360000371933, 4938720.420200001448393 ], [ 3848908.688900001347065, 4938728.809000000357628 ], [ 3848982.269799999892712, 4938743.337999999523163 ], [ 3849026.69370000064373, 4938768.11769999936223 ], [ 3849050.35419999808073, 4938798.598299998790026 ], [ 3849074.829199999570847, 4938856.343400001525879 ], [ 3849085.312299996614456, 4938904.824400000274181 ], [ 3849077.003700003027916, 4938958.494600001722574 ], [ 3849063.674400001764297, 4939049.909800000488758 ], [ 3849053.325499996542931, 4939172.623500000685453 ], [ 3849047.973600000143051, 4939236.085299998521805 ], [ 3849060.045000001788139, 4939335.636100001633167 ], [ 3849091.083200000226498, 4939404.723900001496077 ], [ 3849100.834700003266335, 4939432.881099998950958 ], [ 3849129.80179999768734, 4939493.5472999997437 ], [ 3849164.077200002968311, 4939540.273699998855591 ], [ 3849195.683600001037121, 4939571.650299999862909 ], [ 3849259.843800000846386, 4939629.938099998980761 ], [ 3849368.266000002622604, 4939741.274900000542402 ], [ 3849402.539899997413158, 4939794.136900000274181 ], [ 3849435.931900002062321, 4939845.638700000941753 ], [ 3849459.003899998962879, 4939880.181099999696016 ], [ 3849471.768200002610683, 4939899.291200000792742 ], [ 3849511.9121999964118, 4939939.493700001388788 ], [ 3849515.636200003325939, 4939942.089000001549721 ], [ 3849557.422200001776218, 4939971.209899999201298 ], [ 3849567.918300002813339, 4939974.332800000905991 ], [ 3849576.726899996399879, 4939976.953600000590086 ], [ 3849621.620800003409386, 4939990.310699999332428 ], [ 3849718.36150000244379, 4940001.727299999445677 ], [ 3849778.568300001323223, 4940008.832400001585484 ], [ 3849827.22749999910593, 4940012.734299998730421 ], [ 3849847.4199, 4940015.488899998366833 ], [ 3849858.287000000476837, 4940016.971400000154972 ], [ 3849984.710100002586842, 4940034.2179000005126 ], [ 3850003.2787000015378, 4940039.136999998241663 ], [ 3850008.630999997258186, 4940040.554900001734495 ], [ 3850025.996200002729893, 4940045.155200000852346 ], [ 3850046.769599996507168, 4940063.466400001198053 ], [ 3850067.089199997484684, 4940081.377599999308586 ], [ 3850116.587300002574921, 4940157.690200001001358 ], [ 3850122.448100000619888, 4940193.327500000596046 ], [ 3850127.249899998307228, 4940264.70380000025034 ], [ 3850131.401299998164177, 4940366.831700000911951 ], [ 3850134.486400000751019, 4940461.526099998503923 ], [ 3850148.124200001358986, 4940568.51069999858737 ], [ 3850157.314800001680851, 4940591.712600000202656 ], [ 3850184.414599999785423, 4940618.185199998319149 ], [ 3850229.3091000020504, 4940640.483399998396635 ], [ 3850283.012900002300739, 4940652.26069999858737 ], [ 3850322.921599999070168, 4940672.136199999600649 ], [ 3850358.479500003159046, 4940701.485800001770258 ], [ 3850387.552500002086163, 4940727.932199999690056 ], [ 3850421.468999996781349, 4940743.910900000482798 ], [ 3850455.798600003123283, 4940752.947200000286102 ], [ 3850492.419799998402596, 4940759.882800001651049 ], [ 3850514.953699998557568, 4940764.150400001555681 ], [ 3850572.206299997866154, 4940781.348600000143051 ], [ 3850635.529200002551079, 4940810.872299998998642 ], [ 3850710.515299998223782, 4940861.585799999535084 ], [ 3850731.71339999884367, 4940871.95549999922514 ], [ 3850754.123099997639656, 4940882.917899999767542 ], [ 3850778.859099999070168, 4940895.018300000578165 ], [ 3850814.758699998259544, 4940910.970100000500679 ], [ 3850857.487899996340275, 4940917.419300001114607 ], [ 3850900.573299996554852, 4940911.958599999547005 ], [ 3850973.146099999547005, 4940882.361600000411272 ], [ 3851040.92960000038147, 4940867.674400001764297 ], [ 3851105.339199997484684, 4940860.970600001513958 ], [ 3851138.548000000417233, 4940857.384700000286102 ], [ 3851197.968000002205372, 4940850.968600001186132 ], [ 3851230.073100000619888, 4940848.770700000226498 ], [ 3851258.935900002717972, 4940846.794799998402596 ], [ 3851287.457000002264977, 4940868.284400001168251 ], [ 3851311.203599996864796, 4940905.704999998211861 ], [ 3851315.82320000231266, 4940960.711300000548363 ], [ 3851326.869400002062321, 4941016.133200000971556 ], [ 3851336.875900000333786, 4941066.11430000141263 ], [ 3851353.048299998044968, 4941092.217199999839067 ], [ 3851385.238099999725819, 4941131.027300000190735 ], [ 3851473.733000002801418, 4941191.013900000602007 ], [ 3851579.890900000929832, 4941234.420200001448393 ], [ 3851714.258400000631809, 4941315.201900001615286 ], [ 3851858.300300002098083, 4941418.181699998676777 ], [ 3851919.903200000524521, 4941469.057399999350309 ], [ 3851951.085799999535084, 4941505.897100001573563 ], [ 3851957.99549999833107, 4941545.993200000375509 ], [ 3851952.587899997830391, 4941634.837900001555681 ], [ 3851941.671099998056889, 4941762.443300001323223 ], [ 3851935.548100002110004, 4941833.442699998617172 ], [ 3851920.918399997055531, 4941855.446899998933077 ], [ 3851896.066699996590614, 4941892.438499998301268 ], [ 3851836.627300001680851, 4941943.719799999147654 ], [ 3851734.760499998927116, 4942013.351300001144409 ], [ 3851643.05009999871254, 4942060.547800000756979 ], [ 3851582.824699997901917, 4942085.057599999010563 ], [ 3851534.783900000154972, 4942091.56810000166297 ], [ 3851460.23030000180006, 4942078.545099999755621 ], [ 3851362.7346, 4942054.881000000983477 ], [ 3851267.997000001370907, 4942054.98589999973774 ], [ 3851183.512699998915195, 4942084.238699998706579 ], [ 3851097.693999998271465, 4942126.406599998474121 ], [ 3850964.169399999082088, 4942203.839699998497963 ], [ 3850715.791299998760223, 4942344.125100001692772 ], [ 3850480.279399998486042, 4942480.776099998503923 ], [ 3850432.051100000739098, 4942514.079900000244379 ], [ 3850346.054899998009205, 4942583.527100000530481 ], [ 3850283.912799999117851, 4942657.6537000015378 ], [ 3850248.423900000751019, 4942719.572000000625849 ], [ 3850231.694300003349781, 4942774.833099998533726 ], [ 3850221.885200001299381, 4942827.026000000536442 ], [ 3850215.986199997365475, 4942874.217799998819828 ], [ 3850205.679999999701977, 4942925.9265 ], [ 3850163.7346, 4943031.569299999624491 ], [ 3850093.505900003015995, 4943177.716899998486042 ], [ 3850025.591600000858307, 4943310.450599998235703 ], [ 3849990.215199999511242, 4943382.296100001782179 ], [ 3849943.607600003480911, 4943470.135800000280142 ], [ 3849937.184199996292591, 4943514.851100001484156 ], [ 3849934.8125, 4943566.970400001853704 ], [ 3849938.005500003695488, 4943628.44200000166893 ], [ 3849946.734399996697903, 4943740.440099999308586 ], [ 3849955.458800002932549, 4943850.960499998182058 ], [ 3849953.138099998235703, 4943906.540500000119209 ], [ 3849938.735699996352196, 4943949.370299998670816 ], [ 3849922.739500001072884, 4943981.30629999935627 ], [ 3849892.124300003051758, 4944036.219399999827147 ], [ 3849847.726400002837181, 4944100.232999999076128 ], [ 3849789.459399998188019, 4944209.543999999761581 ], [ 3849759.465999998152256, 4944275.363600000739098 ], [ 3849730.582900002598763, 4944393.758000001311302 ], [ 3849698.971400000154972, 4944491.346900001168251 ], [ 3849661.642399996519089, 4944566.692400000989437 ], [ 3849593.318300001323223, 4944664.207899998873472 ], [ 3849514.525399997830391, 4944756.889800000935793 ], [ 3849414.910800002515316, 4944850.8026 ], [ 3849371.417999997735023, 4944907.356899999082088 ], [ 3849360.946699999272823, 4944945.681600000709295 ], [ 3849361.283699996769428, 4944974.945300001651049 ], [ 3849369.578599996864796, 4945005.600099999457598 ], [ 3849405.323700003325939, 4945050.829300001263618 ], [ 3849446.39299999922514, 4945084.080299999564886 ], [ 3849506.022299997508526, 4945138.613400001078844 ], [ 3849508.547399997711182, 4945140.922600001096725 ], [ 3849559.684900000691414, 4945230.597100000828505 ], [ 3849619.285099998116493, 4945364.839400000870228 ], [ 3849671.087300002574921, 4945512.566500000655651 ], [ 3849718.969200000166893, 4945705.974800001829863 ], [ 3849771.767800003290176, 4945811.026000000536442 ], [ 3849804.388999998569489, 4945928.720300000160933 ], [ 3849848.054899998009205, 4946100.85249999910593 ], [ 3849862.837700001895428, 4946178.553199999034405 ], [ 3849894.667599998414516, 4946314.112199999392033 ], [ 3849919.251299999654293, 4946552.439399998635054 ], [ 3849919.240000002086163, 4946723.592700000852346 ], [ 3849910.359899997711182, 4946856.148400001227856 ], [ 3849894.091700002551079, 4946951.083599999547005 ], [ 3849883.403300002217293, 4947184.367600001394749 ], [ 3849886.312399998307228, 4947307.364100001752377 ], [ 3849896.733199998736382, 4947393.5810999982059 ], [ 3849922.577500000596046, 4947483.553800001740456 ], [ 3849954.585799999535084, 4947548.671999998390675 ], [ 3850029.740800000727177, 4947655.951299998909235 ], [ 3850069.112099997699261, 4947713.536499999463558 ], [ 3850171.108199998736382, 4947868.129999998956919 ], [ 3850214.419600002467632, 4947966.850299999117851 ], [ 3850253.326499998569489, 4948071.07039999961853 ], [ 3850285.829800002276897, 4948178.853199999779463 ], [ 3850315.300899997353554, 4948281.697500001639128 ], [ 3850334.306500002741814, 4948337.53830000013113 ], [ 3850355.043600000441074, 4948372.020500000566244 ], [ 3850455.657899998128414, 4948492.899500001221895 ], [ 3850575.407700002193451, 4948594.69990000128746 ], [ 3850746.237499997019768, 4948737.581999998539686 ], [ 3850921.476499997079372, 4948875.955699998885393 ], [ 3851020.078299999237061, 4948993.379200000315905 ], [ 3851090.888599999248981, 4949110.135200001299381 ], [ 3851186.460500001907349, 4949265.8026 ], [ 3851209.069499999284744, 4949333.503400001674891 ], [ 3851210.526100002229214, 4949373.1798 ], [ 3851184.292099997401237, 4949421.600900001823902 ], [ 3851151.53660000115633, 4949462.665100000798702 ], [ 3851093.894299998879433, 4949540.2346 ], [ 3850992.875100001692772, 4949642.114599999040365 ], [ 3850931.26690000295639, 4949720.223900001496077 ], [ 3850899.5779, 4949768.713799998164177 ], [ 3850886.174500003457069, 4949810.544700000435114 ], [ 3850879.371299996972084, 4949865.196699999272823 ], [ 3850873.478100001811981, 4949913.389199998229742 ], [ 3850873.008100003004074, 4950001.205600000917912 ], [ 3850879.508900001645088, 4950177.259700000286102 ], [ 3850887.806900002062321, 4950293.749400001019239 ], [ 3850909.055200003087521, 4950415.054699998348951 ], [ 3850934.262299999594688, 4950533.836500000208616 ], [ 3850935.353900000452995, 4950628.72859999909997 ], [ 3850935.369300000369549, 4950630.069699998944998 ], [ 3850920.395700000226498, 4950708.138799998909235 ], [ 3850900.617399998009205, 4950756.489399999380112 ], [ 3850876.905900001525879, 4950808.861200001090765 ], [ 3850816.25789999961853, 4950883.984299998730421 ], [ 3850745.085400000214577, 4950950.296999998390675 ], [ 3850609.114, 4951033.238899998366833 ], [ 3850447.542099997401237, 4951090.183600001037121 ], [ 3850290.590999998152256, 4951161.454300001263618 ], [ 3850186.776399999856949, 4951236.587900001555681 ], [ 3850126.833999998867512, 4951286.892799999564886 ], [ 3850077.460799999535084, 4951350.471999999135733 ], [ 3850062.089800000190735, 4951394.31529999896884 ], [ 3850058.804300002753735, 4951413.798500001430511 ], [ 3850056.976999998092651, 4951424.634199999272823 ], [ 3850055.624499998986721, 4951521.393899999558926 ], [ 3850061.1199000030756, 4951567.476300001144409 ], [ 3850057.321699999272823, 4951711.398299999535084 ], [ 3850024.406800001859665, 4951824.901200000196695 ], [ 3849987.076999999582767, 4951900.749099999666214 ], [ 3849915.19370000064373, 4951991.881999999284744 ], [ 3849824.790600001811981, 4952111.505800001323223 ], [ 3849811.728299997746944, 4952140.4342 ], [ 3849809.914899997413158, 4952155.33839999884367 ], [ 3849807.672499999403954, 4952175.212999999523163 ], [ 3849815.154799997806549, 4952222.261900000274181 ], [ 3849824.430200003087521, 4952294.587000001221895 ], [ 3849816.39580000191927, 4952415.247000001370907 ], [ 3849806.7466000020504, 4952481.845400001853704 ], [ 3849789.019199997186661, 4952665.127300001680851 ], [ 3849767.281499996781349, 4952844.495999999344349 ], [ 3849755.023999996483326, 4952942.874400001019239 ], [ 3849732.012100003659725, 4953141.104899998754263 ], [ 3849726.59910000115633, 4953230.969999998807907 ], [ 3849742.380000002682209, 4953351.362199999392033 ], [ 3849760.696999996900558, 4953476.675700001418591 ], [ 3849800.733900003135204, 4953592.322799999266863 ], [ 3849807.147799998521805, 4953631.441100001335144 ], [ 3849832.764300003647804, 4953744.767900001257658 ], [ 3849840.753100000321865, 4953791.806499999016523 ], [ 3849853.81360000371933, 4953848.220899999141693 ], [ 3849883.424099996685982, 4953920.320000000298023 ], [ 3849902.100000001490116, 4953948.386399999260902 ], [ 3849911.082599997520447, 4953960.418200001120567 ], [ 3849949.475599996745586, 4954011.843800000846386 ], [ 3850059.172499999403954, 4954143.547200001776218 ], [ 3850101.591399997472763, 4954207.567499998956919 ], [ 3850186.812200002372265, 4954368.826400000602007 ], [ 3850207.597900003194809, 4954407.290600001811981 ], [ 3850216.155500002205372, 4954460.775400001555681 ], [ 3850208.193999998271465, 4954514.804000001400709 ], [ 3850207.879600003361702, 4954516.937300000339746 ], [ 3850190.725699998438358, 4954578.665500000119209 ], [ 3850165.477399997413158, 4954626.098099999129772 ], [ 3850127.014200001955032, 4954690.052999999374151 ], [ 3850068.784800000488758, 4954760.682900000363588 ], [ 3850004.362700000405312, 4954853.226399999111891 ], [ 3849954.533299997448921, 4954963.455400001257658 ], [ 3849950.071099996566772, 4955006.679999999701977 ], [ 3849942.70269999653101, 4955098.559599999338388 ], [ 3849941.589599996805191, 4955139.956500001251698 ], [ 3849940.620800003409386, 4955175.988400001078844 ], [ 3849926.187799997627735, 4955344.363099999725819 ], [ 3849904.594499997794628, 4955450.3092 ], [ 3849904.67679999768734, 4955457.222800001502037 ], [ 3849911.79619999974966, 4955488.809500001370907 ], [ 3849959.404799997806549, 4955700.057100001722574 ], [ 3849980.522299997508526, 4955793.759199999272823 ], [ 3850052.270300000905991, 4956044.957499999552965 ], [ 3850099.461800001561642, 4956210.180599998682737 ], [ 3850103.0779, 4956223.044100001454353 ], [ 3850033.999099999666214, 4956233.540500000119209 ], [ 3850008.561499997973442, 4956237.405699998140335 ], [ 3849894.545900002121925, 4956254.730200000107288 ], [ 3849792.926700003445148, 4956177.501200001686811 ], [ 3849615.633299998939037, 4956078.3246 ], [ 3849417.949199996888638, 4956022.636799998581409 ], [ 3849416.001900002360344, 4956022.088199999183416 ], [ 3849272.245999999344349, 4955990.991799999028444 ], [ 3849124.647299997508526, 4955963.855099998414516 ], [ 3849056.443599998950958, 4955951.315499998629093 ], [ 3848939.273599997162819, 4955946.215300001204014 ], [ 3848904.833499997854233, 4955962.248599998652935 ], [ 3848896.398400001227856, 4955966.175500001758337 ], [ 3848832.173199996352196, 4955996.074999999254942 ], [ 3848735.609899997711182, 4956098.41330000013113 ], [ 3848673.593900002539158, 4956099.133200000971556 ], [ 3848661.958400003612041, 4956093.928800001740456 ], [ 3848339.41610000282526, 4955949.661699999123812 ], [ 3848189.44200000166893, 4955895.816599998623133 ], [ 3847951.071199998259544, 4955879.205699998885393 ], [ 3847906.076099999248981, 4955892.327799998223782 ], [ 3847811.1233000010252, 4955920.019099999219179 ], [ 3847668.26070000231266, 4955967.310400001704693 ], [ 3847546.159599997103214, 4956092.767900001257658 ], [ 3847394.462099999189377, 4956234.437199998646975 ], [ 3847226.28490000218153, 4956366.87779999896884 ], [ 3847014.202399998903275, 4956292.3092 ], [ 3846993.50450000166893, 4956285.031800001859665 ], [ 3846885.998099997639656, 4956247.232299998402596 ], [ 3846679.58839999884367, 4956161.282999999821186 ], [ 3845886.504299998283386, 4955844.376899998635054 ], [ 3845087.597999997437, 4955544.954999998211861 ], [ 3845003.954999998211861, 4955513.607500001788139 ], [ 3844989.499399997293949, 4955506.840500000864267 ], [ 3844839.084499999880791, 4955415.27760000154376 ], [ 3844815.155000001192093, 4955405.626200001686811 ], [ 3844770.1300999969244, 4955373.39809999987483 ], [ 3844540.79450000077486, 4955234.610500000417233 ], [ 3844207.80460000038147, 4955056.308299999684095 ], [ 3844039.637199997901917, 4954948.652300000190735 ], [ 3843915.400100000202656, 4954869.119300000369549 ], [ 3843780.498400002717972, 4954787.797400001436472 ], [ 3843635.73030000180006, 4954710.554400000721216 ], [ 3843631.021999999880791, 4954707.670099999755621 ], [ 3843544.282399997115135, 4954654.532400000840425 ], [ 3843207.540700003504753, 4954494.138999998569489 ], [ 3843124.940800003707409, 4954457.921500001102686 ], [ 3843092.840999998152256, 4954443.846700001507998 ], [ 3843015.660499997437, 4954376.249200001358986 ], [ 3842965.23030000180006, 4954304.387299999594688 ], [ 3842930.675999999046326, 4954170.353799998760223 ], [ 3842926.508599996566772, 4954154.188900001347065 ], [ 3842925.556800000369549, 4954150.496800001710653 ], [ 3842921.468000002205372, 4954134.636700000613928 ], [ 3842921.099799998104572, 4954133.208399999886751 ], [ 3842861.544299997389317, 4954000.925900001078844 ], [ 3842810.649599999189377, 4953932.528099998831749 ], [ 3842707.035099998116493, 4953852.835900001227856 ], [ 3842613.091700002551079, 4953812.2489 ], [ 3842586.035400003194809, 4953800.559599999338388 ], [ 3842560.442800000309944, 4953789.502700001001358 ], [ 3842488.036200001835823, 4953749.148499999195337 ], [ 3842438.864699997007847, 4953708.818199999630451 ], [ 3842431.948600001633167, 4953703.145700000226498 ], [ 3842432.100400000810623, 4953680.25450000166893 ], [ 3842432.138400003314018, 4953674.52930000051856 ], [ 3842432.313900001347065, 4953648.060699999332428 ], [ 3842469.001000002026558, 4953558.33669999986887 ], [ 3842490.832299999892712, 4953524.66780000180006 ], [ 3842525.071599997580051, 4953471.862799998372793 ], [ 3842562.252599999308586, 4953381.631499998271465 ], [ 3842593.812200002372265, 4953277.085099998861551 ], [ 3842600.572300001978874, 4953217.962799999862909 ], [ 3842632.276699997484684, 4953169.967599999159575 ], [ 3842737.736599996685982, 4953062.590900000184774 ], [ 3842765.379299998283386, 4953007.199700001627207 ], [ 3842790.854299999773502, 4952934.971999999135733 ], [ 3842884.208599999547005, 4952854.021200001239777 ], [ 3842959.688900001347065, 4952773.288199998438358 ], [ 3842959.68299999833107, 4952729.127099998295307 ], [ 3842940.595899999141693, 4952656.321400001645088 ], [ 3842939.452799998223782, 4952651.961199998855591 ], [ 3842955.337600000202656, 4952565.442200001329184 ], [ 3842995.429999999701977, 4952513.393100000917912 ], [ 3843081.004100002348423, 4952446.921100001782179 ], [ 3843122.367399998009205, 4952419.656399998813868 ], [ 3843165.802400000393391, 4952355.653400000184774 ], [ 3843191.363600000739098, 4952291.8585 ], [ 3843250.316500000655651, 4952065.933299999684095 ], [ 3843237.907899998128414, 4951978.258699998259544 ], [ 3843224.130900003015995, 4951945.1739999987185 ], [ 3843191.368299998342991, 4951899.901099998503923 ], [ 3843123.372900001704693, 4951854.535500001162291 ], [ 3843064.444300003349781, 4951803.020599998533726 ], [ 3843004.598600000143051, 4951750.704 ], [ 3842927.026500001549721, 4951691.561799999326468 ], [ 3842855.321599997580051, 4951624.901399999856949 ], [ 3842796.994199998676777, 4951557.096599999815226 ], [ 3842753.981700003147125, 4951483.161100000143051 ], [ 3842656.72580000013113, 4951394.970400001853704 ], [ 3842495.987099997699261, 4951221.166499998420477 ], [ 3842491.413599997758865, 4951211.788100000470877 ], [ 3842488.722300000488758, 4951149.803100001066923 ], [ 3842497.503300003707409, 4951092.650800000876188 ], [ 3842493.777699999511242, 4950984.040500000119209 ], [ 3842413.956500001251698, 4950857.932399999350309 ], [ 3842363.92400000244379, 4950820.799600001424551 ], [ 3842280.991800002753735, 4950751.299699999392033 ], [ 3842219.657899998128414, 4950699.899900000542402 ], [ 3842151.882700003683567, 4950629.725099999457598 ], [ 3842089.741700001060963, 4950574.866500001400709 ], [ 3842017.312299996614456, 4950531.527199998497963 ], [ 3841896.111100003123283, 4950518.518699999898672 ], [ 3841723.477700002491474, 4950519.988800000399351 ], [ 3841544.093699999153614, 4950495.2346 ], [ 3841414.603799998760223, 4950495.711599998176098 ], [ 3841347.522600002586842, 4950486.554200001060963 ], [ 3841284.548000000417233, 4950270.951299998909235 ], [ 3841283.135899998247623, 4950266.919799998402596 ], [ 3841261.655500002205372, 4950205.595600001513958 ], [ 3841258.543799996376038, 4950196.712000001221895 ], [ 3841248.591499999165535, 4950168.2989999987185 ], [ 3841245.070100001990795, 4950158.245700001716614 ], [ 3841244.8772, 4950157.695099998265505 ], [ 3841244.044699996709824, 4950155.318399999290705 ], [ 3841231.87950000166893, 4950132.147199999541044 ], [ 3841210.970100000500679, 4950125.925900001078844 ], [ 3841156.517300002276897, 4950124.770500000566244 ], [ 3841153.45099999755621, 4950124.705400001257658 ], [ 3841135.046400003135204, 4950124.314800001680851 ], [ 3841025.863300003111362, 4950159.493599999696016 ], [ 3841020.229099996387959, 4950161.309000000357628 ], [ 3841008.988799996674061, 4950164.930599998682737 ], [ 3840932.292099997401237, 4950182.177200000733137 ], [ 3840901.3783999979496, 4950181.58839999884367 ], [ 3840752.650100000202656, 4950178.75560000166297 ], [ 3840646.050300002098083, 4950184.432900000363588 ], [ 3840586.795100003480911, 4950209.409800000488758 ], [ 3840503.210500001907349, 4950231.696600001305342 ], [ 3840297.655500002205372, 4950217.653000000864267 ], [ 3840099.648599997162819, 4950212.947599999606609 ], [ 3839987.802799999713898, 4950238.021800000220537 ], [ 3839867.027699999511242, 4950305.884399998933077 ], [ 3839809.245899997651577, 4950329.844099998474121 ], [ 3839653.538999997079372, 4950336.567699998617172 ], [ 3839570.187799997627735, 4950336.0185999982059 ], [ 3839521.715300001204014, 4950348.977699998766184 ], [ 3839484.704300001263618, 4950366.760899998247623 ], [ 3839421.462300002574921, 4950389.298700001090765 ], [ 3839345.08330000191927, 4950391.653400000184774 ], [ 3839272.011, 4950379.575399998575449 ], [ 3839169.501199997961521, 4950352.453699998557568 ], [ 3839096.2588, 4950324.018699999898672 ], [ 3839058.695299997925758, 4950292.684099998325109 ], [ 3838989.25900000333786, 4950250.807100001722574 ], [ 3838947.935000002384186, 4950237.874099999666214 ], [ 3838915.193499997258186, 4950238.245200000703335 ], [ 3838835.109099999070168, 4950263.96000000089407 ], [ 3838750.351400002837181, 4950314.526399999856949 ], [ 3838693.58669999986887, 4950340.465199999511242 ], [ 3838610.74549999833107, 4950341.400400001555681 ], [ 3838513.41330000013113, 4950333.076900001615286 ], [ 3838459.012999996542931, 4950347.580600000917912 ], [ 3838374.262199997901917, 4950400.627099998295307 ], [ 3838281.472599998116493, 4950442.856300000101328 ], [ 3838218.579099997878075, 4950453.488800000399351 ], [ 3838193.768899999558926, 4950452.772900000214577 ], [ 3838177.804999999701977, 4950445.026599999517202 ], [ 3838138.079300001263618, 4950397.836899999529123 ], [ 3838074.453100003302097, 4950342.489 ], [ 3837985.446400001645088, 4950281.477899998426437 ], [ 3837922.084200002253056, 4950205.785000000149012 ], [ 3837862.415700003504753, 4950105.749200001358986 ], [ 3837809.317400000989437, 4949971.898499999195337 ], [ 3837755.41669999808073, 4949865.177700001746416 ], [ 3837735.065499998629093, 4949824.883299998939037 ], [ 3837726.597099997103214, 4949808.1162 ], [ 3837718.577799998223782, 4949781.696699999272823 ], [ 3837673.019599996507168, 4949631.606100000441074 ], [ 3837608.692699998617172, 4949481.7162000015378 ], [ 3837558.387599997222424, 4949364.499099999666214 ], [ 3837535.83049999922514, 4949255.610199999064207 ], [ 3837544.0471, 4949204.844099998474121 ], [ 3837547.736599996685982, 4949182.048799999058247 ], [ 3837548.956299997866154, 4949174.513099998235703 ], [ 3837557.629900000989437, 4949120.923599999397993 ], [ 3837564.096100002527237, 4949034.5304000005126 ], [ 3837583.715700000524521, 4948961.575100000947714 ], [ 3837588.854500003159046, 4948942.466499999165535 ], [ 3837439.0647, 4948637.067099999636412 ], [ 3837401.893700003623962, 4948552.159200001507998 ], [ 3837359.460199996829033, 4948484.665199998766184 ], [ 3837303.306900002062321, 4948432.220600001513958 ], [ 3837266.504299998283386, 4948379.557199999690056 ], [ 3837238.738899998366833, 4948319.132100000977516 ], [ 3837237.646600000560284, 4948316.754999998956919 ], [ 3837234.978299997746944, 4948310.948100000619888 ], [ 3837231.933600001037121, 4948293.998100001364946 ], [ 3837231.833700001239777, 4948293.442200001329184 ], [ 3837231.651399999856949, 4948292.427099999040365 ], [ 3837230.996200002729893, 4948288.779800001531839 ], [ 3837229.728000000119209, 4948281.719999998807907 ], [ 3837228.4529, 4948274.621800001710653 ], [ 3837225.868699997663498, 4948260.235800001770258 ], [ 3837225.251900002360344, 4948256.802000001072884 ], [ 3837223.382399998605251, 4948246.394600000232458 ], [ 3837218.993000000715256, 4948221.959300000220537 ], [ 3837217.614699997007847, 4948214.286400001496077 ], [ 3837217.044399999082088, 4948211.111400000751019 ], [ 3837213.767800003290176, 4948192.870700001716614 ], [ 3837212.744300000369549, 4948187.172899998724461 ], [ 3837193.898699998855591, 4948136.451299998909235 ], [ 3837188.699799999594688, 4948122.45890000090003 ], [ 3837182.712300002574921, 4948112.211300000548363 ], [ 3837179.925499998033047, 4948107.441799998283386 ], [ 3837168.119400002062321, 4948087.235800001770258 ], [ 3837166.524899996817112, 4948084.508000001311302 ], [ 3837152.685999996960163, 4948060.833700001239777 ], [ 3837145.204499997198582, 4948048.035000000149012 ], [ 3837141.253100000321865, 4948037.085999999195337 ], [ 3837121.134300000965595, 4947981.337600000202656 ], [ 3837112.252899996936321, 4947956.714000001549721 ], [ 3837103.188400000333786, 4947931.582800000905991 ], [ 3837097.073700003325939, 4947914.629999998956919 ], [ 3837092.667400002479553, 4947892.781199999153614 ], [ 3837092.175399996340275, 4947890.34180000051856 ], [ 3837090.967100001871586, 4947884.350299999117851 ], [ 3837090.342500001192093, 4947881.253100000321865 ], [ 3837088.560400001704693, 4947872.416499998420477 ], [ 3837077.109200000762939, 4947815.635000001639128 ], [ 3837066.748099997639656, 4947790.158500000834465 ], [ 3837061.045000001788139, 4947776.135499998927116 ], [ 3837049.950300000607967, 4947748.855200000107288 ], [ 3837033.267899997532368, 4947707.835499998182058 ], [ 3836996.263999998569489, 4947677.710299998521805 ], [ 3836987.114399999380112, 4947670.261500000953674 ], [ 3836982.356100000441074, 4947648.497099999338388 ], [ 3836976.398999996483326, 4947575.651299998164177 ], [ 3836977.412100002169609, 4947568.437199998646975 ], [ 3836989.51969999819994, 4947482.217099998146296 ], [ 3836977.917199999094009, 4947437.436900001019239 ], [ 3836971.713699996471405, 4947413.494199998676777 ], [ 3836925.683499999344349, 4947348.140700001269579 ], [ 3836882.70830000191927, 4947301.207499999552965 ], [ 3836825.825599998235703, 4947239.085799999535084 ], [ 3836806.331299997866154, 4947217.796100001782179 ], [ 3836787.434600003063679, 4947177.866900000721216 ], [ 3836782.51860000193119, 4947107.983600001782179 ], [ 3836773.368299998342991, 4947018.814399998635054 ], [ 3836737.668300002813339, 4947023.559099998325109 ], [ 3836615.398299999535084, 4947039.809300001710653 ], [ 3836548.846900001168251, 4947034.767700001597404 ], [ 3836312.202200002968311, 4946997.797400001436472 ], [ 3836201.17230000346899, 4946991.905299998819828 ], [ 3836155.827799998223782, 4946989.499000001698732 ], [ 3836099.053800001740456, 4947010.112700000405312 ], [ 3836027.177199997007847, 4947050.776000000536442 ], [ 3835955.018899999558926, 4947070.613299999386072 ], [ 3835867.733300000429153, 4947073.290199998766184 ], [ 3835784.729800000786781, 4947068.982700001448393 ], [ 3835603.609300002455711, 4947059.583299998193979 ], [ 3835587.2412, 4947058.733899999409914 ], [ 3835501.247400000691414, 4947046.013599999248981 ], [ 3835424.457800000905991, 4947017.288100000470877 ], [ 3835301.961199998855591, 4946947.018100000917912 ], [ 3835223.696999996900558, 4946919.298300001770258 ], [ 3835082.220299996435642, 4946875.584499999880791 ], [ 3834958.719499997794628, 4946804.3246 ], [ 3834758.045999996364117, 4946639.369199998676777 ], [ 3834491.480099998414516, 4946444.046 ], [ 3834393.167099997401237, 4946364.516800001263618 ], [ 3834298.362400002777576, 4946287.416499998420477 ], [ 3834256.140900000929832, 4946283.030799999833107 ], [ 3834195.79169999808073, 4946295.7478 ], [ 3833984.552000001072884, 4946339.28489999845624 ], [ 3833770.704700000584126, 4946373.427099999040365 ], [ 3833484.265600003302097, 4946432.370799999684095 ], [ 3833376.281700000166893, 4946481.458000000566244 ], [ 3833235.470399998128414, 4946524.03770000115037 ], [ 3833147.8108000010252, 4946534.642799999564886 ], [ 3832898.071699999272823, 4946556.372099999338388 ], [ 3832862.51129999756813, 4946567.763799998909235 ], [ 3832805.672200001776218, 4946620.625300001353025 ], [ 3832759.8772, 4946682.260299999266863 ], [ 3832723.0735, 4946749.234499998390675 ], [ 3832689.167599998414516, 4946846.92509999871254 ], [ 3832621.00959999859333, 4946942.594999998807907 ], [ 3832540.025399997830391, 4946933.770700000226498 ], [ 3832472.36540000140667, 4946919.809099998325109 ], [ 3832307.062100000679493, 4946911.610800001770258 ], [ 3832213.910499997437, 4946957.022199999541044 ], [ 3832188.622100003063679, 4946994.566100001335144 ], [ 3831958.98759999871254, 4947219.912799999117851 ], [ 3831713.891400001943111, 4947365.595600001513958 ], [ 3831596.743600003421307, 4947433.650100000202656 ], [ 3831534.486100003123283, 4947452.846500001847744 ], [ 3831437.937299996614456, 4947467.0456000007689 ], [ 3831342.519299998879433, 4947454.432900000363588 ], [ 3831286.045100003480911, 4947460.648899998515844 ], [ 3831202.450300000607967, 4947515.849899999797344 ], [ 3831115.650600001215935, 4947590.9358000010252 ], [ 3830897.143200002610683, 4947758.585799999535084 ], [ 3830856.713299997150898, 4947777.489199999719858 ], [ 3830686.317699998617172, 4947796.643800001591444 ], [ 3830574.114200003445148, 4947864.146999999880791 ], [ 3830456.314300000667572, 4947958.485199999064207 ], [ 3830260.267099998891354, 4948136.74100000038743 ], [ 3830181.489200003445148, 4948144.250599998980761 ], [ 3830028.41330000013113, 4948086.774399999529123 ], [ 3829910.0591000020504, 4948066.04280000180006 ], [ 3829830.899999998509884, 4948082.479299999773502 ], [ 3829711.879799999296665, 4948122.775499999523163 ], [ 3829565.879299998283386, 4948186.249499998986721 ], [ 3829481.388899996876717, 4948248.899999998509884 ], [ 3829307.038999997079372, 4948380.226799998432398 ], [ 3829286.659299999475479, 4948377.528599999845028 ], [ 3829166.788999997079372, 4948354.329199999570847 ], [ 3829008.838100001215935, 4948377.776399999856949 ], [ 3828811.092200003564358, 4948355.6239 ], [ 3828748.446699999272823, 4948382.752599999308586 ], [ 3828645.640799999237061, 4948485.336500000208616 ], [ 3828578.212899997830391, 4948487.73200000077486 ], [ 3828423.991599999368191, 4948456.5559 ], [ 3828253.914399996399879, 4948426.58500000089407 ], [ 3828190.5337999984622, 4948398.161899998784065 ], [ 3828168.01969999819994, 4948384.569200001657009 ], [ 3828089.780599996447563, 4948321.127099998295307 ], [ 3827985.043399997055531, 4948279.859099999070168 ], [ 3827839.285599999129772, 4948249.558200001716614 ], [ 3827674.953100003302097, 4948240.842999998480082 ], [ 3827489.926899999380112, 4948279.536200001835823 ], [ 3827363.861599996685982, 4948275.263000000268221 ], [ 3827155.879100002348423, 4948267.125999998301268 ], [ 3827141.853799998760223, 4948182.978500001132488 ], [ 3827156.750399999320507, 4948109.351500000804663 ], [ 3827198.89639999717474, 4948033.386199999600649 ], [ 3827253.45830000191927, 4947995.442299999296665 ], [ 3827369.896600000560284, 4947910.548099998384714 ], [ 3827441.671300001442432, 4947787.049699999392033 ], [ 3827445.271799996495247, 4947759.218499999493361 ], [ 3827484.867200002074242, 4947641.118500001728535 ], [ 3827490.226000003516674, 4947596.888000000268221 ], [ 3827531.602099999785423, 4947463.380399998277426 ], [ 3827580.50110000371933, 4947335.227200001478195 ], [ 3827652.637900002300739, 4947165.094900000840425 ], [ 3827663.673600003123283, 4947062.758299998939037 ], [ 3827639.32490000128746, 4946986.181099999696016 ], [ 3827623.514200001955032, 4946842.533399999141693 ], [ 3827658.447899997234344, 4946672.399900000542402 ], [ 3827659.751199997961521, 4946668.849700000137091 ], [ 3827702.007700003683567, 4946553.746500000357628 ], [ 3827709.329499997198582, 4946470.802000001072884 ], [ 3827703.7179000005126, 4946310.653599999845028 ], [ 3827701.23309999704361, 4946283.567600000649691 ], [ 3827696.748099997639656, 4946234.679000001400709 ], [ 3827690.945100001990795, 4946171.423099998384714 ], [ 3827675.550599999725819, 4946059.008499998599291 ], [ 3827609.845100000500679, 4945968.109700001776218 ], [ 3827607.842699997127056, 4945929.9419 ], [ 3827625.815800003707409, 4945864.215399999171495 ], [ 3827660.454099997878075, 4945820.598000001162291 ], [ 3827676.8213, 4945783.171599999070168 ], [ 3827633.160300001502037, 4945658.210799999535084 ], [ 3827627.307099997997284, 4945641.458399999886751 ], [ 3827631.571800000965595, 4945515.402300000190735 ], [ 3827644.690600000321865, 4945346.556699998676777 ], [ 3827637.73369999974966, 4945271.251899998635054 ], [ 3827616.826200000941753, 4945228.863699998706579 ], [ 3827600.162000000476837, 4945218.584499999880791 ], [ 3827563.306800000369549, 4945195.850499998778105 ], [ 3827293.092600002884865, 4945206.898499999195337 ], [ 3827162.658900000154972, 4945217.663699999451637 ], [ 3827127.962700001895428, 4945220.527300000190735 ], [ 3826855.548500001430511, 4945243.01069999858737 ], [ 3826696.104099996387959, 4945264.979899998754263 ], [ 3826582.011, 4945265.012200001627207 ], [ 3826497.480700001120567, 4945250.2635000012815 ], [ 3826359.889300003647804, 4945199.513000000268221 ], [ 3826260.803099997341633, 4945171.574000000953674 ], [ 3826159.947300001978874, 4945160.013999998569489 ], [ 3826045.780799999833107, 4945155.086300000548363 ], [ 3825924.156499996781349, 4945111.07319999858737 ], [ 3825841.824100002646446, 4945037.762800000607967 ], [ 3825766.030900001525879, 4945008.508200000971556 ], [ 3825690.418200001120567, 4945029.852899998426437 ], [ 3825655.307300001382828, 4945075.462900001555681 ], [ 3825474.779100000858307, 4945302.088799998164177 ], [ 3825363.719899997115135, 4945455.8651 ], [ 3825273.365299999713898, 4945637.146299999207258 ], [ 3825232.8684, 4945761.697900000959635 ], [ 3825164.202200002968311, 4945896.058499999344349 ], [ 3825100.245800003409386, 4945972.811999998986721 ], [ 3825035.950199998915195, 4945988.055799998342991 ], [ 3824994.655299998819828, 4945978.678399998694658 ], [ 3824887.209100000560284, 4945919.586899999529123 ], [ 3824739.977399997413158, 4945927.0055 ], [ 3824627.400100000202656, 4945967.196699999272823 ], [ 3824558.186300002038479, 4946022.680700000375509 ], [ 3824454.944899998605251, 4946093.006299998611212 ], [ 3824382.79900000244379, 4946113.814500000327826 ], [ 3824160.343000002205372, 4946210.026799999177456 ], [ 3824132.271099999547005, 4946150.873199999332428 ], [ 3823998.879900000989437, 4946005.304699998348951 ], [ 3823654.3125, 4945684.457299999892712 ], [ 3823437.840800002217293, 4945483.931200001388788 ], [ 3823236.170900002121925, 4945276.768399998545647 ], [ 3822975.632299996912479, 4945044.593299999833107 ], [ 3822654.822800002992153, 4944756.167100001126528 ], [ 3822473.554200001060963, 4944590.403299998492002 ], [ 3822497.376400001347065, 4944516.670000001788139 ], [ 3822540.618500001728535, 4944472.915800001472235 ], [ 3822550.880800001323223, 4944462.532000001519918 ], [ 3822566.044399999082088, 4944447.188900001347065 ], [ 3822673.083099998533726, 4944338.882800001651049 ], [ 3822732.341399997472763, 4944278.922800000756979 ], [ 3822777.521600000560284, 4944207.3838 ], [ 3822784.44709999859333, 4944168.10080000013113 ], [ 3822788.598499998450279, 4944123.379900000989437 ], [ 3822791.450300000607967, 4944092.6587999984622 ], [ 3822797.033699996769428, 4944032.51240000128746 ], [ 3822805.063299998641014, 4944001.656599998474121 ], [ 3822829.429499998688698, 4943931.384100001305342 ], [ 3822906.806100003421307, 4943743.842099998146296 ], [ 3823011.017800003290176, 4943522.717399999499321 ], [ 3823070.938699997961521, 4943327.964899998158216 ], [ 3823079.337600000202656, 4943250.467199999839067 ], [ 3823057.259400002658367, 4943080.621300000697374 ], [ 3823005.560500003397465, 4942885.8651 ], [ 3823020.626199997961521, 4942750.245000001043081 ], [ 3823024.635200001299381, 4942710.92680000141263 ], [ 3823025.090999998152256, 4942706.4560999982059 ], [ 3823029.843699999153614, 4942659.843899998813868 ], [ 3823002.780599996447563, 4942652.065000001341105 ], [ 3822981.064900003373623, 4942645.82319999858737 ], [ 3822892.908900000154972, 4942620.484200000762939 ], [ 3822797.487000003457069, 4942606.3805 ], [ 3822723.19990000128746, 4942578.097800001502037 ], [ 3822442.040299996733665, 4942509.887200001627207 ], [ 3822361.591399997472763, 4942465.3260000012815 ], [ 3822302.537299998104572, 4942388.724500000476837 ], [ 3822273.79110000282526, 4942337.969999998807907 ], [ 3822245.651199996471405, 4942288.285999998450279 ], [ 3822161.977099999785423, 4942187.204799998551607 ], [ 3822064.36150000244379, 4942120.048099998384714 ], [ 3821966.648000001907349, 4942045.9397 ], [ 3821885.8662, 4942013.775100000202656 ], [ 3821871.07880000025034, 4942020.915199998766184 ], [ 3821757.499499998986721, 4942096.329999998211861 ], [ 3821673.111900001764297, 4942129.1919 ], [ 3821516.805200003087521, 4942162.502399999648333 ], [ 3821393.633199997246265, 4942226.141100000590086 ], [ 3821284.552199997007847, 4942304.469099998474121 ], [ 3821236.641999997198582, 4942357.177299998700619 ], [ 3821202.524999998509884, 4942415.979899998754263 ], [ 3821189.464299999177456, 4942438.490600001066923 ], [ 3821150.792599998414516, 4942505.143399998545647 ], [ 3821008.899999998509884, 4942578.441199999302626 ], [ 3820877.889600001275539, 4942686.817600000649691 ], [ 3820783.04839999973774, 4942754.050000000745058 ], [ 3820697.802799999713898, 4942759.6402000002563 ], [ 3820620.738399997353554, 4942708.570099998265505 ], [ 3820519.602899998426437, 4942600.280099999159575 ], [ 3820321.173699997365475, 4942410.932500001043081 ], [ 3820140.483300000429153, 4942287.815699998289347 ], [ 3819966.127700001001358, 4942231.584300000220537 ], [ 3819742.223800003528595, 4942216.67790000140667 ], [ 3819582.2449000030756, 4942235.154500000178814 ], [ 3819489.014499999582767, 4942274.570999998599291 ], [ 3819445.440800003707409, 4942317.805100001394749 ], [ 3819430.850000001490116, 4942339.820099998265505 ], [ 3819377.767099998891354, 4942490.336800001561642 ], [ 3819345.730200000107288, 4942618.732500001788139 ], [ 3819275.068599998950958, 4942752.594799999147654 ], [ 3819189.541900001466274, 4942887.150400001555681 ], [ 3819147.959700003266335, 4943044.452599998563528 ], [ 3819083.879199996590614, 4943188.643500000238419 ], [ 3818823.139799997210503, 4943428.198100000619888 ], [ 3818716.019500002264977, 4943543.690699998289347 ], [ 3818642.802199997007847, 4943633.943799998611212 ], [ 3818604.071999996900558, 4943744.578499998897314 ], [ 3818555.796499997377396, 4943807.711500000208616 ], [ 3818523.777000002563, 4943825.002000000327826 ], [ 3818435.163999997079372, 4943914.462600000202656 ], [ 3818349.061999998986721, 4944043.082299999892712 ], [ 3818291.724500000476837, 4944134.604800000786781 ], [ 3818219.927000001072884, 4944295.282999999821186 ], [ 3818227.348999999463558, 4944369.589600000530481 ], [ 3818087.014600001275539, 4944260.318300001323223 ], [ 3817948.129699997603893, 4944147.551399998366833 ], [ 3817860.295699998736382, 4944031.647900000214577 ], [ 3817855.401000000536442, 4943998.960999999195337 ], [ 3817823.875299997627735, 4943826.747499998658895 ], [ 3817637.802599996328354, 4943709.648600000888109 ], [ 3817450.3733000010252, 4943639.68189999833703 ], [ 3817261.235100001096725, 4943552.868099998682737 ], [ 3817144.602399997413158, 4943510.74720000103116 ], [ 3817075.540899999439716, 4943501.729200001806021 ], [ 3817004.614, 4943464.965999998152256 ], [ 3816969.845799997448921, 4943423.7467 ], [ 3816949.640100002288818, 4943395.244199998676777 ], [ 3816947.508599996566772, 4943270.770799998193979 ], [ 3816947.062799997627735, 4943122.946699999272823 ], [ 3816821.70719999819994, 4943058.621399998664856 ], [ 3816724.862199999392033, 4942973.574000000953674 ], [ 3816650.037699997425079, 4942865.92790000140667 ], [ 3816544.138599999248981, 4942733.873599998652935 ], [ 3816434.806999996304512, 4942604.852899998426437 ], [ 3816375.644599996507168, 4942556.514600001275539 ], [ 3816165.386100001633167, 4942409.469700001180172 ], [ 3816295.179499998688698, 4942244.578899998217821 ], [ 3816427.0713, 4942164.975000001490116 ], [ 3816504.706000000238419, 4942070.700800001621246 ], [ 3816520.074799999594688, 4941994.614399999380112 ], [ 3816370.479900002479553, 4941896.867800001055002 ], [ 3816243.536499999463558, 4941861.82149999961257 ], [ 3816126.344899997115135, 4941851.454700000584126 ], [ 3815966.243299998342991, 4941822.788800001144409 ], [ 3815869.09910000115633, 4941790.334100000560284 ], [ 3815669.884199999272823, 4941690.755199998617172 ], [ 3815487.988300003111362, 4941587.978199999779463 ], [ 3815373.033500000834465, 4941559.722600001841784 ], [ 3815290.508400000631809, 4941583.115200001746416 ], [ 3815222.065700002014637, 4941622.202199999243021 ], [ 3815093.005900003015995, 4941728.561599999666214 ], [ 3815008.510399997234344, 4941829.355700001120567 ], [ 3814988.635499998927116, 4941865.326999999582767 ], [ 3814970.539399996399879, 4941998.495999999344349 ], [ 3814949.715999998152256, 4942151.547800000756979 ], [ 3814923.802599996328354, 4942180.155200000852346 ], [ 3814655.374899998307228, 4942250.126299999654293 ], [ 3814439.661399997770786, 4942216.741900000721216 ], [ 3814166.870099999010563, 4942142.913800001144409 ], [ 3814125.73759999871254, 4942145.434900000691414 ], [ 3814096.605899997055531, 4942156.228000000119209 ], [ 3813937.869599997997284, 4942231.706199999898672 ], [ 3813821.245700001716614, 4942294.103199999779463 ], [ 3813790.57150000333786, 4942309.704900000244379 ], [ 3813698.507700003683567, 4942355.539200000464916 ], [ 3813652.83330000191927, 4942356.91160000115633 ], [ 3813630.58219999819994, 4942357.580200001597404 ], [ 3813629.846100002527237, 4942357.689899999648333 ], [ 3813563.766599997878075, 4942367.532299999147654 ], [ 3813471.558799996972084, 4942403.677499998360872 ], [ 3813376.385200001299381, 4942472.109000001102686 ], [ 3813272.4070999994874, 4942549.596999999135733 ], [ 3813201.836400002241135, 4942605.7412 ], [ 3813140.012199997901917, 4942682.094399999827147 ], [ 3813092.389200001955032, 4942746.324200000613928 ], [ 3813038.095899999141693, 4942828.510299999266863 ], [ 3813024.791799999773502, 4942866.912099998444319 ], [ 3813022.771700002253056, 4942896.697799999266863 ], [ 3813061.409599997103214, 4942990.3596 ], [ 3813059.153599999845028, 4943037.024900000542402 ], [ 3813046.108199998736382, 4943059.548700001090765 ], [ 3812997.623999997973442, 4943100.466400001198053 ], [ 3812901.291299998760223, 4943190.739199999719858 ], [ 3812769.000600002706051, 4943330.676300000399351 ], [ 3812679.880500003695488, 4943438.703499998897314 ], [ 3812636.492600001394749, 4943520.2195999994874 ], [ 3812592.032499998807907, 4943629.546999998390675 ], [ 3812540.698100000619888, 4943775.17850000038743 ], [ 3812417.64469999819994, 4944032.050200000405312 ], [ 3812373.62049999833107, 4944072.412000000476837 ], [ 3812325.761, 4944089.517099998891354 ], [ 3812224.17400000244379, 4944096.527800001204014 ], [ 3812114.618900001049042, 4944101.683400001376867 ], [ 3812021.082599997520447, 4944116.012899998575449 ], [ 3811954.544600002467632, 4944143.823899999260902 ], [ 3811922.161100000143051, 4944167.138999998569489 ], [ 3811862.553599998354912, 4944227.085999999195337 ], [ 3811764.693499997258186, 4944315.400199998170137 ], [ 3811682.3103, 4944377.673099998384714 ], [ 3811629.64299999922514, 4944437.018100000917912 ], [ 3811509.257299996912479, 4944512.285799998790026 ], [ 3811421.136600002646446, 4944556.29450000077486 ], [ 3811322.98309999704361, 4944560.77589999884367 ], [ 3811197.818599998950958, 4944550.782999999821186 ], [ 3811113.028200000524521, 4944585.817800000309944 ], [ 3811085.304700002074242, 4944621.458700001239777 ], [ 3811084.72580000013113, 4944648.753600001335144 ], [ 3811108.251299999654293, 4944694.526200000196695 ], [ 3811141.151500001549721, 4944769.930399999022484 ], [ 3811181.770099997520447, 4944863.058600001037121 ], [ 3811239.567100003361702, 4944976.774500001221895 ], [ 3811253.374799996614456, 4945101.079700000584126 ], [ 3811268.896200001239777, 4945175.246899999678135 ], [ 3811282.798000000417233, 4945305.502999998629093 ], [ 3811274.352700002491474, 4945401.874800000339746 ], [ 3811244.528200000524521, 4945462.852200001478195 ], [ 3811159.273299999535084, 4945532.125700000673532 ], [ 3811012.967799998819828, 4945632.093699999153614 ], [ 3810935.566299997270107, 4945664.037399999797344 ], [ 3810842.260499998927116, 4945693.738000001758337 ], [ 3810812.943099997937679, 4945722.471000000834465 ], [ 3810750.414099998772144, 4945785.927499998360872 ], [ 3810692.964000001549721, 4945825.003699999302626 ], [ 3810586.127400003373623, 4945845.49269999936223 ], [ 3810480.806199997663498, 4945836.194699998944998 ], [ 3810434.16780000180006, 4945833.600999999791384 ], [ 3810263.831200003623962, 4945824.1283 ], [ 3810135.1875, 4945845.937800001353025 ], [ 3809924.360100001096725, 4945878.932199999690056 ], [ 3809695.103900000452995, 4945907.734700001776218 ], [ 3809574.096400000154972, 4945942.31870000064373 ], [ 3809398.698600001633167, 4945989.647700000554323 ], [ 3809196.659400001168251, 4946078.556000001728535 ], [ 3809084.668099999427795, 4946151.699200000613928 ], [ 3808984.920299999415874, 4946214.240600001066923 ], [ 3808858.652400001883507, 4946327.794700000435114 ], [ 3808799.705700002610683, 4946398.144400000572205 ], [ 3808740.402199998497963, 4946475.977000001817942 ], [ 3808710.212700001895428, 4946515.598999999463558 ], [ 3808657.548600003123283, 4946575.431000001728535 ], [ 3808603.582500003278255, 4946680.434300001710653 ], [ 3808560.328400000929832, 4946739.143300000578165 ], [ 3808524.2753000035882, 4946815.093699999153614 ], [ 3808514.797399997711182, 4946909.499200001358986 ], [ 3808519.20719999819994, 4946970.953000001609325 ], [ 3808501.933600001037121, 4947073.906700000166893 ], [ 3808480.401699997484684, 4947158.57149999961257 ], [ 3808456.273500002920628, 4947235.833700001239777 ], [ 3808450.847499996423721, 4947302.895300000905991 ], [ 3808432.59570000320673, 4947407.360100001096725 ], [ 3808418.82880000025034, 4947512.7368 ], [ 3808402.303800001740456, 4947600.803100001066923 ], [ 3808360.9353, 4947685.773600000888109 ], [ 3808321.976300001144409, 4947766.2456 ], [ 3808295.099899999797344, 4947792.94029999896884 ], [ 3808254.11370000243187, 4947838.216099999845028 ], [ 3808171.196199998259544, 4947931.765599999576807 ], [ 3808087.506899997591972, 4948039.202799998223782 ], [ 3808018.934500001370907, 4948130.050700001418591 ], [ 3807951.851599998772144, 4948188.123700000345707 ], [ 3807908.903999999165535, 4948234.912099998444319 ], [ 3807869.270900003612041, 4948303.484000001102686 ], [ 3807833.298299998044968, 4948384.90260000154376 ], [ 3807820.065499998629093, 4948460.514699999243021 ], [ 3807805.421999998390675, 4948476.111600000411272 ], [ 3807774.899700000882149, 4948491.964200001209974 ], [ 3807687.357900001108646, 4948509.666200000792742 ], [ 3807532.49040000140667, 4948537.325599998235703 ], [ 3807494.656300000846386, 4948561.219200000166893 ], [ 3807450.551899999380112, 4948597.11939999833703 ], [ 3807425.881399996578693, 4948638.66780000180006 ], [ 3807404.88120000064373, 4948693.062399998307228 ], [ 3807354.315399996936321, 4948761.303899999707937 ], [ 3807280.212700001895428, 4948846.779399998486042 ], [ 3807195.790399998426437, 4948939.351799998432398 ], [ 3807091.105400003492832, 4949037.188900001347065 ], [ 3806975.205200001597404, 4949115.353199999779463 ], [ 3806909.314000003039837, 4949154.061799999326468 ], [ 3806783.959100000560284, 4949197.6402000002563 ], [ 3806650.255500003695488, 4949246.812199998646975 ], [ 3806553.284599997103214, 4949297.396499998867512 ], [ 3806482.287799999117851, 4949359.009799998253584 ], [ 3806398.288400001823902, 4949447.107900001108646 ], [ 3806351.224500000476837, 4949516.779899999499321 ], [ 3806332.359499998390675, 4949581.566199999302626 ], [ 3806331.463799998164177, 4949653.026000000536442 ], [ 3806358.301899999380112, 4949754.328499998897314 ], [ 3806404.588200002908707, 4949926.776099998503923 ], [ 3806415.127999998629093, 4949967.787999998778105 ], [ 3806410.92230000346899, 4949984.729800000786781 ], [ 3806367.935500003397465, 4950029.039799999445677 ], [ 3806331.595799997448921, 4950086.646299999207258 ], [ 3806330.4408999979496, 4950097.605700001120567 ], [ 3806326.830300003290176, 4950131.86939999833703 ], [ 3806330.039899997413158, 4950147.197299998253584 ], [ 3806362.049099996685982, 4950164.075199998915195 ], [ 3806418.335500001907349, 4950178.605200000107288 ], [ 3806471.502899996936321, 4950216.988899998366833 ], [ 3806488.507700003683567, 4950234.062399998307228 ], [ 3806514.832699999213219, 4950260.493599999696016 ], [ 3806643.489399999380112, 4950368.186000000685453 ], [ 3806714.271899998188019, 4950422.676899999380112 ], [ 3806722.097199998795986, 4950447.853799998760223 ], [ 3806719.766699999570847, 4950490.562300000339746 ], [ 3806690.088299997150898, 4950626.953899998217821 ], [ 3806681.986299999058247, 4950660.478999998420477 ], [ 3806659.278399996459484, 4950754.441100001335144 ], [ 3806644.146999999880791, 4950901.532800000160933 ], [ 3806658.053999997675419, 4950948.337099999189377 ], [ 3806672.911200001835823, 4950998.339499998837709 ], [ 3806714.530699998140335, 4951064.564500000327826 ], [ 3806730.360500000417233, 4951089.752999998629093 ], [ 3806763.811800003051758, 4951201.368999999016523 ], [ 3806768.173299998044968, 4951259.358300000429153 ], [ 3806758.434900000691414, 4951336.902699999511242 ], [ 3806705.928400002419949, 4951408.159200001507998 ], [ 3806665.951099999248981, 4951454.408500000834465 ], [ 3806662.34570000320673, 4951470.7632 ], [ 3806659.914599999785423, 4951481.791000001132488 ], [ 3806676.867600001394749, 4951520.229899998754263 ], [ 3806739.962899997830391, 4951590.720199998468161 ], [ 3806797.696999996900558, 4951640.213599998503923 ], [ 3806817.879799999296665, 4951657.515599999576807 ], [ 3806883.301700003445148, 4951717.544799998402596 ], [ 3806936.98759999871254, 4951789.664200000464916 ], [ 3806958.459100000560284, 4951863.763700000941753 ], [ 3806970.887699998915195, 4951931.05009999871254 ], [ 3806963.967100001871586, 4952017.532299999147654 ], [ 3806958.802799999713898, 4952082.066799998283386 ], [ 3806950.421800002455711, 4952183.913499999791384 ], [ 3806947.189499996602535, 4952264.836899999529123 ], [ 3806953.226099997758865, 4952368.445599999278784 ], [ 3806966.1570999994874, 4952415.272999998182058 ], [ 3806974.236400000751019, 4952444.530900001525879 ], [ 3807016.12610000371933, 4952523.781599998474121 ], [ 3807060.826899997889996, 4952592.0641999989748 ], [ 3807114.491300001740456, 4952662.696800000965595 ], [ 3807123.457299999892712, 4952679.582100000232458 ], [ 3807136.97070000320673, 4952705.031500000506639 ], [ 3807171.147600002586842, 4952798.783500000834465 ], [ 3807182.186300002038479, 4952825.206700000911951 ], [ 3807207.191699996590614, 4952885.061700001358986 ], [ 3807277.375500001013279, 4952964.870799999684095 ], [ 3807302.248599998652935, 4952990.660799998790026 ], [ 3807328.788099996745586, 4953018.178800001740456 ], [ 3807426.261, 4953097.565999999642372 ], [ 3807525.943800002336502, 4953192.3141999989748 ], [ 3807639.051600001752377, 4953288.339600000530481 ], [ 3807755.033600002527237, 4953345.610500000417233 ], [ 3807875.150499999523163, 4953380.997499998658895 ], [ 3807861.389799997210503, 4953421.900600001215935 ], [ 3807832.289899997413158, 4953466.005100000649691 ], [ 3807759.516800001263618, 4953574.783500000834465 ], [ 3807731.160199999809265, 4953635.254599999636412 ], [ 3807725.367700003087521, 4953710.760499998927116 ], [ 3807725.140799999237061, 4953712.473600000143051 ], [ 3807717.795800000429153, 4953767.938700001686811 ], [ 3807710.207699999213219, 4953855.879099998623133 ], [ 3807693.812600001692772, 4953919.645399998873472 ], [ 3807673.322800002992153, 4953942.778499998152256 ], [ 3807626.505599997937679, 4954028.838599998503923 ], [ 3807574.8257, 4954089.167500000447035 ], [ 3807510.843099996447563, 4954123.881900001317263 ], [ 3807378.767499998211861, 4954150.2060999982059 ], [ 3807317.844700001180172, 4954157.582600001245737 ], [ 3807283.937799997627735, 4954178.931800000369549 ], [ 3807240.879299998283386, 4954218.794399999082088 ], [ 3807183.766999997198582, 4954281.189899999648333 ], [ 3807151.725500002503395, 4954327.821899998933077 ], [ 3807137.113099999725819, 4954378.162500001490116 ], [ 3807139.457999996840954, 4954434.196899998933077 ], [ 3807151.224899999797344, 4954470.719700001180172 ], [ 3807156.637100003659725, 4954487.518199998885393 ], [ 3807174.524599999189377, 4954521.482700001448393 ], [ 3807189.320600003004074, 4954548.5504 ], [ 3807207.847599998116493, 4954559.190499998629093 ], [ 3807248.636399999260902, 4954566.008499998599291 ], [ 3807356.015500001609325, 4954578.769000001251698 ], [ 3807474.330700002610683, 4954593.338799998164177 ], [ 3807479.048000000417233, 4954594.279599998146296 ], [ 3807545.999899998307228, 4954607.63230000063777 ], [ 3807509.005900003015995, 4954719.840599998831749 ], [ 3807492.031499996781349, 4954811.397399999201298 ], [ 3807484.396099999547005, 4954848.036899998784065 ], [ 3807470.766599997878075, 4954913.439899999648333 ], [ 3807443.850299999117851, 4954970.913899999111891 ], [ 3807436.858199998736382, 4955022.752500001341105 ], [ 3807426.010499998927116, 4955103.177000001072884 ], [ 3807424.844400003552437, 4955221.789500001817942 ], [ 3807443.191399998962879, 4955286.011100001633167 ], [ 3807464.458400003612041, 4955313.976100001484156 ], [ 3807467.412299998104572, 4955317.100400000810623 ], [ 3807548.170999996364117, 4955402.5165 ], [ 3807671.961400002241135, 4955548.500500001013279 ], [ 3807770.917499996721745, 4955659.6327 ], [ 3807771.188299998641014, 4955677.48930000141263 ], [ 3807710.058499999344349, 4955769.2331000007689 ], [ 3807700.820100001990795, 4955814.026999998837709 ], [ 3807688.379900000989437, 4955909.493900001049042 ], [ 3807667.875900000333786, 4956005.883200000971556 ], [ 3807646.9358000010252, 4956041.145500000566244 ], [ 3807644.34740000218153, 4956045.128499999642372 ], [ 3807637.471000000834465, 4956055.709899999201298 ], [ 3807640.091099999845028, 4956094.323300000280142 ], [ 3807670.099899999797344, 4956111.415399998426437 ], [ 3807728.147699996829033, 4956134.257399998605251 ], [ 3807758.102799996733665, 4956161.784800000488758 ], [ 3807769.947800002992153, 4956183.012699998915195 ], [ 3807795.704300001263618, 4956229.171700000762939 ], [ 3807835.755999997258186, 4956342.624600000679493 ], [ 3807854.462899997830391, 4956409.081700000911951 ], [ 3807863.233999997377396, 4956440.241500001400709 ], [ 3807900.792400002479553, 4956752.8257 ], [ 3807897.144900001585484, 4956831.593699999153614 ], [ 3807893.284800000488758, 4956914.953899998217821 ], [ 3807865.980800002813339, 4957148.890999998897314 ], [ 3807796.67230000346899, 4957281.885400000959635 ], [ 3807704.678000003099442, 4957406.411699999123812 ], [ 3807580.2449000030756, 4957468.760200001299381 ], [ 3807447.579000003635883, 4957524.022199999541044 ], [ 3807399.29169999808073, 4957567.76410000026226 ], [ 3807342.891400001943111, 4957642.118099998682737 ], [ 3807273.664399996399879, 4957777.095899999141693 ], [ 3807199.798900000751019, 4957978.277300000190735 ], [ 3807158.281700000166893, 4958134.407800000160933 ], [ 3807153.415299996733665, 4958324.227099999785423 ], [ 3807156.993600003421307, 4958431.787799999117851 ], [ 3807143.704999998211861, 4958469.579199999570847 ], [ 3807104.108499996364117, 4958472.250999998301268 ], [ 3807012.2368, 4958459.766399998217821 ], [ 3806859.568999998271465, 4958441.420899998396635 ], [ 3806678.355899997055531, 4958475.907699998468161 ], [ 3806521.819399997591972, 4958518.292399998754263 ], [ 3806395.542900003492832, 4958595.609400000423193 ], [ 3806320.86370000243187, 4958648.9087999984622 ], [ 3806265.827299997210503, 4958685.491500001400709 ], [ 3806229.293499998748302, 4958684.309900000691414 ], [ 3806192.759700000286102, 4958683.128199998289347 ], [ 3805986.447599999606609, 4958628.831700000911951 ], [ 3805840.161200001835823, 4958585.392799999564886 ], [ 3805712.917099997401237, 4958581.343199998140335 ], [ 3805653.559600003063679, 4958609.679699998348951 ], [ 3805566.1184, 4958631.253899998962879 ], [ 3805513.303099997341633, 4958626.552099999040365 ], [ 3805394.51630000025034, 4958552.650199998170137 ], [ 3805266.92059999704361, 4958516.865600001066923 ], [ 3805157.1699, 4958492.217999998480082 ], [ 3805094.918999999761581, 4958487.408900000154972 ], [ 3805059.713699996471405, 4958511.733399998396635 ], [ 3805015.042599998414516, 4958582.125500001013279 ], [ 3804905.960799999535084, 4958690.488600000739098 ], [ 3804795.724399998784065, 4958771.599599998444319 ], [ 3804635.421899996697903, 4958854.344200000166893 ], [ 3804517.097999997437, 4958931.816500000655651 ], [ 3804372.983300000429153, 4959080.381000000983477 ], [ 3804257.496699996292591, 4959201.921599999070168 ], [ 3804173.332999996840954, 4959312.704900000244379 ], [ 3804126.9507, 4959483.441700000315905 ], [ 3804071.926899999380112, 4959637.667599998414516 ], [ 3804011.0591000020504, 4959712.718199998140335 ], [ 3803829.165100000798702, 4959859.905600000172853 ], [ 3803640.191299997270107, 4960027.745099999010563 ], [ 3803468.821400001645088, 4960154.134700000286102 ], [ 3803381.725500002503395, 4960207.461100000888109 ], [ 3803308.571900002658367, 4960238.345600001513958 ], [ 3803295.979099996387959, 4960257.255399998277426 ], [ 3803313.240800000727177, 4960336.942600000649691 ], [ 3803361.225599996745586, 4960450.068300001323223 ], [ 3803408.595799997448921, 4960631.238200001418591 ], [ 3803470.339000001549721, 4960799.886599998921156 ], [ 3803572.488300003111362, 4960996.619899999350309 ], [ 3803634.615800000727177, 4961150.85700000077486 ], [ 3803668.386399999260902, 4961291.908900000154972 ], [ 3803686.729099996387959, 4961396.859400000423193 ], [ 3803675.951099999248981, 4961458.8717 ], [ 3803662.660499997437, 4961484.751800000667572 ], [ 3803598.670500002801418, 4961509.809599999338388 ], [ 3803547.341300003230572, 4961528.354499999433756 ], [ 3803462.644199997186661, 4961591.500500001013279 ], [ 3803409.855499997735023, 4961634.441700000315905 ], [ 3803248.314400002360344, 4961817.519799999892712 ], [ 3803176.067299999296665, 4961928.302200000733137 ], [ 3803087.979400001466274, 4962016.92960000038147 ], [ 3803048.925399996340275, 4962067.719000000506639 ], [ 3803043.72860000282526, 4962109.142499998211861 ], [ 3803062.200199998915195, 4962158.510099999606609 ], [ 3803102.107699997723103, 4962245.175700001418591 ], [ 3803137.899499997496605, 4962351.88289999961853 ], [ 3803151.835100002586842, 4962505.187399998307228 ], [ 3803144.703500002622604, 4962618.179999999701977 ], [ 3803145.314499996602535, 4962667.797800000756979 ], [ 3803150.841700002551079, 4962751.46169999986887 ], [ 3803119.808300003409386, 4962815.822900000959635 ], [ 3803065.305699996650219, 4962923.871500000357628 ], [ 3803006.481799997389317, 4963023.663800001144409 ], [ 3802951.663999997079372, 4963124.279699999839067 ], [ 3802929.696400001645088, 4963238.398699998855591 ], [ 3802899.533500000834465, 4963417.402899999171495 ], [ 3802900.4978, 4963486.864700000733137 ], [ 3802880.9199, 4963622.727400001138449 ], [ 3802832.711400002241135, 4963727.036699999123812 ], [ 3802737.685699999332428, 4963839.285399999469519 ], [ 3802603.453299999237061, 4963928.867400001734495 ], [ 3802491.302100002765656, 4964000.138799998909235 ], [ 3802352.333499997854233, 4964048.218699999153614 ], [ 3802199.134099997580051, 4964076.545499999076128 ], [ 3802165.904399998486042, 4964100.788600001484156 ], [ 3802160.672600001096725, 4964153.138099998235703 ], [ 3802141.168499998748302, 4964231.907400000840425 ], [ 3802130.479900002479553, 4964307.82149999961257 ], [ 3802099.339199997484684, 4964369.707400001585484 ], [ 3802073.1199000030756, 4964442.307300001382828 ], [ 3802028.545299999415874, 4964550.4364 ], [ 3801980.167300000786781, 4964604.115699999034405 ], [ 3801869.400499999523163, 4964649.51240000128746 ], [ 3801675.487899996340275, 4964759.988299999386072 ], [ 3801338.491400003433228, 4964903.325399998575449 ], [ 3801202.04110000282526, 4964975.623700000345707 ], [ 3801080.825800001621246, 4965009.039200000464916 ], [ 3800959.974799998104572, 4965062.8141999989748 ], [ 3800839.475900001823902, 4965136.43299999833107 ], [ 3800706.978299997746944, 4965208.563200000673532 ], [ 3800647.439000003039837, 4965268.165500000119209 ], [ 3800541.947300001978874, 4965403.199299998581409 ], [ 3800488.798699997365475, 4965461.548500001430511 ], [ 3800403.479999996721745, 4965475.085099998861551 ], [ 3800327.752400003373623, 4965504.103500001132488 ], [ 3800255.459799997508526, 4965579.149399999529123 ], [ 3800125.525700002908707, 4965746.991799999028444 ], [ 3800019.594899997115135, 4965860.199700001627207 ], [ 3799925.638400003314018, 4965951.552700001746416 ], [ 3799763.377700001001358, 4966023.94709999859333 ], [ 3799522.612499997019768, 4966130.440900001674891 ], [ 3799362.741300001740456, 4966212.663100000470877 ], [ 3799251.88570000231266, 4966279.905200000852346 ], [ 3799200.949699997901917, 4966296.455600000917912 ], [ 3799100.560599997639656, 4966270.410900000482798 ], [ 3798932.3169, 4966213.480799999088049 ], [ 3798855.822599999606609, 4966154.134100001305342 ], [ 3798791.984200000762939, 4966088.3246 ], [ 3798703.877400003373623, 4965942.105799999088049 ], [ 3798617.572899997234344, 4965732.270500000566244 ], [ 3798580.832299999892712, 4965673.240699999034405 ], [ 3798469.019599996507168, 4965635.761100001633167 ], [ 3798407.631899997591972, 4965628.423599999397993 ], [ 3798234.661499999463558, 4965647.136399999260902 ], [ 3798075.552000001072884, 4965653.367400001734495 ], [ 3797993.518299996852875, 4965674.207600001245737 ], [ 3797938.98589999973774, 4965723.179699998348951 ], [ 3797913.470600001513958, 4965777.38120000064373 ], [ 3797816.961800001561642, 4965914.028200000524521 ], [ 3797755.340599998831749, 4966030.316199999302626 ], [ 3797608.674099996685982, 4966213.765700001269579 ], [ 3797488.233000002801418, 4966359.844700001180172 ], [ 3797343.409000001847744, 4966575.480099998414516 ], [ 3797341.577799998223782, 4966579.024000000208616 ], [ 3797246.107699997723103, 4966763.789200000464916 ], [ 3797166.559799998998642, 4966902.195799998939037 ], [ 3797066.815700002014637, 4967021.594799999147654 ], [ 3796984.150499999523163, 4967086.153799999505281 ], [ 3796907.458099998533726, 4967139.537500001490116 ], [ 3796820.225500002503395, 4967178.470499999821186 ], [ 3796645.546300001442432, 4967204.201699998229742 ], [ 3796468.675800003111362, 4967225.079300001263618 ], [ 3796338.992700003087521, 4967223.102200001478195 ], [ 3796181.3429000005126, 4967193.506499998271465 ], [ 3796100.149099998176098, 4967210.833399999886751 ], [ 3795998.605599999427795, 4967275.1941 ], [ 3795890.318599998950958, 4967380.046999998390675 ], [ 3795753.225400000810623, 4967531.8141999989748 ], [ 3795591.45610000193119, 4967734.264400001615286 ], [ 3795554.014700002968311, 4967780.899999998509884 ], [ 3795476.340599998831749, 4967877.647900000214577 ], [ 3795383.109300002455711, 4967927.249099999666214 ], [ 3795285.850000001490116, 4967952.213599998503923 ], [ 3795176.008100003004074, 4967926.049899999052286 ], [ 3795044.138300001621246, 4967872.035900000482798 ], [ 3794931.292900003492832, 4967868.848099999129772 ], [ 3794844.060000002384186, 4967895.8614999987185 ], [ 3794783.462899997830391, 4967934.555599998682737 ], [ 3794763.3037, 4967947.428199999034405 ], [ 3794713.772900000214577, 4967997.6787 ], [ 3794655.456000000238419, 4968074.615600001066923 ], [ 3794569.060599997639656, 4968169.121300000697374 ], [ 3794507.516199998557568, 4968232.783399999141693 ], [ 3794481.9912, 4968259.186700001358986 ], [ 3794375.757100000977516, 4968330.208500001579523 ], [ 3794294.763599999248981, 4968387.7335 ], [ 3794242.012699998915195, 4968444.078299999237061 ], [ 3794181.11150000244379, 4968518.6418999992311 ], [ 3794132.615000002086163, 4968664.184099998325109 ], [ 3794103.524700000882149, 4968727.983399998396635 ], [ 3794050.818499997258186, 4968796.720300000160933 ], [ 3793982.367600001394749, 4968869.129700001329184 ], [ 3793897.800399996340275, 4968936.576499998569489 ], [ 3793887.72919999808073, 4968944.608800001442432 ], [ 3793848.7195999994874, 4968996.909400001168251 ], [ 3793850.970499999821186, 4969085.695599999278784 ], [ 3793874.530699998140335, 4969208.838899999856949 ], [ 3793890.83110000193119, 4969309.639699999243021 ], [ 3793896.703500002622604, 4969345.954300001263618 ], [ 3793878.770499996840954, 4969556.729600001126528 ], [ 3793879.785700000822544, 4969628.199799999594688 ], [ 3793926.91889999806881, 4969721.551600001752377 ], [ 3793996.529899999499321, 4969829.835999999195337 ], [ 3794043.394199997186661, 4969963.926600001752377 ], [ 3794044.515100002288818, 4969971.249699998646975 ], [ 3794054.343800000846386, 4970035.465599998831749 ], [ 3794045.795800000429153, 4970127.201900001615286 ], [ 3794045.122299998998642, 4970129.788600001484156 ], [ 3794006.0574000030756, 4970279.819899998605251 ], [ 3794022.072599999606609, 4970341.711300000548363 ], [ 3794036.250299997627735, 4970390.136900000274181 ], [ 3794036.574000000953674, 4970391.24269999936223 ], [ 3794048.782899998128414, 4970428.878800000995398 ], [ 3794053.058399997651577, 4970442.058600001037121 ], [ 3794061.684799998998642, 4970468.65089999884367 ], [ 3794083.919699996709824, 4970513.231699999421835 ], [ 3794106.10809999704361, 4970557.719200000166893 ], [ 3794119.167599998414516, 4970583.903299998492002 ], [ 3794129.399300001561642, 4970622.538400001823902 ], [ 3794154.021600000560284, 4970715.513099998235703 ], [ 3794151.129799999296665, 4970750.563400000333786 ], [ 3794147.173500001430511, 4970798.515099998563528 ], [ 3794146.659800000488758, 4970804.741700001060963 ], [ 3794145.79839999973774, 4970815.182300001382828 ], [ 3794158.578100003302097, 4970870.7456 ], [ 3794184.658500000834465, 4970900.453299999237061 ], [ 3794265.5044, 4970957.120099999010563 ], [ 3794334.021499998867512, 4971015.806200001388788 ], [ 3794422.228299997746944, 4971129.277699999511242 ], [ 3794469.392499998211861, 4971207.2668999992311 ], [ 3794488.86540000140667, 4971239.46680000051856 ], [ 3794491.630199998617172, 4971244.038600001484156 ], [ 3794508.182199999690056, 4971291.236299999058247 ], [ 3794514.966499999165535, 4971310.581599999219179 ], [ 3794528.400700002908707, 4971348.88910000026226 ], [ 3794542.268899999558926, 4971388.434099998325109 ], [ 3794543.396700002253056, 4971391.650100000202656 ], [ 3794554.270199999213219, 4971422.655699998140335 ], [ 3794567.02929999679327, 4971455.010499998927116 ], [ 3794567.767700001597404, 4971456.883000001311302 ], [ 3794582.860500000417233, 4971495.155299998819828 ], [ 3794613.208400003612041, 4971572.111900001764297 ], [ 3794652.314999997615814, 4971651.404500000178814 ], [ 3794681.377700001001358, 4971716.719999998807907 ], [ 3794710.488899998366833, 4971749.684999998658895 ], [ 3794721.541799999773502, 4971762.2010000012815 ], [ 3794812.127499997615814, 4971814.494100000709295 ], [ 3794886.338500000536442, 4971855.063099998980761 ], [ 3794951.214599996805191, 4971898.002099998295307 ], [ 3794988.667199999094009, 4971950.062800001353025 ], [ 3795038.823399998247623, 4971985.190600000321865 ], [ 3795090.267300002276897, 4971992.455699998885393 ], [ 3795154.352300003170967, 4971981.3108000010252 ], [ 3795170.888099998235703, 4971979.407900001853704 ], [ 3795249.718800000846386, 4971970.335999999195337 ], [ 3795341.0287000015378, 4971945.131299998611212 ], [ 3795430.863799996674061, 4971943.824299998581409 ], [ 3795522.417000003159046, 4971948.403599999845028 ], [ 3795633.715800002217293, 4971973.5022 ], [ 3795777.640500001609325, 4971983.319699998944998 ], [ 3795863.105599999427795, 4971993.700300000607967 ], [ 3795892.940399996936321, 4971997.324099998921156 ], [ 3795984.8445999994874, 4972021.750399999320507 ], [ 3796058.826999999582767, 4972056.874299999326468 ], [ 3796123.359700001776218, 4972091.8805 ], [ 3796183.866499997675419, 4972148.915800001472235 ], [ 3796198.741499997675419, 4972161.424899999052286 ], [ 3796286.780500002205372, 4972235.460900001227856 ], [ 3796287.88740000128746, 4972236.391800001263618 ], [ 3796356.887299999594688, 4972318.394000001251698 ], [ 3796407.889499999582767, 4972385.761999998241663 ], [ 3796430.795699998736382, 4972433.815499998629093 ], [ 3796443.128600001335144, 4972459.688000001013279 ], [ 3796446.379600003361702, 4972466.508000001311302 ], [ 3796446.546800002455711, 4972466.85869999974966 ], [ 3796467.2871999964118, 4972510.368999999016523 ], [ 3796514.096199996769428, 4972595.791000001132488 ], [ 3796579.031999997794628, 4972628.316599998623133 ], [ 3796632.363600000739098, 4972668.274300001561642 ], [ 3796669.0647, 4972737.745900001376867 ], [ 3796674.591499999165535, 4972833.353199999779463 ], [ 3796693.8235, 4972912.4814000017941 ], [ 3796724.728399999439716, 4973032.839999999850988 ], [ 3796775.240500003099442, 4973217.910599999129772 ], [ 3796770.501500003039837, 4973293.602299999445677 ], [ 3796730.311700001358986, 4973411.998500000685453 ], [ 3796675.136600002646446, 4973493.286699999123812 ], [ 3796594.044399999082088, 4973548.356899999082088 ], [ 3796512.851199999451637, 4973589.516699999570847 ], [ 3796449.748800002038479, 4973623.973200000822544 ], [ 3796416.388599999248981, 4973657.164000000804663 ], [ 3796347.869000002741814, 4973739.512499999254942 ], [ 3796191.321199998259544, 4973866.298900000751019 ], [ 3796048.671400003135204, 4973933.899599999189377 ], [ 3795959.54559999704361, 4973975.4037000015378 ], [ 3795828.472199998795986, 4974023.157699998468161 ], [ 3795723.759300000965595, 4974060.353399999439716 ], [ 3795672.526199996471405, 4974105.213799998164177 ], [ 3795604.0088, 4974176.140500001609325 ], [ 3795520.569499999284744, 4974270.044199999421835 ], [ 3795468.364399999380112, 4974350.7212999984622 ], [ 3795427.623800002038479, 4974432.88120000064373 ], [ 3795395.884199999272823, 4974563.348999999463558 ], [ 3795351.781400002539158, 4974636.215700000524521 ], [ 3795314.445299997925758, 4974692.915199998766184 ], [ 3795311.17790000140667, 4974744.700800001621246 ], [ 3795324.605899997055531, 4974804.234299998730421 ], [ 3795281.393100000917912, 4974862.662000000476837 ], [ 3795204.844999998807907, 4974943.861000001430511 ], [ 3795137.508299998939037, 4975007.279800001531839 ], [ 3795018.432199999690056, 4975057.010000001639128 ], [ 3794870.014799997210503, 4975129.322599999606609 ], [ 3794759.371200002729893, 4975190.605399999767542 ], [ 3794648.649800002574921, 4975261.823800001293421 ], [ 3794564.431699998676777, 4975337.376899998635054 ], [ 3794518.442800000309944, 4975400.90819999948144 ], [ 3794493.50450000166893, 4975469.0044 ], [ 3794440.89190000295639, 4975587.434099998325109 ], [ 3794392.388099998235703, 4975661.997600000351667 ], [ 3794349.317699998617172, 4975700.545000001788139 ], [ 3794274.129600003361702, 4975742.960099998861551 ], [ 3794156.450199998915195, 4975825.894499998539686 ], [ 3793971.848499998450279, 4975982.173099998384714 ], [ 3793778.521899998188019, 4976144.282499998807907 ], [ 3793637.155299998819828, 4976265.959899999201298 ], [ 3793603.912699997425079, 4976337.387499999254942 ], [ 3793587.271899998188019, 4976437.416900001466274 ], [ 3793547.948600001633167, 4976494.202100001275539 ], [ 3793475.085900001227856, 4976544.9518 ], [ 3793420.645499996840954, 4976631.676300000399351 ], [ 3793346.416199997067451, 4976720.22859999909997 ], [ 3793262.281499996781349, 4976786.353000000119209 ], [ 3793187.62950000166893, 4976876.90989999845624 ], [ 3793125.637100003659725, 4976961.470100000500679 ], [ 3793025.126800000667572, 4977063.0504 ], [ 3792878.651500001549721, 4977181.964499998837709 ], [ 3792682.821199998259544, 4977272.673000000417233 ], [ 3792611.21169999986887, 4977317.400100000202656 ], [ 3792572.208999998867512, 4977358.279500000178814 ], [ 3792516.45830000191927, 4977496.712499998509884 ], [ 3792477.953000001609325, 4977584.753499999642372 ], [ 3792491.4287, 4977621.434900000691414 ], [ 3792542.001400001347065, 4977690.325399998575449 ], [ 3792615.360100001096725, 4977781.1118 ], [ 3792642.30120000243187, 4977854.455299999564886 ], [ 3792646.848800003528595, 4977880.099899999797344 ], [ 3792613.637900002300739, 4977916.762600000947714 ], [ 3792525.711800001561642, 4978010.861099999397993 ], [ 3792375.262100003659725, 4978188.551199998706579 ], [ 3792300.427000001072884, 4978251.304999999701977 ], [ 3792166.223200000822544, 4978319.550700001418591 ], [ 3792002.214800000190735, 4978423.302299998700619 ], [ 3791928.881300002336502, 4978474.569200001657009 ], [ 3791824.6919, 4978476.972600001841784 ], [ 3791739.322599999606609, 4978501.926199998706579 ], [ 3791598.906000003218651, 4978587.806000001728535 ], [ 3791440.807300001382828, 4978678.403900001198053 ], [ 3791265.067900002002716, 4978774.711300000548363 ], [ 3791213.088100001215935, 4978814.151299998164177 ], [ 3791200.31870000064373, 4978900.117499999701977 ], [ 3791179.255999997258186, 4978966.069400001317263 ], [ 3791156.988200001418591, 4979062.369699999690056 ], [ 3791132.987000003457069, 4979117.518699999898672 ], [ 3791112.601999998092651, 4979164.657900001853704 ], [ 3791015.16669999808073, 4979256.962400000542402 ], [ 3790917.180500000715256, 4979331.717500001192093 ], [ 3790755.398100003600121, 4979452.668800000101328 ], [ 3790692.065999999642372, 4979548.708299998193979 ], [ 3790630.546899996697903, 4979641.998399998992682 ], [ 3790603.852799996733665, 4979793.400800000876188 ], [ 3790554.941100001335144, 4980010.726599998772144 ], [ 3790464.295900002121925, 4980081.299199998378754 ], [ 3790358.108499996364117, 4980201.291799999773502 ], [ 3790347.170999996364117, 4980316.18129999935627 ], [ 3790319.685199998319149, 4980421.913499999791384 ], [ 3790241.265000000596046, 4980452.5537 ], [ 3790032.07379999756813, 4980502.318900000303984 ], [ 3789875.503100000321865, 4980550.682599999010563 ], [ 3789755.458099998533726, 4980615.300299998372793 ], [ 3789563.885499998927116, 4980736.761100001633167 ], [ 3789477.603200003504753, 4980859.393300000578165 ], [ 3789395.8574, 4981044.509700000286102 ], [ 3789215.625500001013279, 4980900.13120000064373 ], [ 3789021.586199998855591, 4980674.048799999058247 ], [ 3788828.045999996364117, 4980477.250799998641014 ], [ 3788712.590800002217293, 4980433.053100001066923 ], [ 3788545.301899999380112, 4980435.907299999147654 ], [ 3788328.920299999415874, 4980413.288100000470877 ], [ 3788181.953400000929832, 4980645.697900000959635 ], [ 3788055.156300000846386, 4980897.129200000315905 ], [ 3787850.732699997723103, 4981225.8564000017941 ], [ 3787835.028099998831749, 4981265.349899999797344 ], [ 3787807.77080000191927, 4981413.792500000447035 ], [ 3787789.964800000190735, 4981709.046500001102686 ], [ 3787757.707299999892712, 4981942.472100000828505 ], [ 3787564.723300002515316, 4981952.722100000828505 ], [ 3787347.948299996554852, 4981936.561900001019239 ], [ 3787199.176399998366833, 4981889.943999998271465 ], [ 3786956.037500001490116, 4981841.449999999254942 ], [ 3786808.269199997186661, 4981824.6118 ], [ 3786698.767399996519089, 4981750.998700000345707 ], [ 3786635.382100000977516, 4981702.9265 ], [ 3786540.958400003612041, 4981727.36879999935627 ], [ 3786465.163099996745586, 4981708.806600000709295 ], [ 3786339.057800002396107, 4981622.567899998277426 ], [ 3786299.890100002288818, 4981626.210099998861551 ], [ 3786267.916599996387959, 4981672.934000000357628 ], [ 3786303.082800000905991, 4981813.3614999987185 ], [ 3786331.963699996471405, 4981993.1162 ], [ 3786145.823100000619888, 4982026.0801 ], [ 3786068.171599999070168, 4982073.08390000090003 ], [ 3786017.306599996984005, 4982124.386300001293421 ], [ 3785932.461499996483326, 4982209.961100000888109 ], [ 3785781.474600002169609, 4982383.354299999773502 ], [ 3785574.955700002610683, 4982590.454 ], [ 3785414.285899996757507, 4982603.122000001370907 ], [ 3785181.732900001108646, 4982593.672400001436472 ], [ 3785129.396499998867512, 4982610.9507 ], [ 3784924.114200003445148, 4982686.936500001698732 ], [ 3784836.735299997031689, 4982366.650600001215935 ], [ 3784750.917900003492832, 4982138.207100000232458 ], [ 3784783.997599996626377, 4982065.300299998372793 ], [ 3784806.9983000010252, 4982014.607299998402596 ], [ 3784839.470399998128414, 4981943.039500001817942 ], [ 3784839.717600002884865, 4981937.235300000756979 ], [ 3784843.359899997711182, 4981851.712900001555681 ], [ 3784844.083700001239777, 4981834.717399999499321 ], [ 3784818.757799997925758, 4981754.3597999997437 ], [ 3784809.1891999989748, 4981723.999200001358986 ], [ 3784798.939599998295307, 4981691.477600000798702 ], [ 3784799.170999996364117, 4981690.883200000971556 ], [ 3784809.806100003421307, 4981663.555700000375509 ], [ 3784829.868500001728535, 4981612.00450000166893 ], [ 3784878.142700001597404, 4981355.465999998152256 ], [ 3784854.654399998486042, 4981142.344300001859665 ], [ 3784829.210799999535084, 4981088.269000001251698 ], [ 3784814.167700000107288, 4981056.297800000756979 ], [ 3784765.864699997007847, 4980953.6393 ], [ 3784745.953299999237061, 4980911.32149999961257 ], [ 3784601.018899999558926, 4980680.905900001525879 ], [ 3784540.159199997782707, 4980576.675500001758337 ], [ 3784405.701700001955032, 4980582.435699999332428 ], [ 3784339.5559, 4980547.311299998313189 ], [ 3784259.125399999320507, 4980430.500199999660254 ], [ 3784166.729299999773502, 4980399.298000000417233 ], [ 3784103.631700001657009, 4980338.305700000375509 ], [ 3784081.276299998164177, 4980220.509300000965595 ], [ 3784081.795699998736382, 4980046.718400001525879 ], [ 3784094.33330000191927, 4979995.526000000536442 ], [ 3784100.516500003635883, 4979970.279500000178814 ], [ 3784106.726499997079372, 4979944.923700001090765 ], [ 3784107.414800003170967, 4979942.113200001418591 ], [ 3784161.659100003540516, 4979720.628699999302626 ], [ 3784116.123099997639656, 4979676.615200001746416 ], [ 3784098.055699996650219, 4979659.151900000870228 ], [ 3784025.469300001859665, 4979624.1385000012815 ], [ 3783880.913099996745586, 4979590.841600000858307 ], [ 3783725.76690000295639, 4979548.292599998414516 ], [ 3783631.692900002002716, 4979513.270700000226498 ], [ 3783604.74040000140667, 4979503.2368 ], [ 3783303.536300003528595, 4979391.104400001466274 ], [ 3783164.936300002038479, 4979357.207400001585484 ], [ 3782903.346900001168251, 4979391.435899998992682 ], [ 3782605.528499998152256, 4979455.5724 ], [ 3782507.52419999986887, 4979444.32039999961853 ], [ 3782411.991099998354912, 4979432.537399999797344 ], [ 3782341.334499999880791, 4979335.421399999409914 ], [ 3782239.821099996566772, 4979146.476300001144409 ], [ 3782096.302699998021126, 4978997.964000001549721 ], [ 3781920.4628000035882, 4978876.315499998629093 ], [ 3781904.875, 4978864.660000000149012 ], [ 3781807.831699997186661, 4978792.818300001323223 ], [ 3781701.375500001013279, 4978692.840300001204014 ], [ 3781540.80349999666214, 4978505.394799999892712 ], [ 3781421.336900003254414, 4978428.4712999984622 ], [ 3781240.430600002408028, 4978388.828200001269579 ], [ 3781241.914899997413158, 4978299.927499998360872 ], [ 3781217.029500000178814, 4978149.905299998819828 ], [ 3781196.17400000244379, 4978091.175299998372793 ], [ 3780948.225699998438358, 4978167.363699998706579 ], [ 3780754.142800003290176, 4978141.35249999910593 ], [ 3780477.272699996829033, 4978063.611400000751019 ], [ 3780275.857799999415874, 4977985.086300000548363 ], [ 3780144.865599997341633, 4977960.982500001788139 ], [ 3780046.038000002503395, 4977959.1754 ], [ 3779876.2837999984622, 4977991.834499999880791 ], [ 3779633.673299998044968, 4978002.376800000667572 ], [ 3779390.239900000393391, 4977963.77930000051856 ], [ 3779232.06700000166893, 4977917.295200001448393 ], [ 3779116.843699999153614, 4977856.677299998700619 ], [ 3779033.785499997437, 4977818.853900000452995 ], [ 3778685.892499998211861, 4977798.405900001525879 ], [ 3778346.988200001418591, 4977784.461399998515844 ], [ 3778291.904399998486042, 4977782.194899998605251 ], [ 3778095.17620000243187, 4977775.581700000911951 ], [ 3777754.121899999678135, 4977777.846200000494719 ], [ 3777550.839800000190735, 4977764.877999998629093 ], [ 3777471.810500003397465, 4977759.754000000655651 ], [ 3777416.762800000607967, 4977616.193500000983477 ], [ 3777373.367200002074242, 4977367.6831 ], [ 3777285.7837999984622, 4977237.591299999505281 ], [ 3777169.413099996745586, 4977107.976100001484156 ], [ 3777076.763400003314018, 4976883.129900000989437 ], [ 3777052.339400000870228, 4976788.716699998825788 ], [ 3776986.042000003159046, 4976566.407800000160933 ], [ 3776901.393200002610683, 4976374.209399998188019 ], [ 3776815.354900002479553, 4976158.686200000345707 ], [ 3776734.846199996769428, 4976035.423500001430511 ], [ 3776627.857100002467632, 4975902.67680000141263 ], [ 3776398.175700001418591, 4975706.458299998193979 ], [ 3776184.507700003683567, 4975538.177200000733137 ], [ 3776112.401600003242493, 4975481.387800000607967 ], [ 3775833.468900002539158, 4975279.046100001782179 ], [ 3775478.998999997973442, 4975042.214899998158216 ], [ 3775333.138400003314018, 4974959.273299999535084 ], [ 3775221.137000001966953, 4974911.990899998694658 ], [ 3775153.584299996495247, 4974820.788400001823902 ], [ 3775062.693899996578693, 4974717.629099998623133 ], [ 3775016.935999996960163, 4974665.694499999284744 ], [ 3774844.883000001311302, 4974589.644000001251698 ], [ 3774272.969099998474121, 4974500.91780000180006 ], [ 3774072.844999998807907, 4974497.810100000351667 ], [ 3773935.044799998402596, 4974510.045299999415874 ], [ 3773757.302699998021126, 4974450.467300001531839 ], [ 3773630.045299999415874, 4974291.739599999040365 ], [ 3773481.564099997282028, 4974051.460700001567602 ], [ 3773284.049999997019768, 4973818.448100000619888 ], [ 3773066.166199997067451, 4973637.480200000107288 ], [ 3773005.154799997806549, 4973586.8059 ], [ 3772748.969700001180172, 4973377.609700001776218 ], [ 3772495.997900001704693, 4973151.988899998366833 ], [ 3772412.028099998831749, 4972998.999200001358986 ], [ 3772351.433700002729893, 4972908.160700000822544 ], [ 3772238.209899999201298, 4972608.22069999948144 ], [ 3772046.586099997162819, 4972258.987300001084805 ], [ 3772014.989100001752377, 4972201.401799999177456 ], [ 3771797.87219999730587, 4971982.1272 ], [ 3771634.944600000977516, 4971827.475699998438358 ], [ 3771491.919799998402596, 4971704.76410000026226 ], [ 3771362.182599999010563, 4971605.159400001168251 ], [ 3771286.24549999833107, 4971582.247699998319149 ], [ 3771187.563900001347065, 4971552.473499998450279 ], [ 3771010.121100001037121, 4971509.26069999858737 ], [ 3770891.513999998569489, 4971481.947900000959635 ], [ 3770726.041400000452995, 4971412.223000001162291 ], [ 3770535.160700000822544, 4971336.967599999159575 ], [ 3770349.089100003242493, 4971192.629700001329184 ], [ 3770192.725299999117851, 4971073.60700000077486 ], [ 3770004.660899996757507, 4970988.379200000315905 ], [ 3769865.603200003504753, 4970924.665699999779463 ], [ 3769710.938299998641014, 4970878.087499998509884 ], [ 3769451.236299999058247, 4970843.188900001347065 ], [ 3769230.685599997639656, 4970804.160700000822544 ], [ 3769049.119400002062321, 4970721.7972999997437 ], [ 3768940.33110000193119, 4970687.366500001400709 ], [ 3768816.26519999653101, 4970719.202799998223782 ], [ 3768654.343699999153614, 4970833.092000000178814 ], [ 3768433.155000001192093, 4971145.021099999547005 ], [ 3768273.517200000584126, 4971397.365800000727177 ], [ 3768104.762299999594688, 4971518.312899999320507 ], [ 3767926.087099999189377, 4971610.131499998271465 ], [ 3767784.403099998831749, 4971497.222199998795986 ], [ 3767539.736000001430511, 4971180.394600000232458 ], [ 3767517.276399999856949, 4971043.312399998307228 ], [ 3767452.249300003051758, 4971017.23369999974966 ], [ 3767307.674199998378754, 4970984.728500001132488 ], [ 3767154.207800000905991, 4970981.177200000733137 ], [ 3767048.712899997830391, 4970994.091899998486042 ], [ 3766943.51240000128746, 4970969.776599999517202 ], [ 3766829.64750000089407, 4970855.264899998903275 ], [ 3766734.847300000488758, 4970725.014699999243021 ], [ 3766613.578100003302097, 4970560.014899998903275 ], [ 3766556.779500000178814, 4970470.2445 ], [ 3766482.079199999570847, 4970326.200100000947714 ], [ 3766396.229699999094009, 4970249.393399998545647 ], [ 3766340.804499998688698, 4970232.072900000959635 ], [ 3766274.023100003600121, 4970192.129799999296665 ], [ 3766234.998199999332428, 4970149.676300000399351 ], [ 3766175.953299999237061, 4970098.675700001418591 ], [ 3766113.5625, 4970054.180399999022484 ], [ 3766047.124200001358986, 4970032.101100001484156 ], [ 3765977.3125, 4969989.243900001049042 ], [ 3765912.512999996542931, 4969896.64640000090003 ], [ 3765833.83330000191927, 4969778.501600001007318 ], [ 3765782.853000000119209, 4969681.170400001108646 ], [ 3765769.140799999237061, 4969612.430700000375509 ], [ 3765758.055600002408028, 4969577.391800001263618 ], [ 3765730.480899997055531, 4969510.398200001567602 ], [ 3765689.165299996733665, 4969425.300999999046326 ], [ 3765619.205200001597404, 4969374.504000000655651 ], [ 3765549.298600003123283, 4969326.6743 ], [ 3765514.045999996364117, 4969247.424600001424551 ], [ 3765487.521799996495247, 4969157.087000001221895 ], [ 3765450.791299998760223, 4969078.355599999427795 ], [ 3765412.882299996912479, 4969016.02140000090003 ], [ 3765313.357500001788139, 4968950.397599998861551 ], [ 3765206.207599997520447, 4968875.474899999797344 ], [ 3765075.917400002479553, 4968810.418699998408556 ], [ 3765016.615099996328354, 4968771.833399999886751 ], [ 3764928.563900001347065, 4968735.271999999880791 ], [ 3764874.330799996852875, 4968702.535399999469519 ], [ 3764778.768299996852875, 4968688.949499998241663 ], [ 3764590.815399996936321, 4968724.76410000026226 ], [ 3764333.05120000243187, 4968797.125599998980761 ], [ 3764133.182599999010563, 4968858.976599998772144 ], [ 3763989.435099996626377, 4968949.0472999997437 ], [ 3763916.977799996733665, 4969003.035700000822544 ], [ 3763812.531300000846386, 4969071.020500000566244 ], [ 3763770.902300000190735, 4969074.787999998778105 ], [ 3763704.989600002765656, 4969080.493200000375509 ], [ 3763654.951399996876717, 4969112.21000000089407 ], [ 3763544.656800001859665, 4969186.266399998217821 ], [ 3763395.63459999859333, 4969260.056600000709295 ], [ 3763294.153300002217293, 4969327.49100000038743 ], [ 3763228.544699996709824, 4969428.503499999642372 ], [ 3763111.600500002503395, 4969624.307399999350309 ], [ 3762983.615000002086163, 4969840.165199998766184 ], [ 3762911.420299999415874, 4970013.282800000160933 ], [ 3762888.740000002086163, 4970120.88120000064373 ], [ 3762877.697300001978874, 4970173.269299998879433 ], [ 3762891.288000002503395, 4970236.057300001382828 ], [ 3762919.329099997878075, 4970328.363699998706579 ], [ 3762941.1925999969244, 4970446.584199998527765 ], [ 3762946.409500002861023, 4970474.793000001460314 ], [ 3762934.27589999884367, 4970568.84010000154376 ], [ 3762844.114, 4970657.908500000834465 ], [ 3762754.41499999910593, 4970797.594799999147654 ], [ 3762696.407499998807907, 4970960.0287000015378 ], [ 3762650.987199999392033, 4971079.033300001174212 ], [ 3762542.1897, 4971074.620400000363588 ], [ 3762348.2456, 4971056.919799998402596 ], [ 3762263.334799997508526, 4971038.166400000452995 ], [ 3762161.814000003039837, 4971015.7445 ], [ 3762056.7051, 4970970.065999999642372 ], [ 3761996.6963, 4970946.869199998676777 ], [ 3761862.624799996614456, 4970839.184599999338388 ], [ 3761724.1941, 4970737.043499998748302 ], [ 3761575.347000002861023, 4970661.892400000244379 ], [ 3761421.345100000500679, 4970629.545099999755621 ], [ 3761226.69709999859333, 4970626.746899999678135 ], [ 3761079.427400000393391, 4970635.956799998879433 ], [ 3760916.67509999871254, 4970692.628499999642372 ], [ 3760838.019599996507168, 4970733.818999998271465 ], [ 3760763.621500000357628, 4970790.318900000303984 ], [ 3760665.608300000429153, 4970884.485399998724461 ], [ 3760543.619199998676777, 4970997.481100000441074 ], [ 3760423.883000001311302, 4971071.705200001597404 ], [ 3760218.675200000405312, 4971167.38569999858737 ], [ 3760120.447800002992153, 4971250.644600000232458 ], [ 3760002.57379999756813, 4971370.999499998986721 ], [ 3759870.056999996304512, 4971505.537099998444319 ], [ 3759791.929399996995926, 4971574.517499998211861 ], [ 3759746.170100003480911, 4971596.718600001186132 ], [ 3759606.463299997150898, 4971585.437800001353025 ], [ 3759509.031700000166893, 4971552.0099 ], [ 3759418.8596, 4971561.640000000596046 ], [ 3759317.421599999070168, 4971578.936000000685453 ], [ 3759237.893700003623962, 4971600.27479999884963 ], [ 3759179.723800003528595, 4971595.413100000470877 ], [ 3759063.558899998664856, 4971542.483300000429153 ], [ 3758913.105800002813339, 4971460.899900000542402 ], [ 3758804.393299996852875, 4971381.518399998545647 ], [ 3758720.718299999833107, 4971314.08669999986887 ], [ 3758619.59910000115633, 4971242.506900001317263 ], [ 3758499.767899997532368, 4971152.408599998801947 ], [ 3758350.636699996888638, 4971061.868999999016523 ], [ 3758222.245800003409386, 4970992.286800000816584 ], [ 3758173.798299998044968, 4970950.002599999308586 ], [ 3758101.6743, 4970862.496300000697374 ], [ 3758077.374399997293949, 4970810.823600001633167 ], [ 3758051.965199999511242, 4970752.720400001853704 ], [ 3758030.884499996900558, 4970687.088599998503923 ], [ 3758030.110799998044968, 4970645.899099998176098 ], [ 3758028.912600003182888, 4970581.394799999892712 ], [ 3758022.866700001060963, 4970497.115600001066923 ], [ 3757990.974899999797344, 4970437.640999998897314 ], [ 3757954.404600001871586, 4970366.350600000470877 ], [ 3757949.271099999547005, 4970331.201400000602007 ], [ 3757944.789899997413158, 4970277.173000000417233 ], [ 3757934.797600001096725, 4970220.769299998879433 ], [ 3757888.136200003325939, 4970193.837400000542402 ], [ 3757778.428400002419949, 4970140.78770000115037 ], [ 3757752.612499997019768, 4970123.370700001716614 ], [ 3757736.192400000989437, 4970112.292599998414516 ], [ 3757684.207000002264977, 4970039.78999999910593 ], [ 3757637.142700001597404, 4969965.217399999499321 ], [ 3757590.383900001645088, 4969880.212799999862909 ], [ 3757508.303099997341633, 4969737.782699998468161 ], [ 3757449.317299999296665, 4969636.128400001674891 ], [ 3757391.882799997925758, 4969511.1184 ], [ 3757350.57379999756813, 4969426.009100001305342 ], [ 3757321.873000003397465, 4969377.39919999986887 ], [ 3757292.646099999547005, 4969354.119199998676777 ], [ 3757224.987400002777576, 4969346.446800000965595 ], [ 3757137.319499999284744, 4969330.212000001221895 ], [ 3757049.1554000005126, 4969313.987500000745058 ], [ 3756916.075000002980232, 4969284.703600000590086 ], [ 3756782.667599998414516, 4969238.5472999997437 ], [ 3756729.99040000140667, 4969208.753199998289347 ], [ 3756675.0625, 4969137.80180000141263 ], [ 3756611.77250000089407, 4969045.154599998146296 ], [ 3756544.312600001692772, 4968967.984999999403954 ], [ 3756480.158100001513958, 4968908.130699999630451 ], [ 3756382.195299997925758, 4968819.115600001066923 ], [ 3756293.778099998831749, 4968762.683299999684095 ], [ 3756210.734899997711182, 4968674.8816 ], [ 3756185.098600000143051, 4968631.181200001388788 ], [ 3756118.853900000452995, 4968539.092599999159575 ], [ 3756077.51690000295639, 4968451.998199999332428 ], [ 3756063.610500000417233, 4968371.353500001132488 ], [ 3756080.966499999165535, 4968237.496399998664856 ], [ 3756083.071900002658367, 4968227.885600000619888 ], [ 3756114.814499996602535, 4968082.987199999392033 ], [ 3756138.754100002348423, 4967963.564300000667572 ], [ 3756138.885499998927116, 4967962.908900000154972 ], [ 3756147.4265, 4967915.101199999451637 ], [ 3756185.296700000762939, 4967816.107799999415874 ], [ 3756232.933799996972084, 4967735.305799998342991 ], [ 3756319.804099999368191, 4967629.439599998295307 ], [ 3756440.660400003194809, 4967535.364700000733137 ], [ 3756519.400700002908707, 4967472.342599999159575 ], [ 3756549.532799996435642, 4967438.028599999845028 ], [ 3756553.290200002491474, 4967399.734700001776218 ], [ 3756550.824000000953674, 4967348.350699998438358 ], [ 3756548.410899996757507, 4967298.072299998253584 ], [ 3756546.351000003516674, 4967267.3279 ], [ 3756538.208999998867512, 4967176.645799998193979 ], [ 3756516.331500001251698, 4967068.353700000792742 ], [ 3756496.766500003635883, 4967004.183800000697374 ], [ 3756483.397600002586842, 4966872.400400001555681 ], [ 3756479.848800003528595, 4966762.272199999541044 ], [ 3756478.813100002706051, 4966706.696100000292063 ], [ 3756476.848800003528595, 4966680.924199998378754 ], [ 3756442.641599997878075, 4966656.747299998998642 ], [ 3756366.751599997282028, 4966606.535900000482798 ], [ 3756284.200000002980232, 4966545.03770000115037 ], [ 3756227.947999998927116, 4966483.053300000727177 ], [ 3756206.895499996840954, 4966418.915600001811981 ], [ 3756206.214699998497963, 4966308.849399998784065 ], [ 3756206.155699998140335, 4966299.307199999690056 ], [ 3756206.847300000488758, 4966288.019999999552965 ], [ 3756207.385300002992153, 4966279.238299999386072 ], [ 3756211.326899997889996, 4966214.907000001519918 ], [ 3756213.006700001657009, 4966187.4912 ], [ 3756219.48870000243187, 4966108.952199999243021 ], [ 3756219.335799999535084, 4966100.801399998366833 ], [ 3756218.623000003397465, 4966062.80519999936223 ], [ 3756185.112800002098083, 4965995.922899998724461 ], [ 3756168.463100001215935, 4965951.849500000476837 ], [ 3756165.609999999403954, 4965944.2971 ], [ 3756155.878100000321865, 4965918.535900000482798 ], [ 3756116.519900001585484, 4965777.813900001347065 ], [ 3756078.00620000064373, 4965602.326699998229742 ], [ 3756071.249399997293949, 4965559.272900000214577 ], [ 3756052.393700003623962, 4965452.906300000846386 ], [ 3756039.907600000500679, 4965398.280000001192093 ], [ 3756032.398299999535084, 4965365.427000001072884 ], [ 3756009.24889999628067, 4965290.572799999266863 ], [ 3756005.994199998676777, 4965280.048799999058247 ], [ 3755978.640900000929832, 4965197.66950000077486 ], [ 3755941.531700000166893, 4965097.099700000137091 ], [ 3755904.571599997580051, 4965031.780799999833107 ], [ 3755854.247000001370907, 4964964.397799998521805 ], [ 3755852.650799997150898, 4964962.260499998927116 ], [ 3755807.888099998235703, 4964930.830899998545647 ], [ 3755695.62219999730587, 4964845.568 ], [ 3755591.761, 4964785.959699999541044 ], [ 3755512.127099998295307, 4964774.039000000804663 ], [ 3755359.838200002908707, 4964752.055399999022484 ], [ 3755224.136, 4964714.8794 ], [ 3755095.338899999856949, 4964648.290199998766184 ], [ 3755006.046599999070168, 4964597.337699998170137 ], [ 3754953.089800000190735, 4964564.807399999350309 ], [ 3754923.701800003647804, 4964546.754999998956919 ], [ 3754819.061700001358986, 4964444.471799999475479 ], [ 3754732.199000000953674, 4964390.995700001716614 ], [ 3754662.743900001049042, 4964365.9824 ], [ 3754564.550899997353554, 4964370.7820999994874 ], [ 3754411.301399998366833, 4964377.108800001442432 ], [ 3754317.384099997580051, 4964370.916900001466274 ], [ 3754232.347499996423721, 4964335.767400000244379 ], [ 3754157.38459999859333, 4964290.862399999052286 ], [ 3754097.33500000089407, 4964254.890900000929832 ], [ 3754006.029100000858307, 4964202.986099999397993 ], [ 3753939.782899998128414, 4964190.3136 ], [ 3753827.254799999296665, 4964171.070300001651049 ], [ 3753729.168300002813339, 4964154.520899999886751 ], [ 3753670.628100000321865, 4964155.614100001752377 ], [ 3753583.982100002467632, 4964193.951999999582767 ], [ 3753468.554700002074242, 4964259.134199999272823 ], [ 3753452.790100000798702, 4964265.363499999046326 ], [ 3753359.167300000786781, 4964302.358300000429153 ], [ 3753244.344400003552437, 4964319.874299999326468 ], [ 3753130.957400001585484, 4964334.391399998217821 ], [ 3752988.728100001811981, 4964346.45719999819994 ], [ 3752881.43469999730587, 4964342.002599999308586 ], [ 3752795.256399996578693, 4964325.230099998414516 ], [ 3752722.590899996459484, 4964314.169599998742342 ], [ 3752688.849899999797344, 4964314.799600001424551 ], [ 3752652.393899999558926, 4964329.375599998980761 ], [ 3752606.0537, 4964373.416600000113249 ], [ 3752559.308799996972084, 4964430.889600001275539 ], [ 3752553.696400001645088, 4964437.78999999910593 ], [ 3752540.061899997293949, 4964454.5537 ], [ 3752491.518299996852875, 4964567.123199999332428 ], [ 3752468.624099999666214, 4964663.511399999260902 ], [ 3752462.979900002479553, 4964687.274099998176098 ], [ 3752466.862499997019768, 4964816.245000001043081 ], [ 3752458.332599997520447, 4965025.3673 ], [ 3752450.396799996495247, 4965112.644000001251698 ], [ 3752444.318099997937679, 4965179.495799999684095 ], [ 3752432.700900003314018, 4965222.400699999183416 ], [ 3752365.657399997115135, 4965246.971999999135733 ], [ 3752251.529899999499321, 4965272.087900001555681 ], [ 3752237.62219999730587, 4965275.148600000888109 ], [ 3752131.19650000333786, 4965317.3257 ], [ 3752100.402800001204014, 4965333.099800001829863 ], [ 3752063.835199996829033, 4965351.831500001251698 ], [ 3751982.426899999380112, 4965431.7654 ], [ 3751959.545900002121925, 4965456.013999998569489 ], [ 3751941.237099997699261, 4965480.988800000399351 ], [ 3751936.305200003087521, 4965487.716299999505281 ], [ 3751927.017499998211861, 4965575.648699998855591 ], [ 3751925.74719999730587, 4965587.675900001078844 ], [ 3751925.57490000128746, 4965589.3695 ], [ 3751920.447599999606609, 4965639.761999998241663 ], [ 3751911.478399999439716, 4965727.912599999457598 ], [ 3751883.450800001621246, 4965795.933699999004602 ], [ 3751854.94030000269413, 4965837.665199998766184 ], [ 3751853.883500002324581, 4965838.470800001174212 ], [ 3751803.551100000739098, 4965876.839299999177456 ], [ 3751733.434199996292591, 4965896.500799998641014 ], [ 3751640.407200001180172, 4965912.116300001740456 ], [ 3751612.586300000548363, 4965947.823800001293421 ], [ 3751607.4408999979496, 4965954.42790000140667 ], [ 3751604.214400000870228, 4966007.318599998950958 ], [ 3751601.347999997437, 4966054.304900001734495 ], [ 3751597.647699996829033, 4966102.146099999547005 ], [ 3751591.736599996685982, 4966178.57039999961853 ], [ 3751573.438299998641014, 4966227.320300001651049 ], [ 3751569.319200001657009, 4966238.294300001114607 ], [ 3751558.152300000190735, 4966268.044700000435114 ], [ 3751520.223099999129772, 4966310.441100001335144 ], [ 3751496.042900003492832, 4966341.57149999961257 ], [ 3751485.7993, 4966354.759500000625849 ], [ 3751462.312799997627735, 4966399.860800001770258 ], [ 3751519.346100002527237, 4966504.538899999111891 ], [ 3751562.694200001657009, 4966620.375999998301268 ], [ 3751576.768899999558926, 4966710.458700001239777 ], [ 3751576.351800002157688, 4966848.452799998223782 ], [ 3751580.148100003600121, 4966893.051300000399351 ], [ 3751616.944499999284744, 4966976.759500000625849 ], [ 3751654.945799998939037, 4967045.043400000780821 ], [ 3751705.122900001704693, 4967101.197200000286102 ], [ 3751759.380999997258186, 4967167.650699999183416 ], [ 3751774.196400001645088, 4967185.79619999974966 ], [ 3751793.102700002491474, 4967214.727600000798702 ], [ 3751715.154399998486042, 4967294.602899998426437 ], [ 3751676.336000002920628, 4967339.46680000051856 ], [ 3751573.74040000140667, 4967458.040300000458956 ], [ 3751478.747299998998642, 4967555.102800000458956 ], [ 3751425.3125, 4967644.947900000959635 ], [ 3751397.878700003027916, 4967729.317899998277426 ], [ 3751390.563400000333786, 4967751.815400000661612 ], [ 3751390.995899997651577, 4967775.510899998247623 ], [ 3751391.088699996471405, 4967780.597800001502037 ], [ 3751373.389899998903275, 4967896.5793999992311 ], [ 3751370.343099996447563, 4967909.378899998962879 ], [ 3751357.7246999964118, 4967962.388700000941753 ], [ 3751333.647399999201298, 4968002.55009999871254 ], [ 3751309.589900001883507, 4968043.197299998253584 ], [ 3751257.258299998939037, 4968085.868599999696016 ], [ 3751175.926899999380112, 4968170.26410000026226 ], [ 3751138.292900003492832, 4968201.7445 ], [ 3751038.666400000452995, 4968263.648400001227856 ], [ 3751003.380000002682209, 4968261.321400001645088 ], [ 3750885.89019999653101, 4968215.842199999839067 ], [ 3750810.344700001180172, 4968210.786100000143051 ], [ 3750744.185999996960163, 4968203.080200001597404 ], [ 3750668.486400000751019, 4968162.779599998146296 ], [ 3750558.717200003564358, 4968105.252599999308586 ], [ 3750484.293499998748302, 4968080.314599998295307 ], [ 3750420.277400001883507, 4968081.499200001358986 ], [ 3750269.063900001347065, 4968118.05290000140667 ], [ 3750155.977300003170967, 4968149.427499998360872 ], [ 3750023.3445999994874, 4968198.041499998420477 ], [ 3749965.000500001013279, 4968183.7364999987185 ], [ 3749871.775200001895428, 4968134.8260000012815 ], [ 3749757.582400001585484, 4968079.851700000464916 ], [ 3749702.516800001263618, 4968041.50789999961853 ], [ 3749684.662699997425079, 4968029.075599998235703 ], [ 3749584.444899998605251, 4968004.626800000667572 ], [ 3749553.394500002264977, 4967989.808499999344349 ], [ 3749453.804799996316433, 4967999.590900000184774 ], [ 3749310.122000001370907, 4968014.159400001168251 ], [ 3749217.944700002670288, 4968022.316399998962879 ], [ 3749188.345799997448921, 4968166.806099999696016 ], [ 3749072.288099996745586, 4968279.647300001233816 ], [ 3748934.775100000202656, 4968386.424699999392033 ], [ 3748867.837899997830391, 4968416.948399998247623 ], [ 3748709.016099996864796, 4968526.098200000822544 ], [ 3748683.456900000572205, 4968543.867400001734495 ], [ 3748593.848300002515316, 4968606.164799999445677 ], [ 3748575.203199997544289, 4968618.05460000038147 ], [ 3748488.850500002503395, 4968673.120799999684095 ], [ 3748382.097000002861023, 4968738.379299998283386 ], [ 3748374.972000002861023, 4968742.7347999997437 ], [ 3748264.984899997711182, 4968835.104200001806021 ], [ 3748231.885899998247623, 4968883.894200000911951 ], [ 3748157.222800001502037, 4968993.952100001275539 ], [ 3748084.553999997675419, 4969117.899700000882149 ], [ 3748025.618500001728535, 4969259.959199998527765 ], [ 3747981.145199999213219, 4969363.139199998229742 ], [ 3747972.778899997472763, 4969382.549400001764297 ], [ 3747917.714199997484684, 4969546.383299998939037 ], [ 3747901.4662000015378, 4969589.4864999987185 ], [ 3747875.1283999979496, 4969659.356499999761581 ], [ 3747768.679899998009205, 4969782.444299999624491 ], [ 3747652.712200000882149, 4969927.54619999974966 ], [ 3747463.689900003373623, 4970148.945700000971556 ], [ 3747367.012800000607967, 4970236.600000001490116 ], [ 3747185.260600000619888, 4970367.528900001198053 ], [ 3747043.581000000238419, 4970491.254999998956919 ], [ 3746916.633599996566772, 4970606.779199998825788 ], [ 3746822.722699999809265, 4970682.469799999147654 ], [ 3746805.987899996340275, 4970692.061599999666214 ], [ 3746772.612300001084805, 4970711.191399998962879 ], [ 3746689.156900003552437, 4970680.465599998831749 ], [ 3746577.045699998736382, 4970615.566700000315905 ], [ 3746529.563100002706051, 4970588.079900000244379 ], [ 3746336.73870000243187, 4970439.738099999725819 ], [ 3746222.668300002813339, 4970337.582299999892712 ], [ 3746149.392399996519089, 4970266.954500000923872 ], [ 3746046.367499999701977, 4970172.0548 ], [ 3745948.431599996984005, 4970028.403499998152256 ], [ 3745924.7632, 4969994.408599998801947 ], [ 3745858.688799999654293, 4969899.505699999630451 ], [ 3745799.068899996578693, 4969801.241700001060963 ], [ 3745785.995899997651577, 4969779.695000000298023 ], [ 3745742.922799997031689, 4969705.041000001132488 ], [ 3745702.334100000560284, 4969656.647799998521805 ], [ 3745603.517899997532368, 4969628.177200000733137 ], [ 3745500.204300001263618, 4969597.814100001007318 ], [ 3745346.779899999499321, 4969595.673000000417233 ], [ 3745156.900600001215935, 4969608.589899998158216 ], [ 3745029.976599998772144, 4969616.876600001007318 ], [ 3745029.966700002551079, 4969616.8772 ], [ 3744974.232500001788139, 4969634.375799998641014 ], [ 3744946.055799998342991, 4969643.222300000488758 ], [ 3744919.981600001454353, 4969655.621599998325109 ], [ 3744953.645499996840954, 4969731.952599998563528 ], [ 3744962.832400001585484, 4969753.598200000822544 ], [ 3744980.818899996578693, 4969795.976700000464916 ], [ 3744982.70719999819994, 4969800.425900001078844 ], [ 3744988.197200000286102, 4969812.057300001382828 ], [ 3744990.287399999797344, 4969816.4857 ], [ 3744999.243100002408028, 4969835.459899999201298 ], [ 3745008.023800000548363, 4969854.063200000673532 ], [ 3745010.687299996614456, 4969866.043000001460314 ], [ 3745011.552799999713898, 4969869.936000000685453 ], [ 3745013.542900003492832, 4969878.8871 ], [ 3745014.509499996900558, 4969883.234400000423193 ], [ 3745014.51070000231266, 4969883.239999998360872 ], [ 3745013.855999998748302, 4969886.813499998301268 ], [ 3745012.929700002074242, 4969891.869199998676777 ], [ 3745012.769199997186661, 4969892.745200000703335 ], [ 3745011.445600003004074, 4969899.969300001859665 ], [ 3745010.660800002515316, 4969904.251899998635054 ], [ 3745010.215599998831749, 4969906.681000001728535 ], [ 3745006.389200001955032, 4969927.565900001674891 ], [ 3744983.509099997580051, 4970007.347699999809265 ], [ 3744970.46509999781847, 4970052.831599999219179 ], [ 3744942.877599999308586, 4970095.45890000090003 ], [ 3744894.091899998486042, 4970170.8412000015378 ], [ 3744842.052199997007847, 4970251.251499999314547 ], [ 3744677.464699998497963, 4970431.55460000038147 ], [ 3744677.215700000524521, 4970431.827399998903275 ], [ 3744676.609899997711182, 4970432.49100000038743 ], [ 3744636.771799996495247, 4970484.462099999189377 ], [ 3744615.957800000905991, 4970511.614999998360872 ], [ 3744599.033900000154972, 4970533.693199999630451 ], [ 3744541.2544, 4970590.399700000882149 ], [ 3744371.395599998533726, 4970623.881499998271465 ], [ 3744371.391099996864796, 4970623.882399998605251 ], [ 3744281.869400002062321, 4970615.32209999859333 ], [ 3744206.149599999189377, 4970602.979200001806021 ], [ 3744132.528499998152256, 4970595.566700000315905 ], [ 3744078.509999997913837, 4970600.167399998754263 ], [ 3744036.6283999979496, 4970615.427499998360872 ], [ 3744009.230999998748302, 4970634.853900000452995 ], [ 3743990.498400002717972, 4970665.05180000141263 ], [ 3743970.761799998581409, 4970719.061299998313189 ], [ 3743957.858900003135204, 4970766.980799999088049 ], [ 3743936.767700001597404, 4970851.303100001066923 ], [ 3743902.795500002801418, 4970913.076299998909235 ], [ 3743879.171400003135204, 4970946.821800000965595 ], [ 3743800.649499997496605, 4971038.8048 ], [ 3743703.22240000218153, 4971141.962499998509884 ], [ 3743674.056199997663498, 4971172.844300001859665 ], [ 3743597.909400001168251, 4971253.470199998468161 ], [ 3743586.409999996423721, 4971265.646000001579523 ], [ 3743487.301899999380112, 4971369.973200000822544 ], [ 3743431.140799999237061, 4971439.139800000935793 ], [ 3743407.769400000572205, 4971469.983199998736382 ], [ 3743405.531300000846386, 4971472.936900001019239 ], [ 3743384.335500001907349, 4971552.298099998384714 ], [ 3743376.137100003659725, 4971660.194699998944998 ], [ 3743376.13629999756813, 4971660.204599998891354 ], [ 3743364.339500002563, 4971761.727699998766184 ], [ 3743364.339100003242493, 4971761.731899999082088 ], [ 3743368.349799998104572, 4971787.942099999636412 ], [ 3743381.49040000140667, 4971822.92850000038743 ], [ 3743406.159500002861023, 4971839.801699999719858 ], [ 3743509.888899996876717, 4971861.969099998474121 ], [ 3743621.249099999666214, 4971917.738400001078844 ], [ 3743635.465300001204014, 4971932.843100000172853 ], [ 3743641.400600001215935, 4971956.550900001078844 ], [ 3743640.75900000333786, 4971996.778999999165535 ], [ 3743646.189300000667572, 4972033.523699998855591 ], [ 3743648.16780000180006, 4972046.911299999803305 ], [ 3743650.5608000010252, 4972063.103700000792742 ], [ 3743711.116300001740456, 4972278.299600001424551 ], [ 3743798.792099997401237, 4972460.669700000435114 ], [ 3743864.694300003349781, 4972598.313400000333786 ], [ 3743882.705799996852875, 4972629.713700000196695 ], [ 3743911.624399997293949, 4972683.228399999439716 ], [ 3743922.13629999756813, 4972712.27140000090003 ], [ 3743933.740500003099442, 4972744.332400001585484 ], [ 3743938.197599999606609, 4972768.567899998277426 ], [ 3743933.047600001096725, 4972782.566599998623133 ], [ 3743917.415899999439716, 4972795.314800001680851 ], [ 3743903.70549999922514, 4972804.030699998140335 ], [ 3743884.537299998104572, 4972813.377000000327826 ], [ 3743846.25959999859333, 4972825.163499999791384 ], [ 3743846.118000000715256, 4972825.207100000232458 ], [ 3743836.181199997663498, 4972828.266800001263618 ], [ 3743778.384900003671646, 4972841.8733000010252 ], [ 3743751.2162000015378, 4972848.574999999254942 ], [ 3743670.7029, 4972868.435100000351667 ], [ 3743578.457099996507168, 4972897.644299998879433 ], [ 3743486.437600001692772, 4972936.291299998760223 ], [ 3743427.1831, 4972951.417300000786781 ], [ 3743311.877599999308586, 4972980.6233000010252 ], [ 3743200.961400002241135, 4973008.717599999159575 ], [ 3743138.211599998176098, 4973022.426199998706579 ], [ 3743072.247299998998642, 4973050.104200001806021 ], [ 3743062.391599997878075, 4973059.2364999987185 ], [ 3743032.792099997401237, 4973086.663400001823902 ], [ 3743002.280599996447563, 4973124.029599998146296 ], [ 3742715.225599996745586, 4973383.159800000488758 ], [ 3742484.684299997985363, 4973566.658500000834465 ], [ 3742402.735799998044968, 4973649.820599999278784 ], [ 3742261.956500001251698, 4973792.684599999338388 ], [ 3742169.084299996495247, 4973862.617899999022484 ], [ 3742138.02139999717474, 4973884.299899999052286 ], [ 3742018.826899997889996, 4973967.4978 ], [ 3741915.491099998354912, 4974036.169199999421835 ], [ 3741868.8169, 4974059.959399998188019 ], [ 3741790.782799996435642, 4974104.272199999541044 ], [ 3741742.805200003087521, 4974136.539799999445677 ], [ 3741709.697300001978874, 4974144.169399999082088 ], [ 3741669.579199999570847, 4974148.478799998760223 ], [ 3741604.604599997401237, 4974151.795699998736382 ], [ 3741533.136799998581409, 4974153.261399999260902 ], [ 3741457.709299996495247, 4974154.828899998217821 ], [ 3741370.288500003516674, 4974153.170099999755621 ], [ 3741227.464800000190735, 4974184.905600000172853 ], [ 3741159.800800003111362, 4974202.180100001394749 ], [ 3741068.707599997520447, 4974214.489199999719858 ], [ 3740924.518799997866154, 4974252.716899998486042 ], [ 3740874.554899998009205, 4974285.024999998509884 ], [ 3740810.3733000010252, 4974326.5559 ], [ 3740739.77139999717474, 4974370.216299999505281 ], [ 3740701.410099998116493, 4974388.381299998611212 ], [ 3740680.740099996328354, 4974396.754599999636412 ], [ 3740670.317299999296665, 4974396.960999999195337 ], [ 3740605.797799997031689, 4974398.300700001418591 ], [ 3740553.723399996757507, 4974400.874899998307228 ], [ 3740485.287000000476837, 4974404.25789999961853 ], [ 3740366.173000000417233, 4974406.71059999987483 ], [ 3740303.224299997091293, 4974411.492600001394749 ], [ 3740287.513599999248981, 4974413.554000001400709 ], [ 3740287.501599997282028, 4974413.555599998682737 ], [ 3740272.027999997138977, 4974415.585900001227856 ], [ 3740242.723899997770786, 4974439.043800000101328 ], [ 3740221.784000001847744, 4974458.832699999213219 ], [ 3740203.162600003182888, 4974492.254900000989437 ], [ 3740200.233400002121925, 4974497.512200001627207 ], [ 3740183.539300002157688, 4974553.94539999961853 ], [ 3740174.208400003612041, 4974589.213199999183416 ], [ 3740173.975199997425079, 4974590.094700001180172 ], [ 3740160.95160000026226, 4974639.319899998605251 ], [ 3740149.295699998736382, 4974676.294799998402596 ], [ 3740126.980499997735023, 4974701.583999998867512 ], [ 3740115.920800000429153, 4974708.635400000959635 ], [ 3740104.457999996840954, 4974715.94370000064373 ], [ 3740064.412600003182888, 4974725.22580000013113 ], [ 3740033.298299998044968, 4974732.802700001746416 ], [ 3739975.538599997758865, 4974748.400100000202656 ], [ 3739949.832999996840954, 4974753.888700000941753 ], [ 3739905.877599999308586, 4974765.227699998766184 ], [ 3739884.016400001943111, 4974788.501499999314547 ], [ 3739871.579099997878075, 4974805.138999998569489 ], [ 3739865.165200002491474, 4974813.719000000506639 ], [ 3739855.24719999730587, 4974838.25450000166893 ], [ 3739845.513999998569489, 4974871.713700000196695 ], [ 3739840.662699997425079, 4974901.61600000038743 ], [ 3739838.673600003123283, 4974940.331300001591444 ], [ 3739838.186499997973442, 4974949.810600001364946 ], [ 3739837.3772, 4974983.084899999201298 ], [ 3739836.1831, 4974987.692699998617172 ], [ 3739832.329499997198582, 4975002.563900001347065 ], [ 3739815.45269999653101, 4975027.234200000762939 ], [ 3739770.61540000140667, 4975068.373399998992682 ], [ 3739742.978200003504753, 4975097.097100000828505 ], [ 3739732.754100002348423, 4975107.723099999129772 ], [ 3739587.363300003111362, 4975258.8301 ], [ 3739520.891000002622604, 4975334.182199999690056 ], [ 3739458.311099998652935, 4975425.465399999171495 ], [ 3739418.706200003623962, 4975483.235599998384714 ], [ 3739396.00620000064373, 4975519.526500001549721 ], [ 3739393.224500000476837, 4975523.973600000143051 ], [ 3739381.673000000417233, 4975541.591899998486042 ], [ 3739363.768299996852875, 4975612.968199998140335 ], [ 3739362.384400002658367, 4975749.295899998396635 ], [ 3739362.37780000269413, 4975749.945000000298023 ], [ 3739360.824299998581409, 4975902.988099999725819 ], [ 3739358.894500002264977, 4976074.792199999094009 ], [ 3739355.519000001251698, 4976249.14979999884963 ], [ 3739352.415399998426437, 4976272.635099999606609 ], [ 3739346.505800001323223, 4976317.353399999439716 ], [ 3739322.730599999427795, 4976363.810100000351667 ], [ 3739309.273599997162819, 4976390.105099998414516 ], [ 3739199.554899998009205, 4976584.0185999982059 ], [ 3739177.980999998748302, 4976621.200599998235703 ], [ 3739124.711499996483326, 4976686.846999999135733 ], [ 3739004.905900001525879, 4976800.0320999994874 ], [ 3738925.689599998295307, 4976883.585999999195337 ], [ 3738903.90990000218153, 4976910.364500001072884 ], [ 3738881.130000002682209, 4976914.303100001066923 ], [ 3738858.112800002098083, 4976905.345499999821186 ], [ 3738846.910999998450279, 4976894.345199998468161 ], [ 3738835.323600001633167, 4976882.966099999845028 ], [ 3738775.95440000295639, 4976821.114199999719858 ], [ 3738709.623099997639656, 4976760.706599999219179 ], [ 3738676.261900000274181, 4976730.324799999594688 ], [ 3738500.7346, 4976621.234000001102686 ], [ 3738335.826200000941753, 4976521.347199998795986 ], [ 3738273.740800000727177, 4976489.89469999819994 ], [ 3738136.1537000015378, 4976420.19310000166297 ], [ 3738067.116899996995926, 4976370.964499998837709 ], [ 3738043.76129999756813, 4976346.124099999666214 ], [ 3738011.741700001060963, 4976309.555500000715256 ], [ 3737906.32599999755621, 4976036.163499999791384 ], [ 3737825.705200001597404, 4975857.586100000888109 ], [ 3737770.627899996936321, 4975738.552499998360872 ], [ 3737728.390600003302097, 4975639.621300000697374 ], [ 3737632.119400002062321, 4975376.480900000780821 ], [ 3737566.261500000953674, 4975239.805799998342991 ], [ 3737500.138700000941753, 4975164.220899999141693 ], [ 3737440.088100001215935, 4975103.290699999779463 ], [ 3737419.547700002789497, 4975082.449299998581409 ], [ 3737332.257200002670288, 4975014.252900000661612 ], [ 3737236.662000000476837, 4974953.150199998170137 ], [ 3737173.207500003278255, 4974933.100999999791384 ], [ 3737173.197599999606609, 4974933.100600000470877 ], [ 3737168.571400001645088, 4974932.926600001752377 ], [ 3737113.587200000882149, 4974930.857700001448393 ], [ 3737061.07940000295639, 4974937.385400000959635 ], [ 3736984.425300002098083, 4974951.363099999725819 ], [ 3736919.150200001895428, 4974968.046399999409914 ], [ 3736817.488799996674061, 4974994.029500000178814 ], [ 3736761.137500002980232, 4975001.605700001120567 ], [ 3736756.574000000953674, 4975002.219399999827147 ], [ 3736756.5641999989748, 4975002.22069999948144 ], [ 3736594.363499999046326, 4975033.347899999469519 ], [ 3736510.812299996614456, 4975050.943300001323223 ], [ 3736413.446000002324581, 4975072.309399999678135 ], [ 3736355.857199996709824, 4975096.329500000923872 ], [ 3736258.826499998569489, 4975126.543600000441074 ], [ 3736248.293999999761581, 4975129.82319999858737 ], [ 3736197.657200001180172, 4975129.359099999070168 ], [ 3736146.309900000691414, 4975119.4857 ], [ 3736090.475500002503395, 4975108.721799999475479 ], [ 3736051.007500000298023, 4975099.035799998790026 ], [ 3736025.117799997329712, 4975092.682199999690056 ], [ 3735984.658900000154972, 4975081.094099998474121 ], [ 3735935.762900002300739, 4975069.690099999308586 ], [ 3735893.523400001227856, 4975067.085999999195337 ], [ 3735872.964199997484684, 4975081.403499998152256 ], [ 3735873.333099998533726, 4975099.271200001239777 ], [ 3735891.115000002086163, 4975119.759100001305342 ], [ 3735902.8794, 4975125.977099999785423 ], [ 3735902.90990000218153, 4975125.993200000375509 ], [ 3735922.741700001060963, 4975136.475099999457598 ], [ 3735950.908600002527237, 4975145.564899999648333 ], [ 3735979.227300003170967, 4975154.703600000590086 ], [ 3736033.716099999845028, 4975172.933899998664856 ], [ 3736051.007500000298023, 4975175.375399999320507 ], [ 3736107.408699996769428, 4975183.339200001209974 ], [ 3736192.287500001490116, 4975206.433400001376867 ], [ 3736260.859200000762939, 4975233.826699998229742 ], [ 3736316.312200002372265, 4975299.207899998873472 ], [ 3736386.70269999653101, 4975390.60700000077486 ], [ 3736415.48480000346899, 4975433.114199999719858 ], [ 3736444.065200001001358, 4975475.323399998247623 ], [ 3736472.37049999833107, 4975515.390099998563528 ], [ 3736491.092699997127056, 4975541.8918999992311 ], [ 3736548.982799999415874, 4975628.573899999260902 ], [ 3736603.379100002348423, 4975714.84180000051856 ], [ 3736645.305399999022484, 4975797.891399998217821 ], [ 3736667.998800002038479, 4975887.803899999707937 ], [ 3736674.956600002944469, 4975947.124899998307228 ], [ 3736678.220799997448921, 4975974.955299999564886 ], [ 3736678.221100002527237, 4975974.965199999511242 ], [ 3736679.595799997448921, 4976041.960900001227856 ], [ 3736672.465300001204014, 4976100.392299998551607 ], [ 3736672.206500001251698, 4976102.513300001621246 ], [ 3736670.665799997746944, 4976115.138399999588728 ], [ 3736661.73589999973774, 4976188.3158 ], [ 3736656.648599997162819, 4976220.236400000751019 ], [ 3736655.329800002276897, 4976228.511500000953674 ], [ 3736652.682199999690056, 4976245.124099999666214 ], [ 3736608.945000000298023, 4976519.554999999701977 ], [ 3736559.536399997770786, 4976787.313999999314547 ], [ 3736549.072400003671646, 4976844.021200001239777 ], [ 3736534.760499998927116, 4976908.895399998873472 ], [ 3736534.531300000846386, 4976909.934399999678135 ], [ 3736478.652400001883507, 4977163.226399999111891 ], [ 3736475.209399998188019, 4977197.46169999986887 ], [ 3736475.180799998342991, 4977197.745700001716614 ], [ 3736471.246200002729893, 4977236.87049999833107 ], [ 3736472.241099998354912, 4977285.97749999910593 ], [ 3736472.241400003433228, 4977285.990200001746416 ], [ 3736472.241700001060963, 4977286.000199999660254 ], [ 3736478.665700003504753, 4977333.031199999153614 ], [ 3736487.852600000798702, 4977369.577399998903275 ], [ 3736493.416900001466274, 4977388.673099998384714 ], [ 3736499.076999999582767, 4977408.097300000488758 ], [ 3736514.322700001299381, 4977449.970800001174212 ], [ 3736542.928999997675419, 4977488.608199998736382 ], [ 3736573.214199997484684, 4977512.830600000917912 ], [ 3736592.983599998056889, 4977525.800999999046326 ], [ 3736606.951499998569489, 4977534.96510000154376 ], [ 3736620.704999998211861, 4977542.407400000840425 ], [ 3736644.093199998140335, 4977555.063299998641014 ], [ 3736679.300200000405312, 4977577.177700001746416 ], [ 3736704.093699999153614, 4977599.507199998944998 ], [ 3736719.093400001525879, 4977628.9814000017941 ], [ 3736731.64299999922514, 4977660.015799999237061 ], [ 3736739.668499998748302, 4977712.476500000804663 ], [ 3736739.670000001788139, 4977712.486299999058247 ], [ 3736746.330600000917912, 4977770.934000000357628 ], [ 3736745.923100002110004, 4977789.323800001293421 ], [ 3736745.560000002384186, 4977805.709800001233816 ], [ 3736739.072800002992153, 4977828.676399998366833 ], [ 3736725.893500000238419, 4977864.205600000917912 ], [ 3736705.062100000679493, 4977888.948300000280142 ], [ 3736681.028300002217293, 4977903.359200000762939 ], [ 3736632.175300002098083, 4977918.253400001674891 ], [ 3736581.803199999034405, 4977931.709100000560284 ], [ 3736508.566500000655651, 4977943.631099998950958 ], [ 3736440.564800001680851, 4977945.026999998837709 ], [ 3736440.554799996316433, 4977945.027199998497963 ], [ 3736368.858499996364117, 4977958.913199998438358 ], [ 3736318.708200000226498, 4977969.646699998527765 ], [ 3736314.980099998414516, 4977970.444600000977516 ], [ 3736291.007200002670288, 4977988.310400001704693 ], [ 3736279.049199998378754, 4978009.910000000149012 ], [ 3736279.470100000500679, 4978030.757599998265505 ], [ 3736284.00110000371933, 4978082.297899998724461 ], [ 3736299.263999998569489, 4978148.523699998855591 ], [ 3736359.950300000607967, 4978372.199700001627207 ], [ 3736365.568999998271465, 4978401.275600001215935 ], [ 3736366.40259999781847, 4978405.589299999177456 ], [ 3736383.27139999717474, 4978492.883400000631809 ], [ 3736404.582000002264977, 4978580.956599999219179 ], [ 3736415.931199997663498, 4978627.860800001770258 ], [ 3736440.77139999717474, 4978730.52140000090003 ], [ 3736463.807700000703335, 4978885.714099999517202 ], [ 3736466.710400000214577, 4978905.26969999819994 ], [ 3736466.711099997162819, 4978905.279399998486042 ], [ 3736475.095799997448921, 4979047.606699999421835 ], [ 3736477.765900000929832, 4979105.65260000154376 ], [ 3736487.931800000369549, 4979165.022999998182058 ], [ 3736535.812399998307228, 4979369.611900001764297 ], [ 3736532.752300001680851, 4979442.664299998432398 ], [ 3736532.148500002920628, 4979457.078000001609325 ], [ 3736519.082099996507168, 4979498.078899998217821 ], [ 3736479.824799999594688, 4979567.269000001251698 ], [ 3736464.930200003087521, 4979593.521699998527765 ], [ 3736434.233199998736382, 4979621.956599999219179 ], [ 3736434.222900003194809, 4979621.965799998492002 ], [ 3736425.468999996781349, 4979628.982099998742342 ], [ 3736368.763400003314018, 4979674.429200001060963 ], [ 3736292.500600002706051, 4979708.274500001221895 ], [ 3736217.956500001251698, 4979729.172699999064207 ], [ 3736158.871899999678135, 4979753.227400001138449 ], [ 3736076.979800000786781, 4979768.204 ], [ 3736073.273999996483326, 4979768.881700001657009 ], [ 3736019.177599996328354, 4979769.989900000393391 ], [ 3736019.167700000107288, 4979769.9901 ], [ 3735928.379100002348423, 4979773.335999999195337 ], [ 3735928.359200000762939, 4979773.33669999986887 ], [ 3735891.718400001525879, 4979777.569699998944998 ], [ 3735849.935199998319149, 4979797.790199998766184 ], [ 3735740.505800001323223, 4979837.763099998235703 ], [ 3735519.722199998795986, 4979919.256999999284744 ], [ 3735470.80460000038147, 4979930.6858000010252 ], [ 3735423.790799997746944, 4979938.599300000816584 ], [ 3735367.944899998605251, 4979952.157900001853704 ], [ 3735362.951099999248981, 4979955.461399998515844 ], [ 3735362.906700000166893, 4979955.490699999034405 ], [ 3735360.941299997270107, 4979956.790899999439716 ], [ 3735349.347999997437, 4979964.46000000089407 ], [ 3735331.908399999141693, 4979986.164200000464916 ], [ 3735321.801600001752377, 4980001.757599998265505 ], [ 3735322.50959999859333, 4980037.002099998295307 ], [ 3735323.021799996495247, 4980061.324799999594688 ], [ 3735330.781300000846386, 4980101.379799999296665 ], [ 3735340.741800002753735, 4980151.331199999898672 ], [ 3735360.696199998259544, 4980349.044700000435114 ], [ 3735373.017399996519089, 4980441.646099999547005 ], [ 3735377.435199998319149, 4980487.739500001072884 ], [ 3735377.436099998652935, 4980487.749400001019239 ], [ 3735375.253100000321865, 4980507.966600000858307 ], [ 3735366.589000001549721, 4980588.207100000232458 ], [ 3735363.6891999989748, 4980615.062699999660254 ], [ 3735362.82039999961853, 4980623.109400000423193 ], [ 3735348.237000003457069, 4980686.460200000554323 ], [ 3735331.752400003373623, 4980750.993700001388788 ], [ 3735330.768100000917912, 4980754.846900001168251 ], [ 3735327.199100002646446, 4980765.570000000298023 ], [ 3735315.795299999415874, 4980799.831500001251698 ], [ 3735293.910599999129772, 4980847.7060999982059 ], [ 3735270.647100001573563, 4980898.596799999475479 ], [ 3735255.835799999535084, 4980933.454100001603365 ], [ 3735230.845899999141693, 4980992.265999998897314 ], [ 3735215.647900000214577, 4981025.853100001811981 ], [ 3735216.222099997103214, 4981054.1385000012815 ], [ 3735216.222300000488758, 4981054.148499999195337 ], [ 3735228.536499999463558, 4981081.97690000012517 ], [ 3735230.8081, 4981087.110500000417233 ], [ 3735251.029700003564358, 4981129.402199998497963 ], [ 3735268.822499997913837, 4981158.856800001114607 ], [ 3735276.21509999781847, 4981171.0945999994874 ], [ 3735317.634099997580051, 4981229.33669999986887 ], [ 3735363.000600002706051, 4981310.848400000482798 ], [ 3735375.313100002706051, 4981336.6316 ], [ 3735385.3103, 4981357.566500000655651 ], [ 3735398.500699996948242, 4981414.974899999797344 ], [ 3735404.387199997901917, 4981440.594700001180172 ], [ 3735405.27929999679327, 4981484.269200000911951 ], [ 3735402.69030000269413, 4981624.350400000810623 ], [ 3735397.893100000917912, 4981685.907800000160933 ], [ 3735394.075900003314018, 4981734.8902000002563 ], [ 3735391.682800002396107, 4981765.599300000816584 ], [ 3735403.654700003564358, 4981913.833399999886751 ], [ 3735418.865099996328354, 4981990.708399999886751 ], [ 3735433.011500000953674, 4982062.20549999922514 ], [ 3735460.003499999642372, 4982192.2516999989748 ], [ 3735477.57150000333786, 4982274.319699998944998 ], [ 3735494.62780000269413, 4982332.083599999547005 ], [ 3735497.187799997627735, 4982336.706500001251698 ], [ 3735525.075099997222424, 4982387.0669 ], [ 3735536.704899996519089, 4982422.087799999862909 ], [ 3735530.3926, 4982425.798900000751019 ], [ 3735530.380800001323223, 4982425.805799998342991 ], [ 3735512.190999999642372, 4982436.499800000339746 ], [ 3735475.445500001311302, 4982437.249400001019239 ], [ 3735430.29110000282526, 4982438.182100001722574 ], [ 3735382.552199997007847, 4982435.67339999973774 ], [ 3735382.542300000786781, 4982435.672899998724461 ], [ 3735318.006800003349781, 4982436.9864999987185 ], [ 3735264.10080000013113, 4982447.028000000864267 ], [ 3735264.090999998152256, 4982447.029800001531839 ], [ 3735190.989100001752377, 4982465.911899998784065 ], [ 3735063.041599996387959, 4982546.496399998664856 ], [ 3734962.137199997901917, 4982639.435400001704693 ], [ 3734919.882200002670288, 4982679.317699998617172 ], [ 3734919.133400000631809, 4982680.024500001221895 ], [ 3734869.092799998819828, 4982727.255199998617172 ], [ 3734838.545000001788139, 4982763.127500001341105 ], [ 3734810.6891999989748, 4982784.561299998313189 ], [ 3734790.01349999755621, 4982793.918000001460314 ], [ 3734769.337399996817112, 4982802.777899999171495 ], [ 3734744.566100001335144, 4982805.275600001215935 ], [ 3734700.747400000691414, 4982799.217399999499321 ], [ 3734626.763400003314018, 4982775.903000000864267 ], [ 3734528.320200003683567, 4982745.633400000631809 ], [ 3734465.478399999439716, 4982724.372400000691414 ], [ 3734445.308499999344349, 4982717.54839999973774 ], [ 3734260.572899997234344, 4982668.676899999380112 ], [ 3734131.234200000762939, 4982657.419399999082088 ], [ 3734058.514600001275539, 4982660.117899999022484 ], [ 3733982.376000002026558, 4982662.943300001323223 ], [ 3733982.366099998354912, 4982662.94370000064373 ], [ 3733837.638300001621246, 4982700.663499999791384 ], [ 3733749.480599999427795, 4982724.540199998766184 ], [ 3733710.729999996721745, 4982735.035399999469519 ], [ 3733623.644199997186661, 4982750.715799998492002 ], [ 3733623.634400002658367, 4982750.717599999159575 ], [ 3733424.558200001716614, 4982776.633200000971556 ], [ 3733396.58500000089407, 4982784.585400000214577 ], [ 3733285.32039999961853, 4982816.214999999850988 ], [ 3733215.514399997889996, 4982847.312399998307228 ], [ 3733145.074699997901917, 4982878.692099999636412 ], [ 3733091.428599998354912, 4982903.774900000542402 ], [ 3733026.907899998128414, 4982933.942299999296665 ], [ 3733019.849799998104572, 4982937.242400001734495 ], [ 3733015.20099999755621, 4982939.416000001132488 ], [ 3732959.41330000013113, 4982971.383499998599291 ], [ 3732955.819499999284744, 4982973.442800000309944 ], [ 3732893.811800003051758, 4983008.974500000476837 ], [ 3732871.391400001943111, 4983021.821800000965595 ], [ 3732868.436999998986721, 4983022.842700000852346 ], [ 3732730.856899999082088, 4983070.377999998629093 ], [ 3732549.368199996650219, 4983107.35080000013113 ], [ 3732473.104599997401237, 4983142.176600001752377 ], [ 3732416.0691, 4983169.663199998438358 ], [ 3732365.953900001943111, 4983197.007800001651049 ], [ 3732350.1891999989748, 4983202.278499998152256 ], [ 3732350.185500003397465, 4983202.276799999177456 ], [ 3732339.651799999177456, 4983197.529199998825788 ], [ 3732330.317400000989437, 4983178.352099999785423 ], [ 3732304.847800001502037, 4983122.774900000542402 ], [ 3732280.763700000941753, 4983061.179200001060963 ], [ 3732242.535300001502037, 4982988.471999999135733 ], [ 3732213.446800000965595, 4982925.986600000411272 ], [ 3732171.80460000038147, 4982856.806600000709295 ], [ 3732159.752999998629093, 4982843.96680000051856 ], [ 3732083.999600000679493, 4982763.25730000063777 ], [ 3732069.337099999189377, 4982747.629099998623133 ], [ 3732052.00959999859333, 4982729.160500001162291 ], [ 3731984.383500002324581, 4982675.910999998450279 ], [ 3731950.44820000231266, 4982643.333999998867512 ], [ 3731928.759900003671646, 4982602.061900001019239 ], [ 3731911.668399997055531, 4982542.816199999302626 ], [ 3731905.87389999628067, 4982508.282200001180172 ], [ 3731899.79450000077486, 4982472.0504 ], [ 3731899.792900003492832, 4982472.040699999779463 ], [ 3731890.447400003671646, 4982379.381099998950958 ], [ 3731883.879600003361702, 4982300.5603 ], [ 3731883.726999998092651, 4982299.742400001734495 ], [ 3731869.947200000286102, 4982225.864199999719858 ], [ 3731855.230099998414516, 4982185.9391999989748 ], [ 3731840.860399998724461, 4982163.389600001275539 ], [ 3731780.737700000405312, 4982137.311000000685453 ], [ 3731653.796400003135204, 4982097.677499998360872 ], [ 3731480.313900001347065, 4982064.473099999129772 ], [ 3731436.315399996936321, 4982048.858199998736382 ], [ 3731326.765699997544289, 4982009.979499999433756 ], [ 3731148.282300002872944, 4981926.726300001144409 ], [ 3731059.951700001955032, 4981880.854200001806021 ], [ 3730954.430399999022484, 4981844.77140000090003 ], [ 3730845.416599996387959, 4981831.1081000007689 ], [ 3730824.629199996590614, 4981828.662300001829863 ], [ 3730705.045999996364117, 4981814.592399999499321 ], [ 3730540.166900001466274, 4981789.143300000578165 ], [ 3730394.366499997675419, 4981774.724800001829863 ], [ 3730305.17230000346899, 4981783.497699998319149 ], [ 3730305.162299998104572, 4981783.498700000345707 ], [ 3730246.382200002670288, 4981798.590999998152256 ], [ 3730194.310699999332428, 4981825.971200000494719 ], [ 3730119.648299999535084, 4981866.231199998408556 ], [ 3730045.542400002479553, 4981909.439599998295307 ], [ 3729987.867299996316433, 4981929.981899999082088 ], [ 3729920.161499999463558, 4981946.250399999320507 ], [ 3729866.060400001704693, 4981947.350499998778105 ], [ 3729866.050499998033047, 4981947.350699998438358 ], [ 3729783.591600000858307, 4981945.556200001388788 ], [ 3729783.581699997186661, 4981945.5559 ], [ 3729711.891400001943111, 4981936.090300001204014 ], [ 3729646.491899996995926, 4981918.5493 ], [ 3729585.216700002551079, 4981908.869899999350309 ], [ 3729530.5515, 4981923.822700001299381 ], [ 3729522.485399998724461, 4981926.029100000858307 ], [ 3729511.243500001728535, 4981931.635600000619888 ], [ 3729486.116300001740456, 4981944.166999999433756 ], [ 3729446.586499996483326, 4981978.222600001841784 ], [ 3729377.678900003433228, 4982033.262800000607967 ], [ 3729337.06139999628067, 4982060.981199998408556 ], [ 3729336.840199999511242, 4982061.132199998944998 ], [ 3729268.945600003004074, 4982107.465199999511242 ], [ 3729212.223899997770786, 4982150.335700001567602 ], [ 3729201.402000002563, 4982166.664200000464916 ], [ 3729173.202399998903275, 4982209.212900001555681 ], [ 3729166.936099998652935, 4982219.258000001311302 ], [ 3729157.825199998915195, 4982233.863299999386072 ], [ 3729151.839199997484684, 4982256.704300001263618 ], [ 3729149.976099997758865, 4982263.813200000673532 ], [ 3729149.97749999910593, 4982263.819400001317263 ], [ 3729157.598499998450279, 4982296.942200001329184 ], [ 3729172.394000001251698, 4982341.317200001329184 ], [ 3729191.979900002479553, 4982390.486900001764297 ], [ 3729213.21339999884367, 4982443.792599998414516 ], [ 3729236.170500002801418, 4982546.614399999380112 ], [ 3729240.317199997603893, 4982579.7949 ], [ 3729228.476700000464916, 4982607.8597999997437 ], [ 3729223.324600003659725, 4982622.286800000816584 ], [ 3729205.442800000309944, 4982672.360300000756979 ], [ 3729190.725400000810623, 4982725.968499999493361 ], [ 3729179.316200003027916, 4982767.526599999517202 ], [ 3729168.297899998724461, 4982807.660900000482798 ], [ 3729165.663500003516674, 4982817.256900001317263 ], [ 3729153.288900002837181, 4982862.331000000238419 ], [ 3729153.20269999653101, 4982862.644900001585484 ], [ 3729121.3462999984622, 4982923.585099998861551 ], [ 3729084.530799999833107, 4982994.011999998241663 ], [ 3729081.694600000977516, 4982999.437600001692772 ], [ 3729067.149599999189377, 4983027.261700000613928 ], [ 3729019.23200000077486, 4983087.822299998253584 ], [ 3728981.534400001168251, 4983114.897999998182058 ], [ 3728948.282499998807907, 4983115.579500000923872 ], [ 3728902.436300002038479, 4983107.579199999570847 ], [ 3728866.492899999022484, 4983101.335900001227856 ], [ 3728830.6721, 4983095.113800000399351 ], [ 3728781.533900000154972, 4983096.1206 ], [ 3728738.232600003480911, 4983115.374099999666214 ], [ 3728707.063400000333786, 4983126.849899999797344 ], [ 3728642.612400002777576, 4983150.579300001263618 ], [ 3728526.386, 4983198.633099999278784 ], [ 3728380.421899996697903, 4983248.7654 ], [ 3728380.412100002169609, 4983248.766699999570847 ], [ 3728319.004199996590614, 4983256.966600000858307 ], [ 3728318.994300000369549, 4983256.966899998486042 ], [ 3728237.099299997091293, 4983258.624200001358986 ], [ 3728191.241499997675419, 4983259.563700001686811 ], [ 3728189.44030000269413, 4983259.600600000470877 ], [ 3728189.420400001108646, 4983259.600999999791384 ], [ 3728174.304099999368191, 4983272.316700000315905 ], [ 3728153.739399999380112, 4983311.467300001531839 ], [ 3728126.883299998939037, 4983358.196600001305342 ], [ 3728039.686800003051758, 4983465.263700000941753 ], [ 3728005.523999996483326, 4983495.733399998396635 ], [ 3727967.8766999989748, 4983516.593699999153614 ], [ 3727950.266800001263618, 4983526.351599998772144 ], [ 3727891.099500000476837, 4983559.135600000619888 ], [ 3727817.038400001823902, 4983604.337900001555681 ], [ 3727754.882200002670288, 4983649.296700000762939 ], [ 3727699.279700003564358, 4983674.25450000166893 ], [ 3727587.902900002896786, 4983716.743900001049042 ], [ 3727322.412000000476837, 4983823.922800000756979 ], [ 3727127.001900002360344, 4983933.650199998170137 ], [ 3727043.982600003480911, 4983982.650299999862909 ], [ 3726964.064099997282028, 4984029.820099998265505 ], [ 3726893.547399997711182, 4984078.922499999403954 ], [ 3726869.537500001490116, 4984098.562800001353025 ], [ 3726869.2162000015378, 4984098.8257 ], [ 3726836.891000002622604, 4984125.267900001257658 ], [ 3726724.481200002133846, 4984287.93189999833703 ], [ 3726648.596500001847744, 4984415.609099999070168 ], [ 3726619.376000002026558, 4984444.000399999320507 ], [ 3726548.067699998617172, 4984478.725400000810623 ], [ 3726489.190399996936321, 4984513.185899998992682 ], [ 3726435.82599999755621, 4984555.043400000780821 ], [ 3726382.603100001811981, 4984596.78999999910593 ], [ 3726233.714199997484684, 4984748.776999998837709 ], [ 3726178.239900000393391, 4984790.590300001204014 ], [ 3726145.677299998700619, 4984815.134100001305342 ], [ 3726109.475100003182888, 4984842.178100001066923 ], [ 3726060.6787, 4984860.548900000751019 ], [ 3726013.705700002610683, 4984870.438700001686811 ], [ 3725972.056800000369549, 4984871.274399999529123 ], [ 3725971.872000001370907, 4984871.278200000524521 ], [ 3725931.289700001478195, 4984872.092500001192093 ], [ 3725776.119300000369549, 4984864.906599998474121 ], [ 3725759.811499997973442, 4984864.151299998164177 ], [ 3725759.8015, 4984864.150800000876188 ], [ 3725528.420400001108646, 4984841.010600000619888 ], [ 3725372.232100002467632, 4984828.294700000435114 ], [ 3725322.806400001049042, 4984815.376299999654293 ], [ 3725252.316100001335144, 4984791.970600001513958 ], [ 3725227.725400000810623, 4984779.558699999004602 ], [ 3725210.064599998295307, 4984766.002099998295307 ], [ 3725168.289899997413158, 4984689.381700001657009 ], [ 3725064.374799996614456, 4984485.885099999606609 ], [ 3724992.183899998664856, 4984378.584800001233816 ], [ 3724919.031099997460842, 4984298.125199999660254 ], [ 3724862.451700001955032, 4984253.782699998468161 ], [ 3724797.942500002682209, 4984203.225499998778105 ], [ 3724776.747000001370907, 4984185.796900000423193 ], [ 3724776.744300000369549, 4984185.793600000441074 ], [ 3724647.403300002217293, 4984027.501299999654293 ], [ 3724568.689400002360344, 4983941.691300000995398 ], [ 3724531.505500003695488, 4983919.611900001764297 ], [ 3724520.3235, 4983917.260499998927116 ], [ 3724512.041599996387959, 4983915.519000001251698 ], [ 3724499.560500003397465, 4983917.565699998289347 ], [ 3724498.210799999535084, 4983917.786899998784065 ], [ 3724441.177100002765656, 4983946.753600001335144 ], [ 3724351.16160000115633, 4983988.7787000015378 ], [ 3724282.602200001478195, 4984011.181499999016523 ], [ 3724185.87610000371933, 4984042.788100000470877 ], [ 3724034.388599999248981, 4984090.038499999791384 ], [ 3724034.378899998962879, 4984090.03999999910593 ], [ 3723990.820299997925758, 4984096.876299999654293 ], [ 3723886.326700001955032, 4984111.3918999992311 ], [ 3723814.348200000822544, 4984112.848099999129772 ], [ 3723814.338200002908707, 4984112.848299998790026 ], [ 3723799.440600000321865, 4984110.10080000013113 ], [ 3723719.653399996459484, 4984095.38569999858737 ], [ 3723423.658399999141693, 4983995.589499998837709 ], [ 3723302.901500001549721, 4983966.881499998271465 ], [ 3722851.51969999819994, 4983859.572900000959635 ], [ 3722836.338200002908707, 4983855.963700000196695 ], [ 3722548.790299996733665, 4983829.973900001496077 ], [ 3722476.416900001466274, 4983846.838100001215935 ], [ 3722474.155599996447563, 4983847.364999998360872 ], [ 3722443.097800001502037, 4983883.250500001013279 ], [ 3722416.917999997735023, 4983933.228399999439716 ], [ 3722387.625799998641014, 4983989.147399999201298 ], [ 3722373.668600000441074, 4984004.327199999243021 ], [ 3722296.74719999730587, 4984087.985300000756979 ], [ 3722289.932899996638298, 4984095.39640000090003 ], [ 3722234.997299998998642, 4984140.99379999935627 ], [ 3722232.207800000905991, 4984143.309099998325109 ], [ 3722155.63120000064373, 4984206.868900001049042 ], [ 3722089.917199999094009, 4984241.754999998956919 ], [ 3722017.026199996471405, 4984280.451099999248981 ], [ 3721973.82940000295639, 4984303.383299998939037 ], [ 3721937.092000000178814, 4984321.738299999386072 ], [ 3721925.982100002467632, 4984327.289099998772144 ], [ 3721739.802299998700619, 4984420.308699999004602 ], [ 3721721.590800002217293, 4984432.171399999409914 ], [ 3721676.066699996590614, 4984461.825100000947714 ], [ 3721667.709399998188019, 4984478.661499999463558 ], [ 3721659.384999997913837, 4984495.431600000709295 ], [ 3721659.859399996697903, 4984519.513700000941753 ], [ 3721660.343199998140335, 4984544.0779 ], [ 3721659.0066, 4984551.387499999254942 ], [ 3721650.95549999922514, 4984595.417300000786781 ], [ 3721614.39469999819994, 4984629.427999999374151 ], [ 3721609.649999998509884, 4984632.76969999819994 ], [ 3721481.76630000025034, 4984705.579999998211861 ], [ 3721474.599200002849102, 4984709.660599999129772 ], [ 3721446.199600003659725, 4984725.829799998551607 ], [ 3721388.558300003409386, 4984746.506499998271465 ], [ 3721388.549500003457069, 4984746.509700000286102 ], [ 3721375.1272, 4984753.971099998801947 ], [ 3721374.698100000619888, 4984754.209699999541044 ], [ 3721307.78660000115633, 4984791.405699998140335 ], [ 3721285.375900000333786, 4984810.844399999827147 ], [ 3721257.539099998772144, 4984834.989599999040365 ], [ 3721233.889499999582767, 4984855.502999998629093 ], [ 3721208.014499999582767, 4984884.75730000063777 ], [ 3721139.028599999845028, 4984962.752900000661612 ], [ 3721129.707699999213219, 4984973.291000001132488 ], [ 3721128.949199996888638, 4984974.148600000888109 ], [ 3721033.682300001382828, 4985086.023400001227856 ], [ 3720997.654700003564358, 4985128.331599999219179 ], [ 3720945.927000001072884, 4985208.181200001388788 ], [ 3720932.914499998092651, 4985252.314100001007318 ], [ 3720910.8429000005126, 4985327.171599999070168 ], [ 3720896.157999999821186, 4985332.401399999856949 ], [ 3720895.821699999272823, 4985332.521200001239777 ], [ 3720846.807599999010563, 4985349.976799998432398 ], [ 3720686.943099997937679, 4985396.769200000911951 ], [ 3720607.131300002336502, 4985425.37779999896884 ], [ 3720557.648000001907349, 4985367.386500000953674 ], [ 3720470.334200002253056, 4985304.788100000470877 ], [ 3720330.383100003004074, 4985265.220199998468161 ], [ 3720174.396999999880791, 4985263.257399998605251 ], [ 3720062.668799996376038, 4985245.436900001019239 ], [ 3720038.7533999979496, 4985241.622400000691414 ], [ 3719996.966899998486042, 4985234.957499999552965 ], [ 3719867.321199998259544, 4985189.695700000971556 ], [ 3719840.832599997520447, 4985153.088100001215935 ], [ 3719385.32880000025034, 4985165.147799998521805 ], [ 3719298.896300002932549, 4985166.440499998629093 ], [ 3719033.016699999570847, 4985170.417199999094009 ], [ 3718981.168799996376038, 4985194.494199998676777 ], [ 3718962.766599997878075, 4985203.039799999445677 ], [ 3718917.991599999368191, 4985266.617199998348951 ], [ 3718874.566399998962879, 4985367.427799999713898 ], [ 3718797.79730000346899, 4985465.486600000411272 ], [ 3718781.079800002276897, 4985488.665500000119209 ], [ 3718733.852600000798702, 4985554.145300000905991 ], [ 3718672.55179999768734, 4985639.1385000012815 ], [ 3718602.255000002682209, 4985648.656599998474121 ], [ 3718464.013599999248981, 4985618.48369999974966 ], [ 3718389.925899997353554, 4985637.028799999505281 ], [ 3718309.204999998211861, 4985715.750500001013279 ], [ 3718267.445600003004074, 4985756.475600000470877 ], [ 3718159.266699999570847, 4985937.689300000667572 ], [ 3718100.874899998307228, 4986045.866099998354912 ], [ 3718075.271300002932549, 4986093.299600001424551 ], [ 3718059.30349999666214, 4986122.8816 ], [ 3718059.130900003015995, 4986123.201299998909235 ], [ 3717986.355400003492832, 4986199.822299998253584 ], [ 3718016.82490000128746, 4986274.1272 ], [ 3718026.781700000166893, 4986303.980999998748302 ], [ 3718070.588799998164177, 4986435.329799998551607 ], [ 3718044.185500003397465, 4986565.054499998688698 ], [ 3717990.921800002455711, 4986761.182 ], [ 3717982.712200000882149, 4986791.410999998450279 ], [ 3717978.5801, 4986797.020599998533726 ], [ 3717914.268299996852875, 4986884.326999999582767 ], [ 3717774.005500003695488, 4986941.601500000804663 ], [ 3717468.654700003564358, 4987056.710900001227856 ], [ 3717328.480200000107288, 4987140.474399998784065 ], [ 3717310.006099998950958, 4987151.513900000602007 ], [ 3717193.2195999994874, 4987221.301699999719858 ], [ 3717111.200300000607967, 4987216.475499998778105 ], [ 3717089.284400001168251, 4987215.185899998992682 ], [ 3717029.051899999380112, 4987320.333799999207258 ], [ 3716888.259999997913837, 4987532.08390000090003 ], [ 3716804.63849999755621, 4987653.553100001066923 ], [ 3716792.350400000810623, 4987671.402899999171495 ], [ 3716783.390900000929832, 4987684.417599998414516 ], [ 3716693.166299998760223, 4987848.358800001442432 ], [ 3716667.431000001728535, 4987895.120799999684095 ], [ 3716551.155699998140335, 4987993.032400000840425 ], [ 3716520.193999998271465, 4988019.104200001806021 ], [ 3716399.188400000333786, 4988187.487300001084805 ], [ 3716369.077200002968311, 4988229.38740000128746 ], [ 3716357.3462999984622, 4988245.711300000548363 ], [ 3716346.802000001072884, 4988260.38399999961257 ], [ 3716211.740299999713898, 4988350.811500001698732 ], [ 3716099.054999999701977, 4988353.33390000090003 ], [ 3715895.329999998211861, 4988349.447200000286102 ], [ 3715658.412799999117851, 4988371.621399998664856 ], [ 3715483.371699996292591, 4988351.907900001853704 ], [ 3715470.701499998569489, 4988350.480999998748302 ], [ 3715409.912900000810623, 4988431.311999998986721 ], [ 3715334.890699997544289, 4988543.688200000673532 ], [ 3715333.508900001645088, 4988545.758000001311302 ], [ 3715331.551100000739098, 4988547.587400000542402 ], [ 3715297.021300002932549, 4988579.853799998760223 ], [ 3715257.695699997246265, 4988625.721500001847744 ], [ 3715226.465899996459484, 4988662.146200001239777 ], [ 3715217.353100001811981, 4988672.774999998509884 ], [ 3715187.620800003409386, 4988707.453299999237061 ], [ 3715144.417700000107288, 4988721.793800000101328 ], [ 3715080.142200000584126, 4988743.128899998962879 ], [ 3715064.9309, 4988818.471700001507998 ], [ 3715035.92400000244379, 4989010.338300000876188 ], [ 3714972.344099998474121, 4989165.726500000804663 ], [ 3714944.945900000631809, 4989228.917100001126528 ], [ 3714825.342600002884865, 4989477.4510000012815 ], [ 3714824.339199997484684, 4989610.5779 ], [ 3714873.538400001823902, 4989767.928300000727177 ], [ 3714898.943599998950958, 4989908.923900000751019 ], [ 3714901.883900001645088, 4989925.242499999701977 ], [ 3714890.602799996733665, 4990005.509100001305342 ], [ 3714887.738300003111362, 4990025.8902000002563 ], [ 3714834.726999998092651, 4990076.742800001055002 ], [ 3714816.402400001883507, 4990189.903599999845028 ], [ 3714820.571900002658367, 4990377.065000001341105 ], [ 3714820.57209999859333, 4990377.074799999594688 ], [ 3714820.420299999415874, 4990387.5929000005126 ], [ 3714819.009099997580051, 4990485.378699999302626 ], [ 3714742.55349999666214, 4990620.1985 ], [ 3714633.236100003123283, 4990751.776599999517202 ], [ 3714568.479800000786781, 4990832.6919 ], [ 3714567.433799996972084, 4990846.885800000280142 ], [ 3714555.903800003230572, 4991003.343699999153614 ], [ 3714555.903099998831749, 4991003.353500001132488 ], [ 3714521.424800001084805, 4991150.145799998193979 ], [ 3714464.821699999272823, 4991235.062300000339746 ], [ 3714428.661300003528595, 4991289.310400001704693 ], [ 3714303.196900002658367, 4991386.147700000554323 ], [ 3714289.49549999833107, 4991396.722800001502037 ], [ 3714192.018299996852875, 4991503.1963 ], [ 3714144.811899997293949, 4991613.028499998152256 ], [ 3714120.622299998998642, 4991668.125 ], [ 3714108.88740000128746, 4991694.853399999439716 ], [ 3714093.276500001549721, 4991730.410199999809265 ], [ 3714035.088100001215935, 4991927.41950000077486 ], [ 3713955.800800003111362, 4992091.610500000417233 ], [ 3713813.630500003695488, 4992265.653000000864267 ], [ 3713794.463299997150898, 4992341.082100000232458 ], [ 3713815.882100000977516, 4992544.758299998939037 ], [ 3713805.961499996483326, 4992665.012200001627207 ], [ 3713792.809500001370907, 4992824.4353 ], [ 3713721.112300001084805, 4992950.711599998176098 ], [ 3713573.052100002765656, 4993124.9529 ], [ 3713558.481600001454353, 4993142.099800001829863 ], [ 3713544.122699998319149, 4993233.818500000983477 ], [ 3713563.106499999761581, 4993350.122900001704693 ], [ 3713569.801700003445148, 4993463.153200000524521 ], [ 3713572.648800000548363, 4993511.218100000172853 ], [ 3713576.653300002217293, 4993578.822599999606609 ], [ 3713553.820900000631809, 4993627.148899998515844 ], [ 3713536.808899998664856, 4993663.156100001186132 ], [ 3713450.900200001895428, 4993731.635499998927116 ], [ 3713163.391699999570847, 4993892.035999998450279 ], [ 3713136.654700003564358, 4993904.134100001305342 ], [ 3713101.618199996650219, 4993919.987500000745058 ], [ 3713076.82209999859333, 4993931.207299999892712 ], [ 3713017.148800000548363, 4994061.695700000971556 ], [ 3712981.376500003039837, 4994329.239599999040365 ], [ 3712995.976700000464916, 4994416.344399999827147 ], [ 3713004.651500001549721, 4994468.098799999803305 ], [ 3713010.576800003647804, 4994503.449200000613928 ], [ 3713016.786700002849102, 4994519.068399999290705 ], [ 3713076.355099998414516, 4994668.894799999892712 ], [ 3713136.234300002455711, 4994760.809799998998642 ], [ 3713203.542300000786781, 4994864.128100000321865 ], [ 3713231.6985, 4994907.348099999129772 ], [ 3713310.725900001823902, 4994974.394099999219179 ], [ 3713380.047499999403954, 4995033.205699998885393 ], [ 3713482.8103, 4995164.044799998402596 ], [ 3713497.363600000739098, 4995259.597699999809265 ], [ 3713470.409699998795986, 4995343.159000001847744 ], [ 3713440.394900001585484, 4995489.8684 ], [ 3713431.047799997031689, 4995627.686299998313189 ], [ 3713418.444899998605251, 4995647.964699998497963 ], [ 3713378.766699999570847, 4995711.808200001716614 ], [ 3713268.8301, 4995779.702100001275539 ], [ 3713230.8103, 4995803.182100001722574 ], [ 3713210.203199997544289, 4995815.908500000834465 ], [ 3712925.802599996328354, 4995938.4868 ], [ 3712620.27250000089407, 4996049.604699999094009 ], [ 3712456.990800000727177, 4996132.512800000607967 ], [ 3712422.801700003445148, 4996149.872699998319149 ], [ 3712369.50959999859333, 4996188.316199999302626 ], [ 3712354.561200000345707, 4996276.079500000923872 ], [ 3712353.941799998283386, 4996426.115800000727177 ], [ 3712320.64299999922514, 4996479.563200000673532 ], [ 3712277.674900002777576, 4996548.530000001192093 ], [ 3712239.285199999809265, 4996567.000399999320507 ], [ 3712186.739100001752377, 4996592.281899999827147 ], [ 3712138.844099998474121, 4996672.341699998825788 ], [ 3712051.024899996817112, 4996796.306400001049042 ], [ 3712046.212200000882149, 4996803.100000001490116 ], [ 3712045.880500003695488, 4996803.568199999630451 ], [ 3712015.08500000089407, 4996832.932900000363588 ], [ 3711983.662000000476837, 4996862.895899999886751 ], [ 3711951.998400002717972, 4996893.08839999884367 ], [ 3711908.534199997782707, 4996994.404199998825788 ], [ 3711894.570200003683567, 4997103.016600001603365 ], [ 3711957.753799997270107, 4997330.6239 ], [ 3711984.890299998223782, 4997433.850099999457598 ], [ 3711937.4628000035882, 4997535.256900001317263 ], [ 3711867.380900003015995, 4997757.884799998253584 ], [ 3711837.901699997484684, 4997881.010200001299381 ], [ 3711833.296999998390675, 4997900.243099998682737 ], [ 3711748.7820999994874, 4998031.273699998855591 ], [ 3711612.315399996936321, 4998228.775600001215935 ], [ 3711599.573100000619888, 4998247.216899998486042 ], [ 3711465.255699999630451, 4998395.765299998223782 ], [ 3711363.791199997067451, 4998502.344399999827147 ], [ 3711301.475000001490116, 4998605.068999998271465 ], [ 3711287.110799998044968, 4998628.747499998658895 ], [ 3711255.700599998235703, 4998712.911699999123812 ], [ 3711205.766800001263618, 4998701.602600000798702 ], [ 3711134.018200002610683, 4998669.902899999171495 ], [ 3711019.293600000441074, 4998559.676899999380112 ], [ 3710897.67400000244379, 4998541.519299998879433 ], [ 3710768.2971, 4998531.974700000137091 ], [ 3710768.2871999964118, 4998531.973999999463558 ], [ 3710521.051399998366833, 4998450.025299999862909 ], [ 3710461.917499996721745, 4998408.083099998533726 ], [ 3710355.998499996960163, 4998332.957299999892712 ], [ 3710143.324199996888638, 4998129.525600001215935 ], [ 3709883.497699998319149, 4997860.062100000679493 ], [ 3709808.515299998223782, 4997861.724599998444319 ], [ 3709717.800700001418591, 4997893.046799998730421 ], [ 3709646.461999997496605, 4997857.371500000357628 ], [ 3709433.104699999094009, 4997824.343600001186132 ], [ 3709339.1587999984622, 4997818.647700000554323 ], [ 3709133.134400002658367, 4997806.156700000166893 ], [ 3708880.326099999248981, 4997853.482799999415874 ], [ 3708640.748099997639656, 4997937.777499999850988 ], [ 3708542.984499998390675, 4997972.877099998295307 ], [ 3708502.819899998605251, 4997987.297200001776218 ], [ 3708477.219499997794628, 4997996.488400001078844 ], [ 3708454.9353, 4998004.489 ], [ 3708432.230099998414516, 4998100.87779999896884 ], [ 3708406.6554000005126, 4998163.907600000500679 ], [ 3708396.432700000703335, 4998189.10190000012517 ], [ 3708244.797700002789497, 4998296.289500001817942 ], [ 3708124.934299997985363, 4998372.714600000530481 ], [ 3708089.009700000286102, 4998395.620099999010563 ], [ 3708007.340800002217293, 4998476.41499999910593 ], [ 3707928.929700002074242, 4998682.33669999986887 ], [ 3707934.740699999034405, 4998765.6754 ], [ 3707996.256399996578693, 4998918.316700000315905 ], [ 3708170.29559999704361, 4999060.528799999505281 ], [ 3708267.850100003182888, 4999158.230200000107288 ], [ 3708282.879900000989437, 4999253.777399998158216 ], [ 3708214.766199998557568, 4999362.809000000357628 ], [ 3708214.272399999201298, 4999363.599399998784065 ], [ 3708122.438799999654293, 4999445.861400000751019 ], [ 3708071.532899998128414, 4999491.461500000208616 ], [ 3707919.792700000107288, 4999594.679499998688698 ], [ 3707610.955399997532368, 4999759.989599999040365 ], [ 3707469.248000003397465, 4999763.124699998646975 ], [ 3707461.498099997639656, 4999763.29619999974966 ], [ 3707461.488200001418591, 4999763.296399999409914 ], [ 3707374.56139999628067, 4999786.092300001531839 ], [ 3707363.067699998617172, 4999828.070599999278784 ], [ 3707354.136100001633167, 4999986.260299999266863 ], [ 3707369.892700001597404, 5000132.384199999272823 ], [ 3707374.766000002622604, 5000177.578499998897314 ], [ 3707400.691200003027916, 5000222.651099998503923 ], [ 3707426.965499997138977, 5000268.330600000917912 ], [ 3707468.008699998259544, 5000317.936000000685453 ], [ 3707508.112000003457069, 5000366.405299998819828 ], [ 3707512.608400002121925, 5000374.033900000154972 ], [ 3707519.151000000536442, 5000385.134100001305342 ], [ 3707534.087899997830391, 5000410.476100001484156 ], [ 3707546.842200003564358, 5000432.115200001746416 ], [ 3707544.438199996948242, 5000503.219500001519918 ], [ 3707517.239399999380112, 5000548.805599998682737 ], [ 3707512.238200001418591, 5000557.187800001353025 ], [ 3707490.609899997711182, 5000593.437600001692772 ], [ 3707484.06139999628067, 5000604.413100000470877 ], [ 3707300.179399996995926, 5000758.521200001239777 ], [ 3707282.353799998760223, 5000773.747099999338388 ], [ 3707228.835600003600121, 5000819.46000000089407 ], [ 3707124.630199998617172, 5000908.4679000005126 ], [ 3707034.470399998128414, 5000978.649900000542402 ], [ 3707021.822200000286102, 5000988.49549999833107 ], [ 3707014.246500000357628, 5000994.3926 ], [ 3706925.006700001657009, 5001003.768300000578165 ], [ 3706924.486699998378754, 5001003.822900000959635 ], [ 3706918.583499997854233, 5001004.443199999630451 ], [ 3706918.574400000274181, 5001004.4441 ], [ 3706780.476099997758865, 5000982.646499998867512 ], [ 3706641.912600003182888, 5000940.017700001597404 ], [ 3706497.80179999768734, 5001005.784400001168251 ], [ 3706333.097999997437, 5001084.444600000977516 ], [ 3706316.73759999871254, 5001098.202399998903275 ], [ 3706206.280000001192093, 5001191.088899999856949 ], [ 3706183.528399996459484, 5001308.353199999779463 ], [ 3706183.528200000524521, 5001308.356499999761581 ], [ 3706217.0471, 5001499.386 ], [ 3706187.348800003528595, 5001578.282400000840425 ], [ 3706177.635300002992153, 5001604.08729999884963 ], [ 3706129.08669999986887, 5001655.344300001859665 ], [ 3705976.062899999320507, 5001700.458099998533726 ], [ 3705844.973800003528595, 5001760.638999998569489 ], [ 3705786.20160000026226, 5001787.620400000363588 ], [ 3705680.617299996316433, 5001911.174199998378754 ], [ 3705583.466700002551079, 5002034.05290000140667 ], [ 3705528.94030000269413, 5002197.723900001496077 ], [ 3705464.136200003325939, 5002278.156800001859665 ], [ 3705349.550899997353554, 5002376.5777000002563 ], [ 3705253.219999998807907, 5002536.690699998289347 ], [ 3705125.551100000739098, 5002785.455600000917912 ], [ 3705071.289200000464916, 5002961.537799999117851 ], [ 3705038.367799997329712, 5003065.399900000542402 ], [ 3705029.085299998521805, 5003094.68470000103116 ], [ 3705012.765000000596046, 5003146.173099998384714 ], [ 3705030.080700002610683, 5003324.228000000119209 ], [ 3705034.60700000077486, 5003370.770899999886751 ], [ 3705070.953699998557568, 5003616.615800000727177 ], [ 3705076.363200001418591, 5003653.20549999922514 ], [ 3705077.253499999642372, 5003659.227099999785423 ], [ 3705083.077500000596046, 5003698.620299998670816 ], [ 3705090.857500001788139, 5003848.502500001341105 ], [ 3705006.663800001144409, 5003996.940400000661612 ], [ 3704921.280100002884865, 5004090.240499999374151 ], [ 3704774.33839999884367, 5004231.113899998366833 ], [ 3704714.366400003433228, 5004328.330800000578165 ], [ 3704692.598999999463558, 5004422.777300000190735 ], [ 3704691.231799997389317, 5004428.709499999880791 ], [ 3704708.325599998235703, 5004640.4989 ], [ 3704785.035999998450279, 5004897.188799999654293 ], [ 3704778.245800003409386, 5004972.365299999713898 ], [ 3704762.784699998795986, 5005014.447999998927116 ], [ 3704788.345100000500679, 5005047.17509999871254 ], [ 3704940.254000000655651, 5005131.272900000214577 ], [ 3705108.93299999833107, 5005231.902399998158216 ], [ 3705259.890699997544289, 5005295.1554000005126 ], [ 3705354.069300003349781, 5005397.4298 ], [ 3705414.396300002932549, 5005474.272399999201298 ], [ 3705495.177599996328354, 5005577.1689000017941 ], [ 3705593.599399998784065, 5005691.772999998182058 ], [ 3705601.262800000607967, 5005858.552200000733137 ], [ 3705538.288400001823902, 5006022.429000001400709 ], [ 3705365.625100001692772, 5006305.007800001651049 ], [ 3705342.561999998986721, 5006385.01410000026226 ], [ 3705339.065499998629093, 5006609.689300000667572 ], [ 3705313.730099998414516, 5006689.078200001269579 ], [ 3705304.720799997448921, 5006717.309000000357628 ], [ 3705292.115099996328354, 5006756.809300001710653 ], [ 3705223.151399999856949, 5006828.896699998527765 ], [ 3705161.391599997878075, 5006868.019799999892712 ], [ 3705174.465300001204014, 5006897.050999999046326 ], [ 3705260.47070000320673, 5007011.927499998360872 ], [ 3705345.296400003135204, 5007072.665600001811981 ], [ 3705496.182800002396107, 5007131.9452 ], [ 3705547.795000001788139, 5007197.392200000584126 ], [ 3705748.479299999773502, 5007238.689100001007318 ], [ 3705816.604400001466274, 5007308.238699998706579 ], [ 3705912.119499996304512, 5007493.467599999159575 ], [ 3706032.236400000751019, 5007644.857099998742342 ], [ 3706192.474899999797344, 5007745.675500001758337 ], [ 3706272.399999998509884, 5007832.043400000780821 ], [ 3706286.662699997425079, 5007847.455899998545647 ], [ 3706449.764399997889996, 5007898.01969999819994 ], [ 3706692.818000003695488, 5007967.688099998980761 ], [ 3706768.825099997222424, 5008012.219700001180172 ], [ 3706765.845100000500679, 5008236.893300000578165 ], [ 3706741.418099999427795, 5008419.832400001585484 ], [ 3706740.688900001347065, 5008425.293400000780821 ], [ 3706655.291599996387959, 5008518.609700001776218 ], [ 3706619.4287, 5008526.059500001370907 ], [ 3706564.270599998533726, 5008537.5176 ], [ 3706490.1897, 5008580.896999999880791 ], [ 3706491.103699997067451, 5008622.120299998670816 ], [ 3706539.381399996578693, 5008737.832100000232458 ], [ 3706538.364799998700619, 5008801.036200001835823 ], [ 3706537.702299997210503, 5008842.227800000458956 ], [ 3706459.248700000345707, 5008889.670899998396635 ], [ 3706339.661499999463558, 5008942.519099999219179 ], [ 3706211.45380000025034, 5009005.84180000051856 ], [ 3706154.326800003647804, 5009034.057300001382828 ], [ 3706126.405599996447563, 5009044.094099998474121 ], [ 3706125.957299999892712, 5009044.255199998617172 ], [ 3706097.32379999756813, 5009054.548099998384714 ], [ 3706030.585100002586842, 5009078.538499999791384 ], [ 3705994.212899997830391, 5009106.342199999839067 ], [ 3705969.0016999989748, 5009125.61430000141263 ], [ 3705975.677199997007847, 5009225.350999999791384 ], [ 3706047.681699998676777, 5009290.342700000852346 ], [ 3706170.956299997866154, 5009404.408700000494719 ], [ 3706240.447499997913837, 5009536.051300000399351 ], [ 3706235.130999997258186, 5009677.798500001430511 ], [ 3706210.012299999594688, 5009845.34010000154376 ], [ 3706187.615000002086163, 5009979.000599998980761 ], [ 3706226.465000003576279, 5010028.333999998867512 ], [ 3706332.503499999642372, 5010126.383699998259544 ], [ 3706413.989900000393391, 5010216.018100000917912 ], [ 3706414.993500001728535, 5010261.714800000190735 ], [ 3706443.908500000834465, 5010423.585700001567602 ], [ 3706509.041400000452995, 5010559.811200000345707 ], [ 3706576.475199997425079, 5010673.539599999785423 ], [ 3706586.992600001394749, 5010691.277399998158216 ], [ 3706681.328699998557568, 5010822.863600000739098 ], [ 3706796.1554000005126, 5010914.6963 ], [ 3706863.95099999755621, 5010968.915800001472235 ], [ 3706906.813900001347065, 5011004.577599998563528 ], [ 3706929.688900001347065, 5011023.6096 ], [ 3707058.876299999654293, 5011131.093199998140335 ], [ 3707139.879699997603893, 5011220.737500000745058 ], [ 3707168.331399999558926, 5011361.745200000703335 ], [ 3707208.627599999308586, 5011498.51969999819994 ], [ 3707308.17620000243187, 5011663.294300001114607 ], [ 3707389.806800000369549, 5011787.907400000840425 ], [ 3707415.685500003397465, 5011827.412399999797344 ], [ 3707513.86259999871254, 5011929.606600001454353 ], [ 3707733.656300000846386, 5012070.359700001776218 ], [ 3707801.217399999499321, 5012114.585099998861551 ], [ 3707790.487999998033047, 5012171.419100001454353 ], [ 3707790.10080000013113, 5012173.469999998807907 ], [ 3707742.141199998557568, 5012274.428599998354912 ], [ 3707727.308899998664856, 5012345.327599998563528 ], [ 3707693.96339999884367, 5012527.416799999773502 ], [ 3707678.968500003218651, 5012609.299499999731779 ], [ 3707617.023699998855591, 5012639.489799998700619 ], [ 3707475.822700001299381, 5012659.508400000631809 ], [ 3707318.405199997127056, 5012687.844200000166893 ], [ 3707132.518899999558926, 5012754.565900001674891 ], [ 3706915.359200000762939, 5012755.386500000953674 ], [ 3706775.251500003039837, 5012825.087000001221895 ], [ 3706614.046700000762939, 5012914.3706 ], [ 3706610.77759999781847, 5012916.181200001388788 ], [ 3706597.327500000596046, 5012914.3706 ], [ 3706531.510899998247623, 5012905.510600000619888 ], [ 3706416.678999997675419, 5012791.257399998605251 ], [ 3706350.022600002586842, 5012734.438999999314547 ], [ 3706225.721100002527237, 5012628.483399998396635 ], [ 3705950.133500002324581, 5012413.908100001513958 ], [ 3705851.1338, 5012274.445300001651049 ], [ 3705801.48200000077486, 5012096.149999998509884 ], [ 3705801.481200002133846, 5012096.140099998563528 ], [ 3705778.341499999165535, 5011813.372299998998642 ], [ 3705731.413800001144409, 5011555.984099999070168 ], [ 3705596.188299998641014, 5011463.542399998754263 ], [ 3705512.552699998021126, 5011456.94310000166297 ], [ 3705404.8733000010252, 5011513.787500001490116 ], [ 3705364.198399998247623, 5011535.2599 ], [ 3705234.619800001382828, 5011666.641100000590086 ], [ 3705233.926600001752377, 5011667.343800000846386 ], [ 3705213.183499999344349, 5011685.074400000274181 ], [ 3705088.5608000010252, 5011791.598499998450279 ], [ 3704964.17960000038147, 5011897.916200000792742 ], [ 3704894.805200003087521, 5011953.188799999654293 ], [ 3704845.502400003373623, 5011992.469799999147654 ], [ 3704705.369199998676777, 5012116.95549999922514 ], [ 3704612.862700000405312, 5012199.13289999961853 ], [ 3704547.191100001335144, 5012257.471700001507998 ], [ 3704513.572700001299381, 5012298.585900001227856 ], [ 3704500.74099999666214, 5012314.2787000015378 ], [ 3704455.436999998986721, 5012369.683899998664856 ], [ 3704438.197200000286102, 5012390.767700001597404 ], [ 3704401.519799999892712, 5012435.622900001704693 ], [ 3704310.803300000727177, 5012491.782299999147654 ], [ 3704283.473800003528595, 5012558.983399998396635 ], [ 3704265.085600003600121, 5012671.716600000858307 ], [ 3704227.610399998724461, 5012754.949299998581409 ], [ 3704181.695200003683567, 5012856.927200000733137 ], [ 3704157.01410000026226, 5012918.220199998468161 ], [ 3704104.039899997413158, 5013049.776500001549721 ], [ 3704090.359099999070168, 5013191.813099998980761 ], [ 3704088.091600000858307, 5013215.355099998414516 ], [ 3704016.217299997806549, 5013376.943999998271465 ], [ 3703938.658299997448921, 5013478.161400001496077 ], [ 3703883.358199998736382, 5013550.3301 ], [ 3703784.537600003182888, 5013644.4496 ], [ 3703689.519900001585484, 5013707.510299999266863 ], [ 3703627.304899998009205, 5013748.800700001418591 ], [ 3703572.095399998128414, 5013755.61879999935627 ], [ 3703461.752400003373623, 5013769.24549999833107 ], [ 3703426.561200000345707, 5013773.591400001198053 ], [ 3703291.911399997770786, 5013775.311099998652935 ], [ 3703290.441799998283386, 5013775.329900000244379 ], [ 3703176.148100003600121, 5013776.789599999785423 ], [ 3703157.261600002646446, 5013777.030799999833107 ], [ 3703058.316699996590614, 5013775.2347999997437 ], [ 3702882.18299999833107, 5013720.953499998897314 ], [ 3702744.695200003683567, 5013673.591699998825788 ], [ 3702631.295100003480911, 5013634.52760000154376 ], [ 3702570.629299998283386, 5013608.967999998480082 ], [ 3702464.246799997985363, 5013564.147100001573563 ], [ 3702401.883199997246265, 5013523.725600000470877 ], [ 3702349.290200002491474, 5013489.6371 ], [ 3702295.253200002014637, 5013472.927200000733137 ], [ 3702266.1272, 5013480.511599998921156 ], [ 3702228.53320000320673, 5013490.301100000739098 ], [ 3702182.73480000346899, 5013508.703000001609325 ], [ 3702027.047600001096725, 5013571.258600000292063 ], [ 3701970.756300002336502, 5013571.166900001466274 ], [ 3701837.683899998664856, 5013570.950199998915195 ], [ 3701609.987400002777576, 5013522.271600000560284 ], [ 3701307.4912, 5013416.592199999839067 ], [ 3701185.241899996995926, 5013349.192499998956919 ], [ 3701130.880800001323223, 5013290.4375 ], [ 3701114.511100001633167, 5013272.744699999690056 ], [ 3701076.51969999819994, 5013231.682500001043081 ], [ 3701041.267899997532368, 5013165.231800001114607 ], [ 3701017.358599998056889, 5013120.162200000137091 ], [ 3700975.548500001430511, 5013059.008299998939037 ], [ 3700960.92849999666214, 5013047.369199998676777 ], [ 3700936.149999998509884, 5013027.642799999564886 ], [ 3700843.849500000476837, 5012988.418099999427795 ], [ 3700692.732299998402596, 5012941.53319999948144 ], [ 3700592.972900003194809, 5012947.699700001627207 ], [ 3700498.007299996912479, 5012991.5287000015378 ], [ 3700427.019299998879433, 5012972.209899999201298 ], [ 3700322.975500002503395, 5012986.921 ], [ 3700197.74099999666214, 5012964.811599999666214 ], [ 3699910.350000001490116, 5012958.684000000357628 ], [ 3699656.88910000026226, 5012981.129000000655651 ], [ 3699457.246399998664856, 5013010.349300000816584 ], [ 3699280.639899998903275, 5013114.508000001311302 ], [ 3699247.334200002253056, 5013160.853799998760223 ], [ 3699140.686499997973442, 5013256.691500000655651 ], [ 3699065.968999996781349, 5013369.949099998921156 ], [ 3698960.071099996566772, 5013420.307300001382828 ], [ 3698880.479800000786781, 5013478.897100001573563 ], [ 3698809.959100000560284, 5013542.734999999403954 ], [ 3698714.816699996590614, 5013656.388799998909235 ], [ 3698628.042000003159046, 5013808.588799998164177 ], [ 3698559.63570000231266, 5013877.8429000005126 ], [ 3698413.913199998438358, 5013996.684399999678135 ], [ 3698305.428099997341633, 5014134.502300001680851 ], [ 3698202.151199996471405, 5014261.759100001305342 ], [ 3698093.451099999248981, 5014329.017200000584126 ], [ 3697996.682899996638298, 5014356.223900001496077 ], [ 3697890.745399996638298, 5014415.444499999284744 ], [ 3697875.423500001430511, 5014459.549699999392033 ], [ 3697877.777800001204014, 5014556.41270000115037 ], [ 3697874.191299997270107, 5014695.675000000745058 ], [ 3697884.327399998903275, 5014785.883000001311302 ], [ 3697922.557199999690056, 5014865.473900001496077 ], [ 3698007.2550999969244, 5014976.744199998676777 ], [ 3698010.444799996912479, 5015026.379299998283386 ], [ 3697999.497500002384186, 5015107.660100001841784 ], [ 3698007.45830000191927, 5015148.720499999821186 ], [ 3698036.267300002276897, 5015189.289000000804663 ], [ 3698045.333800002932549, 5015214.898299999535084 ], [ 3698042.663900002837181, 5015248.265700001269579 ], [ 3697878.911700002849102, 5015402.839899998158216 ], [ 3697836.938000001013279, 5015496.298000000417233 ], [ 3697831.711999997496605, 5015588.382800001651049 ], [ 3697812.476899996399879, 5015717.589400000870228 ], [ 3697770.340300001204014, 5015783.731300000101328 ], [ 3697686.659100003540516, 5015837.94990000128746 ], [ 3697572.123800002038479, 5015931.671700000762939 ], [ 3697506.590400002896786, 5016016.768500000238419 ], [ 3697500.319300003349781, 5016065.62779999896884 ], [ 3697491.866499997675419, 5016188.617899999022484 ], [ 3697499.725900001823902, 5016328.584699999541044 ], [ 3697524.852600000798702, 5016442.301300000399351 ], [ 3697544.312399998307228, 5016568.578000001609325 ], [ 3697540.92119999974966, 5016674.537999998778105 ], [ 3697494.241899996995926, 5016738.295899998396635 ], [ 3697378.906499996781349, 5016798.749000001698732 ], [ 3697218.271600000560284, 5016836.445900000631809 ], [ 3697118.039399996399879, 5016881.267400000244379 ], [ 3697085.165700003504753, 5016902.290600001811981 ], [ 3697122.756899997591972, 5016959.063999999314547 ], [ 3697154.879799999296665, 5017031.393399998545647 ], [ 3697162.92119999974966, 5017135.716099999845028 ], [ 3697162.904100000858307, 5017177.772900000214577 ], [ 3697168.886799998581409, 5017218.874800000339746 ], [ 3697175.876299999654293, 5017245.53319999948144 ], [ 3697220.992700003087521, 5017314.670200001448393 ], [ 3697295.842399999499321, 5017473.798900000751019 ], [ 3697291.736599996685982, 5017570.817699998617172 ], [ 3697264.16889999806881, 5017623.192600000649691 ], [ 3697189.534400001168251, 5017681.648800000548363 ], [ 3697173.384900003671646, 5017733.2511 ], [ 3697183.422600001096725, 5017818.99439999833703 ], [ 3697206.162799999117851, 5017895.986099999397993 ], [ 3697253.093999996781349, 5018006.691100001335144 ], [ 3697295.2971, 5018108.065099999308586 ], [ 3697313.285700000822544, 5018194.11939999833703 ], [ 3697298.992700003087521, 5018301.353700000792742 ], [ 3697312.882299996912479, 5018361.151399999856949 ], [ 3697349.491099998354912, 5018415.936500001698732 ], [ 3697445.949199996888638, 5018499.0962999984622 ], [ 3697520.351700000464916, 5018553.958299998193979 ], [ 3697531.0641999989748, 5018606.402399998158216 ], [ 3697530.868299998342991, 5018639.206900000572205 ], [ 3697511.003700003027916, 5018680.941500000655651 ], [ 3697478.831000000238419, 5018748.333299998193979 ], [ 3697427.225599996745586, 5018834.085999999195337 ], [ 3697350.377099998295307, 5018924.434900000691414 ], [ 3697273.433600001037121, 5018990.416200000792742 ], [ 3697260.403099998831749, 5019047.407200001180172 ], [ 3697222.238399997353554, 5019154.708999998867512 ], [ 3697196.215999998152256, 5019270.669599998742342 ], [ 3697199.604699999094009, 5019410.7665 ], [ 3697221.869000002741814, 5019488.7652000002563 ], [ 3697242.461400002241135, 5019578.7379 ], [ 3697224.2051, 5019626.407999999821186 ], [ 3697208.536499999463558, 5019656.118900001049042 ], [ 3697134.980800002813339, 5019718.534499999135733 ], [ 3697002.39299999922514, 5019827.139800000935793 ], [ 3696949.72240000218153, 5019909.932799998670816 ], [ 3696926.014899998903275, 5019977.6162 ], [ 3696934.420400001108646, 5020078.321800000965595 ], [ 3696968.095299996435642, 5020196.3158 ], [ 3697010.306199997663498, 5020317.571600001305342 ], [ 3696994.835299998521805, 5020397.492199998348951 ], [ 3696972.9425999969244, 5020437.7972999997437 ], [ 3696890.83110000193119, 5020577.472199998795986 ], [ 3696820.571999996900558, 5020694.02419999986887 ], [ 3696758.724200002849102, 5020787.977800000458956 ], [ 3696733.51070000231266, 5020876.07660000026226 ], [ 3696717.20830000191927, 5020982.364100001752377 ], [ 3696677.273599997162819, 5021078.768899999558926 ], [ 3696616.4441, 5021194.57880000025034 ], [ 3696553.069899998605251, 5021266.708299998193979 ], [ 3696459.648500002920628, 5021350.499099999666214 ], [ 3696438.047499999403954, 5021387.587699998170137 ], [ 3696436.741099998354912, 5021389.830699998885393 ], [ 3696439.2412, 5021452.404899999499321 ], [ 3696442.78490000218153, 5021515.952500000596046 ], [ 3696425.235399998724461, 5021551.18129999935627 ], [ 3696393.067800000309944, 5021619.054999999701977 ], [ 3696355.75, 5021700.006999999284744 ], [ 3696326.958700001239777, 5021824.481899999082088 ], [ 3696277.974799998104572, 5021937.026900000870228 ], [ 3696243.622299998998642, 5021955.256299998611212 ], [ 3696178.601999998092651, 5021959.813299998641014 ], [ 3696120.239, 5021971.66609999909997 ], [ 3696065.615299999713898, 5022015.244600001722574 ], [ 3695968.161499999463558, 5022117.531500000506639 ], [ 3695860.211800001561642, 5022176.313700001686811 ], [ 3695759.411100000143051, 5022181.736299999058247 ], [ 3695651.751800000667572, 5022149.040399998426437 ], [ 3695511.250299997627735, 5022095.266600001603365 ], [ 3695362.207999996840954, 5022016.841499999165535 ], [ 3695217.663500003516674, 5021919.414700001478195 ], [ 3695130.822999998927116, 5021863.844000000506639 ], [ 3695010.88910000026226, 5021837.911899998784065 ], [ 3694922.915500000119209, 5021859.425900001078844 ], [ 3694805.730499997735023, 5021885.6228 ], [ 3694689.761200003325939, 5021899.862700000405312 ], [ 3694577.393399998545647, 5021899.593699999153614 ], [ 3694495.04389999806881, 5021886.660799998790026 ], [ 3694391.56870000064373, 5021862.828200001269579 ], [ 3694306.842699997127056, 5021854.426300000399351 ], [ 3694259.558600001037121, 5021871.964000001549721 ], [ 3694212.475100003182888, 5021919.339000001549721 ], [ 3694148.907700002193451, 5021983.505199998617172 ], [ 3694052.7324, 5022077.300299998372793 ], [ 3693985.18129999935627, 5022100.308899998664856 ], [ 3693859.78830000013113, 5022115.7665 ], [ 3693777.695600003004074, 5022174.918200001120567 ], [ 3693707.788199998438358, 5022265.092799998819828 ], [ 3693643.51630000025034, 5022321.328099999576807 ], [ 3693539.036700002849102, 5022359.144000001251698 ], [ 3693452.977700002491474, 5022418.403299998492002 ], [ 3693368.892899997532368, 5022518.860800001770258 ], [ 3693185.502700001001358, 5022727.095899999141693 ], [ 3693107.563299998641014, 5022813.988499999046326 ], [ 3693026.451300002634525, 5022872.603500001132488 ], [ 3692914.708400003612041, 5022898.181400001049042 ], [ 3692829.345899999141693, 5022945.474199999123812 ], [ 3692772.078100003302097, 5023003.032900001853704 ], [ 3692659.082099996507168, 5023059.461100000888109 ], [ 3692524.051700003445148, 5023108.934099998325109 ], [ 3692436.724200002849102, 5023115.017000000923872 ], [ 3692349.210199996829033, 5023114.650299999862909 ], [ 3692246.5603, 5023166.826699998229742 ], [ 3692155.38849999755621, 5023282.368999999016523 ], [ 3692066.034699998795986, 5023370.529699999839067 ], [ 3691988.587899997830391, 5023457.402100000530481 ], [ 3691983.085699997842312, 5023476.44370000064373 ], [ 3691987.844700001180172, 5023509.125999998301268 ], [ 3691999.453299999237061, 5023599.339499998837709 ], [ 3692036.353299997746944, 5023727.688700001686811 ], [ 3692056.717699997127056, 5023850.506299998611212 ], [ 3692087.18469999730587, 5023959.641399998217821 ], [ 3692114.1897, 5024049.473799999803305 ], [ 3692151.0691, 5024155.469700001180172 ], [ 3692136.681199997663498, 5024260.217399999499321 ], [ 3692092.946199998259544, 5024323.418600000441074 ], [ 3691998.054700002074242, 5024407.732500001788139 ], [ 3691858.47919999808073, 5024537.376800000667572 ], [ 3691754.45719999819994, 5024635.832600001245737 ], [ 3691611.777699999511242, 5024739.194899998605251 ], [ 3691455.237999998033047, 5024824.999200001358986 ], [ 3691316.0088, 5024865.145799998193979 ], [ 3691186.142700001597404, 5024902.5625 ], [ 3691039.078699998557568, 5025029.906100001186132 ], [ 3690942.302000001072884, 5025119.726300001144409 ], [ 3690884.476700000464916, 5025217.075599998235703 ], [ 3690868.030799999833107, 5025339.269499998539686 ], [ 3690886.93860000371933, 5025443.734700001776218 ], [ 3690924.961499996483326, 5025597.925700001418591 ], [ 3690931.707900002598763, 5025713.092099998146296 ], [ 3690908.126500003039837, 5025890.183600001037121 ], [ 3690879.9949000030756, 5026002.217000000178814 ], [ 3690819.06870000064373, 5026094.169700000435114 ], [ 3690707.760799996554852, 5026200.25899999961257 ], [ 3690580.781300000846386, 5026294.801300000399351 ], [ 3690480.171099998056889, 5026391.183299999684095 ], [ 3690389.140799999237061, 5026492.807100001722574 ], [ 3690301.955200001597404, 5026651.0121 ], [ 3690276.620099999010563, 5026775.92119999974966 ], [ 3690276.214100003242493, 5026903.712900001555681 ], [ 3690302.4628000035882, 5027044.278599999845028 ], [ 3690342.505000002682209, 5027117.404699999839067 ], [ 3690354.079899996519089, 5027185.241900000721216 ], [ 3690358.201700001955032, 5027274.1402000002563 ], [ 3690347.224799998104572, 5027334.066199999302626 ], [ 3690337.483800001442432, 5027385.008099999278784 ], [ 3690301.29389999806881, 5027430.133299998939037 ], [ 3690278.552699998021126, 5027476.9243 ], [ 3690299.347499996423721, 5027555.958599999547005 ], [ 3690332.933399997651577, 5027671.5099 ], [ 3690345.85700000077486, 5027774.109999999403954 ], [ 3690331.109899997711182, 5027843.091600000858307 ], [ 3690311.991099998354912, 5027957.907699998468161 ], [ 3690311.467000000178814, 5027960.899500001221895 ], [ 3690290.124799996614456, 5028082.733600001782179 ], [ 3690247.97919999808073, 5028128.991300001740456 ], [ 3690162.135499998927116, 5028198.673000000417233 ], [ 3689995.304999999701977, 5028373.226700000464916 ], [ 3689907.912799999117851, 5028460.850299999117851 ], [ 3689755.925800003111362, 5028571.392700001597404 ], [ 3689641.16780000180006, 5028679.066300000995398 ], [ 3689515.987300001084805, 5028745.719700001180172 ], [ 3689425.209499999880791, 5028817.009500000625849 ], [ 3689340.634199999272823, 5028938.870200000703335 ], [ 3689285.548600003123283, 5029047.094700001180172 ], [ 3689237.887500002980232, 5029132.766100000590086 ], [ 3689216.240500003099442, 5029246.153900001198053 ], [ 3689203.696900002658367, 5029365.788400001823902 ], [ 3689204.184199996292591, 5029489.583700001239777 ], [ 3689213.257600001990795, 5029558.193900000303984 ], [ 3689215.720899999141693, 5029576.820999998599291 ], [ 3689207.082000002264977, 5029652.111200001090765 ], [ 3689181.930699996650219, 5029702.43299999833107 ], [ 3689162.679999999701977, 5029739.192200001329184 ], [ 3689143.429300002753735, 5029775.951499998569489 ], [ 3689117.520499996840954, 5029856.633000001311302 ], [ 3689092.360600002110004, 5029927.334399998188019 ], [ 3688991.672799997031689, 5030061.528799999505281 ], [ 3688950.442299999296665, 5030146.052000001072884 ], [ 3688962.774499997496605, 5030183.555399999022484 ], [ 3689039.316699996590614, 5030244.356899999082088 ], [ 3689114.445000000298023, 5030287.8004 ], [ 3689133.560599997639656, 5030317.183800000697374 ], [ 3689106.810199998319149, 5030363.072200000286102 ], [ 3689030.309000000357628, 5030469.820799998939037 ], [ 3688924.444499999284744, 5030617.058899998664856 ], [ 3688837.425700001418591, 5030720.582699999213219 ], [ 3688698.841099999845028, 5030872.0929000005126 ], [ 3688567.346699997782707, 5030966.23369999974966 ], [ 3688585.691299997270107, 5030984.194899998605251 ], [ 3688713.590000003576279, 5031051.730700001120567 ], [ 3688844.901199996471405, 5031115.220199998468161 ], [ 3688943.036799997091293, 5031205.349199999123812 ], [ 3688987.79169999808073, 5031309.1963 ], [ 3689028.697700001299381, 5031418.111999999731779 ], [ 3689036.361000001430511, 5031571.572999998927116 ], [ 3689033.366300001740456, 5031654.206500001251698 ], [ 3688988.6841000020504, 5031739.805799998342991 ], [ 3688937.793399997055531, 5031836.985599998384714 ], [ 3688882.739500001072884, 5031904.44709999859333 ], [ 3688813.285599999129772, 5031931.967700000852346 ], [ 3688774.954599998891354, 5031971.679200001060963 ], [ 3688622.775499999523163, 5032095.650800000876188 ], [ 3688482.036499999463558, 5032323.299899999052286 ], [ 3688416.974500000476837, 5032450.667399998754263 ], [ 3688368.658399999141693, 5032592.557799998670816 ], [ 3688345.760200001299381, 5032695.059099998325109 ], [ 3688324.804200001060963, 5032858.655600000172853 ], [ 3688324.368000000715256, 5032861.894999999552965 ], [ 3688305.387800000607967, 5033002.835999999195337 ], [ 3688337.871799997985363, 5033112.927099999040365 ], [ 3688378.654799997806549, 5033258.167199999094009 ], [ 3688379.462499998509884, 5033374.519400000572205 ], [ 3688325.965300001204014, 5033466.790699999779463 ], [ 3688267.275499999523163, 5033590.526099998503923 ], [ 3688289.572700001299381, 5033670.550299998372793 ], [ 3688343.735699996352196, 5033772.688900001347065 ], [ 3688343.649499997496605, 5033789.60530000180006 ], [ 3688343.563299998641014, 5033806.521800000220537 ], [ 3688320.957699999213219, 5033829.815099999308586 ], [ 3688306.660199999809265, 5033844.547600001096725 ], [ 3688288.240599997341633, 5033863.527699999511242 ], [ 3688205.372900001704693, 5033933.138900000602007 ], [ 3688110.245099999010563, 5034030.911800000816584 ], [ 3688002.66669999808073, 5034107.572299998253584 ], [ 3687902.24099999666214, 5034128.3882 ], [ 3687811.86540000140667, 5034175.815200001001358 ], [ 3687747.963699996471405, 5034227.567699998617172 ], [ 3687670.366700001060963, 5034289.087900001555681 ], [ 3687574.600199997425079, 5034339.624099999666214 ], [ 3687512.0996999964118, 5034346.099399998784065 ], [ 3687405.500500001013279, 5034338.706000000238419 ], [ 3687309.634999997913837, 5034363.877999998629093 ], [ 3687199.810500003397465, 5034387.890599999576807 ], [ 3687125.241099998354912, 5034368.291299998760223 ], [ 3687073.86089999973774, 5034340.678199999034405 ], [ 3686952.152999997138977, 5034325.193399999290705 ], [ 3686903.472599998116493, 5034286.078299999237061 ], [ 3686829.251900002360344, 5034176.95719999819994 ], [ 3686760.947700001299381, 5034045.319899998605251 ], [ 3686715.844099998474121, 5033926.568 ], [ 3686671.685900002717972, 5033847.546399999409914 ], [ 3686582.788400001823902, 5033789.999600000679493 ], [ 3686472.730099998414516, 5033721.039200000464916 ], [ 3686321.936800003051758, 5033612.260899998247623 ], [ 3686190.521600000560284, 5033502.506799999624491 ], [ 3686066.554799996316433, 5033434.364500001072884 ], [ 3686018.988099999725819, 5033441.470400001853704 ], [ 3685967.181100003421307, 5033458.118500001728535 ], [ 3685845.330399997532368, 5033499.340700000524521 ], [ 3685741.656999997794628, 5033510.25730000063777 ], [ 3685676.0088, 5033488.949000000953674 ], [ 3685614.679399996995926, 5033419.811200000345707 ], [ 3685529.663800001144409, 5033358.187899999320507 ], [ 3685446.842500001192093, 5033284.097800001502037 ], [ 3685348.268500000238419, 5033217.317899998277426 ], [ 3685274.502700001001358, 5033147.477400001138449 ], [ 3685160.295199997723103, 5033071.124699998646975 ], [ 3685091.355599999427795, 5032974.820999998599291 ], [ 3685032.387500002980232, 5032878.760200001299381 ], [ 3684988.681400001049042, 5032860.912799999117851 ], [ 3684925.510300002992153, 5032859.438499998301268 ], [ 3684799.332299999892712, 5032865.429699998348951 ], [ 3684640.443000003695488, 5032875.190900001674891 ], [ 3684509.87950000166893, 5032884.290100000798702 ], [ 3684396.860500000417233, 5032878.524700000882149 ], [ 3684281.511799998581409, 5032879.279699999839067 ], [ 3684181.066100001335144, 5032900.085299998521805 ], [ 3684100.816500000655651, 5032912.937800001353025 ], [ 3684020.129199996590614, 5032907.904500000178814 ], [ 3683963.9265, 5032907.248100001364946 ], [ 3683953.650399997830391, 5032955.730099998414516 ], [ 3683925.036899998784065, 5033048.902699999511242 ], [ 3683850.132700003683567, 5033161.089999999850988 ], [ 3683700.194200001657009, 5033254.177499998360872 ], [ 3683613.545299999415874, 5033332.326299998909235 ], [ 3683610.0337999984622, 5033372.689800001680851 ], [ 3683628.838200002908707, 5033494.065200001001358 ], [ 3683656.607299998402596, 5033677.89299999922514 ], [ 3683698.689300000667572, 5033795.732900001108646 ], [ 3683722.983300000429153, 5033917.5 ], [ 3683744.438500002026558, 5034066.667700000107288 ], [ 3683785.79110000282526, 5034174.58559999987483 ], [ 3683825.905599996447563, 5034292.474700000137091 ], [ 3683815.724299997091293, 5034386.714099999517202 ], [ 3683780.004299998283386, 5034473.095100000500679 ], [ 3683730.802100002765656, 5034579.206199999898672 ], [ 3683683.530900001525879, 5034660.888599999248981 ], [ 3683612.863200001418591, 5034763.5185999982059 ], [ 3683568.769000001251698, 5034854.092500001192093 ], [ 3683577.087200000882149, 5034952.34010000154376 ], [ 3683579.7324, 5035063.182500001043081 ], [ 3683574.023299999535084, 5035178.196800000965595 ], [ 3683515.020400002598763, 5035331.283399999141693 ], [ 3683498.48309999704361, 5035409.7533 ], [ 3683498.78660000115633, 5035547.998799998313189 ], [ 3683499.274800002574921, 5035693.6919 ], [ 3683530.304700002074242, 5035826.724300000816584 ], [ 3683545.886799998581409, 5035916.8651 ], [ 3683532.023299999535084, 5035940.561900001019239 ], [ 3683496.390600003302097, 5036010.551300000399351 ], [ 3683432.612999998033047, 5036109.5489999987185 ], [ 3683363.628200002014637, 5036220.098400000482798 ], [ 3683303.289599999785423, 5036338.407900001853704 ], [ 3683258.027800001204014, 5036505.089299999177456 ], [ 3683178.938199996948242, 5036691.977200001478195 ], [ 3683124.35869999974966, 5036822.581199999898672 ], [ 3683045.504199996590614, 5036977.642400000244379 ], [ 3682991.627400003373623, 5037075.395300000905991 ], [ 3682924.717699997127056, 5037168.497400000691414 ], [ 3682902.5641999989748, 5037240.136399999260902 ], [ 3682921.410700000822544, 5037342.642900001257658 ], [ 3682929.947400003671646, 5037387.700800001621246 ], [ 3682894.631499998271465, 5037345.770300000905991 ], [ 3682851.48929999768734, 5037288.114599999040365 ], [ 3682748.580899998545647, 5037206.512899998575449 ], [ 3682630.978299997746944, 5037175.991399999707937 ], [ 3682512.373599998652935, 5037124.110500000417233 ], [ 3682411.973600000143051, 5037022.055700000375509 ], [ 3682359.208200000226498, 5036998.957400001585484 ], [ 3682306.625200003385544, 5037004.187300000339746 ], [ 3682191.365800000727177, 5037051.193599998950958 ], [ 3682099.125299997627735, 5037062.33729999884963 ], [ 3681944.160599999129772, 5037008.346000000834465 ], [ 3681823.587600000202656, 5036957.496100001037121 ], [ 3681749.159199997782707, 5037047.787300001829863 ], [ 3681627.098700001835823, 5037143.689500000327826 ], [ 3681501.494699999690056, 5037194.426100000739098 ], [ 3681394.287399999797344, 5037224.322200000286102 ], [ 3681323.26969999819994, 5037228.506099998950958 ], [ 3681285.77759999781847, 5037220.937399998307228 ], [ 3681197.184500001370907, 5037217.075399998575449 ], [ 3681089.817100003361702, 5037198.74549999833107 ], [ 3681047.871799997985363, 5037254.433200001716614 ], [ 3681010.729099996387959, 5037344.846200000494719 ], [ 3680929.361199997365475, 5037478.576099999248981 ], [ 3680828.880000002682209, 5037581.927099999040365 ], [ 3680717.874099999666214, 5037724.32039999961853 ], [ 3680640.718000002205372, 5037762.943500000983477 ], [ 3680521.634099997580051, 5037795.614900000393391 ], [ 3680445.249399997293949, 5037825.279399998486042 ], [ 3680364.942100003361702, 5037878.408399999141693 ], [ 3680300.971100002527237, 5037949.057799998670816 ], [ 3680300.809900000691414, 5037984.367600001394749 ], [ 3680301.492600001394749, 5038054.480000000447035 ], [ 3680274.386900000274181, 5038085.964699998497963 ], [ 3680213.617700003087521, 5038123.712699998170137 ], [ 3680152.941600002348423, 5038186.807599999010563 ], [ 3680127.527699999511242, 5038247.59739999845624 ], [ 3680090.281900003552437, 5038354.418999999761581 ], [ 3680021.18299999833107, 5038481.3871 ], [ 3679974.7162000015378, 5038576.997099999338388 ], [ 3679925.936599999666214, 5038680.103500001132488 ], [ 3679895.733999997377396, 5038748.458099998533726 ], [ 3679848.752400003373623, 5038823.186999998986721 ], [ 3679843.977700002491474, 5038873.0320999994874 ], [ 3679831.222300000488758, 5039027.015000000596046 ], [ 3679826.792900003492832, 5039112.659000001847744 ], [ 3679795.149700000882149, 5039162.647300001233816 ], [ 3679764.975500002503395, 5039232.494699999690056 ], [ 3679722.348899997770786, 5039259.375900000333786 ], [ 3679698.560599997639656, 5039262.920899998396635 ], [ 3679669.684199996292591, 5039261.619800001382828 ], [ 3679652.067900002002716, 5039253.5647 ], [ 3679619.156900003552437, 5039249.396699998527765 ], [ 3679568.451499998569489, 5039250.587699998170137 ], [ 3679540.860399998724461, 5039261.199999999254942 ], [ 3679453.452299997210503, 5039308.527399998158216 ], [ 3679363.938799999654293, 5039350.931099999696016 ], [ 3679312.336199998855591, 5039356.138599999248981 ], [ 3679211.820100001990795, 5039374.937600001692772 ], [ 3679143.273599997162819, 5039378.552700001746416 ], [ 3679128.180100001394749, 5039391.847600001841784 ], [ 3679130.25789999961853, 5039438.039500001817942 ], [ 3679119.153899997472763, 5039494.007199998944998 ], [ 3679091.080799996852875, 5039526.506099998950958 ], [ 3679014.471100002527237, 5039589.004799999296665 ], [ 3678974.770700000226498, 5039655.594500001519918 ], [ 3678943.865599997341633, 5039715.01969999819994 ], [ 3678935.537100002169609, 5039783.848099999129772 ], [ 3678918.640500001609325, 5039846.912399999797344 ], [ 3678885.745800003409386, 5039907.381700001657009 ], [ 3678846.991400003433228, 5039971.973700001835823 ], [ 3678820.969800002872944, 5040028.280699998140335 ], [ 3678810.194499999284744, 5040098.171500001102686 ], [ 3678788.560900002717972, 5040150.901799999177456 ], [ 3678752.73650000244379, 5040233.803100001066923 ], [ 3678728.681800000369549, 5040309.990200001746416 ], [ 3678718.8716000020504, 5040378.360399998724461 ], [ 3678717.900700002908707, 5040463.93129999935627 ], [ 3678700.190399996936321, 5040493.195900000631809 ], [ 3678677.541299998760223, 5040502.189899999648333 ], [ 3678598.478500001132488, 5040524.443500000983477 ], [ 3678543.858499996364117, 5040549.129099998623133 ], [ 3678474.746299996972084, 5040592.043099999427795 ], [ 3678390.384900003671646, 5040641.78830000013113 ], [ 3678305.607100002467632, 5040674.638300001621246 ], [ 3678194.663699999451637, 5040694.6721 ], [ 3678108.1858000010252, 5040696.721599999815226 ], [ 3678021.514300003647804, 5040691.32319999858737 ], [ 3677961.855999998748302, 5040692.715199999511242 ], [ 3677919.892499998211861, 5040706.171700000762939 ], [ 3677905.193199999630451, 5040735.835200000554323 ], [ 3677845.181199997663498, 5040806.410399999469519 ], [ 3677734.469400003552437, 5040835.890000000596046 ], [ 3677612.007700003683567, 5040873.61540000140667 ], [ 3677586.625699996948242, 5040935.870299998670816 ], [ 3677508.829599998891354, 5041053.12220000103116 ], [ 3677320.948299996554852, 5041210.011399999260902 ], [ 3677304.767200000584126, 5041257.949299998581409 ], [ 3677293.4662000015378, 5041305.446400001645088 ], [ 3677291.092000000178814, 5041373.645300000905991 ], [ 3677292.362499997019768, 5041405.945999998599291 ], [ 3677301.125399999320507, 5041460.945799998939037 ], [ 3677312.277800001204014, 5041511.910000000149012 ], [ 3677316.048199996352196, 5041524.254099998623133 ], [ 3677319.234899997711182, 5041532.639499999582767 ], [ 3677331.989600002765656, 5041567.146299999207258 ], [ 3677354.617499999701977, 5041619.839200001209974 ], [ 3677350.563000001013279, 5041658.730200000107288 ], [ 3677315.346799999475479, 5041977.882199998944998 ], [ 3677247.318099997937679, 5042360.9901 ], [ 3677097.814400002360344, 5042664.456000000238419 ], [ 3676948.187600001692772, 5042899.29280000180006 ], [ 3676886.470299996435642, 5042981.823699999600649 ], [ 3676834.939499996602535, 5043032.288699999451637 ], [ 3676753.872000001370907, 5043095.88060000166297 ], [ 3676720.4353, 5043112.09739999845624 ], [ 3676688.958099998533726, 5043127.261500000953674 ], [ 3676648.204499997198582, 5043160.6886 ], [ 3676635.283100001513958, 5043171.310499999672174 ], [ 3676581.561200000345707, 5043198.2195999994874 ], [ 3676545.583099998533726, 5043195.881299998611212 ], [ 3676402.255300000309944, 5043168.73589999973774 ], [ 3676401.758000001311302, 5043168.74549999833107 ], [ 3676341.114500001072884, 5043132.525800000876188 ], [ 3676340.627099998295307, 5043132.535000000149012 ], [ 3676253.02419999986887, 5043111.440699998289347 ], [ 3676193.025200001895428, 5043118.965599998831749 ], [ 3676076.16669999808073, 5043139.426300000399351 ], [ 3675995.979400001466274, 5043135.540100000798702 ], [ 3675995.482500001788139, 5043135.559599999338388 ], [ 3675898.082500003278255, 5043158.490299999713898 ], [ 3675898.101899996399879, 5043158.987199999392033 ], [ 3675842.140900000929832, 5043206.698699999600649 ], [ 3675717.147900000214577, 5043335.306200001388788 ], [ 3675411.410400003194809, 5043648.198399998247623 ], [ 3675273.462999999523163, 5043795.044399999082088 ], [ 3675102.842699997127056, 5043948.221099998801947 ], [ 3675102.345200002193451, 5043948.230700001120567 ], [ 3674980.253100000321865, 5044073.778000000864267 ], [ 3674793.077100001275539, 5044221.422899998724461 ], [ 3674792.579599998891354, 5044221.432399999350309 ], [ 3674743.418099999427795, 5044281.907699998468161 ], [ 3674742.930299997329712, 5044282.414700001478195 ], [ 3674647.703400000929832, 5044293.351599998772144 ], [ 3674511.354900002479553, 5044291.418400000780821 ], [ 3674325.437700003385544, 5044296.249000001698732 ], [ 3674091.854099996387959, 5044343.117600001394749 ], [ 3674002.250100001692772, 5044359.864799998700619 ], [ 3673902.2483000010252, 5044397.288100000470877 ], [ 3673901.760499998927116, 5044397.795000001788139 ], [ 3673832.147399999201298, 5044437.410199999809265 ], [ 3673743.760200001299381, 5044500.897300001233816 ], [ 3673663.859399996697903, 5044584.558600001037121 ], [ 3673604.533299997448921, 5044617.936200000345707 ], [ 3673564.531700000166893, 5044648.315600000321865 ], [ 3673564.034599997103214, 5044648.335099998861551 ], [ 3673507.812899999320507, 5044667.215799998492002 ], [ 3673507.315099999308586, 5044667.215399999171495 ], [ 3673418.627300001680851, 5044719.265700001269579 ], [ 3673375.709899999201298, 5044752.218299999833107 ], [ 3673252.185000002384186, 5044841.980999998748302 ], [ 3673190.4824, 5044898.796100001782179 ], [ 3673018.950499996542931, 5045017.171300001442432 ], [ 3672922.791500002145767, 5045107.214099999517202 ], [ 3672856.646499998867512, 5045184.551699999719858 ], [ 3672856.656000003218651, 5045185.049100000411272 ], [ 3672837.043799996376038, 5045272.607599999755621 ], [ 3672820.647100001573563, 5045369.049600001424551 ], [ 3672820.656700000166893, 5045369.546900000423193 ], [ 3672822.990800000727177, 5045459.520399998873472 ], [ 3672823.000399999320507, 5045460.017799999564886 ], [ 3672846.71679999679327, 5045549.441500000655651 ], [ 3672847.214199997484684, 5045549.43189999833703 ], [ 3672873.393399998545647, 5045618.898499999195337 ], [ 3672937.696999996900558, 5045681.394299998879433 ], [ 3672988.4978, 5045741.263999998569489 ], [ 3673037.145599998533726, 5045833.035300001502037 ], [ 3673128.170100003480911, 5045985.8733000010252 ], [ 3673165.545900002121925, 5046046.100600000470877 ], [ 3673225.36540000140667, 5046146.523499999195337 ], [ 3673276.167499996721745, 5046206.393399998545647 ], [ 3673276.187100000679493, 5046206.8904 ], [ 3673339.730200000107288, 5046240.067600000649691 ], [ 3673400.787000000476837, 5046273.302499998360872 ], [ 3673438.800800003111362, 5046281.268500000238419 ], [ 3673439.307700000703335, 5046281.756400000303984 ], [ 3673456.528399996459484, 5046312.649399999529123 ], [ 3673456.538000002503395, 5046313.146800000220537 ], [ 3673462.818599998950958, 5046344.31980000063777 ], [ 3673462.838100001215935, 5046344.816799998283386 ], [ 3673442.165399998426437, 5046391.622299998998642 ], [ 3673442.174900002777576, 5046392.119699999690056 ], [ 3673403.522699996829033, 5046474.704100001603365 ], [ 3673403.025700002908707, 5046474.723600000143051 ], [ 3673346.162900000810623, 5046583.648299999535084 ], [ 3673346.172399997711182, 5046584.145700000226498 ], [ 3673301.373800002038479, 5046755.446800000965595 ], [ 3673292.550899997353554, 5046823.501200001686811 ], [ 3673292.248599998652935, 5046825.832600001245737 ], [ 3673270.536899998784065, 5046928.38120000064373 ], [ 3673270.796800002455711, 5047053.244899999350309 ], [ 3673270.825900003314018, 5047054.23930000141263 ], [ 3673247.134900003671646, 5047080.71510000154376 ], [ 3673120.903399996459484, 5047162.595499999821186 ], [ 3672992.533399999141693, 5047219.162500001490116 ], [ 3672992.045500002801418, 5047219.669399999082088 ], [ 3672948.555200003087521, 5047269.063499998301268 ], [ 3672856.330200001597404, 5047357.514199998229742 ], [ 3672855.842799998819828, 5047358.031100001186132 ], [ 3672845.853100001811981, 5047375.696199998259544 ], [ 3672845.355700001120567, 5047375.705800000578165 ], [ 3672768.642800003290176, 5047467.749499998986721 ], [ 3672768.662399999797344, 5047468.246500000357628 ], [ 3672716.769500002264977, 5047539.235800001770258 ], [ 3672692.66780000180006, 5047568.714600000530481 ], [ 3672692.677299998700619, 5047569.212000001221895 ], [ 3672652.971400000154972, 5047611.040699999779463 ], [ 3672562.410499997437, 5047706.425299998372793 ], [ 3672504.901500001549721, 5047809.902199998497963 ], [ 3672439.966099999845028, 5047933.97069999948144 ], [ 3672439.975699998438358, 5047934.468199998140335 ], [ 3672348.219300001859665, 5048079.630100000649691 ], [ 3672222.103799998760223, 5048280.897900000214577 ], [ 3672222.113399997353554, 5048281.395399998873472 ], [ 3672152.446999996900558, 5048338.427299998700619 ], [ 3672048.012599997222424, 5048416.754299998283386 ], [ 3671951.366599999368191, 5048469.00959999859333 ], [ 3671916.511699996888638, 5048487.331199999898672 ], [ 3671868.956000000238419, 5048456.718800000846386 ], [ 3671868.94650000333786, 5048456.221400000154972 ], [ 3671826.375500001013279, 5048387.679900001734495 ], [ 3671825.878100000321865, 5048387.689500000327826 ], [ 3671797.096199996769428, 5048313.808699999004602 ], [ 3671796.579700000584126, 5048313.331199999898672 ], [ 3671775.481200002133846, 5048305.416799999773502 ], [ 3671774.983800001442432, 5048305.426399998366833 ], [ 3671723.728000000119209, 5048228.155499998480082 ], [ 3671651.396799996495247, 5048162.861600000411272 ], [ 3671650.899800002574921, 5048162.881099998950958 ], [ 3671591.610500000417233, 5048082.828899998217821 ], [ 3671537.714299999177456, 5047999.648400001227856 ], [ 3671508.34009999781847, 5047921.809000000357628 ], [ 3671508.320600003004074, 5047921.311999998986721 ], [ 3671480.758100003004074, 5047817.546300001442432 ], [ 3671480.748499996960163, 5047817.048799999058247 ], [ 3671392.093299999833107, 5047544.237399999052286 ], [ 3671365.539399996399879, 5047460.354699999094009 ], [ 3671334.113799996674061, 5047303.458099998533726 ], [ 3671323.328699998557568, 5047213.691500000655651 ], [ 3671300.11710000038147, 5047047.653400000184774 ], [ 3671266.702299997210503, 5046874.530600000172853 ], [ 3671258.745399996638298, 5046833.305799998342991 ], [ 3671258.73589999973774, 5046832.808400001376867 ], [ 3671187.189300000667572, 5046644.125100001692772 ], [ 3671136.588500000536442, 5046572.80460000038147 ], [ 3671136.071599997580051, 5046572.317099999636412 ], [ 3671055.523100003600121, 5046516.207100000232458 ], [ 3670957.9679000005126, 5046437.148499999195337 ], [ 3670894.717399999499321, 5046319.393199998885393 ], [ 3670853.193000003695488, 5046195.102600000798702 ], [ 3670795.910499997437, 5046077.19370000064373 ], [ 3670795.403499998152256, 5046076.705800000578165 ], [ 3670720.32660000026226, 5046020.451099999248981 ], [ 3670642.862499997019768, 5045987.635299999266863 ], [ 3670535.187299996614456, 5045940.671 ], [ 3670452.308499999344349, 5045890.585200000554323 ], [ 3670451.811200000345707, 5045890.594700001180172 ], [ 3670365.410400003194809, 5045819.710499998182058 ], [ 3670295.188100002706051, 5045739.9397 ], [ 3670217.472000002861023, 5045677.77479999884963 ], [ 3670216.974899999797344, 5045677.794300001114607 ], [ 3670114.847900003194809, 5045633.668099999427795 ], [ 3670027.937399998307228, 5045601.101599998772144 ], [ 3669906.924900002777576, 5045557.465300001204014 ], [ 3669906.427799999713898, 5045557.4847999997437 ], [ 3669769.688799999654293, 5045540.6261 ], [ 3669623.433300003409386, 5045579.24210000038147 ], [ 3669365.67059999704361, 5045653.052000001072884 ], [ 3669191.894299998879433, 5045704.311299998313189 ], [ 3669015.810699999332428, 5045743.683699999004602 ], [ 3669015.313299998641014, 5045743.693199999630451 ], [ 3668877.5088, 5045782.075300000607967 ], [ 3668877.031199999153614, 5045782.59180000051856 ], [ 3668737.673900000751019, 5045876.227099999785423 ], [ 3668618.489699997007847, 5046019.099399998784065 ], [ 3668618.499200001358986, 5046019.596799999475479 ], [ 3668528.996299996972084, 5046155.723600000143051 ], [ 3668430.1824000030756, 5046239.858800001442432 ], [ 3668289.048299998044968, 5046284.302999999374151 ], [ 3668115.734999999403954, 5046334.54450000077486 ], [ 3668017.985799998044968, 5046363.433800000697374 ], [ 3667755.348200000822544, 5046460.750799998641014 ], [ 3667552.820799998939037, 5046535.636900000274181 ], [ 3667552.332599997520447, 5046536.1338 ], [ 3667450.56870000064373, 5046602.442600000649691 ], [ 3667338.1537000015378, 5046698.864999998360872 ], [ 3667266.886600002646446, 5046790.742899999022484 ], [ 3667266.399099998176098, 5046791.259700000286102 ], [ 3667191.005699999630451, 5046819.064599998295307 ], [ 3667056.218099996447563, 5046878.260299999266863 ], [ 3666851.524300001561642, 5046960.492899999022484 ], [ 3666823.324400000274181, 5046971.821800000965595 ], [ 3666647.128300003707409, 5047045.516399998217821 ], [ 3666439.614100001752377, 5047158.822799999266863 ], [ 3666358.71169999986887, 5047204.682199999690056 ], [ 3666209.777099996805191, 5047255.288400001823902 ], [ 3666107.644299998879433, 5047307.16330000013113 ], [ 3666107.156700000166893, 5047307.68019999936223 ], [ 3666039.344499997794628, 5047320.870700001716614 ], [ 3665788.434399999678135, 5047333.30290000140667 ], [ 3665690.784400001168251, 5047347.259100001305342 ], [ 3665690.30629999935627, 5047347.765500001609325 ], [ 3665659.102799996733665, 5047391.853300001472235 ], [ 3665658.605400003492832, 5047391.862799998372793 ], [ 3665633.551700003445148, 5047462.153499998152256 ], [ 3665633.064099997282028, 5047462.670299999415874 ], [ 3665636.414399996399879, 5047573.518199998885393 ], [ 3665657.775700002908707, 5047765.501600001007318 ], [ 3665643.921499997377396, 5047864.855599999427795 ], [ 3665613.962899997830391, 5047976.566599998623133 ], [ 3665595.066799998283386, 5048015.356100000441074 ], [ 3665549.528899997472763, 5048121.004900000989437 ], [ 3665473.264499999582767, 5048269.72859999909997 ], [ 3665460.832299999892712, 5048289.449000000953674 ], [ 3665460.841700002551079, 5048289.946400001645088 ], [ 3665399.390600003302097, 5048434.3092 ], [ 3665398.89360000193119, 5048434.328600000590086 ], [ 3665309.046700000762939, 5048538.631000000983477 ], [ 3665254.125100001692772, 5048627.602200001478195 ], [ 3665253.627599999308586, 5048627.611600000411272 ], [ 3665231.671700000762939, 5048721.708500001579523 ], [ 3665231.68129999935627, 5048722.206000000238419 ], [ 3665218.112800002098083, 5048833.0011 ], [ 3665218.132200002670288, 5048833.498199999332428 ], [ 3665242.540700003504753, 5048931.372099999338388 ], [ 3665242.55009999871254, 5048931.869600001722574 ], [ 3665288.994300000369549, 5049035.156300000846386 ], [ 3665289.003799997270107, 5049035.653799999505281 ], [ 3665351.268299996852875, 5049232.05290000140667 ], [ 3665422.531599998474121, 5049352.611999999731779 ], [ 3665497.238399997353554, 5049490.978500001132488 ], [ 3665629.712700001895428, 5049650.75730000063777 ], [ 3665739.33839999884367, 5049773.304499998688698 ], [ 3665739.835799999535084, 5049773.295000001788139 ], [ 3665774.048699997365475, 5049846.04619999974966 ], [ 3665807.144599996507168, 5049952.663699999451637 ], [ 3665807.143700003623962, 5049953.151500001549721 ], [ 3665800.9408999979496, 5050039.8766999989748 ], [ 3665800.4628000035882, 5050040.891100000590086 ], [ 3665728.409299999475479, 5050083.042399998754263 ], [ 3665728.418799996376038, 5050083.539799999445677 ], [ 3665625.904100000858307, 5050121.00560000166297 ], [ 3665625.416500002145767, 5050121.014699999243021 ], [ 3665518.244300000369549, 5050190.941500000655651 ], [ 3665421.66950000077486, 5050266.0702 ], [ 3665336.495200000703335, 5050358.81529999896884 ], [ 3665260.301399998366833, 5050471.720899999141693 ], [ 3665199.523500002920628, 5050545.9206000007689 ], [ 3665199.532899998128414, 5050546.418000001460314 ], [ 3665116.202100001275539, 5050594.833599999547005 ], [ 3665034.650100000202656, 5050654.64979999884963 ], [ 3664997.723899997770786, 5050708.33390000090003 ], [ 3664927.716899998486042, 5050849.44539999961853 ], [ 3664927.238799996674061, 5050849.951900001615286 ], [ 3664841.506300002336502, 5050901.915899999439716 ], [ 3664709.100000001490116, 5050957.562600001692772 ], [ 3664595.419600002467632, 5050986.849399998784065 ], [ 3664594.922399997711182, 5050986.86879999935627 ], [ 3664535.7871999964118, 5051008.790399998426437 ], [ 3664535.289700001478195, 5051008.799800001084805 ], [ 3664509.332500003278255, 5051044.293099999427795 ], [ 3664509.341899998486042, 5051044.790600001811981 ], [ 3664467.833800002932549, 5051132.925200000405312 ], [ 3664404.738600000739098, 5051233.561599999666214 ], [ 3664404.758000001311302, 5051234.058699999004602 ], [ 3664352.374200001358986, 5051325.455600000917912 ], [ 3664264.631499998271465, 5051511.797899998724461 ], [ 3664158.753300003707409, 5051651.3429000005126 ], [ 3664008.829999998211861, 5051877.10190000012517 ], [ 3663986.830799996852875, 5051926.829599998891354 ], [ 3663941.590899996459484, 5052029.091099999845028 ], [ 3663941.600299999117851, 5052029.588500000536442 ], [ 3663873.958200000226498, 5052282.092599999159575 ], [ 3663849.816200003027916, 5052407.599500000476837 ], [ 3663849.825499996542931, 5052408.096999999135733 ], [ 3663855.887900002300739, 5052643.779699999839067 ], [ 3663855.897399999201298, 5052644.277199998497963 ], [ 3663889.381899997591972, 5052882.238000001758337 ], [ 3663895.196599997580051, 5052992.548900000751019 ], [ 3663894.727899998426437, 5052993.552999999374151 ], [ 3663839.232699997723103, 5053041.252300001680851 ], [ 3663838.736000001430511, 5053041.281599998474121 ], [ 3663710.135899998247623, 5053129.161699999123812 ], [ 3663622.684199996292591, 5053153.302499998360872 ], [ 3663541.736299999058247, 5053178.762899998575449 ], [ 3663541.238799996674061, 5053178.772399999201298 ], [ 3663356.082699999213219, 5053195.479100000113249 ], [ 3663159.811099998652935, 5053205.986400000751019 ], [ 3662891.938299998641014, 5053198.441399998962879 ], [ 3662891.440800003707409, 5053198.450899999588728 ], [ 3662761.310099996626377, 5053207.762899998575449 ], [ 3662760.315399996936321, 5053207.791700001806021 ], [ 3662715.91330000013113, 5053261.171399999409914 ], [ 3662715.415799997746944, 5053261.180799998342991 ], [ 3662634.749700002372265, 5053394.608300000429153 ], [ 3662634.252599999308586, 5053394.627599999308586 ], [ 3662556.620899997651577, 5053452.338899999856949 ], [ 3662457.391400001943111, 5053521.566100001335144 ], [ 3662309.626900002360344, 5053618.892000000923872 ], [ 3662174.164899997413158, 5053672.1239 ], [ 3662085.284299999475479, 5053718.194200001657009 ], [ 3661920.646300002932549, 5053798.043299999088049 ], [ 3661791.046400003135204, 5053847.142400000244379 ], [ 3661790.051700003445148, 5053847.171100001782179 ], [ 3661787.911300003528595, 5053845.9956 ], [ 3661765.824299998581409, 5053833.864900000393391 ], [ 3661765.30799999833107, 5053832.879299998283386 ], [ 3661742.079300001263618, 5053761.331399999558926 ], [ 3661741.562299996614456, 5053760.843600001186132 ], [ 3661679.958999998867512, 5053686.796799998730421 ], [ 3661580.598099999129772, 5053537.58559999987483 ], [ 3661580.100500002503395, 5053537.594999998807907 ], [ 3661468.30349999666214, 5053427.015900000929832 ], [ 3661286.60080000013113, 5053267.975499998778105 ], [ 3661150.38459999859333, 5053175.433699999004602 ], [ 3661054.164200000464916, 5053148.548500001430511 ], [ 3660935.697200000286102, 5053107.801600001752377 ], [ 3660830.80179999768734, 5053072.670000001788139 ], [ 3660742.396600000560284, 5053040.103000000119209 ], [ 3660638.986599996685982, 5052985.037999998778105 ], [ 3660638.489, 5052985.047400001436472 ], [ 3660559.485100001096725, 5052969.659400001168251 ], [ 3660558.98759999871254, 5052969.668800000101328 ], [ 3660469.48929999768734, 5052971.964999999850988 ], [ 3660468.991800002753735, 5052971.974399998784065 ], [ 3660407.3037, 5053011.365899998694658 ], [ 3660407.313100002706051, 5053011.863499999046326 ], [ 3660370.215999998152256, 5053059.090999998152256 ], [ 3660307.19200000166893, 5053162.710700001567602 ], [ 3660223.406199999153614, 5053310.63289999961853 ], [ 3660223.415600001811981, 5053311.130399998277426 ], [ 3660125.828900001943111, 5053444.483800001442432 ], [ 3660046.286899998784065, 5053525.1371 ], [ 3660045.808700002729893, 5053525.6435999982059 ], [ 3659884.522100001573563, 5053619.8310999982059 ], [ 3659717.468099996447563, 5053702.721500001847744 ], [ 3659716.979999996721745, 5053703.228300001472235 ], [ 3659557.867200002074242, 5053765.515500001609325 ], [ 3659557.369999997317791, 5053765.53489999845624 ], [ 3659342.734300002455711, 5053797.387699998915195 ], [ 3659152.242499999701977, 5053819.677799999713898 ], [ 3659151.744999997317791, 5053819.687100000679493 ], [ 3659044.119000002741814, 5053813.981300000101328 ], [ 3659043.612400002777576, 5053813.503199998289347 ], [ 3658989.601000003516674, 5053724.817099999636412 ], [ 3658879.023000001907349, 5053564.443 ], [ 3658762.097099997103214, 5053389.309599999338388 ], [ 3658671.280100002884865, 5053242.855999998748302 ], [ 3658593.909100003540516, 5053116.462699998170137 ], [ 3658512.031099997460842, 5053008.098499998450279 ], [ 3658512.021700002253056, 5053007.601100001484156 ], [ 3658429.317100003361702, 5052866.917199999094009 ], [ 3658396.869599997997284, 5052765.744800001382828 ], [ 3658373.283900000154972, 5052582.258900001645088 ], [ 3658384.250900000333786, 5052485.953200001269579 ], [ 3658384.241499997675419, 5052485.455600000917912 ], [ 3658414.681800000369549, 5052391.630100000649691 ], [ 3658425.867399998009205, 5052303.780099999159575 ], [ 3658426.03830000013113, 5052193.316799998283386 ], [ 3658426.018899999558926, 5052192.819699998944998 ], [ 3658449.201399996876717, 5052029.038100000470877 ], [ 3658509.244800001382828, 5051808.583000000566244 ], [ 3658553.736599996685982, 5051641.765099998563528 ], [ 3658554.2246999964118, 5051641.258200000971556 ], [ 3658601.168799996376038, 5051570.401999998837709 ], [ 3658661.801399998366833, 5051489.744199998676777 ], [ 3658662.298900000751019, 5051489.7347999997437 ], [ 3658735.785800002515316, 5051406.257800001651049 ], [ 3658735.776399999856949, 5051405.760299999266863 ], [ 3658743.363200001418591, 5051391.13740000128746 ], [ 3658838.901199996471405, 5051274.761999998241663 ], [ 3658951.997000001370907, 5051105.699200000613928 ], [ 3659067.476400002837181, 5050913.1853 ], [ 3659160.365199998021126, 5050712.797800000756979 ], [ 3659235.888099998235703, 5050553.152300000190735 ], [ 3659288.973099999129772, 5050391.591299999505281 ], [ 3659288.953699998557568, 5050391.094200000166893 ], [ 3659296.537600003182888, 5050259.5592 ], [ 3659310.137800000607967, 5050052.239399999380112 ], [ 3659310.128799997270107, 5050051.751899998635054 ], [ 3659291.411899998784065, 5049845.260800000280142 ], [ 3659254.431800000369549, 5049683.020700000226498 ], [ 3659236.022200003266335, 5049605.377599999308586 ], [ 3659235.506300002336502, 5049604.401999998837709 ], [ 3659189.18129999935627, 5049582.694400001317263 ], [ 3659188.684199996292591, 5049582.713700000196695 ], [ 3659115.443899996578693, 5049578.6195 ], [ 3659114.946400001645088, 5049578.628800000995398 ], [ 3659016.706500001251698, 5049569.700899999588728 ], [ 3659016.69709999859333, 5049569.203400000929832 ], [ 3658894.746100001037121, 5049508.635600000619888 ], [ 3658894.7368, 5049508.138099998235703 ], [ 3658817.039099998772144, 5049446.4485 ], [ 3658816.532399997115135, 5049445.960299998521805 ], [ 3658779.606200002133846, 5049383.224800001829863 ], [ 3658722.600000001490116, 5049294.137600000947714 ], [ 3658655.7588, 5049228.681000001728535 ], [ 3658655.261399999260902, 5049228.69029999896884 ], [ 3658600.026600003242493, 5049189.30689999833703 ], [ 3658599.529500000178814, 5049189.326200000941753 ], [ 3658536.860200002789497, 5049170.522799998521805 ], [ 3658536.363099999725819, 5049170.542100001126528 ], [ 3658416.308200001716614, 5049164.650100000202656 ], [ 3658192.186599999666214, 5049174.357599999755621 ], [ 3657930.619300000369549, 5049198.450599998235703 ], [ 3657930.121899999678135, 5049198.46000000089407 ], [ 3657774.861900001764297, 5049196.959199998527765 ], [ 3657774.364500001072884, 5049196.968499999493361 ], [ 3657677.862199999392033, 5049158.637699998915195 ], [ 3657570.571099996566772, 5049126.052099999040365 ], [ 3657477.879100002348423, 5049119.961399998515844 ], [ 3657477.3816, 5049119.970800001174212 ], [ 3657327.446099996566772, 5049132.260099999606609 ], [ 3657235.19990000128746, 5049143.56529999896884 ], [ 3657060.123000003397465, 5049145.050599999725819 ], [ 3656962.254299998283386, 5049150.529599998146296 ], [ 3656961.757200002670288, 5049150.548799999058247 ], [ 3656883.071400001645088, 5049166.982500001788139 ], [ 3656793.387299999594688, 5049181.203899998217821 ], [ 3656665.637199997901917, 5049204.866799999028444 ], [ 3656565.599899999797344, 5049242.239799998700619 ], [ 3656455.728500001132488, 5049245.54450000077486 ], [ 3656278.661399997770786, 5049247.07319999858737 ], [ 3656278.163999997079372, 5049247.082499999552965 ], [ 3656198.926899999380112, 5049226.668200001120567 ], [ 3656185.01630000025034, 5049223.084300000220537 ], [ 3656063.900100000202656, 5049208.705699998885393 ], [ 3656004.51240000128746, 5049201.6554000005126 ], [ 3655984.915500000119209, 5049199.328899998217821 ], [ 3655961.076899997889996, 5049197.147599998861551 ], [ 3655942.829000003635883, 5049195.477899998426437 ], [ 3655831.818999998271465, 5049185.320099998265505 ], [ 3655831.321900002658367, 5049185.339400000870228 ], [ 3655679.850400000810623, 5049136.956799998879433 ], [ 3655573.005699999630451, 5049122.269499998539686 ], [ 3655460.472999997437, 5049098.771800000220537 ], [ 3655315.485600002110004, 5049090.519999999552965 ], [ 3655202.133400000631809, 5049093.407999999821186 ], [ 3655201.635899998247623, 5049093.417300000786781 ], [ 3655059.803300000727177, 5049091.553899999707937 ], [ 3654862.819700002670288, 5049073.187300000339746 ], [ 3654862.322599999606609, 5049073.206599999219179 ], [ 3654722.717000000178814, 5049041.4358000010252 ], [ 3654588.2456, 5049015.99720000103116 ], [ 3654587.72919999808073, 5049015.519400000572205 ], [ 3654565.483199998736382, 5048981.7522 ], [ 3654564.96679999679327, 5048981.274399999529123 ], [ 3654543.56139999628067, 5048882.817600000649691 ], [ 3654488.452600002288818, 5048750.3904 ], [ 3654488.433300003409386, 5048749.893399998545647 ], [ 3654469.741899996995926, 5048660.322700001299381 ], [ 3654443.768799997866154, 5048617.20160000026226 ], [ 3654387.357199996709824, 5048531.082899998873472 ], [ 3654297.104699999094009, 5048425.425799999386072 ], [ 3654183.277900002896786, 5048253.197799999266863 ], [ 3654089.216700002551079, 5048095.408300001174212 ], [ 3654008.952200002968311, 5047951.6809 ], [ 3653915.478900000452995, 5047816.758699998259544 ], [ 3653811.442900002002716, 5047697.020199999213219 ], [ 3653713.254000000655651, 5047606.063400000333786 ], [ 3653713.119000002741814, 5047605.938299998641014 ], [ 3653712.945100001990795, 5047605.777199998497963 ], [ 3653710.973200000822544, 5047603.950599998235703 ], [ 3653710.565700002014637, 5047603.573100000619888 ], [ 3653658.139899998903275, 5047556.837000001221895 ], [ 3653656.35530000180006, 5047555.286400001496077 ], [ 3653652.843999996781349, 5047552.235300000756979 ], [ 3653652.737899996340275, 5047552.143100000917912 ], [ 3653652.343199998140335, 5047551.800200000405312 ], [ 3653652.046400003135204, 5047551.542300000786781 ], [ 3653650.028099998831749, 5047549.788499999791384 ], [ 3653550.583099998533726, 5047463.379200000315905 ], [ 3653525.997000001370907, 5047420.285000000149012 ], [ 3653508.169799998402596, 5047387.4527000002563 ], [ 3653492.2368, 5047351.082499999552965 ], [ 3653468.764700002968311, 5047240.791999999433756 ], [ 3653428.604400001466274, 5047138.425200000405312 ], [ 3653333.919200003147125, 5046989.822000000625849 ], [ 3653269.637000001966953, 5046914.493200000375509 ], [ 3653247.387900002300739, 5046901.684300001710653 ], [ 3653224.871299996972084, 5046932.661899998784065 ], [ 3653185.257799997925758, 5046957.1426 ], [ 3653093.069600000977516, 5047023.390799999237061 ], [ 3653003.344400003552437, 5047106.478700000792742 ], [ 3652915.015900000929832, 5047186.047899998724461 ], [ 3652838.306400001049042, 5047218.523899998515844 ], [ 3652752.427400000393391, 5047207.488299999386072 ], [ 3652699.508199997246265, 5047165.180599998682737 ], [ 3652648.280199997127056, 5047129.78660000115633 ], [ 3652605.093299999833107, 5047097.655999999493361 ], [ 3652553.77080000191927, 5047058.780999999493361 ], [ 3652518.308700002729893, 5047035.889400001615286 ], [ 3652466.773400001227856, 5047007.476300001144409 ], [ 3652387.287299998104572, 5046975.852800000458956 ], [ 3652292.4054000005126, 5046945.152699999511242 ], [ 3652187.451499998569489, 5046927.674800001084805 ], [ 3652083.269000001251698, 5046920.6206 ], [ 3651970.179099999368191, 5046896.905600000172853 ], [ 3651901.482199996709824, 5046895.329100001603365 ], [ 3651844.875500001013279, 5046917.2989999987185 ], [ 3651798.332900002598763, 5046925.061099998652935 ], [ 3651759.277199998497963, 5046969.928300000727177 ], [ 3651711.768200002610683, 5047014.524700000882149 ], [ 3651657.624300003051758, 5047053.344300001859665 ], [ 3651586.563799999654293, 5047092.130399998277426 ], [ 3651521.219300001859665, 5047103.894099999219179 ], [ 3651443.514499999582767, 5047136.405600000172853 ], [ 3651388.517499998211861, 5047144.394299998879433 ], [ 3651340.733000002801418, 5047179.55290000140667 ], [ 3651284.215599998831749, 5047258.238000001758337 ], [ 3651227.51799999922514, 5047330.458700001239777 ], [ 3651187.991800002753735, 5047412.151599999517202 ], [ 3651159.807899996638298, 5047490.041400000452995 ], [ 3651118.9463, 5047595.162999998778105 ], [ 3651078.950300000607967, 5047713.682300001382828 ], [ 3651048.999799996614456, 5047781.674800001084805 ], [ 3651010.027500003576279, 5047829.52589999884367 ], [ 3650966.376000002026558, 5047887.952100001275539 ], [ 3650925.982500001788139, 5047956.238600000739098 ], [ 3650878.190999999642372, 5048044.623799998313189 ], [ 3650790.029899999499321, 5048148.566500000655651 ], [ 3650739.723800003528595, 5048200.210799999535084 ], [ 3650662.246899999678135, 5048259.077199999243021 ], [ 3650581.534699998795986, 5048362.314300000667572 ], [ 3650512.514600001275539, 5048474.678100001066923 ], [ 3650437.014799997210503, 5048604.636399999260902 ], [ 3650436.092299997806549, 5048606.028499998152256 ], [ 3650375.889200001955032, 5048696.8827 ], [ 3650314.763400003314018, 5048789.129200000315905 ], [ 3650259.397299997508526, 5048837.922400001436472 ], [ 3650194.428000003099442, 5048863.111200001090765 ], [ 3650145.327799998223782, 5048904.772599998861551 ], [ 3650109.559900000691414, 5048942.584100000560284 ], [ 3650072.086900003254414, 5048990.387899998575449 ], [ 3650053.311200000345707, 5049031.207400001585484 ], [ 3649996.851400002837181, 5049184.019099999219179 ], [ 3649968.518399998545647, 5049238.539700001478195 ], [ 3649929.911700002849102, 5049299.809000000357628 ], [ 3649871.818300001323223, 5049321.824799999594688 ], [ 3649767.039499998092651, 5049365.027699999511242 ], [ 3649709.200599998235703, 5049396.482299998402596 ], [ 3649659.456399999558926, 5049414.780499998480082 ], [ 3649641.906599998474121, 5049418.7483000010252 ], [ 3649624.356799997389317, 5049422.7162000015378 ], [ 3649620.6809, 5049425.922800000756979 ], [ 3649596.663599997758865, 5049446.874200001358986 ], [ 3649596.122299998998642, 5049452.25899999961257 ], [ 3649591.598399996757507, 5049497.261100001633167 ], [ 3649592.833700001239777, 5049527.5581 ], [ 3649596.238499999046326, 5049611.065999999642372 ], [ 3649600.866700001060963, 5049644.288400001823902 ], [ 3649611.152400001883507, 5049718.122499998658895 ], [ 3649630.437899999320507, 5049821.575500000268221 ], [ 3649641.038099996745586, 5049898.888900000602007 ], [ 3649669.455200001597404, 5050008.561500001698732 ], [ 3649704.154899999499321, 5050057.852800000458956 ], [ 3649746.287500001490116, 5050070.116700001060963 ], [ 3649790.134900003671646, 5050072.377399999648333 ], [ 3649840.163500003516674, 5050064.522300001233816 ], [ 3649893.862999998033047, 5050063.037300001829863 ], [ 3649966.132299996912479, 5050067.496599998325109 ], [ 3650021.682499997317791, 5050079.391600001603365 ], [ 3650073.984499998390675, 5050081.425200000405312 ], [ 3650131.130800001323223, 5050096.7533 ], [ 3650178.629799999296665, 5050105.394299998879433 ], [ 3650252.769900001585484, 5050123.2324 ], [ 3650311.07209999859333, 5050144.50959999859333 ], [ 3650386.718299999833107, 5050145.3926 ], [ 3650458.060099996626377, 5050116.541299998760223 ], [ 3650528.289300002157688, 5050101.164599999785423 ], [ 3650622.919100001454353, 5050068.685600001364946 ], [ 3650693.094800002872944, 5050069.719500001519918 ], [ 3650756.83500000089407, 5050071.439800001680851 ], [ 3650794.397399999201298, 5050080.344300001859665 ], [ 3650846.571099996566772, 5050095.813400000333786 ], [ 3650894.6382, 5050124.833000000566244 ], [ 3650934.038000002503395, 5050164.034699998795986 ], [ 3650968.687899999320507, 5050193.423099998384714 ], [ 3651020.098999999463558, 5050235.287300001829863 ], [ 3651061.39360000193119, 5050270.9507 ], [ 3651113.936999998986721, 5050299.847100000828505 ], [ 3651158.71339999884367, 5050335.425799999386072 ], [ 3651218.124399997293949, 5050360.6415 ], [ 3651314.861699998378754, 5050386.316700000315905 ], [ 3651374.348300002515316, 5050414.516399998217821 ], [ 3651414.999600000679493, 5050426.815699998289347 ], [ 3651446.064599998295307, 5050452.827599998563528 ], [ 3651474.226199999451637, 5050499.303599998354912 ], [ 3651494.388999998569489, 5050562.438000001013279 ], [ 3651516.910300001502037, 5050638.933200001716614 ], [ 3651541.951099999248981, 5050698.4342 ], [ 3651617.684600003063679, 5050773.948699999600649 ], [ 3651658.980800002813339, 5050809.621800001710653 ], [ 3651716.399499997496605, 5050888.632100000977516 ], [ 3651770.46509999781847, 5050954.300200000405312 ], [ 3651813.154500000178814, 5051040.182700000703335 ], [ 3651856.881700001657009, 5051109.625799998641014 ], [ 3651924.522299997508526, 5051198.298000000417233 ], [ 3651988.721199996769428, 5051323.8849 ], [ 3652022.597300000488758, 5051397.084699999541044 ], [ 3652036.201399996876717, 5051456.909200001507998 ], [ 3652045.466499999165535, 5051503.917300000786781 ], [ 3652030.458400003612041, 5051554.592199999839067 ], [ 3652006.678599998354912, 5051611.978700000792742 ], [ 3651975.798000000417233, 5051646.668499998748302 ], [ 3651940.029700003564358, 5051684.484700001776218 ], [ 3651917.773699998855591, 5051725.403000000864267 ], [ 3651890.332000002264977, 5051776.419300001114607 ], [ 3651876.360600002110004, 5051810.644799999892712 ], [ 3651862.369499996304512, 5051844.363200001418591 ], [ 3651863.488099999725819, 5051884.6371 ], [ 3651865.355599999427795, 5051951.756700001657009 ], [ 3651855.381899997591972, 5052022.689899999648333 ], [ 3651848.425200000405312, 5052076.618900001049042 ], [ 3651826.443899996578693, 5052127.484299998730421 ], [ 3651812.927000001072884, 5052178.112300001084805 ], [ 3651775.917599998414516, 5052242.831900000572205 ], [ 3651744.70549999922514, 5052301.422800000756979 ], [ 3651702.81700000166893, 5052369.756499998271465 ], [ 3651657.28999999910593, 5052414.801100000739098 ], [ 3651576.83219999819994, 5052473.761900000274181 ], [ 3651529.600400000810623, 5052528.809900000691414 ], [ 3651433.63910000026226, 5052585.213199999183416 ], [ 3651402.568099997937679, 5052612.950599998235703 ], [ 3651400.522200003266335, 5052646.845400001853704 ], [ 3651405.92230000346899, 5052733.765000000596046 ], [ 3651414.652999997138977, 5052850.956700000911951 ], [ 3651413.596900001168251, 5052938.554499998688698 ], [ 3651421.635600000619888, 5052995.061900001019239 ], [ 3651444.352300003170967, 5053024.783700000494719 ], [ 3651468.285999998450279, 5053044.510899998247623 ], [ 3651500.760499998927116, 5053066.995000001043081 ], [ 3651553.796700000762939, 5053095.385800000280142 ], [ 3651598.206799998879433, 5053118.035700000822544 ], [ 3651633.845600001513958, 5053146.899700000882149 ], [ 3651693.820299997925758, 5053192.4978 ], [ 3651782.177799999713898, 5053220.399399999529123 ], [ 3651901.839000001549721, 5053246.931499999016523 ], [ 3652028.652699999511242, 5053280.226599998772144 ], [ 3652124.393299996852875, 5053269.604499999433756 ], [ 3652243.13459999859333, 5053263.320599999278784 ], [ 3652518.64190000295639, 5053221.827599998563528 ], [ 3652638.992899999022484, 5053201.559300001710653 ], [ 3652704.623099997639656, 5053199.737799998372793 ], [ 3652759.723099999129772, 5053195.216600000858307 ], [ 3652833.223700001835823, 5053243.436299998313189 ], [ 3652858.07880000025034, 5053296.485300000756979 ], [ 3652897.482299998402596, 5053389.429499998688698 ], [ 3652922.727300003170967, 5053455.896499998867512 ], [ 3652932.852700002491474, 5053515.828699998557568 ], [ 3652939.866400003433228, 5053589.274500001221895 ], [ 3652945.407499998807907, 5053663.265500001609325 ], [ 3652950.758900001645088, 5053730.293400000780821 ], [ 3652958.894799999892712, 5053790.27309999987483 ], [ 3652985.844800002872944, 5053846.746899999678135 ], [ 3652995.789599999785423, 5053900.204100001603365 ], [ 3653000.39130000025034, 5053940.385299999266863 ], [ 3652994.453299999237061, 5053977.3695 ], [ 3652973.594700001180172, 5054014.771699998527765 ], [ 3652956.322599999606609, 5054055.560199998319149 ], [ 3652937.64299999922514, 5054099.868599999696016 ], [ 3652927.016800001263618, 5054146.942400000989437 ], [ 3652923.732500001788139, 5054207.7331000007689 ], [ 3652920.619000002741814, 5054275.0 ], [ 3652913.199100002646446, 5054312.031899999827147 ], [ 3652878.643899999558926, 5054393.600000001490116 ], [ 3652855.233599998056889, 5054464.410799998790026 ], [ 3652839.737499997019768, 5054515.596999999135733 ], [ 3652819.556400001049042, 5054559.4560999982059 ], [ 3652787.221400000154972, 5054610.109999999403954 ], [ 3652782.366499997675419, 5054617.715399999171495 ], [ 3652750.542599998414516, 5054672.341499999165535 ], [ 3652726.581399999558926, 5054723.258000001311302 ], [ 3652701.3279, 5054781.185100000351667 ], [ 3652673.408600002527237, 5054869.049899999052286 ], [ 3652627.792599998414516, 5054964.361099999397993 ], [ 3652536.200099997222424, 5055142.072299998253584 ], [ 3652482.000699996948242, 5055251.060100000351667 ], [ 3652371.964199997484684, 5055391.9529 ], [ 3652282.270499996840954, 5055494.964699998497963 ], [ 3652203.986400000751019, 5055560.838799998164177 ], [ 3652135.809500001370907, 5055596.57660000026226 ], [ 3652018.368900001049042, 5055650.0929000005126 ], [ 3651938.978900000452995, 5055691.905099999159575 ], [ 3651930.581200003623962, 5055696.3279 ], [ 3651872.7346, 5055727.792100001126528 ], [ 3651855.175499998033047, 5055758.6349 ], [ 3651825.413900002837181, 5055779.861600000411272 ], [ 3651823.074199996888638, 5055803.314399998635054 ], [ 3651826.807599999010563, 5055830.0777000002563 ], [ 3651844.363399997353554, 5055852.980399999767542 ], [ 3651865.495700001716614, 5055879.270199999213219 ], [ 3651887.717299997806549, 5055909.003199998289347 ], [ 3651910.057300001382828, 5055924.800000000745058 ], [ 3651929.020000003278255, 5055944.680799998342991 ], [ 3651941.971600003540516, 5055981.145700000226498 ], [ 3651955.208400003612041, 5056027.5581 ], [ 3651964.380300000309944, 5056071.090300001204014 ], [ 3651964.101999998092651, 5056114.8885000012815 ], [ 3651968.465700000524521, 5056146.616700001060963 ], [ 3651972.82940000295639, 5056178.344999998807907 ], [ 3651972.988200001418591, 5056179.163600001484156 ], [ 3651979.275399997830391, 5056211.576299998909235 ], [ 3651984.4463, 5056238.234299998730421 ], [ 3652001.893899999558926, 5056275.0735 ], [ 3652021.714299999177456, 5056307.857299998402596 ], [ 3652035.788599997758865, 5056330.855099998414516 ], [ 3652066.001900002360344, 5056343.449400000274181 ], [ 3652095.399999998509884, 5056363.036400001496077 ], [ 3652129.559799998998642, 5056392.447500001639128 ], [ 3652184.093599997460842, 5056420.791900001466274 ], [ 3652233.5675999969244, 5056446.284499999135733 ], [ 3652309.678900003433228, 5056480.99439999833703 ], [ 3652366.808399997651577, 5056507.78940000012517 ], [ 3652384.804799996316433, 5056516.230099998414516 ], [ 3652482.510200001299381, 5056545.415600001811981 ], [ 3652508.243600003421307, 5056553.102400001138449 ], [ 3652764.6925999969244, 5056648.483899999409914 ], [ 3652809.853100001811981, 5056671.379000000655651 ], [ 3652859.570500001311302, 5056696.584199998527765 ], [ 3652883.813900001347065, 5056708.874899998307228 ], [ 3652997.685900002717972, 5056759.450500000268221 ], [ 3653089.661100000143051, 5056776.891800001263618 ], [ 3653105.241800002753735, 5056779.846400000154972 ], [ 3653149.373000003397465, 5056792.055700000375509 ], [ 3653193.504199996590614, 5056804.265099998563528 ], [ 3653274.404100000858307, 5056839.043099999427795 ], [ 3653319.789099998772144, 5056858.553599998354912 ], [ 3653351.153599999845028, 5056872.036899998784065 ], [ 3653368.917300000786781, 5056877.284699998795986 ], [ 3653394.426600001752377, 5056884.820700000971556 ], [ 3653487.7837999984622, 5056912.400199998170137 ], [ 3653554.363799996674061, 5056932.069299999624491 ], [ 3653593.288199998438358, 5056962.833599999547005 ], [ 3653632.212600000202656, 5056993.597899999469519 ], [ 3653750.40429999679327, 5057127.657299999147654 ], [ 3653813.598800003528595, 5057162.69310000166297 ], [ 3653870.093000002205372, 5057173.513599999248981 ], [ 3653871.715499997138977, 5057173.824400000274181 ], [ 3653871.745899997651577, 5057173.830200001597404 ], [ 3653872.674999997019768, 5057174.008099999278784 ], [ 3653873.2516999989748, 5057174.118599999696016 ], [ 3653873.74889999628067, 5057174.099300000816584 ], [ 3653913.838100001215935, 5057161.343199998140335 ], [ 3653914.486199997365475, 5057161.136599998921156 ], [ 3653915.718699999153614, 5057160.743599999696016 ], [ 3653917.536200001835823, 5057160.164200000464916 ], [ 3653918.735699996352196, 5057159.781800001859665 ], [ 3653918.831699997186661, 5057159.751200001686811 ], [ 3653922.001199997961521, 5057158.740699999034405 ], [ 3653951.740000002086163, 5057149.259799998253584 ], [ 3653952.237499997019768, 5057149.250500001013279 ], [ 3653966.010600000619888, 5057140.014899998903275 ], [ 3654017.806199997663498, 5057105.283100001513958 ], [ 3654052.270099997520447, 5057082.8260000012815 ], [ 3654075.416900001466274, 5057075.695500001311302 ], [ 3654113.117600001394749, 5057075.360800001770258 ], [ 3654150.761699996888638, 5057082.3081 ], [ 3654193.089400000870228, 5057090.876600001007318 ], [ 3654275.725500002503395, 5057111.666499998420477 ], [ 3654392.172899998724461, 5057151.0044 ], [ 3654438.249399997293949, 5057162.7635000012815 ], [ 3654511.846500001847744, 5057180.298099998384714 ], [ 3654594.975199997425079, 5057220.477899998426437 ], [ 3654702.961900003254414, 5057279.442699998617172 ], [ 3654993.452799998223782, 5057450.691500000655651 ], [ 3655046.475299999117851, 5057490.672699999064207 ], [ 3655070.053800001740456, 5057508.4518 ], [ 3655098.8728, 5057526.137200001627207 ], [ 3655271.671099998056889, 5057628.718199998140335 ], [ 3655272.168700002133846, 5057628.70890000090003 ], [ 3655363.997400000691414, 5057658.72069999948144 ], [ 3655364.006800003349781, 5057659.218299999833107 ], [ 3655412.737499997019768, 5057657.986600000411272 ], [ 3655412.728200003504753, 5057657.489 ], [ 3655476.049699999392033, 5057642.924400001764297 ], [ 3655523.311899997293949, 5057630.799600001424551 ], [ 3655572.95160000026226, 5057618.064899999648333 ], [ 3655672.818899996578693, 5057592.632100000977516 ], [ 3655760.932800002396107, 5057593.866399999707937 ], [ 3655761.430399999022484, 5057593.857099998742342 ], [ 3655816.457999996840954, 5057624.806600000709295 ], [ 3655816.955200001597404, 5057624.787399999797344 ], [ 3655907.203199997544289, 5057710.071100000292063 ], [ 3655907.770900003612041, 5057710.991599999368191 ], [ 3655964.303000003099442, 5057802.665399998426437 ], [ 3655964.312299996614456, 5057803.162999998778105 ], [ 3655972.425499998033047, 5057887.050900001078844 ], [ 3655970.666199997067451, 5057924.434500001370907 ], [ 3655966.61089999973774, 5058010.607999999076128 ], [ 3655966.630199998617172, 5058011.105099998414516 ], [ 3656011.787600003182888, 5058123.413899999111891 ], [ 3656081.487199999392033, 5058261.4712999984622 ], [ 3656081.496500000357628, 5058261.968899998813868 ], [ 3656092.3213, 5058287.245299998670816 ], [ 3656094.462200000882149, 5058292.244300000369549 ], [ 3656107.428000003099442, 5058322.519999999552965 ], [ 3656107.437399998307228, 5058323.0176 ], [ 3656112.36259999871254, 5058349.681499999016523 ], [ 3656113.202100001275539, 5058354.226300001144409 ], [ 3656142.658900000154972, 5058513.702100001275539 ], [ 3656178.943300001323223, 5058609.814399998635054 ], [ 3656178.952600002288818, 5058610.311999998986721 ], [ 3656248.069799996912479, 5058705.589000001549721 ], [ 3656248.576800003647804, 5058706.077199999243021 ], [ 3656325.133000001311302, 5058752.74040000140667 ], [ 3656381.00789999961853, 5058786.797800000756979 ], [ 3656473.3574, 5058817.295400001108646 ], [ 3656574.048799999058247, 5058843.584899999201298 ], [ 3656574.546400003135204, 5058843.5757 ], [ 3656622.458499997854233, 5058829.416999999433756 ], [ 3656622.95610000193119, 5058829.407600000500679 ], [ 3656732.611400000751019, 5058855.966499999165535 ], [ 3656733.1184, 5058856.454700000584126 ], [ 3656798.7588, 5058932.405900001525879 ], [ 3656890.589000001549721, 5059079.355900000780821 ], [ 3656970.186300002038479, 5059215.17850000038743 ], [ 3657078.255999997258186, 5059394.0559 ], [ 3657078.275399997830391, 5059394.553199999034405 ], [ 3657164.793799996376038, 5059567.525299999862909 ], [ 3657178.452100001275539, 5059634.848299998790026 ], [ 3657177.983300000429153, 5059635.852600000798702 ], [ 3657106.93299999833107, 5059679.473999999463558 ], [ 3656944.387900002300739, 5059764.731499999761581 ], [ 3656765.020000003278255, 5059873.329 ], [ 3656764.521999999880791, 5059873.328400000929832 ], [ 3656642.603200003504753, 5059970.991500001400709 ], [ 3656505.66610000282526, 5060104.364500001072884 ], [ 3656346.006999999284744, 5060283.6064000017941 ], [ 3656235.107100002467632, 5060423.78770000115037 ], [ 3656173.10980000346899, 5060490.063999999314547 ], [ 3656173.119099996984005, 5060490.561599999666214 ], [ 3656126.358599998056889, 5060569.383600000292063 ], [ 3656126.367899999022484, 5060569.88120000064373 ], [ 3656070.556900002062321, 5060879.353199999779463 ], [ 3656070.068899996578693, 5060879.870099999010563 ], [ 3656000.348700001835823, 5060995.110100001096725 ], [ 3655913.640000000596046, 5061185.936999998986721 ], [ 3655795.505699999630451, 5061315.355700001120567 ], [ 3655661.791799999773502, 5061458.605700001120567 ], [ 3655540.338899999856949, 5061575.175500001758337 ], [ 3655539.860100001096725, 5061575.6721 ], [ 3655529.323600001633167, 5061631.179299999028444 ], [ 3655527.989100001752377, 5061695.911200001835823 ], [ 3655527.998400002717972, 5061696.4087999984622 ], [ 3655551.364, 5061773.449799999594688 ], [ 3655604.982199996709824, 5061846.738099999725819 ], [ 3655676.112800002098083, 5061903.650199998170137 ], [ 3655676.610399998724461, 5061903.640799999237061 ], [ 3655757.673199996352196, 5061999.121599998325109 ], [ 3655758.170900002121925, 5061999.112199999392033 ], [ 3655830.430399999022484, 5062100.781100001186132 ], [ 3655830.449600003659725, 5062101.278299998492002 ], [ 3655856.706500001251698, 5062174.771499998867512 ], [ 3655856.715800002217293, 5062175.269099999219179 ], [ 3655858.271899998188019, 5062236.44370000064373 ], [ 3655858.29110000282526, 5062236.940900001674891 ], [ 3655829.024599999189377, 5062279.988400001078844 ], [ 3655745.952500000596046, 5062359.744300000369549 ], [ 3655662.069499999284744, 5062427.07149999961257 ], [ 3655552.306500002741814, 5062533.878499999642372 ], [ 3655446.09740000218153, 5062662.998199999332428 ], [ 3655446.116599999368191, 5062663.495400000363588 ], [ 3655420.318099997937679, 5062725.363000001758337 ], [ 3655420.337399996817112, 5062725.860300000756979 ], [ 3655443.124700002372265, 5062780.525199998170137 ], [ 3655484.060099996626377, 5062844.187899999320507 ], [ 3655525.920000001788139, 5062924.23930000141263 ], [ 3655525.929399996995926, 5062924.736900001764297 ], [ 3655530.631300002336502, 5062992.304900001734495 ], [ 3655530.65089999884367, 5062992.812100000679493 ], [ 3655493.248700000345707, 5063087.820300001651049 ], [ 3655454.35530000180006, 5063221.692400000989437 ], [ 3655454.364699997007847, 5063222.190000001341105 ], [ 3655457.258400000631809, 5063335.596999999135733 ], [ 3655494.462300002574921, 5063487.436000000685453 ], [ 3655533.827299997210503, 5063606.381799999624491 ], [ 3655533.836599998176098, 5063606.87950000166893 ], [ 3655523.309600003063679, 5063662.389400001615286 ], [ 3655471.901699997484684, 5063793.601399999111891 ], [ 3655423.317500002682209, 5063918.269900001585484 ], [ 3655312.365000002086163, 5064232.657699998468161 ], [ 3655312.374300003051758, 5064233.1554000005126 ], [ 3655321.146999999880791, 5064323.507599998265505 ], [ 3655321.156400002539158, 5064324.005199998617172 ], [ 3655359.023000001907349, 5064384.263700000941753 ], [ 3655359.042300000786781, 5064384.760899998247623 ], [ 3655452.121799997985363, 5064463.5168999992311 ], [ 3655561.53660000115633, 5064577.697299998253584 ], [ 3655562.034299999475479, 5064577.688000001013279 ], [ 3655606.289499998092651, 5064654.20380000025034 ], [ 3655606.318199999630451, 5064655.198800001293421 ], [ 3655583.484700001776218, 5064716.496800001710653 ], [ 3655583.504000000655651, 5064716.994100000709295 ], [ 3655480.274400003254414, 5064846.046399999409914 ], [ 3655397.793600000441074, 5064949.182700000703335 ], [ 3655346.383400000631809, 5065080.389600001275539 ], [ 3655347.162699997425079, 5065111.03830000013113 ], [ 3655347.451800003647804, 5065122.4087999984622 ], [ 3655350.177699998021126, 5065229.607099998742342 ], [ 3655350.19709999859333, 5065230.104499999433756 ], [ 3655370.480400003492832, 5065323.160500001162291 ], [ 3655370.987400002777576, 5065323.648899998515844 ], [ 3655394.817299999296665, 5065359.203200001269579 ], [ 3655400.475500002503395, 5065367.645199999213219 ], [ 3655431.009099997580051, 5065413.20160000026226 ], [ 3655531.79900000244379, 5065559.953699998557568 ], [ 3655598.280100002884865, 5065649.345899999141693 ], [ 3655688.217299997806549, 5065721.721200000494719 ], [ 3655722.863499999046326, 5065772.603399999439716 ], [ 3655723.370099999010563, 5065773.081799998879433 ], [ 3655746.735600002110004, 5065869.545800000429153 ], [ 3655762.724200002849102, 5066008.999699998646975 ], [ 3655756.326499998569489, 5066363.549699999392033 ], [ 3655772.054499998688698, 5066610.030600000172853 ], [ 3655801.148900002241135, 5066677.486099999397993 ], [ 3655839.692800000309944, 5066764.099399998784065 ], [ 3655839.711999997496605, 5066764.596700001507998 ], [ 3655934.043200001120567, 5066892.108899999409914 ], [ 3656028.787100002169609, 5067016.118900001049042 ], [ 3656093.109399996697903, 5067157.337600000202656 ], [ 3656093.118699997663498, 5067157.835299998521805 ], [ 3656135.793300002813339, 5067269.740800000727177 ], [ 3656135.314300000667572, 5067270.7456 ], [ 3656124.525600001215935, 5067296.406899999827147 ], [ 3656124.0371999964118, 5067296.914000000804663 ], [ 3655949.593999996781349, 5067366.072299998253584 ], [ 3655949.0962999984622, 5067366.081700000911951 ], [ 3655787.334299996495247, 5067464.273400001227856 ], [ 3655713.296700000762939, 5067527.881799999624491 ], [ 3655712.818300001323223, 5067528.3885000012815 ], [ 3655648.372599996626377, 5067617.136500000953674 ], [ 3655648.39190000295639, 5067617.6338 ], [ 3655620.763099998235703, 5067725.35530000180006 ], [ 3655617.113899998366833, 5067835.952300000935793 ], [ 3655617.611599996685982, 5067835.943 ], [ 3655651.096699997782707, 5067958.528200000524521 ], [ 3655699.2632, 5068071.289599999785423 ], [ 3655725.534500002861023, 5068145.292700000107288 ], [ 3655786.378600001335144, 5068267.186000000685453 ], [ 3655786.875900000333786, 5068267.166600000113249 ], [ 3655803.692900002002716, 5068341.407400000840425 ], [ 3655803.712300002574921, 5068341.904699999839067 ], [ 3655787.361699998378754, 5068422.961300000548363 ], [ 3655787.371100001037121, 5068423.458999998867512 ], [ 3655696.653300002217293, 5068672.659600000828505 ], [ 3655656.503499999642372, 5068894.695900000631809 ], [ 3655656.413599997758865, 5069008.186900001019239 ], [ 3655656.423000000417233, 5069008.684599999338388 ], [ 3655636.421499997377396, 5069063.953099999576807 ], [ 3655636.440800003707409, 5069064.450399998575449 ], [ 3655574.24719999730587, 5069124.274700000882149 ], [ 3655573.749499998986721, 5069124.284000001847744 ], [ 3655419.026500001549721, 5069245.199000000953674 ], [ 3655418.5287000015378, 5069245.208200000226498 ], [ 3655245.86259999871254, 5069374.081199999898672 ], [ 3655183.058399997651577, 5069420.371500000357628 ], [ 3655181.589800000190735, 5069421.164700001478195 ], [ 3655104.047899998724461, 5069425.626400001347065 ], [ 3654973.968000002205372, 5069438.889600001275539 ], [ 3654876.801899999380112, 5069474.217599999159575 ], [ 3654607.291599996387959, 5069544.290699999779463 ], [ 3654434.819499999284744, 5069593.475400000810623 ], [ 3654336.078699998557568, 5069645.261100001633167 ], [ 3654249.597300000488758, 5069717.351100001484156 ], [ 3654189.561700001358986, 5069776.666000001132488 ], [ 3654151.178599998354912, 5069811.0011 ], [ 3654092.0996999964118, 5069886.041000001132488 ], [ 3654056.675599999725819, 5069954.729200001806021 ], [ 3654026.117299996316433, 5070055.148400001227856 ], [ 3654009.587999999523163, 5070141.226300001144409 ], [ 3653990.342100001871586, 5070290.113099999725819 ], [ 3653997.244800001382828, 5070394.969399999827147 ], [ 3653966.673199996352196, 5070387.855399999767542 ], [ 3653905.042400002479553, 5070373.636199999600649 ], [ 3653876.978200003504753, 5070366.953000001609325 ], [ 3653674.02250000089407, 5070372.594999998807907 ], [ 3653548.356799997389317, 5070364.641699999570847 ], [ 3653460.291599996387959, 5070384.521099999547005 ], [ 3653397.793099999427795, 5070410.652800001204014 ], [ 3653331.130599997937679, 5070447.854499999433756 ], [ 3653230.277099996805191, 5070490.982999999076128 ], [ 3653146.340499997138977, 5070534.133699998259544 ], [ 3653058.522100001573563, 5070562.460799999535084 ], [ 3652989.529100000858307, 5070569.854800000786781 ], [ 3652860.068999998271465, 5070533.1349 ], [ 3652654.161200001835823, 5070504.504700001329184 ], [ 3652559.59570000320673, 5070487.224500000476837 ], [ 3652453.946800000965595, 5070483.194699998944998 ], [ 3652301.5912000015378, 5070482.446800000965595 ], [ 3652187.895000003278255, 5070475.649399999529123 ], [ 3652045.728900000452995, 5070483.083700001239777 ], [ 3651728.232100002467632, 5070487.418400000780821 ], [ 3651544.798299998044968, 5070479.072700001299381 ], [ 3651395.656199999153614, 5070486.19649999961257 ], [ 3651310.327799998223782, 5070497.028400000184774 ], [ 3651250.438699997961521, 5070527.568599998950958 ], [ 3651140.076499998569489, 5070586.889600001275539 ], [ 3651037.021499998867512, 5070658.450599998235703 ], [ 3650949.774999998509884, 5070725.584699999541044 ], [ 3650884.563000001013279, 5070761.739900000393391 ], [ 3650824.611199997365475, 5070771.868500001728535 ], [ 3650834.243900001049042, 5070904.0287000015378 ], [ 3650836.24210000038147, 5071029.919300001114607 ], [ 3650819.217200003564358, 5071116.017499998211861 ], [ 3650779.481799997389317, 5071334.681499999016523 ], [ 3650741.045299999415874, 5071402.449799999594688 ], [ 3650711.365000002086163, 5071624.811500001698732 ], [ 3650704.384300000965595, 5071803.735500000417233 ], [ 3650690.116700001060963, 5071881.79839999973774 ], [ 3650634.5088, 5071923.162300001829863 ], [ 3650572.522200003266335, 5071949.778599999845028 ], [ 3650461.12950000166893, 5071972.276900000870228 ], [ 3650264.727300003170967, 5072017.059999998658895 ], [ 3650189.944399997591972, 5072049.002300001680851 ], [ 3650107.716300003230572, 5072117.99549999833107 ], [ 3650044.619800001382828, 5072176.4956 ], [ 3649924.463600002229214, 5072259.975999999791384 ], [ 3649827.087999999523163, 5072321.424499999731779 ], [ 3649741.603000000119209, 5072398.473900001496077 ], [ 3649704.926299996674061, 5072458.234700001776218 ], [ 3649678.538199998438358, 5072548.085099998861551 ], [ 3649662.562200002372265, 5072636.148699998855591 ], [ 3649667.916900001466274, 5072757.47239999845624 ], [ 3649684.200599998235703, 5072842.157999999821186 ], [ 3649714.398500002920628, 5072997.642900001257658 ], [ 3649730.104400001466274, 5073133.124200001358986 ], [ 3649697.559600003063679, 5073377.9846 ], [ 3649684.8766999989748, 5073459.486699998378754 ], [ 3649659.402800001204014, 5073564.249600000679493 ], [ 3649619.847900003194809, 5073681.841499999165535 ], [ 3649567.648299999535084, 5073774.396000001579523 ], [ 3649420.020499996840954, 5073926.851199999451637 ], [ 3649349.3838, 5074000.9983000010252 ], [ 3649241.076399996876717, 5074189.208700001239777 ], [ 3649189.026699997484684, 5074287.238099999725819 ], [ 3649145.551399998366833, 5074353.172699999064207 ], [ 3649089.54900000244379, 5074416.462499998509884 ], [ 3648980.880599997937679, 5074519.538699999451637 ], [ 3648913.30349999666214, 5074596.596900001168251 ], [ 3648846.703100003302097, 5074636.771800000220537 ], [ 3648798.369800001382828, 5074653.0456000007689 ], [ 3648714.57490000128746, 5074683.750999998301268 ], [ 3648613.839599996805191, 5074749.764199998229742 ], [ 3648563.807700000703335, 5074812.893199998885393 ], [ 3648508.053800001740456, 5074903.055700000375509 ], [ 3648448.118299998342991, 5075022.214999999850988 ], [ 3648374.773999996483326, 5075142.739199999719858 ], [ 3648323.348200000822544, 5075191.464800000190735 ], [ 3648261.80009999871254, 5075198.144999999552965 ], [ 3648121.309900000691414, 5075195.058299999684095 ], [ 3648007.636, 5075189.740600001066923 ], [ 3647905.144100002944469, 5075174.156500000506639 ], [ 3647758.067199997603893, 5075148.844099998474121 ], [ 3647622.750799998641014, 5075098.815400000661612 ], [ 3647501.028300002217293, 5075036.464499998837709 ], [ 3647420.121299996972084, 5075009.325399998575449 ], [ 3647220.899400003254414, 5075006.866599999368191 ], [ 3647165.124399997293949, 5075006.417199999094009 ], [ 3647047.624099999666214, 5074970.326099999248981 ], [ 3646921.027999997138977, 5074947.438799999654293 ], [ 3646756.207400001585484, 5074928.595400001853704 ], [ 3646680.078699998557568, 5074948.618500001728535 ], [ 3646605.0878000035882, 5075027.364199999719858 ], [ 3646522.290799997746944, 5075094.374499998986721 ], [ 3646425.075000002980232, 5075179.7162000015378 ], [ 3646340.057099997997284, 5075274.172800000756979 ], [ 3646227.69879999756813, 5075388.306000001728535 ], [ 3646177.817900002002716, 5075493.235800001770258 ], [ 3646156.273000001907349, 5075578.480999998748302 ], [ 3646135.639899998903275, 5075732.8915 ], [ 3646122.923100002110004, 5075831.328299999237061 ], [ 3646099.909800000488758, 5075953.458299998193979 ], [ 3646086.405199997127056, 5076059.379200000315905 ], [ 3646097.60809999704361, 5076122.807700000703335 ], [ 3646121.215199999511242, 5076184.393100000917912 ], [ 3646184.490699999034405, 5076330.022399999201298 ], [ 3646222.984200000762939, 5076407.624699998646975 ], [ 3646265.802799999713898, 5076461.714299999177456 ], [ 3646282.3733000010252, 5076503.074999999254942 ], [ 3646293.583700001239777, 5076602.355399999767542 ], [ 3646304.437100000679493, 5076707.110199999064207 ], [ 3646331.226400002837181, 5076757.653000000864267 ], [ 3646372.152500003576279, 5076833.199400000274181 ], [ 3646395.373800002038479, 5076934.638300001621246 ], [ 3646422.531400002539158, 5077052.885200001299381 ], [ 3646446.269100002944469, 5077101.024999998509884 ], [ 3646511.103500001132488, 5077176.905799999833107 ], [ 3646638.835900001227856, 5077258.52250000089407 ], [ 3646703.9287, 5077308.00730000063777 ], [ 3646667.453299999237061, 5077339.396899998188019 ], [ 3646571.295800000429153, 5077391.342500001192093 ], [ 3646459.366700001060963, 5077467.133299998939037 ], [ 3646402.104400001466274, 5077520.997000001370907 ], [ 3646360.228799998760223, 5077609.283100001513958 ], [ 3646327.043700002133846, 5077669.951299998909235 ], [ 3646276.483599998056889, 5077768.447299998253584 ], [ 3646200.32599999755621, 5077877.596000000834465 ], [ 3646120.200099997222424, 5077951.015000000596046 ], [ 3646076.3772, 5078022.935100000351667 ], [ 3646041.146700002253056, 5078099.586300000548363 ], [ 3645999.339299999177456, 5078208.298599999397993 ], [ 3645973.073299996554852, 5078321.055700000375509 ], [ 3645918.109999999403954, 5078440.579199999570847 ], [ 3645896.991300001740456, 5078505.397199999541044 ], [ 3645893.846799999475479, 5078571.704799998551607 ], [ 3645929.337499998509884, 5078648.910000000149012 ], [ 3645991.757200002670288, 5078763.701499998569489 ], [ 3646034.338600002229214, 5078845.177700001746416 ], [ 3646088.689499996602535, 5078937.789700001478195 ], [ 3646154.137599997222424, 5079018.145599998533726 ], [ 3646204.523299999535084, 5079093.44200000166893 ], [ 3646219.028800003230572, 5079186.1554000005126 ], [ 3646204.213699996471405, 5079262.749800000339746 ], [ 3646184.349299997091293, 5079300.645300000905991 ], [ 3646096.920999996364117, 5079362.311000000685453 ], [ 3645954.006300002336502, 5079452.403099998831749 ], [ 3645849.657700002193451, 5079532.458500001579523 ], [ 3645745.890900000929832, 5079615.989100001752377 ], [ 3645687.997100003063679, 5079683.3224 ], [ 3645682.076399996876717, 5079775.609000001102686 ], [ 3645682.310999996960163, 5079892.123199999332428 ], [ 3645682.878600001335144, 5079899.913400001823902 ], [ 3645695.129000000655651, 5080068.044199999421835 ], [ 3645712.600699998438358, 5080213.960499998182058 ], [ 3645749.317699998617172, 5080317.520500000566244 ], [ 3645813.728500001132488, 5080413.834800001233816 ], [ 3645715.435599997639656, 5080442.94480000063777 ], [ 3645651.86370000243187, 5080485.026999998837709 ], [ 3645580.6963, 5080540.775299999862909 ], [ 3645502.881399996578693, 5080608.150299999862909 ], [ 3645468.436899997293949, 5080623.0504 ], [ 3645402.999899998307228, 5080633.813000001013279 ], [ 3645329.307300001382828, 5080633.8618 ], [ 3645296.74210000038147, 5080663.139199998229742 ], [ 3645240.407600000500679, 5080750.843100000172853 ], [ 3645213.622699998319149, 5080808.847600001841784 ], [ 3645201.187200002372265, 5080863.469200000166893 ], [ 3645224.997000001370907, 5080950.447900000959635 ], [ 3645280.495399996638298, 5081049.011799998581409 ], [ 3645296.1316, 5081110.325500000268221 ], [ 3645290.265500001609325, 5081132.406100001186132 ], [ 3645241.645999997854233, 5081193.006400000303984 ], [ 3645151.800800003111362, 5081275.65430000051856 ], [ 3645083.634499996900558, 5081386.088500000536442 ], [ 3645070.215300001204014, 5081459.165399998426437 ], [ 3645049.13629999756813, 5081561.836800001561642 ], [ 3644991.711900003254414, 5081664.503199998289347 ], [ 3644968.337200000882149, 5081737.854600001126528 ], [ 3644926.796800002455711, 5081928.724899999797344 ], [ 3644915.035599999129772, 5082044.083999998867512 ], [ 3644829.134700000286102, 5082215.765999998897314 ], [ 3644774.610500000417233, 5082315.372400000691414 ], [ 3644707.427799999713898, 5082425.293000001460314 ], [ 3644691.16889999806881, 5082485.993999999016523 ], [ 3644688.44709999859333, 5082567.740200001746416 ], [ 3644649.251400001347065, 5082609.163600001484156 ], [ 3644585.504000000655651, 5082645.273600000888109 ], [ 3644472.7993, 5082693.703200001269579 ], [ 3644405.897600002586842, 5082741.853900000452995 ], [ 3644384.923100002110004, 5082793.727600000798702 ], [ 3644362.954899996519089, 5082864.057 ], [ 3644326.924099996685982, 5082911.856300000101328 ], [ 3644255.044100001454353, 5082960.148899998515844 ], [ 3644238.141599997878075, 5082979.047600001096725 ], [ 3644290.89919999986887, 5083086.653900001198053 ], [ 3644321.64019999653101, 5083171.956799998879433 ], [ 3644330.842399999499321, 5083234.947599999606609 ], [ 3644318.803900003433228, 5083321.937699999660254 ], [ 3644289.556900002062321, 5083399.434999998658895 ], [ 3644274.257500000298023, 5083476.545000001788139 ], [ 3644256.376999996602535, 5083568.6739999987185 ], [ 3644249.923299998044968, 5083714.271200001239777 ], [ 3644227.470399998128414, 5083820.958299998193979 ], [ 3644183.940399996936321, 5083922.258099999278784 ], [ 3644146.920500002801418, 5083952.167300000786781 ], [ 3644088.212499998509884, 5083972.207400001585484 ], [ 3644027.475000001490116, 5083991.309000000357628 ], [ 3643952.06139999628067, 5084037.715399999171495 ], [ 3643884.819300003349781, 5084091.351700000464916 ], [ 3643788.202399998903275, 5084181.668999999761581 ], [ 3643693.790299996733665, 5084261.954799998551607 ], [ 3643630.926100000739098, 5084329.923799999058247 ], [ 3643564.754000000655651, 5084386.5287000015378 ], [ 3643498.242299996316433, 5084430.688499998301268 ], [ 3643388.657499998807907, 5084484.498700000345707 ], [ 3643303.719800002872944, 5084546.599399998784065 ], [ 3643220.293700002133846, 5084609.658500000834465 ], [ 3643130.330899998545647, 5084688.825800001621246 ], [ 3643050.208700001239777, 5084835.457600001245737 ], [ 3642984.835299998521805, 5085029.990600001066923 ], [ 3642953.189800001680851, 5085110.543099999427795 ], [ 3642832.410599999129772, 5085101.414700001478195 ], [ 3642700.171700000762939, 5085073.680100001394749 ], [ 3642597.858800001442432, 5085065.535100001841784 ], [ 3642485.892399996519089, 5085087.043200001120567 ], [ 3642395.249099999666214, 5085141.329 ], [ 3642314.496799997985363, 5085211.280900001525879 ], [ 3642251.081900000572205, 5085259.336899999529123 ], [ 3642209.990099996328354, 5085268.441700000315905 ], [ 3642115.4353, 5085271.040100000798702 ], [ 3641955.782200001180172, 5085296.841600000858307 ], [ 3641896.751800000667572, 5085323.369699999690056 ], [ 3641811.630599997937679, 5085397.415699999779463 ], [ 3641729.777699999511242, 5085463.412399999797344 ], [ 3641691.822899997234344, 5085477.907699998468161 ], [ 3641665.918200001120567, 5085477.627399999648333 ], [ 3641585.647600002586842, 5085456.422800000756979 ], [ 3641515.015500001609325, 5085459.356199998408556 ], [ 3641465.360799998044968, 5085487.281100001186132 ], [ 3641460.079300001263618, 5085490.251299999654293 ], [ 3641362.991099998354912, 5085563.640099998563528 ], [ 3641355.68129999935627, 5085570.028499998152256 ], [ 3641343.499700002372265, 5085580.674699999392033 ], [ 3641228.267099998891354, 5085681.38230000063777 ], [ 3641157.1294, 5085738.624200001358986 ], [ 3641090.199000000953674, 5085804.206300001591444 ], [ 3640962.676899999380112, 5085893.863699998706579 ], [ 3640882.924699999392033, 5085964.2837999984622 ], [ 3640824.100100003182888, 5086034.62779999896884 ], [ 3640785.197599999606609, 5086123.353300001472235 ], [ 3640758.665100000798702, 5086209.251800000667572 ], [ 3640710.219200000166893, 5086294.746100001037121 ], [ 3640638.93860000371933, 5086383.360100001096725 ], [ 3640587.9551, 5086431.076900001615286 ], [ 3640508.491999998688698, 5086475.591499999165535 ], [ 3640408.599399998784065, 5086519.674400001764297 ], [ 3640302.619199998676777, 5086559.9342 ], [ 3640208.155100002884865, 5086620.2939000017941 ], [ 3640134.721699997782707, 5086666.639699999243021 ], [ 3640075.039099998772144, 5086687.698899999260902 ], [ 3639924.610699996352196, 5086705.274099998176098 ], [ 3639681.660599999129772, 5086745.296999998390675 ], [ 3639556.123800002038479, 5086762.194499999284744 ], [ 3639402.857600003480911, 5086785.318399999290705 ], [ 3639278.916400000452995, 5086806.140599999576807 ], [ 3639203.180299997329712, 5086841.090700000524521 ], [ 3639127.781499996781349, 5086870.545699998736382 ], [ 3639030.543999999761581, 5086920.523699998855591 ], [ 3638875.302599996328354, 5087016.921 ], [ 3638787.616099998354912, 5087088.55009999871254 ], [ 3638716.23650000244379, 5087137.326499998569489 ], [ 3638636.928099997341633, 5087187.802299998700619 ], [ 3638507.563400000333786, 5087265.056000001728535 ], [ 3638380.340199999511242, 5087329.807900000363588 ], [ 3638249.574699997901917, 5087392.651799999177456 ], [ 3638145.618600003421307, 5087433.845199998468161 ], [ 3638065.465199999511242, 5087453.473400000482798 ], [ 3637973.984300002455711, 5087459.461599998176098 ], [ 3637813.294600002467632, 5087465.84910000115633 ], [ 3637637.367299996316433, 5087498.057399999350309 ], [ 3637518.567900002002716, 5087518.034200001507998 ], [ 3637506.480499997735023, 5087520.066799998283386 ], [ 3637401.171400003135204, 5087548.352200001478195 ], [ 3637278.793200001120567, 5087590.049600001424551 ], [ 3637191.696099996566772, 5087628.790399998426437 ], [ 3637091.503300003707409, 5087680.332600001245737 ], [ 3636994.165899999439716, 5087727.319600000977516 ], [ 3636916.085900001227856, 5087767.807799998670816 ], [ 3636819.5287000015378, 5087806.810499999672174 ], [ 3636716.809799998998642, 5087839.001899998635054 ], [ 3636608.361599996685982, 5087861.883299998939037 ], [ 3636472.204499997198582, 5087873.076699998229742 ], [ 3636325.12389999628067, 5087867.633299998939037 ], [ 3636161.247599996626377, 5087867.127999998629093 ], [ 3636101.908399999141693, 5087882.695900000631809 ], [ 3636008.393200002610683, 5087923.603500001132488 ], [ 3635949.876400001347065, 5087969.521000001579523 ], [ 3635872.106200002133846, 5088076.2401 ], [ 3635843.751800000667572, 5088109.367899999022484 ], [ 3635803.572599999606609, 5088156.311200000345707 ], [ 3635750.134900003671646, 5088224.013000000268221 ], [ 3635728.873599998652935, 5088247.130199998617172 ], [ 3635728.406800001859665, 5088247.637699998915195 ], [ 3635726.823100000619888, 5088249.3597999997437 ], [ 3635726.685199998319149, 5088249.50959999859333 ], [ 3635726.494000002741814, 5088249.717500001192093 ], [ 3635725.609300002455711, 5088250.679400000721216 ], [ 3635725.234099999070168, 5088251.08729999884963 ], [ 3635725.094300001859665, 5088251.23930000141263 ], [ 3635725.028399996459484, 5088251.310899998992682 ], [ 3635724.858400002121925, 5088251.495799999684095 ], [ 3635684.353699997067451, 5088295.536299999803305 ], [ 3635580.772299997508526, 5088369.08390000090003 ], [ 3635483.101899996399879, 5088422.061099998652935 ], [ 3635387.702500000596046, 5088485.427400000393391 ], [ 3635353.9956, 5088509.508099999278784 ], [ 3635320.288800001144409, 5088533.588700000196695 ], [ 3635226.529899999499321, 5088620.316300000995398 ], [ 3635133.387699998915195, 5088656.722699999809265 ], [ 3635045.95830000191927, 5088683.520700000226498 ], [ 3634927.306100003421307, 5088697.717099998146296 ], [ 3634785.365599997341633, 5088716.521499998867512 ], [ 3634725.744499996304512, 5088721.642000000923872 ], [ 3634748.634999997913837, 5088794.229699999094009 ], [ 3634770.939400002360344, 5088899.714000001549721 ], [ 3634815.031599998474121, 5089110.195000000298023 ], [ 3634861.750299997627735, 5089216.002599999308586 ], [ 3634932.044600002467632, 5089273.351599998772144 ], [ 3634998.436700001358986, 5089296.948699999600649 ], [ 3635204.585600003600121, 5089276.3849 ], [ 3635364.95549999922514, 5089275.991999998688698 ], [ 3635483.877700001001358, 5089290.172400001436472 ], [ 3635553.444300003349781, 5089320.654399998486042 ], [ 3635622.433899998664856, 5089384.511399999260902 ], [ 3635746.128899998962879, 5089482.249699998646975 ], [ 3635849.367299996316433, 5089560.116799999028444 ], [ 3635937.000299997627735, 5089668.3059 ], [ 3635974.347999997437, 5089777.363099999725819 ], [ 3636008.328500002622604, 5089836.200300000607967 ], [ 3636069.533399999141693, 5089888.82209999859333 ], [ 3636177.737400002777576, 5089929.696600001305342 ], [ 3636273.4087999984622, 5089985.863200001418591 ], [ 3636311.008199997246265, 5090031.154699999839067 ], [ 3636327.852799996733665, 5090118.8581000007689 ], [ 3636325.829999998211861, 5090245.422499999403954 ], [ 3636307.7195999994874, 5090330.098499998450279 ], [ 3636252.348499998450279, 5090454.638900000602007 ], [ 3636227.043300002813339, 5090531.048000000417233 ], [ 3636222.431800000369549, 5090800.141399998217821 ], [ 3636234.459299996495247, 5090966.682300001382828 ], [ 3636203.646099999547005, 5091060.668400000780821 ], [ 3636087.76070000231266, 5091322.352400001138449 ], [ 3636042.519599996507168, 5091398.300200000405312 ], [ 3635964.448399998247623, 5091530.940200001001358 ], [ 3635934.826700001955032, 5091631.870000001043081 ], [ 3635907.304999999701977, 5091773.083000000566244 ], [ 3635848.191699996590614, 5091979.923700001090765 ], [ 3635820.244599997997284, 5092142.078899998217821 ], [ 3635800.520099997520447, 5092277.103900000452995 ], [ 3635780.927100002765656, 5092325.96339999884367 ], [ 3635750.812899999320507, 5092372.11540000140667 ], [ 3635629.399800002574921, 5092596.097500000149012 ], [ 3635572.994099996984005, 5092682.812600001692772 ], [ 3635469.11150000244379, 5092891.869699999690056 ], [ 3635428.565700002014637, 5092957.741300001740456 ], [ 3635372.504699997603893, 5093057.403599999845028 ], [ 3635293.087499998509884, 5093159.195799998939037 ], [ 3635236.212300002574921, 5093228.992199998348951 ], [ 3635122.935500003397465, 5093331.212600000202656 ], [ 3635048.837300002574921, 5093408.945300001651049 ], [ 3634985.467100001871586, 5093496.356600001454353 ], [ 3634956.650200001895428, 5093590.292100001126528 ], [ 3634923.971199996769428, 5093688.821899998933077 ], [ 3634871.640799999237061, 5093760.977200001478195 ], [ 3634789.410899996757507, 5093869.328099999576807 ], [ 3634707.178000003099442, 5093995.604100000113249 ], [ 3634652.336099997162819, 5094085.272199999541044 ], [ 3634579.84179999679327, 5094166.952100001275539 ], [ 3634451.034100003540516, 5094302.97520000115037 ], [ 3634364.189300000667572, 5094406.468699999153614 ], [ 3634332.715000003576279, 5094476.072599999606609 ], [ 3634336.455300003290176, 5094595.025299999862909 ], [ 3634342.07490000128746, 5094837.9679000005126 ], [ 3634337.849600002169609, 5095011.9397 ], [ 3634309.975100003182888, 5095067.499600000679493 ], [ 3634256.8662, 5095111.293000001460314 ], [ 3634229.878100000321865, 5095144.407200001180172 ], [ 3634218.911799997091293, 5095217.435699999332428 ], [ 3634215.12780000269413, 5095389.408599998801947 ], [ 3634187.286899998784065, 5095592.420800000429153 ], [ 3634164.683700002729893, 5095640.362399999052286 ], [ 3634028.310699999332428, 5095443.816799998283386 ], [ 3633923.432599999010563, 5095306.195300001651049 ], [ 3633775.3257, 5095117.935199998319149 ], [ 3633695.969999998807907, 5095020.96229999884963 ], [ 3633626.574000000953674, 5094923.718400001525879 ], [ 3633567.700099997222424, 5094883.976100001484156 ], [ 3633553.598800003528595, 5094878.383600000292063 ], [ 3633483.857699997723103, 5094878.286800000816584 ], [ 3633419.8766999989748, 5094870.562300000339746 ], [ 3633347.011600002646446, 5094847.146000001579523 ], [ 3633281.521600000560284, 5094820.536800000816584 ], [ 3633201.280199997127056, 5094800.801699999719858 ], [ 3633131.48309999704361, 5094798.712400000542402 ], [ 3633020.916299998760223, 5094817.660700000822544 ], [ 3632920.964400000870228, 5094842.803199999034405 ], [ 3632821.688400000333786, 5094873.901299998164177 ], [ 3632741.756499998271465, 5094902.475999999791384 ], [ 3632692.670299999415874, 5094929.214699998497963 ], [ 3632624.023100003600121, 5095005.810600001364946 ], [ 3632571.935400001704693, 5095050.559300001710653 ], [ 3632512.428800001740456, 5095079.081500001251698 ], [ 3632475.417999997735023, 5095092.049400001764297 ], [ 3632405.760600000619888, 5095094.938099998980761 ], [ 3632292.099899999797344, 5095073.615299999713898 ], [ 3632102.541900001466274, 5094972.670299999415874 ], [ 3631994.452500000596046, 5094954.6831 ], [ 3631902.628899998962879, 5094954.253600001335144 ], [ 3631804.717399999499321, 5094906.532600000500679 ], [ 3631676.558200001716614, 5094902.360500000417233 ], [ 3631548.0537, 5094869.797699999064207 ], [ 3631465.273100003600121, 5094833.39640000090003 ], [ 3631318.77250000089407, 5094764.990800000727177 ], [ 3631183.402800001204014, 5094719.1798 ], [ 3631022.530199997127056, 5094653.205600000917912 ], [ 3630784.8926, 5094619.3885000012815 ], [ 3630596.29280000180006, 5094593.081599999219179 ], [ 3630405.324199996888638, 5094587.271600000560284 ], [ 3630266.943800002336502, 5094591.369800001382828 ], [ 3630186.024099998176098, 5094634.611299999058247 ], [ 3630072.003899998962879, 5094704.237399999052286 ], [ 3629978.858499996364117, 5094704.506900001317263 ], [ 3629939.864799998700619, 5094683.2423 ], [ 3629886.986299999058247, 5094663.882500000298023 ], [ 3629843.205300003290176, 5094615.353999998420477 ], [ 3629790.413199998438358, 5094514.789000000804663 ], [ 3629726.935999996960163, 5094373.188099998980761 ], [ 3629617.155799999833107, 5094164.71229999884963 ], [ 3629586.751999996602535, 5094062.986299999058247 ], [ 3629509.645999997854233, 5093915.306400001049042 ], [ 3629461.926100000739098, 5093834.518199998885393 ], [ 3629423.370099999010563, 5093726.563700001686811 ], [ 3629351.690999999642372, 5093610.6096 ], [ 3629284.10980000346899, 5093548.842000000178814 ], [ 3629134.991800002753735, 5093459.095400001853704 ], [ 3629091.979900002479553, 5093436.458299998193979 ], [ 3629019.953199997544289, 5093392.7544 ], [ 3628987.097999997437, 5093359.850999999791384 ], [ 3628935.156599998474121, 5093254.281300000846386 ], [ 3628882.464400000870228, 5093089.4441 ], [ 3628837.22919999808073, 5092940.832499999552965 ], [ 3628814.125699996948242, 5092850.355700001120567 ], [ 3628778.511500000953674, 5092808.067099999636412 ], [ 3628776.960699997842312, 5092755.808699999004602 ], [ 3628758.644599996507168, 5092742.898299999535084 ], [ 3628679.802400000393391, 5092738.253400001674891 ], [ 3628571.812100000679493, 5092775.810100000351667 ], [ 3628459.276000000536442, 5092811.017299998551607 ], [ 3628384.852099999785423, 5092838.124400001019239 ], [ 3628291.1941, 5092888.712600000202656 ], [ 3628163.235600002110004, 5092958.251200001686811 ], [ 3628120.946199998259544, 5092993.864900000393391 ], [ 3628044.529899999499321, 5093021.027199998497963 ], [ 3627985.798199996352196, 5093022.763399999588728 ], [ 3627955.748199999332428, 5093017.177499998360872 ], [ 3627889.233900003135204, 5092991.744800001382828 ], [ 3627826.637900002300739, 5092963.700500000268221 ], [ 3627745.508199997246265, 5092932.214000001549721 ], [ 3627612.272100001573563, 5092890.816199999302626 ], [ 3627507.33389999717474, 5092879.963500000536442 ], [ 3627357.430100001394749, 5092898.335099998861551 ], [ 3627204.214800000190735, 5092939.212499998509884 ], [ 3627101.160499997437, 5092992.068999998271465 ], [ 3627042.862999998033047, 5093025.678199999034405 ], [ 3626981.296800002455711, 5093100.225000001490116 ], [ 3626938.953699998557568, 5093201.595899999141693 ], [ 3626847.423900000751019, 5093341.293999999761581 ], [ 3626725.272900000214577, 5093422.111900001764297 ], [ 3626598.921400003135204, 5093462.19539999961853 ], [ 3626363.298100002110004, 5093496.541600000113249 ], [ 3626200.078599996864796, 5093519.282600000500679 ], [ 3626042.237800002098083, 5093555.81529999896884 ], [ 3625883.508000001311302, 5093578.922600001096725 ], [ 3625737.889899998903275, 5093573.746800001710653 ], [ 3625606.795000001788139, 5093605.004799999296665 ], [ 3625458.846100002527237, 5093673.130699999630451 ], [ 3625288.933799996972084, 5093705.532699998468161 ], [ 3625198.344200000166893, 5093708.194600000977516 ], [ 3625057.61599999666214, 5093716.817200001329184 ], [ 3624903.495999999344349, 5093744.271200001239777 ], [ 3624791.212499998509884, 5093788.420299999415874 ], [ 3624745.414899997413158, 5093789.76969999819994 ], [ 3624604.835199996829033, 5093803.369600001722574 ], [ 3624445.252099998295307, 5093780.663899999111891 ], [ 3624340.991300001740456, 5093792.704999998211861 ], [ 3624268.586199998855591, 5093803.796500001102686 ], [ 3624197.421999998390675, 5093874.138300001621246 ], [ 3624101.096500001847744, 5093986.568300001323223 ], [ 3623978.207500003278255, 5094144.619100000709295 ], [ 3623868.690099999308586, 5094198.151700001209974 ], [ 3623747.22240000218153, 5094252.037599999457598 ], [ 3623604.826700001955032, 5094356.354800000786781 ], [ 3623578.780000001192093, 5094402.454500000923872 ], [ 3623538.499200001358986, 5094422.066599998623133 ], [ 3623499.148599997162819, 5094473.047400001436472 ], [ 3623467.570299997925758, 5094483.436700001358986 ], [ 3623452.829700000584126, 5094456.469799999147654 ], [ 3623424.474600002169609, 5094406.989599999040365 ], [ 3623379.224500000476837, 5094426.75 ], [ 3623289.311300002038479, 5094452.301300000399351 ], [ 3623197.543099999427795, 5094432.082800000905991 ], [ 3623119.586800001561642, 5094406.973900001496077 ], [ 3623015.063500002026558, 5094410.048700001090765 ], [ 3622906.09910000115633, 5094431.675200000405312 ], [ 3622778.500600002706051, 5094412.504599999636412 ], [ 3622703.323899999260902, 5094392.391800001263618 ], [ 3622640.922399997711182, 5094375.696800000965595 ], [ 3622544.55349999666214, 5094351.124899998307228 ], [ 3622481.77759999781847, 5094384.857500001788139 ], [ 3622430.712999999523163, 5094427.198600001633167 ], [ 3622381.460299998521805, 5094446.581000000238419 ], [ 3622299.333099998533726, 5094448.994600001722574 ], [ 3622213.630900003015995, 5094465.460799999535084 ], [ 3622133.229699999094009, 5094526.598799999803305 ], [ 3622056.619400002062321, 5094547.276399999856949 ], [ 3621952.085500001907349, 5094550.348400000482798 ], [ 3621883.500600002706051, 5094538.9087999984622 ], [ 3621783.179399996995926, 5094532.389499999582767 ], [ 3621596.226999998092651, 5094510.965799998492002 ], [ 3621458.640600003302097, 5094473.655000001192093 ], [ 3621320.126599997282028, 5094404.984900001436472 ], [ 3621217.403599999845028, 5094316.825100000947714 ], [ 3621065.446000002324581, 5094180.302700001746416 ], [ 3620954.031000003218651, 5094101.364399999380112 ], [ 3620862.153999999165535, 5094077.156199999153614 ], [ 3620724.570000000298023, 5094039.8429000005126 ], [ 3620619.379100002348423, 5094020.50450000166893 ], [ 3620486.415399998426437, 5093988.040100000798702 ], [ 3620426.606700003147125, 5093952.927499998360872 ], [ 3620311.299099996685982, 5093910.971599999815226 ], [ 3620269.28490000218153, 5093871.347500000149012 ], [ 3620227.002999998629093, 5093822.272599998861551 ], [ 3620195.683499999344349, 5093841.621300000697374 ], [ 3620173.178000003099442, 5093855.731699999421835 ], [ 3620056.425399996340275, 5093900.5033 ], [ 3619852.249799996614456, 5093919.928300000727177 ], [ 3619598.960500001907349, 5093895.459499999880791 ], [ 3619373.8059, 5093810.886999998241663 ], [ 3619218.615699999034405, 5093801.978100001811981 ], [ 3618964.945799998939037, 5093832.310499999672174 ], [ 3618692.833999998867512, 5093862.689899999648333 ], [ 3618397.846100002527237, 5093894.230200000107288 ], [ 3618288.971400000154972, 5093901.901399999856949 ], [ 3618256.449100002646446, 5093879.9309 ], [ 3618177.980099998414516, 5093836.895799998193979 ], [ 3618091.865099996328354, 5093771.160000000149012 ], [ 3617963.299999997019768, 5093565.193999998271465 ], [ 3617829.101000003516674, 5093336.970899999141693 ], [ 3617710.960699997842312, 5093181.0168999992311 ], [ 3617626.581299997866154, 5093106.263399999588728 ], [ 3617597.885399997234344, 5093061.767799999564886 ], [ 3617515.3257, 5093032.304900001734495 ], [ 3617328.772100001573563, 5093023.803899999707937 ], [ 3617156.187399998307228, 5093033.327199999243021 ], [ 3617048.026900000870228, 5093082.319200001657009 ], [ 3616954.415200002491474, 5093134.859299998730421 ], [ 3616802.671300001442432, 5093243.904199998825788 ], [ 3616721.083599999547005, 5093332.966099999845028 ], [ 3616637.901100002229214, 5093435.526599999517202 ], [ 3616580.394799999892712, 5093496.484200000762939 ], [ 3616507.85809999704361, 5093503.078099999576807 ], [ 3616380.431999996304512, 5093506.797200001776218 ], [ 3616344.639399997889996, 5093526.280999999493361 ], [ 3616268.811599999666214, 5093573.822599999606609 ], [ 3616189.4712999984622, 5093671.781700000166893 ], [ 3616097.987499997019768, 5093797.494600001722574 ], [ 3616026.90820000320673, 5093853.86939999833703 ], [ 3615660.901199996471405, 5094183.367199998348951 ], [ 3615550.724299997091293, 5094300.164700001478195 ], [ 3615506.391000002622604, 5094351.772599998861551 ], [ 3615499.816799998283386, 5094433.660599999129772 ], [ 3615489.977700002491474, 5094540.555700000375509 ], [ 3615456.017499998211861, 5094640.185199998319149 ], [ 3615411.545800000429153, 5094686.813900001347065 ], [ 3615336.24889999628067, 5094752.778900001198053 ], [ 3615333.887699998915195, 5094825.576200000941753 ], [ 3615348.92679999768734, 5094879.942200001329184 ], [ 3615373.416299998760223, 5094934.021800000220537 ], [ 3615366.168799996376038, 5094993.026200000196695 ], [ 3615333.415500000119209, 5095048.774700000882149 ], [ 3615298.2753000035882, 5095090.655600000172853 ], [ 3615331.589000001549721, 5095139.996500000357628 ], [ 3615397.462399996817112, 5095229.24549999833107 ], [ 3615668.039800003170967, 5095453.506799999624491 ], [ 3615813.417499996721745, 5095604.204 ], [ 3615834.247400000691414, 5095639.286299999803305 ], [ 3615866.337700001895428, 5095693.333599999547005 ], [ 3615868.704499997198582, 5095701.920499999076128 ], [ 3615896.555600002408028, 5095802.967500001192093 ], [ 3615915.920400001108646, 5095873.225499998778105 ], [ 3616205.840199999511242, 5096948.354600001126528 ], [ 3616227.160499997437, 5097010.448600001633167 ], [ 3616269.713100001215935, 5097134.380399998277426 ], [ 3616276.184799998998642, 5097153.228900000452995 ], [ 3616293.125200003385544, 5097202.566799998283386 ], [ 3616302.208999998867512, 5097229.022799998521805 ], [ 3616340.415399998426437, 5097291.681099999696016 ], [ 3616727.03320000320673, 5097599.26069999858737 ], [ 3617107.448899999260902, 5097847.728300001472235 ], [ 3617409.862499997019768, 5098052.136599998921156 ], [ 3617429.313100002706051, 5098099.101599998772144 ], [ 3617457.766800001263618, 5098158.469200000166893 ], [ 3617540.789300002157688, 5098322.951099999248981 ], [ 3617615.298900000751019, 5098451.810600001364946 ], [ 3617603.885899998247623, 5098504.458000000566244 ], [ 3617560.523400001227856, 5098623.310499999672174 ], [ 3617429.463200002908707, 5098776.114100001752377 ], [ 3617392.464900001883507, 5098771.707699999213219 ], [ 3617324.694200001657009, 5098771.19480000063777 ], [ 3617259.718299999833107, 5098781.065499998629093 ], [ 3617158.574600003659725, 5098815.403299998492002 ], [ 3617035.448700003325939, 5098881.2804000005126 ], [ 3616900.580200001597404, 5098903.648899998515844 ], [ 3616667.433399997651577, 5098887.53830000013113 ], [ 3616504.8699000030756, 5098865.87220000103116 ], [ 3616287.031199999153614, 5098827.883900001645088 ], [ 3616164.501599997282028, 5098828.97520000115037 ], [ 3616037.332999996840954, 5098859.086399998515844 ], [ 3615880.129299998283386, 5098918.477200001478195 ], [ 3615777.020099997520447, 5098970.812699999660254 ], [ 3615660.649999998509884, 5098995.131299998611212 ], [ 3615506.247500002384186, 5098997.132599998265505 ], [ 3615348.387599997222424, 5098982.801600001752377 ], [ 3615288.888800002634525, 5098992.5121 ], [ 3615248.726999998092651, 5099033.53999999910593 ], [ 3615204.47070000320673, 5099138.964400000870228 ], [ 3615148.685199998319149, 5099276.600900001823902 ], [ 3615090.088100001215935, 5099419.807799998670816 ], [ 3615035.29900000244379, 5099523.047600001096725 ], [ 3614998.971900001168251, 5099610.306400001049042 ], [ 3614991.56530000269413, 5099715.151599999517202 ], [ 3614946.523800000548363, 5099776.754700001329184 ], [ 3614807.2588, 5099904.874899998307228 ], [ 3614603.454999998211861, 5100075.230900000780821 ], [ 3614166.975299999117851, 5100417.278099998831749 ], [ 3614039.520000003278255, 5100523.135800000280142 ], [ 3613967.548699997365475, 5100532.705800000578165 ], [ 3613878.553599998354912, 5100522.335700001567602 ], [ 3613824.054700002074242, 5100618.596000000834465 ], [ 3613762.549199998378754, 5100662.2324 ], [ 3613645.070000000298023, 5100751.849399998784065 ], [ 3613543.228100001811981, 5100916.251400001347065 ], [ 3613507.976499997079372, 5100972.081700000911951 ], [ 3613443.61599999666214, 5101089.055500000715256 ], [ 3613437.952399998903275, 5101121.644299998879433 ], [ 3613430.386799998581409, 5101165.17680000141263 ], [ 3613433.495999999344349, 5101460.555100001394749 ], [ 3613403.201899997889996, 5101584.01630000025034 ], [ 3613343.503499999642372, 5101604.191799998283386 ], [ 3613244.784999996423721, 5101602.07319999858737 ], [ 3613082.072999998927116, 5101575.4189000017941 ], [ 3612957.023800000548363, 5101576.065099999308586 ], [ 3612827.344899997115135, 5101571.859299998730421 ], [ 3612715.3074000030756, 5101591.559500001370907 ], [ 3612630.521899998188019, 5101622.918200001120567 ], [ 3612465.209700003266335, 5101695.486299999058247 ], [ 3612386.451999999582767, 5101763.054099999368191 ], [ 3612255.640600003302097, 5101839.59910000115633 ], [ 3612148.456200003623962, 5101923.432300001382828 ], [ 3612060.646300002932549, 5102022.651299998164177 ], [ 3611991.783900000154972, 5102173.639199998229742 ], [ 3611933.095200002193451, 5102314.363200001418591 ], [ 3611842.100400000810623, 5102424.133000001311302 ], [ 3611681.344700001180172, 5102533.443500000983477 ], [ 3611547.246100001037121, 5102600.119199998676777 ], [ 3611385.486900001764297, 5102675.073600001633167 ], [ 3611230.517800003290176, 5102726.407999999821186 ], [ 3611103.7804000005126, 5102771.944600000977516 ], [ 3610984.893200002610683, 5102796.314599998295307 ], [ 3610887.4912, 5102856.943 ], [ 3610790.213200002908707, 5103024.69539999961853 ], [ 3610757.695200003683567, 5103140.744300000369549 ], [ 3610759.676600001752377, 5103294.658300001174212 ], [ 3610812.257799997925758, 5103424.1853 ], [ 3610854.538999997079372, 5103566.542700000107288 ], [ 3610861.414300002157688, 5103589.691199999302626 ], [ 3610876.048699997365475, 5103819.479100000113249 ], [ 3610883.255900003015995, 5103877.892200000584126 ], [ 3610888.052400000393391, 5103916.766699999570847 ], [ 3610917.095600001513958, 5104152.157800000160933 ], [ 3610913.378100000321865, 5104298.761199999600649 ], [ 3610871.449000000953674, 5104365.256299998611212 ], [ 3610742.389300003647804, 5104416.844399999827147 ], [ 3610628.697599999606609, 5104448.538400001823902 ], [ 3610475.612800002098083, 5104479.387699998915195 ], [ 3610320.111000001430511, 5104512.800299998372793 ], [ 3610080.042999997735023, 5104585.536899998784065 ], [ 3609999.032799996435642, 5104592.86600000038743 ], [ 3609871.574100002646446, 5104596.563200000673532 ], [ 3609649.509999997913837, 5104603.002399999648333 ], [ 3609422.23030000180006, 5104583.927000001072884 ], [ 3609168.259199999272823, 5104408.656300000846386 ], [ 3608950.027699999511242, 5104495.713700000196695 ], [ 3608823.22580000013113, 5104567.972699999809265 ], [ 3608672.076200000941753, 5104610.588700000196695 ], [ 3608389.457999996840954, 5104577.096999999135733 ], [ 3608268.980999998748302, 5104644.669199999421835 ], [ 3607989.729999996721745, 5104893.129700001329184 ], [ 3607945.1074, 5104995.694299999624491 ], [ 3607984.440200001001358, 5105058.254000000655651 ], [ 3608127.020400002598763, 5105202.788100000470877 ], [ 3608167.358800001442432, 5105297.212799999862909 ], [ 3608215.018100000917912, 5105466.148400001227856 ], [ 3608295.3733000010252, 5105660.486299999058247 ], [ 3608435.852700002491474, 5105896.780499998480082 ], [ 3608465.576999999582767, 5105986.558400001376867 ], [ 3608568.21509999781847, 5106382.523800000548363 ], [ 3608544.326099999248981, 5106463.013799998909235 ], [ 3608498.200499996542931, 5106517.789599999785423 ], [ 3608405.110200002789497, 5106600.455600000917912 ], [ 3608231.045199997723103, 5106818.719200000166893 ], [ 3608089.494300000369549, 5106881.968899998813868 ], [ 3607964.203400000929832, 5106955.18019999936223 ], [ 3607846.564499996602535, 5107113.364999998360872 ], [ 3607799.989200003445148, 5107312.67960000038147 ], [ 3607783.915899999439716, 5107483.635099999606609 ], [ 3607736.979800000786781, 5107687.453200001269579 ], [ 3607562.076800003647804, 5107863.38459999859333 ], [ 3607335.056999996304512, 5108093.788699999451637 ], [ 3607068.208999998867512, 5108262.133099999278784 ], [ 3606995.846500001847744, 5108322.7195999994874 ], [ 3606931.299400001764297, 5108473.762800000607967 ], [ 3606854.128799997270107, 5108555.922699999064207 ], [ 3606752.113200001418591, 5108720.10869999974966 ], [ 3606678.637000001966953, 5108856.477000001817942 ], [ 3606646.842100001871586, 5109003.014199998229742 ], [ 3606621.881700001657009, 5109287.881799999624491 ], [ 3606543.858400002121925, 5109661.152300000190735 ], [ 3606462.793300002813339, 5109842.122400000691414 ], [ 3606352.259199999272823, 5109877.488800000399351 ], [ 3606236.741899996995926, 5109928.949999999254942 ], [ 3606079.926399998366833, 5109998.652899999171495 ], [ 3605850.398599997162819, 5110149.891199998557568 ], [ 3605614.535400003194809, 5110257.948399998247623 ], [ 3605460.034999996423721, 5110313.962999999523163 ], [ 3605285.783299997448921, 5110432.615899998694658 ], [ 3605156.135899998247623, 5110549.423799999058247 ], [ 3604817.380199998617172, 5110810.229699999094009 ], [ 3604625.349200002849102, 5110949.318799998611212 ], [ 3604478.790799997746944, 5111028.667100001126528 ], [ 3604267.492499999701977, 5111061.690099999308586 ], [ 3604076.609700001776218, 5111078.119699999690056 ], [ 3603908.143799997866154, 5111142.195900000631809 ], [ 3603777.351099997758865, 5111199.617400001734495 ], [ 3603668.828699998557568, 5111299.704799998551607 ], [ 3603616.878300003707409, 5111344.196199998259544 ], [ 3603600.124899998307228, 5111477.800900001078844 ], [ 3603493.069300003349781, 5111800.653900001198053 ], [ 3603474.302000001072884, 5111885.968899998813868 ], [ 3603540.376299999654293, 5111958.679200001060963 ], [ 3603623.53830000013113, 5112067.72690000012517 ], [ 3603731.247699998319149, 5112173.451099999248981 ], [ 3603750.026500001549721, 5112191.8838 ], [ 3603909.212499998509884, 5112356.882100000977516 ], [ 3604010.667599998414516, 5112541.134500000625849 ], [ 3604012.83500000089407, 5112610.348099999129772 ], [ 3603987.781300000846386, 5112669.955899998545647 ], [ 3603872.748999997973442, 5112721.394999999552965 ], [ 3603610.983499996364117, 5112846.712799999862909 ], [ 3603392.3662, 5112997.100299999117851 ], [ 3603285.984399996697903, 5113165.908599998801947 ], [ 3603258.415700003504753, 5113304.85190000012517 ], [ 3603217.089800000190735, 5113514.004799999296665 ], [ 3603327.318099997937679, 5113643.653499998152256 ], [ 3603390.090300001204014, 5113786.247000001370907 ], [ 3603560.581299997866154, 5114137.83729999884963 ], [ 3603553.112700000405312, 5114233.7787000015378 ], [ 3603251.336900003254414, 5114451.069499999284744 ], [ 3603161.700800001621246, 5114469.818900000303984 ], [ 3602953.204800002276897, 5114433.96229999884963 ], [ 3602778.408600002527237, 5114455.3614999987185 ], [ 3602625.688199996948242, 5114529.423500001430511 ], [ 3602452.376599997282028, 5114598.637200001627207 ], [ 3602398.925700001418591, 5114594.816500000655651 ], [ 3602220.4695999994874, 5114499.189300000667572 ], [ 3602023.933799996972084, 5114494.851599998772144 ], [ 3601928.972800001502037, 5114518.754099998623133 ], [ 3601929.980999998748302, 5114551.126299999654293 ], [ 3601930.138099998235703, 5114732.073300000280142 ], [ 3602000.513300001621246, 5114942.731899999082088 ], [ 3602105.96169999986887, 5115079.022599998861551 ], [ 3602151.27419999986887, 5115141.414299998432398 ], [ 3602291.883900001645088, 5115222.275800000876188 ], [ 3602480.129299998283386, 5115280.2010000012815 ], [ 3602611.268299996852875, 5115393.256999999284744 ], [ 3602704.072999998927116, 5115475.612700000405312 ], [ 3602897.467200003564358, 5115538.860300000756979 ], [ 3602942.950900003314018, 5115638.644200000911951 ], [ 3602970.511799998581409, 5115834.694600000977516 ], [ 3603022.17849999666214, 5116308.160900000482798 ], [ 3603102.698700003325939, 5116492.092000000178814 ], [ 3603164.778399996459484, 5116612.287999998778105 ], [ 3603366.662399999797344, 5116771.496100001037121 ], [ 3603523.520900003612041, 5116957.525499999523163 ], [ 3603488.877300001680851, 5117077.255399998277426 ], [ 3603387.910300001502037, 5117292.280900001525879 ], [ 3603380.28490000218153, 5117383.258900001645088 ], [ 3603437.724200002849102, 5117514.564800001680851 ], [ 3603522.726599998772144, 5117682.412000000476837 ], [ 3603543.177599996328354, 5117826.343899998813868 ], [ 3603573.073700003325939, 5118113.074299998581409 ], [ 3603527.915500000119209, 5118199.73030000180006 ], [ 3603594.980599999427795, 5118332.29619999974966 ], [ 3603605.575300000607967, 5118353.238499999046326 ], [ 3603607.616599999368191, 5118357.273600000888109 ], [ 3603616.445000000298023, 5118372.34010000154376 ], [ 3603623.476099997758865, 5118384.339299999177456 ], [ 3603831.956699997186661, 5118740.130300000309944 ], [ 3603849.113899998366833, 5118783.425299998372793 ], [ 3603853.798100002110004, 5118795.2456 ], [ 3603856.634800001978874, 5118802.403900001198053 ], [ 3603866.564900003373623, 5118827.46169999986887 ], [ 3603913.139399997889996, 5118944.989100001752377 ], [ 3603842.427000001072884, 5119075.332600001245737 ], [ 3603851.067100003361702, 5119176.263000000268221 ], [ 3604020.901900000870228, 5119505.992899999022484 ], [ 3604157.607299998402596, 5119971.871300000697374 ], [ 3604193.142899997532368, 5120087.921799998730421 ], [ 3604110.789899997413158, 5120180.732900001108646 ], [ 3603966.517700001597404, 5120318.360199999064207 ], [ 3603837.682199999690056, 5120447.5287000015378 ], [ 3603708.845600001513958, 5120576.697200000286102 ], [ 3603488.857299998402596, 5120684.777199998497963 ], [ 3603277.834499999880791, 5120744.71059999987483 ], [ 3603149.003600001335144, 5120706.351300001144409 ], [ 3602798.829700000584126, 5120589.146200001239777 ], [ 3602557.435900002717972, 5120522.392200000584126 ], [ 3602369.153899997472763, 5120448.496100001037121 ], [ 3602215.243900001049042, 5120469.245900001376867 ], [ 3602037.579700000584126, 5120559.55350000038743 ], [ 3601910.740199998021126, 5120584.938900001347065 ], [ 3601702.868299998342991, 5120569.986200001090765 ], [ 3601607.898299999535084, 5120594.381000000983477 ], [ 3601566.893500000238419, 5120638.54280000180006 ], [ 3601465.104599997401237, 5120795.767900001257658 ], [ 3601324.802199997007847, 5120901.350900001823902 ], [ 3601158.769100002944469, 5121029.174699999392033 ], [ 3601093.99889999628067, 5121174.793299999088049 ], [ 3601103.822300001978874, 5121314.089099999517202 ], [ 3601085.227300003170967, 5121405.406500000506639 ], [ 3600947.413800001144409, 5121590.686299998313189 ], [ 3600643.219499997794628, 5121893.337499998509884 ], [ 3600539.101300001144409, 5121992.3037 ], [ 3600476.512199997901917, 5122031.652899999171495 ], [ 3600338.685099996626377, 5122056.884100001305342 ], [ 3600035.833499997854233, 5122050.35869999974966 ], [ 3599955.321800000965595, 5122026.438700001686811 ], [ 3599844.259700000286102, 5121886.291400000452995 ], [ 3599693.66780000180006, 5121821.679299999028444 ], [ 3599561.496100001037121, 5121852.214000001549721 ], [ 3599408.734099999070168, 5121894.360500000417233 ], [ 3599311.445699997246265, 5121844.035000000149012 ], [ 3599120.145700000226498, 5121672.990299999713898 ], [ 3598845.563199996948242, 5121404.813000001013279 ], [ 3598805.792700000107288, 5121380.695000000298023 ], [ 3598645.349399998784065, 5121283.39750000089407 ], [ 3598487.795999996364117, 5121187.083099998533726 ], [ 3598399.973300002515316, 5121088.5929000005126 ], [ 3598278.129299998283386, 5120937.820999998599291 ], [ 3598176.674900002777576, 5120914.0482 ], [ 3598044.524300001561642, 5120945.084300000220537 ], [ 3597886.786200001835823, 5121003.331500001251698 ], [ 3597820.705600000917912, 5120962.508000001311302 ], [ 3597740.351400002837181, 5120944.055300001055002 ], [ 3597616.1765, 5120878.613099999725819 ], [ 3597512.736100003123283, 5120807.041900001466274 ], [ 3597411.624700002372265, 5120810.182599999010563 ], [ 3597283.940200001001358, 5120808.6537000015378 ], [ 3597146.336599998176098, 5120647.899099998176098 ], [ 3597062.884999997913837, 5120569.472600001841784 ], [ 3597052.597000002861023, 5120559.804000001400709 ], [ 3597041.2246999964118, 5120549.116500001400709 ], [ 3597041.022699996829033, 5120548.926699999719858 ], [ 3597031.303599998354912, 5120539.79280000180006 ], [ 3596494.89580000191927, 5120396.889600001275539 ], [ 3596486.818199999630451, 5120394.0482 ], [ 3596477.421499997377396, 5120390.742800001055002 ], [ 3596466.067500002682209, 5120386.748799998313189 ], [ 3596435.51240000128746, 5120376.000599998980761 ], [ 3596285.202799998223782, 5120323.127099998295307 ], [ 3596180.441399998962879, 5120369.250799998641014 ], [ 3595870.423699997365475, 5120516.970199998468161 ], [ 3595692.251299999654293, 5120607.74210000038147 ], [ 3595470.4324000030756, 5120657.501299999654293 ], [ 3595262.243500001728535, 5120632.044799998402596 ], [ 3595243.028800003230572, 5120664.533399999141693 ], [ 3595226.949400000274181, 5120691.720800001174212 ], [ 3595191.655299998819828, 5120751.396600000560284 ], [ 3595050.133699998259544, 5120995.092300001531839 ], [ 3594955.98589999973774, 5121046.366599999368191 ], [ 3594837.243100002408028, 5121156.241399999707937 ], [ 3594740.41950000077486, 5121297.848900001496077 ], [ 3594630.642399996519089, 5121520.623799998313189 ], [ 3594602.395199999213219, 5121638.66609999909997 ], [ 3594514.99210000038147, 5121907.616500001400709 ], [ 3594281.284299999475479, 5122266.355099998414516 ], [ 3594085.638400003314018, 5122469.350400000810623 ], [ 3593964.093999996781349, 5122489.072900000959635 ], [ 3593828.802699998021126, 5122418.967300001531839 ], [ 3593596.042999997735023, 5122324.956000000238419 ], [ 3593316.63400000333786, 5122221.906399998813868 ], [ 3593188.6266999989748, 5122209.907400000840425 ], [ 3592987.037299998104572, 5122221.127900000661612 ], [ 3592690.487199999392033, 5122273.170499999076128 ], [ 3592578.425700001418591, 5122260.678399998694658 ], [ 3592434.136799998581409, 5122238.214400000870228 ], [ 3592180.24719999730587, 5122283.454500000923872 ], [ 3591817.960799999535084, 5122257.254799999296665 ], [ 3591691.770000003278255, 5122304.0304000005126 ], [ 3591534.099200002849102, 5122400.226399999111891 ], [ 3591518.196900002658367, 5122409.92850000038743 ], [ 3591517.127899996936321, 5122410.580699998885393 ], [ 3591506.276100002229214, 5122417.201499998569489 ], [ 3591498.956699997186661, 5122421.667100001126528 ], [ 3591218.104599997401237, 5122659.188799999654293 ], [ 3591215.334899999201298, 5122662.800200000405312 ], [ 3591209.269199997186661, 5122670.709199998527765 ], [ 3591204.513800002634525, 5122676.909800000488758 ], [ 3591200.07660000026226, 5122682.69539999961853 ], [ 3591126.069899998605251, 5122779.192400000989437 ], [ 3591045.462300002574921, 5122929.764400001615286 ], [ 3590953.263800002634525, 5123044.296799998730421 ], [ 3590807.60980000346899, 5123155.488099999725819 ], [ 3590682.548000000417233, 5123239.1272 ], [ 3590574.909199997782707, 5123354.130800001323223 ], [ 3590289.702200002968311, 5123596.770899999886751 ], [ 3590205.180100001394749, 5123620.8191 ], [ 3589927.531300000846386, 5123671.761300001293421 ], [ 3589736.290399998426437, 5123808.292399998754263 ], [ 3589521.92509999871254, 5124036.277699999511242 ], [ 3589278.836800001561642, 5124027.816100001335144 ], [ 3588923.560000002384186, 5124294.540100000798702 ], [ 3588774.064400002360344, 5124281.20160000026226 ], [ 3588457.317400000989437, 5124147.344999998807907 ], [ 3588131.745899997651577, 5124067.11430000141263 ], [ 3587972.288800001144409, 5124167.760000001639128 ], [ 3587742.978299997746944, 5124289.838799998164177 ], [ 3587739.965800002217293, 5124291.442600000649691 ], [ 3587730.870300002396107, 5124296.284800000488758 ], [ 3587730.424199998378754, 5124296.522300001233816 ], [ 3587725.122299998998642, 5124299.344900000840425 ], [ 3587711.890000000596046, 5124306.389400001615286 ], [ 3587706.886200003325939, 5124309.053300000727177 ], [ 3587385.2632, 5124616.315699998289347 ], [ 3587381.597199998795986, 5124619.818 ], [ 3587372.589500002563, 5124628.423500001430511 ], [ 3587371.358300000429153, 5124629.599700000137091 ], [ 3587365.440999999642372, 5124635.25279999896884 ], [ 3587349.885600000619888, 5124650.113699998706579 ], [ 3587085.209100000560284, 5124944.952599998563528 ], [ 3586858.794200003147125, 5124923.365499999374151 ], [ 3586429.055500000715256, 5124767.3191 ], [ 3586406.178999997675419, 5124759.012200001627207 ], [ 3586386.447899997234344, 5124751.847500000149012 ], [ 3586417.640100002288818, 5124880.46510000154376 ], [ 3586512.576099999248981, 5125126.643300000578165 ], [ 3586551.616800002753735, 5125326.318300001323223 ], [ 3586536.1316, 5125505.852099999785423 ], [ 3586466.197300001978874, 5125697.671399999409914 ], [ 3586362.596699997782707, 5125836.7483000010252 ], [ 3586120.242399998009205, 5126062.203699998557568 ], [ 3585945.715300001204014, 5126198.146200001239777 ], [ 3585814.905000001192093, 5126343.61430000141263 ], [ 3585755.343400001525879, 5126502.673599999397993 ], [ 3585697.41330000013113, 5126665.674899999052286 ], [ 3585663.926399998366833, 5126722.081000000238419 ], [ 3585640.758699998259544, 5126761.721900001168251 ], [ 3585412.42509999871254, 5127049.558600001037121 ], [ 3585307.570699997246265, 5127241.542300000786781 ], [ 3585275.901500001549721, 5127293.960299998521805 ], [ 3585276.684000000357628, 5127332.829500000923872 ], [ 3585417.776699997484684, 5127692.70719999819994 ], [ 3585383.7971, 5127750.67960000038147 ], [ 3585289.646499998867512, 5127904.412000000476837 ], [ 3585185.7483000010252, 5128079.909099999815226 ], [ 3585179.226999998092651, 5128109.0489999987185 ], [ 3585272.009800001978874, 5128561.296599999070168 ], [ 3585377.426299996674061, 5128837.586300000548363 ], [ 3585314.746399998664856, 5129128.420699998736382 ], [ 3585151.628100000321865, 5129277.962099999189377 ], [ 3585041.250299997627735, 5129443.921900000423193 ], [ 3585034.01070000231266, 5129454.807 ], [ 3585032.130400002002716, 5129457.634100001305342 ], [ 3585026.1228, 5129466.666900001466274 ], [ 3585003.412000000476837, 5129500.813900001347065 ], [ 3584664.926100000739098, 5129806.774300001561642 ], [ 3584648.230099998414516, 5129814.665699999779463 ], [ 3584634.83839999884367, 5129820.995400000363588 ], [ 3584632.704199999570847, 5129822.004099998623133 ], [ 3584624.777900002896786, 5129825.750500001013279 ], [ 3584445.917999997735023, 5129910.289500001817942 ], [ 3584236.079000003635883, 5130019.473999999463558 ], [ 3583986.687899999320507, 5130018.747999999672174 ], [ 3583714.148400001227856, 5130072.153299998492002 ], [ 3583385.833400003612041, 5130052.598999999463558 ], [ 3583232.789700001478195, 5130054.662300001829863 ], [ 3583135.348099999129772, 5130109.260600000619888 ], [ 3583050.442199997603893, 5130286.628699999302626 ], [ 3582919.386900000274181, 5130501.431600000709295 ], [ 3582802.000100001692772, 5130571.1435999982059 ], [ 3582768.70440000295639, 5130740.818500000983477 ], [ 3582745.88910000026226, 5130789.949999999254942 ], [ 3582305.701700001955032, 5130600.015599999576807 ], [ 3582210.266699999570847, 5130534.34010000154376 ], [ 3582071.889499999582767, 5130346.401500001549721 ], [ 3581865.555500000715256, 5130199.610500000417233 ], [ 3581616.960600003600121, 5130132.511900000274181 ], [ 3581427.074199996888638, 5130121.329 ], [ 3581335.980499997735023, 5130187.175900001078844 ], [ 3581265.310599997639656, 5130267.312600001692772 ], [ 3581270.980599999427795, 5130393.79839999973774 ], [ 3581242.681599996984005, 5130458.0793999992311 ], [ 3581194.955700002610683, 5130462.645199999213219 ], [ 3581025.165500000119209, 5130425.85249999910593 ], [ 3580902.90089999884367, 5130453.8310999982059 ], [ 3580814.325599998235703, 5130505.133900001645088 ], [ 3580714.675499998033047, 5130583.728500001132488 ], [ 3580650.801600001752377, 5130597.80799999833107 ], [ 3580502.157399997115135, 5130550.554900001734495 ], [ 3580350.902300000190735, 5130502.471799999475479 ], [ 3580210.326899997889996, 5130459.224500000476837 ], [ 3580107.705899998545647, 5130507.996500000357628 ], [ 3580003.647299997508526, 5130634.614199999719858 ], [ 3579895.735100001096725, 5130659.129000000655651 ], [ 3579661.712399996817112, 5130580.063799999654293 ], [ 3579601.831900000572205, 5130488.268100000917912 ], [ 3579576.01860000193119, 5130446.730000000447035 ], [ 3579338.980400003492832, 5130502.9206000007689 ], [ 3579184.000100001692772, 5130552.410799998790026 ], [ 3579034.097599998116493, 5130680.046500001102686 ], [ 3578987.475699998438358, 5130688.061700001358986 ], [ 3578821.4824, 5130781.316599998623133 ], [ 3578501.139799997210503, 5130822.289599999785423 ], [ 3578381.077100001275539, 5130811.276700001209974 ], [ 3578338.43469999730587, 5130712.929000001400709 ], [ 3578239.585299998521805, 5130709.7018 ], [ 3578143.406400002539158, 5130803.141800001263618 ], [ 3578010.415100000798702, 5131020.4835 ], [ 3577793.79450000077486, 5131379.230500001460314 ], [ 3577611.96000000089407, 5131718.88230000063777 ], [ 3577292.50959999859333, 5132060.067800000309944 ], [ 3577210.472199998795986, 5132204.420000001788139 ], [ 3577183.124300003051758, 5132464.670699998736382 ], [ 3577144.302599996328354, 5132664.462099999189377 ], [ 3577031.044200003147125, 5132875.68019999936223 ], [ 3576914.505300000309944, 5133078.016600001603365 ], [ 3576880.811999998986721, 5133145.460099998861551 ], [ 3576917.728399999439716, 5133282.411800000816584 ], [ 3576933.842200003564358, 5133590.126499999314547 ], [ 3577025.536399997770786, 5133754.709600001573563 ], [ 3577131.798600003123283, 5133891.872000001370907 ], [ 3577337.472099997103214, 5134048.703499998897314 ], [ 3577508.446599997580051, 5134151.320099998265505 ], [ 3577509.296099998056889, 5134152.958599999547005 ], [ 3577576.079599998891354, 5134281.771699998527765 ], [ 3577575.860699996352196, 5134366.079100001603365 ], [ 3577499.992799997329712, 5134424.938200000673532 ], [ 3577336.152699999511242, 5134569.488899998366833 ], [ 3577183.61370000243187, 5134769.540199998766184 ], [ 3577012.242299996316433, 5134958.233300000429153 ], [ 3576887.121299996972084, 5135172.843299999833107 ], [ 3576793.484099999070168, 5135313.599399998784065 ], [ 3576652.814800001680851, 5135541.186000000685453 ], [ 3576573.867799997329712, 5135673.470600001513958 ], [ 3576565.343299999833107, 5135823.892400000244379 ], [ 3576527.082599997520447, 5135980.282900001853704 ], [ 3576523.660199999809265, 5136134.032999999821186 ], [ 3576508.515799999237061, 5136310.620999999344349 ], [ 3576507.656599998474121, 5136466.774300001561642 ], [ 3576540.913199998438358, 5136613.336500000208616 ], [ 3576447.065200001001358, 5136732.644499998539686 ], [ 3576331.927299998700619, 5136796.294199999421835 ], [ 3576100.75789999961853, 5137002.421399999409914 ], [ 3575971.352300003170967, 5137072.021800000220537 ], [ 3575829.915100000798702, 5137215.846999999135733 ], [ 3575826.084499999880791, 5137250.883499998599291 ], [ 3575921.9353, 5137359.477400001138449 ], [ 3576053.980599999427795, 5137491.82319999858737 ], [ 3576211.972800001502037, 5137533.024099998176098 ], [ 3576328.176299996674061, 5137562.625500001013279 ], [ 3576391.837099999189377, 5137617.405200000852346 ], [ 3576468.456200003623962, 5137770.368900001049042 ], [ 3576547.195699997246265, 5137927.566199999302626 ], [ 3576709.913199998438358, 5138021.487500000745058 ], [ 3576753.193199999630451, 5138063.46680000051856 ], [ 3576766.888999998569489, 5138115.891100000590086 ], [ 3576735.164599999785423, 5138197.756400000303984 ], [ 3576725.214400000870228, 5138304.8293999992311 ], [ 3576685.386799998581409, 5138322.6064000017941 ], [ 3576663.850400000810623, 5138395.644799999892712 ], [ 3576675.014799997210503, 5138522.988899998366833 ], [ 3576648.245300002396107, 5138558.286499999463558 ], [ 3576572.781900003552437, 5138615.139199998229742 ], [ 3576490.415799997746944, 5138658.758200000971556 ], [ 3576450.298799999058247, 5138734.299899999052286 ], [ 3576428.402199998497963, 5138775.531899999827147 ], [ 3576300.884300000965595, 5139009.197700001299381 ], [ 3576309.434900000691414, 5139102.210400000214577 ], [ 3576377.901699997484684, 5139212.199499998241663 ], [ 3576470.495200000703335, 5139327.885299999266863 ], [ 3576548.308200001716614, 5139494.443500000983477 ], [ 3576609.242399998009205, 5139618.1554000005126 ], [ 3576806.289599999785423, 5139860.625199999660254 ], [ 3576685.225100003182888, 5139910.991900000721216 ], [ 3576624.425700001418591, 5139947.802499998360872 ], [ 3576591.554999999701977, 5139967.703899998217821 ], [ 3576497.88459999859333, 5140024.415800001472235 ], [ 3576431.677100002765656, 5140104.910700000822544 ], [ 3576156.022100001573563, 5140339.467599999159575 ], [ 3576029.521799996495247, 5140361.081199999898672 ], [ 3575846.141099996864796, 5140398.039700001478195 ], [ 3575695.516800001263618, 5140490.28319999948144 ], [ 3575707.503499999642372, 5140566.723000001162291 ], [ 3575731.36150000244379, 5140611.5526 ], [ 3575862.76410000026226, 5140858.46000000089407 ], [ 3576020.147900000214577, 5140941.597199998795986 ], [ 3576013.745399996638298, 5141065.530099999159575 ], [ 3576070.402099996805191, 5141135.0077 ], [ 3576086.550399996340275, 5141216.2982 ], [ 3576146.284500002861023, 5141424.877399999648333 ], [ 3576229.22240000218153, 5141641.165399998426437 ], [ 3576211.179300002753735, 5141775.459600001573563 ], [ 3576164.07379999756813, 5141981.567699998617172 ], [ 3576144.498099997639656, 5142047.427499998360872 ], [ 3576096.686099998652935, 5142208.285000000149012 ], [ 3575989.517499998211861, 5142256.706900000572205 ], [ 3575746.195799998939037, 5142322.073100000619888 ], [ 3575643.569899998605251, 5142402.774000000208616 ], [ 3575454.421700000762939, 5142537.710299998521805 ], [ 3575254.889399997889996, 5142645.041600000113249 ], [ 3575217.114799998700619, 5142657.008400000631809 ], [ 3575195.057800002396107, 5142663.995999999344349 ], [ 3575191.176299996674061, 5142665.225600000470877 ], [ 3575179.340199999511242, 5142668.975299999117851 ], [ 3575179.980400003492832, 5142681.523299999535084 ], [ 3575182.834299996495247, 5142737.458999998867512 ], [ 3575186.328500002622604, 5142805.942899998277426 ], [ 3575158.258599996566772, 5143151.619699999690056 ], [ 3575158.613399997353554, 5143283.81980000063777 ], [ 3575169.79169999808073, 5143411.681499999016523 ], [ 3575282.822300001978874, 5143541.68470000103116 ], [ 3575411.49379999935627, 5143707.098299998790026 ], [ 3575461.994800001382828, 5143847.133400000631809 ], [ 3575506.5912000015378, 5144050.732200000435114 ], [ 3575663.113300003111362, 5144608.399099998176098 ], [ 3575782.114, 5144843.988899998366833 ], [ 3575782.488300003111362, 5144931.296300001442432 ], [ 3575749.053800001740456, 5145037.670899998396635 ], [ 3575731.226499997079372, 5145062.465199999511242 ], [ 3575724.043799996376038, 5145072.454900000244379 ], [ 3575648.3766999989748, 5145177.693 ], [ 3575452.159800000488758, 5145356.26969999819994 ], [ 3575188.399099998176098, 5145650.834399998188019 ], [ 3575108.992799997329712, 5145709.326900001615286 ], [ 3574892.581600002944469, 5145668.025299999862909 ], [ 3574776.972499996423721, 5145657.34910000115633 ], [ 3574440.470899999141693, 5145666.396200001239777 ], [ 3574397.995899997651577, 5145679.7577 ], [ 3574341.018700003623962, 5145844.292599998414516 ], [ 3574243.433799996972084, 5146139.8882 ], [ 3574168.793099999427795, 5146313.476500000804663 ], [ 3574094.340499997138977, 5146416.707299999892712 ], [ 3573976.344300001859665, 5146485.442499998956919 ], [ 3573794.626400001347065, 5146543.791200000792742 ], [ 3573662.720299996435642, 5146584.047400001436472 ], [ 3573554.166900001466274, 5146697.37779999896884 ], [ 3573444.547799997031689, 5146717.430399999022484 ], [ 3573383.129799999296665, 5146746.388799998909235 ], [ 3573211.289300002157688, 5146710.109400000423193 ], [ 3573126.546099998056889, 5146697.412999998778105 ], [ 3573035.81870000064373, 5146760.76799999922514 ], [ 3572936.455700002610683, 5146804.438200000673532 ], [ 3572755.951300002634525, 5146854.260400000959635 ], [ 3572579.450800001621246, 5146949.855399999767542 ], [ 3572397.75959999859333, 5146993.718199998140335 ], [ 3572368.287799999117851, 5147023.128499999642372 ], [ 3572358.101800002157688, 5147169.167100001126528 ], [ 3572340.27419999986887, 5147310.46229999884963 ], [ 3572329.395000003278255, 5147435.559099998325109 ], [ 3572255.733599998056889, 5147532.779100000858307 ], [ 3572051.160999998450279, 5147716.114599999040365 ], [ 3571928.5066, 5147780.011999998241663 ], [ 3571829.466499999165535, 5147909.9983000010252 ], [ 3571790.435599997639656, 5147997.676600001752377 ], [ 3571762.068999998271465, 5148061.398800000548363 ], [ 3571743.420800000429153, 5148177.774599999189377 ], [ 3571761.528099998831749, 5148228.079 ], [ 3571819.078400000929832, 5148294.061799999326468 ], [ 3571877.284800000488758, 5148319.101700000464916 ], [ 3571992.884400002658367, 5148359.734999999403954 ], [ 3572098.309000000357628, 5148409.675200000405312 ], [ 3572232.089400000870228, 5148472.162099998444319 ], [ 3572270.844700001180172, 5148512.807900000363588 ], [ 3572272.22860000282526, 5148555.184500001370907 ], [ 3572230.874300003051758, 5148755.1371 ], [ 3572228.134199999272823, 5148854.530299998819828 ], [ 3572263.597599998116493, 5148931.712799999862909 ], [ 3572261.881999999284744, 5148970.688000001013279 ], [ 3572186.913699999451637, 5149119.853700000792742 ], [ 3572142.273800000548363, 5149173.713199999183416 ], [ 3572054.186599999666214, 5149287.869100000709295 ], [ 3572052.686899997293949, 5149333.327399998903275 ], [ 3572105.194200001657009, 5149382.510400000959635 ], [ 3572127.917700000107288, 5149409.605200000107288 ], [ 3572178.923500001430511, 5149470.422899998724461 ], [ 3572251.997900001704693, 5149507.453299999237061 ], [ 3572312.564499996602535, 5149497.987500000745058 ], [ 3572396.928000003099442, 5149468.282900001853704 ], [ 3572492.387699998915195, 5149472.633699998259544 ], [ 3572631.153999999165535, 5149458.610599998384714 ], [ 3572674.761699996888638, 5149464.670400001108646 ], [ 3572717.270099997520447, 5149513.178599998354912 ], [ 3572757.286300003528595, 5149592.21339999884367 ], [ 3572786.539599999785423, 5149738.963100001215935 ], [ 3572805.610799998044968, 5149924.978399999439716 ], [ 3572825.661899998784065, 5150004.162500001490116 ], [ 3572864.448100000619888, 5150106.689500000327826 ], [ 3572880.202200002968311, 5150221.949200000613928 ], [ 3572976.114699997007847, 5150438.379200000315905 ], [ 3573027.327100001275539, 5150493.5912000015378 ], [ 3573069.311300002038479, 5150510.684300001710653 ], [ 3573130.495300002396107, 5150504.689399998635054 ], [ 3573212.312600001692772, 5150473.566799998283386 ], [ 3573462.689900003373623, 5150621.5548 ], [ 3573656.171899996697903, 5150708.535799998790026 ], [ 3573781.835100002586842, 5150720.888799998909235 ], [ 3573801.171800002455711, 5150732.226399999111891 ], [ 3573863.889499999582767, 5150833.971700001507998 ], [ 3574008.159299999475479, 5151033.350600000470877 ], [ 3574156.029100000858307, 5151236.103999998420477 ], [ 3574203.868100002408028, 5151309.892900001257658 ], [ 3574199.96169999986887, 5151342.959399998188019 ], [ 3574076.840199999511242, 5151499.709100000560284 ], [ 3573936.489699997007847, 5151922.510299999266863 ], [ 3573898.923799999058247, 5152040.020599998533726 ], [ 3573919.16499999910593, 5152216.029500000178814 ], [ 3573971.973200000822544, 5152517.728500001132488 ], [ 3573970.807700000703335, 5152573.655000001192093 ], [ 3573765.090800002217293, 5152859.880800001323223 ], [ 3573604.767700001597404, 5152977.916400000452995 ], [ 3573471.137299999594688, 5153134.015799999237061 ], [ 3573387.441799998283386, 5153321.420400001108646 ], [ 3573331.26630000025034, 5153541.357799999415874 ], [ 3573333.973700001835823, 5153624.108899999409914 ], [ 3573361.002599999308586, 5153702.578000001609325 ], [ 3573444.303400002419949, 5153823.1272 ], [ 3573505.420800000429153, 5153890.996100001037121 ], [ 3573566.538099996745586, 5153958.864900000393391 ], [ 3573690.13629999756813, 5154121.008400000631809 ], [ 3573760.497000001370907, 5154288.399599999189377 ], [ 3573783.597499996423721, 5154490.771999999880791 ], [ 3573770.35530000180006, 5154726.279899999499321 ], [ 3573798.200300000607967, 5154738.3574 ], [ 3573805.023699998855591, 5154778.39640000090003 ], [ 3573814.960400000214577, 5154838.625799998641014 ], [ 3573776.046599999070168, 5154961.188900001347065 ], [ 3573773.914599999785423, 5155002.683400001376867 ], [ 3573791.343400001525879, 5155077.470800001174212 ], [ 3573867.751299999654293, 5155261.634500000625849 ], [ 3573975.392399996519089, 5155439.286699999123812 ], [ 3574067.109999999403954, 5155618.449200000613928 ], [ 3574121.798900000751019, 5155779.368099998682737 ], [ 3574129.261799998581409, 5155854.990200001746416 ], [ 3574165.655900001525879, 5155960.1085 ], [ 3574188.284599997103214, 5156178.478300001472235 ], [ 3574232.74040000140667, 5156362.195300001651049 ], [ 3574269.982500001788139, 5156447.828400000929832 ], [ 3574353.887599997222424, 5156708.111099999397993 ], [ 3574444.005199998617172, 5156807.975600000470877 ], [ 3574500.703400000929832, 5156923.412200000137091 ], [ 3574602.432800002396107, 5157011.916600000113249 ], [ 3574758.699600003659725, 5157104.6228 ], [ 3574932.3175999969244, 5157147.8445999994874 ], [ 3575186.399099998176098, 5157163.467500001192093 ], [ 3575380.214800000190735, 5157153.123799998313189 ], [ 3575575.464299999177456, 5157094.804999999701977 ], [ 3575609.824799999594688, 5157427.094799999147654 ], [ 3575562.830300003290176, 5157530.967999998480082 ], [ 3575457.906499996781349, 5157756.024099998176098 ], [ 3575425.332299999892712, 5157934.791299998760223 ], [ 3575439.458800002932549, 5158045.6426 ], [ 3575478.06700000166893, 5158172.64979999884963 ], [ 3575550.849200002849102, 5158382.899500001221895 ], [ 3575575.555399999022484, 5158466.447500001639128 ], [ 3575541.551299996674061, 5158540.443900000303984 ], [ 3575549.836599998176098, 5158747.318399999290705 ], [ 3575585.568199999630451, 5158938.828400000929832 ], [ 3575418.010200001299381, 5159019.701400000602007 ], [ 3575300.496500000357628, 5159089.44709999859333 ], [ 3575210.519199997186661, 5159146.300700001418591 ], [ 3575185.199799999594688, 5159181.0760000012815 ], [ 3575251.507700003683567, 5159391.5493 ], [ 3575235.440999999642372, 5159419.035100001841784 ], [ 3575076.671300001442432, 5159524.577799998223782 ], [ 3574958.496899999678135, 5159619.7982 ], [ 3574787.9419, 5159822.570099998265505 ], [ 3574706.90820000320673, 5159939.538400001823902 ], [ 3574625.074400000274181, 5160107.948100000619888 ], [ 3574526.508400000631809, 5160268.418600000441074 ], [ 3574459.418700002133846, 5160643.01069999858737 ], [ 3574383.14019999653101, 5160737.362399999052286 ], [ 3574277.441100001335144, 5160863.124099999666214 ], [ 3574216.589699998497963, 5160955.97410000115633 ], [ 3574196.294399999082088, 5161098.408500000834465 ], [ 3574110.677299998700619, 5161136.164000000804663 ], [ 3574051.867899999022484, 5161215.464800000190735 ], [ 3573974.578699998557568, 5161431.151599999517202 ], [ 3573796.085799999535084, 5161651.160100001841784 ], [ 3573717.331799998879433, 5161761.565999999642372 ], [ 3573452.999700002372265, 5161830.13120000064373 ], [ 3573270.967699997127056, 5161896.4934 ], [ 3573150.563299998641014, 5161969.828400000929832 ], [ 3573065.674999997019768, 5162045.4847999997437 ], [ 3572982.217000000178814, 5162134.08500000089407 ], [ 3572880.000399999320507, 5162259.740200001746416 ], [ 3572773.929899998009205, 5162344.079900000244379 ], [ 3572720.893899999558926, 5162355.802099999040365 ], [ 3572641.194700002670288, 5162360.9037000015378 ], [ 3572560.564300000667572, 5162353.062899999320507 ], [ 3572470.635600000619888, 5162381.462400000542402 ], [ 3572377.560699999332428, 5162435.928800001740456 ], [ 3572308.008699998259544, 5162446.194200001657009 ], [ 3572222.223099999129772, 5162387.594300001859665 ], [ 3572041.881099998950958, 5162246.229800000786781 ], [ 3571850.223800003528595, 5162125.195700000971556 ], [ 3571760.79450000077486, 5162092.680100001394749 ], [ 3571643.771600000560284, 5162040.590999998152256 ], [ 3571567.591700002551079, 5162016.123500000685453 ], [ 3571502.845100000500679, 5162035.711899999529123 ], [ 3571354.303800001740456, 5162210.796799998730421 ], [ 3571294.916199997067451, 5162287.618500001728535 ], [ 3571217.347699999809265, 5162403.970499999821186 ], [ 3571127.41669999808073, 5162493.281800001859665 ], [ 3571075.896600000560284, 5162581.824700001627207 ], [ 3571026.166599996387959, 5162877.984200000762939 ], [ 3570975.548199996352196, 5162978.982099998742342 ], [ 3570875.320500001311302, 5163120.045299999415874 ], [ 3570827.532300002872944, 5163246.414200000464916 ], [ 3570811.805799998342991, 5163376.222500000149012 ], [ 3570806.739900000393391, 5163389.373399998992682 ], [ 3570757.43469999730587, 5163438.907699998468161 ], [ 3570631.148999996483326, 5163515.916799999773502 ], [ 3570437.380800001323223, 5163590.145100001245737 ], [ 3570315.402400001883507, 5163615.589299999177456 ], [ 3570256.579300001263618, 5163694.88910000026226 ], [ 3570122.543300002813339, 5163855.533399999141693 ], [ 3570024.531499996781349, 5164018.984000001102686 ], [ 3569939.924500003457069, 5164286.842000000178814 ], [ 3569857.198899999260902, 5164413.844500001519918 ], [ 3569723.105400003492832, 5164542.534499999135733 ], [ 3569633.826499998569489, 5164606.35869999974966 ], [ 3569538.790100000798702, 5164615.9463 ], [ 3569450.785400003194809, 5164596.35700000077486 ], [ 3569322.979099996387959, 5164596.525299999862909 ], [ 3569048.288199998438358, 5164700.340900000184774 ], [ 3568830.01799999922514, 5164819.787799999117851 ], [ 3568693.738399997353554, 5164958.03489999845624 ], [ 3568659.196400001645088, 5165138.892200000584126 ], [ 3568547.886, 5165522.453099999576807 ], [ 3568249.432099997997284, 5165464.275400001555681 ], [ 3567777.106499999761581, 5165432.7346 ], [ 3567623.791599996387959, 5165492.644299998879433 ], [ 3567484.639399997889996, 5165604.518699999898672 ], [ 3567382.390799999237061, 5165730.169599998742342 ], [ 3567101.332800000905991, 5165838.168800000101328 ], [ 3566978.432599999010563, 5165851.157200001180172 ], [ 3566877.751800000667572, 5165994.223700001835823 ], [ 3566750.480700001120567, 5166256.481800001114607 ], [ 3566666.379299998283386, 5166341.602699998766184 ], [ 3566534.876900002360344, 5166396.801600001752377 ], [ 3566439.923199996352196, 5166409.384500000625849 ], [ 3566332.433300003409386, 5166420.363499999046326 ], [ 3566238.710100002586842, 5166439.88459999859333 ], [ 3566163.256499998271465, 5166514.740600001066923 ], [ 3566117.646999999880791, 5166570.642000000923872 ], [ 3566067.3904, 5166575.769799999892712 ], [ 3566036.107199996709824, 5166550.328299999237061 ], [ 3565949.646899998188019, 5166517.184999998658895 ], [ 3565904.066699996590614, 5166512.682100001722574 ], [ 3565828.428099997341633, 5166520.127700001001358 ], [ 3565764.560000002384186, 5166552.163199998438358 ], [ 3565667.9408999979496, 5166574.77479999884963 ], [ 3565598.279799997806549, 5166582.033399999141693 ], [ 3565560.450599998235703, 5166585.761199999600649 ], [ 3565547.605099998414516, 5166804.861000001430511 ], [ 3565563.120700001716614, 5166959.624000001698732 ], [ 3565618.962200000882149, 5167034.200300000607967 ], [ 3565783.382200002670288, 5167177.146899998188019 ], [ 3565876.976400002837181, 5167276.451699998229742 ], [ 3565970.198100000619888, 5167471.632199998944998 ], [ 3566053.929999999701977, 5167728.042300000786781 ], [ 3566015.800700001418591, 5167952.96169999986887 ], [ 3566000.659699998795986, 5168178.138799998909235 ], [ 3565944.91610000282526, 5168414.120099999010563 ], [ 3565924.735399998724461, 5168499.656100001186132 ], [ 3565855.908500000834465, 5168701.613800000399351 ], [ 3565793.732699997723103, 5168970.263300001621246 ], [ 3565714.665799997746944, 5169256.442200001329184 ], [ 3565654.421499997377396, 5169323.308600001037121 ], [ 3565536.849899999797344, 5169393.040399998426437 ], [ 3565383.069399997591972, 5169485.414799999445677 ], [ 3565351.002099998295307, 5169520.606899999082088 ], [ 3565263.50620000064373, 5169616.625799998641014 ], [ 3565226.082299999892712, 5169747.281100001186132 ], [ 3565136.444899998605251, 5169854.278599999845028 ], [ 3565082.917499996721745, 5169908.58219999819994 ], [ 3565025.653300002217293, 5169927.560899998992682 ], [ 3564933.349899999797344, 5170029.669100001454353 ], [ 3564848.680100001394749, 5170079.064800001680851 ], [ 3564756.465599998831749, 5170183.657699998468161 ], [ 3564600.848999999463558, 5170346.398400001227856 ], [ 3564552.48929999768734, 5170377.054299999028444 ], [ 3564412.085799999535084, 5170360.4923 ], [ 3564192.194799996912479, 5170269.798900000751019 ], [ 3563954.639499999582767, 5170216.672400001436472 ], [ 3563806.011200003325939, 5170193.401099998503923 ], [ 3563761.472000002861023, 5170161.999200001358986 ], [ 3563735.029200002551079, 5170105.4934 ], [ 3563664.444600000977516, 5169943.174100000411272 ], [ 3563590.59009999781847, 5169873.345499999821186 ], [ 3563524.592399999499321, 5169856.667599998414516 ], [ 3563417.350599996745586, 5169859.914900001138449 ], [ 3563350.403300002217293, 5169887.723499998450279 ], [ 3563196.508599996566772, 5170013.934099998325109 ], [ 3563109.828900001943111, 5170048.420400001108646 ], [ 3562890.991999998688698, 5170045.0777000002563 ], [ 3562675.789899997413158, 5169974.188999999314547 ], [ 3562591.315200001001358, 5170029.0669 ], [ 3562450.813400000333786, 5170138.334399998188019 ], [ 3562325.89919999986887, 5170236.577399998903275 ], [ 3562151.118299998342991, 5170336.550999999046326 ], [ 3562049.656099997460842, 5170377.0439000017941 ], [ 3561969.617799997329712, 5170473.2162000015378 ], [ 3561859.59570000320673, 5170525.987700000405312 ], [ 3561758.270199999213219, 5170541.50560000166297 ], [ 3561564.884700000286102, 5170537.754599999636412 ], [ 3561545.829700000584126, 5170549.912799999117851 ], [ 3561505.60249999910593, 5170785.511700000613928 ], [ 3561475.623099997639656, 5170870.954500000923872 ], [ 3561434.340899996459484, 5170973.057599999010563 ], [ 3561393.058600001037121, 5171075.160700000822544 ], [ 3561385.5154, 5171093.817299999296665 ], [ 3561378.473899997770786, 5171121.029599998146296 ], [ 3561461.392899997532368, 5171179.068 ], [ 3561612.046300001442432, 5171317.634799998253584 ], [ 3561659.345799997448921, 5171456.8147 ], [ 3561709.179799996316433, 5171539.968199998140335 ], [ 3561791.801299996674061, 5171586.322700001299381 ], [ 3561957.230599999427795, 5171679.136199999600649 ], [ 3562087.457999996840954, 5171747.5066 ], [ 3562331.807599999010563, 5171823.386300001293421 ], [ 3562519.45889999717474, 5171948.675299998372793 ], [ 3562360.543600000441074, 5172074.570999998599291 ], [ 3561815.183799996972084, 5172188.478700000792742 ], [ 3561271.797499999403954, 5172201.247999999672174 ], [ 3561398.700000002980232, 5172855.519999999552965 ], [ 3561632.189999997615814, 5173509.329999998211861 ], [ 3562417.880000002682209, 5174311.140000000596046 ], [ 3563258.170000001788139, 5175331.410000000149012 ], [ 3563936.520000003278255, 5176245.320000000298023 ], [ 3565421.75, 5176603.030000001192093 ], [ 3566356.859999999403954, 5176912.519999999552965 ], [ 3566368.560000002384186, 5177461.309999998658895 ], [ 3566169.850000001490116, 5178443.859999999403954 ], [ 3566084.520000003278255, 5179593.739999998360872 ], [ 3566876.420000001788139, 5180675.050000000745058 ], [ 3567016.649999998509884, 5182099.75 ], [ 3565881.560000002384186, 5182723.0 ], [ 3566204.799999997019768, 5183834.370000001043081 ], [ 3566457.140000000596046, 5185366.670000001788139 ], [ 3565730.969999998807907, 5186909.879999998956919 ], [ 3565045.929999999701977, 5188512.179999999701977 ], [ 3563605.640000000596046, 5190300.320000000298023 ], [ 3562474.820000000298023, 5191143.179999999701977 ], [ 3560691.929999999701977, 5192329.329999998211861 ], [ 3559072.979999996721745, 5193242.28999999910593 ], [ 3557761.920000001788139, 5193599.429999999701977 ], [ 3556515.340000003576279, 5194174.870000001043081 ], [ 3556431.850000001490116, 5195435.059999998658895 ], [ 3556402.880000002682209, 5196913.899999998509884 ], [ 3555500.5, 5198191.320000000298023 ], [ 3554227.700000002980232, 5199916.010000001639128 ], [ 3553305.538999997079372, 5201276.433299999684095 ], [ 3552860.920000001788139, 5201932.359999999403954 ], [ 3551433.770000003278255, 5202011.969999998807907 ], [ 3550155.380000002682209, 5202038.489999998360872 ], [ 3549784.646600000560284, 5201276.433299999684095 ], [ 3549414.450000002980232, 5200515.480000000447035 ], [ 3549375.799999997019768, 5198648.379999998956919 ], [ 3549235.619999997317791, 5196703.600000001490116 ], [ 3549334.829999998211861, 5195223.370000001043081 ], [ 3549181.240000002086163, 5194078.030000001192093 ], [ 3548531.46000000089407, 5193572.170000001788139 ], [ 3547316.009999997913837, 5193727.149999998509884 ], [ 3546179.71000000089407, 5194329.850000001490116 ], [ 3544831.740000002086163, 5194357.629999998956919 ], [ 3543532.549999997019768, 5193355.719999998807907 ], [ 3541381.679999999701977, 5191732.160000000149012 ], [ 3540141.369999997317791, 5190669.109999999403954 ], [ 3539231.009999997913837, 5190108.570000000298023 ], [ 3538647.679999999701977, 5189421.519999999552965 ], [ 3537793.420000001788139, 5188670.120000001043081 ], [ 3536688.200000002980232, 5187853.940000001341105 ], [ 3535656.109999999403954, 5187685.230000000447035 ], [ 3534654.880000002682209, 5188544.260000001639128 ], [ 3534156.399999998509884, 5189572.809999998658895 ], [ 3533925.009999997913837, 5190476.149999998509884 ], [ 3532925.149999998509884, 5191904.320000000298023 ], [ 3531595.420000001788139, 5192829.890000000596046 ], [ 3530573.200000002980232, 5192660.780000001192093 ], [ 3529870.740000002086163, 5192994.46000000089407 ], [ 3528674.479999996721745, 5194106.969999998807907 ], [ 3527873.899999998509884, 5194033.160000000149012 ], [ 3527159.78999999910593, 5193787.839999999850988 ], [ 3526275.340000003576279, 5194514.550000000745058 ], [ 3525781.469999998807907, 5195293.350000001490116 ], [ 3524956.490000002086163, 5195499.559999998658895 ], [ 3523989.119999997317791, 5195578.769999999552965 ], [ 3523269.890000000596046, 5194574.530000001192093 ], [ 3522945.21000000089407, 5194321.359999999403954 ], [ 3521664.899999998509884, 5194736.260000001639128 ], [ 3520519.009999997913837, 5194878.839999999850988 ], [ 3519628.060000002384186, 5195285.920000001788139 ], [ 3519580.78999999910593, 5195925.96000000089407 ], [ 3518702.429999999701977, 5196971.899999998509884 ], [ 3517867.369999997317791, 5197178.120000001043081 ], [ 3517551.570000000298023, 5197374.089999999850988 ], [ 3517128.75, 5198730.609999999403954 ], [ 3517133.859999999403954, 5198990.170000001788139 ], [ 3516249.990000002086163, 5199257.230000000447035 ], [ 3515925.530000001192093, 5199013.940000001341105 ], [ 3514633.579999998211861, 5198849.570000000298023 ], [ 3513642.53999999910593, 5200277.140000000596046 ], [ 3512918.157499998807907, 5201276.433299999684095 ], [ 3512893.469999998807907, 5201310.489999998360872 ], [ 3512777.490000002086163, 5202021.859999999403954 ], [ 3511293.159999996423721, 5201731.239999998360872 ], [ 3510218.350000001490116, 5202461.280000001192093 ], [ 3508963.630000002682209, 5203704.170000001788139 ], [ 3507534.869999997317791, 5204221.28999999910593 ], [ 3506819.549999997019768, 5203915.519999999552965 ], [ 3506227.719999998807907, 5203277.769999999552965 ], [ 3505005.590000003576279, 5203111.609900001436472 ], [ 3504631.920000001788139, 5207573.5 ], [ 3504549.700000002980232, 5208494.070000000298023 ], [ 3504678.030100002884865, 5209970.010000001639128 ], [ 3505250.530000001192093, 5211157.75 ], [ 3505700.479999996721745, 5211688.550000000745058 ], [ 3506093.770000003278255, 5212390.280000001192093 ], [ 3506381.410099998116493, 5213313.859999999403954 ], [ 3506186.799999997019768, 5214626.410000000149012 ], [ 3505600.78999999910593, 5215337.089999999850988 ], [ 3504732.679999999701977, 5215413.730000000447035 ], [ 3503976.399999998509884, 5215588.110100001096725 ], [ 3503548.270000003278255, 5216195.810100000351667 ], [ 3503015.990000002086163, 5216585.690000001341105 ], [ 3501352.350000001490116, 5217926.410000000149012 ], [ 3501223.320000000298023, 5218498.429999999701977 ], [ 3501351.909999996423721, 5219475.199999999254942 ], [ 3502188.859999999403954, 5220378.530099999159575 ], [ 3502302.340000003576279, 5221085.839999999850988 ], [ 3501403.719999998807907, 5222192.25 ], [ 3500551.96000000089407, 5223137.859999999403954 ], [ 3499915.149999998509884, 5224349.219999998807907 ], [ 3498801.560000002384186, 5225729.550000000745058 ], [ 3497331.609999999403954, 5226247.109999999403954 ], [ 3495115.179999999701977, 5226948.589999999850988 ], [ 3494524.093099996447563, 5226998.242600001394749 ], [ 3493428.079999998211861, 5227090.280000001192093 ], [ 3493336.75, 5227551.730099998414516 ], [ 3492225.739900000393391, 5226423.25 ], [ 3491120.600000001490116, 5225604.4901 ], [ 3490649.359999999403954, 5224464.070000000298023 ], [ 3489600.75, 5223454.390000000596046 ], [ 3488746.100000001490116, 5222121.350000001490116 ], [ 3487892.829999998211861, 5220858.28999999910593 ], [ 3487309.700000002980232, 5220679.309999998658895 ], [ 3485959.340000003576279, 5220634.5 ], [ 3484740.19990000128746, 5220657.140000000596046 ], [ 3483266.060000002384186, 5220944.239999998360872 ], [ 3482178.100000001490116, 5221034.290100000798702 ], [ 3480900.100000001490116, 5221117.820000000298023 ], [ 3479745.019900001585484, 5220819.359999999403954 ], [ 3479595.109899997711182, 5219733.079999998211861 ], [ 3479261.219999998807907, 5218969.929999999701977 ], [ 3478284.819899998605251, 5218598.230000000447035 ], [ 3477129.859999999403954, 5218299.719999998807907 ], [ 3476297.640000000596046, 5218704.589999999850988 ], [ 3475354.779899999499321, 5219620.969999998807907 ], [ 3475051.219899997115135, 5220515.690000001341105 ], [ 3475205.700000002980232, 5221861.680100001394749 ], [ 3475029.839900001883507, 5222634.239999998360872 ], [ 3474584.850000001490116, 5222902.130100000649691 ], [ 3473801.369999997317791, 5222147.040100000798702 ], [ 3473480.309900000691414, 5222082.940000001341105 ], [ 3473164.149999998509884, 5222288.519999999552965 ], [ 3472978.249899998307228, 5223061.2401 ], [ 3473250.770000003278255, 5223755.71000000089407 ], [ 3472811.549900002777576, 5224343.220100000500679 ], [ 3471911.0, 5224299.600099999457598 ], [ 3470628.15990000218153, 5224122.980000000447035 ], [ 3468900.459899999201298, 5224224.120099999010563 ], [ 3467421.350100003182888, 5224250.75 ], [ 3466402.170100003480911, 5224838.5801 ], [ 3465448.267700001597404, 5225861.317699998617172 ], [ 3465469.839400000870228, 5225978.333099998533726 ], [ 3465466.552100002765656, 5226460.161100000143051 ], [ 3465466.366400003433228, 5226460.510299999266863 ], [ 3465242.156800001859665, 5226882.032600000500679 ], [ 3464972.185999996960163, 5227154.766199998557568 ], [ 3464170.655599996447563, 5227439.388799998909235 ], [ 3463956.497699998319149, 5227655.341899998486042 ], [ 3463811.332999996840954, 5227843.943599998950958 ], [ 3463699.684299997985363, 5227957.497000001370907 ], [ 3463471.284000001847744, 5228236.336500000208616 ], [ 3463006.638400003314018, 5228303.026500001549721 ], [ 3463006.740699999034405, 5228303.621300000697374 ], [ 3463030.904399998486042, 5228444.046100001782179 ], [ 3463138.230899997055531, 5228802.203299999237061 ], [ 3463535.673799999058247, 5229192.988800000399351 ], [ 3463770.80179999768734, 5229599.916600000113249 ], [ 3463832.286200001835823, 5230321.239599999040365 ], [ 3463790.469099998474121, 5230724.981800001114607 ], [ 3463790.335400000214577, 5230725.096700001507998 ], [ 3463696.076399996876717, 5230806.088700000196695 ], [ 3463476.910800002515316, 5230868.864900000393391 ], [ 3463179.723099999129772, 5230765.218699999153614 ], [ 3462476.009800001978874, 5230179.455699998885393 ], [ 3462161.625600002706051, 5230005.795499999076128 ], [ 3461947.565700002014637, 5230016.826999999582767 ], [ 3461732.435500003397465, 5230120.173799999058247 ], [ 3461489.705200001597404, 5230564.367899999022484 ], [ 3461230.774499997496605, 5230948.700199998915195 ], [ 3460768.11089999973774, 5231035.658300001174212 ], [ 3460241.350199997425079, 5231405.615699999034405 ], [ 3460063.767399996519089, 5231474.487399999052286 ], [ 3459829.475000001490116, 5231385.058699999004602 ], [ 3459505.083700001239777, 5231007.452199999243021 ], [ 3459241.43469999730587, 5230828.726700000464916 ], [ 3458605.356499999761581, 5230820.18129999935627 ], [ 3458123.477399997413158, 5230816.805799998342991 ], [ 3457702.327399998903275, 5231012.307100001722574 ], [ 3457496.24719999730587, 5231206.943999998271465 ], [ 3457173.747100003063679, 5231054.539099998772144 ], [ 3456710.218099996447563, 5230926.377399999648333 ], [ 3456545.873999997973442, 5230922.199000000953674 ], [ 3456272.873099997639656, 5231061.997000001370907 ], [ 3455803.77250000089407, 5231600.3445999994874 ], [ 3455275.560900002717972, 5232472.425700001418591 ], [ 3455052.110200002789497, 5232801.975699998438358 ], [ 3454772.971699997782707, 5232983.360500000417233 ], [ 3454371.150600001215935, 5233064.207699999213219 ], [ 3454136.699699997901917, 5233179.679200001060963 ], [ 3453999.60249999910593, 5233346.9695999994874 ], [ 3453999.652500003576279, 5233347.316199999302626 ], [ 3454065.184600003063679, 5233801.541600000113249 ], [ 3454065.699100002646446, 5234426.514899998903275 ], [ 3454009.523199997842312, 5234893.17680000141263 ], [ 3454009.375900000333786, 5234893.47749999910593 ], [ 3453898.751199997961521, 5235119.341099999845028 ], [ 3453757.703400000929832, 5235143.577500000596046 ], [ 3453615.240299999713898, 5235044.056400001049042 ], [ 3453603.572899997234344, 5235035.905900001525879 ], [ 3453651.351000003516674, 5234723.278900001198053 ], [ 3452987.089699998497963, 5234746.008699998259544 ], [ 3452092.496399998664856, 5234940.98030000180006 ], [ 3451597.978000000119209, 5234883.734200000762939 ], [ 3450826.050499998033047, 5234386.392799999564886 ], [ 3450153.119400002062321, 5233815.475499998778105 ], [ 3449768.215400002896786, 5233577.322599999606609 ], [ 3449639.850699998438358, 5233568.787999998778105 ], [ 3449424.825199998915195, 5233972.651299998164177 ], [ 3449197.991800002753735, 5234115.451200000941753 ], [ 3448839.723099999129772, 5234796.398299999535084 ], [ 3448349.353299997746944, 5235668.9712999984622 ], [ 3447503.73929999768734, 5236837.6754 ], [ 3446871.9199, 5237669.337000001221895 ], [ 3446041.857299998402596, 5238163.534299999475479 ], [ 3445161.690399996936321, 5238429.192699998617172 ], [ 3444399.885799996554852, 5238641.918099999427795 ], [ 3443219.5691, 5238511.467999998480082 ], [ 3441844.964000001549721, 5238221.653400000184774 ], [ 3441577.130500003695488, 5238151.997400000691414 ], [ 3441122.76240000128746, 5238279.32319999858737 ], [ 3440729.362199999392033, 5238606.628199998289347 ], [ 3440391.547799997031689, 5239079.513700000941753 ], [ 3440024.700900003314018, 5239953.569699998944998 ], [ 3439768.637199997901917, 5240281.036699999123812 ], [ 3439463.860200002789497, 5240393.562800001353025 ], [ 3438815.002400003373623, 5240498.879099998623133 ], [ 3438737.635200001299381, 5240561.598299998790026 ], [ 3438255.484899997711182, 5240952.462499998509884 ], [ 3437429.2837999984622, 5241487.320500001311302 ], [ 3436471.065800003707409, 5242076.406199999153614 ], [ 3436117.401100002229214, 5242111.325100000947714 ], [ 3435625.199799999594688, 5241995.0962999984622 ], [ 3434994.115299999713898, 5242002.450300000607967 ], [ 3434110.132500000298023, 5241952.341400001198053 ], [ 3433488.625799998641014, 5241917.521999999880791 ], [ 3433014.064000003039837, 5241840.727400001138449 ], [ 3432629.538900002837181, 5241562.75959999859333 ], [ 3432174.696999996900558, 5240989.565999999642372 ], [ 3431785.430299997329712, 5240561.598299998790026 ], [ 3431681.744800001382828, 5240447.604299999773502 ], [ 3430797.034800000488758, 5239971.742499999701977 ], [ 3430239.935699999332428, 5239614.646899998188019 ], [ 3429696.642899997532368, 5239118.849500000476837 ], [ 3429514.654399998486042, 5238944.515999998897314 ], [ 3429144.535400003194809, 5239090.865200001746416 ], [ 3428334.542700000107288, 5239651.369600001722574 ], [ 3427298.149499997496605, 5240561.598299998790026 ], [ 3427260.120999999344349, 5240594.997499998658895 ], [ 3427260.290299996733665, 5240595.32039999961853 ], [ 3427547.637699998915195, 5241143.511700000613928 ], [ 3427829.8015, 5241637.6217 ], [ 3428366.744400002062321, 5242765.904500000178814 ], [ 3428553.310000002384186, 5243544.155000001192093 ], [ 3428803.084499999880791, 5244824.408100001513958 ], [ 3428950.39360000193119, 5245482.944600000977516 ], [ 3429055.554399996995926, 5246131.909400001168251 ], [ 3429055.33839999884367, 5246132.372000001370907 ], [ 3428692.613200001418591, 5246909.43129999935627 ], [ 3428234.425599999725819, 5247696.347100000828505 ], [ 3427516.710600003600121, 5249195.68470000103116 ], [ 3426833.468900002539158, 5250348.224899999797344 ], [ 3426540.944799996912479, 5251283.714899998158216 ], [ 3426540.946699999272823, 5251283.744699999690056 ], [ 3426636.588899999856949, 5252812.954300001263618 ], [ 3426524.624200001358986, 5254884.775299999862909 ], [ 3426659.242899999022484, 5255833.259500000625849 ], [ 3426846.750699996948242, 5256900.215199999511242 ], [ 3427138.183499999344349, 5257627.204700000584126 ], [ 3428313.147399999201298, 5258954.193599998950958 ], [ 3428736.68469999730587, 5259626.978300001472235 ], [ 3429381.00620000064373, 5261006.294799998402596 ], [ 3429585.690399996936321, 5261549.519299998879433 ], [ 3429962.884800001978874, 5262309.3585 ], [ 3430384.192500002682209, 5262680.089000001549721 ], [ 3431153.415399998426437, 5263373.81700000166893 ], [ 3432351.287900000810623, 5264093.991399999707937 ], [ 3433335.838699996471405, 5264601.564599998295307 ], [ 3434875.393799997866154, 5265301.736299999058247 ], [ 3435874.962499998509884, 5265821.532699998468161 ], [ 3436039.456399999558926, 5265956.472699999809265 ], [ 3436039.24379999935627, 5265957.088599998503923 ], [ 3435857.778200000524521, 5266482.907499998807907 ], [ 3435857.734999999403954, 5266483.125100001692772 ], [ 3435765.998800002038479, 5266945.5011 ], [ 3435684.606799997389317, 5267791.900699999183416 ], [ 3435550.286399997770786, 5268519.843800000846386 ], [ 3435447.034599997103214, 5269423.410000000149012 ], [ 3435391.150200001895428, 5270528.492600001394749 ], [ 3435347.793399997055531, 5272457.08729999884963 ], [ 3435287.066699996590614, 5273095.375100001692772 ], [ 3435147.525100000202656, 5273631.482599999755621 ], [ 3435147.501599997282028, 5273631.48759999871254 ], [ 3433962.979900002479553, 5273885.802499998360872 ], [ 3432802.963200002908707, 5274110.176199998706579 ], [ 3432001.10700000077486, 5274202.985100001096725 ], [ 3431354.365000002086163, 5274335.471400000154972 ], [ 3430744.23870000243187, 5274560.559799998998642 ], [ 3430509.728100001811981, 5274831.099500000476837 ], [ 3430378.560999996960163, 5275173.93189999833703 ], [ 3430378.5669, 5275174.062199998646975 ], [ 3430402.314999997615814, 5275693.947599999606609 ], [ 3430337.675399996340275, 5276153.9485 ], [ 3430214.551600001752377, 5276578.477699998766184 ], [ 3430214.545699998736382, 5276578.486999999731779 ], [ 3430083.574699997901917, 5276783.837099999189377 ], [ 3429436.986699998378754, 5276778.812300000339746 ], [ 3428420.330600000917912, 5276645.270199999213219 ], [ 3427319.314400002360344, 5276492.517799999564886 ], [ 3426136.409199997782707, 5276485.261599998921156 ], [ 3425722.615199998021126, 5276471.007199998944998 ], [ 3425024.041500002145767, 5276635.984999999403954 ], [ 3424811.568000003695488, 5276711.87950000166893 ], [ 3424413.847999997437, 5276860.986299999058247 ], [ 3423793.830700002610683, 5277265.649500001221895 ], [ 3423247.009800001978874, 5277855.558899998664856 ], [ 3422596.381999999284744, 5278648.133200000971556 ], [ 3422029.214699998497963, 5279171.306600000709295 ], [ 3421759.354999996721745, 5279362.80689999833703 ], [ 3421185.055699996650219, 5279254.304999999701977 ], [ 3420436.02759999781847, 5278626.840599998831749 ], [ 3419971.133699998259544, 5278232.637200001627207 ], [ 3419273.218999996781349, 5277985.050599999725819 ], [ 3418746.481299996376038, 5277940.580299999564886 ], [ 3417899.911399997770786, 5277858.789000000804663 ], [ 3416932.636200003325939, 5277527.654199998825788 ], [ 3416221.140000000596046, 5277281.35700000077486 ], [ 3415587.083400003612041, 5277123.670099999755621 ], [ 3415154.080399997532368, 5277193.668099999427795 ], [ 3414578.824199996888638, 5277635.02250000089407 ], [ 3413854.358400002121925, 5278517.151500001549721 ], [ 3413418.975000001490116, 5279123.479899998754263 ], [ 3413101.293099999427795, 5279388.3412000015378 ], [ 3412639.435599997639656, 5279584.863299999386072 ], [ 3412107.346699997782707, 5279485.839999999850988 ], [ 3411238.595600001513958, 5278897.454999998211861 ], [ 3410717.731700003147125, 5278632.359499998390675 ], [ 3410193.669799998402596, 5278615.006299998611212 ], [ 3409698.969700001180172, 5278897.187800001353025 ], [ 3408950.08500000089407, 5279671.657400000840425 ], [ 3408743.966700002551079, 5279953.042899999767542 ], [ 3408412.632700003683567, 5280219.204900000244379 ], [ 3408077.567500002682209, 5280307.022100001573563 ], [ 3407422.938500002026558, 5280219.940900001674891 ], [ 3405990.095600001513958, 5279906.638000000268221 ], [ 3404534.044299997389317, 5279636.8004 ], [ 3403239.780799999833107, 5279474.7993 ], [ 3402058.748499996960163, 5279205.458799999207258 ], [ 3401228.7804000005126, 5279011.721200000494719 ], [ 3400814.981200002133846, 5278997.206700000911951 ], [ 3400462.427799999713898, 5279609.01799999922514 ], [ 3400462.266599997878075, 5279609.6085 ], [ 3400300.489799998700619, 5280202.195999998599291 ], [ 3400300.465800002217293, 5280202.233300000429153 ], [ 3399393.440600000321865, 5281610.548500001430511 ], [ 3398724.065999999642372, 5282638.265099998563528 ], [ 3398302.339100003242493, 5283105.644200000911951 ], [ 3397883.263400003314018, 5283600.258699998259544 ], [ 3397635.177199997007847, 5283734.478999998420477 ], [ 3396894.198399998247623, 5283889.356499999761581 ], [ 3395921.397699996829033, 5284204.336500000208616 ], [ 3395047.89580000191927, 5284550.840300001204014 ], [ 3394655.316799998283386, 5284754.1418999992311 ], [ 3393649.92679999768734, 5285017.2588 ], [ 3392763.100500002503395, 5285227.537500001490116 ], [ 3392177.193000003695488, 5285422.185100000351667 ], [ 3391194.354599997401237, 5285916.75279999896884 ], [ 3390663.895400002598763, 5286257.197799999266863 ], [ 3389432.546400003135204, 5287023.428899999707937 ], [ 3388660.557800002396107, 5287566.127500001341105 ], [ 3388132.019299998879433, 5288208.825500000268221 ], [ 3387778.207999996840954, 5288669.513000000268221 ], [ 3386925.425300002098083, 5289371.302999999374151 ], [ 3386177.238499999046326, 5290159.137699998915195 ], [ 3385548.950099997222424, 5290907.793800000101328 ], [ 3385137.594099998474121, 5291484.081300001591444 ], [ 3384876.409199997782707, 5291908.252000000327826 ], [ 3384589.662100002169609, 5292211.166299998760223 ], [ 3383788.337499998509884, 5292454.177700001746416 ], [ 3382958.072200000286102, 5292823.738099999725819 ], [ 3382046.656700000166893, 5293489.927999999374151 ], [ 3381339.221000000834465, 5294104.012800000607967 ], [ 3380512.437700003385544, 5294821.696600001305342 ], [ 3380171.150399997830391, 5295129.897799998521805 ], [ 3379845.753200002014637, 5295601.559799998998642 ], [ 3379845.639899998903275, 5295602.08839999884367 ], [ 3379779.54169999808073, 5295910.513399999588728 ], [ 3379779.488899998366833, 5295910.520500000566244 ], [ 3379413.073899999260902, 5295959.89809999987483 ], [ 3378943.872299998998642, 5296225.528799999505281 ], [ 3378030.047499999403954, 5296726.885400000959635 ], [ 3377595.632600001990795, 5297209.1382 ], [ 3377190.714699998497963, 5297853.539000000804663 ], [ 3377190.578299999237061, 5297854.093800000846386 ], [ 3377062.597499996423721, 5298374.788699999451637 ], [ 3377137.060699999332428, 5299990.256700001657009 ], [ 3377307.832699999213219, 5301747.710900001227856 ], [ 3377188.968599997460842, 5302364.38060000166297 ], [ 3377259.298699997365475, 5303512.800700001418591 ], [ 3377369.568000003695488, 5304506.083799999207258 ], [ 3377549.291900001466274, 5305506.397100001573563 ], [ 3377807.602899998426437, 5306269.197299998253584 ], [ 3377896.503200002014637, 5306531.722699999809265 ], [ 3378138.139300003647804, 5307319.751499999314547 ], [ 3378369.365199998021126, 5308425.170499999076128 ], [ 3378571.465300001204014, 5309230.834699999541044 ], [ 3378963.404399998486042, 5309866.7522 ], [ 3379591.746500000357628, 5310245.848900001496077 ], [ 3379672.750200003385544, 5310513.087900001555681 ], [ 3379672.537500001490116, 5310513.641699999570847 ], [ 3379562.976199999451637, 5310798.875900000333786 ], [ 3378996.118600003421307, 5311335.437399998307228 ], [ 3378373.795100003480911, 5311726.06870000064373 ], [ 3377195.926600001752377, 5312487.064399998635054 ], [ 3376075.624499998986721, 5313507.369199998676777 ], [ 3375944.726999998092651, 5313626.582899998873472 ], [ 3375098.736199997365475, 5314547.900699999183416 ], [ 3374588.131700001657009, 5315381.62779999896884 ], [ 3374064.674900002777576, 5315941.462499998509884 ], [ 3373704.630999997258186, 5316058.954799998551607 ], [ 3373200.358999997377396, 5316107.897199999541044 ], [ 3372643.296499997377396, 5316038.139699999243021 ], [ 3372411.496100001037121, 5315634.157900001853704 ], [ 3371698.138700000941753, 5314497.25899999961257 ], [ 3371646.657899998128414, 5314415.212600000202656 ], [ 3370432.228399999439716, 5313666.346900001168251 ], [ 3370178.106299996376038, 5313507.369199998676777 ], [ 3369480.326200000941753, 5313070.840799998492002 ], [ 3369186.9463, 5312934.084699999541044 ], [ 3368918.446900002658367, 5312808.9265 ], [ 3368504.325000002980232, 5312794.047200001776218 ], [ 3368087.1426, 5312889.508099999278784 ], [ 3367489.1096, 5313111.844999998807907 ], [ 3367436.539899997413158, 5313131.389400001615286 ], [ 3366935.921300001442432, 5313507.369199998676777 ], [ 3366910.800700001418591, 5313526.235500000417233 ], [ 3366391.227399997413158, 5314126.824099998921156 ], [ 3366391.228100001811981, 5314127.242499999701977 ], [ 3366391.039499998092651, 5314127.460499998182058 ], [ 3366268.826200000941753, 5314167.513000000268221 ], [ 3366267.80290000140667, 5314167.273499999195337 ], [ 3365871.94820000231266, 5314349.446899998933077 ], [ 3365212.931000001728535, 5314413.277199998497963 ], [ 3364867.616899996995926, 5314374.805500000715256 ], [ 3364346.480599999427795, 5314191.551399998366833 ], [ 3363936.23200000077486, 5313853.73200000077486 ], [ 3363235.843199998140335, 5313490.06529999896884 ], [ 3362537.191399998962879, 5313144.2010000012815 ], [ 3361467.975100003182888, 5312870.139899998903275 ], [ 3359904.108300000429153, 5312500.080600000917912 ], [ 3358889.494800001382828, 5312418.426100000739098 ], [ 3357703.073100000619888, 5312605.032000001519918 ], [ 3357083.142700001597404, 5312700.9037000015378 ], [ 3356568.874099999666214, 5313146.098200000822544 ], [ 3356310.833499997854233, 5313638.442200001329184 ], [ 3356310.835799999535084, 5313638.715500000864267 ], [ 3356315.913000002503395, 5314249.188299998641014 ], [ 3356488.181599996984005, 5314915.701299998909235 ], [ 3356742.030699998140335, 5315682.212200000882149 ], [ 3356820.6858000010252, 5316124.073300000280142 ], [ 3356820.441699996590614, 5316124.39299999922514 ], [ 3356613.222800001502037, 5316395.8213 ], [ 3355862.777400001883507, 5316630.136199999600649 ], [ 3354960.108499996364117, 5316591.48030000180006 ], [ 3353346.173000000417233, 5316261.90989999845624 ], [ 3352250.541500002145767, 5315900.237100001424551 ], [ 3351890.858599998056889, 5315898.994800001382828 ], [ 3351305.242299996316433, 5316351.028200000524521 ], [ 3350559.76070000231266, 5317196.0287000015378 ], [ 3350150.522699996829033, 5317613.059900000691414 ], [ 3349828.801299996674061, 5317446.326299998909235 ], [ 3349650.850500002503395, 5316906.154199998825788 ], [ 3349519.469800002872944, 5316289.585099998861551 ], [ 3349462.144599996507168, 5315881.618500001728535 ], [ 3349237.639899998903275, 5315417.8684 ], [ 3349032.035300001502037, 5315150.053899999707937 ], [ 3348597.677699998021126, 5315120.029199998825788 ], [ 3347987.9966000020504, 5315322.634199999272823 ], [ 3347550.204499997198582, 5315256.973700001835823 ], [ 3347299.76129999756813, 5315083.362799998372793 ], [ 3347131.51240000128746, 5314829.919300001114607 ], [ 3347103.612300001084805, 5314167.452500000596046 ], [ 3347016.484899997711182, 5313636.542899999767542 ], [ 3346976.355499997735023, 5313406.713100001215935 ], [ 3346768.415299996733665, 5313300.918600000441074 ], [ 3346333.434399999678135, 5313450.700399998575449 ], [ 3345945.667499996721745, 5313344.254700001329184 ], [ 3345375.9441, 5312841.8794 ], [ 3344962.448299996554852, 5312468.263000000268221 ], [ 3344649.369599997997284, 5312390.566199999302626 ], [ 3344286.695600003004074, 5312731.094999998807907 ], [ 3343504.464900001883507, 5313381.673500001430511 ], [ 3343046.908500000834465, 5313857.1699 ], [ 3342447.511699996888638, 5314166.552700001746416 ], [ 3342052.608400002121925, 5314546.127599999308586 ], [ 3341615.216099999845028, 5314857.8827 ], [ 3341319.938799999654293, 5314778.440000001341105 ], [ 3340290.887800000607967, 5313798.864 ], [ 3339072.463200002908707, 5312531.91950000077486 ], [ 3338193.208499997854233, 5311987.336599998176098 ], [ 3337900.357100002467632, 5311745.866799999028444 ], [ 3337622.9221, 5311664.691799998283386 ], [ 3337045.444499999284744, 5311828.064899999648333 ], [ 3335881.549099996685982, 5312623.00789999961853 ], [ 3334577.839199997484684, 5313647.069600000977516 ], [ 3333942.365699999034405, 5314517.041999999433756 ], [ 3333396.631399996578693, 5315198.634199999272823 ], [ 3332976.273699998855591, 5315688.420200001448393 ], [ 3332740.581600002944469, 5315854.86710000038147 ], [ 3332471.681999996304512, 5315862.709800001233816 ], [ 3332221.306000001728535, 5315689.00450000166893 ], [ 3331978.484300002455711, 5315406.713599998503923 ], [ 3331869.899800002574921, 5315399.161400001496077 ], [ 3331685.932599999010563, 5315542.65819999948144 ], [ 3331501.250100001692772, 5315865.99040000140667 ], [ 3331252.152300000190735, 5316267.414500001817942 ], [ 3331116.488399997353554, 5316352.343600001186132 ], [ 3330635.540899999439716, 5316398.502300001680851 ], [ 3329366.420000001788139, 5316286.577799998223782 ], [ 3328857.407300002872944, 5316227.546599999070168 ], [ 3328660.739, 5316426.179200001060963 ], [ 3328427.714199997484684, 5316808.067800000309944 ], [ 3328237.145099997520447, 5317257.794799998402596 ], [ 3327953.356499999761581, 5317860.284400001168251 ], [ 3327758.6283999979496, 5318454.239500001072884 ], [ 3327758.565700002014637, 5318454.4945 ], [ 3327668.094700001180172, 5318822.475900001823902 ], [ 3327668.045500002801418, 5318822.548799999058247 ], [ 3327447.735500000417233, 5319149.229800000786781 ], [ 3327243.478900000452995, 5319456.462699998170137 ], [ 3326970.404600001871586, 5319608.49040000140667 ], [ 3326815.198299996554852, 5319677.304299999028444 ], [ 3326815.125900000333786, 5319677.889499999582767 ], [ 3326794.9397, 5319841.050299998372793 ], [ 3326758.808600001037121, 5320401.843199998140335 ], [ 3326758.640699997544289, 5320402.172899998724461 ], [ 3326652.8904, 5320609.760600000619888 ], [ 3326494.264300003647804, 5320642.945000000298023 ], [ 3325991.065099999308586, 5320457.456599999219179 ], [ 3325579.616899996995926, 5320478.911200001835823 ], [ 3325259.693400003015995, 5320329.785700000822544 ], [ 3324950.976400002837181, 5320485.216400001198053 ], [ 3324722.051100000739098, 5320722.892400000244379 ], [ 3324528.006300002336502, 5321137.012499999254942 ], [ 3324277.846199996769428, 5321340.765799999237061 ], [ 3323568.648400001227856, 5321444.658100001513958 ], [ 3323104.696800000965595, 5321668.881400000303984 ], [ 3323104.608199998736382, 5321669.469900000840425 ], [ 3322994.787699997425079, 5322398.566100001335144 ], [ 3322973.199600003659725, 5323299.600000001490116 ], [ 3322918.437600001692772, 5324042.011999998241663 ], [ 3322992.361199997365475, 5324250.691799998283386 ], [ 3323100.212499998509884, 5324438.143500000238419 ], [ 3323118.981100000441074, 5324634.127300001680851 ], [ 3323118.754199996590614, 5324634.353799998760223 ], [ 3322839.981899999082088, 5324912.567699998617172 ], [ 3322771.370700001716614, 5325134.901399999856949 ], [ 3322771.373800002038479, 5325134.919599998742342 ], [ 3322813.073299996554852, 5325382.633699998259544 ], [ 3323543.975299999117851, 5326067.824700001627207 ], [ 3323868.305200003087521, 5326450.321699999272823 ], [ 3324081.365199998021126, 5326609.724199999123812 ], [ 3324322.942199997603893, 5326567.689899999648333 ], [ 3324541.208999998867512, 5326529.71169999986887 ], [ 3324854.350000001490116, 5326607.598299998790026 ], [ 3324905.348899997770786, 5326764.54280000180006 ], [ 3324854.77589999884367, 5327362.772900000214577 ], [ 3325000.947800002992153, 5327762.344900000840425 ], [ 3325310.901699997484684, 5328182.191700000315905 ], [ 3325645.510300002992153, 5328671.6074 ], [ 3325677.208400003612041, 5329190.05519999936223 ], [ 3325534.131999999284744, 5329761.222500000149012 ], [ 3325399.587999999523163, 5330421.493700001388788 ], [ 3325464.9978, 5330541.106800001114607 ], [ 3325722.042900003492832, 5330408.57880000025034 ], [ 3326111.393899999558926, 5330155.472699999809265 ], [ 3326300.573600001633167, 5330065.410999998450279 ], [ 3326860.767499998211861, 5330281.461300000548363 ], [ 3327333.579599998891354, 5330523.865800000727177 ], [ 3327553.50900000333786, 5330754.545499999076128 ], [ 3327553.246699996292591, 5330755.10359999909997 ], [ 3327397.887900002300739, 5331085.638000000268221 ], [ 3327314.520900003612041, 5331263.005899999290705 ], [ 3327314.591600000858307, 5331263.092599999159575 ], [ 3327355.285099998116493, 5331313.048300001770258 ], [ 3327813.709600001573563, 5331592.802200000733137 ], [ 3328060.744199998676777, 5331730.969300001859665 ], [ 3328126.729599997401237, 5331963.618500001728535 ], [ 3328142.597800001502037, 5332095.243200000375509 ], [ 3328203.373999997973442, 5331869.8581000007689 ], [ 3328131.634400002658367, 5332252.479899998754263 ], [ 3328251.2051, 5332563.359099999070168 ], [ 3328466.431000001728535, 5332850.324099998921156 ], [ 3328753.398000001907349, 5333065.547200001776218 ], [ 3329375.159000001847744, 5333352.510200001299381 ], [ 3329638.213100001215935, 5333759.044100001454353 ], [ 3329542.559799998998642, 5334189.493500001728535 ], [ 3329542.476499997079372, 5334189.660100001841784 ], [ 3329494.732699997723103, 5334285.149099998176098 ], [ 3329494.813000001013279, 5334285.249499998986721 ], [ 3329781.700300000607967, 5334643.855200000107288 ], [ 3329638.219999998807907, 5335193.874000001698732 ], [ 3329638.174699999392033, 5335193.964699998497963 ], [ 3329422.997599996626377, 5335624.324099998921156 ], [ 3329422.910499997437, 5335624.759399998933077 ], [ 3329375.171099998056889, 5335863.462600000202656 ], [ 3329375.098300002515316, 5335863.524500001221895 ], [ 3328896.89639999717474, 5336270.0 ], [ 3328466.450400002300739, 5336891.761700000613928 ], [ 3328083.830600000917912, 5337202.643500000238419 ], [ 3327533.811999998986721, 5337106.990800000727177 ], [ 3326625.086800001561642, 5337202.650499999523163 ], [ 3326290.293200001120567, 5337202.652100000530481 ], [ 3325501.137500002980232, 5337346.138900000602007 ], [ 3324688.074199996888638, 5338780.972800001502037 ], [ 3323898.9221, 5339665.78830000013113 ], [ 3323899.003600001335144, 5339666.1228 ], [ 3324112.649400003254414, 5340542.527199998497963 ], [ 3324321.734899997711182, 5341758.989599999040365 ], [ 3324454.792000003159046, 5343089.495700001716614 ], [ 3324739.902900002896786, 5343564.675299998372793 ], [ 3325139.058899998664856, 5344381.984700001776218 ], [ 3325766.300999999046326, 5345066.2423 ], [ 3326165.456900000572205, 5345845.537200000137091 ], [ 3326393.545800000429153, 5346263.695300001651049 ], [ 3327077.8074000030756, 5346491.778900001198053 ], [ 3328142.216499999165535, 5347252.063400000333786 ], [ 3328389.311800003051758, 5347518.163499999791384 ], [ 3328370.306800000369549, 5347974.33729999884963 ], [ 3328370.142200000584126, 5347974.419599998742342 ], [ 3327686.047899998724461, 5348316.471000000834465 ], [ 3327457.9628000035882, 5348696.616799999028444 ], [ 3327457.947599999606609, 5348696.965700000524521 ], [ 3327438.957699999213219, 5349133.783399999141693 ], [ 3327572.01240000128746, 5349951.094099998474121 ], [ 3327571.798500001430511, 5349951.569499999284744 ], [ 3327400.949000000953674, 5350331.239700000733137 ], [ 3327096.835100002586842, 5350711.385899998247623 ], [ 3326450.591099999845028, 5351148.555599998682737 ], [ 3326260.519799999892712, 5351357.636100001633167 ], [ 3326260.519799999892712, 5351358.066100001335144 ], [ 3326260.520999997854233, 5351604.730200000107288 ], [ 3326678.681999996304512, 5351984.872900001704693 ], [ 3326906.770599998533726, 5352346.009399998933077 ], [ 3327115.85249999910593, 5352821.189399998635054 ], [ 3327248.906900003552437, 5353581.478199999779463 ], [ 3327267.91499999910593, 5353771.550599999725819 ], [ 3327591.038900002837181, 5353923.606899999082088 ], [ 3327724.090400002896786, 5354094.671399999409914 ], [ 3327723.892700001597404, 5354095.295000001788139 ], [ 3327477.0, 5354873.969399999827147 ], [ 3327477.010499998927116, 5354873.980599999427795 ], [ 3327762.110100001096725, 5355178.08390000090003 ], [ 3328256.299999997019768, 5355539.219000000506639 ], [ 3328446.373499996960163, 5355786.312199998646975 ], [ 3329111.626900002360344, 5355786.308899998664856 ], [ 3329738.869400002062321, 5356546.595499999821186 ], [ 3329985.964699998497963, 5356793.688400000333786 ], [ 3329966.959200002253056, 5357154.8260000012815 ], [ 3329966.788900002837181, 5357155.132599998265505 ], [ 3329871.923799999058247, 5357325.891600001603365 ], [ 3329871.923799999058247, 5357326.190099999308586 ], [ 3329871.925200000405312, 5357611.000100001692772 ], [ 3329985.970299996435642, 5357953.129799999296665 ], [ 3329966.965700000524521, 5358504.339899998158216 ], [ 3330366.119499996304512, 5358865.475499998778105 ], [ 3330461.157999999821186, 5359340.655900001525879 ], [ 3330765.276799999177456, 5359967.893399998545647 ], [ 3331145.423699997365475, 5360424.065200001001358 ], [ 3331430.53320000320673, 5360633.143500000238419 ], [ 3332019.757700003683567, 5360633.140599999576807 ], [ 3332437.918200001120567, 5360918.24720000103116 ], [ 3333027.143200002610683, 5361051.295099999755621 ], [ 3333426.297200001776218, 5361469.452300000935793 ], [ 3333654.385200001299381, 5361697.538100000470877 ], [ 3334300.630900003015995, 5361640.513300001621246 ], [ 3334756.804300002753735, 5361564.482099998742342 ], [ 3335764.184199996292591, 5360823.194899998605251 ], [ 3336543.478500001132488, 5360309.995799999684095 ], [ 3336790.572499997913837, 5360290.987399999052286 ], [ 3337455.82599999755621, 5360348.005899999290705 ], [ 3338140.085900001227856, 5360195.944699998944998 ], [ 3338387.178599998354912, 5359910.83500000089407 ], [ 3338843.351499997079372, 5359758.774900000542402 ], [ 3339394.556999996304512, 5358827.417599998414516 ], [ 3339660.656599998474121, 5358466.278799999505281 ], [ 3339831.721400000154972, 5358409.256299998611212 ], [ 3340097.82320000231266, 5358504.291200000792742 ], [ 3340002.789899997413158, 5359112.523200001567602 ], [ 3340002.651500001549721, 5359112.844000000506639 ], [ 3339584.635399997234344, 5360081.894400000572205 ], [ 3339242.507600001990795, 5360595.091400001198053 ], [ 3339242.578599996864796, 5360595.339999999850988 ], [ 3339280.522699996829033, 5360728.1418999992311 ], [ 3339546.624899998307228, 5360918.213100001215935 ], [ 3339869.750900000333786, 5361545.450300000607967 ], [ 3340306.917099997401237, 5361488.4265 ], [ 3340630.040399998426437, 5361545.446699999272823 ], [ 3340972.171700000762939, 5361754.524700000882149 ], [ 3341694.446599997580051, 5361754.521200001239777 ], [ 3342321.685699999332428, 5361792.532699998468161 ], [ 3342663.816799998283386, 5361982.603399999439716 ], [ 3342872.897600002586842, 5362229.69649999961257 ], [ 3342929.921999998390675, 5362780.906199999153614 ], [ 3342967.937100000679493, 5362913.956700000911951 ], [ 3343291.060000002384186, 5362875.940600000321865 ], [ 3343481.132500000298023, 5362913.954199999570847 ], [ 3343519.148000001907349, 5363123.033599998801947 ], [ 3343633.192900002002716, 5363446.156100001186132 ], [ 3344127.381399996578693, 5363522.182700000703335 ], [ 3344450.506700001657009, 5363997.362100001424551 ], [ 3344583.559000000357628, 5364339.491799999028444 ], [ 3345343.849399998784065, 5364529.560499999672174 ], [ 3346142.153599999845028, 5364586.578400000929832 ], [ 3346465.276100002229214, 5364472.533500000834465 ], [ 3346864.426299996674061, 5364111.394099999219179 ], [ 3347111.520999997854233, 5364244.443500000983477 ], [ 3347282.587200000882149, 5364472.529599998146296 ], [ 3347301.596500001847744, 5364909.695900000631809 ], [ 3347776.779399998486042, 5365308.84569999948144 ], [ 3348175.931599996984005, 5365365.865499999374151 ], [ 3348385.013099998235703, 5365765.0165 ], [ 3348537.072599999606609, 5366107.146000001579523 ], [ 3348936.225299999117851, 5366240.194699998944998 ], [ 3349506.444600000977516, 5366715.372999999672174 ], [ 3349943.613200001418591, 5367171.544599998742342 ], [ 3350418.794799998402596, 5367323.600299999117851 ], [ 3350950.997400000691414, 5367323.597699999809265 ], [ 3351274.121899999678135, 5367627.712000001221895 ], [ 3351445.189300000667572, 5368121.899399999529123 ], [ 3351597.252300001680851, 5369205.311099998652935 ], [ 3351863.356799997389317, 5369851.5559 ], [ 3352566.6272, 5370421.76969999819994 ], [ 3353345.925999999046326, 5370877.9397 ], [ 3353821.108000002801418, 5371106.024300001561642 ], [ 3354334.30460000038147, 5371372.123199999332428 ], [ 3354790.479000002145767, 5371524.178899999707937 ], [ 3355512.752899996936321, 5371315.095899999141693 ], [ 3356006.941200003027916, 5371353.107999999076128 ], [ 3355930.913999997079372, 5371714.245900001376867 ], [ 3355930.803800001740456, 5371714.513599999248981 ], [ 3355797.864900000393391, 5372037.3695 ], [ 3355797.926399998366833, 5372037.400199998170137 ], [ 3356139.995999999344349, 5372208.43299999833107 ], [ 3356501.133900001645088, 5372303.467599999159575 ], [ 3357014.33110000193119, 5372702.61710000038147 ], [ 3357603.558899998664856, 5373424.889199998229742 ], [ 3357983.706000000238419, 5373938.082899998873472 ], [ 3358135.766000002622604, 5374394.255800001323223 ], [ 3358135.534699998795986, 5374394.761700000613928 ], [ 3357831.653399996459484, 5375059.510499998927116 ], [ 3357831.606600001454353, 5375059.838300000876188 ], [ 3357717.61370000243187, 5375857.815000001341105 ], [ 3357793.644900001585484, 5376332.99549999833107 ], [ 3358287.835600003600121, 5376884.203000001609325 ], [ 3358287.639600001275539, 5376884.830200001597404 ], [ 3358192.800899997353554, 5377188.319200001657009 ], [ 3357603.579700000584126, 5377834.568 ], [ 3356881.309399999678135, 5378822.947700001299381 ], [ 3356881.384700000286102, 5378823.223900001496077 ], [ 3356938.332000002264977, 5379032.026999998837709 ], [ 3357318.477600000798702, 5379222.097600001841784 ], [ 3358192.811200000345707, 5379374.151299998164177 ], [ 3358858.065800003707409, 5379678.263999998569489 ], [ 3359409.276699997484684, 5379887.340999998152256 ], [ 3360131.554999999701977, 5380628.619699999690056 ], [ 3360758.796099998056889, 5381122.804999999701977 ], [ 3361119.935599997639656, 5381559.969700001180172 ], [ 3361443.059000000357628, 5381635.997099999338388 ], [ 3362013.27419999986887, 5381236.842500001192093 ], [ 3362355.402999997138977, 5380932.725099999457598 ], [ 3362792.568400003015995, 5380742.650699999183416 ], [ 3363248.742799997329712, 5380875.699200000613928 ], [ 3364199.107500001788139, 5381521.9408 ], [ 3364883.37049999833107, 5382054.140099998563528 ], [ 3365187.483900003135204, 5381559.950599998235703 ], [ 3365700.677699998021126, 5381236.825199998915195 ], [ 3366403.944799996912479, 5381103.771299999207258 ], [ 3366879.124399997293949, 5380856.675000000745058 ], [ 3367278.274899996817112, 5380552.557300001382828 ], [ 3367829.48650000244379, 5380913.692299999296665 ], [ 3368133.604400001466274, 5381388.8717 ], [ 3368171.620899997651577, 5381826.037900000810623 ], [ 3368380.701499998569489, 5382035.116500001400709 ], [ 3368665.8108000010252, 5382206.180300001055002 ], [ 3368646.805399999022484, 5382605.332400001585484 ], [ 3368646.644199997186661, 5382605.412999998778105 ], [ 3368190.63289999961853, 5382833.421300001442432 ], [ 3367696.444499999284744, 5382757.39469999819994 ], [ 3367506.372000001370907, 5382738.388399999588728 ], [ 3367506.255000002682209, 5382739.031700000166893 ], [ 3367468.358499996364117, 5382947.468100000172853 ], [ 3367525.381899997591972, 5383308.60530000180006 ], [ 3367563.401299998164177, 5384354.003100000321865 ], [ 3367620.426299996674061, 5385057.270399998873472 ], [ 3368019.580600000917912, 5385570.464000001549721 ], [ 3368380.719200000166893, 5385817.55629999935627 ], [ 3368380.446199998259544, 5385818.134300000965595 ], [ 3368057.599399998784065, 5386501.818300001323223 ], [ 3368057.558799996972084, 5386502.143199998885393 ], [ 3368000.579800002276897, 5386957.992199998348951 ], [ 3368456.753499999642372, 5386976.997299998998642 ], [ 3369122.007200002670288, 5387072.0304000005126 ], [ 3369559.174800001084805, 5387338.129599999636412 ], [ 3369882.2993, 5387680.258299998939037 ], [ 3369958.328900001943111, 5387813.308600001037121 ], [ 3370038.209200002253056, 5387590.133900001645088 ], [ 3370509.513999998569489, 5387800.978000000119209 ], [ 3371042.832299999892712, 5388024.224700000137091 ], [ 3371650.567400000989437, 5388284.679200001060963 ], [ 3372345.120700001716614, 5388383.897799998521805 ], [ 3373151.299500003457069, 5388681.559599999338388 ], [ 3373622.603699997067451, 5388780.779199998825788 ], [ 3374118.712999999523163, 5388793.17960000038147 ], [ 3374465.990099996328354, 5388942.010800000280142 ], [ 3374776.058600001037121, 5389016.425700001418591 ], [ 3374937.296999998390675, 5389648.964200001209974 ], [ 3374974.506399996578693, 5389897.018699999898672 ], [ 3374875.2871999964118, 5390455.1418999992311 ], [ 3374912.496799997985363, 5390765.21000000089407 ], [ 3375210.164700001478195, 5391286.1233000010252 ], [ 3375507.832599997520447, 5391794.633900001645088 ], [ 3375830.304999999701977, 5392117.103300001472235 ], [ 3376376.026299998164177, 5392365.1554000005126 ], [ 3377008.566799998283386, 5392662.818 ], [ 3377318.636399999260902, 5392935.676699999719858 ], [ 3377405.457699999213219, 5393419.382599998265505 ], [ 3377479.877499997615814, 5394138.740699999034405 ], [ 3377529.490000002086163, 5394510.822299998253584 ], [ 3377541.894000001251698, 5394758.876800000667572 ], [ 3377851.964000001549721, 5395155.762800000607967 ], [ 3378323.26969999819994, 5395577.453400000929832 ], [ 3378509.311999998986721, 5395899.923500001430511 ], [ 3378918.604000002145767, 5396284.406199999153614 ], [ 3379241.078000001609325, 5396954.152199998497963 ], [ 3379327.899099998176098, 5397388.247299998998642 ], [ 3379327.709399998188019, 5397388.873500000685453 ], [ 3379203.873700000345707, 5397797.537900000810623 ], [ 3378794.585900001227856, 5398293.649000000208616 ], [ 3377913.995399996638298, 5398988.205899998545647 ], [ 3377293.8618, 5399595.942600000649691 ], [ 3377293.988600000739098, 5399596.270700000226498 ], [ 3377504.710699997842312, 5400141.661699999123812 ], [ 3377727.961499996483326, 5400501.339800000190735 ], [ 3377864.392399996519089, 5400687.380100000649691 ], [ 3377851.992499999701977, 5401282.711100000888109 ], [ 3377839.592699997127056, 5401940.055799998342991 ], [ 3377777.580600000917912, 5402262.527100000530481 ], [ 3377901.610799998044968, 5402907.468499999493361 ], [ 3378050.446900002658367, 5403626.826099999248981 ], [ 3378087.657600000500679, 5404160.143199998885393 ], [ 3378087.442299999296665, 5404160.38459999859333 ], [ 3377678.369599997997284, 5404619.046100001782179 ], [ 3377343.498099997639656, 5405053.143199998885393 ], [ 3377269.082800000905991, 5405301.198100000619888 ], [ 3377269.082500003278255, 5405301.209699999541044 ], [ 3377256.682800002396107, 5405871.723700001835823 ], [ 3377281.490199998021126, 5406293.416400000452995 ], [ 3377182.270999997854233, 5406876.345100000500679 ], [ 3377157.467299997806549, 5407248.427099999040365 ], [ 3377107.858199998736382, 5407632.911899998784065 ], [ 3377269.093199998140335, 5407546.092000000178814 ], [ 3377827.21339999884367, 5406975.563900001347065 ], [ 3378558.971199996769428, 5406305.813099998980761 ], [ 3379489.172600001096725, 5405586.450599998235703 ], [ 3380171.3235, 5405784.891100000590086 ], [ 3380456.586400002241135, 5405822.097899999469519 ], [ 3381089.124600000679493, 5405611.248599998652935 ], [ 3381399.192699998617172, 5405586.441700000315905 ], [ 3381672.05349999666214, 5405735.273200001567602 ], [ 3382019.331799998879433, 5406156.964400000870228 ], [ 3382540.2483000010252, 5406553.849300000816584 ], [ 3383048.761200003325939, 5406814.304299999028444 ], [ 3383420.844400003552437, 5407087.162599999457598 ], [ 3383941.759999997913837, 5407298.0066 ], [ 3384760.341300003230572, 5407570.862799998372793 ], [ 3385665.742499999701977, 5407992.5515 ], [ 3385826.97919999808073, 5408290.2162000015378 ], [ 3386174.256899997591972, 5408575.477400001138449 ], [ 3386447.120099999010563, 5409245.223499998450279 ], [ 3386484.330700002610683, 5409790.943399999290705 ], [ 3386844.006700001657009, 5409096.388900000602007 ], [ 3387464.140100002288818, 5408451.444200001657009 ], [ 3387835.941200003027916, 5408191.1809 ], [ 3387836.220799997448921, 5408190.985199999064207 ], [ 3387712.190800003707409, 5407595.654699999839067 ], [ 3387798.888800002634525, 5407174.539900001138449 ], [ 3387799.00789999961853, 5407173.961500000208616 ], [ 3388282.712499998509884, 5406764.669300001114607 ], [ 3389088.88849999755621, 5406479.402800001204014 ], [ 3389820.64919999986887, 5406442.191300000995398 ], [ 3390750.854900002479553, 5406653.033399999141693 ], [ 3391581.839400000870228, 5407025.1114999987185 ], [ 3392152.367499999701977, 5407620.439899999648333 ], [ 3392462.438000001013279, 5408104.144900001585484 ], [ 3392834.518100000917912, 5407732.061299998313189 ], [ 3393156.987499997019768, 5407384.783399999141693 ], [ 3394000.372400000691414, 5407248.349599998444319 ], [ 3394694.925599999725819, 5407335.165500000119209 ], [ 3395017.396700002253056, 5407384.774999998509884 ], [ 3395848.378799997270107, 5407223.535700000822544 ], [ 3396704.166199997067451, 5407037.490899998694658 ], [ 3397460.732600003480911, 5407049.890099998563528 ], [ 3397969.244800001382828, 5407111.901500001549721 ], [ 3398353.729900002479553, 5407235.927099999040365 ], [ 3398763.022200003266335, 5407719.6316 ], [ 3399011.078500002622604, 5408104.1151 ], [ 3399618.811999998986721, 5408079.30689999833703 ], [ 3400474.600000001490116, 5408029.69200000166893 ], [ 3401057.528099998831749, 5408004.883900001645088 ], [ 3402049.746399998664856, 5408004.8794 ], [ 3402347.412600003182888, 5408178.51630000025034 ], [ 3402446.635499998927116, 5408401.765000000596046 ], [ 3402421.831900000572205, 5408798.652399998158216 ], [ 3402707.096799999475479, 5409294.760299999266863 ], [ 3402793.916799999773502, 5409480.800799999386072 ], [ 3402781.517499998211861, 5410237.3673 ], [ 3403376.847800001502037, 5410113.337400000542402 ], [ 3404145.815600000321865, 5409803.265700001269579 ], [ 3404753.548799999058247, 5409704.041000001132488 ], [ 3405138.0337999984622, 5409778.455699998885393 ], [ 3405696.156900003552437, 5409865.272300001233816 ], [ 3406192.264300003647804, 5409493.188200000673532 ], [ 3406601.554399996995926, 5409505.589200001209974 ], [ 3407023.248499996960163, 5409815.6554000005126 ], [ 3407420.136399999260902, 5409939.681000001728535 ], [ 3408040.272900000214577, 5409964.483600001782179 ], [ 3408288.328400000929832, 5410175.328899998217821 ], [ 3408635.606799997389317, 5410634.228300001472235 ], [ 3409094.508599996566772, 5410832.6699 ], [ 3409441.657799996435642, 5410807.872000001370907 ], [ 3409441.78490000218153, 5410807.8629 ], [ 3409478.991400003433228, 5410423.378100000321865 ], [ 3409466.593999996781349, 5410063.901000000536442 ], [ 3409466.586999997496605, 5410063.699000000953674 ], [ 3409627.820900000631809, 5409704.019099999219179 ], [ 3410148.734300002455711, 5409443.559500001370907 ], [ 3411289.784000001847744, 5409158.291600000113249 ], [ 3411897.518299996852875, 5409307.1217 ], [ 3412381.225699998438358, 5409517.965900000184774 ], [ 3412691.295100003480911, 5409778.421799998730421 ], [ 3413075.778200000524521, 5409468.35190000012517 ], [ 3413249.414399996399879, 5409021.853000000119209 ], [ 3413534.676100000739098, 5408786.19990000128746 ], [ 3413968.770499996840954, 5408550.546 ], [ 3414167.025600001215935, 5408377.071199998259544 ], [ 3414167.21339999884367, 5408376.906899999827147 ], [ 3414167.211599998176098, 5407968.140700001269579 ], [ 3414167.211599998176098, 5407967.616900000721216 ], [ 3414353.251999996602535, 5407855.991500001400709 ], [ 3414663.319799996912479, 5407781.573800001293421 ], [ 3414886.568499997258186, 5407682.350900001823902 ], [ 3415221.4408999979496, 5407384.684000000357628 ], [ 3415779.562700003385544, 5407186.2379 ], [ 3415990.409400001168251, 5407260.653200000524521 ], [ 3416399.701899997889996, 5407806.371500000357628 ], [ 3416920.617899999022484, 5408116.437399998307228 ], [ 3417156.269500002264977, 5408079.228199999779463 ], [ 3417367.113099999725819, 5407459.090799998492002 ], [ 3417763.997400000691414, 5406776.938999999314547 ], [ 3418210.495300002396107, 5406702.520599998533726 ], [ 3419053.881399996578693, 5406838.946899998933077 ], [ 3419946.879100002348423, 5407124.205699998885393 ], [ 3420480.197200000286102, 5407297.841600000858307 ], [ 3420852.275700002908707, 5406553.676199998706579 ], [ 3421695.663400001823902, 5407062.184399999678135 ], [ 3422204.176399998366833, 5407310.236600000411272 ], [ 3422787.106200002133846, 5407682.315900001674891 ], [ 3423159.189000003039837, 5407880.75789999961853 ], [ 3423655.111599996685982, 5406417.764800000935793 ], [ 3423655.291599996387959, 5406417.233800001442432 ], [ 3423704.899599999189377, 5405747.486299999058247 ], [ 3423692.501800000667572, 5405288.840900000184774 ], [ 3423692.4949000030756, 5405288.585400000214577 ], [ 3423977.755199998617172, 5404730.461300000548363 ], [ 3424213.406099997460842, 5404532.016600001603365 ], [ 3424858.348300002515316, 5404606.430100001394749 ], [ 3425490.887800000607967, 5404705.649099998176098 ], [ 3425999.398800000548363, 5404507.203299999237061 ], [ 3426259.854999996721745, 5404246.744800001382828 ], [ 3426793.171800002455711, 5404135.118000000715256 ], [ 3427128.045900002121925, 5404234.338300000876188 ], [ 3427748.184600003063679, 5404755.250199999660254 ], [ 3428021.045400001108646, 5404953.692600000649691 ], [ 3428306.30799999833107, 5404916.483199998736382 ], [ 3429211.704700000584126, 5404333.550999999046326 ], [ 3429844.243000000715256, 5404159.910000000149012 ], [ 3430538.795299999415874, 5404048.282499998807907 ], [ 3431072.11150000244379, 5403775.420099999755621 ], [ 3431717.052299998700619, 5403552.168099999427795 ], [ 3432299.980099998414516, 5403465.346500001847744 ], [ 3432858.103299997746944, 5403552.163100000470877 ], [ 3433130.964000001549721, 5403713.39750000089407 ], [ 3433205.382700003683567, 5404246.714400000870228 ], [ 3433428.634300000965595, 5404817.239 ], [ 3433887.5371999964118, 5405263.735199999064207 ], [ 3434234.814499996602535, 5405462.177400000393391 ], [ 3434470.4679000005126, 5405821.855399999767542 ], [ 3434830.148699998855591, 5406231.144000001251698 ], [ 3435487.492899999022484, 5406131.919199999421835 ], [ 3436157.240900002419949, 5406280.749099999666214 ], [ 3436380.489799998700619, 5406268.345400001853704 ], [ 3436889.000100001692772, 5405896.261300001293421 ], [ 3437223.873099997639656, 5405735.024399999529123 ], [ 3437595.954899996519089, 5405735.022799998521805 ], [ 3438315.312100000679493, 5405486.96510000154376 ], [ 3439009.86429999768734, 5405375.337600000202656 ], [ 3439828.443400003015995, 5405152.084899999201298 ], [ 3440609.813900001347065, 5404829.610599998384714 ], [ 3440808.25900000333786, 5405152.080699998885393 ], [ 3441105.926899999380112, 5405735.007599998265505 ], [ 3441540.024300001561642, 5406181.504000000655651 ], [ 3442197.370200000703335, 5406479.166600000113249 ], [ 3442557.049800001084805, 5406615.595100000500679 ], [ 3443127.574600003659725, 5406441.9543999992311 ], [ 3444057.777699999511242, 5406094.6739999987185 ], [ 3444764.731499999761581, 5405697.783700000494719 ], [ 3445620.518200002610683, 5405338.10080000013113 ], [ 3446513.513099998235703, 5405003.223400000482798 ], [ 3447245.272299997508526, 5404569.124800000339746 ], [ 3448026.643899999558926, 5404531.913199998438358 ], [ 3448882.43129999935627, 5404321.063099998980761 ], [ 3449316.527000002563, 5404370.672200001776218 ], [ 3449775.429399996995926, 5404717.946699999272823 ], [ 3449961.471400000154972, 5404978.403099998831749 ], [ 3449973.875500001013279, 5405288.4712999984622 ], [ 3449973.685699999332428, 5405289.0526 ], [ 3449576.9934, 5406503.940400000661612 ], [ 3449577.006700001657009, 5406503.961300000548363 ], [ 3449750.632700003683567, 5406776.799699999392033 ], [ 3450494.798600003123283, 5407297.711100000888109 ], [ 3450668.437700003385544, 5407496.153999999165535 ], [ 3450668.161100000143051, 5407496.688700001686811 ], [ 3450482.398199997842312, 5407855.83390000090003 ], [ 3450482.398199997842312, 5407856.1074 ], [ 3450482.399700000882149, 5408203.110300000756979 ], [ 3450606.42849999666214, 5408537.983399998396635 ], [ 3450569.223200000822544, 5409220.133699998259544 ], [ 3450482.405599996447563, 5409579.813099998980761 ], [ 3450482.328299999237061, 5409579.99210000038147 ], [ 3450246.756099998950958, 5410125.534099999815226 ], [ 3449936.69030000269413, 5410683.658300001174212 ], [ 3449564.610399998724461, 5411142.5608000010252 ], [ 3449291.752599999308586, 5411626.268300000578165 ], [ 3448932.075000002980232, 5411998.351700000464916 ], [ 3448584.799599997699261, 5412221.602299999445677 ], [ 3448262.329999998211861, 5412531.671900000423193 ], [ 3448014.276500001549721, 5412767.324700001627207 ], [ 3447729.016099996864796, 5413313.046 ], [ 3447493.366099998354912, 5413747.142499998211861 ], [ 3447108.884800001978874, 5414478.905099999159575 ], [ 3446922.845100000500679, 5414788.97410000115633 ], [ 3446649.98589999973774, 5414962.613499999046326 ], [ 3446166.279700003564358, 5414999.823699999600649 ], [ 3445744.586300000548363, 5414850.992800001055002 ], [ 3445062.43469999730587, 5414454.108399998396635 ], [ 3444628.338899999856949, 5414367.291200000792742 ], [ 3444305.868100002408028, 5414429.306200001388788 ], [ 3443884.17620000243187, 5414602.946199998259544 ], [ 3443462.485200002789497, 5414999.835400000214577 ], [ 3443462.416799999773502, 5415000.3596 ], [ 3443388.071199998259544, 5415570.361200001090765 ], [ 3443387.949500001966953, 5415570.491599999368191 ], [ 3443040.796499997377396, 5415942.444499999284744 ], [ 3443040.762800000607967, 5415942.916000001132488 ], [ 3443015.992499999701977, 5416289.721000000834465 ], [ 3443152.425300002098083, 5416934.662200000137091 ], [ 3443251.649700000882149, 5417505.187199998646975 ], [ 3443226.844999998807907, 5417691.228300001472235 ], [ 3443226.736100003123283, 5417691.273699998855591 ], [ 3442929.179999999701977, 5417815.256799999624491 ], [ 3442383.46000000089407, 5417815.259199999272823 ], [ 3441825.33669999986887, 5417678.831599999219179 ], [ 3441093.574699997901917, 5417430.780299998819828 ], [ 3440622.271200001239777, 5417455.587699998170137 ], [ 3439741.678300000727177, 5417616.826999999582767 ], [ 3439518.429799996316433, 5417740.855200000107288 ], [ 3439357.195200003683567, 5417939.299499999731779 ], [ 3438923.103900000452995, 5418906.714200001209974 ], [ 3438761.868600003421307, 5418956.325800001621246 ], [ 3438216.148299999535084, 5418881.911800000816584 ], [ 3437980.496200002729893, 5418795.093699999153614 ], [ 3437819.262699998915195, 5419266.397999998182058 ], [ 3437409.973200000822544, 5419378.024399999529123 ], [ 3437075.100900001823902, 5419650.885899998247623 ], [ 3436827.047200001776218, 5419861.733300000429153 ], [ 3436343.341499999165535, 5420022.970899999141693 ], [ 3435946.453599996864796, 5419886.542599998414516 ], [ 3435611.579899996519089, 5419836.9331 ], [ 3435363.52589999884367, 5419985.7668999992311 ], [ 3435065.861699998378754, 5420246.225600000470877 ], [ 3435065.917000003159046, 5420246.649300001561642 ], [ 3435103.071099996566772, 5420531.488099999725819 ], [ 3435239.504000000655651, 5421201.2347999997437 ], [ 3435251.910800002515316, 5422143.842099998146296 ], [ 3435227.106799997389317, 5422491.118500001728535 ], [ 3435226.958499997854233, 5422491.203699998557568 ], [ 3434644.180200003087521, 5422825.994699999690056 ], [ 3434135.670000001788139, 5423198.078699998557568 ], [ 3433763.589199997484684, 5423446.1349 ], [ 3433589.953100003302097, 5423905.03660000115633 ], [ 3433180.664899997413158, 5424314.328299999237061 ], [ 3432659.751999996602535, 5424674.009799998253584 ], [ 3432138.838899999856949, 5424996.482900001108646 ], [ 3431828.771600000560284, 5425207.330600000917912 ], [ 3431828.640299998223782, 5425207.928899999707937 ], [ 3431717.149300001561642, 5425715.842999998480082 ], [ 3431729.555100001394749, 5426435.201099999248981 ], [ 3431853.584799997508526, 5426980.920499999076128 ], [ 3431990.016500003635883, 5427377.807199999690056 ], [ 3432337.2949, 5427824.303800001740456 ], [ 3432349.701099999248981, 5428630.480999998748302 ], [ 3433143.476099997758865, 5428742.102099999785423 ], [ 3434061.278300002217293, 5428841.319899998605251 ], [ 3434706.219899997115135, 5428816.511700000613928 ], [ 3435251.938699997961521, 5428543.64919999986887 ], [ 3436008.502099998295307, 5427886.3015 ], [ 3436727.857299998402596, 5427204.148400001227856 ], [ 3437447.214000001549721, 5426869.271600000560284 ], [ 3437881.309900000691414, 5426956.088799998164177 ], [ 3438377.421300001442432, 5427514.209399998188019 ], [ 3438947.949000000953674, 5428022.718600001186132 ], [ 3439530.877400003373623, 5428084.729699999094009 ], [ 3439927.763599999248981, 5427849.076200000941753 ], [ 3440175.816799998283386, 5427563.812399998307228 ], [ 3440349.454800002276897, 5427501.798000000417233 ], [ 3440783.550399996340275, 5427526.601599998772144 ], [ 3441180.491800002753735, 5427061.13569999858737 ], [ 3441459.979000002145767, 5426502.1554000005126 ], [ 3442675.759999997913837, 5426879.460999999195337 ], [ 3443318.585799999535084, 5426851.509199999272823 ], [ 3443556.151000000536442, 5426641.890999998897314 ], [ 3443779.576800003647804, 5426097.2837999984622 ], [ 3443779.740199998021126, 5426096.885499998927116 ], [ 3443849.544399999082088, 5425412.775299999862909 ], [ 3443849.6096, 5425412.135899998247623 ], [ 3444422.563199996948242, 5425426.107900001108646 ], [ 3444702.053000003099442, 5425495.978999998420477 ], [ 3445135.264499999582767, 5426124.828600000590086 ], [ 3445694.247599996626377, 5427075.090599998831749 ], [ 3446672.459899999201298, 5426823.545800000429153 ], [ 3447287.335900001227856, 5426599.95160000026226 ], [ 3448489.139700002968311, 5426362.380300000309944 ], [ 3449145.939800001680851, 5426278.530600000172853 ], [ 3450138.125900000333786, 5425887.24100000038743 ], [ 3450641.20380000025034, 5425160.566100001335144 ], [ 3451158.256099998950958, 5424364.018699999898672 ], [ 3452066.594200000166893, 5423707.214400000870228 ], [ 3452166.258699998259544, 5423752.062899999320507 ], [ 3452346.084200002253056, 5423832.9835 ], [ 3452891.090800002217293, 5424308.113400001078844 ], [ 3453338.2753000035882, 5424587.600999999791384 ], [ 3454064.947499997913837, 5424461.827599998563528 ], [ 3454595.975699998438358, 5424014.642099998891354 ], [ 3455015.207800000905991, 5423497.584699999541044 ], [ 3455616.10700000077486, 5422742.960400000214577 ], [ 3456328.802299998700619, 5422030.25899999961257 ], [ 3456608.288400001823902, 5421205.763700000941753 ], [ 3456789.95440000295639, 5420702.681800000369549 ], [ 3457083.41610000282526, 5420171.650400001555681 ], [ 3457418.802699998021126, 5419962.031899999827147 ], [ 3457670.3429000005126, 5419878.183899998664856 ], [ 3458033.677199997007847, 5419403.05009999871254 ], [ 3458648.55290000140667, 5419109.583500001579523 ], [ 3459598.814499996602535, 5418424.830200001597404 ], [ 3459822.405299998819828, 5418243.160999998450279 ], [ 3461052.161200001835823, 5418704.313499998301268 ], [ 3461524.838600002229214, 5418661.659499999135733 ], [ 3461861.300200000405312, 5418683.601300001144409 ], [ 3462212.39019999653101, 5418610.456000000238419 ], [ 3462702.452500000596046, 5418332.507399998605251 ], [ 3462980.398299999535084, 5418156.961100000888109 ], [ 3463404.631399996578693, 5417944.842300001531839 ], [ 3463682.577500000596046, 5417835.125300001353025 ], [ 3463916.637000001966953, 5417681.522300001233816 ], [ 3464238.468500003218651, 5417388.945799998939037 ], [ 3464472.527300000190735, 5417045.168800000101328 ], [ 3464735.843500003218651, 5416672.134300000965595 ], [ 3464933.330600000917912, 5416408.815699998289347 ], [ 3465174.704199999570847, 5416160.125799998641014 ], [ 3465525.793399997055531, 5415904.120999999344349 ], [ 3465840.313000001013279, 5416196.69480000063777 ], [ 3466279.178000003099442, 5416708.699700001627207 ], [ 3466696.099399998784065, 5417125.61769999936223 ], [ 3467105.706900000572205, 5417615.679499998688698 ], [ 3467610.401199996471405, 5418105.74100000038743 ], [ 3467961.492799997329712, 5418405.629099998623133 ], [ 3468641.732299998402596, 5418903.004200000315905 ], [ 3469168.368900001049042, 5419180.9485 ], [ 3469468.258699998259544, 5419239.462200000882149 ], [ 3470031.465499997138977, 5419078.543499998748302 ], [ 3470711.701999999582767, 5418873.738000001758337 ], [ 3471326.108800001442432, 5418581.160300001502037 ], [ 3471662.569600000977516, 5418427.556800000369549 ], [ 3471903.9441, 5418420.241500001400709 ], [ 3472408.638099998235703, 5418822.530299998819828 ], [ 3472803.6162, 5419195.562100000679493 ], [ 3473264.423699997365475, 5419532.021800000220537 ], [ 3473498.4846, 5419714.880300000309944 ], [ 3473674.030799999833107, 5419956.254099998623133 ], [ 3473776.4341000020504, 5420409.745400000363588 ], [ 3473791.064400002360344, 5420812.036299999803305 ], [ 3473886.153800003230572, 5421389.872000001370907 ], [ 3474047.072300001978874, 5421901.877999998629093 ], [ 3474186.047399997711182, 5422362.683400001376867 ], [ 3474303.0801, 5422977.090900000184774 ], [ 3474500.572499997913837, 5423986.474700000137091 ], [ 3474661.490900002419949, 5424476.537500001490116 ], [ 3474954.068400003015995, 5425010.486099999397993 ], [ 3475224.702799998223782, 5425581.006799999624491 ], [ 3475400.249499998986721, 5425954.039500001817942 ], [ 3475787.914499998092651, 5426619.646499998867512 ], [ 3476248.720100000500679, 5426531.872000001370907 ], [ 3477002.100900001823902, 5426436.782000001519918 ], [ 3477557.993299998342991, 5426305.120799999684095 ], [ 3478135.828599996864796, 5426129.57319999858737 ], [ 3478742.921599999070168, 5425975.968800000846386 ], [ 3479415.844099998474121, 5425844.307100001722574 ], [ 3480147.281599998474121, 5425719.959600001573563 ], [ 3480739.746100001037121, 5425632.184599999338388 ], [ 3481610.156900003552437, 5425507.836500000208616 ], [ 3482034.3904, 5425368.8614999987185 ], [ 3482751.19820000231266, 5425003.139499999582767 ], [ 3483431.433899998664856, 5424593.531399998813868 ], [ 3483884.924599997699261, 5424396.041200000792742 ], [ 3484067.784100003540516, 5424388.726100001484156 ], [ 3484506.647900000214577, 5424608.155699998140335 ], [ 3484894.310999996960163, 5424834.899900000542402 ], [ 3485245.402199998497963, 5425047.015500001609325 ], [ 3485450.20549999922514, 5425200.616700001060963 ], [ 3485801.296300001442432, 5425339.588599998503923 ], [ 3486232.845299996435642, 5425471.2456 ], [ 3486744.853299997746944, 5425793.076299998909235 ], [ 3487154.459499999880791, 5426005.191700000315905 ], [ 3487571.380300000309944, 5426268.5077 ], [ 3487878.585100002586842, 5426487.937899999320507 ], [ 3488522.252300001680851, 5426904.854899998754263 ], [ 3489165.919399999082088, 5427277.88569999858737 ], [ 3489816.901100002229214, 5427738.689100001007318 ], [ 3490124.105800002813339, 5427914.232999999076128 ], [ 3490482.511699996888638, 5428206.806699998676777 ], [ 3490709.258599996566772, 5428470.123599998652935 ], [ 3491221.26690000295639, 5428879.726700000464916 ], [ 3491455.327799998223782, 5429069.899700000882149 ], [ 3491557.730200000107288, 5429340.531399998813868 ], [ 3492150.197899997234344, 5430035.395100001245737 ], [ 3492735.35080000013113, 5430657.1151 ], [ 3493130.329300001263618, 5431132.5482 ], [ 3493496.049599997699261, 5431439.750799998641014 ], [ 3493986.11429999768734, 5431761.581599999219179 ], [ 3494600.523699998855591, 5432090.726199999451637 ], [ 3494856.527400001883507, 5432185.812100000679493 ], [ 3495346.592399999499321, 5432573.472300000488758 ], [ 3495631.854000002145767, 5432749.016199998557568 ], [ 3495785.456299997866154, 5432836.788199998438358 ], [ 3496026.83110000193119, 5432880.673500001430511 ], [ 3496268.205600000917912, 5432887.986900001764297 ], [ 3496685.125, 5432814.841400001198053 ], [ 3496948.4425999969244, 5432800.211500000208616 ], [ 3497592.109099999070168, 5433078.1554000005126 ], [ 3498089.488200001418591, 5433370.72859999909997 ], [ 3498469.836599998176098, 5433531.643500000238419 ], [ 3498733.154799997806549, 5433634.043699998408556 ], [ 3498930.643500000238419, 5433773.016100000590086 ], [ 3499150.0757, 5433948.560400001704693 ], [ 3499274.421300001442432, 5434233.820700000971556 ], [ 3499493.854800000786781, 5434767.769600000232458 ], [ 3499588.942500002682209, 5434928.685600001364946 ], [ 3499837.631800003349781, 5435038.400400001555681 ], [ 3500100.949600003659725, 5435053.028000000864267 ], [ 3500430.097099997103214, 5435148.113600000739098 ], [ 3500942.103699997067451, 5435155.425999999046326 ], [ 3501476.053400002419949, 5435140.795099999755621 ], [ 3501841.772799998521805, 5435228.566199999302626 ], [ 3502236.749499998986721, 5435272.4510000012815 ], [ 3502653.669399999082088, 5435345.593100000172853 ], [ 3503165.675999999046326, 5435330.962200000882149 ], [ 3503472.879699997603893, 5435265.1316 ], [ 3503955.628499999642372, 5435191.98589999973774 ], [ 3504796.7820999994874, 5435148.096200000494719 ], [ 3505645.249799996614456, 5435053.005899999290705 ], [ 3506647.319600000977516, 5434965.229299999773502 ], [ 3507466.530000001192093, 5434935.968499999493361 ], [ 3508263.797399997711182, 5434928.65089999884367 ], [ 3508841.633000001311302, 5434833.561599999666214 ], [ 3509075.692900002002716, 5434745.788100000470877 ], [ 3509360.952399998903275, 5434402.011199999600649 ], [ 3509755.92679999768734, 5433882.688499998301268 ], [ 3510041.185599997639656, 5433377.995099999010563 ], [ 3510282.386799998581409, 5432712.856300000101328 ], [ 3510282.557499997317791, 5432712.385499998927116 ], [ 3510311.814000003039837, 5432427.124600000679493 ], [ 3510319.126299999654293, 5431922.432300001382828 ], [ 3510406.840499997138977, 5431286.486400000751019 ], [ 3510406.89639999717474, 5431286.080899998545647 ], [ 3510494.668200001120567, 5431132.478500001132488 ], [ 3510684.841300003230572, 5430905.731899999082088 ], [ 3510948.158699996769428, 5430832.587099999189377 ], [ 3511438.2212999984622, 5430620.468100000172853 ], [ 3511986.799199998378754, 5430444.920699998736382 ], [ 3512279.373999997973442, 5430379.090199999511242 ], [ 3512601.207099996507168, 5430444.918299999088049 ], [ 3512754.80969999730587, 5430591.205400001257658 ], [ 3512915.728000000119209, 5431095.896899998188019 ], [ 3513105.904700003564358, 5431812.70549999922514 ], [ 3513318.025799997150898, 5432814.774900000542402 ], [ 3513427.742899999022484, 5433180.493500001728535 ], [ 3513639.863099999725819, 5433992.388900000602007 ], [ 3513720.323600001633167, 5434548.281500000506639 ], [ 3513742.267499998211861, 5434753.083999998867512 ], [ 3513786.154700003564358, 5434987.144099999219179 ], [ 3513907.74889999628067, 5435239.693799998611212 ], [ 3514194.839800000190735, 5436502.870799999684095 ], [ 3514334.797899998724461, 5437437.693799998611212 ], [ 3514345.568099997937679, 5438557.32880000025034 ], [ 3514313.273199997842312, 5439160.209300000220537 ], [ 3514280.97860000282526, 5439784.621300000697374 ], [ 3514216.386, 5440215.250500001013279 ], [ 3514216.232299998402596, 5440215.660500001162291 ], [ 3514119.49549999833107, 5440473.6283 ], [ 3513968.776000000536442, 5440645.880399998277426 ], [ 3513807.290799997746944, 5440775.069699998944998 ], [ 3513430.490900002419949, 5440882.728399999439716 ], [ 3513365.896700002253056, 5440915.025800000876188 ], [ 3513366.401600003242493, 5440915.315900001674891 ], [ 3513621.214299999177456, 5441061.696199998259544 ], [ 3513871.886799998581409, 5441205.698300000280142 ], [ 3514603.957099996507168, 5441517.901299998164177 ], [ 3515303.729599997401237, 5441668.618700001388788 ], [ 3515723.592600002884865, 5441657.851300001144409 ], [ 3516358.770199999213219, 5441647.083099998533726 ], [ 3516681.741800002753735, 5441625.5504 ], [ 3517187.730999998748302, 5441711.674199998378754 ], [ 3517801.377499997615814, 5441776.266100000590086 ], [ 3518264.30349999666214, 5441808.5614 ], [ 3518856.418799996376038, 5441937.747699998319149 ], [ 3519297.813699997961521, 5442023.871800001710653 ], [ 3519986.820799998939037, 5442253.986400000751019 ], [ 3520293.644199997186661, 5442367.025199998170137 ], [ 3520988.034500002861023, 5442673.84569999948144 ], [ 3521230.263899996876717, 5442835.33049999922514 ], [ 3521884.283500000834465, 5443344.008299998939037 ], [ 3522344.519400000572205, 5443683.1266999989748 ], [ 3522901.646799996495247, 5444038.393300000578165 ], [ 3523353.80799999833107, 5444264.471799999475479 ], [ 3523636.408900000154972, 5444434.030799999833107 ], [ 3523943.232100002467632, 5444482.475299999117851 ], [ 3524443.83839999884367, 5444563.216299999505281 ], [ 3525041.336000002920628, 5444563.214000001549721 ], [ 3525606.536200001835823, 5444498.617400001734495 ], [ 3525840.690499998629093, 5444474.393699999898672 ], [ 3525985.949199996888638, 5444409.833599999547005 ], [ 3525986.027500003576279, 5444409.798799999058247 ], [ 3526018.323899999260902, 5444232.164299998432398 ], [ 3526042.543600000441074, 5443416.660599999129772 ], [ 3526058.689999997615814, 5442843.386 ], [ 3526179.802699998021126, 5442407.373700000345707 ], [ 3526292.840300001204014, 5441769.504200000315905 ] ] ] } }
]
}
