{
"type": "FeatureCollection",
"name": "DADRA_NAGAR_HAVELI_DAMAN_DIU",
"features": [
{ "type": "Feature", "properties": { "OBJECTID_1": 1, "OBJECTID": 1, "STATE": "DADRA & NAGAR HAVELI & DAMAN & DIU", "Shape_Leng": 321582.36823700002, "Shape_Area": 579773068.38800001 }, "geometry": { "type": "MultiPolygon", "coordinates": [ [ [ [ 3278305.8429000005126, 3619549.074099998921156 ], [ 3278482.365900002419949, 3619528.339200001209974 ], [ 3278643.786700002849102, 3619530.015799999237061 ], [ 3278806.182700000703335, 3619521.8059 ], [ 3278877.034299999475479, 3619522.150100000202656 ], [ 3278915.13849999755621, 3619526.625500001013279 ], [ 3278984.421300001442432, 3619534.922600001096725 ], [ 3279037.115199998021126, 3619526.355000000447035 ], [ 3279101.151600003242493, 3619508.847800001502037 ], [ 3279119.413199998438358, 3619503.08729999884963 ], [ 3279145.6963, 3619494.796399999409914 ], [ 3279289.759900003671646, 3619464.390999998897314 ], [ 3279371.486299999058247, 3619446.484200000762939 ], [ 3279443.3074000030756, 3619427.111600000411272 ], [ 3279514.159699998795986, 3619427.465999998152256 ], [ 3279553.726199999451637, 3619427.835900001227856 ], [ 3279571.727399997413158, 3619428.004200000315905 ], [ 3279591.512100003659725, 3619428.189100001007318 ], [ 3279610.925999999046326, 3619428.3706 ], [ 3279611.189599998295307, 3619428.373100001364946 ], [ 3279612.588299997150898, 3619428.386100001633167 ], [ 3279612.644199997186661, 3619428.389400001615286 ], [ 3279612.651600003242493, 3619428.389800000935793 ], [ 3279756.638700000941753, 3619436.842000000178814 ], [ 3279833.239399999380112, 3619439.618200000375509 ], [ 3279847.311499997973442, 3619440.128199998289347 ], [ 3279932.263700000941753, 3619444.660000000149012 ], [ 3279937.401100002229214, 3619444.934099998325109 ], [ 3279939.468400001525879, 3619445.044399999082088 ], [ 3279942.012500002980232, 3619445.180100001394749 ], [ 3279957.514700002968311, 3619440.458700001239777 ], [ 3279956.409800000488758, 3619388.125799998641014 ], [ 3279956.207599997520447, 3619378.548500001430511 ], [ 3279956.103900000452995, 3619373.634399998933077 ], [ 3279956.103500001132488, 3619373.614700000733137 ], [ 3279954.580600000917912, 3619304.602299999445677 ], [ 3279953.057300001382828, 3619235.5702 ], [ 3279955.157600000500679, 3619082.4879 ], [ 3279961.149999998509884, 3618967.568900000303984 ], [ 3279968.385399997234344, 3618916.049899999052286 ], [ 3279997.575900003314018, 3618831.93299999833107 ], [ 3280049.060500003397465, 3618721.614799998700619 ], [ 3280103.98929999768734, 3618553.067800000309944 ], [ 3280139.480400003492832, 3618447.479400001466274 ], [ 3280234.040600001811981, 3618206.592199999839067 ], [ 3280248.010399997234344, 3618132.592300001531839 ], [ 3280240.505599997937679, 3618062.142400000244379 ], [ 3280239.812299996614456, 3618048.405499998480082 ], [ 3280238.125600002706051, 3618015.044399999082088 ], [ 3280225.9331, 3617968.433299999684095 ], [ 3280225.061999998986721, 3617951.197500001639128 ], [ 3280224.321400001645088, 3617936.543999999761581 ], [ 3280219.103299997746944, 3617911.229400001466274 ], [ 3280202.813900001347065, 3617900.251299999654293 ], [ 3280139.045199997723103, 3617845.423900000751019 ], [ 3280083.445000000298023, 3617796.590900000184774 ], [ 3280015.901600003242493, 3617744.913699999451637 ], [ 3279964.76070000231266, 3617706.1765 ], [ 3279917.870899997651577, 3617667.892799999564886 ], [ 3279894.983199998736382, 3617649.205899998545647 ], [ 3279876.421400003135204, 3617632.434599999338388 ], [ 3279874.682300001382828, 3617630.92339999973774 ], [ 3279822.395999997854233, 3617585.489 ], [ 3279803.172499999403954, 3617545.6305 ], [ 3279778.2654, 3617514.57660000026226 ], [ 3279775.8706, 3617511.590700000524521 ], [ 3279744.222499996423721, 3617469.417199999094009 ], [ 3279713.468000002205372, 3617406.044399999082088 ], [ 3279693.032200001180172, 3617351.986600000411272 ], [ 3279666.59570000320673, 3617296.257100000977516 ], [ 3279652.937200002372265, 3617259.561200000345707 ], [ 3279614.339100003242493, 3617235.442699998617172 ], [ 3279543.957599997520447, 3617205.559300001710653 ], [ 3279411.934799998998642, 3617133.529199998825788 ], [ 3279391.426600001752377, 3617122.20160000026226 ], [ 3279331.981799997389317, 3617089.367800001055002 ], [ 3279270.39019999653101, 3617036.041000001132488 ], [ 3279270.249700002372265, 3617035.919300001114607 ], [ 3279221.923799999058247, 3616955.728300001472235 ], [ 3279190.096500001847744, 3616910.111000001430511 ], [ 3279196.396499998867512, 3616859.619100000709295 ], [ 3279217.686999998986721, 3616755.24100000038743 ], [ 3279230.153099998831749, 3616682.746399998664856 ], [ 3279242.773999996483326, 3616609.35190000012517 ], [ 3279246.72070000320673, 3616570.784600000828505 ], [ 3279239.64299999922514, 3616547.535399999469519 ], [ 3279215.07379999756813, 3616529.839699998497963 ], [ 3279209.016099996864796, 3616525.476700000464916 ], [ 3279174.695100001990795, 3616488.84010000154376 ], [ 3279140.824100002646446, 3616461.034499999135733 ], [ 3279117.837499998509884, 3616414.976399999111891 ], [ 3279119.412299998104572, 3616387.842999998480082 ], [ 3279119.834700003266335, 3616337.650499999523163 ], [ 3279119.797200001776218, 3616278.627500001341105 ], [ 3279093.857199996709824, 3616174.177000001072884 ], [ 3279088.382200002670288, 3616124.274999998509884 ], [ 3279063.754699997603893, 3616045.83669999986887 ], [ 3279048.10809999704361, 3615969.891800001263618 ], [ 3278979.259099997580051, 3615834.160900000482798 ], [ 3278945.141599997878075, 3615763.667700000107288 ], [ 3278943.0066, 3615759.256499998271465 ], [ 3278919.241300001740456, 3615639.456399999558926 ], [ 3278859.289399996399879, 3615650.353000000119209 ], [ 3278792.562799997627735, 3615663.568999998271465 ], [ 3278752.738799996674061, 3615693.124600000679493 ], [ 3278711.611900001764297, 3615726.199400000274181 ], [ 3278676.341399997472763, 3615767.823100000619888 ], [ 3278619.668399997055531, 3615853.330800000578165 ], [ 3278543.496500000357628, 3615990.987500000745058 ], [ 3278492.13289999961853, 3616142.6239 ], [ 3278440.526199996471405, 3616289.363699998706579 ], [ 3278363.211300000548363, 3616433.472300000488758 ], [ 3278310.3699000030756, 3616516.809999998658895 ], [ 3278244.656900003552437, 3616579.161499999463558 ], [ 3278126.246299996972084, 3616688.94310000166297 ], [ 3277991.6963, 3616790.690600000321865 ], [ 3277892.716300003230572, 3616856.692200001329184 ], [ 3277853.955799996852875, 3616897.512699998915195 ], [ 3277725.742899999022484, 3616978.760499998927116 ], [ 3277571.234899997711182, 3617065.283900000154972 ], [ 3277525.524700000882149, 3617095.139199998229742 ], [ 3277442.157899998128414, 3617168.231100000441074 ], [ 3277400.569499999284744, 3617201.814500000327826 ], [ 3277324.095899999141693, 3617284.880699999630451 ], [ 3277213.78490000218153, 3617476.885400000959635 ], [ 3277160.764300003647804, 3617595.658599998801947 ], [ 3277161.861599996685982, 3617617.244699999690056 ], [ 3277182.779600001871586, 3617641.761700000613928 ], [ 3277192.494099996984005, 3617652.34910000115633 ], [ 3277243.168099999427795, 3617707.576499998569489 ], [ 3277294.609700001776218, 3617752.198800001293421 ], [ 3277359.447700001299381, 3617828.109499998390675 ], [ 3277446.83500000089407, 3617960.926600001752377 ], [ 3277487.309000000357628, 3618021.848000001162291 ], [ 3277553.549800001084805, 3618164.583399999886751 ], [ 3277592.226599998772144, 3618267.89299999922514 ], [ 3277615.801700003445148, 3618422.63399999961257 ], [ 3277625.73480000346899, 3618483.861200001090765 ], [ 3277641.525799997150898, 3618581.196699999272823 ], [ 3277651.756499998271465, 3618627.900199998170137 ], [ 3277672.477300003170967, 3618648.492400001734495 ], [ 3277696.626000002026558, 3618659.0760000012815 ], [ 3277759.877700001001358, 3618703.7685999982059 ], [ 3277841.49549999833107, 3618761.438400000333786 ], [ 3277897.564400002360344, 3618819.600499998778105 ], [ 3277977.165500000119209, 3618983.30290000140667 ], [ 3277983.076700001955032, 3618998.035900000482798 ], [ 3278039.646099999547005, 3619139.027800001204014 ], [ 3278075.849399998784065, 3619300.498799998313189 ], [ 3278105.728200003504753, 3619502.138799998909235 ], [ 3278116.155199997127056, 3619552.766800001263618 ], [ 3278150.599899999797344, 3619552.995200000703335 ], [ 3278169.663400001823902, 3619552.513700000941753 ], [ 3278305.8429000005126, 3619549.074099998921156 ] ] ], [ [ [ 3292185.593099996447563, 3621852.283599998801947 ], [ 3292268.21509999781847, 3621737.933600001037121 ], [ 3292311.712300002574921, 3621677.181800000369549 ], [ 3292319.935000002384186, 3621586.469300001859665 ], [ 3292329.117499999701977, 3621391.975400000810623 ], [ 3292326.752400003373623, 3621275.017400000244379 ], [ 3292391.515699997544289, 3621271.847199998795986 ], [ 3292399.42679999768734, 3621271.459899999201298 ], [ 3292549.200499996542931, 3621281.432500001043081 ], [ 3292640.183200001716614, 3621264.566700000315905 ], [ 3292656.848600000143051, 3621194.270799998193979 ], [ 3292664.364100001752377, 3621160.835499998182058 ], [ 3292673.424400001764297, 3621120.527699999511242 ], [ 3292735.985699996352196, 3621004.165500000119209 ], [ 3292829.085400000214577, 3620837.750500001013279 ], [ 3292931.147200003266335, 3620727.144299998879433 ], [ 3292952.484200000762939, 3620630.640599999576807 ], [ 3292938.195600003004074, 3620561.228199999779463 ], [ 3292906.434299997985363, 3620516.408599998801947 ], [ 3292841.3301, 3620492.696400001645088 ], [ 3292835.81530000269413, 3620471.707299999892712 ], [ 3292894.835900001227856, 3620338.344200000166893 ], [ 3292898.628600001335144, 3620329.774099998176098 ], [ 3293016.336300000548363, 3620198.5456000007689 ], [ 3293134.294299997389317, 3620127.807700000703335 ], [ 3293164.790799997746944, 3620059.56870000064373 ], [ 3293157.717500001192093, 3620019.084800001233816 ], [ 3293145.983400002121925, 3619951.924899999052286 ], [ 3293164.013899996876717, 3619877.644400000572205 ], [ 3293220.225900001823902, 3619694.096700001507998 ], [ 3293206.042199999094009, 3619524.854600001126528 ], [ 3293230.041199997067451, 3619521.212900001555681 ], [ 3293295.459600001573563, 3619514.081799998879433 ], [ 3293370.730200000107288, 3619505.876800000667572 ], [ 3293451.378100000321865, 3619437.184599999338388 ], [ 3293529.6875, 3619372.984299998730421 ], [ 3293516.5050999969244, 3619335.381799999624491 ], [ 3293463.293300002813339, 3619183.596200000494719 ], [ 3293321.767300002276897, 3618997.837900001555681 ], [ 3293219.766699999570847, 3618869.94990000128746 ], [ 3293163.979699999094009, 3618656.166200000792742 ], [ 3293096.882399998605251, 3618390.572500001639128 ], [ 3293122.246699996292591, 3618297.395599998533726 ], [ 3293168.88849999755621, 3618088.543499998748302 ], [ 3293170.409299999475479, 3617952.775699999183416 ], [ 3293089.374499998986721, 3617793.064300000667572 ], [ 3293008.339299999177456, 3617633.352800000458956 ], [ 3292825.400600001215935, 3617341.079100001603365 ], [ 3292691.247299998998642, 3617138.379299998283386 ], [ 3292612.27589999884367, 3616973.4386 ], [ 3292549.137299999594688, 3616846.404100000858307 ], [ 3292542.35700000077486, 3616609.5746 ], [ 3292489.79619999974966, 3616473.875199999660254 ], [ 3292365.94539999961853, 3616218.750999998301268 ], [ 3292338.236199997365475, 3616041.034499999135733 ], [ 3292239.26129999756813, 3615847.652899999171495 ], [ 3292257.346600003540516, 3615819.826200000941753 ], [ 3292292.022200003266335, 3615766.473200000822544 ], [ 3292472.378600001335144, 3615504.616399999707937 ], [ 3292546.744000002741814, 3615525.602000001817942 ], [ 3292994.346400000154972, 3615821.125900000333786 ], [ 3293076.957299999892712, 3615855.154100000858307 ], [ 3293199.31530000269413, 3615852.142400000244379 ], [ 3293180.156800001859665, 3615801.0581 ], [ 3293379.095799997448921, 3615707.342599999159575 ], [ 3293500.338799998164177, 3615733.867600001394749 ], [ 3293744.29619999974966, 3615838.52760000154376 ], [ 3293910.64360000193119, 3615911.96059999987483 ], [ 3294072.894000001251698, 3615841.909000001847744 ], [ 3294234.72919999808073, 3615757.6173 ], [ 3294318.6404, 3615751.288699999451637 ], [ 3294370.347699999809265, 3615753.736699998378754 ], [ 3294441.762699998915195, 3615671.544199999421835 ], [ 3294461.88400000333786, 3615687.189500000327826 ], [ 3294529.4287, 3615710.339600000530481 ], [ 3294631.278899997472763, 3615677.924800001084805 ], [ 3294740.992899999022484, 3615696.919700000435114 ], [ 3294823.447499997913837, 3615777.173700001090765 ], [ 3294903.069799996912479, 3615783.877900000661612 ], [ 3294967.383199997246265, 3615789.293099999427795 ], [ 3294992.957699999213219, 3615978.3794 ], [ 3294977.556199997663498, 3616041.769900001585484 ], [ 3294933.416599996387959, 3616149.249499998986721 ], [ 3295005.618299998342991, 3616283.901900000870228 ], [ 3295048.281700000166893, 3616382.998599998652935 ], [ 3295097.126900002360344, 3616491.754200000315905 ], [ 3295095.567500002682209, 3616626.543400000780821 ], [ 3295190.6985, 3616857.90430000051856 ], [ 3295258.857500001788139, 3617070.839499998837709 ], [ 3295290.056699998676777, 3617168.308800000697374 ], [ 3295365.637000001966953, 3617161.379299998283386 ], [ 3295365.656300000846386, 3617161.36879999935627 ], [ 3295414.635600000619888, 3617156.8805 ], [ 3295615.605599999427795, 3617168.842300001531839 ], [ 3295821.750699996948242, 3617069.023699998855591 ], [ 3295949.520199999213219, 3617065.862700000405312 ], [ 3296252.842000000178814, 3617045.404399998486042 ], [ 3296381.205899998545647, 3617063.369300000369549 ], [ 3296440.212200000882149, 3617114.791499998420477 ], [ 3296745.273400001227856, 3617086.414299998432398 ], [ 3297083.381099998950958, 3617061.510499998927116 ], [ 3297477.346000000834465, 3617064.032000001519918 ], [ 3297495.031800001859665, 3617037.464099999517202 ], [ 3297512.717600002884865, 3617010.896200001239777 ], [ 3297534.433899998664856, 3616903.6570999994874 ], [ 3297545.47070000320673, 3616849.160700000822544 ], [ 3297623.430399999022484, 3616720.556800000369549 ], [ 3297690.992399998009205, 3616675.349800001829863 ], [ 3297766.667599998414516, 3616656.473000001162291 ], [ 3297824.701300002634525, 3616570.231499999761581 ], [ 3297957.959899999201298, 3616414.969200000166893 ], [ 3298135.48870000243187, 3616156.646600000560284 ], [ 3298239.742399998009205, 3616053.347699999809265 ], [ 3298311.220600001513958, 3615990.336399998515844 ], [ 3298361.670999996364117, 3615966.268500000238419 ], [ 3298568.269100002944469, 3616071.514699999243021 ], [ 3298697.960400000214577, 3616135.681200001388788 ], [ 3298878.260499998927116, 3616129.555599998682737 ], [ 3298967.781800001859665, 3616130.444200001657009 ], [ 3298993.310599997639656, 3615991.039200000464916 ], [ 3299015.713100001215935, 3615810.900199998170137 ], [ 3298991.561999998986721, 3615567.681800000369549 ], [ 3298926.595399998128414, 3615393.484700001776218 ], [ 3298885.655699998140335, 3615285.470800001174212 ], [ 3298693.839100003242493, 3614888.187399998307228 ], [ 3298673.9978, 3614813.018399998545647 ], [ 3298688.96509999781847, 3614786.040300000458956 ], [ 3298740.349299997091293, 3614673.922600001096725 ], [ 3298855.608199998736382, 3614473.4353 ], [ 3298887.5608000010252, 3614352.536800000816584 ], [ 3298933.923100002110004, 3614081.231499999761581 ], [ 3298937.856200002133846, 3613995.05519999936223 ], [ 3298907.629199996590614, 3613676.756900001317263 ], [ 3298861.790500000119209, 3613517.739500001072884 ], [ 3298747.768799997866154, 3613261.823100000619888 ], [ 3298683.998700000345707, 3613228.825599998235703 ], [ 3298591.040299996733665, 3613180.724599998444319 ], [ 3298405.223200000822544, 3613114.715799998492002 ], [ 3298247.642800003290176, 3613061.902499999850988 ], [ 3298238.89360000193119, 3613058.970199998468161 ], [ 3298237.361900001764297, 3613058.8766999989748 ], [ 3298118.195699997246265, 3613051.600999999791384 ], [ 3298045.016199998557568, 3613003.5287000015378 ], [ 3297986.463200002908707, 3613019.45549999922514 ], [ 3297927.689599998295307, 3613079.65430000051856 ], [ 3297852.813199996948242, 3613127.035199999809265 ], [ 3297777.085699997842312, 3613161.656599998474121 ], [ 3297733.139700002968311, 3613207.171799998730421 ], [ 3297709.423699997365475, 3613272.271899998188019 ], [ 3297672.340300001204014, 3613368.734900001436472 ], [ 3297598.51070000231266, 3613452.474199999123812 ], [ 3297566.091099999845028, 3613557.168600000441074 ], [ 3297543.506499998271465, 3613679.280600000172853 ], [ 3297530.906999997794628, 3613840.945900000631809 ], [ 3297512.968900002539158, 3613970.306600000709295 ], [ 3297493.754799999296665, 3614107.078899998217821 ], [ 3297435.956000000238419, 3614201.179900001734495 ], [ 3297396.541900001466274, 3614198.860199999064207 ], [ 3297285.721400000154972, 3614158.254099998623133 ], [ 3297279.693400003015995, 3614152.7347999997437 ], [ 3297252.389600001275539, 3614127.735199999064207 ], [ 3296992.369099996984005, 3613977.2989999987185 ], [ 3296814.316500000655651, 3613855.502300001680851 ], [ 3296675.364900000393391, 3613708.497999999672174 ], [ 3296623.324699997901917, 3613608.185499999672174 ], [ 3296603.474899999797344, 3613481.379999998956919 ], [ 3296531.191399998962879, 3613223.286100000143051 ], [ 3296402.637199997901917, 3613061.2331000007689 ], [ 3296391.604299999773502, 3612950.398200001567602 ], [ 3296383.675499998033047, 3612552.275600001215935 ], [ 3296315.607600003480911, 3612459.307399999350309 ], [ 3296133.880900003015995, 3612278.106499999761581 ], [ 3296059.349299997091293, 3612216.803399998694658 ], [ 3295984.431000001728535, 3612211.065499998629093 ], [ 3295880.359099999070168, 3612218.370000001043081 ], [ 3295864.936700001358986, 3612219.452599998563528 ], [ 3295854.361599996685982, 3612220.194699998944998 ], [ 3295743.510499998927116, 3612264.667899999767542 ], [ 3295713.78830000013113, 3612274.374299999326468 ], [ 3295555.6118, 3612346.811900001019239 ], [ 3295538.541299998760223, 3612354.6294 ], [ 3295334.212099999189377, 3612432.267499998211861 ], [ 3295244.400700002908707, 3612455.974300000816584 ], [ 3295244.738200001418591, 3612448.25560000166297 ], [ 3295247.672899998724461, 3612381.129099998623133 ], [ 3295202.209700003266335, 3612218.668400000780821 ], [ 3295158.547700002789497, 3612136.309900000691414 ], [ 3295154.539099998772144, 3612082.325300000607967 ], [ 3295155.71000000089407, 3611968.191300000995398 ], [ 3295142.701200000941753, 3611857.420099999755621 ], [ 3295093.906599998474121, 3611750.13289999961853 ], [ 3294992.923900000751019, 3611658.595400001853704 ], [ 3294982.621699996292591, 3611607.736999999731779 ], [ 3294976.180200003087521, 3611537.109299998730421 ], [ 3294938.014899998903275, 3611475.250700000673532 ], [ 3294818.720499999821186, 3611189.971000000834465 ], [ 3294801.840199999511242, 3611150.125100001692772 ], [ 3294742.0945999994874, 3611038.715399999171495 ], [ 3294632.320699997246265, 3610931.6974 ], [ 3294547.6283999979496, 3610910.999099999666214 ], [ 3294458.504199996590614, 3610907.151999998837709 ], [ 3294321.026100002229214, 3610897.802200000733137 ], [ 3294225.834899999201298, 3610853.802499998360872 ], [ 3294061.417000003159046, 3610762.608199998736382 ], [ 3293967.524300001561642, 3610729.385200001299381 ], [ 3293856.454099997878075, 3610732.073699999600649 ], [ 3293698.530299998819828, 3610730.196800000965595 ], [ 3293432.789899997413158, 3610741.731899999082088 ], [ 3293387.593599997460842, 3610726.298900000751019 ], [ 3293353.26860000193119, 3610695.31700000166893 ], [ 3293203.033699996769428, 3610480.761 ], [ 3293114.269199997186661, 3610351.9857 ], [ 3292968.624200001358986, 3610194.844099998474121 ], [ 3292852.622000001370907, 3610111.108300000429153 ], [ 3292781.954499997198582, 3610082.14809999987483 ], [ 3292771.713699996471405, 3610033.755300000309944 ], [ 3292746.601700000464916, 3609998.0724 ], [ 3292681.0675999969244, 3609956.106600001454353 ], [ 3292667.943899996578693, 3609947.7027000002563 ], [ 3292630.876000002026558, 3609941.384399998933077 ], [ 3292635.042900003492832, 3609932.418600000441074 ], [ 3292655.038800001144409, 3609856.5810999982059 ], [ 3292659.223700001835823, 3609837.870999999344349 ], [ 3292668.205899998545647, 3609704.830400001257658 ], [ 3292605.983400002121925, 3609541.364900000393391 ], [ 3292531.498099997639656, 3609447.58729999884963 ], [ 3292449.218400001525879, 3609356.500999998301268 ], [ 3292319.382200002670288, 3609322.346999999135733 ], [ 3292221.11599999666214, 3609274.010899998247623 ], [ 3292149.700099997222424, 3609201.788400001823902 ], [ 3292058.570100001990795, 3609059.307500001043081 ], [ 3291995.472999997437, 3608950.944699998944998 ], [ 3291924.788999997079372, 3608852.639600001275539 ], [ 3291891.435199998319149, 3608821.631499998271465 ], [ 3291839.727300003170967, 3608801.960200000554323 ], [ 3291725.495099999010563, 3608780.151000000536442 ], [ 3291702.29559999704361, 3608770.367800001055002 ], [ 3291686.163599997758865, 3608763.564899999648333 ], [ 3291631.099600002169609, 3608746.9496 ], [ 3291571.505699999630451, 3608675.375300001353025 ], [ 3291552.255199998617172, 3608604.1162 ], [ 3291535.053800001740456, 3608398.531500000506639 ], [ 3291556.827399998903275, 3608334.464000001549721 ], [ 3291602.189499996602535, 3608286.934099998325109 ], [ 3291645.829099997878075, 3608265.032600000500679 ], [ 3291649.009800001978874, 3608221.661299999803305 ], [ 3291643.727799996733665, 3608209.028499998152256 ], [ 3291610.153899997472763, 3608187.359400000423193 ], [ 3291583.956399999558926, 3608165.492199998348951 ], [ 3291579.008000001311302, 3608113.006700001657009 ], [ 3291671.262999996542931, 3608002.659000001847744 ], [ 3291711.663199998438358, 3607936.083200000226498 ], [ 3291698.931999996304512, 3607869.563900001347065 ], [ 3291611.018500000238419, 3607787.980500001460314 ], [ 3291576.77250000089407, 3607759.935899998992682 ], [ 3291566.175800003111362, 3607715.980099998414516 ], [ 3291566.065499998629093, 3607660.894000001251698 ], [ 3291567.447899997234344, 3607655.286899998784065 ], [ 3291564.650399997830391, 3607654.625 ], [ 3291458.814499996602535, 3607644.634399998933077 ], [ 3291189.852300003170967, 3607644.619699999690056 ], [ 3290935.493100002408028, 3607590.422699999064207 ], [ 3290692.703299999237061, 3607427.82039999961853 ], [ 3290684.77080000191927, 3607422.507800001651049 ], [ 3290664.615199998021126, 3607439.811999998986721 ], [ 3290624.106200002133846, 3607450.810699999332428 ], [ 3290583.4375, 3607455.146299999207258 ], [ 3290579.97860000282526, 3607455.515000000596046 ], [ 3290535.02759999781847, 3607455.38399999961257 ], [ 3290517.507399998605251, 3607455.333000000566244 ], [ 3290471.469899997115135, 3607462.065499998629093 ], [ 3290468.167499996721745, 3607467.076099999248981 ], [ 3290437.053199999034405, 3607479.777199998497963 ], [ 3290422.7632, 3607495.917399998754263 ], [ 3290396.159599997103214, 3607511.438200000673532 ], [ 3290351.730400003492832, 3607523.036499999463558 ], [ 3290301.472300000488758, 3607536.770799998193979 ], [ 3290241.788800001144409, 3607633.901900000870228 ], [ 3290187.552400000393391, 3607800.7060999982059 ], [ 3290006.619999997317791, 3607905.731199998408556 ], [ 3289893.77080000191927, 3607932.571600001305342 ], [ 3289639.019500002264977, 3607967.413499999791384 ], [ 3289306.925300002098083, 3608032.011399999260902 ], [ 3288981.313699997961521, 3608048.228799998760223 ], [ 3288804.951499998569489, 3608093.519799999892712 ], [ 3288789.431800000369549, 3608097.505399998277426 ], [ 3288431.510200001299381, 3607810.210900001227856 ], [ 3288326.476199999451637, 3607749.283100001513958 ], [ 3288116.6721, 3607705.140999998897314 ], [ 3288062.265500001609325, 3607659.97069999948144 ], [ 3287998.927199997007847, 3607543.754299998283386 ], [ 3287958.988600000739098, 3607351.610199999064207 ], [ 3287932.270099997520447, 3607260.397900000214577 ], [ 3287812.044200003147125, 3607235.319200001657009 ], [ 3287660.479299999773502, 3607198.360800001770258 ], [ 3287536.114799998700619, 3606926.50279999896884 ], [ 3287490.728200003504753, 3606770.704599998891354 ], [ 3287466.42230000346899, 3606687.269900001585484 ], [ 3287453.836999997496605, 3606644.068399999290705 ], [ 3287441.194399997591972, 3606600.670400001108646 ], [ 3287349.3301, 3606433.139400001615286 ], [ 3287162.677100002765656, 3606133.062300000339746 ], [ 3287132.429499998688698, 3606077.787200000137091 ], [ 3287099.344499997794628, 3606017.327100001275539 ], [ 3287072.869099996984005, 3605762.82039999961853 ], [ 3287073.404700003564358, 3605678.694899998605251 ], [ 3287030.157499998807907, 3605551.189800001680851 ], [ 3287011.615800000727177, 3605496.523299999535084 ], [ 3286891.34179999679327, 3605281.59569999948144 ], [ 3286772.833800002932549, 3605128.584699999541044 ], [ 3286633.362800002098083, 3604981.592599999159575 ], [ 3286507.123700000345707, 3604833.237799998372793 ], [ 3286498.284100003540516, 3604833.491399999707937 ], [ 3286460.73650000244379, 3604879.325399998575449 ], [ 3286432.113200001418591, 3604849.765700001269579 ], [ 3286425.669699996709824, 3604843.1114999987185 ], [ 3286395.861299999058247, 3604812.3279 ], [ 3286396.320000000298023, 3604776.824299998581409 ], [ 3286396.320600003004074, 3604776.780699998140335 ], [ 3286396.776699997484684, 3604741.470899999141693 ], [ 3286560.369000002741814, 3604477.575199998915195 ], [ 3286723.163099996745586, 3604288.946400001645088 ], [ 3286819.976700000464916, 3604200.099399998784065 ], [ 3287000.535199999809265, 3604098.999699998646975 ], [ 3287264.839100003242493, 3604002.392299998551607 ], [ 3287459.212899997830391, 3604005.666799999773502 ], [ 3287460.020900003612041, 3603930.889699999243021 ], [ 3287536.994099996984005, 3603613.395500000566244 ], [ 3287595.1787, 3603275.790600001811981 ], [ 3287619.012500002980232, 3603129.018500000238419 ], [ 3287667.724399998784065, 3602941.213799998164177 ], [ 3287675.36540000140667, 3602830.319499999284744 ], [ 3287663.138800002634525, 3602575.395700000226498 ], [ 3287706.918499998748302, 3602215.565600000321865 ], [ 3287643.445500001311302, 3601906.038100000470877 ], [ 3287608.359899997711182, 3601710.839899998158216 ], [ 3287607.156300000846386, 3601703.933400001376867 ], [ 3287611.257500000298023, 3601606.916799999773502 ], [ 3287642.459899999201298, 3601399.382599998265505 ], [ 3287648.023199997842312, 3601362.380100000649691 ], [ 3287531.008400000631809, 3601227.035500001162291 ], [ 3287434.1587999984622, 3601100.639699999243021 ], [ 3287403.773000001907349, 3601060.984000001102686 ], [ 3287402.895199999213219, 3601053.500900000333786 ], [ 3287381.63289999961853, 3600872.249499998986721 ], [ 3287381.2478, 3600687.308400001376867 ], [ 3287359.741899996995926, 3600520.683200001716614 ], [ 3287451.385499998927116, 3600405.909699998795986 ], [ 3287569.54900000244379, 3600307.100699998438358 ], [ 3287672.386900000274181, 3600219.570000000298023 ], [ 3287701.120999999344349, 3600195.1129 ], [ 3287760.752899996936321, 3600147.64919999986887 ], [ 3287850.862899996340275, 3600099.816599998623133 ], [ 3287911.748099997639656, 3600078.884300000965595 ], [ 3288091.697999998927116, 3599972.885000001639128 ], [ 3288395.605599999427795, 3599781.684000000357628 ], [ 3288577.418300002813339, 3599706.6283 ], [ 3288670.598499998450279, 3599757.967500001192093 ], [ 3288695.369400002062321, 3599771.615499999374151 ], [ 3288757.445699997246265, 3599860.837099999189377 ], [ 3288761.847099997103214, 3599900.337000001221895 ], [ 3288779.955200001597404, 3600062.845400001853704 ], [ 3288822.771600000560284, 3600303.628400001674891 ], [ 3288848.1096, 3600329.784099999815226 ], [ 3288920.599500000476837, 3600404.613600000739098 ], [ 3288978.26129999756813, 3600511.660799998790026 ], [ 3288985.777999997138977, 3600543.861900001764297 ], [ 3289011.9087999984622, 3600655.805500000715256 ], [ 3289044.249099999666214, 3600857.531399998813868 ], [ 3289071.073399998247623, 3600886.576699998229742 ], [ 3289165.065399996936321, 3600988.350900001823902 ], [ 3289167.361400000751019, 3601036.790600001811981 ], [ 3289170.048199996352196, 3601093.473900001496077 ], [ 3289188.000799998641014, 3601273.969700001180172 ], [ 3289222.666900001466274, 3601347.646099999547005 ], [ 3289232.530500002205372, 3601368.609299998730421 ], [ 3289248.395599998533726, 3601411.041299998760223 ], [ 3289313.499300003051758, 3601585.163600001484156 ], [ 3289320.793300002813339, 3601593.764899998903275 ], [ 3289374.58330000191927, 3601657.194899998605251 ], [ 3289796.421300001442432, 3601530.510400000959635 ], [ 3290105.759099997580051, 3601356.863099999725819 ], [ 3290155.325499996542931, 3601301.342999998480082 ], [ 3290205.557700000703335, 3601148.894600000232458 ], [ 3290280.695200003683567, 3600973.11089999973774 ], [ 3290400.538800001144409, 3600623.403200000524521 ], [ 3290431.644400000572205, 3600541.840300001204014 ], [ 3290384.874200001358986, 3600402.995299998670816 ], [ 3290388.98759999871254, 3600305.975900001823902 ], [ 3290432.874399997293949, 3600206.832800000905991 ], [ 3290435.919299997389317, 3600197.583500001579523 ], [ 3290524.005999997258186, 3600159.957100000232458 ], [ 3290597.032700002193451, 3600129.984700001776218 ], [ 3290601.3015, 3600128.232700001448393 ], [ 3290656.604800000786781, 3600101.071100000292063 ], [ 3290684.5912000015378, 3600099.282200001180172 ], [ 3290685.447300001978874, 3600099.82039999961853 ], [ 3290685.582099996507168, 3600099.746500000357628 ], [ 3290723.136200003325939, 3600080.526999998837709 ], [ 3290787.39299999922514, 3600047.641699999570847 ], [ 3290913.967299997806549, 3600018.933600001037121 ], [ 3291082.332800000905991, 3599852.281100001186132 ], [ 3291173.31870000064373, 3599817.210700001567602 ], [ 3291274.796700000762939, 3599736.592700000852346 ], [ 3291348.709299996495247, 3599706.932799998670816 ], [ 3291507.370300002396107, 3599699.439500000327826 ], [ 3291631.754199996590614, 3599719.458999998867512 ], [ 3291631.902400001883507, 3599719.482799999415874 ], [ 3291810.112800002098083, 3599759.143199998885393 ], [ 3292015.998499996960163, 3599820.144999999552965 ], [ 3292106.146899998188019, 3599859.376400001347065 ], [ 3292250.66669999808073, 3599839.013099998235703 ], [ 3292489.145700000226498, 3599663.966600000858307 ], [ 3292533.0537, 3599565.313799999654293 ], [ 3292675.703500002622604, 3599324.639400001615286 ], [ 3292787.842699997127056, 3599186.657800000160933 ], [ 3292932.110500000417233, 3599157.444600000977516 ], [ 3292994.884099997580051, 3599185.157699998468161 ], [ 3293024.104800000786781, 3599266.650400001555681 ], [ 3293082.002999998629093, 3599428.120700001716614 ], [ 3293102.993100002408028, 3599577.05290000140667 ], [ 3293006.098800003528595, 3599766.734400000423193 ], [ 3292970.078100003302097, 3599857.805799998342991 ], [ 3292943.718699999153614, 3599924.450100000947714 ], [ 3292994.668600000441074, 3600072.030600000172853 ], [ 3293048.72070000320673, 3600276.585700001567602 ], [ 3293064.338200002908707, 3600284.308299999684095 ], [ 3293170.963699996471405, 3600337.03319999948144 ], [ 3293227.481799997389317, 3600404.284099999815226 ], [ 3293263.994400002062321, 3600442.590199999511242 ], [ 3293409.385399997234344, 3600435.480799999088049 ], [ 3293450.293799996376038, 3600455.460299998521805 ], [ 3293453.612899996340275, 3600524.127099998295307 ], [ 3293453.902300000190735, 3600530.115499999374151 ], [ 3293412.074500001966953, 3600580.998399998992682 ], [ 3293398.737000003457069, 3600664.991799999028444 ], [ 3293402.667599998414516, 3600837.041299998760223 ], [ 3293438.233900003135204, 3600904.652800001204014 ], [ 3293441.1570999994874, 3600910.209899999201298 ], [ 3293630.39750000089407, 3601077.447700001299381 ], [ 3293780.394000001251698, 3601162.685699999332428 ], [ 3293878.352399997413158, 3601096.43189999833703 ], [ 3293913.706000000238419, 3601094.436500001698732 ], [ 3294008.535899996757507, 3601142.383499998599291 ], [ 3294275.043099999427795, 3601345.780299998819828 ], [ 3294415.715999998152256, 3601431.772399999201298 ], [ 3294675.42960000038147, 3601070.692400000989437 ], [ 3294812.395000003278255, 3600975.295699998736382 ], [ 3294895.717000000178814, 3600963.9391999989748 ], [ 3294895.74379999935627, 3600963.935600001364946 ], [ 3294912.837999999523163, 3600961.605799999088049 ], [ 3295029.018899999558926, 3600982.3805 ], [ 3295180.724500000476837, 3601023.799800001084805 ], [ 3295230.437399998307228, 3601074.930599998682737 ], [ 3295283.083599999547005, 3601129.078099999576807 ], [ 3295310.380500003695488, 3601204.799600001424551 ], [ 3295343.984700001776218, 3601298.017499998211861 ], [ 3295359.82320000231266, 3601326.701099999248981 ], [ 3295464.842500001192093, 3601516.892000000923872 ], [ 3295594.004600003361702, 3601630.270599998533726 ], [ 3295817.967100001871586, 3601791.107799999415874 ], [ 3295801.70719999819994, 3601838.3125 ], [ 3295756.195600003004074, 3601970.439100001007318 ], [ 3295661.055299997329712, 3602187.118500001728535 ], [ 3295597.925399996340275, 3602335.988099999725819 ], [ 3295578.760899998247623, 3602491.468199998140335 ], [ 3295556.625299997627735, 3602577.688000001013279 ], [ 3295534.704000003635883, 3602580.476700000464916 ], [ 3295337.5608000010252, 3602605.589299999177456 ], [ 3295145.669299997389317, 3602654.841899998486042 ], [ 3295055.271200001239777, 3602968.284400001168251 ], [ 3294944.820000000298023, 3603423.45160000026226 ], [ 3294954.425800003111362, 3603621.891800001263618 ], [ 3294955.674699999392033, 3604009.926600001752377 ], [ 3294959.782700002193451, 3604274.421900000423193 ], [ 3295005.059600003063679, 3604567.745900001376867 ], [ 3295057.47240000218153, 3604921.852800000458956 ], [ 3295082.258199997246265, 3604930.969000000506639 ], [ 3295407.406599998474121, 3605050.558699999004602 ], [ 3295533.163999997079372, 3605096.639499999582767 ], [ 3295566.793399997055531, 3604879.265500001609325 ], [ 3295617.903399996459484, 3604757.301300000399351 ], [ 3295960.989500001072884, 3604560.113600000739098 ], [ 3296086.565700002014637, 3604513.7346 ], [ 3296266.190399996936321, 3604483.028499998152256 ], [ 3296480.12610000371933, 3604344.61600000038743 ], [ 3296526.6382, 3604302.459600001573563 ], [ 3296909.944700002670288, 3604566.459499999880791 ], [ 3296911.972800001502037, 3604567.471999999135733 ], [ 3297022.703199997544289, 3604622.7544 ], [ 3297073.383000001311302, 3604571.631900001317263 ], [ 3297455.759900003671646, 3604010.339000001549721 ], [ 3297499.584200002253056, 3603994.832299999892712 ], [ 3297872.119999997317791, 3604312.260099999606609 ], [ 3298392.945100001990795, 3604776.464299999177456 ], [ 3298691.367799997329712, 3605013.377599999308586 ], [ 3298708.061800003051758, 3604994.945000000298023 ], [ 3298724.746299996972084, 3604976.522599998861551 ], [ 3298731.372000001370907, 3604915.841699998825788 ], [ 3298739.601800002157688, 3604721.324700001627207 ], [ 3298708.594300001859665, 3604444.805700000375509 ], [ 3298736.428400002419949, 3604351.550000000745058 ], [ 3298759.271999999880791, 3604324.823800001293421 ], [ 3298762.521099999547005, 3604317.848600000143051 ], [ 3298779.7368, 3604283.41780000180006 ], [ 3298810.614600002765656, 3604245.161499999463558 ], [ 3298831.790500000119209, 3604194.38740000128746 ], [ 3298834.840599998831749, 3604180.526700001209974 ], [ 3298847.607799999415874, 3604110.814800001680851 ], [ 3298850.202500000596046, 3604098.446100000292063 ], [ 3298939.25110000371933, 3603971.863200001418591 ], [ 3298966.0132, 3603933.820799998939037 ], [ 3299051.492399998009205, 3603964.827599998563528 ], [ 3299251.1809, 3603998.970499999821186 ], [ 3299511.995700001716614, 3604003.832899998873472 ], [ 3299566.867700003087521, 3603961.934500001370907 ], [ 3299714.390000000596046, 3603822.47410000115633 ], [ 3299762.447499997913837, 3603713.877900000661612 ], [ 3299752.104000002145767, 3603588.563200000673532 ], [ 3299751.916799999773502, 3603586.295499999076128 ], [ 3299667.193499997258186, 3603391.972300000488758 ], [ 3299644.791900001466274, 3603351.893199998885393 ], [ 3299599.815600000321865, 3603271.425500001758337 ], [ 3299711.292199999094009, 3603213.649999998509884 ], [ 3299785.957400001585484, 3603210.0471 ], [ 3299848.8301, 3603224.487199999392033 ], [ 3299953.054899998009205, 3603377.922400001436472 ], [ 3300000.617299996316433, 3603441.983199998736382 ], [ 3300079.702600002288818, 3603438.2544 ], [ 3300177.900700002908707, 3603380.36710000038147 ], [ 3300267.37780000269413, 3603430.9408 ], [ 3300268.074400000274181, 3603431.425999999046326 ], [ 3300355.971600003540516, 3603450.052299998700619 ], [ 3300467.978100001811981, 3603462.603700000792742 ], [ 3300601.941699996590614, 3603469.111600000411272 ], [ 3300707.879000000655651, 3603458.232200000435114 ], [ 3300852.553599998354912, 3603478.204100001603365 ], [ 3300896.096100002527237, 3603504.50959999859333 ], [ 3300948.245800003409386, 3603556.638900000602007 ], [ 3300979.085400000214577, 3603603.4695999994874 ], [ 3301038.075400002300739, 3603723.269799999892712 ], [ 3301120.785099998116493, 3603665.589800000190735 ], [ 3301203.494599997997284, 3603607.899999998509884 ], [ 3301299.994699999690056, 3603542.191300000995398 ], [ 3301387.082999996840954, 3603543.149399999529123 ], [ 3301414.322300001978874, 3603549.760099999606609 ], [ 3301591.507399998605251, 3603450.273200001567602 ], [ 3301676.17960000038147, 3603401.133600000292063 ], [ 3301749.916400000452995, 3603365.098099999129772 ], [ 3301761.370200000703335, 3603352.967999998480082 ], [ 3301805.277400001883507, 3603305.482299998402596 ], [ 3301834.579700000584126, 3603281.041499998420477 ], [ 3301844.723200000822544, 3603274.358800001442432 ], [ 3301890.620800003409386, 3603228.293299999088049 ], [ 3301937.641500003635883, 3603169.412399999797344 ], [ 3301961.387900002300739, 3603139.71229999884963 ], [ 3301999.234099999070168, 3603104.204100001603365 ], [ 3302170.638700000941753, 3602853.394299998879433 ], [ 3302290.69820000231266, 3602786.036699999123812 ], [ 3302496.138300001621246, 3602656.518699999898672 ], [ 3302526.010300002992153, 3602637.686000000685453 ], [ 3302585.459499999880791, 3602669.936200000345707 ], [ 3302691.866499997675419, 3602779.537399999797344 ], [ 3303026.377300001680851, 3602590.983800001442432 ], [ 3303231.919200003147125, 3602554.647599998861551 ], [ 3303388.826800003647804, 3602520.171100001782179 ], [ 3303645.0154, 3602344.6776 ], [ 3303655.429799996316433, 3602105.820099998265505 ], [ 3303667.681000001728535, 3601903.888000000268221 ], [ 3303670.166799999773502, 3601862.91609999909997 ], [ 3303633.953900001943111, 3601822.11769999936223 ], [ 3303609.699100002646446, 3601794.791600000113249 ], [ 3303597.771700002253056, 3601738.568199999630451 ], [ 3303580.513700000941753, 3601650.526799999177456 ], [ 3303568.131300002336502, 3601569.378100000321865 ], [ 3303567.211499996483326, 3601563.35020000115037 ], [ 3303374.541500002145767, 3601135.993000000715256 ], [ 3303259.443099997937679, 3600928.744300000369549 ], [ 3303205.1162, 3600817.162000000476837 ], [ 3302801.520400002598763, 3600496.633499998599291 ], [ 3302657.7516999989748, 3600353.64809999987483 ], [ 3302515.494000002741814, 3600246.046100001782179 ], [ 3302280.946800000965595, 3600041.214699998497963 ], [ 3302072.95380000025034, 3600113.048000000417233 ], [ 3301825.1853, 3600186.990699999034405 ], [ 3301521.021600000560284, 3600197.623700000345707 ], [ 3301011.228699997067451, 3600138.353999998420477 ], [ 3300657.8169, 3600129.47859999909997 ], [ 3300653.377899996936321, 3600129.36710000038147 ], [ 3300552.275499999523163, 3599861.220499999821186 ], [ 3300489.551700003445148, 3599554.188099998980761 ], [ 3300482.542400002479553, 3599519.877700001001358 ], [ 3300429.79839999973774, 3599429.39919999986887 ], [ 3300266.912399999797344, 3599340.579 ], [ 3300199.457599997520447, 3599267.969099998474121 ], [ 3300168.973899997770786, 3599235.155699998140335 ], [ 3300153.795999996364117, 3599099.343400001525879 ], [ 3300112.937700003385544, 3598804.8849 ], [ 3300107.232100002467632, 3598690.931099999696016 ], [ 3300035.266400001943111, 3598305.860199999064207 ], [ 3300035.0591000020504, 3598202.697799999266863 ], [ 3300034.707000002264977, 3598027.471900001168251 ], [ 3300045.572800002992153, 3597701.030200000852346 ], [ 3300056.952799998223782, 3597547.591600000858307 ], [ 3300080.40089999884367, 3597231.267400000244379 ], [ 3300139.453400000929832, 3597007.7364999987185 ], [ 3300193.074100002646446, 3596921.59910000115633 ], [ 3300219.957500003278255, 3596812.125199999660254 ], [ 3300222.76410000026226, 3596755.914299998432398 ], [ 3300223.40089999884367, 3596743.159699998795986 ], [ 3300204.664200000464916, 3596706.89640000090003 ], [ 3300170.301700003445148, 3596640.390599999576807 ], [ 3300162.267700001597404, 3596565.355000000447035 ], [ 3300170.961900003254414, 3596525.360100001096725 ], [ 3300175.914399996399879, 3596502.577500000596046 ], [ 3300183.572300001978874, 3596467.349399998784065 ], [ 3300201.441399998962879, 3596403.881000000983477 ], [ 3300195.265000000596046, 3596359.781599998474121 ], [ 3300269.75450000166893, 3596263.706300001591444 ], [ 3300361.201700001955032, 3596158.292100001126528 ], [ 3300455.856200002133846, 3596113.78660000115633 ], [ 3300522.04110000282526, 3596105.995900001376867 ], [ 3300616.505999997258186, 3596141.18129999935627 ], [ 3300757.984499998390675, 3596151.908500000834465 ], [ 3300852.513099998235703, 3596102.982900001108646 ], [ 3300971.265500001609325, 3596092.711300000548363 ], [ 3301147.903399996459484, 3596007.991500001400709 ], [ 3301252.027300000190735, 3595967.645500000566244 ], [ 3301340.832000002264977, 3595804.261300001293421 ], [ 3301381.707299999892712, 3595736.695000000298023 ], [ 3301451.695600003004074, 3595724.366500001400709 ], [ 3301498.593299999833107, 3595695.487399999052286 ], [ 3301540.320500001311302, 3595640.68299999833107 ], [ 3301625.026000000536442, 3595384.933699999004602 ], [ 3301655.050700001418591, 3595337.9375 ], [ 3301714.973300002515316, 3595244.143399998545647 ], [ 3301788.259800001978874, 3595209.594500001519918 ], [ 3301900.599899999797344, 3595164.092300001531839 ], [ 3302008.211199998855591, 3595194.479600001126528 ], [ 3302282.696199998259544, 3595211.751299999654293 ], [ 3302346.089900001883507, 3595233.3026 ], [ 3302522.8699000030756, 3595178.896200001239777 ], [ 3302902.198899999260902, 3595089.9408 ], [ 3302893.700599998235703, 3594934.704300001263618 ], [ 3302894.543300002813339, 3594860.507800001651049 ], [ 3302890.732500001788139, 3594853.739100001752377 ], [ 3302886.921700000762939, 3594846.970499999821186 ], [ 3302832.856200002133846, 3594575.719300001859665 ], [ 3302793.24099999666214, 3594309.277199998497963 ], [ 3302722.880000002682209, 3594115.831900000572205 ], [ 3302719.866499997675419, 3594112.465999998152256 ], [ 3302716.852899998426437, 3594109.10020000115037 ], [ 3302678.664700001478195, 3593756.512600000947714 ], [ 3302684.990500003099442, 3593699.8597999997437 ], [ 3302700.750100001692772, 3593558.72239999845624 ], [ 3302588.517700001597404, 3593070.587499998509884 ], [ 3302532.648500002920628, 3592803.026200000196695 ], [ 3302531.97240000218153, 3592793.155999999493361 ], [ 3302531.296400003135204, 3592783.286400001496077 ], [ 3302508.899700000882149, 3592674.2544 ], [ 3302457.326200000941753, 3592404.341400001198053 ], [ 3302402.973399996757507, 3592055.421500001102686 ], [ 3302403.1743, 3592051.548700001090765 ], [ 3302403.375200003385544, 3592047.675900001078844 ], [ 3302350.094999998807907, 3591741.0912000015378 ], [ 3302330.199400000274181, 3591653.906100001186132 ], [ 3302298.335699997842312, 3591471.359000001102686 ], [ 3302295.334799997508526, 3591454.153599999845028 ], [ 3302295.063900001347065, 3591452.600099999457598 ], [ 3302274.939999997615814, 3591417.637200001627207 ], [ 3301984.391099996864796, 3591105.26240000128746 ], [ 3301974.5996999964118, 3591094.735300000756979 ], [ 3301758.136399999260902, 3590893.525699999183416 ], [ 3301609.326899997889996, 3590791.861699998378754 ], [ 3301453.349600002169609, 3590762.919300001114607 ], [ 3301271.949299998581409, 3590731.663199998438358 ], [ 3301253.463699996471405, 3590728.474399998784065 ], [ 3301158.164099998772144, 3590712.035700000822544 ], [ 3301070.770400002598763, 3590696.960799999535084 ], [ 3300993.616700001060963, 3590584.361999999731779 ], [ 3300968.764200001955032, 3590548.092099998146296 ], [ 3300934.373400002717972, 3590497.901900000870228 ], [ 3300932.767099998891354, 3590495.557599999010563 ], [ 3300925.921899996697903, 3590498.310400001704693 ], [ 3300628.399599999189377, 3590617.953000001609325 ], [ 3300239.010899998247623, 3590761.3059 ], [ 3300169.791500002145767, 3590766.195500001311302 ], [ 3300083.1503000035882, 3590772.3158 ], [ 3300079.467100001871586, 3590621.0757 ], [ 3300112.933399997651577, 3590394.231800001114607 ], [ 3300129.251299999654293, 3590259.169399999082088 ], [ 3300130.297200001776218, 3590250.508299998939037 ], [ 3300131.343000002205372, 3590241.847600001841784 ], [ 3300110.128700003027916, 3590200.773200001567602 ], [ 3300036.569300003349781, 3590156.776000000536442 ], [ 3300049.041199997067451, 3590046.057399999350309 ], [ 3299997.686700001358986, 3589926.333799999207258 ], [ 3299969.427299998700619, 3589861.638099998235703 ], [ 3299973.760399997234344, 3589653.118999999016523 ], [ 3299912.419799998402596, 3589426.289700001478195 ], [ 3299922.981899999082088, 3589182.7364999987185 ], [ 3299921.845899999141693, 3589182.497299998998642 ], [ 3299920.709700003266335, 3589182.257800001651049 ], [ 3299766.898900002241135, 3588797.325599998235703 ], [ 3299739.156900003552437, 3588726.672899998724461 ], [ 3299884.580200001597404, 3588489.973200000822544 ], [ 3299886.237999998033047, 3588485.5132 ], [ 3299887.89580000191927, 3588481.05350000038743 ], [ 3300045.003499999642372, 3588358.111299999058247 ], [ 3300111.859499998390675, 3588383.460900001227856 ], [ 3300326.475299999117851, 3588211.931099999696016 ], [ 3300233.623099997639656, 3587855.960400000214577 ], [ 3300209.479800000786781, 3587763.401700001209974 ], [ 3300192.917499996721745, 3587708.3004 ], [ 3300179.011600002646446, 3587662.036699999123812 ], [ 3300164.686099998652935, 3587683.731100000441074 ], [ 3300150.511200003325939, 3587705.197299998253584 ], [ 3299998.236400000751019, 3587707.375900000333786 ], [ 3299947.224399998784065, 3587781.229899998754263 ], [ 3299862.861599996685982, 3587801.866599999368191 ], [ 3299816.024700000882149, 3587748.459899999201298 ], [ 3299802.156800001859665, 3587740.736400000751019 ], [ 3299788.288999997079372, 3587733.013099998235703 ], [ 3299706.019299998879433, 3587751.284699998795986 ], [ 3299687.011600002646446, 3587758.394400000572205 ], [ 3299668.003899998962879, 3587765.504099998623133 ], [ 3299608.2466000020504, 3587747.91780000180006 ], [ 3299590.495300002396107, 3587687.849399998784065 ], [ 3299576.344899997115135, 3587676.046300001442432 ], [ 3299562.194499999284744, 3587664.243000000715256 ], [ 3299444.9956, 3587726.751899998635054 ], [ 3299402.212999999523163, 3587774.513399999588728 ], [ 3299332.36710000038147, 3587752.206599999219179 ], [ 3299303.382100000977516, 3587712.75899999961257 ], [ 3299288.932099997997284, 3587709.589999999850988 ], [ 3299274.482100002467632, 3587706.421100001782179 ], [ 3299255.678300000727177, 3587699.206900000572205 ], [ 3299162.280900001525879, 3587663.373799998313189 ], [ 3299142.802199997007847, 3587663.962200000882149 ], [ 3299123.323399998247623, 3587664.550799999386072 ], [ 3299023.221799999475479, 3587653.439500000327826 ], [ 3298988.636500000953674, 3587634.861000001430511 ], [ 3298973.321000002324581, 3587572.149700000882149 ], [ 3298972.821099996566772, 3587571.960799999535084 ], [ 3298966.608000002801418, 3587569.614999998360872 ], [ 3298910.164599999785423, 3587548.304499998688698 ], [ 3298875.553300000727177, 3587452.533900000154972 ], [ 3298861.172200001776218, 3587445.403400000184774 ], [ 3298856.063900001347065, 3587445.968299999833107 ], [ 3298850.521499998867512, 3587446.5810999982059 ], [ 3298836.714900001883507, 3587448.107700001448393 ], [ 3298834.839299999177456, 3587453.964299999177456 ], [ 3298805.868100002408028, 3587544.433600001037121 ], [ 3298769.255599997937679, 3587671.797899998724461 ], [ 3298736.934000000357628, 3587783.74210000038147 ], [ 3298734.946000002324581, 3587789.294799998402596 ], [ 3298732.384400002658367, 3587796.449700001627207 ], [ 3298732.352700002491474, 3587797.282699998468161 ], [ 3298727.873599998652935, 3587914.876200001686811 ], [ 3298723.902199998497963, 3587989.719799999147654 ], [ 3298714.092500001192093, 3587990.750300001353025 ], [ 3298704.282700002193451, 3587991.780699998140335 ], [ 3298587.551299996674061, 3587949.962000001221895 ], [ 3298484.980800002813339, 3587918.230599999427795 ], [ 3298418.925800003111362, 3587943.6699 ], [ 3298352.367799997329712, 3587972.700199998915195 ], [ 3298268.595299996435642, 3587988.718800000846386 ], [ 3298267.575099997222424, 3587988.913800001144409 ], [ 3298260.032600000500679, 3587990.146099999547005 ], [ 3298252.076300002634525, 3587991.445799998939037 ], [ 3298135.298699997365475, 3588022.852299999445677 ], [ 3298121.227300003170967, 3588026.636399999260902 ], [ 3298115.763999998569489, 3588028.105500001460314 ], [ 3298103.176700003445148, 3588051.817400000989437 ], [ 3298103.006800003349781, 3588052.054200001060963 ], [ 3298060.911100000143051, 3588110.627900000661612 ], [ 3298060.272399999201298, 3588111.669100001454353 ], [ 3298054.165100000798702, 3588121.625700000673532 ], [ 3298047.738300003111362, 3588132.102800000458956 ], [ 3298013.60700000077486, 3588179.507100000977516 ], [ 3298005.055299997329712, 3588190.516699999570847 ], [ 3297996.503600001335144, 3588201.526500001549721 ], [ 3297942.600599996745586, 3588270.921799998730421 ], [ 3297868.821999996900558, 3588397.2357 ], [ 3297853.503100000321865, 3588423.462699998170137 ], [ 3297853.14019999653101, 3588424.083700001239777 ], [ 3297832.440499998629093, 3588448.518699999898672 ], [ 3297749.803999997675419, 3588434.801199998706579 ], [ 3297733.531599998474121, 3588432.377599999308586 ], [ 3297730.051100000739098, 3588431.859200000762939 ], [ 3297720.484300002455711, 3588430.434300001710653 ], [ 3297709.453000001609325, 3588428.79109999909997 ], [ 3297707.042999997735023, 3588428.432 ], [ 3297692.093699999153614, 3588426.205400001257658 ], [ 3297668.461199998855591, 3588421.773699998855591 ], [ 3297611.320299997925758, 3588411.058299999684095 ], [ 3297588.262999996542931, 3588405.914099998772144 ], [ 3297574.357900001108646, 3588402.811700001358986 ], [ 3297559.763400003314018, 3588404.328400000929832 ], [ 3297554.677100002765656, 3588410.798099998384714 ], [ 3297554.310900002717972, 3588411.263900000602007 ], [ 3297531.44370000064373, 3588440.350000001490116 ], [ 3297525.877499997615814, 3588447.429999999701977 ], [ 3297523.338500000536442, 3588457.231100000441074 ], [ 3297522.397399999201298, 3588460.863499999046326 ], [ 3297520.617200002074242, 3588467.735199999064207 ], [ 3297519.978299997746944, 3588470.201299998909235 ], [ 3297479.720899999141693, 3588592.3092 ], [ 3297452.094800002872944, 3588695.651799999177456 ], [ 3297424.454999998211861, 3588944.973799999803305 ], [ 3297421.371899999678135, 3588971.190200001001358 ], [ 3297420.455700002610683, 3588978.980799999088049 ], [ 3297420.517899997532368, 3588981.429200001060963 ], [ 3297420.719200000166893, 3588989.360100001096725 ], [ 3297420.724500000476837, 3588989.565099999308586 ], [ 3297408.128799997270107, 3588994.912300001829863 ], [ 3297351.929899998009205, 3589018.769499998539686 ], [ 3297344.918999999761581, 3589021.7456 ], [ 3297343.63120000064373, 3589023.353500001132488 ], [ 3297339.957599997520447, 3589027.9408 ], [ 3297335.640000000596046, 3589033.331900000572205 ], [ 3297253.0878000035882, 3589136.411499999463558 ], [ 3297244.478399999439716, 3589147.161499999463558 ], [ 3297236.652199998497963, 3589156.933600001037121 ], [ 3297190.251599997282028, 3589175.451400000602007 ], [ 3297149.189000003039837, 3589191.837400000542402 ], [ 3296962.01969999819994, 3589266.526799999177456 ], [ 3296781.797899998724461, 3589293.9452 ], [ 3296725.470799997448921, 3589336.705400001257658 ], [ 3296713.463200002908707, 3589345.820900000631809 ], [ 3296711.277999997138977, 3589347.479600001126528 ], [ 3296703.142099998891354, 3589382.137200001627207 ], [ 3296702.29280000180006, 3589385.755100000649691 ], [ 3296701.443499997258186, 3589389.373199999332428 ], [ 3296715.333800002932549, 3589419.545400001108646 ], [ 3296798.139899998903275, 3589599.413600001484156 ], [ 3296787.685099996626377, 3589607.012200001627207 ], [ 3296777.230400003492832, 3589614.61089999973774 ], [ 3296657.268399998545647, 3589606.492600001394749 ], [ 3296568.943300001323223, 3589869.515299998223782 ], [ 3296553.980700001120567, 3590019.09569999948144 ], [ 3296545.221500001847744, 3590106.662200000137091 ], [ 3296491.104400001466274, 3590087.555399999022484 ], [ 3296466.545800000429153, 3590162.976500000804663 ], [ 3296368.370300002396107, 3590267.386399999260902 ], [ 3296288.342600002884865, 3590352.6853 ], [ 3296288.876400001347065, 3590375.083999998867512 ], [ 3296289.410300001502037, 3590397.482999999076128 ], [ 3296437.960699997842312, 3590496.893899999558926 ], [ 3296579.61879999935627, 3590618.839600000530481 ], [ 3296598.018700003623962, 3590651.865600001066923 ], [ 3296594.810199998319149, 3590669.1765 ], [ 3296591.601700000464916, 3590686.487500000745058 ], [ 3296555.160499997437, 3590717.0176 ], [ 3296424.206399999558926, 3590761.126499999314547 ], [ 3296362.884800001978874, 3590841.747099999338388 ], [ 3296310.651600003242493, 3590910.419100001454353 ], [ 3296233.602600000798702, 3590920.004799999296665 ], [ 3296084.231100000441074, 3591037.785300001502037 ], [ 3296048.783699996769428, 3591065.735800001770258 ], [ 3295987.25900000333786, 3591013.082299999892712 ], [ 3295975.191299997270107, 3590623.284000001847744 ], [ 3295974.995899997651577, 3590616.972800001502037 ], [ 3295854.130000002682209, 3590537.819299999624491 ], [ 3295764.815999999642372, 3590519.232099998742342 ], [ 3295490.576399996876717, 3590753.63399999961257 ], [ 3295484.018799997866154, 3590734.525199998170137 ], [ 3295481.860699996352196, 3590728.236299999058247 ], [ 3295475.350000001490116, 3590733.148400001227856 ], [ 3295471.43129999935627, 3590736.104800000786781 ], [ 3295465.398199997842312, 3590740.656500000506639 ], [ 3295439.636100001633167, 3590775.303199999034405 ], [ 3295408.482799999415874, 3590817.200199998915195 ], [ 3295386.323700003325939, 3590976.9419 ], [ 3295390.039200000464916, 3591205.022900000214577 ], [ 3295377.712099999189377, 3591223.089299999177456 ], [ 3295365.384900003671646, 3591241.155499998480082 ], [ 3295276.700099997222424, 3591270.367499999701977 ], [ 3295262.453599996864796, 3591275.060100000351667 ], [ 3295171.535099998116493, 3591258.068199999630451 ], [ 3295119.776500001549721, 3591127.102099999785423 ], [ 3295114.00620000064373, 3591112.501400001347065 ], [ 3295053.542199999094009, 3591090.890099998563528 ], [ 3294952.371399998664856, 3591124.278999999165535 ], [ 3294843.325400002300739, 3591120.399900000542402 ], [ 3294824.216899998486042, 3591130.276299998164177 ], [ 3294805.108400002121925, 3591140.152800001204014 ], [ 3294731.060599997639656, 3591323.160999998450279 ], [ 3294730.840599998831749, 3591408.105599999427795 ], [ 3294787.147600002586842, 3591479.204300001263618 ], [ 3294817.589699998497963, 3591546.704100001603365 ], [ 3294871.809000000357628, 3591749.42339999973774 ], [ 3294870.284000001847744, 3591809.197799999266863 ], [ 3294838.274099998176098, 3591868.80629999935627 ], [ 3294773.075000002980232, 3591930.389800000935793 ], [ 3294641.133199997246265, 3591971.5099 ], [ 3294556.220899999141693, 3591949.434599999338388 ], [ 3294531.604400001466274, 3591943.034699998795986 ], [ 3294461.427599996328354, 3591924.790199998766184 ], [ 3294303.498700000345707, 3591678.438900001347065 ], [ 3294214.240800000727177, 3591556.292300000786781 ], [ 3294186.36879999935627, 3591499.439399998635054 ], [ 3294165.612300001084805, 3591457.100499998778105 ], [ 3294103.557599999010563, 3591457.476700000464916 ], [ 3293940.502599999308586, 3591532.569699998944998 ], [ 3293843.028200000524521, 3591655.433200001716614 ], [ 3293827.773999996483326, 3591674.660599999129772 ], [ 3293729.075300000607967, 3591707.322299998253584 ], [ 3293640.327799998223782, 3591672.886799998581409 ], [ 3293591.592200003564358, 3591603.532000001519918 ], [ 3293514.65089999884367, 3591346.412599999457598 ], [ 3293536.083400003612041, 3591229.755899999290705 ], [ 3293515.338600002229214, 3591173.985199999064207 ], [ 3293496.894000001251698, 3591124.398499999195337 ], [ 3293467.524400003254414, 3591079.128800000995398 ], [ 3293138.451399996876717, 3591193.682100001722574 ], [ 3293031.790600001811981, 3591204.847300000488758 ], [ 3293023.601899996399879, 3591205.704599998891354 ], [ 3292951.972599998116493, 3591179.932799998670816 ], [ 3292951.191699996590614, 3590829.001899998635054 ], [ 3292936.225599996745586, 3590810.943399999290705 ], [ 3292921.25959999859333, 3590792.884799998253584 ], [ 3292715.400499999523163, 3590808.665399998426437 ], [ 3292510.653599999845028, 3590894.679499998688698 ], [ 3292455.973300002515316, 3590940.275800000876188 ], [ 3292447.710600003600121, 3590933.324200000613928 ], [ 3292438.257200002670288, 3590926.990200001746416 ], [ 3292434.645700000226498, 3590924.570500001311302 ], [ 3292424.038599997758865, 3590917.46339999884367 ], [ 3292382.601800002157688, 3590884.111900001764297 ], [ 3292260.170400001108646, 3590797.07209999859333 ], [ 3292207.098099999129772, 3590732.246199999004602 ], [ 3292202.099299997091293, 3590735.5185999982059 ], [ 3292197.100500002503395, 3590738.79109999909997 ], [ 3292180.212499998509884, 3590670.529800001531839 ], [ 3292199.40990000218153, 3590592.162099998444319 ], [ 3292184.703699998557568, 3590494.800200000405312 ], [ 3292169.000799998641014, 3590432.754700001329184 ], [ 3292170.5515, 3590430.091099999845028 ], [ 3292187.022100001573563, 3590401.798900000751019 ], [ 3292137.907499998807907, 3590428.4309 ], [ 3292117.827600002288818, 3590460.099599998444319 ], [ 3292105.262999996542931, 3590530.836100000888109 ], [ 3292109.719700001180172, 3590575.549499999731779 ], [ 3292111.000100001692772, 3590588.230099998414516 ], [ 3292111.744499996304512, 3590621.189599998295307 ], [ 3292093.278599999845028, 3590647.226799998432398 ], [ 3292090.7993, 3590650.722600001841784 ], [ 3292085.251999996602535, 3590667.859000001102686 ], [ 3292079.704599998891354, 3590684.995799999684095 ], [ 3291847.397399999201298, 3590867.754799999296665 ], [ 3291746.966700002551079, 3590798.991900000721216 ], [ 3291636.391800001263618, 3590724.023400001227856 ], [ 3291595.7837999984622, 3590756.644900001585484 ], [ 3291594.875699996948242, 3590756.517000000923872 ], [ 3291633.193300001323223, 3590785.187899999320507 ], [ 3291695.040100000798702, 3590884.9989 ], [ 3291596.644000001251698, 3591160.514800000935793 ], [ 3291577.105099998414516, 3591234.561700001358986 ], [ 3291607.235799998044968, 3591308.595800001174212 ], [ 3291629.735200002789497, 3591503.665600001811981 ], [ 3291652.225500002503395, 3591714.681499999016523 ], [ 3291695.679799996316433, 3591988.9189000017941 ], [ 3291696.07320000231266, 3591995.456300001591444 ], [ 3291696.466700002551079, 3592001.993500001728535 ], [ 3291663.44539999961853, 3592210.363800000399351 ], [ 3291519.283299997448921, 3592350.914200000464916 ], [ 3291428.270300000905991, 3592446.624299999326468 ], [ 3291371.560699999332428, 3592508.5801 ], [ 3291369.242499999701977, 3592510.404500000178814 ], [ 3291366.9243, 3592512.229100000113249 ], [ 3291295.759099997580051, 3592630.811000000685453 ], [ 3291146.671599999070168, 3592623.05970000103116 ], [ 3291143.003100000321865, 3592623.815099999308586 ], [ 3291139.334399998188019, 3592624.570500001311302 ], [ 3291005.919299997389317, 3592610.273600000888109 ], [ 3290759.207900002598763, 3592606.480000000447035 ], [ 3290680.443499997258186, 3592605.269000001251698 ], [ 3290390.967200003564358, 3592645.696400001645088 ], [ 3290311.450000002980232, 3592657.567899998277426 ], [ 3290300.111900001764297, 3592659.260600000619888 ], [ 3290285.531000003218651, 3592669.82660000026226 ], [ 3290239.056000001728535, 3592703.50450000166893 ], [ 3290071.77929999679327, 3592771.470499999821186 ], [ 3289869.118000000715256, 3592729.495000001043081 ], [ 3289770.191200003027916, 3592709.005199998617172 ], [ 3289636.832800000905991, 3592722.082600001245737 ], [ 3289417.636900000274181, 3592739.601799998432398 ], [ 3289395.897100001573563, 3592728.913199998438358 ], [ 3289374.157200001180172, 3592718.224399998784065 ], [ 3289205.656599998474121, 3592837.065499998629093 ], [ 3289202.263599999248981, 3592839.4518 ], [ 3289198.870399996638298, 3592841.837999999523163 ], [ 3289184.030500002205372, 3592844.500500001013279 ], [ 3289150.837399996817112, 3592850.455600000917912 ], [ 3289114.139899998903275, 3592857.03999999910593 ], [ 3289115.737800002098083, 3592889.082600001245737 ], [ 3289090.793099999427795, 3593143.973400000482798 ], [ 3289047.648400001227856, 3593127.967099998146296 ], [ 3289030.80969999730587, 3593125.4199 ], [ 3289013.971100002527237, 3593122.872699998319149 ], [ 3288977.512800000607967, 3593117.433499999344349 ], [ 3288974.162699997425079, 3593121.464899998158216 ], [ 3288969.465899996459484, 3593127.116900000721216 ], [ 3288960.163099996745586, 3593120.930300001055002 ], [ 3288957.978900000452995, 3593119.477699998766184 ], [ 3288880.688199996948242, 3593121.699200000613928 ], [ 3288800.900600001215935, 3593186.964899998158216 ], [ 3288752.787799999117851, 3593226.286200001835823 ], [ 3288728.281900003552437, 3593234.253499999642372 ], [ 3288703.776000000536442, 3593242.220800001174212 ], [ 3288567.240199998021126, 3593290.585200000554323 ], [ 3288373.681100003421307, 3593308.891600001603365 ], [ 3288196.356200002133846, 3593338.363600000739098 ], [ 3288181.368199996650219, 3593341.115200001746416 ], [ 3288166.380199998617172, 3593343.866799999028444 ], [ 3288032.392700001597404, 3593368.186599999666214 ], [ 3287825.870099999010563, 3593405.741500001400709 ], [ 3287773.872699998319149, 3593443.953099999576807 ], [ 3287720.952299997210503, 3593482.804400000721216 ], [ 3287711.274700000882149, 3593489.922899998724461 ], [ 3287699.798600003123283, 3593498.36430000141263 ], [ 3287680.905799999833107, 3593512.228199999779463 ], [ 3287672.968400001525879, 3593518.052799999713898 ], [ 3287490.363499999046326, 3593652.2179000005126 ], [ 3287413.175999999046326, 3593708.929299999028444 ], [ 3287410.200800001621246, 3593711.115299999713898 ], [ 3287380.833800002932549, 3593732.692099999636412 ], [ 3286574.493199996650219, 3593801.108199998736382 ], [ 3286549.845100000500679, 3593803.199799999594688 ], [ 3286521.695500001311302, 3593805.588500000536442 ], [ 3286515.994800001382828, 3593806.073399998247623 ], [ 3286515.611199997365475, 3593806.106100000441074 ], [ 3286509.527000002563, 3593806.624000001698732 ], [ 3286474.570699997246265, 3593672.732799999415874 ], [ 3286433.285999998450279, 3593514.63569999858737 ], [ 3286421.699000000953674, 3593472.940400000661612 ], [ 3286384.421800002455711, 3593338.799400001764297 ], [ 3286234.579899996519089, 3592744.091099999845028 ], [ 3286216.975400000810623, 3592674.221200000494719 ], [ 3286179.417700000107288, 3592525.159600000828505 ], [ 3286109.869099996984005, 3592237.618599999696016 ], [ 3286099.385099999606609, 3592174.172800000756979 ], [ 3286078.10869999974966, 3591988.474599998444319 ], [ 3286068.983599998056889, 3591908.832400001585484 ], [ 3285965.621299996972084, 3590834.58219999819994 ], [ 3285914.945000000298023, 3590270.350999999791384 ], [ 3285901.145700000226498, 3590070.620700001716614 ], [ 3285896.282899998128414, 3590000.237399999052286 ], [ 3285846.909800000488758, 3589903.881099998950958 ], [ 3285740.21339999884367, 3589978.382599998265505 ], [ 3285604.492399998009205, 3590075.611600000411272 ], [ 3285524.006700001657009, 3590132.916999999433756 ], [ 3285446.36089999973774, 3590126.889800000935793 ], [ 3285333.240000002086163, 3590116.828899998217821 ], [ 3285196.222699999809265, 3590106.751499999314547 ], [ 3285089.33669999986887, 3590099.04109999909997 ], [ 3285013.923799999058247, 3590137.009300000965595 ], [ 3284946.398900002241135, 3590172.323699999600649 ], [ 3284866.11259999871254, 3590212.499899998307228 ], [ 3284791.483999997377396, 3590249.000199999660254 ], [ 3284676.228399999439716, 3590364.223099999129772 ], [ 3284605.281800001859665, 3590429.245999999344349 ], [ 3284537.883400000631809, 3590545.148200001567602 ], [ 3284534.888899996876717, 3590548.801600001752377 ], [ 3284531.894299998879433, 3590552.455299999564886 ], [ 3284463.339599996805191, 3590680.328000001609325 ], [ 3284295.350199997425079, 3591014.798599999397993 ], [ 3284175.768200002610683, 3591245.56810000166297 ], [ 3284114.913099996745586, 3591310.088500000536442 ], [ 3284109.112099997699261, 3591315.0482 ], [ 3284103.310999996960163, 3591320.008000001311302 ], [ 3284026.034800000488758, 3591390.646800000220537 ], [ 3283979.296099998056889, 3591463.621500000357628 ], [ 3283906.602300003170967, 3591632.470800001174212 ], [ 3283891.305100001394749, 3591668.002399999648333 ], [ 3283891.200400002300739, 3591669.863299999386072 ], [ 3283891.09570000320673, 3591671.724500000476837 ], [ 3283863.92339999973774, 3591735.96510000154376 ], [ 3283722.843000002205372, 3591881.653499998152256 ], [ 3283721.177799999713898, 3591884.661100000143051 ], [ 3283719.512500002980232, 3591887.668999999761581 ], [ 3283687.957800000905991, 3591908.187199998646975 ], [ 3283668.002499997615814, 3591921.162999998778105 ], [ 3283664.466399997472763, 3591924.823600001633167 ], [ 3283660.930299997329712, 3591928.484299998730421 ], [ 3283565.178300000727177, 3591992.206799998879433 ], [ 3283562.679200001060963, 3591992.242499999701977 ], [ 3283560.180100001394749, 3591992.278400000184774 ], [ 3283386.02139999717474, 3592098.298099998384714 ], [ 3283319.654600001871586, 3592150.05519999936223 ], [ 3283318.549500003457069, 3592151.688700001686811 ], [ 3283316.339199997484684, 3592154.956300001591444 ], [ 3283160.82209999859333, 3592321.594900000840425 ], [ 3283139.462700001895428, 3592485.011399999260902 ], [ 3283088.030299998819828, 3592698.120999999344349 ], [ 3283031.440200001001358, 3592903.341600000858307 ], [ 3283029.363300003111362, 3592905.717099998146296 ], [ 3283027.286300003528595, 3592908.092399999499321 ], [ 3282979.838799998164177, 3592962.347300000488758 ], [ 3282931.034999996423721, 3593016.890000000596046 ], [ 3282923.7128000035882, 3593026.175200000405312 ], [ 3282907.981499999761581, 3593047.363200001418591 ], [ 3282857.515299998223782, 3593115.899500001221895 ], [ 3282825.39469999819994, 3593159.529899999499321 ], [ 3282815.993600003421307, 3593172.305700000375509 ], [ 3282815.8596, 3593172.487799998372793 ], [ 3282806.324600003659725, 3593185.445900000631809 ], [ 3282710.833700001239777, 3593224.596700001507998 ], [ 3282699.65990000218153, 3593229.180599998682737 ], [ 3282691.810400001704693, 3593229.4518 ], [ 3282673.751599997282028, 3593230.075399998575449 ], [ 3282670.865900002419949, 3593230.160799998790026 ], [ 3282660.522200003266335, 3593244.894200000911951 ], [ 3282639.467600002884865, 3593274.875300001353025 ], [ 3282629.542499996721745, 3593288.708399999886751 ], [ 3282619.617499999701977, 3593302.541400000452995 ], [ 3282596.657999999821186, 3593334.424699999392033 ], [ 3282593.324600003659725, 3593337.687100000679493 ], [ 3282590.939300000667572, 3593340.021600000560284 ], [ 3282590.582699999213219, 3593340.400800000876188 ], [ 3282588.486599996685982, 3593342.6305 ], [ 3282537.476000003516674, 3593391.932700000703335 ], [ 3282533.929300002753735, 3593395.212200000882149 ], [ 3282479.593299999833107, 3593445.454799998551607 ], [ 3282414.021899998188019, 3593508.461800001561642 ], [ 3282405.570299997925758, 3593514.785900000482798 ], [ 3282397.118699997663498, 3593521.109499998390675 ], [ 3282340.890299998223782, 3593563.1743 ], [ 3282283.96000000089407, 3593607.292700000107288 ], [ 3282232.024999998509884, 3593648.7837999984622 ], [ 3282234.219200000166893, 3593654.553599998354912 ], [ 3282236.413400001823902, 3593660.323600001633167 ], [ 3282228.31530000269413, 3593734.220800001174212 ], [ 3282227.158399999141693, 3593744.772799998521805 ], [ 3282226.001400001347065, 3593755.326299998909235 ], [ 3282224.387999996542931, 3593799.177000001072884 ], [ 3282222.269000001251698, 3593803.064500000327826 ], [ 3282220.275499999523163, 3593806.65819999948144 ], [ 3282216.632799997925758, 3593813.225000001490116 ], [ 3282216.79450000077486, 3593820.315200001001358 ], [ 3282205.6908999979496, 3593877.712200000882149 ], [ 3282212.414599999785423, 3593913.691399998962879 ], [ 3282212.502599999308586, 3593914.162200000137091 ], [ 3282216.519799999892712, 3593921.81870000064373 ], [ 3282225.894599996507168, 3593998.7347999997437 ], [ 3282227.196599997580051, 3594009.371899999678135 ], [ 3282225.114600002765656, 3594013.295099999755621 ], [ 3282224.269400000572205, 3594014.887899998575449 ], [ 3282219.929799996316433, 3594071.600999999791384 ], [ 3282176.4309, 3594193.150400001555681 ], [ 3282169.962999999523163, 3594211.2804000005126 ], [ 3282169.959700003266335, 3594211.289599999785423 ], [ 3282169.956500001251698, 3594211.298799999058247 ], [ 3282163.482100002467632, 3594229.44709999859333 ], [ 3282144.712099999189377, 3594272.950300000607967 ], [ 3282142.381300002336502, 3594278.387800000607967 ], [ 3282140.349200002849102, 3594283.076099999248981 ], [ 3282111.661899998784065, 3594331.167899999767542 ], [ 3282085.044799998402596, 3594375.789099998772144 ], [ 3282079.91669999808073, 3594385.50560000166297 ], [ 3282075.007100000977516, 3594394.845499999821186 ], [ 3282073.660499997437, 3594397.415399998426437 ], [ 3282047.070100001990795, 3594461.147999998182058 ], [ 3282044.706399999558926, 3594467.728300001472235 ], [ 3282042.342399999499321, 3594474.309599999338388 ], [ 3281997.177199997007847, 3594572.59739999845624 ], [ 3281946.919200003147125, 3594675.852299999445677 ], [ 3281926.687100000679493, 3594678.553399998694658 ], [ 3281925.625699996948242, 3594678.695099998265505 ], [ 3281916.960400000214577, 3594687.219399999827147 ], [ 3281915.858599998056889, 3594688.300900001078844 ], [ 3281905.795699998736382, 3594696.804299999028444 ], [ 3281904.852600000798702, 3594707.112100001424551 ], [ 3281904.379900000989437, 3594712.277899999171495 ], [ 3281891.48139999806881, 3594724.320999998599291 ], [ 3281865.6941, 3594749.739 ], [ 3281860.440099999308586, 3594754.91780000180006 ], [ 3281848.574500001966953, 3594766.128199998289347 ], [ 3281835.622699998319149, 3594778.913400001823902 ], [ 3281820.761600002646446, 3594800.767200000584126 ], [ 3281792.85980000346899, 3594841.557399999350309 ], [ 3281789.050800003111362, 3594847.125799998641014 ], [ 3281787.523900002241135, 3594849.331000000238419 ], [ 3281774.643899999558926, 3594868.28770000115037 ], [ 3281773.211599998176098, 3594869.050700001418591 ], [ 3281770.597900003194809, 3594870.442899998277426 ], [ 3281756.596699997782707, 3594892.5735 ], [ 3281751.896799996495247, 3594900.002300001680851 ], [ 3281739.787500001490116, 3594919.060400001704693 ], [ 3281725.61150000244379, 3594933.425000000745058 ], [ 3281723.497900001704693, 3594935.523899998515844 ], [ 3281681.688900001347065, 3594978.535199999809265 ], [ 3281679.14360000193119, 3594983.98030000180006 ], [ 3281667.235699996352196, 3594990.438499998301268 ], [ 3281632.475000001490116, 3595009.875 ], [ 3281622.978200003504753, 3595015.185100000351667 ], [ 3281622.197899997234344, 3595015.846400000154972 ], [ 3281606.382799997925758, 3595029.249800000339746 ], [ 3281602.197400003671646, 3595028.445300001651049 ], [ 3281601.422899998724461, 3595028.698899999260902 ], [ 3281592.260899998247623, 3595031.697599999606609 ], [ 3281583.721900001168251, 3595034.970899999141693 ], [ 3281560.195799998939037, 3595060.473099999129772 ], [ 3281555.696000002324581, 3595065.017799999564886 ], [ 3281551.195500001311302, 3595069.563299998641014 ], [ 3281546.747400000691414, 3595073.855999998748302 ], [ 3281488.732799999415874, 3595129.844500001519918 ], [ 3281479.998000003397465, 3595136.6426 ], [ 3281470.396600000560284, 3595151.492199998348951 ], [ 3281441.017099998891354, 3595199.700500000268221 ], [ 3281437.529500000178814, 3595205.913199998438358 ], [ 3281434.041000001132488, 3595212.127900000661612 ], [ 3281414.039099998772144, 3595225.73589999973774 ], [ 3281392.086099997162819, 3595240.758699998259544 ], [ 3281368.282499998807907, 3595250.155000001192093 ], [ 3281360.051899999380112, 3595252.986900001764297 ], [ 3281344.781099997460842, 3595251.872000001370907 ], [ 3281315.263700000941753, 3595249.717099998146296 ], [ 3281313.10530000180006, 3595254.286899998784065 ], [ 3281307.361900001764297, 3595258.590300001204014 ], [ 3281303.617399998009205, 3595261.902699999511242 ], [ 3281288.456000000238419, 3595275.315000001341105 ], [ 3281280.146600000560284, 3595281.483199998736382 ], [ 3281270.848700001835823, 3595269.4662000015378 ], [ 3281265.295699998736382, 3595262.439599998295307 ], [ 3281250.862499997019768, 3595244.176100000739098 ], [ 3281247.298500001430511, 3595235.820999998599291 ], [ 3281247.0669, 3595261.43299999833107 ], [ 3281247.018200002610683, 3595266.82319999858737 ], [ 3281224.047799997031689, 3595274.898299999535084 ], [ 3281182.73200000077486, 3595297.148699998855591 ], [ 3281171.581299997866154, 3595303.153799999505281 ], [ 3281165.32490000128746, 3595305.311000000685453 ], [ 3281168.027999997138977, 3595306.447000000625849 ], [ 3281169.447599999606609, 3595307.043600000441074 ], [ 3281163.1228, 3595314.327300000935793 ], [ 3281158.220799997448921, 3595318.050599999725819 ], [ 3281149.686800003051758, 3595319.05350000038743 ], [ 3281139.394100002944469, 3595320.263300001621246 ], [ 3281114.214400000870228, 3595346.369199998676777 ], [ 3281106.801700003445148, 3595352.727099999785423 ], [ 3281099.3882, 3595359.085700001567602 ], [ 3281076.75110000371933, 3595359.227899998426437 ], [ 3281050.414399996399879, 3595359.393300000578165 ], [ 3281042.344200000166893, 3595357.09569999948144 ], [ 3281038.373199999332428, 3595359.680500000715256 ], [ 3281029.63400000333786, 3595376.542500000447035 ], [ 3280998.741300001740456, 3595417.63230000063777 ], [ 3280987.005500003695488, 3595434.396099999547005 ], [ 3280990.673199996352196, 3595449.912500001490116 ], [ 3280990.991800002753735, 3595451.260499998927116 ], [ 3280990.670100003480911, 3595452.431499999016523 ], [ 3280989.367299996316433, 3595457.173300001770258 ], [ 3280990.6621999964118, 3595458.886700000613928 ], [ 3280993.340199999511242, 3595462.43019999936223 ], [ 3280994.718099996447563, 3595469.120700001716614 ], [ 3280990.645099997520447, 3595472.807700000703335 ], [ 3280984.853399999439716, 3595478.050599999725819 ], [ 3280990.393700003623962, 3595542.66330000013113 ], [ 3280990.553300000727177, 3595547.475099999457598 ], [ 3280990.712899997830391, 3595552.286899998784065 ], [ 3280990.630999997258186, 3595562.2989999987185 ], [ 3280990.270599998533726, 3595606.330899998545647 ], [ 3280990.939499996602535, 3595621.19310000166297 ], [ 3280991.608499996364117, 3595636.056400001049042 ], [ 3280990.970100000500679, 3595703.81810000166297 ], [ 3280990.336900003254414, 3595762.504099998623133 ], [ 3280990.255000002682209, 3595793.446699999272823 ], [ 3280989.890900000929832, 3595797.471500001847744 ], [ 3280982.106100000441074, 3595809.059999998658895 ], [ 3280975.947999998927116, 3595817.27309999987483 ], [ 3280961.233900003135204, 3595836.89809999987483 ], [ 3280961.483499996364117, 3595859.865499999374151 ], [ 3280961.511200003325939, 3595860.650800000876188 ], [ 3280961.925200000405312, 3595872.389800000935793 ], [ 3280962.024099998176098, 3595893.015000000596046 ], [ 3280963.074400000274181, 3595951.534800000488758 ], [ 3280964.386399999260902, 3595956.623199999332428 ], [ 3280955.850500002503395, 3595987.195300001651049 ], [ 3280943.41330000013113, 3596032.271699998527765 ], [ 3280931.055100001394749, 3596077.90260000154376 ], [ 3280926.896799996495247, 3596091.548700001090765 ], [ 3280922.737999998033047, 3596105.196400001645088 ], [ 3280912.185000002384186, 3596141.881999999284744 ], [ 3280896.363399997353554, 3596202.748599998652935 ], [ 3280887.233499996364117, 3596218.886799998581409 ], [ 3280878.10360000282526, 3596235.025100000202656 ], [ 3280875.398400001227856, 3596268.462499998509884 ], [ 3280872.032300002872944, 3596310.06810000166297 ], [ 3280865.08839999884367, 3596317.999600000679493 ], [ 3280863.987700000405312, 3596319.256900001317263 ], [ 3280904.3800999969244, 3596491.933299999684095 ], [ 3280929.130000002682209, 3596604.836800001561642 ], [ 3281021.69990000128746, 3596683.914299998432398 ], [ 3281038.762000001966953, 3596696.33669999986887 ], [ 3281055.824000000953674, 3596708.759199999272823 ], [ 3281062.343299999833107, 3596714.360199999064207 ], [ 3281120.055200003087521, 3596763.941599998623133 ], [ 3281132.563699997961521, 3596768.030699998140335 ], [ 3281145.072300001978874, 3596772.119600001722574 ], [ 3281176.9341000020504, 3596777.138099998235703 ], [ 3281210.417700000107288, 3596782.412200000137091 ], [ 3281222.417599998414516, 3596786.474300000816584 ], [ 3281236.157600000500679, 3596791.125399999320507 ], [ 3281242.488600000739098, 3596793.291499998420477 ], [ 3281249.230400003492832, 3596792.912000000476837 ], [ 3281288.324100002646446, 3596791.020500000566244 ], [ 3281312.250900000333786, 3596789.862799998372793 ], [ 3281319.958700001239777, 3596792.854299999773502 ], [ 3281327.666400000452995, 3596795.845499999821186 ], [ 3281362.39190000295639, 3596792.625900000333786 ], [ 3281412.713799998164177, 3596787.960299998521805 ], [ 3281422.943099997937679, 3596792.300299998372793 ], [ 3281433.17230000346899, 3596796.640299998223782 ], [ 3281486.785499997437, 3596825.252099998295307 ], [ 3281595.0962999984622, 3596867.2445 ], [ 3281659.07320000231266, 3596905.199700001627207 ], [ 3281708.991700001060963, 3596911.611099999397993 ], [ 3281732.249499998986721, 3596920.48930000141263 ], [ 3281755.50789999961853, 3596929.36769999936223 ], [ 3281781.197800002992153, 3596940.341499999165535 ], [ 3281907.17679999768734, 3596994.1554000005126 ], [ 3281918.844200000166893, 3596996.168000001460314 ], [ 3281930.511699996888638, 3596998.180599998682737 ], [ 3281958.089100003242493, 3597002.8871 ], [ 3281958.441299997270107, 3597009.180599998682737 ], [ 3281958.822800002992153, 3597016.400299999862909 ], [ 3281959.62389999628067, 3597017.00789999961853 ], [ 3281980.806999996304512, 3597033.072000000625849 ], [ 3282107.906000003218651, 3597073.918400000780821 ], [ 3282109.122000001370907, 3597074.309300001710653 ], [ 3282122.038999997079372, 3597079.211899999529123 ], [ 3282122.050899997353554, 3597079.216400001198053 ], [ 3282122.062799997627735, 3597079.220899999141693 ], [ 3282135.003499999642372, 3597084.1327 ], [ 3282237.503300003707409, 3597144.408700000494719 ], [ 3282294.010799996554852, 3597179.623100001364946 ], [ 3282296.27929999679327, 3597181.036899998784065 ], [ 3282342.097300000488758, 3597233.119699999690056 ], [ 3282350.880000002682209, 3597239.542399998754263 ], [ 3282359.662699997425079, 3597245.964899998158216 ], [ 3282303.636200003325939, 3597359.141399998217821 ], [ 3282269.148699998855591, 3597498.948800001293421 ], [ 3282264.404100000858307, 3597518.182500001043081 ], [ 3282253.581399999558926, 3597562.056200001388788 ], [ 3282247.465400002896786, 3597662.213300000876188 ], [ 3282224.090300001204014, 3597738.826099999248981 ], [ 3282154.088200002908707, 3597805.353700000792742 ], [ 3282100.5996999964118, 3597813.69709999859333 ], [ 3281990.048299998044968, 3597731.623599998652935 ], [ 3281966.207000002264977, 3597737.070000000298023 ], [ 3281942.365800000727177, 3597742.51630000025034 ], [ 3281874.731200002133846, 3597807.249400001019239 ], [ 3281674.955200001597404, 3597939.750900000333786 ], [ 3281551.780299998819828, 3597974.698699999600649 ], [ 3281510.442199997603893, 3598019.145199999213219 ], [ 3281467.995899997651577, 3598118.611699998378754 ], [ 3281451.7949, 3598223.737100001424551 ], [ 3281443.239, 3598255.756999999284744 ], [ 3281414.648100003600121, 3598362.756900001317263 ], [ 3281399.923500001430511, 3598468.253100000321865 ], [ 3281382.992799997329712, 3598470.9507 ], [ 3281368.630699999630451, 3598473.239 ], [ 3281362.488200001418591, 3598477.494100000709295 ], [ 3281336.036100000143051, 3598496.024399999529123 ], [ 3281331.947999998927116, 3598498.888300001621246 ], [ 3281324.019900001585484, 3598504.430599998682737 ], [ 3281314.999099999666214, 3598507.138300001621246 ], [ 3281308.982799999415874, 3598508.944200001657009 ], [ 3281304.041900001466274, 3598510.446800000965595 ], [ 3281299.25789999961853, 3598513.982799999415874 ], [ 3281169.970200002193451, 3598610.946199998259544 ], [ 3281153.58669999986887, 3598622.970800001174212 ], [ 3281153.583999998867512, 3598622.972699999809265 ], [ 3281137.197400003671646, 3598634.999499998986721 ], [ 3280994.878300003707409, 3598730.489500001072884 ], [ 3280986.880999997258186, 3598730.969399999827147 ], [ 3280971.40259999781847, 3598731.857500001788139 ], [ 3280951.931900002062321, 3598732.974899999797344 ], [ 3280819.714199997484684, 3598760.602000001817942 ], [ 3280822.92960000038147, 3598740.125399999320507 ], [ 3280818.437899999320507, 3598727.927299998700619 ], [ 3280810.124799996614456, 3598705.351399999111891 ], [ 3280757.809199996292591, 3598653.686000000685453 ], [ 3280746.73200000077486, 3598642.764699999243021 ], [ 3280746.638899996876717, 3598642.672800000756979 ], [ 3280735.257600001990795, 3598631.422200001776218 ], [ 3280703.982699997723103, 3598595.510299999266863 ], [ 3280667.037600003182888, 3598551.666999999433756 ], [ 3280662.977300003170967, 3598544.658300001174212 ], [ 3280650.844800002872944, 3598523.715999998152256 ], [ 3280648.571800000965595, 3598521.742800001055002 ], [ 3280630.87610000371933, 3598506.376299999654293 ], [ 3280539.104900002479553, 3598438.899700000882149 ], [ 3280500.251199997961521, 3598346.956999998539686 ], [ 3280464.282700002193451, 3598225.870099999010563 ], [ 3280459.8301, 3598212.276700001209974 ], [ 3280455.377499997615814, 3598198.683400001376867 ], [ 3280459.45889999717474, 3598143.430799998342991 ], [ 3280502.408600002527237, 3598033.032800000160933 ], [ 3280537.499899998307228, 3597964.273400001227856 ], [ 3280558.489799998700619, 3597834.041600000113249 ], [ 3280551.71509999781847, 3597779.529699999839067 ], [ 3280541.942800000309944, 3597636.096799999475479 ], [ 3280538.691500000655651, 3597629.638000000268221 ], [ 3280535.440399996936321, 3597623.17960000038147 ], [ 3280493.48309999704361, 3597554.044199999421835 ], [ 3280444.093500003218651, 3597468.313200000673532 ], [ 3280441.411700002849102, 3597460.447999998927116 ], [ 3280438.730099998414516, 3597452.583099998533726 ], [ 3280434.8412000015378, 3597443.622699998319149 ], [ 3280410.832699999213219, 3597388.3037 ], [ 3280404.357199996709824, 3597365.5608000010252 ], [ 3280397.8816, 3597342.817899998277426 ], [ 3280379.652300000190735, 3597282.837900001555681 ], [ 3280363.40820000320673, 3597158.966600000858307 ], [ 3280356.728900000452995, 3597095.324099998921156 ], [ 3280356.21000000089407, 3597092.990800000727177 ], [ 3280351.209700003266335, 3597070.641399998217821 ], [ 3280351.208400003612041, 3597070.635499998927116 ], [ 3280351.20719999819994, 3597070.629700001329184 ], [ 3280345.948600001633167, 3597047.125700000673532 ], [ 3280329.749899998307228, 3596933.605000000447035 ], [ 3280325.892499998211861, 3596906.5724 ], [ 3280324.19879999756813, 3596898.156100001186132 ], [ 3280322.5050999969244, 3596889.739700000733137 ], [ 3280295.023599997162819, 3596775.051300000399351 ], [ 3280277.397699996829033, 3596697.27930000051856 ], [ 3280243.780500002205372, 3596558.00730000063777 ], [ 3280205.683499999344349, 3596396.020500000566244 ], [ 3280179.787699997425079, 3596285.890999998897314 ], [ 3280160.060999996960163, 3596205.793600000441074 ], [ 3280154.458400003612041, 3596204.348999999463558 ], [ 3280151.540500000119209, 3596197.515500001609325 ], [ 3280149.335600003600121, 3596193.583000000566244 ], [ 3280135.011600002646446, 3596168.036499999463558 ], [ 3280133.572300001978874, 3596163.61089999973774 ], [ 3280111.153499998152256, 3596094.672800000756979 ], [ 3280100.637100003659725, 3596066.011100001633167 ], [ 3280090.740199998021126, 3596064.69029999896884 ], [ 3280061.532799996435642, 3596061.455200001597404 ], [ 3280004.555299997329712, 3596054.325800001621246 ], [ 3279899.278800003230572, 3596043.646099999547005 ], [ 3279878.253200002014637, 3596041.626600001007318 ], [ 3279878.19820000231266, 3596041.621300000697374 ], [ 3279857.22749999910593, 3596039.60700000077486 ], [ 3279785.245700001716614, 3596032.785700000822544 ], [ 3279743.535899996757507, 3596026.4518 ], [ 3279742.825000002980232, 3596026.440200001001358 ], [ 3279680.671099998056889, 3596025.419599998742342 ], [ 3279299.165299996733665, 3595979.085200000554323 ], [ 3279048.203400000929832, 3595943.0132 ], [ 3278836.116899996995926, 3595910.145799998193979 ], [ 3278753.9912, 3595845.795499999076128 ], [ 3278678.229500003159046, 3595786.431800000369549 ], [ 3278655.017700001597404, 3595768.244100000709295 ], [ 3278635.181800000369549, 3595718.992199998348951 ], [ 3278631.401600003242493, 3595709.605999998748302 ], [ 3278589.556500002741814, 3595605.705800000578165 ], [ 3278317.025499999523163, 3595704.376800000667572 ], [ 3278129.455700002610683, 3595757.089899998158216 ], [ 3278024.30460000038147, 3595846.625100001692772 ], [ 3277917.418399997055531, 3595935.654899999499321 ], [ 3277909.289200000464916, 3595941.935400001704693 ], [ 3277901.159100003540516, 3595948.216499999165535 ], [ 3277879.870399996638298, 3596026.656199999153614 ], [ 3277858.140000000596046, 3596111.471200000494719 ], [ 3277794.771099999547005, 3596357.933299999684095 ], [ 3277766.527900002896786, 3596465.492499999701977 ], [ 3277762.76240000128746, 3596543.280200000852346 ], [ 3277753.91160000115633, 3596663.396699998527765 ], [ 3277753.365900002419949, 3596670.730599999427795 ], [ 3277752.820200003683567, 3596678.064399998635054 ], [ 3277752.045699998736382, 3596690.058499999344349 ], [ 3277744.110299997031689, 3596812.951999999582767 ], [ 3277742.975100003182888, 3596822.866500001400709 ], [ 3277741.839900001883507, 3596832.781300000846386 ], [ 3277700.547600001096725, 3596857.764800000935793 ], [ 3277651.443199999630451, 3596887.475099999457598 ], [ 3277643.125500001013279, 3596904.996899999678135 ], [ 3277636.314900003373623, 3596919.343899998813868 ], [ 3277630.144100002944469, 3596928.28999999910593 ], [ 3277517.056199997663498, 3596940.077500000596046 ], [ 3277428.107500001788139, 3596951.7971 ], [ 3277412.34009999781847, 3596956.134500000625849 ], [ 3277409.424500003457069, 3596957.143399998545647 ], [ 3277407.13400000333786, 3596958.011199999600649 ], [ 3277407.285400003194809, 3596962.7621 ], [ 3277407.372000001370907, 3596965.478500001132488 ], [ 3277342.041000001132488, 3597021.436099998652935 ], [ 3277274.813799999654293, 3597081.710299998521805 ], [ 3277248.037299998104572, 3597116.813200000673532 ], [ 3277248.839000001549721, 3597121.732700001448393 ], [ 3277263.028399996459484, 3597136.597100000828505 ], [ 3277278.183600001037121, 3597152.473200000822544 ], [ 3277249.309500001370907, 3597171.765000000596046 ], [ 3277239.084399998188019, 3597178.596799999475479 ], [ 3277244.161399997770786, 3597184.962000001221895 ], [ 3277247.952100001275539, 3597189.714299999177456 ], [ 3277246.879199996590614, 3597202.286100000143051 ], [ 3277227.887299999594688, 3597307.668800000101328 ], [ 3277212.681800000369549, 3597377.485599998384714 ], [ 3277211.621500000357628, 3597384.4358000010252 ], [ 3277210.561300002038479, 3597391.386399999260902 ], [ 3277144.270999997854233, 3597443.287599999457598 ], [ 3277131.311499997973442, 3597453.434099998325109 ], [ 3277130.1831, 3597455.597800001502037 ], [ 3277129.054700002074242, 3597457.761399999260902 ], [ 3277058.568999998271465, 3597592.115499999374151 ], [ 3277051.079199999570847, 3597607.096700001507998 ], [ 3277049.140600003302097, 3597610.9857 ], [ 3277040.98650000244379, 3597627.342700000852346 ], [ 3277035.710600003600121, 3597632.311700001358986 ], [ 3277004.1118, 3597917.772999998182058 ], [ 3277030.238399997353554, 3598028.756900001317263 ], [ 3277071.528999999165535, 3598204.156800001859665 ], [ 3277088.021499998867512, 3598274.7364999987185 ], [ 3277089.953199997544289, 3598283.012800000607967 ], [ 3277089.985699996352196, 3598283.152100000530481 ], [ 3277091.94990000128746, 3598291.56810000166297 ], [ 3277102.689300000667572, 3598328.9846 ], [ 3277113.374099999666214, 3598347.450399998575449 ], [ 3277124.059000000357628, 3598365.916400000452995 ], [ 3277172.937899999320507, 3598450.369199998676777 ], [ 3277221.338500000536442, 3598534.035100001841784 ], [ 3277225.906499996781349, 3598542.749699998646975 ], [ 3277234.54280000180006, 3598559.195300001651049 ], [ 3277245.523999996483326, 3598580.106300000101328 ], [ 3277279.63570000231266, 3598639.751499999314547 ], [ 3277356.457500003278255, 3598774.080699998885393 ], [ 3277420.398999996483326, 3598891.029699999839067 ], [ 3277496.42509999871254, 3599043.334699999541044 ], [ 3277526.587600000202656, 3599101.927700001746416 ], [ 3277530.954899996519089, 3599111.948699999600649 ], [ 3277535.322700001299381, 3599121.970800001174212 ], [ 3277589.353799998760223, 3599232.163600001484156 ], [ 3277644.710699997842312, 3599309.090300001204014 ], [ 3277664.915600001811981, 3599337.168000001460314 ], [ 3277702.006099998950958, 3599388.69480000063777 ], [ 3277761.489900000393391, 3599472.852099999785423 ], [ 3277803.220399998128414, 3599531.892200000584126 ], [ 3277814.524300001561642, 3599548.449999999254942 ], [ 3277825.828199997544289, 3599565.0077 ], [ 3277866.559299997985363, 3599619.115499999374151 ], [ 3277908.045699998736382, 3599680.4879 ], [ 3277921.134700000286102, 3599702.210099998861551 ], [ 3277934.224200002849102, 3599723.9331 ], [ 3278011.400200001895428, 3599864.909699998795986 ], [ 3278017.414300002157688, 3599876.641800001263618 ], [ 3278020.421400003135204, 3599882.508099999278784 ], [ 3278050.951700001955032, 3599931.860599998384714 ], [ 3278129.904100000858307, 3600060.901500001549721 ], [ 3278132.183799996972084, 3600064.627500001341105 ], [ 3278212.906499996781349, 3600196.562100000679493 ], [ 3278247.755900003015995, 3600253.520700000226498 ], [ 3278265.705899998545647, 3600284.770799998193979 ], [ 3278350.643700003623962, 3600432.644299998879433 ], [ 3278360.241800002753735, 3600449.354200001806021 ], [ 3278376.979900002479553, 3600480.531300000846386 ], [ 3278397.177000001072884, 3600518.151299998164177 ], [ 3278542.852099999785423, 3600776.532400000840425 ], [ 3278543.910499997437, 3600778.414099998772144 ], [ 3278543.818800002336502, 3600782.243200000375509 ], [ 3278535.851999998092651, 3601141.220400001853704 ], [ 3278521.281000003218651, 3601296.833299998193979 ], [ 3278520.646799996495247, 3601303.606699999421835 ], [ 3278510.204700000584126, 3601415.125900000333786 ], [ 3278498.964299999177456, 3601535.170899998396635 ], [ 3278503.931000001728535, 3601654.526200000196695 ], [ 3278504.341300003230572, 3601664.385299999266863 ], [ 3278511.208700001239777, 3601785.031100001186132 ], [ 3278518.898199997842312, 3601903.666799999773502 ], [ 3278518.627700001001358, 3601921.957299999892712 ], [ 3278517.214900001883507, 3602017.458200000226498 ], [ 3278519.373199999332428, 3602075.66499999910593 ], [ 3278519.80629999935627, 3602087.345499999821186 ], [ 3278522.742299996316433, 3602105.580400001257658 ], [ 3278547.301899999380112, 3602258.114900000393391 ], [ 3278549.142899997532368, 3602267.603300001472235 ], [ 3278558.344499997794628, 3602315.028299998492002 ], [ 3278566.251800000667572, 3602355.782600000500679 ], [ 3278758.215599998831749, 3602628.127399999648333 ], [ 3278762.13849999755621, 3602633.677000001072884 ], [ 3278766.533100001513958, 3602637.179000001400709 ], [ 3278897.698100000619888, 3602765.416400000452995 ], [ 3278897.622400000691414, 3602822.655499998480082 ], [ 3278897.37389999628067, 3603010.800999999046326 ], [ 3278736.117600001394749, 3603101.767099998891354 ], [ 3278732.496200002729893, 3603101.07660000026226 ], [ 3278728.874600000679493, 3603100.386199999600649 ], [ 3278631.169399999082088, 3603087.222899999469519 ], [ 3278510.428400002419949, 3603070.818300001323223 ], [ 3278409.810900002717972, 3603111.585900001227856 ], [ 3278328.45380000025034, 3603145.0526 ], [ 3278245.960500001907349, 3603233.750999998301268 ], [ 3278164.157499998807907, 3603284.4814000017941 ], [ 3278113.209200002253056, 3603319.917100001126528 ], [ 3278108.503200002014637, 3603324.434500001370907 ], [ 3278104.189800001680851, 3603323.950199998915195 ], [ 3278046.988200001418591, 3603317.8733000010252 ], [ 3278038.105599999427795, 3603316.590799998492002 ], [ 3278031.845299996435642, 3603315.686799999326468 ], [ 3278026.862800002098083, 3603314.91499999910593 ], [ 3277967.947999998927116, 3603319.116399999707937 ], [ 3277958.240599997341633, 3603321.009199999272823 ], [ 3277945.097099997103214, 3603323.57209999859333 ], [ 3277938.211499996483326, 3603323.289599999785423 ], [ 3277931.696000002324581, 3603323.057399999350309 ], [ 3277835.905199997127056, 3603303.743999999016523 ], [ 3277730.480700001120567, 3603282.937699999660254 ], [ 3277626.185000002384186, 3603259.754999998956919 ], [ 3277621.668399997055531, 3603259.153599999845028 ], [ 3277617.151699997484684, 3603258.552200000733137 ], [ 3277579.876299999654293, 3603248.13740000128746 ], [ 3277525.31700000166893, 3603232.893100000917912 ], [ 3277523.056400001049042, 3603233.159699998795986 ], [ 3277508.388999998569489, 3603234.888799998909235 ], [ 3277502.897900000214577, 3603235.488000001758337 ], [ 3277501.588100001215935, 3603233.038100000470877 ], [ 3277496.351000003516674, 3603223.24210000038147 ], [ 3277449.855999998748302, 3603285.596500001847744 ], [ 3277390.953299999237061, 3603364.593899998813868 ], [ 3277293.60249999910593, 3603652.121599998325109 ], [ 3277320.630500003695488, 3603740.239999998360872 ], [ 3277315.17230000346899, 3603809.639800000935793 ], [ 3277331.113099999725819, 3603884.416299998760223 ], [ 3277324.073600001633167, 3603896.7347999997437 ], [ 3277317.034100003540516, 3603909.053199999034405 ], [ 3277355.712600000202656, 3603997.970199998468161 ], [ 3277358.047499999403954, 3604003.318199999630451 ], [ 3277366.423900000751019, 3604004.177099999040365 ], [ 3277383.472000002861023, 3604005.92509999871254 ], [ 3277407.546499997377396, 3604119.42509999871254 ], [ 3277421.460100002586842, 3604296.963300000876188 ], [ 3277389.370399996638298, 3604392.653099998831749 ], [ 3277389.106100000441074, 3604396.878899998962879 ], [ 3277388.84179999679327, 3604401.105000000447035 ], [ 3277374.421700000762939, 3604448.282900001853704 ], [ 3277371.788999997079372, 3604450.919100001454353 ], [ 3277369.156300000846386, 3604453.555500000715256 ], [ 3277336.342200003564358, 3604525.024000000208616 ], [ 3277320.293999999761581, 3604559.976700000464916 ], [ 3277316.190700002014637, 3604567.152499999850988 ], [ 3277312.087099999189377, 3604574.328899998217821 ], [ 3277310.157799996435642, 3604651.663199998438358 ], [ 3277307.595499999821186, 3604754.368200000375509 ], [ 3277303.630300000309944, 3604755.167500000447035 ], [ 3277302.417400002479553, 3604760.093899998813868 ], [ 3277298.452500000596046, 3604776.197599999606609 ], [ 3277283.459399998188019, 3604858.169100001454353 ], [ 3277275.962600000202656, 3604899.155200000852346 ], [ 3277274.149400003254414, 3604904.628400001674891 ], [ 3277272.336099997162819, 3604910.101799998432398 ], [ 3277265.042499996721745, 3605032.400400001555681 ], [ 3277290.382500000298023, 3605115.030000001192093 ], [ 3277291.779100000858307, 3605119.603700000792742 ], [ 3277282.72240000218153, 3605130.918299999088049 ], [ 3277277.785300001502037, 3605137.086199998855591 ], [ 3277274.219300001859665, 3605141.505199998617172 ], [ 3277273.187700003385544, 3605161.3246 ], [ 3277269.976800002157688, 3605223.011700000613928 ], [ 3277276.091399997472763, 3605257.662599999457598 ], [ 3277275.528499998152256, 3605279.549499999731779 ], [ 3277275.2787000015378, 3605289.2643 ], [ 3277274.250100001692772, 3605296.251499999314547 ], [ 3277272.925800003111362, 3605305.032800000160933 ], [ 3277326.489, 3605395.092000000178814 ], [ 3277345.812799997627735, 3605538.08839999884367 ], [ 3277359.133699998259544, 3605588.160199999809265 ], [ 3277367.282300002872944, 3605618.789799999445677 ], [ 3277405.133500002324581, 3605693.38289999961853 ], [ 3277403.82379999756813, 3605693.760299999266863 ], [ 3277402.98139999806881, 3605694.003100000321865 ], [ 3277410.51410000026226, 3605708.69819999858737 ], [ 3277417.1118, 3605721.569200001657009 ], [ 3277401.7179000005126, 3605841.74269999936223 ], [ 3277433.921700000762939, 3605897.296999998390675 ], [ 3277462.347599998116493, 3605946.334600001573563 ], [ 3277545.198700003325939, 3606088.265599999576807 ], [ 3277501.950199998915195, 3606189.040399998426437 ], [ 3277516.851199999451637, 3606213.964200001209974 ], [ 3277540.191100001335144, 3606253.002599999308586 ], [ 3277590.609999999403954, 3606207.702500000596046 ], [ 3277634.035499997437, 3606284.89809999987483 ], [ 3277677.45099999755621, 3606362.094000000506639 ], [ 3277724.740599997341633, 3606458.611099999397993 ], [ 3277819.719700001180172, 3606648.178800001740456 ], [ 3277824.007600001990795, 3606671.704700000584126 ], [ 3277830.241700001060963, 3606705.907999999821186 ], [ 3277841.053900003433228, 3607029.723499998450279 ], [ 3277878.120700001716614, 3607155.550200000405312 ], [ 3277934.057700000703335, 3607355.593699999153614 ], [ 3277965.759300000965595, 3607482.556200001388788 ], [ 3277991.127599999308586, 3607630.208299998193979 ], [ 3278027.814099997282028, 3607843.7364999987185 ], [ 3277993.673799999058247, 3607939.150800000876188 ], [ 3277930.532799996435642, 3608052.125399999320507 ], [ 3277843.32940000295639, 3608132.35249999910593 ], [ 3277711.283600002527237, 3608260.595199998468161 ], [ 3277507.13120000064373, 3608463.69819999858737 ], [ 3277368.419200003147125, 3608736.243700001388788 ], [ 3277298.576099999248981, 3609025.975400000810623 ], [ 3277002.960299998521805, 3609161.390799999237061 ], [ 3276960.645999997854233, 3609229.003400001674891 ], [ 3276872.426399998366833, 3609358.936299998313189 ], [ 3276374.884199999272823, 3609603.950399998575449 ], [ 3276147.164300002157688, 3609710.609999999403954 ], [ 3276020.163599997758865, 3609770.0945999994874 ], [ 3275540.306000001728535, 3610014.1195 ], [ 3275229.629000000655651, 3610155.875100001692772 ], [ 3274965.339100003242493, 3610166.454 ], [ 3274953.435199998319149, 3610128.934099998325109 ], [ 3274699.521300002932549, 3610141.177499998360872 ], [ 3274606.410800002515316, 3610144.352400001138449 ], [ 3274513.300599999725819, 3610147.537300001829863 ], [ 3274516.757299996912479, 3610199.080299999564886 ], [ 3274467.379100002348423, 3610209.366799999028444 ], [ 3274504.711900003254414, 3610294.703499998897314 ], [ 3274504.774300001561642, 3610294.846200000494719 ], [ 3274503.054099999368191, 3610296.443599998950958 ], [ 3274411.847300000488758, 3610381.137699998915195 ], [ 3274373.317299999296665, 3610358.149500001221895 ], [ 3274347.455899998545647, 3610399.225900001823902 ], [ 3274336.762999996542931, 3610471.829599998891354 ], [ 3274304.3213, 3610710.801199998706579 ], [ 3274237.854800000786781, 3610770.337200000882149 ], [ 3274131.527900002896786, 3610858.69649999961257 ], [ 3274108.142499998211861, 3610882.51410000026226 ], [ 3274101.703299999237061, 3610939.905600000172853 ], [ 3274087.779899999499321, 3611005.050700001418591 ], [ 3274085.783600002527237, 3611017.873700000345707 ], [ 3274081.835799999535084, 3611043.232900001108646 ], [ 3274077.687899999320507, 3611068.035999998450279 ], [ 3274055.982900001108646, 3611086.35359999909997 ], [ 3274051.350699998438358, 3611092.055500000715256 ], [ 3274005.971799999475479, 3611147.913699999451637 ], [ 3273969.160899996757507, 3611207.826099999248981 ], [ 3273957.697899997234344, 3611282.689800001680851 ], [ 3273953.160599999129772, 3611308.333299998193979 ], [ 3273945.840800002217293, 3611349.703400000929832 ], [ 3273896.5176, 3611454.032299999147654 ], [ 3273863.37780000269413, 3611508.831500001251698 ], [ 3273819.527000002563, 3611575.497400000691414 ], [ 3273786.995399996638298, 3611613.049499999731779 ], [ 3273726.470899999141693, 3611612.676300000399351 ], [ 3273680.063699997961521, 3611599.777100000530481 ], [ 3273659.457699999213219, 3611600.819200001657009 ], [ 3273645.114600002765656, 3611608.920000001788139 ], [ 3273634.27139999717474, 3611657.186500001698732 ], [ 3273632.975500002503395, 3611670.536800000816584 ], [ 3273610.679399996995926, 3611677.079199999570847 ], [ 3273589.582500003278255, 3611678.139800000935793 ], [ 3273397.89580000191927, 3611710.473700001835823 ], [ 3273381.974899999797344, 3611726.528299998492002 ], [ 3273343.173900000751019, 3611747.190999999642372 ], [ 3273334.037900000810623, 3611760.935100000351667 ], [ 3273324.086599998176098, 3611788.001600001007318 ], [ 3273311.666799999773502, 3611843.730200000107288 ], [ 3273297.894100002944469, 3611872.956000000238419 ], [ 3273292.347000002861023, 3611909.146800000220537 ], [ 3273293.492600001394749, 3611931.714999999850988 ], [ 3273314.395099997520447, 3611987.277699999511242 ], [ 3273324.183200001716614, 3612013.29619999974966 ], [ 3273321.826700001955032, 3612083.273899998515844 ], [ 3273312.571000002324581, 3612108.876899998635054 ], [ 3273307.154899999499321, 3612123.858899999409914 ], [ 3273280.905699998140335, 3612168.969999998807907 ], [ 3273270.334899999201298, 3612222.63289999961853 ], [ 3273271.781400002539158, 3612251.098200000822544 ], [ 3273271.161499999463558, 3612277.684999998658895 ], [ 3273252.994699999690056, 3612297.795800000429153 ], [ 3273229.703199997544289, 3612323.5658 ], [ 3273171.331500001251698, 3612356.035700000822544 ], [ 3273127.835900001227856, 3612361.686299998313189 ], [ 3273102.22749999910593, 3612370.850600000470877 ], [ 3273091.692299999296665, 3612395.982500001788139 ], [ 3273082.417300000786781, 3612436.295099999755621 ], [ 3273084.906000003218651, 3612485.366099998354912 ], [ 3273079.753200002014637, 3612529.406500000506639 ], [ 3273065.783399999141693, 3612554.707100000232458 ], [ 3273036.905599996447563, 3612586.674699999392033 ], [ 3273009.585699997842312, 3612610.679499998688698 ], [ 3273004.09570000320673, 3612608.9989 ], [ 3272997.428300000727177, 3612594.081000000238419 ], [ 3272999.748099997639656, 3612561.993700001388788 ], [ 3272978.165200002491474, 3612543.892499998211861 ], [ 3272963.1537000015378, 3612548.597300000488758 ], [ 3272955.550399996340275, 3612582.918600000441074 ], [ 3272952.066500000655651, 3612630.808800000697374 ], [ 3272928.531599998474121, 3612690.543999999761581 ], [ 3272884.456299997866154, 3612752.793600000441074 ], [ 3272853.615900002419949, 3612784.854699999094009 ], [ 3272854.7516999989748, 3612807.423099998384714 ], [ 3272857.061499997973442, 3612853.049899999052286 ], [ 3272871.923100002110004, 3612884.27309999987483 ], [ 3272863.428300000727177, 3612939.803800001740456 ], [ 3272801.927799999713898, 3612998.010800000280142 ], [ 3272750.754199996590614, 3613036.51069999858737 ], [ 3272733.676600001752377, 3613039.346799999475479 ], [ 3272713.737499997019768, 3613053.635499998927116 ], [ 3272707.824600003659725, 3613082.466299999505281 ], [ 3272716.677100002765656, 3613150.398400001227856 ], [ 3272732.498400002717972, 3613229.776399999856949 ], [ 3272725.8882, 3613254.710900001227856 ], [ 3272707.6206, 3613263.008600000292063 ], [ 3272698.371799997985363, 3613274.8004 ], [ 3272711.29900000244379, 3613306.607500001788139 ], [ 3272735.803800001740456, 3613333.898499999195337 ], [ 3272745.686200000345707, 3613348.5304000005126 ], [ 3272766.644000001251698, 3613379.560499999672174 ], [ 3272786.629900000989437, 3613405.114599999040365 ], [ 3272797.294200003147125, 3613431.138099998235703 ], [ 3272794.733499996364117, 3613448.487799998372793 ], [ 3272777.411700002849102, 3613485.269099999219179 ], [ 3272765.028999999165535, 3613503.116799999028444 ], [ 3272764.01519999653101, 3613521.863200001418591 ], [ 3272774.310599997639656, 3613550.3581000007689 ], [ 3272782.514899998903275, 3613566.672899998724461 ], [ 3272802.897699996829033, 3613590.236000001430511 ], [ 3272810.923000000417233, 3613603.106899999082088 ], [ 3272824.366700001060963, 3613606.36540000140667 ], [ 3272847.037900000810623, 3613607.182100001722574 ], [ 3272886.683499999344349, 3613603.210499998182058 ], [ 3272911.514499999582767, 3613607.8585 ], [ 3272963.392399996519089, 3613621.957100000232458 ], [ 3273001.856600001454353, 3613623.938400000333786 ], [ 3273045.1338, 3613623.723000001162291 ], [ 3273101.753499999642372, 3613614.953200001269579 ], [ 3273142.562700003385544, 3613634.030600000172853 ], [ 3273185.513599999248981, 3613656.458200000226498 ], [ 3273211.844499997794628, 3613700.383099999278784 ], [ 3273216.620999999344349, 3613726.697200000286102 ], [ 3273227.247599996626377, 3613754.277800001204014 ], [ 3273240.975000001490116, 3613789.906199999153614 ], [ 3273244.280100002884865, 3613816.30519999936223 ], [ 3273251.413500003516674, 3613850.375500001013279 ], [ 3273260.305200003087521, 3613870.587000001221895 ], [ 3273285.408399999141693, 3613880.631799999624491 ], [ 3273286.393899999558926, 3613880.816300000995398 ], [ 3273310.23929999768734, 3613885.280000001192093 ], [ 3273321.67339999973774, 3613887.65089999884367 ], [ 3273326.4966000020504, 3613961.544300001114607 ], [ 3273330.442199997603893, 3614021.993099998682737 ], [ 3273335.920800000429153, 3614130.131400000303984 ], [ 3273337.924699999392033, 3614169.684799998998642 ], [ 3273351.208700001239777, 3614169.7544 ], [ 3273364.492499999701977, 3614169.8141999989748 ], [ 3273415.450099997222424, 3614165.76069999858737 ], [ 3273483.644199997186661, 3614162.30629999935627 ], [ 3273544.270499996840954, 3614164.642299998551607 ], [ 3273599.997900001704693, 3614177.072500001639128 ], [ 3273642.741300001740456, 3614195.565999999642372 ], [ 3273662.210699997842312, 3614210.817299999296665 ], [ 3273672.695000000298023, 3614311.129200000315905 ], [ 3273674.365500003099442, 3614382.8607 ], [ 3273678.167900003492832, 3614419.071800000965595 ], [ 3273680.871899999678135, 3614433.69649999961257 ], [ 3273696.953699998557568, 3614450.097800001502037 ], [ 3273718.32880000025034, 3614464.264800000935793 ], [ 3273756.884800001978874, 3614477.558299999684095 ], [ 3273783.649800002574921, 3614481.622600000351667 ], [ 3273796.727200001478195, 3614477.512200001627207 ], [ 3273825.605499997735023, 3614445.555399999022484 ], [ 3273836.223099999129772, 3614431.736299999058247 ], [ 3273857.215599998831749, 3614428.704 ], [ 3273884.187399998307228, 3614436.68299999833107 ], [ 3273907.346100002527237, 3614447.3125 ], [ 3273917.594499997794628, 3614474.836100000888109 ], [ 3273952.340800002217293, 3614480.949299998581409 ], [ 3274013.361400000751019, 3614491.145300000905991 ], [ 3274068.89130000025034, 3614499.641100000590086 ], [ 3274240.614399999380112, 3614558.831900000572205 ], [ 3274273.452200002968311, 3614575.870400000363588 ], [ 3274283.937299996614456, 3614598.459899999201298 ], [ 3274294.704499997198582, 3614626.445700000971556 ], [ 3274298.901399999856949, 3614631.645300000905991 ], [ 3274320.521099999547005, 3614611.8574 ], [ 3274329.082699999213219, 3614596.169399999082088 ], [ 3274346.526199996471405, 3614600.7029 ], [ 3274424.37780000269413, 3614647.412099998444319 ], [ 3274463.713500000536442, 3614671.012600000947714 ], [ 3274530.151299998164177, 3614710.448300000280142 ], [ 3274560.330899998545647, 3614752.704700000584126 ], [ 3274613.51410000026226, 3614821.827399998903275 ], [ 3274639.732500001788139, 3614892.811200000345707 ], [ 3274665.754000000655651, 3614959.870099999010563 ], [ 3274703.434600003063679, 3615033.715399999171495 ], [ 3274727.984099999070168, 3615100.849300000816584 ], [ 3274751.273599997162819, 3615152.802799999713898 ], [ 3274755.272200003266335, 3615192.928899999707937 ], [ 3274776.320299997925758, 3615229.748700000345707 ], [ 3274787.856600001454353, 3615272.943199999630451 ], [ 3274801.523699998855591, 3615319.468699999153614 ], [ 3274816.412299998104572, 3615351.182399999350309 ], [ 3274831.3662, 3615384.368200000375509 ], [ 3274847.916900001466274, 3615410.091299999505281 ], [ 3274893.107699997723103, 3615447.653400000184774 ], [ 3274920.94200000166893, 3615472.804200001060963 ], [ 3274948.410700000822544, 3615490.595600001513958 ], [ 3274981.663400001823902, 3615506.134300000965595 ], [ 3275012.653200000524521, 3615515.8794 ], [ 3275049.648599997162819, 3615508.105999998748302 ], [ 3275062.322200000286102, 3615496.14640000090003 ], [ 3275093.218500003218651, 3615503.928899999707937 ], [ 3275123.145400002598763, 3615502.418499998748302 ], [ 3275157.146999999880791, 3615503.644999999552965 ], [ 3275190.156099997460842, 3615514.277499999850988 ], [ 3275211.345499999821186, 3615515.170499999076128 ], [ 3275235.161300003528595, 3615538.555700000375509 ], [ 3275256.911799997091293, 3615560.09180000051856 ], [ 3275268.611299999058247, 3615567.427299998700619 ], [ 3275282.314400002360344, 3615576.014600001275539 ], [ 3275305.476199999451637, 3615576.813700001686811 ], [ 3275361.520300000905991, 3615566.602800000458956 ], [ 3275382.522600002586842, 3615563.570599999278784 ], [ 3275534.784599997103214, 3615539.630699999630451 ], [ 3275613.879900000989437, 3615488.894600000232458 ], [ 3275681.931999996304512, 3615453.477800000458956 ], [ 3275761.481700003147125, 3615431.253600001335144 ], [ 3275841.943999998271465, 3615417.341499999165535 ], [ 3275905.949600003659725, 3615379.668499998748302 ], [ 3275913.685599997639656, 3615347.790899999439716 ], [ 3275919.698299996554852, 3615272.230900000780821 ], [ 3275968.893799997866154, 3615194.474899999797344 ], [ 3275994.679300002753735, 3615159.725400000810623 ], [ 3276023.873599998652935, 3615114.466099999845028 ], [ 3276083.32880000025034, 3615054.884300000965595 ], [ 3276103.820900000631809, 3615022.368999999016523 ], [ 3276166.737199999392033, 3615001.970499999821186 ], [ 3276188.3191, 3614952.180500000715256 ], [ 3276210.816699996590614, 3614900.8618 ], [ 3276230.489399999380112, 3614861.987100001424551 ], [ 3276268.445100001990795, 3614863.517200000584126 ], [ 3276333.220499999821186, 3614841.052999999374151 ], [ 3276383.213899999856949, 3614778.995999999344349 ], [ 3276412.727700002491474, 3614740.124400001019239 ], [ 3276447.220600001513958, 3614741.332699999213219 ], [ 3276508.498400002717972, 3614776.107900001108646 ], [ 3276548.900100000202656, 3614767.666000001132488 ], [ 3276562.695600003004074, 3614729.0912000015378 ], [ 3276608.584600001573563, 3614694.0614 ], [ 3276611.002599999308586, 3614692.215599998831749 ], [ 3276620.73480000346899, 3614641.54450000077486 ], [ 3276644.349299997091293, 3614612.312899999320507 ], [ 3276709.125100001692772, 3614589.848799999803305 ], [ 3276738.638599999248981, 3614550.967300001531839 ], [ 3276754.750600002706051, 3614529.008000001311302 ], [ 3276806.151600003242493, 3614494.925799999386072 ], [ 3276879.160899996757507, 3614450.395899999886751 ], [ 3276913.617799997329712, 3614382.739900000393391 ], [ 3276924.137800000607967, 3614347.768399998545647 ], [ 3276948.840400002896786, 3614340.1239 ], [ 3277037.317500002682209, 3614348.443 ], [ 3277118.91950000077486, 3614347.2685999982059 ], [ 3277174.699400000274181, 3614341.492199998348951 ], [ 3277241.018899999558926, 3614343.325300000607967 ], [ 3277256.469899997115135, 3614343.752399999648333 ], [ 3277270.7346, 3614314.499200001358986 ], [ 3277266.832099996507168, 3614237.463100001215935 ], [ 3277257.901799999177456, 3614188.78319999948144 ], [ 3277228.11710000038147, 3614026.42339999973774 ], [ 3277234.292700000107288, 3613847.05009999871254 ], [ 3277268.102600000798702, 3613766.637600000947714 ], [ 3277308.146799996495247, 3613692.793400000780821 ], [ 3277334.698600001633167, 3613653.570900000631809 ], [ 3277384.920100003480911, 3613654.472300000488758 ], [ 3277429.624799996614456, 3613614.330400001257658 ], [ 3277451.055399999022484, 3613600.458200000226498 ], [ 3277476.076999999582767, 3613599.1919 ], [ 3277496.165399998426437, 3613626.709800001233816 ], [ 3277529.15990000218153, 3613656.52419999986887 ], [ 3277557.2753000035882, 3613658.0515 ], [ 3277585.402800001204014, 3613650.238800000399351 ], [ 3277600.633599996566772, 3613640.1195 ], [ 3277609.017399996519089, 3613620.997099999338388 ], [ 3277594.816699996590614, 3613593.188700001686811 ], [ 3277542.888300001621246, 3613558.434099998325109 ], [ 3277545.675200000405312, 3613545.499699998646975 ], [ 3277567.262599997222424, 3613544.411800000816584 ], [ 3277601.465300001204014, 3613539.722800001502037 ], [ 3277626.336800001561642, 3613535.512899998575449 ], [ 3277622.745800003409386, 3613522.907000001519918 ], [ 3277581.405599996447563, 3613512.7051 ], [ 3277564.908100001513958, 3613497.793000001460314 ], [ 3277561.167000003159046, 3613482.2434 ], [ 3277563.313199996948242, 3613466.3935999982059 ], [ 3277585.250799998641014, 3613462.333399999886751 ], [ 3277617.7483000010252, 3613482.335400000214577 ], [ 3277664.560500003397465, 3613493.737199999392033 ], [ 3277671.678099997341633, 3613449.593199998140335 ], [ 3277713.770300000905991, 3613406.639499999582767 ], [ 3277730.181400001049042, 3613361.536100000143051 ], [ 3277770.762500002980232, 3613356.528499998152256 ], [ 3277786.589199997484684, 3613353.901599999517202 ], [ 3277851.7368, 3613343.089000001549721 ], [ 3277878.267300002276897, 3613313.216499999165535 ], [ 3277872.414399996399879, 3613197.419799998402596 ], [ 3277880.423900000751019, 3613103.054099999368191 ], [ 3277880.139899998903275, 3612980.58839999884367 ], [ 3277898.737499997019768, 3612910.775400001555681 ], [ 3277954.052599996328354, 3612885.835900001227856 ], [ 3278062.055200003087521, 3612852.336100000888109 ], [ 3278119.517099998891354, 3612811.556400001049042 ], [ 3278197.171599999070168, 3612732.363299999386072 ], [ 3278279.674099996685982, 3612690.808200001716614 ], [ 3278362.599299997091293, 3612686.605599999427795 ], [ 3278673.584899999201298, 3612630.051399998366833 ], [ 3278804.782600000500679, 3612617.514400001615286 ], [ 3278997.6272, 3612705.167899999767542 ], [ 3279015.659000001847744, 3612760.330699998885393 ], [ 3279066.417400002479553, 3612830.080299999564886 ], [ 3279180.79389999806881, 3612873.978900000452995 ], [ 3279473.056500002741814, 3612953.153999999165535 ], [ 3279644.574100002646446, 3612988.749000001698732 ], [ 3279755.9983000010252, 3613149.387200001627207 ], [ 3279940.284999996423721, 3613262.562300000339746 ], [ 3279896.450000002980232, 3613434.88910000026226 ], [ 3279876.784199997782707, 3613512.200199998915195 ], [ 3279859.032600000500679, 3613581.986400000751019 ], [ 3279849.199600003659725, 3613883.533700000494719 ], [ 3279855.134300000965595, 3614059.336800001561642 ], [ 3279894.925200000405312, 3614223.592599999159575 ], [ 3279943.67790000140667, 3614506.929200001060963 ], [ 3279938.230899997055531, 3614726.749299999326468 ], [ 3279937.368199996650219, 3614761.564899999648333 ], [ 3279942.846900001168251, 3614762.040699999779463 ], [ 3280077.571599997580051, 3614773.739700000733137 ], [ 3280098.445200003683567, 3614775.552299998700619 ], [ 3280269.96000000089407, 3614694.572599999606609 ], [ 3280328.850000001490116, 3614639.9485 ], [ 3280359.703599996864796, 3614611.329900000244379 ], [ 3280411.396700002253056, 3614699.723600000143051 ], [ 3280509.453199997544289, 3614837.80460000038147 ], [ 3280512.557599999010563, 3614842.176199998706579 ], [ 3280572.306599996984005, 3614905.070000000298023 ], [ 3280658.136900000274181, 3614929.261399999260902 ], [ 3280670.496399998664856, 3614931.442699998617172 ], [ 3280699.327200002968311, 3614936.530999999493361 ], [ 3280835.829199999570847, 3614970.457100000232458 ], [ 3281019.430799998342991, 3615002.002999998629093 ], [ 3281078.795999996364117, 3614999.004200000315905 ], [ 3281198.951499998569489, 3615020.971500001847744 ], [ 3281310.338500000536442, 3615025.179499998688698 ], [ 3281405.5757, 3614992.32209999859333 ], [ 3281498.765000000596046, 3614908.91160000115633 ], [ 3281549.094099998474121, 3614843.894000001251698 ], [ 3281665.168700002133846, 3614853.27419999986887 ], [ 3281809.958700001239777, 3614917.472699999809265 ], [ 3281881.400100000202656, 3614949.149099998176098 ], [ 3281926.944499999284744, 3614961.879000000655651 ], [ 3281986.707500003278255, 3614953.763399999588728 ], [ 3282057.11259999871254, 3614922.2331000007689 ], [ 3282091.934900000691414, 3614884.844000000506639 ], [ 3282102.433200001716614, 3614864.758099999278784 ], [ 3282104.986000001430511, 3614859.8739 ], [ 3282133.951499998569489, 3614824.1206 ], [ 3282223.173600003123283, 3614763.038400001823902 ], [ 3282310.07769999653101, 3614689.715199999511242 ], [ 3282361.498499996960163, 3614630.7027000002563 ], [ 3282395.425899997353554, 3614630.70549999922514 ], [ 3282401.481700003147125, 3614632.400400001555681 ], [ 3282506.973899997770786, 3614661.924800001084805 ], [ 3282614.029899999499321, 3614690.815999999642372 ], [ 3282692.504900000989437, 3614717.566599998623133 ], [ 3282832.385499998927116, 3614776.497299998998642 ], [ 3282907.566600002348423, 3614825.47239999845624 ], [ 3282913.545999996364117, 3614862.675000000745058 ], [ 3282936.302000001072884, 3614918.575100000947714 ], [ 3283013.405199997127056, 3615054.258200000971556 ], [ 3283016.593800000846386, 3615059.86939999833703 ], [ 3283015.986299999058247, 3615079.175299998372793 ], [ 3283014.7971, 3615116.967399999499321 ], [ 3282990.083700001239777, 3615181.120099999010563 ], [ 3282996.898699998855591, 3615230.098400000482798 ], [ 3282997.584200002253056, 3615288.105799999088049 ], [ 3282990.213799998164177, 3615339.465199999511242 ], [ 3282976.407399997115135, 3615457.888599999248981 ], [ 3282982.891099996864796, 3615546.714699998497963 ], [ 3282993.560599997639656, 3615609.842399999499321 ], [ 3283014.098499998450279, 3615656.957899998873472 ], [ 3283051.295199997723103, 3615702.110399998724461 ], [ 3283089.091300003230572, 3615751.182700000703335 ], [ 3283113.055600002408028, 3615814.921700000762939 ], [ 3283102.981600001454353, 3615891.923500001430511 ], [ 3283026.847000002861023, 3615929.527199998497963 ], [ 3283009.446599997580051, 3615974.283100001513958 ], [ 3282987.475599996745586, 3616082.119600001722574 ], [ 3282971.387299999594688, 3616189.7939000017941 ], [ 3282932.135200001299381, 3616329.600999999791384 ], [ 3282937.983199998736382, 3616498.592599999159575 ], [ 3282941.97860000282526, 3616552.080400001257658 ], [ 3282960.932700000703335, 3616698.085900001227856 ], [ 3282955.475299999117851, 3616799.058400001376867 ], [ 3282944.139600001275539, 3616849.543600000441074 ], [ 3282898.66669999808073, 3616909.864199999719858 ], [ 3282833.916000001132488, 3616966.799699999392033 ], [ 3282828.860200002789497, 3616969.083599999547005 ], [ 3282723.717500001192093, 3617016.683299999684095 ], [ 3282683.076899997889996, 3617039.985800001770258 ], [ 3282669.917000003159046, 3617061.017000000923872 ], [ 3282665.423199996352196, 3617075.902800001204014 ], [ 3282658.456799998879433, 3617089.86879999935627 ], [ 3282648.9529, 3617101.452799998223782 ], [ 3282638.003300003707409, 3617114.064399998635054 ], [ 3282631.409599997103214, 3617124.083999998867512 ], [ 3282622.4695999994874, 3617138.114399999380112 ], [ 3282613.511100001633167, 3617151.653900001198053 ], [ 3282612.364200003445148, 3617162.99269999936223 ], [ 3282614.263099998235703, 3617177.687399998307228 ], [ 3282620.964199997484684, 3617188.318500000983477 ], [ 3282624.965000003576279, 3617190.665199998766184 ], [ 3282628.375, 3617189.583500001579523 ], [ 3282654.782499998807907, 3617184.393500000238419 ], [ 3282663.957900002598763, 3617178.720400001853704 ], [ 3282700.652000002563, 3617155.045299999415874 ], [ 3282769.438799999654293, 3617147.437699999660254 ], [ 3282790.849500000476837, 3617145.06980000063777 ], [ 3282798.637500002980232, 3617146.532000001519918 ], [ 3282807.908500000834465, 3617148.272700000554323 ], [ 3282824.967200003564358, 3617151.465900000184774 ], [ 3282881.500500001013279, 3617150.826499998569489 ], [ 3282961.549599997699261, 3617147.052299998700619 ], [ 3283011.963799998164177, 3617138.709199998527765 ], [ 3283044.91950000077486, 3617122.026700001209974 ], [ 3283036.767499998211861, 3617078.005300000309944 ], [ 3283037.501800000667572, 3617061.935400001704693 ], [ 3283038.882399998605251, 3617031.720400001853704 ], [ 3283048.5757, 3617027.011 ], [ 3283062.50900000333786, 3617051.283900000154972 ], [ 3283079.123999997973442, 3617080.228500001132488 ], [ 3283100.664899997413158, 3617093.870700001716614 ], [ 3283110.496100001037121, 3617076.867400001734495 ], [ 3283110.56360000371933, 3617044.904500000178814 ], [ 3283115.037399999797344, 3617025.081700000911951 ], [ 3283119.724899999797344, 3617004.312399998307228 ], [ 3283149.558799996972084, 3617015.745700001716614 ], [ 3283157.806999996304512, 3617018.384500000625849 ], [ 3283229.969099998474121, 3617041.47069999948144 ], [ 3283235.815700002014637, 3617039.825599998235703 ], [ 3283261.999200001358986, 3617009.565400000661612 ], [ 3283254.8015, 3616992.057500001043081 ], [ 3283253.008100003004074, 3616987.695000000298023 ], [ 3283235.569799996912479, 3616962.622499998658895 ], [ 3283209.357299998402596, 3616923.546 ], [ 3283181.42790000140667, 3616875.666499998420477 ], [ 3283182.868600003421307, 3616840.220899999141693 ], [ 3283203.413900002837181, 3616815.540399998426437 ], [ 3283211.388999998569489, 3616805.960099998861551 ], [ 3283247.101400002837181, 3616782.311900001019239 ], [ 3283338.125299997627735, 3616784.112700000405312 ], [ 3283358.420000001788139, 3616805.666700001806021 ], [ 3283389.087399996817112, 3616846.089899998158216 ], [ 3283425.449799999594688, 3616862.252500001341105 ], [ 3283539.644299998879433, 3616865.857200000435114 ], [ 3283647.170299999415874, 3616894.240699999034405 ], [ 3283692.303000003099442, 3616873.2668999992311 ], [ 3283715.579800002276897, 3616810.634199999272823 ], [ 3283708.387500002980232, 3616735.621899999678135 ], [ 3283705.752599999308586, 3616708.141600001603365 ], [ 3283668.503700003027916, 3616644.302200000733137 ], [ 3283654.923000000417233, 3616599.442200001329184 ], [ 3283685.852200001478195, 3616586.306400001049042 ], [ 3283688.442900002002716, 3616585.2060999982059 ], [ 3283682.656199999153614, 3616537.674199998378754 ], [ 3283680.51860000193119, 3616521.147599998861551 ], [ 3283652.300499998033047, 3616302.987500000745058 ], [ 3283616.675399996340275, 3616021.73200000077486 ], [ 3283604.034599997103214, 3615941.726100001484156 ], [ 3283542.731499999761581, 3615553.728100001811981 ], [ 3283541.706000000238419, 3615535.067800000309944 ], [ 3283483.103100001811981, 3615224.482099998742342 ], [ 3283466.398999996483326, 3615121.972199998795986 ], [ 3283463.400600001215935, 3615103.571600001305342 ], [ 3283475.627700001001358, 3615101.012600000947714 ], [ 3283501.530799999833107, 3615095.591400001198053 ], [ 3283606.638400003314018, 3615056.672800000756979 ], [ 3283851.105499997735023, 3615007.347300000488758 ], [ 3284021.103399999439716, 3614984.758900001645088 ], [ 3284124.064499996602535, 3614956.725900001823902 ], [ 3284218.978000000119209, 3614836.945500001311302 ], [ 3284277.340000003576279, 3614762.985100001096725 ], [ 3284324.646200001239777, 3614749.331900000572205 ], [ 3284602.554399996995926, 3614682.815000001341105 ], [ 3284907.632200002670288, 3614654.386999998241663 ], [ 3285197.086999997496605, 3614698.688700001686811 ], [ 3285395.21339999884367, 3614748.072700001299381 ], [ 3285457.092200003564358, 3614779.244100000709295 ], [ 3285538.609499998390675, 3614912.139600001275539 ], [ 3285545.930600002408028, 3614978.815600000321865 ], [ 3285502.175399996340275, 3615099.082600001245737 ], [ 3285512.967699997127056, 3615183.845499999821186 ], [ 3285587.2654, 3615527.429400000721216 ], [ 3285644.129000000655651, 3616002.657400000840425 ], [ 3285644.130500003695488, 3616002.696699999272823 ], [ 3285644.847300000488758, 3616008.6963 ], [ 3285656.950300000607967, 3616155.876299999654293 ], [ 3285697.608800001442432, 3616355.848799999803305 ], [ 3285788.127499997615814, 3616613.879599999636412 ], [ 3285828.048900000751019, 3616805.502999998629093 ], [ 3285883.791599996387959, 3617109.997900001704693 ], [ 3285896.290299996733665, 3617178.271899998188019 ], [ 3285894.113200001418591, 3617249.464899998158216 ], [ 3285884.625399999320507, 3617559.7212999984622 ], [ 3285957.067400000989437, 3617787.775100000202656 ], [ 3286009.562899999320507, 3617920.518800001591444 ], [ 3286137.1787, 3618117.4901 ], [ 3286266.241700001060963, 3618296.7212999984622 ], [ 3286343.222599998116493, 3618443.0168999992311 ], [ 3286521.813900001347065, 3618394.612100001424551 ], [ 3286699.856899999082088, 3618309.843699999153614 ], [ 3286890.428800001740456, 3618233.561299998313189 ], [ 3287004.842399999499321, 3618227.813200000673532 ], [ 3287103.368600003421307, 3618233.839200001209974 ], [ 3287339.199400000274181, 3618277.724500000476837 ], [ 3287625.655299998819828, 3618355.554999999701977 ], [ 3287928.5337999984622, 3618439.809500001370907 ], [ 3288263.080899998545647, 3618599.372299998998642 ], [ 3288508.105499997735023, 3618689.711599998176098 ], [ 3288662.281900003552437, 3618699.059399999678135 ], [ 3288826.937399998307228, 3618747.446699999272823 ], [ 3288917.187299996614456, 3618756.655900001525879 ], [ 3288997.249600000679493, 3618736.164200000464916 ], [ 3289061.980499997735023, 3618661.537799999117851 ], [ 3289146.769400000572205, 3618497.315999999642372 ], [ 3289267.625799998641014, 3618321.743299998342991 ], [ 3289263.884199999272823, 3618242.674600001424551 ], [ 3289347.1228, 3618212.753699999302626 ], [ 3289495.019599996507168, 3618157.374200001358986 ], [ 3289772.025799997150898, 3618059.441700000315905 ], [ 3289960.873800002038479, 3617991.575300000607967 ], [ 3289979.214199997484684, 3618048.095100000500679 ], [ 3290065.038500003516674, 3618245.776500001549721 ], [ 3290123.600100003182888, 3618298.684399999678135 ], [ 3290300.672499999403954, 3618420.479899998754263 ], [ 3290409.290200002491474, 3618487.192200001329184 ], [ 3290596.029200002551079, 3618654.448699999600649 ], [ 3290759.789499998092651, 3618860.711399998515844 ], [ 3290782.297899998724461, 3618942.684799998998642 ], [ 3290878.337600000202656, 3619153.844900000840425 ], [ 3290901.994999997317791, 3619310.028999999165535 ], [ 3290958.109200000762939, 3619449.551899999380112 ], [ 3291064.466899998486042, 3619625.995000001043081 ], [ 3291153.508299998939037, 3619764.568999998271465 ], [ 3291146.6216000020504, 3619867.541299998760223 ], [ 3291290.905900001525879, 3620046.338100001215935 ], [ 3291412.3081, 3620147.60020000115037 ], [ 3291418.867600001394749, 3620307.717199999839067 ], [ 3291425.879900000989437, 3620450.117600001394749 ], [ 3291427.089100003242493, 3620474.673000000417233 ], [ 3291408.890500001609325, 3620498.960200000554323 ], [ 3291322.413199998438358, 3620614.369800001382828 ], [ 3291266.151000000536442, 3620795.950899999588728 ], [ 3291259.382500000298023, 3620851.709800001233816 ], [ 3291293.813799999654293, 3620920.553399998694658 ], [ 3291334.510499998927116, 3620985.279100000858307 ], [ 3291373.20889999717474, 3621083.003199998289347 ], [ 3291373.777500003576279, 3621188.712999999523163 ], [ 3291395.906599998474121, 3621291.835499998182058 ], [ 3291408.97919999808073, 3621393.852099999785423 ], [ 3291418.075300000607967, 3621464.775199998170137 ], [ 3291392.798900000751019, 3621578.108199998736382 ], [ 3291350.380999997258186, 3621693.892000000923872 ], [ 3291366.9265, 3621756.356600001454353 ], [ 3291402.108000002801418, 3621800.103100001811981 ], [ 3291473.333099998533726, 3621849.204 ], [ 3291570.286200001835823, 3621886.252099998295307 ], [ 3291581.276699997484684, 3621887.586199998855591 ], [ 3291698.0878000035882, 3621901.765599999576807 ], [ 3291810.23139999806881, 3621834.146499998867512 ], [ 3291838.346699997782707, 3621837.271499998867512 ], [ 3291924.550300002098083, 3621877.091899998486042 ], [ 3292071.931100003421307, 3622009.567200001329184 ], [ 3292143.070200003683567, 3621911.1261 ], [ 3292185.593099996447563, 3621852.283599998801947 ] ], [ [ 3280417.667099997401237, 3606466.920200001448393 ], [ 3280461.095600001513958, 3606466.8277000002563 ], [ 3280729.98369999974966, 3606547.120299998670816 ], [ 3280741.790799997746944, 3606625.422800000756979 ], [ 3280742.758900001645088, 3606631.842999998480082 ], [ 3280756.73309999704361, 3606629.884500000625849 ], [ 3281003.3662, 3606595.3202 ], [ 3281296.568400003015995, 3606546.559599999338388 ], [ 3281391.540799997746944, 3606531.029599998146296 ], [ 3281462.3147, 3606520.667599998414516 ], [ 3281470.890000000596046, 3606519.410799998790026 ], [ 3281578.902300000190735, 3606530.074200000613928 ], [ 3281598.754000000655651, 3606613.911400001496077 ], [ 3281614.182300001382828, 3606679.067600000649691 ], [ 3281664.901199996471405, 3606869.422899998724461 ], [ 3281734.390000000596046, 3607079.404199998825788 ], [ 3281757.893500000238419, 3607195.293400000780821 ], [ 3281778.719700001180172, 3607208.782800000160933 ], [ 3281809.510600000619888, 3607228.726399999111891 ], [ 3281929.640900000929832, 3607335.444600000977516 ], [ 3282087.755400002002716, 3607480.415399998426437 ], [ 3282149.008299998939037, 3607592.269099999219179 ], [ 3282263.17400000244379, 3607816.703000001609325 ], [ 3282323.034199997782707, 3607948.262899998575449 ], [ 3282394.434199996292591, 3608071.129799999296665 ], [ 3282386.0962999984622, 3608081.348000001162291 ], [ 3282254.292199999094009, 3608242.874299999326468 ], [ 3282119.488300003111362, 3608412.500599998980761 ], [ 3281962.780100002884865, 3608538.4912 ], [ 3281788.154799997806549, 3608691.554000001400709 ], [ 3281686.587499998509884, 3608768.248100001364946 ], [ 3281627.545999996364117, 3608818.635099999606609 ], [ 3281578.451499998569489, 3608856.928399998694658 ], [ 3281509.690700002014637, 3608910.561799999326468 ], [ 3281478.697599999606609, 3608927.193 ], [ 3281419.874799996614456, 3608968.231600001454353 ], [ 3281244.419600002467632, 3609023.932500001043081 ], [ 3281075.6228, 3609071.586500000208616 ], [ 3280894.702600002288818, 3609125.478000000119209 ], [ 3280775.287799999117851, 3609162.858399998396635 ], [ 3280569.9331, 3609221.887499999254942 ], [ 3280519.187399998307228, 3609236.135899998247623 ], [ 3280417.065200001001358, 3609192.129999998956919 ], [ 3279877.270400002598763, 3608959.524900000542402 ], [ 3279438.534800000488758, 3608771.000799998641014 ], [ 3279150.630999997258186, 3608286.490600001066923 ], [ 3279015.027999997138977, 3608049.635000001639128 ], [ 3278983.8706, 3607995.212900001555681 ], [ 3278955.500900000333786, 3607948.621599998325109 ], [ 3278920.887100003659725, 3607891.775699999183416 ], [ 3278912.690399996936321, 3607556.084499999880791 ], [ 3278905.710600003600121, 3607313.817200001329184 ], [ 3278902.12950000166893, 3607189.481600001454353 ], [ 3279008.023800000548363, 3607075.27930000051856 ], [ 3279320.305399999022484, 3606766.745700001716614 ], [ 3279422.953100003302097, 3606693.457600001245737 ], [ 3279619.654799997806549, 3606572.699200000613928 ], [ 3279791.265600003302097, 3606468.901700001209974 ], [ 3280073.551899999380112, 3606467.653000000864267 ], [ 3280417.667099997401237, 3606466.920200001448393 ] ] ], [ [ [ 3269290.648599997162819, 3634256.48930000141263 ], [ 3269440.61599999666214, 3634255.781199999153614 ], [ 3269548.881399996578693, 3634257.172899998724461 ], [ 3269669.128200002014637, 3634223.045499999076128 ], [ 3269778.603000000119209, 3634189.96229999884963 ], [ 3270000.067400000989437, 3634105.459499999880791 ], [ 3270089.10980000346899, 3634076.840599998831749 ], [ 3270233.535700000822544, 3634034.609499998390675 ], [ 3270382.810400001704693, 3634020.1587999984622 ], [ 3270420.390500001609325, 3634022.403599999845028 ], [ 3270538.699400000274181, 3634029.470899999141693 ], [ 3270721.653499998152256, 3634058.562899999320507 ], [ 3270893.469999998807907, 3634081.331599999219179 ], [ 3270952.753200002014637, 3634081.765700001269579 ], [ 3270952.758900001645088, 3634081.770899999886751 ], [ 3270952.763300001621246, 3634081.775100000202656 ], [ 3271012.036799997091293, 3634082.209600001573563 ], [ 3271060.953000001609325, 3634086.621100001037121 ], [ 3271126.487000003457069, 3634069.531599998474121 ], [ 3271187.890299998223782, 3634048.71510000154376 ], [ 3271244.260399997234344, 3633986.83669999986887 ], [ 3271288.887000001966953, 3633926.048700001090765 ], [ 3271327.580899998545647, 3633864.579500000923872 ], [ 3271319.998400002717972, 3633714.956700000911951 ], [ 3271283.595200002193451, 3633549.581000000238419 ], [ 3271223.618900001049042, 3633326.875799998641014 ], [ 3271206.950499996542931, 3633240.665500000119209 ], [ 3271205.097800001502037, 3633135.999600000679493 ], [ 3271209.953000001609325, 3633057.06870000064373 ], [ 3271216.441399998962879, 3632971.648200001567602 ], [ 3271243.062700003385544, 3632875.86769999936223 ], [ 3271269.0471, 3632767.333599999547005 ], [ 3271303.11370000243187, 3632692.326299998909235 ], [ 3271338.749200001358986, 3632638.391800001263618 ], [ 3271408.657399997115135, 3632571.89469999819994 ], [ 3271482.027699999511242, 3632505.719399999827147 ], [ 3271610.470100000500679, 3632429.3739 ], [ 3271762.600400000810623, 3632286.903099998831749 ], [ 3271858.422200001776218, 3632188.106499999761581 ], [ 3271987.424199998378754, 3632045.33559999987483 ], [ 3271949.486100003123283, 3632014.798599999397993 ], [ 3271878.105200000107288, 3631935.785000000149012 ], [ 3271835.828699998557568, 3631902.275800000876188 ], [ 3271793.551899999380112, 3631868.756799999624491 ], [ 3271734.370899997651577, 3631807.320500001311302 ], [ 3271661.577600002288818, 3631749.040300000458956 ], [ 3271571.33219999819994, 3631695.574099998921156 ], [ 3271559.915500000119209, 3631645.0011 ], [ 3271547.190099999308586, 3631617.123199999332428 ], [ 3271473.093099996447563, 3631562.342099998146296 ], [ 3271459.293099999427795, 3631532.548599999397993 ], [ 3271441.887299999594688, 3631509.32880000025034 ], [ 3271438.810199998319149, 3631487.358899999409914 ], [ 3271427.971500001847744, 3631457.906199999153614 ], [ 3271342.487099997699261, 3631469.614 ], [ 3271260.270599998533726, 3631438.855700001120567 ], [ 3271216.949199996888638, 3631428.26799999922514 ], [ 3271174.558499999344349, 3631426.481499999761581 ], [ 3271101.762299999594688, 3631436.070799998939037 ], [ 3271036.157999999821186, 3631461.518800001591444 ], [ 3270962.353399999439716, 3631499.689399998635054 ], [ 3270708.159100003540516, 3631617.822799999266863 ], [ 3270667.228100001811981, 3631625.3092 ], [ 3270617.879699997603893, 3631641.575100000947714 ], [ 3270597.803599998354912, 3631652.925900001078844 ], [ 3270556.6824000030756, 3631724.848000001162291 ], [ 3270538.280900001525879, 3631749.8766999989748 ], [ 3270456.6283999979496, 3631788.440900001674891 ], [ 3270341.133199997246265, 3631819.373399998992682 ], [ 3270316.387699998915195, 3631830.959300000220537 ], [ 3270291.651600003242493, 3631842.544199999421835 ], [ 3270282.473099999129772, 3631874.980799999088049 ], [ 3270285.620200000703335, 3631917.608199998736382 ], [ 3270276.556900002062321, 3631942.658900000154972 ], [ 3270221.002499997615814, 3632020.726300001144409 ], [ 3270164.004000000655651, 3632070.334399998188019 ], [ 3270127.794399999082088, 3632093.3202 ], [ 3270097.621299996972084, 3632177.469900000840425 ], [ 3270052.907700002193451, 3632217.121100001037121 ], [ 3269918.169200003147125, 3632285.429400000721216 ], [ 3269897.689599998295307, 3632288.922499999403954 ], [ 3269886.863600000739098, 3632279.13740000128746 ], [ 3269830.381499998271465, 3632183.642799999564886 ], [ 3269783.708999998867512, 3632087.6415 ], [ 3269671.779500000178814, 3631965.434900000691414 ], [ 3269643.144100002944469, 3631924.582699999213219 ], [ 3269589.490199998021126, 3631865.338599998503923 ], [ 3269384.167900003492832, 3631705.562300000339746 ], [ 3269348.271799996495247, 3631657.218600001186132 ], [ 3269301.892099998891354, 3631557.265000000596046 ], [ 3269250.805299997329712, 3631391.536899998784065 ], [ 3269240.091099999845028, 3631356.7820999994874 ], [ 3269190.49040000140667, 3631173.875700000673532 ], [ 3269173.486699998378754, 3631129.489599999040365 ], [ 3269131.92119999974966, 3631046.997299998998642 ], [ 3268806.613899998366833, 3630548.040800001472235 ], [ 3268792.769500002264977, 3630536.934399999678135 ], [ 3268443.350000001490116, 3630435.621800001710653 ], [ 3268390.298299998044968, 3630407.817899998277426 ], [ 3268369.104599997401237, 3630368.07149999961257 ], [ 3268349.545400001108646, 3630282.981600001454353 ], [ 3268346.137000001966953, 3630225.610599998384714 ], [ 3268310.242799997329712, 3630167.428199999034405 ], [ 3268288.05120000243187, 3630117.8904 ], [ 3268262.156199999153614, 3630092.160100001841784 ], [ 3268205.773800000548363, 3630066.486900001764297 ], [ 3268189.401900000870228, 3630054.040699999779463 ], [ 3268182.049099996685982, 3630035.229699999094009 ], [ 3268172.001599997282028, 3629972.781300000846386 ], [ 3268164.508500002324581, 3629951.026900000870228 ], [ 3268147.917700000107288, 3629943.994899999350309 ], [ 3268096.536100000143051, 3629949.065200001001358 ], [ 3268088.059000000357628, 3629937.19649999961257 ], [ 3268086.405199997127056, 3629914.160700000822544 ], [ 3268072.451999999582767, 3629852.409800000488758 ], [ 3268052.592799998819828, 3629829.3125 ], [ 3268027.314599998295307, 3629786.82039999961853 ], [ 3268008.547799997031689, 3629736.6228 ], [ 3267977.446599997580051, 3629705.24040000140667 ], [ 3267954.2949, 3629578.541799999773502 ], [ 3267950.066200003027916, 3629485.305799998342991 ], [ 3267990.064099997282028, 3629439.991700001060963 ], [ 3268029.319799996912479, 3629418.815999999642372 ], [ 3268055.054999999701977, 3629412.106600001454353 ], [ 3268266.984700001776218, 3629304.469000000506639 ], [ 3268332.139600001275539, 3629299.204300001263618 ], [ 3268400.814900003373623, 3629285.8849 ], [ 3268478.973300002515316, 3629226.837499998509884 ], [ 3268500.312200002372265, 3629220.834399998188019 ], [ 3268550.48309999704361, 3629230.582699999213219 ], [ 3268619.527500003576279, 3629214.792199999094009 ], [ 3268654.81139999628067, 3629231.69649999961257 ], [ 3268692.826499998569489, 3629263.703600000590086 ], [ 3268724.132700003683567, 3629269.984999999403954 ], [ 3268771.784699998795986, 3629249.377900000661612 ], [ 3268800.267800003290176, 3629229.236999999731779 ], [ 3268881.474799998104572, 3629201.026700001209974 ], [ 3268963.129000000655651, 3629191.474899999797344 ], [ 3269016.378600001335144, 3629155.333599999547005 ], [ 3269079.712099999189377, 3629153.106300000101328 ], [ 3269100.260499998927116, 3629141.245400000363588 ], [ 3269120.748499996960163, 3629108.725999999791384 ], [ 3269119.700800001621246, 3629078.285399999469519 ], [ 3269127.969499997794628, 3629057.205200001597404 ], [ 3269197.547899998724461, 3628954.820000000298023 ], [ 3269224.590000003576279, 3628896.39979999884963 ], [ 3269245.737099997699261, 3628867.285900000482798 ], [ 3269253.879199996590614, 3628862.939599998295307 ], [ 3269276.887000001966953, 3628860.795499999076128 ], [ 3269371.083499997854233, 3628865.859400000423193 ], [ 3269406.844499997794628, 3628863.058299999684095 ], [ 3269439.188699997961521, 3628870.274000000208616 ], [ 3269493.254199996590614, 3628918.190200001001358 ], [ 3269524.67059999704361, 3628936.27250000089407 ], [ 3269619.623199999332428, 3628936.875199999660254 ], [ 3269672.772399999201298, 3628956.803199999034405 ], [ 3269694.859399996697903, 3628975.364599999040365 ], [ 3269714.971900001168251, 3629003.357599999755621 ], [ 3269731.354400001466274, 3629045.320700000971556 ], [ 3269754.109399996697903, 3629135.157499998807907 ], [ 3269766.604299999773502, 3629148.791900001466274 ], [ 3269788.937600001692772, 3629162.40989999845624 ], [ 3269861.401299998164177, 3629165.628699999302626 ], [ 3269882.665200002491474, 3629158.15430000051856 ], [ 3269934.585400000214577, 3629154.0472999997437 ], [ 3270001.177699998021126, 3629138.37950000166893 ], [ 3270112.961400002241135, 3629131.24269999936223 ], [ 3270188.442699998617172, 3629135.773400001227856 ], [ 3270214.965899996459484, 3629144.761500000953674 ], [ 3270263.978000000119209, 3629151.133900001645088 ], [ 3270288.9824, 3629159.2060999982059 ], [ 3270333.937899999320507, 3629231.203200001269579 ], [ 3270378.056699998676777, 3629325.366900000721216 ], [ 3270431.413699999451637, 3629407.7516999989748 ], [ 3270453.653899997472763, 3629419.417300000786781 ], [ 3270514.069200001657009, 3629427.660700000822544 ], [ 3270563.594499997794628, 3629453.682100001722574 ], [ 3270615.502899996936321, 3629458.923500001430511 ], [ 3270693.101899996399879, 3629447.117600001394749 ], [ 3270721.064900003373623, 3629435.86259999871254 ], [ 3270747.423799999058247, 3629393.214800000190735 ], [ 3270791.342600002884865, 3629366.890799999237061 ], [ 3270936.453699998557568, 3629357.576999999582767 ], [ 3271063.684299997985363, 3629334.900199998170137 ], [ 3271171.118500001728535, 3629329.451900001615286 ], [ 3271220.914899997413158, 3629331.853799998760223 ], [ 3271350.130000002682209, 3629358.258400000631809 ], [ 3271420.303900003433228, 3629384.210999999195337 ], [ 3271434.623599998652935, 3629414.47690000012517 ], [ 3271435.720799997448921, 3629436.059799998998642 ], [ 3271471.853000000119209, 3629547.352400001138449 ], [ 3271492.305699996650219, 3629572.384399998933077 ], [ 3271538.502499997615814, 3629591.1891999989748 ], [ 3271564.678800001740456, 3629593.310400001704693 ], [ 3271592.107600003480911, 3629600.770799998193979 ], [ 3271627.631800003349781, 3629602.903999999165535 ], [ 3271645.874700002372265, 3629603.947599999606609 ], [ 3271689.384900003671646, 3629588.962600000202656 ], [ 3271718.588100001215935, 3629563.3794 ], [ 3271846.380500003695488, 3629522.970400001853704 ], [ 3271939.596400000154972, 3629528.083700001239777 ], [ 3271969.274700000882149, 3629521.659499999135733 ], [ 3271991.145199999213219, 3629506.780999999493361 ], [ 3272003.470899999141693, 3629487.9662000015378 ], [ 3272048.088799998164177, 3629476.556699998676777 ], [ 3272120.97860000282526, 3629457.911100000143051 ], [ 3272224.959899999201298, 3629306.571100000292063 ], [ 3272352.092699997127056, 3629146.182 ], [ 3272343.440700002014637, 3629121.039900001138449 ], [ 3272343.553400002419949, 3629093.985599998384714 ], [ 3272358.456200003623962, 3629038.636700000613928 ], [ 3272452.174800001084805, 3628946.834600001573563 ], [ 3272607.994400002062321, 3628876.964800000190735 ], [ 3272689.060099996626377, 3628826.6266999989748 ], [ 3272719.910599999129772, 3628814.250999998301268 ], [ 3272726.499899998307228, 3628798.66950000077486 ], [ 3272688.189000003039837, 3628717.239700000733137 ], [ 3272649.877899996936321, 3628635.809999998658895 ], [ 3272538.206399999558926, 3628460.468699999153614 ], [ 3272480.912799999117851, 3628358.610199999064207 ], [ 3272460.665600001811981, 3628308.475600000470877 ], [ 3272459.793499998748302, 3628291.307100001722574 ], [ 3272540.025799997150898, 3628282.823600001633167 ], [ 3272608.288099996745586, 3628270.996300000697374 ], [ 3272613.82150000333786, 3628253.999600000679493 ], [ 3272594.776100002229214, 3628130.522300001233816 ], [ 3272553.056599996984005, 3627937.863600000739098 ], [ 3272520.2544, 3627824.437899999320507 ], [ 3272490.884499996900558, 3627807.722300000488758 ], [ 3272450.141800001263618, 3627809.29450000077486 ], [ 3272377.295100003480911, 3627788.8871 ], [ 3272294.568999998271465, 3627777.334199998527765 ], [ 3272269.925999999046326, 3627756.941500000655651 ], [ 3272230.22919999808073, 3627701.405099999159575 ], [ 3272190.415899999439716, 3627624.228700000792742 ], [ 3272143.154399998486042, 3627565.143399998545647 ], [ 3272024.936200000345707, 3627474.236900001764297 ], [ 3271921.42509999871254, 3627411.606699999421835 ], [ 3271809.893399998545647, 3627355.775699999183416 ], [ 3271796.205200001597404, 3627357.4507 ], [ 3271786.897900000214577, 3627377.597300000488758 ], [ 3271753.22070000320673, 3627411.763700000941753 ], [ 3271735.136, 3627414.154599998146296 ], [ 3271704.744800001382828, 3627406.35359999909997 ], [ 3271688.684500001370907, 3627390.444600000977516 ], [ 3271663.641199998557568, 3627352.364399999380112 ], [ 3271615.385899998247623, 3627302.664599999785423 ], [ 3271599.52589999884367, 3627280.850400000810623 ], [ 3271526.555799998342991, 3627228.964899998158216 ], [ 3271482.856700003147125, 3627211.009799998253584 ], [ 3271432.283900000154972, 3627183.5724 ], [ 3271402.741999998688698, 3627173.262499999254942 ], [ 3271386.784800000488758, 3627159.315600000321865 ], [ 3271353.450099997222424, 3627151.655000001192093 ], [ 3271298.703900001943111, 3627168.204100001603365 ], [ 3271244.376400001347065, 3627173.414000000804663 ], [ 3271231.340800002217293, 3627168.665500000119209 ], [ 3271209.715999998152256, 3627149.5945999994874 ], [ 3271192.990900002419949, 3627149.457499999552965 ], [ 3271136.520999997854233, 3627190.192800000309944 ], [ 3271066.819799996912479, 3627251.271699998527765 ], [ 3271055.462499998509884, 3627250.37220000103116 ], [ 3271035.043499998748302, 3627235.659600000828505 ], [ 3271024.742399998009205, 3627236.184900000691414 ], [ 3271001.637299999594688, 3627246.205800000578165 ], [ 3270964.226499997079372, 3627274.66440000012517 ], [ 3270906.886100001633167, 3627259.365800000727177 ], [ 3270862.69030000269413, 3627231.610199999064207 ], [ 3270821.906300000846386, 3627213.014800000935793 ], [ 3270785.436899997293949, 3627182.402899999171495 ], [ 3270773.794299997389317, 3627156.429699998348951 ], [ 3270763.044399999082088, 3627109.260200001299381 ], [ 3270707.843400001525879, 3627068.285500001162291 ], [ 3270683.547200001776218, 3627054.760800000280142 ], [ 3270611.457099996507168, 3627058.900100000202656 ], [ 3270611.457400001585484, 3627058.909699998795986 ], [ 3270585.684199996292591, 3627064.63740000128746 ], [ 3270561.856799997389317, 3627060.43299999833107 ], [ 3270537.201800003647804, 3627049.388999998569489 ], [ 3270515.76519999653101, 3627063.259300000965595 ], [ 3270512.331600002944469, 3627063.437699999660254 ], [ 3270455.304700002074242, 3627073.703600000590086 ], [ 3270445.949500001966953, 3627063.843100000172853 ], [ 3270445.814599998295307, 3627041.722300000488758 ], [ 3270449.453500002622604, 3627016.45160000026226 ], [ 3270450.191100001335144, 3626943.61769999936223 ], [ 3270460.557599999010563, 3626847.184500001370907 ], [ 3270462.411399997770786, 3626728.552499998360872 ], [ 3270476.028200000524521, 3626511.940200001001358 ], [ 3270498.292400002479553, 3626339.647199999541044 ], [ 3270510.045299999415874, 3626309.53940000012517 ], [ 3270537.469899997115135, 3626268.304400000721216 ], [ 3270680.53490000218153, 3626170.068900000303984 ], [ 3270745.929700002074242, 3626091.988699998706579 ], [ 3270825.79730000346899, 3626008.261999998241663 ], [ 3270837.707099996507168, 3625990.9364 ], [ 3270825.108199998736382, 3625810.076099999248981 ], [ 3270808.301399998366833, 3625730.75560000166297 ], [ 3270799.777000002563, 3625717.905000001192093 ], [ 3270802.094499997794628, 3625695.652199998497963 ], [ 3270898.035199999809265, 3625618.495400000363588 ], [ 3271091.618500001728535, 3625449.324200000613928 ], [ 3271185.989399999380112, 3625418.965999998152256 ], [ 3271236.852300003170967, 3625393.764899998903275 ], [ 3271317.668399997055531, 3625328.677999999374151 ], [ 3271581.696099996566772, 3625181.025600001215935 ], [ 3271725.8081, 3625093.552700001746416 ], [ 3271754.983800001442432, 3625067.477299999445677 ], [ 3271766.03490000218153, 3625052.660900000482798 ], [ 3271763.868900001049042, 3625038.990800000727177 ], [ 3271748.770700000226498, 3625022.544100001454353 ], [ 3271739.655699998140335, 3624997.9199 ], [ 3271714.819899998605251, 3624954.415100000798702 ], [ 3271639.993699997663498, 3624855.898200001567602 ], [ 3271615.396499998867512, 3624836.486699998378754 ], [ 3271577.951700001955032, 3624815.760099999606609 ], [ 3271521.2787000015378, 3624803.876600001007318 ], [ 3271415.718000002205372, 3624768.886100001633167 ], [ 3271322.776399999856949, 3624711.127099998295307 ], [ 3271218.650399997830391, 3624607.206500001251698 ], [ 3271177.68469999730587, 3624526.651700001209974 ], [ 3271155.072400003671646, 3624458.931400001049042 ], [ 3271117.745300002396107, 3624285.231199998408556 ], [ 3271076.501000002026558, 3624286.823600001633167 ], [ 3270974.464000001549721, 3624301.832400001585484 ], [ 3270803.128100000321865, 3624317.888000000268221 ], [ 3270737.961400002241135, 3624317.99269999936223 ], [ 3270672.794799998402596, 3624318.097600001841784 ], [ 3270587.14130000025034, 3624307.188200000673532 ], [ 3270476.826999999582767, 3624304.422699999064207 ], [ 3270326.998700000345707, 3624288.892499998211861 ], [ 3270161.190399996936321, 3624239.256000000983477 ], [ 3270080.608400002121925, 3624206.933899998664856 ], [ 3270000.026900000870228, 3624174.6217 ], [ 3269895.236000001430511, 3624115.983600001782179 ], [ 3269805.74099999666214, 3624077.726300001144409 ], [ 3269697.980800002813339, 3624047.775100000202656 ], [ 3269668.351099997758865, 3624045.342700000852346 ], [ 3269606.027500003576279, 3624067.684000000357628 ], [ 3269581.178300000727177, 3624072.3849 ], [ 3269551.430500000715256, 3624087.168699998408556 ], [ 3269343.351099997758865, 3624144.932300001382828 ], [ 3269130.631300002336502, 3624237.363000001758337 ], [ 3268944.993600003421307, 3624262.51240000128746 ], [ 3268748.127599999308586, 3624299.054900001734495 ], [ 3268661.803199999034405, 3624332.936500001698732 ], [ 3268556.59179999679327, 3624372.700100000947714 ], [ 3268551.514700002968311, 3624379.349399998784065 ], [ 3268505.438400000333786, 3624469.728500001132488 ], [ 3268493.288999997079372, 3624540.683699999004602 ], [ 3268491.476800002157688, 3624582.586500000208616 ], [ 3268501.930799998342991, 3624614.0304000005126 ], [ 3268495.783600002527237, 3624634.539900001138449 ], [ 3268494.651799999177456, 3624635.54619999974966 ], [ 3268435.990699999034405, 3624691.150499999523163 ], [ 3268419.659699998795986, 3624698.862799998372793 ], [ 3268393.78320000320673, 3624702.639199998229742 ], [ 3268324.600199997425079, 3624696.301300000399351 ], [ 3268298.151199996471405, 3624688.795400001108646 ], [ 3268163.960900001227856, 3624690.677000001072884 ], [ 3268129.662799999117851, 3624683.555399999022484 ], [ 3268111.949799999594688, 3624673.636599998921156 ], [ 3268082.282799996435642, 3624631.858600001782179 ], [ 3268058.851700000464916, 3624625.664299998432398 ], [ 3267929.179700002074242, 3624629.282999999821186 ], [ 3267871.261, 3624621.891800001263618 ], [ 3267792.204099997878075, 3624605.241700001060963 ], [ 3267757.314800001680851, 3624586.347100000828505 ], [ 3267689.99099999666214, 3624539.098099999129772 ], [ 3267613.844899997115135, 3624463.282800000160933 ], [ 3267583.776000000536442, 3624403.807399999350309 ], [ 3267577.05179999768734, 3624397.268699999898672 ], [ 3267501.513099998235703, 3624420.767499998211861 ], [ 3267446.674999997019768, 3624445.19200000166893 ], [ 3267391.838699996471405, 3624469.615699999034405 ], [ 3267046.5304000005126, 3624595.336199998855591 ], [ 3266739.556900002062321, 3624691.559099998325109 ], [ 3266695.883100003004074, 3624706.214000001549721 ], [ 3266530.631300002336502, 3624761.665399998426437 ], [ 3266373.903499998152256, 3624775.024700000882149 ], [ 3266334.135099999606609, 3624766.714200001209974 ], [ 3266199.22919999808073, 3624686.49100000038743 ], [ 3266079.540500000119209, 3624644.363200001418591 ], [ 3266020.849500000476837, 3624631.596099998801947 ], [ 3265912.246299996972084, 3624623.826900001615286 ], [ 3265874.074400000274181, 3624628.145799998193979 ], [ 3265612.940399996936321, 3624657.691199999302626 ], [ 3265515.734300002455711, 3624641.96339999884367 ], [ 3265402.120899997651577, 3624554.765799999237061 ], [ 3265132.657700002193451, 3624304.292100001126528 ], [ 3265070.682300001382828, 3624255.791900001466274 ], [ 3264917.4846, 3624086.488800000399351 ], [ 3264797.092399999499321, 3624020.779199998825788 ], [ 3264699.535099998116493, 3623984.426699999719858 ], [ 3264625.12780000269413, 3623956.700599998235703 ], [ 3264561.653300002217293, 3623946.641199998557568 ], [ 3264475.424800001084805, 3623943.6426 ], [ 3264382.131499998271465, 3623974.0757 ], [ 3264371.878300003707409, 3623977.420400001108646 ], [ 3264314.526900000870228, 3624010.330400001257658 ], [ 3264237.016400001943111, 3624043.528999999165535 ], [ 3264159.50620000064373, 3624076.727699998766184 ], [ 3264119.569899998605251, 3624103.839899998158216 ], [ 3263915.918300002813339, 3624182.643199998885393 ], [ 3263894.286899998784065, 3624191.013599999248981 ], [ 3263648.79839999973774, 3624325.943900000303984 ], [ 3263587.040399998426437, 3624368.918299999088049 ], [ 3263417.170000001788139, 3624452.792700000107288 ], [ 3263184.409299999475479, 3624537.890099998563528 ], [ 3263050.743199996650219, 3624579.105799999088049 ], [ 3262842.924800001084805, 3624661.463700000196695 ], [ 3262745.749799996614456, 3624685.084199998527765 ], [ 3262688.1853, 3624704.241500001400709 ], [ 3262492.06870000064373, 3624716.646000001579523 ], [ 3262376.496500000357628, 3624707.266399998217821 ], [ 3262299.997000001370907, 3624692.450399998575449 ], [ 3262299.528599999845028, 3624692.359299998730421 ], [ 3262299.637999996542931, 3624692.582800000905991 ], [ 3262304.418300002813339, 3624702.360199999064207 ], [ 3262307.485699996352196, 3624708.634300000965595 ], [ 3262359.378700003027916, 3624814.775600001215935 ], [ 3262391.134199999272823, 3624879.728000000119209 ], [ 3262383.312600001692772, 3624965.999200001358986 ], [ 3262386.241700001060963, 3625100.646899998188019 ], [ 3262491.617499999701977, 3625257.888399999588728 ], [ 3262634.196999996900558, 3625443.537900000810623 ], [ 3262795.220899999141693, 3625657.450599998235703 ], [ 3262872.539300002157688, 3625760.164700001478195 ], [ 3263014.740900002419949, 3626017.129200000315905 ], [ 3263132.44539999961853, 3626226.619300000369549 ], [ 3263291.306500002741814, 3626583.398499999195337 ], [ 3263354.689400002360344, 3626818.566300000995398 ], [ 3263371.460699997842312, 3626970.088599998503923 ], [ 3263384.688900001347065, 3627089.601100001484156 ], [ 3263417.383000001311302, 3627267.1382 ], [ 3263445.339000001549721, 3627416.782200001180172 ], [ 3263480.217399999499321, 3627652.76799999922514 ], [ 3263552.394500002264977, 3627987.484200000762939 ], [ 3263651.98309999704361, 3628182.745000001043081 ], [ 3263721.713600002229214, 3628366.088599998503923 ], [ 3263720.316100001335144, 3628605.583200000226498 ], [ 3263730.735299997031689, 3628811.783700000494719 ], [ 3263778.51860000193119, 3629001.173099998384714 ], [ 3263800.990900002419949, 3629165.234299998730421 ], [ 3263767.177400000393391, 3629304.3783 ], [ 3263828.135300002992153, 3629541.077500000596046 ], [ 3263950.454599998891354, 3629672.732500001788139 ], [ 3263987.184299997985363, 3629684.4496 ], [ 3263988.245399996638298, 3629716.863000001758337 ], [ 3263991.52589999884367, 3629817.082800000905991 ], [ 3264010.348099999129772, 3629906.513000000268221 ], [ 3264050.762299999594688, 3629994.333000000566244 ], [ 3264250.703000001609325, 3630157.659400001168251 ], [ 3264225.063699997961521, 3630375.231899999082088 ], [ 3264224.995099999010563, 3630508.482700001448393 ], [ 3264251.819700002670288, 3630687.160300001502037 ], [ 3264243.6941, 3630703.598700001835823 ], [ 3264216.066500000655651, 3630759.490699999034405 ], [ 3264209.773500002920628, 3630982.898200001567602 ], [ 3264213.695500001311302, 3631062.099800001829863 ], [ 3264220.47070000320673, 3631198.9222999997437 ], [ 3264232.92849999666214, 3631306.23369999974966 ], [ 3264357.02250000089407, 3631617.302099999040365 ], [ 3264372.84910000115633, 3631645.291600000113249 ], [ 3264598.536899998784065, 3632044.424100000411272 ], [ 3264745.781700000166893, 3632323.344700001180172 ], [ 3264865.443599998950958, 3632634.539200000464916 ], [ 3265129.751999996602535, 3633000.032000001519918 ], [ 3265319.801299996674061, 3633195.596099998801947 ], [ 3265581.396499998867512, 3633467.7522 ], [ 3265655.0647, 3633526.7346 ], [ 3265675.025399997830391, 3633542.7162000015378 ], [ 3265765.753499999642372, 3633772.145899999886751 ], [ 3265942.490599997341633, 3634051.184099998325109 ], [ 3266125.5088, 3634258.75899999961257 ], [ 3266349.654200002551079, 3634409.5793999992311 ], [ 3266636.9983000010252, 3634603.802000001072884 ], [ 3266660.41950000077486, 3634618.687399998307228 ], [ 3266877.424199998378754, 3634756.605599999427795 ], [ 3266982.874899998307228, 3634985.107799999415874 ], [ 3267040.88120000064373, 3635137.308899998664856 ], [ 3267135.815499998629093, 3635240.757100000977516 ], [ 3267140.386, 3635330.593400001525879 ], [ 3267112.174099996685982, 3635476.446899998933077 ], [ 3267116.62780000269413, 3635494.500999998301268 ], [ 3267147.780199997127056, 3635602.25620000064373 ], [ 3267179.604999996721745, 3635665.729100000113249 ], [ 3267167.039200000464916, 3635774.746300000697374 ], [ 3267171.809399999678135, 3635871.464400000870228 ], [ 3267151.343599997460842, 3635962.5176 ], [ 3267368.863799996674061, 3635950.232999999076128 ], [ 3267433.917700000107288, 3635748.357900001108646 ], [ 3267488.748400002717972, 3635617.208700001239777 ], [ 3267536.245999999344349, 3635564.638000000268221 ], [ 3267610.933499999344349, 3635524.459600001573563 ], [ 3267691.286899998784065, 3635460.381799999624491 ], [ 3267790.288699999451637, 3635395.3564000017941 ], [ 3267825.519000001251698, 3635362.589600000530481 ], [ 3267859.161499999463558, 3635308.2599 ], [ 3267909.840499997138977, 3635279.629299998283386 ], [ 3268002.710900001227856, 3635248.850699998438358 ], [ 3268092.446199998259544, 3635166.099500000476837 ], [ 3268135.592000000178814, 3635095.549100000411272 ], [ 3268185.084399998188019, 3634936.64750000089407 ], [ 3268214.219800002872944, 3634783.691199999302626 ], [ 3268259.600900001823902, 3634650.566700000315905 ], [ 3268296.547799997031689, 3634554.753899998962879 ], [ 3268301.599600002169609, 3634550.353000000119209 ], [ 3268382.272799998521805, 3634480.0746 ], [ 3268460.291900001466274, 3634437.765599999576807 ], [ 3268503.093400001525879, 3634423.036100000143051 ], [ 3268614.499899998307228, 3634384.6974 ], [ 3268775.912600003182888, 3634338.159600000828505 ], [ 3268976.662299998104572, 3634310.762200001627207 ], [ 3269151.987700000405312, 3634266.964499998837709 ], [ 3269290.648599997162819, 3634256.48930000141263 ] ] ], [ [ [ 3072431.066600002348423, 3675504.403999999165535 ], [ 3072478.591499999165535, 3675448.178300000727177 ], [ 3072516.666799999773502, 3675420.615899998694658 ], [ 3072550.452600002288818, 3675395.301899999380112 ], [ 3072599.2466000020504, 3675381.309000000357628 ], [ 3072658.554399996995926, 3675370.08729999884963 ], [ 3072727.432499997317791, 3675362.181699998676777 ], [ 3072800.55629999935627, 3675366.784400001168251 ], [ 3072920.061099998652935, 3675361.774300001561642 ], [ 3073000.7837999984622, 3675360.655299998819828 ], [ 3073071.849500000476837, 3675343.492400001734495 ], [ 3073117.787000000476837, 3675316.353300001472235 ], [ 3073179.46679999679327, 3675260.543000001460314 ], [ 3073222.1503000035882, 3675214.677099999040365 ], [ 3073228.685199998319149, 3675207.655099999159575 ], [ 3073318.081000000238419, 3675106.391800001263618 ], [ 3073399.840599998831749, 3675039.089499998837709 ], [ 3073518.041900001466274, 3674957.124099999666214 ], [ 3073606.673000000417233, 3674897.2544 ], [ 3073656.494999997317791, 3674853.67680000141263 ], [ 3073734.18469999730587, 3674814.6858000010252 ], [ 3073835.430699996650219, 3674805.173599999397993 ], [ 3073901.317800000309944, 3674819.597899999469519 ], [ 3073985.530599996447563, 3674835.792700000107288 ], [ 3074052.217000000178814, 3674862.476700000464916 ], [ 3074109.1743, 3674883.38459999859333 ], [ 3074172.502899996936321, 3674903.894099999219179 ], [ 3074256.715499997138977, 3674920.089000001549721 ], [ 3074372.689099997282028, 3674947.998799998313189 ], [ 3074450.826300002634525, 3674961.634700000286102 ], [ 3074529.158600002527237, 3674978.210299998521805 ], [ 3074610.431400001049042, 3674994.600600000470877 ], [ 3074690.311300002038479, 3674989.4206000007689 ], [ 3074840.823700003325939, 3674973.2676 ], [ 3074994.612800002098083, 3674969.706900000572205 ], [ 3075142.400799997150898, 3674964.556499999016523 ], [ 3075229.662299998104572, 3674974.64919999986887 ], [ 3075347.266400001943111, 3674982.285000000149012 ], [ 3075451.499899998307228, 3675018.833799999207258 ], [ 3075604.805799998342991, 3675045.811599999666214 ], [ 3075697.01129999756813, 3675086.579199999570847 ], [ 3075812.891599997878075, 3675113.029599998146296 ], [ 3075882.005699999630451, 3675131.679299999028444 ], [ 3075944.951999999582767, 3675146.299600001424551 ], [ 3075999.913599997758865, 3675136.337799999862909 ], [ 3076053.021300002932549, 3675105.343299999833107 ], [ 3076096.777999997138977, 3675059.207499999552965 ], [ 3076173.017399996519089, 3674952.404399998486042 ], [ 3076234.865099996328354, 3674858.834399998188019 ], [ 3076272.779500000178814, 3674775.681400001049042 ], [ 3076275.300800003111362, 3674723.360500000417233 ], [ 3076280.192900002002716, 3674654.638000000268221 ], [ 3076277.399999998509884, 3674611.517900001257658 ], [ 3076277.014700002968311, 3674506.729499999433756 ], [ 3076302.799199998378754, 3674426.325300000607967 ], [ 3076330.468000002205372, 3674374.830299999564886 ], [ 3076352.778300002217293, 3674339.433600001037121 ], [ 3076388.359399996697903, 3674318.918200001120567 ], [ 3076430.468400001525879, 3674300.444899998605251 ], [ 3076500.833099998533726, 3674292.930799998342991 ], [ 3076602.468400001525879, 3674289.300599999725819 ], [ 3076700.95889999717474, 3674282.926600001752377 ], [ 3076810.909999996423721, 3674263.4945 ], [ 3076905.06870000064373, 3674235.7456 ], [ 3077044.427000001072884, 3674199.165800001472235 ], [ 3077197.933600001037121, 3674138.046 ], [ 3077275.83669999986887, 3674102.488899998366833 ], [ 3077327.4507, 3674086.352699998766184 ], [ 3077407.885399997234344, 3674044.23030000180006 ], [ 3077448.017899997532368, 3673995.3783 ], [ 3077522.915700003504753, 3673913.270599998533726 ], [ 3077602.782200001180172, 3673809.185699999332428 ], [ 3077669.343800000846386, 3673742.871899999678135 ], [ 3077730.248000003397465, 3673680.368500001728535 ], [ 3077829.136, 3673588.835099998861551 ], [ 3077891.441399998962879, 3673547.8915 ], [ 3077917.785300001502037, 3673521.582699999213219 ], [ 3077958.235699996352196, 3673485.007199998944998 ], [ 3078004.563100002706051, 3673478.562600001692772 ], [ 3078032.002899996936321, 3673476.781399998813868 ], [ 3078067.621699996292591, 3673502.522300001233816 ], [ 3078093.375100001692772, 3673565.810899998992682 ], [ 3078134.403599999845028, 3673720.626499999314547 ], [ 3078160.502300001680851, 3673842.4474 ], [ 3078224.556800000369549, 3674064.166600000113249 ], [ 3078240.777400001883507, 3674124.627900000661612 ], [ 3078270.45440000295639, 3674202.920699998736382 ], [ 3078311.156800001859665, 3674307.0603 ], [ 3078330.3081, 3674367.336899999529123 ], [ 3078371.935999996960163, 3674432.543800000101328 ], [ 3078425.128600001335144, 3674494.050500001758337 ], [ 3078483.290600001811981, 3674533.589800000190735 ], [ 3078547.033900000154972, 3674560.461100000888109 ], [ 3078633.999300003051758, 3674573.533500000834465 ], [ 3078718.095899999141693, 3674580.384100001305342 ], [ 3078826.20269999653101, 3674585.686000000685453 ], [ 3078864.045199997723103, 3674592.584199998527765 ], [ 3078906.11879999935627, 3674626.76410000026226 ], [ 3078939.373000003397465, 3674661.519299998879433 ], [ 3078960.980400003492832, 3674706.38230000063777 ], [ 3079008.190200001001358, 3674766.799600001424551 ], [ 3079062.818300001323223, 3674797.213500000536442 ], [ 3079112.800800003111362, 3674809.231100000441074 ], [ 3079187.207699999213219, 3674810.814800001680851 ], [ 3079267.085900001227856, 3674805.638099998235703 ], [ 3079326.573100000619888, 3674819.992400001734495 ], [ 3079400.527099996805191, 3674867.858399998396635 ], [ 3079436.943099997937679, 3674905.848400000482798 ], [ 3079484.033100001513958, 3674964.315000001341105 ], [ 3079530.74210000038147, 3675016.891800001263618 ], [ 3079578.053800001740456, 3675078.778400000184774 ], [ 3079586.346000000834465, 3675115.647100001573563 ], [ 3079600.711000002920628, 3675130.258600000292063 ], [ 3079606.356600001454353, 3675136.001200001686811 ], [ 3079660.566600002348423, 3675160.0456000007689 ], [ 3079725.970799997448921, 3675174.509199999272823 ], [ 3079771.889200001955032, 3675189.399900000542402 ], [ 3079823.46339999884367, 3675215.437899999320507 ], [ 3079869.648900002241135, 3675250.335700001567602 ], [ 3079934.179200001060963, 3675289.45719999819994 ], [ 3079977.050800003111362, 3675335.896000001579523 ], [ 3079997.711300000548363, 3675411.813400000333786 ], [ 3080002.840499997138977, 3675445.437300000339746 ], [ 3080007.015600003302097, 3675463.091400001198053 ], [ 3080026.692800000309944, 3675478.310400001704693 ], [ 3080079.483000002801418, 3675480.550900001078844 ], [ 3080079.512500002980232, 3675480.548799999058247 ], [ 3080081.841499999165535, 3675480.118000000715256 ], [ 3080121.240599997341633, 3675472.830899998545647 ], [ 3080136.038699999451637, 3675469.324200000613928 ], [ 3080209.130400002002716, 3675452.004299998283386 ], [ 3080280.440200001001358, 3675430.346000000834465 ], [ 3080297.159699998795986, 3675425.26799999922514 ], [ 3080300.9287, 3675422.781199999153614 ], [ 3080303.862899996340275, 3675420.844799999147654 ], [ 3080311.860699996352196, 3675415.567200001329184 ], [ 3080354.146600000560284, 3675367.676899999380112 ], [ 3080364.069499999284744, 3675356.438900001347065 ], [ 3080575.381499998271465, 3675145.8935999982059 ], [ 3080613.529600001871586, 3675107.473900001496077 ], [ 3080629.677400000393391, 3675091.136199999600649 ], [ 3080799.937899999320507, 3674916.121100001037121 ], [ 3080767.034500002861023, 3674901.534699998795986 ], [ 3080691.294699996709824, 3674894.093899998813868 ], [ 3080586.620200000703335, 3674888.321600001305342 ], [ 3080450.875699996948242, 3674864.645100001245737 ], [ 3080251.942100003361702, 3674794.909699998795986 ], [ 3080113.282300002872944, 3674729.079 ], [ 3080030.391599997878075, 3674712.714600000530481 ], [ 3080021.586499996483326, 3674575.061900001019239 ], [ 3079956.377700001001358, 3674545.4679000005126 ], [ 3079860.838299997150898, 3674506.3904 ], [ 3079764.167099997401237, 3674449.662599999457598 ], [ 3079705.8147, 3674384.541700001806021 ], [ 3079676.138400003314018, 3674344.145700000226498 ], [ 3079630.992299996316433, 3674292.945999998599291 ], [ 3079542.342600002884865, 3674223.393199998885393 ], [ 3079451.373800002038479, 3674118.071100000292063 ], [ 3079339.391099996864796, 3673969.337099999189377 ], [ 3079263.82490000128746, 3673820.696699999272823 ], [ 3079221.551399998366833, 3673669.414500001817942 ], [ 3079214.743600003421307, 3673609.81980000063777 ], [ 3079226.957299999892712, 3673524.879599999636412 ], [ 3079260.5641999989748, 3673390.333700001239777 ], [ 3079373.584799997508526, 3673235.874600000679493 ], [ 3079445.883900001645088, 3673144.099399998784065 ], [ 3079466.98200000077486, 3673097.460799999535084 ], [ 3079467.222800001502037, 3673055.61600000038743 ], [ 3079465.859700001776218, 3673034.546 ], [ 3079474.104000002145767, 3673025.151099998503923 ], [ 3079504.456399999558926, 3673022.69480000063777 ], [ 3079535.233400002121925, 3673019.221400000154972 ], [ 3079554.546400003135204, 3673013.550599999725819 ], [ 3079554.70099999755621, 3673000.745700001716614 ], [ 3079553.024899996817112, 3672990.020700000226498 ], [ 3079550.777500003576279, 3672985.740899998694658 ], [ 3079603.60700000077486, 3672942.449700001627207 ], [ 3079682.906800001859665, 3672896.0337999984622 ], [ 3079726.696000002324581, 3672829.6689000017941 ], [ 3079747.143399998545647, 3672763.678599998354912 ], [ 3079738.932499997317791, 3672730.318799998611212 ], [ 3079711.127700001001358, 3672695.855399999767542 ], [ 3079726.869099996984005, 3672680.559900000691414 ], [ 3079737.248599998652935, 3672666.107299998402596 ], [ 3079734.525399997830391, 3672639.222199998795986 ], [ 3079726.967100001871586, 3672613.632100000977516 ], [ 3079706.983999997377396, 3672593.767700001597404 ], [ 3079695.648500002920628, 3672593.51069999858737 ], [ 3079691.09179999679327, 3672599.226100001484156 ], [ 3079678.084100000560284, 3672603.50899999961257 ], [ 3079671.159199997782707, 3672602.974300000816584 ], [ 3079661.670999996364117, 3672593.249699998646975 ], [ 3079645.8794, 3672576.563299998641014 ], [ 3079627.05009999871254, 3672560.06529999896884 ], [ 3079611.929700002074242, 3672539.396000001579523 ], [ 3079614.996399998664856, 3672525.905699998140335 ], [ 3079615.703100003302097, 3672498.798000000417233 ], [ 3079605.766599997878075, 3672466.958500001579523 ], [ 3079594.988600000739098, 3672447.050700001418591 ], [ 3079609.260799996554852, 3672435.11259999871254 ], [ 3079615.240900002419949, 3672421.089999999850988 ], [ 3079606.45160000026226, 3672412.536499999463558 ], [ 3079585.338100001215935, 3672413.063799999654293 ], [ 3079575.186099998652935, 3672419.9507 ], [ 3079572.335299998521805, 3672421.88459999859333 ], [ 3079565.760200001299381, 3672410.2483000010252 ], [ 3079556.779500000178814, 3672394.354499999433756 ], [ 3079541.231799997389317, 3672377.0537 ], [ 3079524.803800001740456, 3672371.820999998599291 ], [ 3079506.447700001299381, 3672354.304099999368191 ], [ 3079505.282600000500679, 3672351.4287 ], [ 3079470.3596, 3672336.467199999839067 ], [ 3079450.139300003647804, 3672335.805599998682737 ], [ 3079430.204300001263618, 3672324.308600001037121 ], [ 3079426.506499998271465, 3672321.914000000804663 ], [ 3079410.16610000282526, 3672311.33219999819994 ], [ 3079390.514799997210503, 3672288.980000000447035 ], [ 3079387.20380000025034, 3672283.660900000482798 ], [ 3079361.956000000238419, 3672243.100600000470877 ], [ 3079332.71169999986887, 3672194.309099998325109 ], [ 3079311.977099999785423, 3672171.5724 ], [ 3079294.575000002980232, 3672152.489999998360872 ], [ 3079258.764499999582767, 3672139.063799999654293 ], [ 3079228.566299997270107, 3672128.714899998158216 ], [ 3079212.320600003004074, 3672120.905000001192093 ], [ 3079169.680600002408028, 3672123.66950000077486 ], [ 3079148.007600001990795, 3672115.722500000149012 ], [ 3079122.38740000128746, 3672107.545200001448393 ], [ 3079097.154399998486042, 3672097.861099999397993 ], [ 3079085.281000003218651, 3672089.274000000208616 ], [ 3079068.738499999046326, 3672077.064800001680851 ], [ 3079051.280299998819828, 3672065.890599999576807 ], [ 3079029.4419, 3672062.870700001716614 ], [ 3079024.143500000238419, 3672063.571199998259544 ], [ 3079014.79730000346899, 3672064.80689999833703 ], [ 3079006.3301, 3672070.771699998527765 ], [ 3079001.6074, 3672081.404500000178814 ], [ 3079001.396999999880791, 3672081.768800001591444 ], [ 3078996.292700000107288, 3672090.605200000107288 ], [ 3078989.473200000822544, 3672106.795099999755621 ], [ 3078981.088899999856949, 3672114.231100000441074 ], [ 3078969.763800002634525, 3672113.983199998736382 ], [ 3078957.808600001037121, 3672111.803899999707937 ], [ 3078940.703000001609325, 3672106.019600000232458 ], [ 3078921.431900002062321, 3672089.547499999403954 ], [ 3078902.5691, 3672079.455600000917912 ], [ 3078875.400799997150898, 3672055.136599998921156 ], [ 3078852.662100002169609, 3672038.397599998861551 ], [ 3078824.348499998450279, 3672019.070700000971556 ], [ 3078804.570200003683567, 3672010.013900000602007 ], [ 3078775.119099996984005, 3671988.301899999380112 ], [ 3078759.621500000357628, 3671977.007500000298023 ], [ 3078745.253600001335144, 3671975.475400000810623 ], [ 3078727.281199999153614, 3671979.103700000792742 ], [ 3078723.366700001060963, 3671981.639699999243021 ], [ 3078715.475900001823902, 3671986.751600001007318 ], [ 3078699.178900003433228, 3672001.094999998807907 ], [ 3078680.792199999094009, 3672013.60869999974966 ], [ 3078663.192299999296665, 3672030.494100000709295 ], [ 3078639.196800000965595, 3672046.021699998527765 ], [ 3078631.0779, 3672051.275499999523163 ], [ 3078609.417999997735023, 3672066.452100001275539 ], [ 3078590.180600002408028, 3672080.980700001120567 ], [ 3078568.438699997961521, 3672094.696100000292063 ], [ 3078551.113499999046326, 3672100.736999999731779 ], [ 3078539.843699999153614, 3672101.469900000840425 ], [ 3078530.707900002598763, 3672097.135000001639128 ], [ 3078522.357799999415874, 3672089.805399999022484 ], [ 3078511.427699998021126, 3672080.673500001430511 ], [ 3078508.106299996376038, 3672075.866399999707937 ], [ 3078501.661399997770786, 3672066.53830000013113 ], [ 3078497.615599997341633, 3672042.1963 ], [ 3078492.859700001776218, 3672021.838199999183416 ], [ 3078478.20099999755621, 3672000.640999998897314 ], [ 3078463.367899999022484, 3671984.381400000303984 ], [ 3078449.182099997997284, 3671970.534499999135733 ], [ 3078431.178900003433228, 3671958.417100001126528 ], [ 3078415.488600000739098, 3671959.428599998354912 ], [ 3078405.081500001251698, 3671973.391100000590086 ], [ 3078399.249700002372265, 3671982.138900000602007 ], [ 3078394.436700001358986, 3671984.038100000470877 ], [ 3078385.817299999296665, 3671987.439300000667572 ], [ 3078368.742399998009205, 3671997.400499999523163 ], [ 3078355.937200002372265, 3671997.246100001037121 ], [ 3078339.054200001060963, 3671994.8918999992311 ], [ 3078320.6809, 3671984.762499999254942 ], [ 3078293.707400001585484, 3671963.383299998939037 ], [ 3078275.25900000333786, 3671944.405900001525879 ], [ 3078253.582599997520447, 3671921.20380000025034 ], [ 3078240.94200000166893, 3671916.112500000745058 ], [ 3078237.7522, 3671912.387200001627207 ], [ 3078228.726400002837181, 3671902.144600000232458 ], [ 3078209.105599999427795, 3671895.537999998778105 ], [ 3078188.087200000882149, 3671882.6266999989748 ], [ 3078161.291900001466274, 3671871.57490000128746 ], [ 3078136.983300000429153, 3671860.845199998468161 ], [ 3078116.917300000786781, 3671847.378600001335144 ], [ 3078075.308600001037121, 3671827.93470000103116 ], [ 3078040.031499996781349, 3671807.573800001293421 ], [ 3078012.061200000345707, 3671793.647399999201298 ], [ 3078009.876299999654293, 3671791.82490000128746 ], [ 3077991.25450000166893, 3671776.288100000470877 ], [ 3077951.225400000810623, 3671750.833999998867512 ], [ 3077931.251800000667572, 3671738.837499998509884 ], [ 3077909.290899999439716, 3671726.480799999088049 ], [ 3077880.137900002300739, 3671717.056800000369549 ], [ 3077859.259300000965595, 3671706.104499999433756 ], [ 3077834.653099998831749, 3671690.965700000524521 ], [ 3077820.912399999797344, 3671683.978999998420477 ], [ 3077802.624700002372265, 3671682.706900000572205 ], [ 3077782.938799999654293, 3671675.120400000363588 ], [ 3077774.718599997460842, 3671669.750500001013279 ], [ 3077768.763300001621246, 3671661.282499998807907 ], [ 3077757.229299999773502, 3671642.830699998885393 ], [ 3077744.725900001823902, 3671624.453000001609325 ], [ 3077732.65820000320673, 3671612.935899998992682 ], [ 3077720.719400003552437, 3671603.368999999016523 ], [ 3077712.203900001943111, 3671600.966299999505281 ], [ 3077695.948700003325939, 3671593.166900001466274 ], [ 3077679.769400000572205, 3671589.363200001418591 ], [ 3077672.962700001895428, 3671587.763000000268221 ], [ 3077649.401500001549721, 3671573.539000000804663 ], [ 3077642.558899998664856, 3671566.606199998408556 ], [ 3077622.999700002372265, 3671545.724199999123812 ], [ 3077622.04280000180006, 3671544.537999998778105 ], [ 3077593.572400003671646, 3671509.24720000103116 ], [ 3077569.157999999821186, 3671481.792599998414516 ], [ 3077563.124700002372265, 3671457.089999999850988 ], [ 3077533.824199996888638, 3671407.317499998956919 ], [ 3077529.486299999058247, 3671401.197900000959635 ], [ 3077494.683300003409386, 3671386.532600000500679 ], [ 3077492.047799997031689, 3671385.4239999987185 ], [ 3077488.175499998033047, 3671375.907000001519918 ], [ 3077481.220100000500679, 3671358.812699999660254 ], [ 3077452.706600002944469, 3671347.576900001615286 ], [ 3077438.240599997341633, 3671351.853399999439716 ], [ 3077419.30969999730587, 3671394.506499998271465 ], [ 3077397.58049999922514, 3671429.975299999117851 ], [ 3077373.380400002002716, 3671469.477400001138449 ], [ 3077353.28490000218153, 3671518.728500001132488 ], [ 3077341.931999996304512, 3671546.552700001746416 ], [ 3077292.227200001478195, 3671580.220899999141693 ], [ 3077243.111900001764297, 3671579.708599999547005 ], [ 3077181.447499997913837, 3671554.548300001770258 ], [ 3077171.404600001871586, 3671525.562699999660254 ], [ 3077167.764300003647804, 3671515.05629999935627 ], [ 3077169.757200002670288, 3671443.4221 ], [ 3077152.077399998903275, 3671407.436200000345707 ], [ 3077121.002400003373623, 3671391.678599998354912 ], [ 3077106.482299998402596, 3671397.052400000393391 ], [ 3077100.671400003135204, 3671418.838500000536442 ], [ 3077094.438199996948242, 3671490.786899998784065 ], [ 3077097.023100003600121, 3671524.623100001364946 ], [ 3077100.10980000346899, 3671565.026599999517202 ], [ 3077088.091700002551079, 3671603.281199999153614 ], [ 3077068.58500000089407, 3671627.177299998700619 ], [ 3077030.073899999260902, 3671625.854899998754263 ], [ 3076992.643500000238419, 3671610.57319999858737 ], [ 3076933.027199998497963, 3671570.325800001621246 ], [ 3076881.361599996685982, 3671552.674699999392033 ], [ 3076877.745399996638298, 3671555.875999998301268 ], [ 3076874.794799998402596, 3671564.0493 ], [ 3076867.645999997854233, 3671576.443500000983477 ], [ 3076879.141000002622604, 3671608.476500000804663 ], [ 3076882.661200001835823, 3671618.286100000143051 ], [ 3076884.42849999666214, 3671632.2652000002563 ], [ 3076888.70889999717474, 3671666.12220000103116 ], [ 3076869.604900002479553, 3671697.866599999368191 ], [ 3076857.350699998438358, 3671721.297200001776218 ], [ 3076853.441200003027916, 3671729.425599999725819 ], [ 3076832.95610000193119, 3671785.375300001353025 ], [ 3076831.238899998366833, 3671796.802999999374151 ], [ 3076824.639200001955032, 3671846.934799998998642 ], [ 3076803.574000000953674, 3671861.06700000166893 ], [ 3076792.167900003492832, 3671868.719200000166893 ], [ 3076789.741800002753735, 3671870.352299999445677 ], [ 3076783.84570000320673, 3671883.511599998921156 ], [ 3076762.83389999717474, 3671930.4070999994874 ], [ 3076710.211900003254414, 3671956.05519999936223 ], [ 3076667.745200000703335, 3671966.50899999961257 ], [ 3076620.8059, 3671958.769299998879433 ], [ 3076535.207500003278255, 3671906.522199999541044 ], [ 3076510.123800002038479, 3671896.738299999386072 ], [ 3076484.932599999010563, 3671886.909299999475479 ], [ 3076482.197400003671646, 3671885.842099998146296 ], [ 3076423.867799997329712, 3671893.424499999731779 ], [ 3076368.987899996340275, 3671900.558499999344349 ], [ 3076328.043200001120567, 3671876.149900000542402 ], [ 3076300.887000001966953, 3671829.187800001353025 ], [ 3076296.909400001168251, 3671826.539099998772144 ], [ 3076272.600299999117851, 3671810.351599998772144 ], [ 3076259.219499997794628, 3671801.377300001680851 ], [ 3076217.472499996423721, 3671787.351399999111891 ], [ 3076211.92059999704361, 3671786.095899999141693 ], [ 3076191.295999996364117, 3671781.432100001722574 ], [ 3076165.027800001204014, 3671775.492199998348951 ], [ 3076157.233999997377396, 3671774.260099999606609 ], [ 3076123.203900001943111, 3671768.880399998277426 ], [ 3076109.838500000536442, 3671766.767499998211861 ], [ 3076081.259700000286102, 3671766.154100000858307 ], [ 3076057.739699997007847, 3671767.685199998319149 ], [ 3076054.467299997806549, 3671770.3581000007689 ], [ 3076038.567299999296665, 3671783.194499999284744 ], [ 3076020.189499996602535, 3671795.69819999858737 ], [ 3075997.927299998700619, 3671801.575100000947714 ], [ 3075944.228200003504753, 3671800.625599998980761 ], [ 3075928.92790000140667, 3671807.516800001263618 ], [ 3075915.782999999821186, 3671817.227600000798702 ], [ 3075906.030799999833107, 3671826.225900001823902 ], [ 3075899.441799998283386, 3671838.469099998474121 ], [ 3075888.637199997901917, 3671853.929900001734495 ], [ 3075884.391099996864796, 3671887.1689000017941 ], [ 3075876.715800002217293, 3671920.6404 ], [ 3075866.224399998784065, 3671928.657999999821186 ], [ 3075854.206000000238419, 3671937.842599999159575 ], [ 3075825.894900001585484, 3671933.771600000560284 ], [ 3075819.377300001680851, 3671930.478300001472235 ], [ 3075806.051700003445148, 3671923.745000001043081 ], [ 3075786.0537, 3671926.51410000026226 ], [ 3075762.814499996602535, 3671931.552299998700619 ], [ 3075756.94030000269413, 3671932.825800001621246 ], [ 3075718.987000003457069, 3671931.845300000160933 ], [ 3075698.228299997746944, 3671922.853900000452995 ], [ 3075664.417700000107288, 3671887.155200000852346 ], [ 3075646.835100002586842, 3671858.7652000002563 ], [ 3075627.563900001347065, 3671842.303100001066923 ], [ 3075586.268700003623962, 3671827.750300001353025 ], [ 3075523.82150000333786, 3671820.969399999827147 ], [ 3075436.023900002241135, 3671779.911400001496077 ], [ 3075389.623099997639656, 3671754.865899998694658 ], [ 3075338.654500000178814, 3671727.657900001853704 ], [ 3075281.898400001227856, 3671702.300700001418591 ], [ 3075232.297499999403954, 3671678.323899999260902 ], [ 3075228.045299999415874, 3671676.268500000238419 ], [ 3075223.980800002813339, 3671675.097800001502037 ], [ 3075151.318499997258186, 3671654.170499999076128 ], [ 3075099.482799999415874, 3671636.365499999374151 ], [ 3075084.777400001883507, 3671633.449400000274181 ], [ 3075047.140699997544289, 3671625.98589999973774 ], [ 3074984.854299999773502, 3671636.910799998790026 ], [ 3074944.802599996328354, 3671641.468400001525879 ], [ 3074907.750200003385544, 3671662.076900001615286 ], [ 3074843.09570000320673, 3671704.649999998509884 ], [ 3074812.170100003480911, 3671751.431499999016523 ], [ 3074806.054200001060963, 3671771.025299999862909 ], [ 3074801.259900003671646, 3671788.0658 ], [ 3074806.7533999979496, 3671834.949999999254942 ], [ 3074803.543799996376038, 3671856.158700000494719 ], [ 3074803.481299996376038, 3671856.57209999859333 ], [ 3074800.208499997854233, 3671878.1842 ], [ 3074782.856200002133846, 3671883.745200000703335 ], [ 3074738.8706, 3671862.650499999523163 ], [ 3074729.520099997520447, 3671858.166299998760223 ], [ 3074702.0033999979496, 3671851.089899998158216 ], [ 3074663.121399998664856, 3671873.788400001823902 ], [ 3074648.897100001573563, 3671897.340599998831749 ], [ 3074645.653899997472763, 3671921.6305 ], [ 3074645.583599999547005, 3671922.156899999827147 ], [ 3074641.088100001215935, 3671951.485599998384714 ], [ 3074630.829300001263618, 3671967.899599999189377 ], [ 3074619.846799999475479, 3671973.04280000180006 ], [ 3074612.578000001609325, 3671967.107900001108646 ], [ 3074597.593699999153614, 3671941.021099999547005 ], [ 3074551.3429000005126, 3671887.914700001478195 ], [ 3074543.471600003540516, 3671872.679299999028444 ], [ 3074532.241800002753735, 3671854.432599999010563 ], [ 3074528.616700001060963, 3671848.542300000786781 ], [ 3074501.37780000269413, 3671845.876800000667572 ], [ 3074484.940600000321865, 3671850.39299999922514 ], [ 3074466.796899996697903, 3671878.330699998885393 ], [ 3074466.594200000166893, 3671878.642900001257658 ], [ 3074440.208800002932549, 3671889.208099998533726 ], [ 3074421.512699998915195, 3671881.566100001335144 ], [ 3074408.968599997460842, 3671882.3794 ], [ 3074392.601800002157688, 3671883.440600000321865 ], [ 3074390.259300000965595, 3671883.713500000536442 ], [ 3074389.985399998724461, 3671883.745400000363588 ], [ 3074354.501000002026558, 3671887.879000000655651 ], [ 3074306.955899998545647, 3671913.593499999493361 ], [ 3074265.623599998652935, 3671936.449999999254942 ], [ 3074248.068099997937679, 3671946.438900001347065 ], [ 3074204.415899999439716, 3671933.524300001561642 ], [ 3074175.877999998629093, 3671910.767900001257658 ], [ 3074164.364100001752377, 3671900.193599998950958 ], [ 3074143.375600002706051, 3671895.159499999135733 ], [ 3074108.745800003409386, 3671915.120299998670816 ], [ 3074087.418499998748302, 3671927.820500001311302 ], [ 3074073.325199998915195, 3671953.342399999499321 ], [ 3074055.79730000346899, 3671963.821699999272823 ], [ 3074024.566399998962879, 3671967.813900001347065 ], [ 3073966.196599997580051, 3672001.12220000103116 ], [ 3073940.674699999392033, 3672024.917599998414516 ], [ 3073912.155500002205372, 3672040.550700001418591 ], [ 3073883.662399999797344, 3672048.795299999415874 ], [ 3073832.803800001740456, 3672061.437800001353025 ], [ 3073766.371299996972084, 3672091.826699998229742 ], [ 3073738.269199997186661, 3672113.820000000298023 ], [ 3073711.448299996554852, 3672117.524500001221895 ], [ 3073669.3074000030756, 3672120.262699998915195 ], [ 3073608.702600002288818, 3672126.647700000554323 ], [ 3073573.497299998998642, 3672137.788800001144409 ], [ 3073532.165200002491474, 3672160.645599998533726 ], [ 3073507.246699996292591, 3672193.751499999314547 ], [ 3073495.630599997937679, 3672219.5962999984622 ], [ 3073497.227300003170967, 3672244.096500001847744 ], [ 3073516.037299998104572, 3672261.086100000888109 ], [ 3073542.74549999833107, 3672285.932199999690056 ], [ 3073567.562200002372265, 3672327.134199999272823 ], [ 3073567.792599998414516, 3672361.075500000268221 ], [ 3073540.553999997675419, 3672396.298799999058247 ], [ 3073532.607699997723103, 3672401.561500001698732 ], [ 3073495.2478, 3672426.304299999028444 ], [ 3073407.809799998998642, 3672459.037799999117851 ], [ 3073322.129100002348423, 3672496.078699998557568 ], [ 3073204.053800001740456, 3672542.11600000038743 ], [ 3073051.208200000226498, 3672598.286200001835823 ], [ 3072961.162299998104572, 3672628.727699998766184 ], [ 3072883.770700000226498, 3672649.485500000417233 ], [ 3072808.541500002145767, 3672665.675799999386072 ], [ 3072737.362800002098083, 3672683.575500000268221 ], [ 3072616.976599998772144, 3672693.841600000858307 ], [ 3072524.565099999308586, 3672695.400100000202656 ], [ 3072414.695000000298023, 3672685.795099999755621 ], [ 3072301.346100002527237, 3672668.045000001788139 ], [ 3072229.300499998033047, 3672649.695300001651049 ], [ 3072202.779399998486042, 3672642.940499998629093 ], [ 3072109.836800001561642, 3672628.791499998420477 ], [ 3072082.885600000619888, 3672630.536699999123812 ], [ 3072071.038800001144409, 3672622.44029999896884 ], [ 3071991.624499998986721, 3672611.846799999475479 ], [ 3071916.163999997079372, 3672594.096200000494719 ], [ 3071887.7544, 3672592.561900001019239 ], [ 3071862.33389999717474, 3672591.188999999314547 ], [ 3071798.278499998152256, 3672589.930300001055002 ], [ 3071734.386699996888638, 3672575.865299999713898 ], [ 3071667.904500000178814, 3672559.9989 ], [ 3071601.318400003015995, 3672534.784200001507998 ], [ 3071503.15820000320673, 3672478.16160000115633 ], [ 3071446.080600000917912, 3672432.649900000542402 ], [ 3071428.761699996888638, 3672414.717700000852346 ], [ 3071404.934600003063679, 3672390.046900000423193 ], [ 3071345.451300002634525, 3672337.804999999701977 ], [ 3071344.491499997675419, 3672337.067699998617172 ], [ 3071307.646700002253056, 3672308.764600001275539 ], [ 3071283.795999996364117, 3672290.1316 ], [ 3071212.567199997603893, 3672193.373700000345707 ], [ 3071149.01240000128746, 3672025.263799998909235 ], [ 3071146.468900002539158, 3671917.660199999809265 ], [ 3071175.000299997627735, 3671841.502700001001358 ], [ 3071186.687700003385544, 3671809.249800000339746 ], [ 3071193.31700000166893, 3671774.862199999392033 ], [ 3071180.928400002419949, 3671743.1891999989748 ], [ 3071141.886699996888638, 3671725.540100000798702 ], [ 3071109.188100002706051, 3671706.9923 ], [ 3071090.045699998736382, 3671692.490499999374151 ], [ 3071089.024300001561642, 3671676.809900000691414 ], [ 3071106.588899999856949, 3671666.809799998998642 ], [ 3071124.795999996364117, 3671674.488899998366833 ], [ 3071138.962200000882149, 3671680.457899998873472 ], [ 3071168.161499999463558, 3671682.992600001394749 ], [ 3071244.772900000214577, 3671680.484499998390675 ], [ 3071260.354099996387959, 3671683.366399999707937 ], [ 3071290.098999999463558, 3671688.867899999022484 ], [ 3071310.468299999833107, 3671691.979200001806021 ], [ 3071318.852600000798702, 3671684.542399998754263 ], [ 3071326.696000002324581, 3671661.398200001567602 ], [ 3071321.709499999880791, 3671652.939300000667572 ], [ 3071315.367899999022484, 3671642.18189999833703 ], [ 3071301.2676, 3671618.263000000268221 ], [ 3071244.152999997138977, 3671572.270799998193979 ], [ 3071157.863200001418591, 3671544.664200000464916 ], [ 3071145.656300000846386, 3671540.758900001645088 ], [ 3071110.665200002491474, 3671524.819200001657009 ], [ 3071090.611299999058247, 3671502.324299998581409 ], [ 3071074.586800001561642, 3671484.349500000476837 ], [ 3071040.746299996972084, 3671448.160599999129772 ], [ 3070987.696000002324581, 3671426.992600001394749 ], [ 3070932.335400000214577, 3671407.941599998623133 ], [ 3070878.748400002717972, 3671416.342300001531839 ], [ 3070810.594300001859665, 3671442.905499998480082 ], [ 3070769.333400003612041, 3671459.356199998408556 ], [ 3070736.375399999320507, 3671474.778200000524521 ], [ 3070736.012800000607967, 3671499.409200001507998 ], [ 3070744.416000001132488, 3671530.352800000458956 ], [ 3070759.464699998497963, 3671550.05290000140667 ], [ 3070776.296700000762939, 3671566.671700000762939 ], [ 3070791.560900002717972, 3671597.179499998688698 ], [ 3070793.148500002920628, 3671621.6809 ], [ 3070770.995800003409386, 3671659.530600000172853 ], [ 3070752.650600001215935, 3671687.791499998420477 ], [ 3070744.35869999974966, 3671693.712999999523163 ], [ 3070711.735500000417233, 3671717.0099 ], [ 3070666.968900002539158, 3671724.834899999201298 ], [ 3070630.751400001347065, 3671720.295800000429153 ], [ 3070603.354099996387959, 3671715.181000001728535 ], [ 3070576.159199997782707, 3671705.628199998289347 ], [ 3070564.024899996817112, 3671693.131700001657009 ], [ 3070573.995700001716614, 3671672.306600000709295 ], [ 3070612.562399998307228, 3671644.705800000578165 ], [ 3070615.336400002241135, 3671641.146899998188019 ], [ 3070627.101700000464916, 3671626.05290000140667 ], [ 3070614.8091000020504, 3671611.096400000154972 ], [ 3070608.941500000655651, 3671588.842599999159575 ], [ 3070576.558200001716614, 3671575.19539999961853 ], [ 3070546.8684, 3671572.688400000333786 ], [ 3070486.883199997246265, 3671581.00730000063777 ], [ 3070402.568800002336502, 3671598.609200000762939 ], [ 3070401.427000001072884, 3671598.847600001841784 ], [ 3070329.595399998128414, 3671599.079999998211861 ], [ 3070328.741700001060963, 3671599.0735 ], [ 3070295.625500001013279, 3671598.820900000631809 ], [ 3070282.706200003623962, 3671599.659299999475479 ], [ 3070259.85360000282526, 3671601.142200000584126 ], [ 3070225.389399997889996, 3671585.654800001531839 ], [ 3070222.38120000064373, 3671584.713700000196695 ], [ 3070183.69539999961853, 3671572.611099999397993 ], [ 3070142.547399997711182, 3671564.453099999576807 ], [ 3070131.351499997079372, 3671562.233399998396635 ], [ 3070086.340499997138977, 3671558.750900000333786 ], [ 3070081.987999998033047, 3671558.342199999839067 ], [ 3070027.423500001430511, 3671553.219200000166893 ], [ 3069913.382600001990795, 3671539.571100000292063 ], [ 3069907.406499996781349, 3671538.855900000780821 ], [ 3069881.9324000030756, 3671523.770100001245737 ], [ 3069876.695000000298023, 3671520.668499998748302 ], [ 3069872.462099999189377, 3671521.69200000166893 ], [ 3069865.55460000038147, 3671523.362100001424551 ], [ 3069834.350699998438358, 3671527.845800001174212 ], [ 3069744.290100000798702, 3671512.521899998188019 ], [ 3069688.101999998092651, 3671511.253199998289347 ], [ 3069616.269299998879433, 3671511.476199999451637 ], [ 3069568.948700003325939, 3671510.1206 ], [ 3069546.397100001573563, 3671511.579 ], [ 3069543.20610000193119, 3671511.938799999654293 ], [ 3069504.514300003647804, 3671516.301300000399351 ], [ 3069495.101599998772144, 3671517.36259999871254 ], [ 3069468.884300000965595, 3671530.3885000012815 ], [ 3069438.795800000429153, 3671547.773200001567602 ], [ 3069425.721199996769428, 3671555.327500000596046 ], [ 3069401.823299996554852, 3671566.225900001823902 ], [ 3069359.190800003707409, 3671568.993299998342991 ], [ 3069336.769599996507168, 3671572.41160000115633 ], [ 3069272.848600000143051, 3671626.25959999859333 ], [ 3069265.77419999986887, 3671653.787300001829863 ], [ 3069267.49210000038147, 3671680.2489 ], [ 3069282.338699996471405, 3671704.386599998921156 ], [ 3069310.88740000128746, 3671727.131900001317263 ], [ 3069327.868699997663498, 3671746.211399998515844 ], [ 3069341.172899998724461, 3671776.839600000530481 ], [ 3069360.113899998366833, 3671795.788899999111891 ], [ 3069386.443099997937679, 3671814.75450000166893 ], [ 3069413.970899999141693, 3671821.828899998217821 ], [ 3069438.918099999427795, 3671827.101399999111891 ], [ 3069461.377700001001358, 3671832.042100001126528 ], [ 3069477.661899998784065, 3671840.330899998545647 ], [ 3069488.690399996936321, 3671866.188700001686811 ], [ 3069490.027699999511242, 3671886.76969999819994 ], [ 3069472.667000003159046, 3671930.222100000828505 ], [ 3069459.753200002014637, 3671973.8662 ], [ 3069451.468400001525879, 3671989.947299998253584 ], [ 3069438.766999997198582, 3672014.601599998772144 ], [ 3069414.405699998140335, 3672043.78489999845624 ], [ 3069403.154500000178814, 3672057.2632 ], [ 3069372.20549999922514, 3672080.923500001430511 ], [ 3069358.145199999213219, 3672091.6706000007689 ], [ 3069342.804899998009205, 3672111.7516999989748 ], [ 3069327.293200001120567, 3672132.057199999690056 ], [ 3069291.505199998617172, 3672170.8158 ], [ 3069289.590800002217293, 3672172.888999998569489 ], [ 3069287.3596, 3672175.728000000119209 ], [ 3069254.136200003325939, 3672218.000700000673532 ], [ 3069208.838899999856949, 3672247.998100001364946 ], [ 3069145.7128000035882, 3672291.668400000780821 ], [ 3069133.480700001120567, 3672300.1305 ], [ 3069045.021600000560284, 3672355.076999999582767 ], [ 3068929.881999999284744, 3672423.557799998670816 ], [ 3068706.145999997854233, 3672530.51240000128746 ], [ 3068682.160700000822544, 3672541.978300001472235 ], [ 3068596.523800000548363, 3672572.135899998247623 ], [ 3068554.495399996638298, 3672584.214200001209974 ], [ 3068471.308700002729893, 3672614.214099999517202 ], [ 3068389.174099996685982, 3672637.751200001686811 ], [ 3068360.262500002980232, 3672639.627399999648333 ], [ 3068297.381099998950958, 3672641.245400000363588 ], [ 3068196.123499996960163, 3672658.1393 ], [ 3068062.710400000214577, 3672680.083000000566244 ], [ 3067939.380900003015995, 3672690.539700001478195 ], [ 3067806.958999998867512, 3672689.774399999529123 ], [ 3067639.761100001633167, 3672714.401099998503923 ], [ 3067574.118199996650219, 3672726.532999999821186 ], [ 3067445.272799998521805, 3672750.639600001275539 ], [ 3067402.797700002789497, 3672755.848299998790026 ], [ 3067339.62780000269413, 3672753.056699998676777 ], [ 3067272.205799996852875, 3672753.003400001674891 ], [ 3067248.652500003576279, 3672738.790199998766184 ], [ 3067214.438100002706051, 3672727.224199999123812 ], [ 3067186.464299999177456, 3672713.28999999910593 ], [ 3067161.396300002932549, 3672706.057500001043081 ], [ 3067115.291400000452995, 3672693.303100001066923 ], [ 3067086.091600000858307, 3672690.769600000232458 ], [ 3067058.573399998247623, 3672683.694899998605251 ], [ 3067055.105800002813339, 3672683.428399998694658 ], [ 3067051.582800000905991, 3672682.181000001728535 ], [ 3067064.54280000180006, 3672646.975999999791384 ], [ 3067065.144400000572205, 3672645.341699998825788 ], [ 3067062.122900001704693, 3672531.153999999165535 ], [ 3067006.632799997925758, 3672433.55689999833703 ], [ 3066988.482199996709824, 3672415.908900000154972 ], [ 3066969.213600002229214, 3672421.300500001758337 ], [ 3066955.188100002706051, 3672425.160700000822544 ], [ 3066912.483300000429153, 3672434.326900001615286 ], [ 3066783.281900003552437, 3672475.677799999713898 ], [ 3066724.568000003695488, 3672501.211500000208616 ], [ 3066704.793700002133846, 3672509.811000000685453 ], [ 3066681.287699997425079, 3672534.459399998188019 ], [ 3066660.8462999984622, 3672568.269499998539686 ], [ 3066656.4243, 3672681.276700001209974 ], [ 3066655.577399998903275, 3672683.515099998563528 ], [ 3066656.296899996697903, 3672684.535300001502037 ], [ 3066655.479800000786781, 3672705.417500000447035 ], [ 3066671.142399996519089, 3672855.967000000178814 ], [ 3066688.68639999628067, 3672929.13459999859333 ], [ 3066718.595100000500679, 3673010.851100001484156 ], [ 3066753.093099996447563, 3673133.120099999010563 ], [ 3066763.823100000619888, 3673237.725400000810623 ], [ 3066814.806100003421307, 3673477.514499999582767 ], [ 3066828.528099998831749, 3673567.668400000780821 ], [ 3066859.40259999781847, 3673725.099700000137091 ], [ 3066899.432899996638298, 3673826.340199999511242 ], [ 3066931.16160000115633, 3673875.453699998557568 ], [ 3066983.764700002968311, 3673942.905000001192093 ], [ 3067091.12950000166893, 3674035.340399999171495 ], [ 3067139.154899999499321, 3674070.117600001394749 ], [ 3067169.513599999248981, 3674113.426300000399351 ], [ 3067211.113300003111362, 3674155.761500000953674 ], [ 3067215.586000002920628, 3674199.538699999451637 ], [ 3067261.57490000128746, 3674222.96169999986887 ], [ 3067276.303000003099442, 3674327.212900001555681 ], [ 3067276.472800001502037, 3674328.415399998426437 ], [ 3067280.858000002801418, 3674396.038600001484156 ], [ 3067303.035499997437, 3674502.869199998676777 ], [ 3067359.033900000154972, 3674607.496599998325109 ], [ 3067394.949299998581409, 3674652.891399998217821 ], [ 3067434.813500002026558, 3674698.535700000822544 ], [ 3067484.450099997222424, 3674743.048300001770258 ], [ 3067536.759900003671646, 3674790.833000000566244 ], [ 3067588.493299998342991, 3674829.797699999064207 ], [ 3067661.383400000631809, 3674876.2445 ], [ 3067726.586599998176098, 3674910.396800000220537 ], [ 3067793.787600003182888, 3674944.918200001120567 ], [ 3067888.289399996399879, 3674975.696600001305342 ], [ 3068001.159100003540516, 3675023.980099998414516 ], [ 3068043.572200000286102, 3675033.037099998444319 ], [ 3068167.773000001907349, 3675066.320599999278784 ], [ 3068255.021700002253056, 3675083.78660000115633 ], [ 3068341.961499996483326, 3675088.974899999797344 ], [ 3068375.975199997425079, 3675089.474700000137091 ], [ 3068496.626400001347065, 3675091.248100001364946 ], [ 3068524.778899997472763, 3675093.328200001269579 ], [ 3068556.947499997913837, 3675095.705200001597404 ], [ 3068702.105599999427795, 3675095.632800001651049 ], [ 3068837.545699998736382, 3675089.803800001740456 ], [ 3068932.335100002586842, 3675094.480799999088049 ], [ 3069065.494499996304512, 3675099.138300001621246 ], [ 3069177.037100002169609, 3675104.208299998193979 ], [ 3069256.93469999730587, 3675122.148499999195337 ], [ 3069297.229800000786781, 3675128.885899998247623 ], [ 3069388.16889999806881, 3675150.059099998325109 ], [ 3069540.114699997007847, 3675186.461300000548363 ], [ 3069647.690499998629093, 3675221.312600001692772 ], [ 3069772.102600000798702, 3675258.028200000524521 ], [ 3069879.505999997258186, 3675275.174800001084805 ], [ 3069926.067500002682209, 3675288.058299999684095 ], [ 3069960.181400001049042, 3675297.497600000351667 ], [ 3070020.081200003623962, 3675318.218299999833107 ], [ 3070096.694499999284744, 3675361.47520000115037 ], [ 3070157.595399998128414, 3675390.008299998939037 ], [ 3070194.528899997472763, 3675413.194400001317263 ], [ 3070283.576300002634525, 3675450.723799999803305 ], [ 3070332.40820000320673, 3675467.740800000727177 ], [ 3070378.075800001621246, 3675481.503400001674891 ], [ 3070506.489399999380112, 3675481.049100000411272 ], [ 3070616.927799999713898, 3675476.848200000822544 ], [ 3070721.755400002002716, 3675476.937199998646975 ], [ 3070807.130800001323223, 3675480.749600000679493 ], [ 3070820.102099999785423, 3675480.563400000333786 ], [ 3070865.637299999594688, 3675479.909699998795986 ], [ 3070892.712700001895428, 3675495.379799999296665 ], [ 3070936.437299996614456, 3675501.894799999892712 ], [ 3070973.099299997091293, 3675513.293099999427795 ], [ 3071003.549500003457069, 3675527.55970000103116 ], [ 3071043.29110000282526, 3675571.243299998342991 ], [ 3071081.878200002014637, 3675619.919700000435114 ], [ 3071110.550499998033047, 3675659.879799999296665 ], [ 3071138.206299997866154, 3675699.425200000405312 ], [ 3071152.776000000536442, 3675722.006099998950958 ], [ 3071162.284199997782707, 3675736.742600001394749 ], [ 3071193.664200000464916, 3675773.087900001555681 ], [ 3071224.068000003695488, 3675816.88459999859333 ], [ 3071278.009199999272823, 3675859.639600001275539 ], [ 3071333.337700001895428, 3675900.831000000238419 ], [ 3071386.511, 3675939.212799999862909 ], [ 3071426.995099999010563, 3675964.146499998867512 ], [ 3071489.673900000751019, 3676004.86430000141263 ], [ 3071536.625699996948242, 3676015.593899998813868 ], [ 3071562.137900002300739, 3676029.686599999666214 ], [ 3071621.693300001323223, 3676045.017000000923872 ], [ 3071676.61599999666214, 3676057.205299999564886 ], [ 3071754.8191, 3676071.818999998271465 ], [ 3071817.183899998664856, 3676084.994300000369549 ], [ 3071867.659000001847744, 3676096.981199998408556 ], [ 3071913.94200000166893, 3676097.420899998396635 ], [ 3071941.331799998879433, 3676080.61710000038147 ], [ 3071982.088899999856949, 3676055.612300001084805 ], [ 3072048.619599997997284, 3675988.803399998694658 ], [ 3072084.637800000607967, 3675944.645500000566244 ], [ 3072105.754699997603893, 3675913.750700000673532 ], [ 3072146.813299998641014, 3675879.095400001853704 ], [ 3072178.049599997699261, 3675859.855900000780821 ], [ 3072215.851899996399879, 3675851.007100000977516 ], [ 3072273.689099997282028, 3675839.87779999896884 ], [ 3072295.248999997973442, 3675838.475499998778105 ], [ 3072340.588200002908707, 3675801.582299999892712 ], [ 3072352.733000002801418, 3675753.557300001382828 ], [ 3072361.864699997007847, 3675674.237100001424551 ], [ 3072379.55290000140667, 3675613.053899999707937 ], [ 3072399.27759999781847, 3675560.598499998450279 ], [ 3072431.066600002348423, 3675504.403999999165535 ] ] ], [ [ [ 3096059.723200000822544, 3676408.06870000064373 ], [ 3096046.788699999451637, 3676388.632199998944998 ], [ 3096031.689000003039837, 3676374.245099999010563 ], [ 3096001.6699, 3676357.263599999248981 ], [ 3095982.571699999272823, 3676350.487799998372793 ], [ 3095960.447599999606609, 3676350.776799999177456 ], [ 3095925.222300000488758, 3676363.142900001257658 ], [ 3095886.495999999344349, 3676391.452500000596046 ], [ 3095872.528800003230572, 3676396.693 ], [ 3095860.235799998044968, 3676396.901700001209974 ], [ 3095834.033100001513958, 3676394.971000000834465 ], [ 3095769.351499997079372, 3676365.714699998497963 ], [ 3095661.31139999628067, 3676327.141199998557568 ], [ 3095616.332900002598763, 3676323.826099999248981 ], [ 3095578.067299999296665, 3676326.025600001215935 ], [ 3095527.348700001835823, 3676342.734299998730421 ], [ 3095499.407399997115135, 3676370.428399998694658 ], [ 3095499.222199998795986, 3676401.441300000995398 ], [ 3095497.519599996507168, 3676405.972899999469519 ], [ 3095511.791000001132488, 3676440.097800001502037 ], [ 3095535.035499997437, 3676467.797400001436472 ], [ 3095567.778999999165535, 3676497.903999999165535 ], [ 3095619.270499996840954, 3676528.904699999839067 ], [ 3095653.334700003266335, 3676564.838500000536442 ], [ 3095671.076899997889996, 3676590.889899998903275 ], [ 3095677.369000002741814, 3676614.643800001591444 ], [ 3095677.227399997413158, 3676655.008000001311302 ], [ 3095668.077600002288818, 3676727.101399999111891 ], [ 3095667.410599999129772, 3676732.357200000435114 ], [ 3095665.808399997651577, 3676738.850499998778105 ], [ 3095659.614699997007847, 3676759.381499998271465 ], [ 3095656.546300001442432, 3676783.189399998635054 ], [ 3095656.223200000822544, 3676792.973099999129772 ], [ 3095655.650600001215935, 3676810.307599999010563 ], [ 3095656.987499997019768, 3676824.995999999344349 ], [ 3095664.966899998486042, 3676835.366900000721216 ], [ 3095673.353100001811981, 3676844.229800000786781 ], [ 3095683.850199997425079, 3676847.072599999606609 ], [ 3095701.627599999308586, 3676848.021000001579523 ], [ 3095719.174099996685982, 3676845.03830000013113 ], [ 3095729.42509999871254, 3676835.098799999803305 ], [ 3095743.006700001657009, 3676822.994800001382828 ], [ 3095748.160300001502037, 3676784.306400001049042 ], [ 3095745.691500000655651, 3676750.000300001353025 ], [ 3095743.915700003504753, 3676719.097699999809265 ], [ 3095763.102099999785423, 3676676.158500000834465 ], [ 3095787.1743, 3676624.072900000959635 ], [ 3095819.649499997496605, 3676589.721099998801947 ], [ 3095867.004199996590614, 3676565.834499999880791 ], [ 3095922.910300001502037, 3676553.7522 ], [ 3095947.319700002670288, 3676550.374200001358986 ], [ 3096001.237999998033047, 3676537.921900000423193 ], [ 3096037.9243, 3676525.473799999803305 ], [ 3096056.380900003015995, 3676512.604299999773502 ], [ 3096065.034999996423721, 3676491.925200000405312 ], [ 3096071.535300001502037, 3676467.924400001764297 ], [ 3096069.897299997508526, 3676439.473099999129772 ], [ 3096059.723200000822544, 3676408.06870000064373 ] ] ], [ [ [ 3095317.961599998176098, 3677681.720100000500679 ], [ 3095376.751299999654293, 3677676.85190000012517 ], [ 3095440.284599997103214, 3677677.628499999642372 ], [ 3095552.849200002849102, 3677675.088799998164177 ], [ 3095565.742600001394749, 3677674.798000000417233 ], [ 3095555.307199999690056, 3677649.348299998790026 ], [ 3095530.473300002515316, 3677551.364 ], [ 3095483.629000000655651, 3677242.00730000063777 ], [ 3095466.771499998867512, 3677128.791299998760223 ], [ 3095434.571800000965595, 3677108.008099999278784 ], [ 3095443.701999999582767, 3676982.255899999290705 ], [ 3095445.86089999973774, 3676952.520199999213219 ], [ 3095457.35869999974966, 3676794.156700000166893 ], [ 3095488.020499996840954, 3676728.412599999457598 ], [ 3095493.581600002944469, 3676688.22580000013113 ], [ 3095496.240199998021126, 3676640.323699999600649 ], [ 3095475.023199997842312, 3676605.123500000685453 ], [ 3095456.670800000429153, 3676577.139400001615286 ], [ 3095386.268100000917912, 3676533.942800000309944 ], [ 3095359.421300001442432, 3676520.727299999445677 ], [ 3095347.423500001430511, 3676491.884300000965595 ], [ 3095342.036300003528595, 3676441.001499999314547 ], [ 3095352.212300002574921, 3676403.997699998319149 ], [ 3095350.957999996840954, 3676390.780000001192093 ], [ 3095347.147799998521805, 3676324.553300000727177 ], [ 3095342.773100003600121, 3676291.337600000202656 ], [ 3095311.36259999871254, 3676258.697000000625849 ], [ 3095303.75110000371933, 3676254.698699999600649 ], [ 3095297.886500000953674, 3676255.529899999499321 ], [ 3095289.145300000905991, 3676257.50620000064373 ], [ 3095282.827799998223782, 3676258.854600001126528 ], [ 3095280.32769999653101, 3676266.873700000345707 ], [ 3095229.183600001037121, 3676284.589999999850988 ], [ 3095209.315800003707409, 3676315.754999998956919 ], [ 3095114.667000003159046, 3676347.286400001496077 ], [ 3095104.397299997508526, 3676346.252300001680851 ], [ 3095102.656999997794628, 3676395.232500001788139 ], [ 3095100.780100002884865, 3676490.824099998921156 ], [ 3095100.093299999833107, 3676530.235599998384714 ], [ 3095104.240199998021126, 3676585.122400000691414 ], [ 3095124.349799998104572, 3676702.334699999541044 ], [ 3095140.530699998140335, 3676796.647799998521805 ], [ 3095142.513099998235703, 3676807.663400001823902 ], [ 3095168.8125, 3676953.393699999898672 ], [ 3095179.968400001525879, 3677016.125599998980761 ], [ 3095187.050599999725819, 3677056.047200001776218 ], [ 3095192.576999999582767, 3677086.673500001430511 ], [ 3095206.126900002360344, 3677157.4254 ], [ 3095220.033699996769428, 3677224.851199999451637 ], [ 3095221.560400001704693, 3677231.782800000160933 ], [ 3095232.822899997234344, 3677282.918800000101328 ], [ 3095235.695100001990795, 3677295.658500000834465 ], [ 3095219.068899996578693, 3677348.791200000792742 ], [ 3095208.688199996948242, 3677390.72410000115633 ], [ 3095209.767499998211861, 3677401.000900000333786 ], [ 3095211.2544, 3677409.779399998486042 ], [ 3095220.79619999974966, 3677421.527800001204014 ], [ 3095225.168799996376038, 3677429.150699999183416 ], [ 3095234.089699998497963, 3677447.347100000828505 ], [ 3095235.217699997127056, 3677449.742499999701977 ], [ 3095236.527199998497963, 3677463.940600000321865 ], [ 3095235.820500001311302, 3677477.268399998545647 ], [ 3095231.822200000286102, 3677484.879900000989437 ], [ 3095217.3015, 3677514.750799998641014 ], [ 3095215.01630000025034, 3677517.839699998497963 ], [ 3095215.168499998748302, 3677537.522300001233816 ], [ 3095215.839500002563, 3677549.287599999457598 ], [ 3095229.996899999678135, 3677564.228799998760223 ], [ 3095241.137500002980232, 3677578.346599999815226 ], [ 3095251.731799997389317, 3677599.891399998217821 ], [ 3095253.068800002336502, 3677614.579599998891354 ], [ 3095250.688799999654293, 3677624.559000000357628 ], [ 3095244.755400002002716, 3677641.141100000590086 ], [ 3095236.603299997746944, 3677653.421799998730421 ], [ 3095221.268200002610683, 3677686.299100000411272 ], [ 3095317.961599998176098, 3677681.720100000500679 ] ] ] ] } }
]
}
