{
"type": "FeatureCollection",
"name": "india_boundary",
"crs": { "type": "name", "properties": { "name": "urn:ogc:def:crs:OGC:1.3:CRS84" } },
"features": [
{ "type": "Feature", "properties": { "country": "India" }, "geometry": { "type": "MultiPolygon", "coordinates": [ [ [ [ 72.283495517083907, 10.040735049682317, 0.0 ], [ 72.288601145120907, 10.049520109410945, 0.0 ], [ 72.290365580811169, 10.052856630228492, 0.0 ], [ 72.288520447424872, 10.045279695309647, 0.0 ], [ 72.283495517083907, 10.040735049682317, 0.0 ] ] ], [ [ [ 72.334848400583283, 10.104169199498857, 0.0 ], [ 72.338387400293215, 10.10274540047055, 0.0 ], [ 72.333873699460568, 10.096331099715682, 0.0 ], [ 72.334848400583283, 10.104169199498857, 0.0 ] ] ], [ [ [ 72.331576929809827, 10.13267989183055, 0.0 ], [ 72.3271839907257, 10.129537415078126, 0.0 ], [ 72.327921594879541, 10.138406779528673, 0.0 ], [ 72.331576929809827, 10.13267989183055, 0.0 ] ] ], [ [ [ 72.534279400738484, 10.785050500210181, 0.0 ], [ 72.536311600228032, 10.78218400060025, 0.0 ], [ 72.531359699762589, 10.780667199851589, 0.0 ], [ 72.534279400738484, 10.785050500210181, 0.0 ] ] ], [ [ [ 72.168531017313256, 10.81498646655422, 0.0 ], [ 72.164941477748371, 10.812455496876023, 0.0 ], [ 72.164571143883251, 10.812862408634732, 0.0 ], [ 72.168531017313256, 10.81498646655422, 0.0 ] ] ], [ [ [ 72.205764380931612, 10.875420894072448, 0.0 ], [ 72.179529516620946, 10.828550522522301, 0.0 ], [ 72.169916814965418, 10.817910949290903, 0.0 ], [ 72.194467590669888, 10.871052302250742, 0.0 ], [ 72.205764380931612, 10.875420894072448, 0.0 ] ] ], [ [ [ 72.287225969648205, 10.946633996179413, 0.0 ], [ 72.292562599900577, 10.936691018307606, 0.0 ], [ 72.284795742122881, 10.936390229454977, 0.0 ], [ 72.287225969648205, 10.946633996179413, 0.0 ] ] ], [ [ [ 72.320358003993661, 10.945751993964421, 0.0 ], [ 72.316286193776847, 10.948956077867587, 0.0 ], [ 72.326834235805904, 10.951254461903902, 0.0 ], [ 72.320358003993661, 10.945751993964421, 0.0 ] ] ], [ [ [ 72.331509418258634, 10.950369328305149, 0.0 ], [ 72.330164363806063, 10.951381660224994, 0.0 ], [ 72.333407462057366, 10.952417332596108, 0.0 ], [ 72.331509418258634, 10.950369328305149, 0.0 ] ] ], [ [ [ 72.33423983711738, 10.953154267907097, 0.0 ], [ 72.332812419858513, 10.954663802564978, 0.0 ], [ 72.334591765000695, 10.955012117588357, 0.0 ], [ 72.33423983711738, 10.953154267907097, 0.0 ] ] ], [ [ [ 72.334797521165839, 10.955947853622657, 0.0 ], [ 72.334261768101499, 10.958944740760924, 0.0 ], [ 72.335222680168314, 10.957561679779884, 0.0 ], [ 72.334797521165839, 10.955947853622657, 0.0 ] ] ], [ [ [ 72.186929682255581, 11.598397327463996, 0.0 ], [ 72.185362361687496, 11.601701795179025, 0.0 ], [ 72.190226055087578, 11.598577475865147, 0.0 ], [ 72.186929682255581, 11.598397327463996, 0.0 ] ] ], [ [ [ 71.0021101005904, 20.736088518840191, 0.0 ], [ 70.976956761323194, 20.702803615573973, 0.0 ], [ 70.878045311994811, 20.709780841093295, 0.0 ], [ 70.821791186156389, 20.691362114490879, 0.0 ], [ 70.437719513909812, 20.852898943171482, 0.0 ], [ 70.256828083592595, 20.973234083086471, 0.0 ], [ 70.047676705717222, 21.156947488051845, 0.0 ], [ 69.615963686789442, 21.624551772483596, 0.0 ], [ 69.566185229388637, 21.651500898253325, 0.0 ], [ 69.216552175372968, 21.95750826387496, 0.0 ], [ 68.981197770846293, 22.2122974137712, 0.0 ], [ 68.973756800828028, 22.236539527661133, 0.0 ], [ 68.958220204357644, 22.238098219226224, 0.0 ], [ 68.935757802346146, 22.311825992814253, 0.0 ], [ 68.977132268748761, 22.403551465756436, 0.0 ], [ 68.98177477906728, 22.40159743294355, 0.0 ], [ 68.996374154860163, 22.401599865236808, 0.0 ], [ 69.000000001147669, 22.40409847288667, 0.0 ], [ 68.980646994724935, 22.402311991190714, 0.0 ], [ 68.984477401163545, 22.413435116375826, 0.0 ], [ 69.068116139228337, 22.481384881766331, 0.0 ], [ 69.083621993167512, 22.474589505064195, 0.0 ], [ 69.049710375813092, 22.437764618125367, 0.0 ], [ 69.039466763377405, 22.445710929642413, 0.0 ], [ 69.035489515958801, 22.390270195901625, 0.0 ], [ 69.081845428780142, 22.388202815552045, 0.0 ], [ 69.110490324634242, 22.409944267054588, 0.0 ], [ 69.127976937708823, 22.395107485163521, 0.0 ], [ 69.121169614480422, 22.375637591527948, 0.0 ], [ 69.130297952847599, 22.395089370489845, 0.0 ], [ 69.168850903666268, 22.407482188274063, 0.0 ], [ 69.175825240843778, 22.422958438125761, 0.0 ], [ 69.194828599620863, 22.421844962912541, 0.0 ], [ 69.187680525130901, 22.402522579517143, 0.0 ], [ 69.200921965649513, 22.401356356668732, 0.0 ], [ 69.167868927245493, 22.373251984733898, 0.0 ], [ 69.180932347198862, 22.370656135685419, 0.0 ], [ 69.163356605845252, 22.348613089663644, 0.0 ], [ 69.153940663250026, 22.24873344925955, 0.0 ], [ 69.133789657599593, 22.22264462507561, 0.0 ], [ 69.136401177368612, 22.195547181150641, 0.0 ], [ 69.148159275116555, 22.195015718848747, 0.0 ], [ 69.17853219678021, 22.21283949411394, 0.0 ], [ 69.179151921812419, 22.228141820238957, 0.0 ], [ 69.190297357281239, 22.243641731173415, 0.0 ], [ 69.212815126492657, 22.210349084319795, 0.0 ], [ 69.237587628675684, 22.222706491126139, 0.0 ], [ 69.233600393141543, 22.24991891644202, 0.0 ], [ 69.252815281851412, 22.266436430166038, 0.0 ], [ 69.27951398086006, 22.269935446641828, 0.0 ], [ 69.28050996770726, 22.267655757958224, 0.0 ], [ 69.27994807791417, 22.266485985642856, 0.0 ], [ 69.280448949876373, 22.264653077115685, 0.0 ], [ 69.279751510254115, 22.263009061472857, 0.0 ], [ 69.279583129445641, 22.260769321041249, 0.0 ], [ 69.279952816121991, 22.259351760908253, 0.0 ], [ 69.281680822517529, 22.257758754553599, 0.0 ], [ 69.282613443235093, 22.255736454990775, 0.0 ], [ 69.283828556754855, 22.254580940224336, 0.0 ], [ 69.292801742227795, 22.286793929538767, 0.0 ], [ 69.336051598159585, 22.30507428790207, 0.0 ], [ 69.332725813873679, 22.327830834137483, 0.0 ], [ 69.423187559096405, 22.316011812174494, 0.0 ], [ 69.490282258245344, 22.337438784810868, 0.0 ], [ 69.499481645711114, 22.366325327013143, 0.0 ], [ 69.534775336912944, 22.370877585666204, 0.0 ], [ 69.537318091622922, 22.372739265988187, 0.0 ], [ 69.537607425921934, 22.375945237508688, 0.0 ], [ 69.540442023622177, 22.377206499354774, 0.0 ], [ 69.561323253027112, 22.355840456347551, 0.0 ], [ 69.57958145602035, 22.367355982311299, 0.0 ], [ 69.597659435818144, 22.346160500107516, 0.0 ], [ 69.617351985267902, 22.345417425156086, 0.0 ], [ 69.621132640301113, 22.371827623821201, 0.0 ], [ 69.655366241736061, 22.359565459632282, 0.0 ], [ 69.660905198716151, 22.396242069199545, 0.0 ], [ 69.702160562433349, 22.398692648295924, 0.0 ], [ 69.696147883138423, 22.452526589516168, 0.0 ], [ 69.730690966924598, 22.484552117069377, 0.0 ], [ 69.743670948132234, 22.458941501994477, 0.0 ], [ 69.734783040294545, 22.449222030181268, 0.0 ], [ 69.735379533351662, 22.448002496200029, 0.0 ], [ 69.741634616891673, 22.446386053470768, 0.0 ], [ 69.732830186917155, 22.442829738202132, 0.0 ], [ 69.746038758987737, 22.428046290026039, 0.0 ], [ 69.759076176520978, 22.443302872634067, 0.0 ], [ 69.789719388897197, 22.413773766213488, 0.0 ], [ 69.797581911188161, 22.404575556472974, 0.0 ], [ 69.79123782103018, 22.383571831117582, 0.0 ], [ 69.791851522718616, 22.380172041340192, 0.0 ], [ 69.796530315516563, 22.377738750423504, 0.0 ], [ 69.832822707200151, 22.447073229781711, 0.0 ], [ 69.870996559286297, 22.422967010989758, 0.0 ], [ 69.887799763894378, 22.454635386928555, 0.0 ], [ 69.937406352705992, 22.463268987593246, 0.0 ], [ 69.939848911988761, 22.482788026126979, 0.0 ], [ 69.979255483267465, 22.468166275334447, 0.0 ], [ 69.987661594921661, 22.510466019701909, 0.0 ], [ 70.010296110793874, 22.499923483917094, 0.0 ], [ 70.073123512164599, 22.517825905839221, 0.0 ], [ 70.09121662943916, 22.508161474242321, 0.0 ], [ 70.085829570363316, 22.494058390599442, 0.0 ], [ 70.116291003576634, 22.501035661500175, 0.0 ], [ 70.118111148843866, 22.487033771119808, 0.0 ], [ 70.120211435722467, 22.48635094155668, 0.0 ], [ 70.124145900469969, 22.512616331637172, 0.0 ], [ 70.184724984856373, 22.522164999409966, 0.0 ], [ 70.179182179312448, 22.567521989066005, 0.0 ], [ 70.263508926599769, 22.653458810614865, 0.0 ], [ 70.278688168121434, 22.725271910153033, 0.0 ], [ 70.413308611585023, 22.81839049104531, 0.0 ], [ 70.462322738266579, 22.831307174900314, 0.0 ], [ 70.491092904281913, 22.889886676613258, 0.0 ], [ 70.535149139011253, 22.912056693829175, 0.0 ], [ 70.539653692042293, 22.925498277450345, 0.0 ], [ 70.480302680308, 22.937098001902886, 0.0 ], [ 70.432660075522222, 22.967061651628839, 0.0 ], [ 70.47920591240478, 22.974861961750623, 0.0 ], [ 70.541658771384817, 22.959577556460715, 0.0 ], [ 70.561704632468306, 23.029000395271829, 0.0 ], [ 70.602157550018134, 23.034252873565642, 0.0 ], [ 70.597117978949498, 23.060939882561001, 0.0 ], [ 70.629325696715767, 23.062468017303715, 0.0 ], [ 70.693669191012106, 23.120144012900791, 0.0 ], [ 70.765439151628655, 23.145381589901465, 0.0 ], [ 70.767619169048857, 23.167031806947392, 0.0 ], [ 70.791825574413124, 23.165100364208932, 0.0 ], [ 70.787176537118427, 23.150690951562396, 0.0 ], [ 70.816074662315472, 23.164569280877309, 0.0 ], [ 70.815305406742795, 23.136852245848893, 0.0 ], [ 70.834479308059613, 23.128410810194573, 0.0 ], [ 70.828559420356498, 23.079914765089576, 0.0 ], [ 70.835762946940122, 23.111873167905319, 0.0 ], [ 70.858218543492399, 23.12971070620733, 0.0 ], [ 70.827561852151973, 23.157421557736683, 0.0 ], [ 70.846600448605173, 23.152400960041415, 0.0 ], [ 70.84863828092935, 23.169309382730443, 0.0 ], [ 70.901571701158204, 23.170758176758522, 0.0 ], [ 70.959228026123355, 23.194815091918709, 0.0 ], [ 70.918901551434772, 23.19837596029673, 0.0 ], [ 70.890566426287606, 23.182669947969053, 0.0 ], [ 70.862919590451639, 23.192359333484937, 0.0 ], [ 70.873288197389172, 23.203994458946738, 0.0 ], [ 70.860197541440968, 23.20846812737847, 0.0 ], [ 70.893126659429115, 23.224702828297772, 0.0 ], [ 70.833100293599671, 23.249891451629704, 0.0 ], [ 70.81224584446484, 23.230073642904856, 0.0 ], [ 70.767678913109563, 23.246104588050606, 0.0 ], [ 70.723913466333343, 23.217657588054465, 0.0 ], [ 70.728002653123824, 23.205857700324774, 0.0 ], [ 70.650802663549598, 23.223895099343231, 0.0 ], [ 70.649023319746789, 23.192038695861406, 0.0 ], [ 70.578962880417663, 23.177708816137791, 0.0 ], [ 70.501242643630647, 23.178119057973909, 0.0 ], [ 70.428031212770776, 23.217546273437321, 0.0 ], [ 70.43630864418904, 23.233376745818521, 0.0 ], [ 70.424760946241108, 23.237254584559281, 0.0 ], [ 70.366359469516667, 23.219858094834457, 0.0 ], [ 70.301929602352715, 23.223688577819257, 0.0 ], [ 70.267574176355851, 23.178462065333616, 0.0 ], [ 70.249681169062285, 23.17789368749072, 0.0 ], [ 70.208766409289026, 23.160353826166496, 0.0 ], [ 70.207299503140945, 23.125617233736506, 0.0 ], [ 70.149294811505158, 23.036996129692337, 0.0 ], [ 70.188616684318262, 23.072814228950303, 0.0 ], [ 70.210815539094938, 23.074633138538733, 0.0 ], [ 70.230254084489232, 22.972659561672941, 0.0 ], [ 70.216047123759324, 22.946571943638222, 0.0 ], [ 70.16439293461265, 22.938281572028313, 0.0 ], [ 70.120538648174474, 22.963290741238136, 0.0 ], [ 70.13340691097595, 22.981111033810478, 0.0 ], [ 70.133788815910762, 23.001569170351452, 0.0 ], [ 70.158142933520267, 23.032303445451458, 0.0 ], [ 70.148206536116049, 23.034815636125554, 0.0 ], [ 70.118099687673222, 22.991269875140649, 0.0 ], [ 70.036545777444829, 22.95269004967879, 0.0 ], [ 70.016751661666348, 22.920242544378709, 0.0 ], [ 69.962240859642563, 22.89358782058002, 0.0 ], [ 69.927047553373058, 22.8960281497518, 0.0 ], [ 69.89874381377237, 22.871261185940412, 0.0 ], [ 69.800663240346964, 22.851059720929815, 0.0 ], [ 69.712813896508379, 22.805911784144737, 0.0 ], [ 69.651254018381266, 22.795761856675743, 0.0 ], [ 69.645938517414066, 22.810003190233573, 0.0 ], [ 69.605911023619001, 22.80295123299658, 0.0 ], [ 69.575619469477729, 22.817727376954078, 0.0 ], [ 69.477344717909787, 22.795520083453194, 0.0 ], [ 69.457336802069619, 22.814278436173062, 0.0 ], [ 69.416833572593532, 22.810867616844931, 0.0 ], [ 69.469978058633146, 22.776448534773159, 0.0 ], [ 69.494701136359353, 22.779867687967513, 0.0 ], [ 69.472274282800541, 22.773679406364526, 0.0 ], [ 69.381217847079299, 22.818774644072267, 0.0 ], [ 69.196699273571355, 22.837696026670887, 0.0 ], [ 69.194183217838216, 22.851856281103331, 0.0 ], [ 69.131241821193314, 22.872293250929985, 0.0 ], [ 68.812955991447382, 23.057927646170018, 0.0 ], [ 68.87028131289938, 23.027219635849747, 0.0 ], [ 68.836720376377485, 23.046367696943374, 0.0 ], [ 68.841786408263971, 23.058577191380156, 0.0 ], [ 68.82121164599549, 23.057235217141049, 0.0 ], [ 68.81515309123084, 23.077031042000268, 0.0 ], [ 68.811799278698103, 23.058780467400503, 0.0 ], [ 68.75858853078995, 23.080345475296188, 0.0 ], [ 68.749857521678408, 23.08801018829114, 0.0 ], [ 68.76356023351623, 23.087554791161502, 0.0 ], [ 68.765138483753887, 23.079022755757844, 0.0 ], [ 68.770034316237727, 23.077341994836409, 0.0 ], [ 68.778481051547288, 23.077550447997659, 0.0 ], [ 68.781536821652026, 23.08327721449966, 0.0 ], [ 68.772336843598353, 23.078309635646072, 0.0 ], [ 68.760109396589471, 23.09976972460888, 0.0 ], [ 68.783644875932822, 23.120011535996685, 0.0 ], [ 68.754432208650599, 23.123030678970839, 0.0 ], [ 68.745863507160422, 23.110018528563021, 0.0 ], [ 68.71224607370678, 23.151428884693068, 0.0 ], [ 68.682776032215003, 23.152693332386388, 0.0 ], [ 68.682600533982026, 23.175845607991459, 0.0 ], [ 68.659552048618096, 23.197699895505387, 0.0 ], [ 68.673717675902196, 23.20189028950006, 0.0 ], [ 68.669171011385728, 23.218199274899337, 0.0 ], [ 68.620986551194719, 23.205726776783081, 0.0 ], [ 68.65351776323314, 23.231146995410047, 0.0 ], [ 68.701995684460172, 23.240056088449997, 0.0 ], [ 68.714739277107782, 23.264120833271658, 0.0 ], [ 68.724520272520238, 23.255134940812859, 0.0 ], [ 68.724172301461124, 23.26679232747906, 0.0 ], [ 68.705546711795307, 23.270722023324016, 0.0 ], [ 68.711866127084136, 23.286718994321038, 0.0 ], [ 68.699309013920924, 23.284192828481558, 0.0 ], [ 68.713514594744865, 23.317955857112654, 0.0 ], [ 68.681399151456176, 23.311848896013231, 0.0 ], [ 68.684985243299579, 23.328854686691901, 0.0 ], [ 68.660506456516046, 23.347454159346718, 0.0 ], [ 68.652336182613126, 23.303143385501585, 0.0 ], [ 68.640025815093125, 23.323186223736027, 0.0 ], [ 68.652621831368037, 23.335554934024358, 0.0 ], [ 68.635964718268326, 23.338893528398156, 0.0 ], [ 68.620376706789216, 23.374005167027523, 0.0 ], [ 68.543488248348154, 23.4202109105575, 0.0 ], [ 68.530628578538852, 23.445201712163183, 0.0 ], [ 68.546265421637315, 23.465061336474911, 0.0 ], [ 68.528780442951643, 23.449913933891462, 0.0 ], [ 68.483593270073726, 23.548707954604701, 0.0 ], [ 68.492905147591074, 23.605833639436923, 0.0 ], [ 68.515712241778502, 23.621401649340616, 0.0 ], [ 68.51064021661125, 23.639479002180355, 0.0 ], [ 68.529019310295553, 23.635798343010425, 0.0 ], [ 68.533371381734526, 23.649236323378439, 0.0 ], [ 68.52073204208456, 23.649589598851435, 0.0 ], [ 68.542910748629666, 23.653236962424067, 0.0 ], [ 68.567955626028734, 23.684944843959506, 0.0 ], [ 68.548289350532087, 23.691812114785897, 0.0 ], [ 68.557189272205861, 23.716632714062001, 0.0 ], [ 68.573304563625001, 23.721442253258648, 0.0 ], [ 68.587235654629794, 23.702625050926308, 0.0 ], [ 68.59682106407837, 23.724053029108209, 0.0 ], [ 68.612767907660512, 23.717951329013911, 0.0 ], [ 68.632156303880151, 23.727820207905186, 0.0 ], [ 68.615680055937474, 23.725869956017451, 0.0 ], [ 68.618479468860656, 23.738018688659476, 0.0 ], [ 68.648845733998854, 23.738901575767521, 0.0 ], [ 68.635287812005416, 23.761017321162246, 0.0 ], [ 68.65060268479867, 23.792589916214883, 0.0 ], [ 68.681487837374618, 23.794956041426943, 0.0 ], [ 68.708308721192353, 23.834273022054717, 0.0 ], [ 68.688234814714193, 23.846445512241548, 0.0 ], [ 68.602649074528344, 23.829523848785787, 0.0 ], [ 68.576717312725989, 23.817283855447393, 0.0 ], [ 68.527002744653075, 23.745821244181609, 0.0 ], [ 68.420976797850116, 23.733208776013711, 0.0 ], [ 68.394705685752825, 23.601033765843269, 0.0 ], [ 68.278081225217335, 23.559728584635387, 0.0 ], [ 68.184000274987909, 23.587003073033248, 0.0 ], [ 68.207669136517097, 23.586156891629397, 0.0 ], [ 68.177655288089184, 23.619194581166976, 0.0 ], [ 68.18632053080502, 23.645281144378909, 0.0 ], [ 68.208469842658261, 23.650670091956663, 0.0 ], [ 68.182571001243744, 23.655038639607458, 0.0 ], [ 68.206659387845775, 23.668888781602377, 0.0 ], [ 68.181654493557772, 23.721633157827569, 0.0 ], [ 68.202639081509218, 23.766671861849638, 0.0 ], [ 68.198581676522039, 23.842404358230208, 0.0 ], [ 68.208649998902587, 23.875463093820962, 0.0 ], [ 68.252165190926888, 23.896898127446821, 0.0 ], [ 68.275743723824348, 23.928768745878582, 0.0 ], [ 68.33291688214311, 23.925097221632509, 0.0 ], [ 68.339034835598, 23.966951769776259, 0.0 ], [ 68.368932874676929, 23.984773901838345, 0.0 ], [ 68.389660232467875, 23.966593768963168, 0.0 ], [ 68.7530259907291, 23.971310423241594, 0.0 ], [ 68.764704346583002, 24.295843707592901, 0.0 ], [ 68.82631168268432, 24.317362932570404, 0.0 ], [ 68.864821480214715, 24.212780055047922, 0.0 ], [ 68.88029183182843, 24.21656756990274, 0.0 ], [ 68.906750318079119, 24.279786041013601, 0.0 ], [ 68.945283783891568, 24.302492760135554, 0.0 ], [ 68.984741270435407, 24.22760970791149, 0.0 ], [ 69.005328411910966, 24.223119658696955, 0.0 ], [ 69.094753490449165, 24.274494283482287, 0.0 ], [ 69.193753507164359, 24.236114447374643, 0.0 ], [ 69.312739640366502, 24.281601873675953, 0.0 ], [ 69.494006107080139, 24.267780141426758, 0.0 ], [ 69.594446021152876, 24.292398464786601, 0.0 ], [ 69.731214048436925, 24.17105660523297, 0.0 ], [ 70.025057314920801, 24.171284910010851, 0.0 ], [ 70.066810130050669, 24.199159175692753, 0.0 ], [ 70.109868381294973, 24.294974709993802, 0.0 ], [ 70.325585359760453, 24.351876357236936, 0.0 ], [ 70.368459178939489, 24.350768959097582, 0.0 ], [ 70.561146942459885, 24.420881687232537, 0.0 ], [ 70.602468540481169, 24.408122716745059, 0.0 ], [ 70.562041971560618, 24.354456479430073, 0.0 ], [ 70.584531311785156, 24.290362479199217, 0.0 ], [ 70.571229757315081, 24.251734939701524, 0.0 ], [ 70.713899604517792, 24.215652864320944, 0.0 ], [ 70.805459668599781, 24.22085410812986, 0.0 ], [ 70.907257755318128, 24.258779151394595, 0.0 ], [ 70.875748720515261, 24.280231635297017, 0.0 ], [ 70.878665911964333, 24.301396543809108, 0.0 ], [ 70.98654247988614, 24.364708941907189, 0.0 ], [ 71.0421337103177, 24.351252424648109, 0.0 ], [ 71.081889236462217, 24.392911603291605, 0.0 ], [ 71.119674955362839, 24.402487298300226, 0.0 ], [ 71.125526485739996, 24.420078917981726, 0.0 ], [ 71.103067307090001, 24.435696361958151, 0.0 ], [ 70.998565183636018, 24.444426756806394, 0.0 ], [ 71.005209767043652, 24.523020742100375, 0.0 ], [ 70.987354744192444, 24.543420541071985, 0.0 ], [ 70.986261239181502, 24.595463622461153, 0.0 ], [ 71.009459801384921, 24.635423275825641, 0.0 ], [ 71.074731657778926, 24.661919680559802, 0.0 ], [ 71.096379369300635, 24.688540948065775, 0.0 ], [ 71.065299095442924, 24.717460937300007, 0.0 ], [ 71.026480143187428, 24.808849393077619, 0.0 ], [ 70.937627759790132, 24.938558418810871, 0.0 ], [ 70.888670577097429, 25.148173493262604, 0.0 ], [ 70.751580966434744, 25.277815449526511, 0.0 ], [ 70.736795340745786, 25.332557286309822, 0.0 ], [ 70.664813861134746, 25.396882653078826, 0.0 ], [ 70.678453294634139, 25.525196238230336, 0.0 ], [ 70.667136072774042, 25.531338643034353, 0.0 ], [ 70.67393366966175, 25.67584185887706, 0.0 ], [ 70.660074251672583, 25.702152567242887, 0.0 ], [ 70.608851755035801, 25.714973221169029, 0.0 ], [ 70.530154862584169, 25.68348035061268, 0.0 ], [ 70.387002157507624, 25.673831536881917, 0.0 ], [ 70.268652013981381, 25.713600201207552, 0.0 ], [ 70.247241350708151, 25.761605257256388, 0.0 ], [ 70.174454814634203, 25.828365832210341, 0.0 ], [ 70.099763227898492, 25.938263047394749, 0.0 ], [ 70.083387219656771, 26.083288985043659, 0.0 ], [ 70.141424716027359, 26.156215101738105, 0.0 ], [ 70.175047297511639, 26.251528463014466, 0.0 ], [ 70.16350941157431, 26.294930853185484, 0.0 ], [ 70.185362727770141, 26.374334459871086, 0.0 ], [ 70.174176378840585, 26.551443370252663, 0.0 ], [ 70.117196418613602, 26.586880575302416, 0.0 ], [ 70.056233293442745, 26.600568522660584, 0.0 ], [ 69.886766902541169, 26.578870098370928, 0.0 ], [ 69.82311901173334, 26.589028990141845, 0.0 ], [ 69.719705638457768, 26.654695317295705, 0.0 ], [ 69.510309726951434, 26.743503765400998, 0.0 ], [ 69.48442566921284, 26.804835289189867, 0.0 ], [ 69.513312890079249, 27.009983514660622, 0.0 ], [ 69.58641588971409, 27.182646591220454, 0.0 ], [ 69.862484680081167, 27.401807498679958, 0.0 ], [ 69.933890909043413, 27.497830759763044, 0.0 ], [ 70.025899699631836, 27.562919934661942, 0.0 ], [ 70.132396195947337, 27.805955562943112, 0.0 ], [ 70.227011573384516, 27.90137058034869, 0.0 ], [ 70.296184936083449, 27.936015539673473, 0.0 ], [ 70.372192349137208, 28.01183214485653, 0.0 ], [ 70.505820638666222, 28.037038001566057, 0.0 ], [ 70.589460007655944, 28.010439695980565, 0.0 ], [ 70.677399182983095, 27.921846194077325, 0.0 ], [ 70.684371927593247, 27.828185800286146, 0.0 ], [ 70.739767924476055, 27.741921845971003, 0.0 ], [ 70.759316072912242, 27.721265819643051, 0.0 ], [ 70.871839431066206, 27.705597885464897, 0.0 ], [ 70.963199268813696, 27.729377536019246, 0.0 ], [ 71.205535366285318, 27.835417478710902, 0.0 ], [ 71.383063226433563, 27.872630067673004, 0.0 ], [ 71.666433383452031, 27.877756409422553, 0.0 ], [ 71.898344254609668, 27.961210443086124, 0.0 ], [ 71.927361258546796, 28.121740076444205, 0.0 ], [ 72.004290318029945, 28.218656613437286, 0.0 ], [ 72.132243522236735, 28.313098394327639, 0.0 ], [ 72.206130683116214, 28.394268820542759, 0.0 ], [ 72.299237599145854, 28.669754062980292, 0.0 ], [ 72.390702636642274, 28.770357249902446, 0.0 ], [ 72.733085269514774, 28.948087888790415, 0.0 ], [ 72.945840499576008, 29.027947566812745, 0.0 ], [ 73.00435759044241, 29.152954133848251, 0.0 ], [ 73.0844285258285, 29.236265625068619, 0.0 ], [ 73.28209722938989, 29.572031894776092, 0.0 ], [ 73.396925234303438, 29.94599769769999, 0.0 ], [ 73.597001880223345, 30.018977276930308, 0.0 ], [ 73.806560415162309, 30.068029040353956, 0.0 ], [ 73.972277766127547, 30.197853267947483, 0.0 ], [ 73.956533880989326, 30.276071123291345, 0.0 ], [ 73.930867108705755, 30.32006846505001, 0.0 ], [ 73.879775958874916, 30.359722015249012, 0.0 ], [ 73.973788035232062, 30.44382443979632, 0.0 ], [ 73.926258740319952, 30.438930277903506, 0.0 ], [ 73.934453890617007, 30.490277129178438, 0.0 ], [ 73.964129701304401, 30.456476136809759, 0.0 ], [ 73.963657978900741, 30.48485221879444, 0.0 ], [ 73.981991233820864, 30.504018453646779, 0.0 ], [ 74.01998903437169, 30.514170296634418, 0.0 ], [ 74.012026792910206, 30.533592490909246, 0.0 ], [ 74.031010093778065, 30.526926936596883, 0.0 ], [ 74.039220419175564, 30.542617387243844, 0.0 ], [ 74.057306462791018, 30.518689710743075, 0.0 ], [ 74.07227991878537, 30.522909659216559, 0.0 ], [ 74.090947924954165, 30.549421519065746, 0.0 ], [ 74.073420363019764, 30.554676851258652, 0.0 ], [ 74.102128379920401, 30.579231926258455, 0.0 ], [ 74.09603699341811, 30.611607235198345, 0.0 ], [ 74.118065637624042, 30.607906363980337, 0.0 ], [ 74.127361850519776, 30.634796399440994, 0.0 ], [ 74.147820136903675, 30.631060568617343, 0.0 ], [ 74.193321628477918, 30.66517431857509, 0.0 ], [ 74.232657858159556, 30.724556429892242, 0.0 ], [ 74.286460243024109, 30.735695883166752, 0.0 ], [ 74.260173695380374, 30.773095051788857, 0.0 ], [ 74.301967215398648, 30.779368809586074, 0.0 ], [ 74.294875551250001, 30.794506992303926, 0.0 ], [ 74.320385234629455, 30.846626511749143, 0.0 ], [ 74.382089039266958, 30.860433952420568, 0.0 ], [ 74.360765878529449, 30.873703769423912, 0.0 ], [ 74.365905415318224, 30.892932488990056, 0.0 ], [ 74.422717991020519, 30.90777871608848, 0.0 ], [ 74.410335445595081, 30.923489434079141, 0.0 ], [ 74.428746795496309, 30.931225518830178, 0.0 ], [ 74.413865358239491, 30.929648730065953, 0.0 ], [ 74.416404881403139, 30.940334604730676, 0.0 ], [ 74.546159561996276, 30.99241636795173, 0.0 ], [ 74.542477798960391, 31.017368541265434, 0.0 ], [ 74.568233809152446, 31.054688965293177, 0.0 ], [ 74.596799771314139, 31.03766257393573, 0.0 ], [ 74.671161342933388, 31.053627395229348, 0.0 ], [ 74.695930500035146, 31.074159652399896, 0.0 ], [ 74.689103311091472, 31.128020734833349, 0.0 ], [ 74.658968417743822, 31.133971151597724, 0.0 ], [ 74.636231784320159, 31.118259048063326, 0.0 ], [ 74.630877187999346, 31.132710347309754, 0.0 ], [ 74.603050528348973, 31.133600875802081, 0.0 ], [ 74.610667369117166, 31.099295957331666, 0.0 ], [ 74.571268678864357, 31.08142183138629, 0.0 ], [ 74.551496596445332, 31.086385185184831, 0.0 ], [ 74.548355100394858, 31.121927358351197, 0.0 ], [ 74.510363336536656, 31.131900952092806, 0.0 ], [ 74.525963325207172, 31.21176657415657, 0.0 ], [ 74.517007381789242, 31.227919511163311, 0.0 ], [ 74.532730779628139, 31.249690928187366, 0.0 ], [ 74.520602812186468, 31.268922218043539, 0.0 ], [ 74.54202661242158, 31.303774590251866, 0.0 ], [ 74.526334544011789, 31.311972755646796, 0.0 ], [ 74.54886208574726, 31.334825168219218, 0.0 ], [ 74.551653098637502, 31.364352107873948, 0.0 ], [ 74.583482087040892, 31.379039044824236, 0.0 ], [ 74.602460032178456, 31.420509456692344, 0.0 ], [ 74.65461026491235, 31.426008201544889, 0.0 ], [ 74.638595144253728, 31.444378084214105, 0.0 ], [ 74.652137873450954, 31.457301198042128, 0.0 ], [ 74.627546394381341, 31.476901790218943, 0.0 ], [ 74.636478935078287, 31.484762508885098, 0.0 ], [ 74.609767635089725, 31.499870219561458, 0.0 ], [ 74.587284223573093, 31.496291013482821, 0.0 ], [ 74.575212912928947, 31.501165986156813, 0.0 ], [ 74.584331876509623, 31.520922185264318, 0.0 ], [ 74.61289831764428, 31.527340456254979, 0.0 ], [ 74.615600386187936, 31.56898312495353, 0.0 ], [ 74.555316642995891, 31.607840392207901, 0.0 ], [ 74.534960749304375, 31.677598719119725, 0.0 ], [ 74.486596473250458, 31.714998933684566, 0.0 ], [ 74.503703844534527, 31.740477622134001, 0.0 ], [ 74.559406882363191, 31.757879837280335, 0.0 ], [ 74.557905790739198, 31.804769749366603, 0.0 ], [ 74.607862147862789, 31.890385962709637, 0.0 ], [ 74.636309004519589, 31.884221787503996, 0.0 ], [ 74.666705258978126, 31.922734470069081, 0.0 ], [ 74.719238990129398, 31.923689700199827, 0.0 ], [ 74.720165037340919, 31.94142789869672, 0.0 ], [ 74.756572178322784, 31.943699869316337, 0.0 ], [ 74.755593370774136, 31.955754205063222, 0.0 ], [ 74.819100056710511, 31.958749484204464, 0.0 ], [ 74.828872941592692, 31.99861666224783, 0.0 ], [ 74.879978017008355, 32.03203976640097, 0.0 ], [ 74.868920895916986, 32.04160983817831, 0.0 ], [ 74.879549879053528, 32.053796838187338, 0.0 ], [ 74.927957877717247, 32.066459756318842, 0.0 ], [ 75.012364529904005, 32.035745421345538, 0.0 ], [ 75.068701318645907, 32.067190965594811, 0.0 ], [ 75.104895293544232, 32.058569709237695, 0.0 ], [ 75.122905312396966, 32.08138206434424, 0.0 ], [ 75.174243456770654, 32.067468614480106, 0.0 ], [ 75.198497360273095, 32.082670988153545, 0.0 ], [ 75.202457731558013, 32.120237380682056, 0.0 ], [ 75.240279794342854, 32.091065462788855, 0.0 ], [ 75.278885442009198, 32.11731070825725, 0.0 ], [ 75.285354606194034, 32.151494734938126, 0.0 ], [ 75.322420125965294, 32.179498517710385, 0.0 ], [ 75.316380855958911, 32.208036949874995, 0.0 ], [ 75.372434334549652, 32.226053098850159, 0.0 ], [ 75.381855084859055, 32.268954119300915, 0.0 ], [ 75.320496487716397, 32.297389977792086, 0.0 ], [ 75.337851485688589, 32.319726724061432, 0.0 ], [ 75.322670357122931, 32.343527760151211, 0.0 ], [ 75.288302360450203, 32.354481047626855, 0.0 ], [ 75.284955904167134, 32.371963559832864, 0.0 ], [ 75.258129338525436, 32.371412403389542, 0.0 ], [ 75.25594392229786, 32.389265341643011, 0.0 ], [ 75.193954847782251, 32.400469011744832, 0.0 ], [ 75.189765643470096, 32.425805864294773, 0.0 ], [ 75.131420765653559, 32.408864255053651, 0.0 ], [ 75.101353277011057, 32.477694540146381, 0.0 ], [ 75.08553852762897, 32.468760272938958, 0.0 ], [ 75.028022753092131, 32.497085801173199, 0.0 ], [ 75.01930160159003, 32.466162165255092, 0.0 ], [ 74.951212313382484, 32.447488244632765, 0.0 ], [ 74.937935054487781, 32.471297262078053, 0.0 ], [ 74.897456124533235, 32.468437999266882, 0.0 ], [ 74.877281320462757, 32.492969003675512, 0.0 ], [ 74.818753363570536, 32.497913610469716, 0.0 ], [ 74.794773180575334, 32.4764032187487, 0.0 ], [ 74.687917217801768, 32.486874378175628, 0.0 ], [ 74.69060917597578, 32.532961041744024, 0.0 ], [ 74.66288244365893, 32.544521644659739, 0.0 ], [ 74.67383526673359, 32.567976359026943, 0.0 ], [ 74.652539851260713, 32.562964289447855, 0.0 ], [ 74.658770752645736, 32.596845390461716, 0.0 ], [ 74.639045701177182, 32.614642229806947, 0.0 ], [ 74.695268691533101, 32.661313144804616, 0.0 ], [ 74.65349777417471, 32.696685252207686, 0.0 ], [ 74.704773710942092, 32.841947859266583, 0.0 ], [ 74.640521703457381, 32.81894448260018, 0.0 ], [ 74.634626407670666, 32.806623870221806, 0.0 ], [ 74.658357449309165, 32.787654347110745, 0.0 ], [ 74.632293365228406, 32.776397259355022, 0.0 ], [ 74.634258356031836, 32.749540603671683, 0.0 ], [ 74.619196727746356, 32.76068300962713, 0.0 ], [ 74.576842321350782, 32.747901424878087, 0.0 ], [ 74.562890851689531, 32.760119076693776, 0.0 ], [ 74.511591085590211, 32.745501115431672, 0.0 ], [ 74.511618856716098, 32.764532646657557, 0.0 ], [ 74.486075766266524, 32.764446332464814, 0.0 ], [ 74.459408905062361, 32.787742365363485, 0.0 ], [ 74.415261134116548, 32.784558794782271, 0.0 ], [ 74.391003298585417, 32.763163396253525, 0.0 ], [ 74.355048147480431, 32.766998444397657, 0.0 ], [ 74.314479697726242, 32.796837810744194, 0.0 ], [ 74.303397745332177, 32.829840508857259, 0.0 ], [ 74.219641003994909, 32.848817997254123, 0.0 ], [ 74.211264467228943, 32.873433730768483, 0.0 ], [ 74.178803719345439, 32.889495938930629, 0.0 ], [ 74.068952399036348, 32.909555744172593, 0.0 ], [ 74.058162847849573, 32.934537605570263, 0.0 ], [ 73.99968100782759, 32.935400058275476, 0.0 ], [ 74.006184290316256, 32.954906813827655, 0.0 ], [ 73.972370632468525, 32.967206589896179, 0.0 ], [ 73.96464468930381, 32.987123694873105, 0.0 ], [ 73.825662925456285, 33.004011442074074, 0.0 ], [ 73.82597043622124, 32.977239446735844, 0.0 ], [ 73.790430846404163, 32.966809252537637, 0.0 ], [ 73.794510948446742, 33.003591207186197, 0.0 ], [ 73.749106704554208, 33.03362002634757, 0.0 ], [ 73.742830891519475, 33.066153763513505, 0.0 ], [ 73.685388089635694, 33.087463046583267, 0.0 ], [ 73.637738509013857, 33.084644812160519, 0.0 ], [ 73.631201123428937, 33.139516365306655, 0.0 ], [ 73.648687657230028, 33.137472362852087, 0.0 ], [ 73.664482020743151, 33.161346116341903, 0.0 ], [ 73.668008931882895, 33.201857302824543, 0.0 ], [ 73.647621713744485, 33.222823095922415, 0.0 ], [ 73.633549831717716, 33.207636056068203, 0.0 ], [ 73.637563343617373, 33.230409457657657, 0.0 ], [ 73.606514355402638, 33.273713277832719, 0.0 ], [ 73.614171853878617, 33.292891944858717, 0.0 ], [ 73.589295893769332, 33.323537060107938, 0.0 ], [ 73.598028020078843, 33.337518733962476, 0.0 ], [ 73.578419816793897, 33.328623781198345, 0.0 ], [ 73.570487914114423, 33.342977176456564, 0.0 ], [ 73.58376853191983, 33.355675736679849, 0.0 ], [ 73.565154536351756, 33.366251322826884, 0.0 ], [ 73.603160125085765, 33.419082509132139, 0.0 ], [ 73.586708104958376, 33.422805304766065, 0.0 ], [ 73.596064367159158, 33.438983498940949, 0.0 ], [ 73.631892076889727, 33.447594472328916, 0.0 ], [ 73.602067743709853, 33.496683216886566, 0.0 ], [ 73.618683298892492, 33.495350416546877, 0.0 ], [ 73.611447060507359, 33.513059056357967, 0.0 ], [ 73.641772703352999, 33.52850685927541, 0.0 ], [ 73.624414487842571, 33.540868233013029, 0.0 ], [ 73.62870634121812, 33.57105881376259, 0.0 ], [ 73.604983487194787, 33.588694798721143, 0.0 ], [ 73.611903245448559, 33.603779538663282, 0.0 ], [ 73.567154997900644, 33.617735818435541, 0.0 ], [ 73.57774324783847, 33.638057760222146, 0.0 ], [ 73.567458699980293, 33.668486067811109, 0.0 ], [ 73.603135988399146, 33.71508701448186, 0.0 ], [ 73.594645993555687, 33.751232997663806, 0.0 ], [ 73.559922503786524, 33.781329071086375, 0.0 ], [ 73.593545710607017, 33.88977027059935, 0.0 ], [ 73.547609749433846, 33.936933857403048, 0.0 ], [ 73.516453626769803, 33.998826320336931, 0.0 ], [ 73.490933412001027, 34.13966813027794, 0.0 ], [ 73.498538902920032, 34.21121605418368, 0.0 ], [ 73.472833661508233, 34.2523021939937, 0.0 ], [ 73.480835968511329, 34.289420715006273, 0.0 ], [ 73.456709281651101, 34.276454055709337, 0.0 ], [ 73.429943028770467, 34.346297677414945, 0.0 ], [ 73.407860691904929, 34.350280583714806, 0.0 ], [ 73.396096845164422, 34.371607697994776, 0.0 ], [ 73.427737531692017, 34.426037616578867, 0.0 ], [ 73.430806911386526, 34.521330589870253, 0.0 ], [ 73.453838732301747, 34.571064120283857, 0.0 ], [ 73.532176932978032, 34.570984079488852, 0.0 ], [ 73.556131500359626, 34.589836464592658, 0.0 ], [ 73.611149843727404, 34.584821364372679, 0.0 ], [ 73.650263617553051, 34.561964252491968, 0.0 ], [ 73.65375516460206, 34.600528050296035, 0.0 ], [ 73.695000294759595, 34.65005273785323, 0.0 ], [ 73.659053747348892, 34.673097205393063, 0.0 ], [ 73.729942181058135, 34.772221992729982, 0.0 ], [ 73.772306834713135, 34.796108085593708, 0.0 ], [ 73.821776014950117, 34.792098792560957, 0.0 ], [ 73.837712339686419, 34.813155601858057, 0.0 ], [ 73.919373641424357, 34.811647824695953, 0.0 ], [ 73.930468142284823, 34.832389831836316, 0.0 ], [ 73.96099754378676, 34.838559281932945, 0.0 ], [ 73.967435588237024, 34.863826206474783, 0.0 ], [ 74.0299156996265, 34.876281128425553, 0.0 ], [ 74.037200210910328, 34.919227871430216, 0.0 ], [ 74.071170448471449, 34.935481569668219, 0.0 ], [ 74.059324835117067, 34.992675532022112, 0.0 ], [ 74.109746956985376, 35.016074678787376, 0.0 ], [ 74.066737490669965, 35.046269369970034, 0.0 ], [ 74.071166897361707, 35.058490486184041, 0.0 ], [ 74.101430391603913, 35.099141508320983, 0.0 ], [ 74.133671866439826, 35.110048023433961, 0.0 ], [ 74.105860950097906, 35.125722497762624, 0.0 ], [ 74.112272116966125, 35.148527133496259, 0.0 ], [ 74.033813990141823, 35.146862275394454, 0.0 ], [ 74.002828059063916, 35.183647823768446, 0.0 ], [ 73.956844711196126, 35.168044984042922, 0.0 ], [ 73.924549055117225, 35.203897024907583, 0.0 ], [ 73.86118917004228, 35.207144144816297, 0.0 ], [ 73.808327854278261, 35.239496405877503, 0.0 ], [ 73.770508421140974, 35.236001944413374, 0.0 ], [ 73.733525178574027, 35.208529230168914, 0.0 ], [ 73.707984096781274, 35.222483589441914, 0.0 ], [ 73.724975015913515, 35.273048513376821, 0.0 ], [ 73.69484255499296, 35.318405774279306, 0.0 ], [ 73.695438989989569, 35.369070274662846, 0.0 ], [ 73.727023094801197, 35.418988669232355, 0.0 ], [ 73.792038580928264, 35.454219665148642, 0.0 ], [ 73.778504943015946, 35.522894258630664, 0.0 ], [ 73.729614153980222, 35.529492534127279, 0.0 ], [ 73.721255910609429, 35.549219523759433, 0.0 ], [ 73.658838454692429, 35.547628563846587, 0.0 ], [ 73.628388404514993, 35.569045233106046, 0.0 ], [ 73.561597222716614, 35.54638867064633, 0.0 ], [ 73.527924250380664, 35.567301883056281, 0.0 ], [ 73.501505251805142, 35.557569449499155, 0.0 ], [ 73.477360805683745, 35.571901673248732, 0.0 ], [ 73.398123550263591, 35.557082802942169, 0.0 ], [ 73.363482100064346, 35.597223670778718, 0.0 ], [ 73.268677924211957, 35.624386074663832, 0.0 ], [ 73.132915164988063, 35.710777314109869, 0.0 ], [ 73.126500453579055, 35.776226829399874, 0.0 ], [ 73.148664072249915, 35.831183366663545, 0.0 ], [ 73.083882809526656, 35.877462645527849, 0.0 ], [ 73.028824380826805, 35.847058073728327, 0.0 ], [ 72.987077774340023, 35.859810612648786, 0.0 ], [ 72.918442279669819, 35.83905731457336, 0.0 ], [ 72.892447502172217, 35.844540859679924, 0.0 ], [ 72.891126881303876, 35.873737395156652, 0.0 ], [ 72.839317032573732, 35.867128353482464, 0.0 ], [ 72.819157672777095, 35.88172031555716, 0.0 ], [ 72.784288671574842, 35.84145437026222, 0.0 ], [ 72.761438597110484, 35.832303947885968, 0.0 ], [ 72.726579143446997, 35.853051952433326, 0.0 ], [ 72.684383792424626, 35.822525160192448, 0.0 ], [ 72.628139648215495, 35.857857931957206, 0.0 ], [ 72.585100918981226, 35.859372608950721, 0.0 ], [ 72.558235392494112, 35.897664742684157, 0.0 ], [ 72.518473617441671, 35.905482669541378, 0.0 ], [ 72.513077327131327, 35.938673015676976, 0.0 ], [ 72.534886349374105, 35.950638524039917, 0.0 ], [ 72.538672681358335, 35.985120108134616, 0.0 ], [ 72.559963802277991, 35.986957113301983, 0.0 ], [ 72.584595093517891, 36.025079644549535, 0.0 ], [ 72.516680471481948, 36.067334856340942, 0.0 ], [ 72.527615123057416, 36.11022323459882, 0.0 ], [ 72.561704949973347, 36.139890004078204, 0.0 ], [ 72.535921306116037, 36.17330498038023, 0.0 ], [ 72.547314370311071, 36.205406497049943, 0.0 ], [ 72.573946143504571, 36.223803593314607, 0.0 ], [ 72.5846574594175, 36.256891120691648, 0.0 ], [ 72.611682653341404, 36.269486860701321, 0.0 ], [ 72.684833940891949, 36.243882596679072, 0.0 ], [ 72.680560501109056, 36.271033863700232, 0.0 ], [ 72.759177662197942, 36.298578631073006, 0.0 ], [ 72.816081898992508, 36.356435615300732, 0.0 ], [ 72.853666293532186, 36.366348795216489, 0.0 ], [ 72.875544360139287, 36.394560737511334, 0.0 ], [ 72.859669429777554, 36.435560495250186, 0.0 ], [ 72.908149495005674, 36.46092210989989, 0.0 ], [ 72.979358979675382, 36.457319995203001, 0.0 ], [ 72.97791320784377, 36.51152501221884, 0.0 ], [ 73.051945348297707, 36.532966367092335, 0.0 ], [ 73.097166827025461, 36.605994291307766, 0.0 ], [ 73.074105711518484, 36.628783866829316, 0.0 ], [ 73.067645653256719, 36.700622562711708, 0.0 ], [ 73.116440820053896, 36.684195427828392, 0.0 ], [ 73.170671412941502, 36.724030819212132, 0.0 ], [ 73.201396207511124, 36.695529223336422, 0.0 ], [ 73.2380143108076, 36.711520654960999, 0.0 ], [ 73.294119819425987, 36.704226662979387, 0.0 ], [ 73.347831756158371, 36.716399609165371, 0.0 ], [ 73.351575846950297, 36.735004084321865, 0.0 ], [ 73.421442212289605, 36.74298328717417, 0.0 ], [ 73.497632919161589, 36.71313559602536, 0.0 ], [ 73.579301674340684, 36.722380698413311, 0.0 ], [ 73.589994585555999, 36.694523756120347, 0.0 ], [ 73.621581506697254, 36.690340120066153, 0.0 ], [ 73.689269306221334, 36.687568781122707, 0.0 ], [ 73.709853612715335, 36.71233334749391, 0.0 ], [ 73.774783928036172, 36.702089623188435, 0.0 ], [ 73.795551170183799, 36.718841696168226, 0.0 ], [ 73.876708689873524, 36.704687176503356, 0.0 ], [ 73.883357721810711, 36.745285017706692, 0.0 ], [ 73.867988890620751, 36.766316942090647, 0.0 ], [ 73.836986873164861, 36.795133837341808, 0.0 ], [ 73.801513070630008, 36.794215121427484, 0.0 ], [ 73.79757326802644, 36.818197917851478, 0.0 ], [ 73.75883597567703, 36.816154865315966, 0.0 ], [ 73.705509598581997, 36.837811561228342, 0.0 ], [ 73.706187224103743, 36.857953284795926, 0.0 ], [ 73.667007455238149, 36.880880695878517, 0.0 ], [ 73.671093305282611, 36.91169833616329, 0.0 ], [ 73.728725089727106, 36.897990252252008, 0.0 ], [ 73.751322494450207, 36.909686513695164, 0.0 ], [ 73.800719916323587, 36.887495871335766, 0.0 ], [ 73.820442789677003, 36.903091027736806, 0.0 ], [ 73.859261154501127, 36.897318610296161, 0.0 ], [ 73.893020413286138, 36.875460526384963, 0.0 ], [ 73.914902264366077, 36.882982623223924, 0.0 ], [ 73.961499254087684, 36.839266719397543, 0.0 ], [ 74.046521448271776, 36.810821760107267, 0.0 ], [ 74.08551677989847, 36.841507319138849, 0.0 ], [ 74.133459049138608, 36.847903451058045, 0.0 ], [ 74.155750258624892, 36.910507680352012, 0.0 ], [ 74.248970822920569, 36.893605664108733, 0.0 ], [ 74.419869694747376, 36.994502339114149, 0.0 ], [ 74.520310713727127, 36.995832011347368, 0.0 ], [ 74.542550705671644, 36.961354834138611, 0.0 ], [ 74.564101339423928, 36.957897249419368, 0.0 ], [ 74.580418348277433, 37.021011851594935, 0.0 ], [ 74.56812173497066, 37.0517600087055, 0.0 ], [ 74.681170492994028, 37.086713808891076, 0.0 ], [ 74.707390544371009, 37.087288350881934, 0.0 ], [ 74.747136685683046, 37.020113589842119, 0.0 ], [ 74.769054813292996, 37.041221919521199, 0.0 ], [ 74.838901819626699, 37.035843454223404, 0.0 ], [ 74.8347858508493, 37.005264269235575, 0.0 ], [ 74.915579066813237, 36.920259474439604, 0.0 ], [ 75.015671413108322, 36.990722949487491, 0.0 ], [ 75.109151682666976, 36.961898978648883, 0.0 ], [ 75.210956249565598, 37.050016805432946, 0.0 ], [ 75.336283466353592, 37.062829801336044, 0.0 ], [ 75.354427388779584, 36.988482856663751, 0.0 ], [ 75.41844787269477, 36.972395898735066, 0.0 ], [ 75.406920841630409, 36.908033447514875, 0.0 ], [ 75.449818468010719, 36.888929102185571, 0.0 ], [ 75.463266563318456, 36.830313294389143, 0.0 ], [ 75.612724255520263, 36.775270246576312, 0.0 ], [ 75.74442368631189, 36.607697649871604, 0.0 ], [ 75.807021539764378, 36.563423690400548, 0.0 ], [ 75.852432431501597, 36.558341235116146, 0.0 ], [ 75.945038013222074, 36.511605775368423, 0.0 ], [ 76.071153863044898, 36.484242323070852, 0.0 ], [ 76.163953104013657, 36.406451645100908, 0.0 ], [ 76.266501958452309, 36.358842963425865, 0.0 ], [ 76.353927233482267, 36.369447234878074, 0.0 ], [ 76.437499909261703, 36.310353423540192, 0.0 ], [ 76.448500307384052, 36.272011678598425, 0.0 ], [ 76.436783029768961, 36.257829467878679, 0.0 ], [ 76.480981032845364, 36.219734621724257, 0.0 ], [ 76.59409381825067, 36.178320925202542, 0.0 ], [ 76.655923798610289, 36.19218419121971, 0.0 ], [ 76.711116927848764, 36.14012669836729, 0.0 ], [ 76.720091582329559, 36.097695268006731, 0.0 ], [ 76.783750226496153, 36.071927936344437, 0.0 ], [ 76.813687622141458, 36.040628777781244, 0.0 ], [ 76.732136448142455, 35.954636100863887, 0.0 ], [ 76.782994685025088, 35.905200339049287, 0.0 ], [ 76.807480142732203, 35.849745566425717, 0.0 ], [ 76.861148060781247, 35.835952568768725, 0.0 ], [ 76.93561244441095, 35.789022383513561, 0.0 ], [ 77.001003950852535, 35.775560104766129, 0.0 ], [ 77.115659881523626, 35.798105130352859, 0.0 ], [ 77.152190219096198, 35.768635207949423, 0.0 ], [ 77.176355717732747, 35.768134603891895, 0.0 ], [ 77.179679685123659, 35.730218488121373, 0.0 ], [ 77.213013403715038, 35.733251948676241, 0.0 ], [ 77.258344855534233, 35.704320183904358, 0.0 ], [ 77.287437203856015, 35.722590536167203, 0.0 ], [ 77.321067909929411, 35.701048099437195, 0.0 ], [ 77.335549013459215, 35.719753891196312, 0.0 ], [ 77.365866773667463, 35.715187188849534, 0.0 ], [ 77.411556540825444, 35.65625662236635, 0.0 ], [ 77.437935946708251, 35.656143670474414, 0.0 ], [ 77.440126270784319, 35.602134106757426, 0.0 ], [ 77.471880830547491, 35.584270189883753, 0.0 ], [ 77.465222169707232, 35.55004742067441, 0.0 ], [ 77.482763954561449, 35.529620723936127, 0.0 ], [ 77.430521801729995, 35.513670479351347, 0.0 ], [ 77.361971476549385, 35.543155260775762, 0.0 ], [ 77.330081711688493, 35.525699971679266, 0.0 ], [ 77.385239072871897, 35.473860327111332, 0.0 ], [ 77.443663675065963, 35.459455842468479, 0.0 ], [ 77.496135008210686, 35.477776726908573, 0.0 ], [ 77.628623700637334, 35.46503854729373, 0.0 ], [ 77.653095231876947, 35.481180089622882, 0.0 ], [ 77.685158613219855, 35.46682393549716, 0.0 ], [ 77.72877176653121, 35.477334481886473, 0.0 ], [ 77.73586585791692, 35.521098264836226, 0.0 ], [ 77.786318514748729, 35.487980226014997, 0.0 ], [ 77.829240832155023, 35.505095511333955, 0.0 ], [ 77.912077155348683, 35.461090034647412, 0.0 ], [ 77.929315926307751, 35.490307500120942, 0.0 ], [ 77.985251899108448, 35.448302963368377, 0.0 ], [ 77.939265835463246, 35.50690904233673, 0.0 ], [ 77.967935586290864, 35.571765879687888, 0.0 ], [ 77.957808456094725, 35.604867531601059, 0.0 ], [ 78.001397102080787, 35.582369076329343, 0.0 ], [ 78.055561400897943, 35.581787410294538, 0.0 ], [ 78.084351698773091, 35.552018626440066, 0.0 ], [ 78.136765750561423, 35.536568396856552, 0.0 ], [ 78.164912067013091, 35.551736129859471, 0.0 ], [ 78.169825085982794, 35.624998211375001, 0.0 ], [ 78.197437518967419, 35.622838508643554, 0.0 ], [ 78.212048859306151, 35.665999576357514, 0.0 ], [ 78.265611506315835, 35.647419330308324, 0.0 ], [ 78.284507064082035, 35.664490218304067, 0.0 ], [ 78.276950292951227, 35.718374139631031, 0.0 ], [ 78.403863661453059, 35.735849330071034, 0.0 ], [ 78.442671578313409, 35.783642770868376, 0.0 ], [ 78.53416402004919, 35.762512781396424, 0.0 ], [ 78.646430641612014, 35.821067133887624, 0.0 ], [ 78.673311062717829, 35.854203536924757, 0.0 ], [ 78.786220269677685, 35.868878342335783, 0.0 ], [ 78.839070855749597, 35.856116085241453, 0.0 ], [ 78.925121107159683, 35.867510212292451, 0.0 ], [ 78.969204897474256, 35.890168998473186, 0.0 ], [ 79.032247715576943, 35.847717221676817, 0.0 ], [ 79.16467252908285, 35.838186199343887, 0.0 ], [ 79.212759833874571, 35.877865569343498, 0.0 ], [ 79.204494949959241, 35.92770244577784, 0.0 ], [ 79.230898839187745, 35.972164186317571, 0.0 ], [ 79.358031112168334, 35.991732786853127, 0.0 ], [ 79.4103534555518, 35.985977349983166, 0.0 ], [ 79.440199812932093, 35.894083357853937, 0.0 ], [ 79.536227970688884, 35.87963863128423, 0.0 ], [ 79.751090589715304, 35.796918989833777, 0.0 ], [ 79.898959481798784, 35.77510864093626, 0.0 ], [ 79.967695547383755, 35.825181181355504, 0.0 ], [ 80.015692352689328, 35.826163578566053, 0.0 ], [ 80.128896516195965, 35.656732828000379, 0.0 ], [ 80.213082085204547, 35.638657266590236, 0.0 ], [ 80.31171197213942, 35.58795612627231, 0.0 ], [ 80.314628359698418, 35.536076175585421, 0.0 ], [ 80.345083611470059, 35.461172181670079, 0.0 ], [ 80.298484672634217, 35.416988317016134, 0.0 ], [ 80.297475549335985, 35.352868377646161, 0.0 ], [ 80.242657023871118, 35.208015509732469, 0.0 ], [ 80.185032569348621, 35.130628277778634, 0.0 ], [ 80.18689509400906, 35.007998593766061, 0.0 ], [ 80.127235162302924, 34.87254927333089, 0.0 ], [ 80.07499516334299, 34.805417883108419, 0.0 ], [ 80.065311236392589, 34.692857745779143, 0.0 ], [ 79.944662496157605, 34.660900858982899, 0.0 ], [ 79.878259653976983, 34.674859005281711, 0.0 ], [ 79.776604262829537, 34.610383780962074, 0.0 ], [ 79.794375653291226, 34.580540604193857, 0.0 ], [ 79.769775875423917, 34.537777807501314, 0.0 ], [ 79.821044804326021, 34.514455480099542, 0.0 ], [ 79.816103835498282, 34.483093383616385, 0.0 ], [ 79.791438730849109, 34.466753603305975, 0.0 ], [ 79.598392754561829, 34.486758983573679, 0.0 ], [ 79.522154755505312, 34.463621850658228, 0.0 ], [ 79.531628789066232, 34.408754159169327, 0.0 ], [ 79.568936974974974, 34.400589779815434, 0.0 ], [ 79.568511095458163, 34.320196715053058, 0.0 ], [ 79.596961809262766, 34.278003937797656, 0.0 ], [ 79.59213872620731, 34.235820116695329, 0.0 ], [ 79.54005834405308, 34.191307322090253, 0.0 ], [ 79.513141846733362, 34.200937835658209, 0.0 ], [ 79.493686084027942, 34.184680746357678, 0.0 ], [ 79.495954241447393, 34.124448995763338, 0.0 ], [ 79.421113120702515, 34.075939795823196, 0.0 ], [ 79.414529180779638, 34.041713280393978, 0.0 ], [ 79.437449969175759, 34.012647657277007, 0.0 ], [ 79.415505660066032, 33.999005971455482, 0.0 ], [ 79.373667696630733, 34.026754125277897, 0.0 ], [ 79.2829437555704, 34.027606742964863, 0.0 ], [ 79.172928766642571, 34.058291511211486, 0.0 ], [ 79.148007508767165, 34.055069434872593, 0.0 ], [ 79.138230495311987, 34.017515962188064, 0.0 ], [ 79.112650904977784, 34.008944571813991, 0.0 ], [ 79.001148941355538, 34.03360822483652, 0.0 ], [ 78.953209325654385, 34.013131250136809, 0.0 ], [ 78.918317098296399, 33.963921795831475, 0.0 ], [ 79.013185926461276, 33.782935625782279, 0.0 ], [ 79.060454502030112, 33.775834726855138, 0.0 ], [ 79.016106141758911, 33.702263924080277, 0.0 ], [ 79.046318678308808, 33.67383453867118, 0.0 ], [ 79.077995772004215, 33.686081917301095, 0.0 ], [ 79.100150614040516, 33.616324027732496, 0.0 ], [ 78.902860435224085, 33.622011201459863, 0.0 ], [ 78.914524617073113, 33.606006327989284, 0.0 ], [ 78.906259813874001, 33.573709546155449, 0.0 ], [ 78.943773790758371, 33.526069091188184, 0.0 ], [ 78.927077972467075, 33.454288014513715, 0.0 ], [ 78.978421967802646, 33.336409652172101, 0.0 ], [ 79.107691331230484, 33.289112026880254, 0.0 ], [ 79.223682868164616, 33.296284632942637, 0.0 ], [ 79.44611257180766, 33.257734694979796, 0.0 ], [ 79.443044611172539, 33.200360784907645, 0.0 ], [ 79.373216987601509, 33.106379838559789, 0.0 ], [ 79.380322632760453, 33.027669841086535, 0.0 ], [ 79.324903122386544, 33.012241536767675, 0.0 ], [ 79.368171055986153, 32.982524364684743, 0.0 ], [ 79.368953239117218, 32.966239081269066, 0.0 ], [ 79.397603990077442, 32.961849205755577, 0.0 ], [ 79.538363409281345, 32.786052305177051, 0.0 ], [ 79.59440544704718, 32.759475129681128, 0.0 ], [ 79.609622966904894, 32.723228196255128, 0.0 ], [ 79.567241322487661, 32.670069539752731, 0.0 ], [ 79.537487273559734, 32.659591434392468, 0.0 ], [ 79.429290130299535, 32.523530821120403, 0.0 ], [ 79.384533370008313, 32.522797681599492, 0.0 ], [ 79.372990372051817, 32.560482436678363, 0.0 ], [ 79.305255536395478, 32.585823290140496, 0.0 ], [ 79.259751376824511, 32.522654213375795, 0.0 ], [ 79.182086272728327, 32.473757321924715, 0.0 ], [ 79.125044968944437, 32.465022654107187, 0.0 ], [ 79.135165316657222, 32.432298560681296, 0.0 ], [ 79.093679831955654, 32.377134380111521, 0.0 ], [ 79.045408418683536, 32.387406392624776, 0.0 ], [ 79.003545421197359, 32.374881021164079, 0.0 ], [ 78.971185016623153, 32.335693587770095, 0.0 ], [ 78.806701785323966, 32.444248133982001, 0.0 ], [ 78.759157784423309, 32.567789261087142, 0.0 ], [ 78.782363400384455, 32.595810528312718, 0.0 ], [ 78.743339820233231, 32.654977708317304, 0.0 ], [ 78.750696552058784, 32.692763033099226, 0.0 ], [ 78.708711360725701, 32.656133741086727, 0.0 ], [ 78.648369579676071, 32.643857707412543, 0.0 ], [ 78.605259207150397, 32.591090245086434, 0.0 ], [ 78.565513802728589, 32.614845958313666, 0.0 ], [ 78.451282824110564, 32.577598552851732, 0.0 ], [ 78.407267914291651, 32.526100317451238, 0.0 ], [ 78.461248087084314, 32.503797021776286, 0.0 ], [ 78.460879466283075, 32.461837850614195, 0.0 ], [ 78.495764955343574, 32.422020408031706, 0.0 ], [ 78.533505461672505, 32.415460182397375, 0.0 ], [ 78.484787791652536, 32.349136264998741, 0.0 ], [ 78.48341139415848, 32.281386156901341, 0.0 ], [ 78.460839850720859, 32.241708485401922, 0.0 ], [ 78.559478393329186, 32.248689177598166, 0.0 ], [ 78.587952438265361, 32.236100879054526, 0.0 ], [ 78.614691300886918, 32.208805274320135, 0.0 ], [ 78.613757785742294, 32.175371606043313, 0.0 ], [ 78.596232369855912, 32.15776958026737, 0.0 ], [ 78.617665811337133, 32.115224997247537, 0.0 ], [ 78.656603214866237, 32.11148386901462, 0.0 ], [ 78.718905224363596, 32.035724001871806, 0.0 ], [ 78.788552435957811, 31.993231551537331, 0.0 ], [ 78.778155577154493, 31.93515530169547, 0.0 ], [ 78.75013791738192, 31.904482218618938, 0.0 ], [ 78.740207501118064, 31.837456024794314, 0.0 ], [ 78.709853629614258, 31.786615139415055, 0.0 ], [ 78.741190367270164, 31.757609190604786, 0.0 ], [ 78.728391711045333, 31.741743437101167, 0.0 ], [ 78.754019180708767, 31.685647659821107, 0.0 ], [ 78.798219454585734, 31.681814889622451, 0.0 ], [ 78.806992329634511, 31.64710918310324, 0.0 ], [ 78.85334150709464, 31.607426412443306, 0.0 ], [ 78.728386623219151, 31.514767480927379, 0.0 ], [ 78.736239409278483, 31.480572218415311, 0.0 ], [ 78.76663397297952, 31.486422091098433, 0.0 ], [ 78.812778266494234, 31.449737425878549, 0.0 ], [ 78.816585750458742, 31.419281380537548, 0.0 ], [ 78.792005953083773, 31.395544158314305, 0.0 ], [ 78.858767622306871, 31.366373921335992, 0.0 ], [ 78.854647423678585, 31.323457717704837, 0.0 ], [ 78.898793708564881, 31.262722068664488, 0.0 ], [ 78.932692698358281, 31.252941605382127, 0.0 ], [ 78.947591444788841, 31.319515146320065, 0.0 ], [ 79.010832361823645, 31.357082979934702, 0.0 ], [ 79.061737620647605, 31.46134748329882, 0.0 ], [ 79.127423106477494, 31.434858729188377, 0.0 ], [ 79.19928285653873, 31.35652998009499, 0.0 ], [ 79.246475353998164, 31.330039471731059, 0.0 ], [ 79.23921284880204, 31.314206729596968, 0.0 ], [ 79.271855603122191, 31.283185725972952, 0.0 ], [ 79.251865847677053, 31.243017480669373, 0.0 ], [ 79.292622849514956, 31.221218236697986, 0.0 ], [ 79.31748135791959, 31.136720734302436, 0.0 ], [ 79.398803097293239, 31.107786474103598, 0.0 ], [ 79.407727343287732, 31.076991473702087, 0.0 ], [ 79.424567854392649, 31.071074484322068, 0.0 ], [ 79.424760368540902, 31.030491986216923, 0.0 ], [ 79.519034869281214, 31.026705986154791, 0.0 ], [ 79.552547201625302, 30.960067665126761, 0.0 ], [ 79.603455244262548, 30.932654533948888, 0.0 ], [ 79.663595062727623, 30.966530853749305, 0.0 ], [ 79.664988221411463, 30.982921535106097, 0.0 ], [ 79.717111096076493, 30.975996618197367, 0.0 ], [ 79.753007531923956, 31.007865027773963, 0.0 ], [ 79.816367025653136, 30.97393458103727, 0.0 ], [ 79.862714548069107, 30.975357082468228, 0.0 ], [ 79.89025578792419, 30.918636613955211, 0.0 ], [ 79.910387129444516, 30.915067839374604, 0.0 ], [ 79.929096482974472, 30.882433359571074, 0.0 ], [ 79.96215289739088, 30.8900200331917, 0.0 ], [ 80.04203392189568, 30.835816163489618, 0.0 ], [ 80.056017551379412, 30.841506236786607, 0.0 ], [ 80.110908484915967, 30.779295111276774, 0.0 ], [ 80.177770807336984, 30.804054575658743, 0.0 ], [ 80.214909139935259, 30.749061571651836, 0.0 ], [ 80.239663519105406, 30.7620588586786, 0.0 ], [ 80.250510711949431, 30.737136921431919, 0.0 ], [ 80.236422141441125, 30.69038376567978, 0.0 ], [ 80.199711889309796, 30.683047101302144, 0.0 ], [ 80.197158338332599, 30.662092240251624, 0.0 ], [ 80.221168544586376, 30.6418156423941, 0.0 ], [ 80.211670762789325, 30.622419945918427, 0.0 ], [ 80.226830221879837, 30.578944968572255, 0.0 ], [ 80.257760069989871, 30.558835943861485, 0.0 ], [ 80.283067157581883, 30.572193389926451, 0.0 ], [ 80.385591982077145, 30.515049869168365, 0.0 ], [ 80.415579347026991, 30.525334522725519, 0.0 ], [ 80.539078441620859, 30.449196884864595, 0.0 ], [ 80.598008841545052, 30.478766267700138, 0.0 ], [ 80.751968890196025, 30.393503887548103, 0.0 ], [ 80.821570823731804, 30.315557565202141, 0.0 ], [ 81.033208018311583, 30.246389546460218, 0.0 ], [ 81.027100216891682, 30.228455013322076, 0.0 ], [ 81.043276187787825, 30.204558684387329, 0.0 ], [ 80.960047335491822, 30.178992384428653, 0.0 ], [ 80.918281138790988, 30.189834428689675, 0.0 ], [ 80.919718668409075, 30.214195647653032, 0.0 ], [ 80.902732667056966, 30.215380752427567, 0.0 ], [ 80.867764003690965, 30.173865811740399, 0.0 ], [ 80.874771663608499, 30.126485645212409, 0.0 ], [ 80.761031753837912, 30.049516989228344, 0.0 ], [ 80.746771429329911, 30.005780351776718, 0.0 ], [ 80.718964967023553, 30.000578597334769, 0.0 ], [ 80.674547926383568, 29.957214675876713, 0.0 ], [ 80.601848251924693, 29.958126873442534, 0.0 ], [ 80.574109874482758, 29.924037693312574, 0.0 ], [ 80.553121658126983, 29.85133584234508, 0.0 ], [ 80.506676994969069, 29.823020302882135, 0.0 ], [ 80.493856504969386, 29.795804935437655, 0.0 ], [ 80.435027861400243, 29.805973525413648, 0.0 ], [ 80.40694746092619, 29.794740769889582, 0.0 ], [ 80.397373365159723, 29.75890821857114, 0.0 ], [ 80.365866127002178, 29.74841529875917, 0.0 ], [ 80.38416981782575, 29.675090429281703, 0.0 ], [ 80.420257911878693, 29.638333303929532, 0.0 ], [ 80.407939033050766, 29.595971862765285, 0.0 ], [ 80.378485564694458, 29.561053285578701, 0.0 ], [ 80.34247042132418, 29.552773492123084, 0.0 ], [ 80.357881609206771, 29.532767410380469, 0.0 ], [ 80.349669543089519, 29.51920845963587, 0.0 ], [ 80.286935311798103, 29.476976731357457, 0.0 ], [ 80.301784276530555, 29.4527761154087, 0.0 ], [ 80.242240207997611, 29.442875812306923, 0.0 ], [ 80.242151475541078, 29.411376068085172, 0.0 ], [ 80.275116615727484, 29.393009368638054, 0.0 ], [ 80.280057585435543, 29.347023470596682, 0.0 ], [ 80.316881033785435, 29.315249090911717, 0.0 ], [ 80.290572229189451, 29.231561974952662, 0.0 ], [ 80.297375526322426, 29.204926396980788, 0.0 ], [ 80.285950036469032, 29.195846114695353, 0.0 ], [ 80.2487972941652, 29.221228483002861, 0.0 ], [ 80.240537762754798, 29.202542969189935, 0.0 ], [ 80.272052331000395, 29.141296262134635, 0.0 ], [ 80.233043566319608, 29.118487504154796, 0.0 ], [ 80.183190360178216, 29.13718471883438, 0.0 ], [ 80.142867904232503, 29.09952308287976, 0.0 ], [ 80.124504605153874, 29.013069494139899, 0.0 ], [ 80.13541855309559, 29.007396071831629, 0.0 ], [ 80.11792428264242, 28.981547500115063, 0.0 ], [ 80.10054704906716, 28.986903835625391, 0.0 ], [ 80.058469250944412, 28.916626100447228, 0.0 ], [ 80.074819093191309, 28.824486821141374, 0.0 ], [ 80.118051622327798, 28.828979808780783, 0.0 ], [ 80.21598577659897, 28.755568213156415, 0.0 ], [ 80.256580724028098, 28.754251766818765, 0.0 ], [ 80.256519122890282, 28.729248448142339, 0.0 ], [ 80.317121688199563, 28.70014296244921, 0.0 ], [ 80.325726982213126, 28.666477585471675, 0.0 ], [ 80.360995359124345, 28.635262687239788, 0.0 ], [ 80.450844853966416, 28.629539628723922, 0.0 ], [ 80.468677203309298, 28.583530216418897, 0.0 ], [ 80.517623786036225, 28.551960232200035, 0.0 ], [ 80.53059534214546, 28.572620836994723, 0.0 ], [ 80.503378426581421, 28.665142932685441, 0.0 ], [ 80.539529680330162, 28.690756411744353, 0.0 ], [ 80.568657463104358, 28.688132554683396, 0.0 ], [ 80.590519989207252, 28.680036686383286, 0.0 ], [ 80.589448366958166, 28.648037167339972, 0.0 ], [ 80.667625398468275, 28.64218933348161, 0.0 ], [ 80.677466810106395, 28.604445991202784, 0.0 ], [ 80.695750679679421, 28.603485742475794, 0.0 ], [ 80.69044598896437, 28.587595895131315, 0.0 ], [ 80.714532674880161, 28.568404828796833, 0.0 ], [ 80.768600671184558, 28.565907169673025, 0.0 ], [ 80.789194533559282, 28.5245187193646, 0.0 ], [ 80.865948965662682, 28.48958385812923, 0.0 ], [ 80.861521618401369, 28.504393573875657, 0.0 ], [ 80.896093966985234, 28.507019421944772, 0.0 ], [ 80.91541461107478, 28.457637151317236, 0.0 ], [ 80.914148180787279, 28.468427711482814, 0.0 ], [ 80.930517531176918, 28.457774754063543, 0.0 ], [ 80.942568008322269, 28.468889699192779, 0.0 ], [ 80.93202126538678, 28.458890655403518, 0.0 ], [ 80.951726752151387, 28.447640152383979, 0.0 ], [ 80.980167385695154, 28.455241628352635, 0.0 ], [ 80.964643461349212, 28.444837683161293, 0.0 ], [ 80.978834144403805, 28.434151882269688, 0.0 ], [ 81.016757137647915, 28.45128884290158, 0.0 ], [ 81.012609329424464, 28.43781974888886, 0.0 ], [ 81.034203437951689, 28.42817916512838, 0.0 ], [ 81.017531770211519, 28.415472592526271, 0.0 ], [ 81.033833593218574, 28.398898357024947, 0.0 ], [ 81.035673369009132, 28.413577411676048, 0.0 ], [ 81.079738966190263, 28.385059652078755, 0.0 ], [ 81.210596877606932, 28.360833495936937, 0.0 ], [ 81.234482279932337, 28.324738624341755, 0.0 ], [ 81.232638616562241, 28.289148133655267, 0.0 ], [ 81.320943817800924, 28.197554311144089, 0.0 ], [ 81.321347199566446, 28.168885656216766, 0.0 ], [ 81.302004190065873, 28.164762662250354, 0.0 ], [ 81.328059463503322, 28.148081655200635, 0.0 ], [ 81.318030713453567, 28.133671646329301, 0.0 ], [ 81.371076324284203, 28.14349157791672, 0.0 ], [ 81.373514876484009, 28.177300702169852, 0.0 ], [ 81.446683629436038, 28.161015665618528, 0.0 ], [ 81.44993367679433, 28.140850619562453, 0.0 ], [ 81.484005232820621, 28.118565967159277, 0.0 ], [ 81.47827632854802, 28.08271316954664, 0.0 ], [ 81.623985136762371, 28.001601001013917, 0.0 ], [ 81.698440705334974, 27.988191085257224, 0.0 ], [ 81.884958491832322, 27.856950582216143, 0.0 ], [ 81.925849844159643, 27.859831336711803, 0.0 ], [ 81.968324250656167, 27.929120762994053, 0.0 ], [ 82.069960837740808, 27.923645819395592, 0.0 ], [ 82.121382364430346, 27.865846270901482, 0.0 ], [ 82.208306751073422, 27.843578803286452, 0.0 ], [ 82.448670312203561, 27.679315057073101, 0.0 ], [ 82.707652844836261, 27.722916407878074, 0.0 ], [ 82.711500686788426, 27.665290109023456, 0.0 ], [ 82.73660162740579, 27.64345277567751, 0.0 ], [ 82.735115381833168, 27.609932898743882, 0.0 ], [ 82.755766953214163, 27.587799188287978, 0.0 ], [ 82.735546940449822, 27.50235207381607, 0.0 ], [ 82.929287993832801, 27.501189849501554, 0.0 ], [ 82.954092377404521, 27.467732553344586, 0.0 ], [ 83.034574117645661, 27.448722991221821, 0.0 ], [ 83.187947995289932, 27.454315519390928, 0.0 ], [ 83.272151582288799, 27.383348648681967, 0.0 ], [ 83.272427147325971, 27.352628147103665, 0.0 ], [ 83.317587517609184, 27.330163641768625, 0.0 ], [ 83.359233880732887, 27.343261578728541, 0.0 ], [ 83.409341860399024, 27.412806052186834, 0.0 ], [ 83.383910453804404, 27.436276617228472, 0.0 ], [ 83.401739279313816, 27.457539066028438, 0.0 ], [ 83.388175154781734, 27.479755211281898, 0.0 ], [ 83.614253450904158, 27.469443319183387, 0.0 ], [ 83.863789439133058, 27.347007928807681, 0.0 ], [ 83.883165354967318, 27.376560388436236, 0.0 ], [ 83.833112481670838, 27.425082514428166, 0.0 ], [ 83.848293493365432, 27.446356046893278, 0.0 ], [ 83.875493054223853, 27.435389511000324, 0.0 ], [ 83.996686812116266, 27.446050377387028, 0.0 ], [ 84.026927144745613, 27.433540755261841, 0.0 ], [ 84.094837856022366, 27.489019142619849, 0.0 ], [ 84.097696727536544, 27.517092747919062, 0.0 ], [ 84.145856751800181, 27.518657655552992, 0.0 ], [ 84.149129631295068, 27.485908328950611, 0.0 ], [ 84.205424970285023, 27.470427081946998, 0.0 ], [ 84.208927426310893, 27.442600146299736, 0.0 ], [ 84.254260956058403, 27.454049752208221, 0.0 ], [ 84.292382474217121, 27.384811550793454, 0.0 ], [ 84.621893219365404, 27.336927334565228, 0.0 ], [ 84.691144380870085, 27.214821971206629, 0.0 ], [ 84.674490352426645, 27.095905735602194, 0.0 ], [ 84.646159934518764, 27.075647087406509, 0.0 ], [ 84.64339421079373, 27.046144471207629, 0.0 ], [ 84.756740218271617, 27.002845995319021, 0.0 ], [ 84.773420892359482, 27.017736119662239, 0.0 ], [ 84.793560532796377, 26.995838222961996, 0.0 ], [ 84.825401563446974, 27.020913246895997, 0.0 ], [ 84.891575726199463, 26.969675146739238, 0.0 ], [ 84.962579759989623, 26.960526502695927, 0.0 ], [ 84.978508166037187, 26.940086030212573, 0.0 ], [ 84.968063838524188, 26.916144636941258, 0.0 ], [ 85.061197307365873, 26.886585247537056, 0.0 ], [ 85.030858233011742, 26.874363944196613, 0.0 ], [ 85.023970204864355, 26.854377253903479, 0.0 ], [ 85.190842255502943, 26.869824437250294, 0.0 ], [ 85.17673592874776, 26.809622470605532, 0.0 ], [ 85.211031567702207, 26.758427872765214, 0.0 ], [ 85.33451094275145, 26.741667877436051, 0.0 ], [ 85.407737964586943, 26.79134586293128, 0.0 ], [ 85.451913520723508, 26.781377300308687, 0.0 ], [ 85.479183378683899, 26.802146982430251, 0.0 ], [ 85.495643206555229, 26.797033183771006, 0.0 ], [ 85.497698176284217, 26.811901040899397, 0.0 ], [ 85.565983337441807, 26.841102225208711, 0.0 ], [ 85.575557458100434, 26.860992545304072, 0.0 ], [ 85.585664849954767, 26.847358772845499, 0.0 ], [ 85.623904239379698, 26.873781002934766, 0.0 ], [ 85.721130585141594, 26.820357631079727, 0.0 ], [ 85.734479049330503, 26.79587249704305, 0.0 ], [ 85.732247065539767, 26.653862494727612, 0.0 ], [ 85.801768177439527, 26.624270415711653, 0.0 ], [ 85.817739422176743, 26.602799665855898, 0.0 ], [ 85.851259898897183, 26.608677336996159, 0.0 ], [ 85.851419282557202, 26.568490011514321, 0.0 ], [ 85.92910351958983, 26.616814994073081, 0.0 ], [ 85.948179380928991, 26.61396195480825, 0.0 ], [ 85.960122087747251, 26.651010832121852, 0.0 ], [ 86.027580341533834, 26.666787180258002, 0.0 ], [ 86.138764083267461, 26.628848759763255, 0.0 ], [ 86.136330112123574, 26.606335771589421, 0.0 ], [ 86.192240480459461, 26.614841259257162, 0.0 ], [ 86.196299741181662, 26.593943285183435, 0.0 ], [ 86.217676850601819, 26.588479756290802, 0.0 ], [ 86.252687578053909, 26.617108084126542, 0.0 ], [ 86.332890285875223, 26.619137374109417, 0.0 ], [ 86.498634008112361, 26.542096239070712, 0.0 ], [ 86.541549442784614, 26.538722629230922, 0.0 ], [ 86.570250701930092, 26.496563180053943, 0.0 ], [ 86.693225330252517, 26.451198207395322, 0.0 ], [ 86.731397990091452, 26.422616313698281, 0.0 ], [ 86.766496488058294, 26.459440822751425, 0.0 ], [ 86.833769353237557, 26.439098169881387, 0.0 ], [ 86.894230193396368, 26.461926957715669, 0.0 ], [ 86.891676273458984, 26.48618895605604, 0.0 ], [ 86.929994531361572, 26.489684066124504, 0.0 ], [ 86.93215913075862, 26.516954037688766, 0.0 ], [ 87.015359727515545, 26.532043804658603, 0.0 ], [ 87.044674039850634, 26.587234076265315, 0.0 ], [ 87.071822493938413, 26.585813894207266, 0.0 ], [ 87.091650943856379, 26.450292247606843, 0.0 ], [ 87.162561522199923, 26.403895255978345, 0.0 ], [ 87.261051846805373, 26.409269915742918, 0.0 ], [ 87.266015234777058, 26.373875004665386, 0.0 ], [ 87.31253370418635, 26.371568726580836, 0.0 ], [ 87.341092513125957, 26.347519155507971, 0.0 ], [ 87.358405488557395, 26.361053987062231, 0.0 ], [ 87.36889286571018, 26.407937655422998, 0.0 ], [ 87.463771655285854, 26.43950923972546, 0.0 ], [ 87.5477041906464, 26.418374857513424, 0.0 ], [ 87.610404463888273, 26.380777464145599, 0.0 ], [ 87.651877374955035, 26.393424877396921, 0.0 ], [ 87.65020261367809, 26.40595727986593, 0.0 ], [ 87.678127853800703, 26.415834722308638, 0.0 ], [ 87.677557946196842, 26.435456095625636, 0.0 ], [ 87.733939972662014, 26.40761062066878, 0.0 ], [ 87.764759880383323, 26.409882142203625, 0.0 ], [ 87.789514609900976, 26.469431276053854, 0.0 ], [ 87.848828406206067, 26.436463484490211, 0.0 ], [ 87.888293705760248, 26.486759761275916, 0.0 ], [ 87.909808316232372, 26.457563215557471, 0.0 ], [ 87.898739385194602, 26.448709595485532, 0.0 ], [ 87.925142725013018, 26.444838657248194, 0.0 ], [ 87.926941960736031, 26.417801203738687, 0.0 ], [ 87.991919614001986, 26.392562878986432, 0.0 ], [ 88.006579519783159, 26.360996359490755, 0.0 ], [ 88.030504310032683, 26.364922205816505, 0.0 ], [ 88.034498927620746, 26.391910395329734, 0.0 ], [ 88.095602876954402, 26.439082424685186, 0.0 ], [ 88.092084308417384, 26.463307454501802, 0.0 ], [ 88.106961783309785, 26.475015014904812, 0.0 ], [ 88.090241292832488, 26.507252548123397, 0.0 ], [ 88.098022854243482, 26.537868542063901, 0.0 ], [ 88.160299400324291, 26.636439053888136, 0.0 ], [ 88.187167646526035, 26.748678221342789, 0.0 ], [ 88.173966332187945, 26.865316832120275, 0.0 ], [ 88.136357614560907, 26.89852014314928, 0.0 ], [ 88.144703906729163, 26.922477956960673, 0.0 ], [ 88.120134739546117, 26.950707714213507, 0.0 ], [ 88.134404089763464, 26.98623990625709, 0.0 ], [ 88.092142842014212, 27.004695576015621, 0.0 ], [ 88.077686014064255, 27.035422151096402, 0.0 ], [ 88.037845216335043, 27.036322954407858, 0.0 ], [ 88.021021234808657, 27.087829109742692, 0.0 ], [ 87.986830480261133, 27.119036421512469, 0.0 ], [ 88.019222240145723, 27.171051014034553, 0.0 ], [ 88.012331682638631, 27.215928406810853, 0.0 ], [ 88.032046635857, 27.286390214706994, 0.0 ], [ 88.066927814381614, 27.33577475670916, 0.0 ], [ 88.041573280200936, 27.372931077075442, 0.0 ], [ 88.050713572535969, 27.412984657683545, 0.0 ], [ 88.075056893641147, 27.433222685870984, 0.0 ], [ 88.044084322406704, 27.495810703796284, 0.0 ], [ 88.08183179517475, 27.584220908159988, 0.0 ], [ 88.144690988438214, 27.665354647188828, 0.0 ], [ 88.156174471396142, 27.736110255809887, 0.0 ], [ 88.178369713310715, 27.746184624875937, 0.0 ], [ 88.197171928024147, 27.791172327423091, 0.0 ], [ 88.173584138807541, 27.820296982873177, 0.0 ], [ 88.202204538005788, 27.837085288790231, 0.0 ], [ 88.196393326209702, 27.853787269242972, 0.0 ], [ 88.139921005591006, 27.877498736121375, 0.0 ], [ 88.119580894487441, 27.916004556231488, 0.0 ], [ 88.145214029375339, 27.964084733479829, 0.0 ], [ 88.205339361431783, 27.941563285498443, 0.0 ], [ 88.207960350075211, 27.961659797131439, 0.0 ], [ 88.237173770492589, 27.970847933590075, 0.0 ], [ 88.251084648011158, 27.942350999572575, 0.0 ], [ 88.352265907618019, 27.989948470876055, 0.0 ], [ 88.399065634642355, 27.978036794326275, 0.0 ], [ 88.430593281508408, 28.008086764135864, 0.0 ], [ 88.467816494173064, 28.017135056940919, 0.0 ], [ 88.495618901085223, 28.053931379874204, 0.0 ], [ 88.523513980356725, 28.034985787201983, 0.0 ], [ 88.550804333835941, 28.037571690906315, 0.0 ], [ 88.552546175230376, 28.081416116357119, 0.0 ], [ 88.619344477905813, 28.098076248683512, 0.0 ], [ 88.60996104612525, 28.128691315268711, 0.0 ], [ 88.672063854172535, 28.072340964322194, 0.0 ], [ 88.756286441004406, 28.0759731718586, 0.0 ], [ 88.836278327473991, 28.014814525906299, 0.0 ], [ 88.83693675618585, 27.928780435346741, 0.0 ], [ 88.870018634465183, 27.915602459593842, 0.0 ], [ 88.887673759259812, 27.856179888932271, 0.0 ], [ 88.880451364759921, 27.82918447733784, 0.0 ], [ 88.855830070117648, 27.815332197625011, 0.0 ], [ 88.865171764686892, 27.742736028149594, 0.0 ], [ 88.83798351651626, 27.706287315034544, 0.0 ], [ 88.848386246599787, 27.668007916841013, 0.0 ], [ 88.815260167710164, 27.646092926637706, 0.0 ], [ 88.791294719846334, 27.575103178444728, 0.0 ], [ 88.763767095350786, 27.564849986015698, 0.0 ], [ 88.792815320454693, 27.528898580080988, 0.0 ], [ 88.776990170066739, 27.46845594349044, 0.0 ], [ 88.806195677956765, 27.406796973309095, 0.0 ], [ 88.837670732270311, 27.379156049077494, 0.0 ], [ 88.860950470692543, 27.386537496120837, 0.0 ], [ 88.884015154827708, 27.342515219725417, 0.0 ], [ 88.919260288617878, 27.320618833170403, 0.0 ], [ 88.903289240424002, 27.272586128892719, 0.0 ], [ 88.803096082911509, 27.247836216063902, 0.0 ], [ 88.787958176402412, 27.184114703379731, 0.0 ], [ 88.764608138765524, 27.177017500857581, 0.0 ], [ 88.746059162976721, 27.144259954474752, 0.0 ], [ 88.80203326536099, 27.139495204492206, 0.0 ], [ 88.870046637870601, 27.109812170433003, 0.0 ], [ 88.877132172256992, 26.944359153119738, 0.0 ], [ 88.921683757509371, 26.993927235766158, 0.0 ], [ 88.952475257983252, 26.968406944856216, 0.0 ], [ 88.943923824825319, 26.934147348194131, 0.0 ], [ 88.980346215223406, 26.917185946179135, 0.0 ], [ 89.021572487251532, 26.940685890467311, 0.0 ], [ 89.050895954884226, 26.915969949726719, 0.0 ], [ 89.048858480071274, 26.899114507630919, 0.0 ], [ 89.095698829643595, 26.891673151557605, 0.0 ], [ 89.100694020250813, 26.842526213529236, 0.0 ], [ 89.134483491062227, 26.807638883292011, 0.0 ], [ 89.262395261800179, 26.813777934070163, 0.0 ], [ 89.318495326727742, 26.851319989879464, 0.0 ], [ 89.378981770007158, 26.862178266802555, 0.0 ], [ 89.389770782328895, 26.841854052354641, 0.0 ], [ 89.439479193618695, 26.840335188403856, 0.0 ], [ 89.469526331986117, 26.802692963710641, 0.0 ], [ 89.560169424593141, 26.812860154747487, 0.0 ], [ 89.565900989044209, 26.799353426592148, 0.0 ], [ 89.649868913419269, 26.776738559181258, 0.0 ], [ 89.643522401708609, 26.748541214946375, 0.0 ], [ 89.617448495671184, 26.72930689423935, 0.0 ], [ 89.623779050694623, 26.718448907761996, 0.0 ], [ 89.657874190105915, 26.718652948569371, 0.0 ], [ 89.67175549726818, 26.739809586385157, 0.0 ], [ 89.724083878972863, 26.722288383686511, 0.0 ], [ 89.752804682002477, 26.735313000616209, 0.0 ], [ 89.771371670172513, 26.701004269463979, 0.0 ], [ 89.863083557124881, 26.700560978901155, 0.0 ], [ 89.862916558170923, 26.737066879036085, 0.0 ], [ 89.898419273493843, 26.724274963465131, 0.0 ], [ 90.049565066317811, 26.730368412782909, 0.0 ], [ 90.194522936268868, 26.773271337000981, 0.0 ], [ 90.187669045019916, 26.806811864176115, 0.0 ], [ 90.225199226561799, 26.854756577845709, 0.0 ], [ 90.300298402166405, 26.848220357782182, 0.0 ], [ 90.347786300386019, 26.875294817648264, 0.0 ], [ 90.357242863535802, 26.900708810435326, 0.0 ], [ 90.41748409227219, 26.904529501798745, 0.0 ], [ 90.546612918736017, 26.816639782582453, 0.0 ], [ 90.634443208760231, 26.793810325146939, 0.0 ], [ 90.646574208852897, 26.776580424077643, 0.0 ], [ 90.675978766518469, 26.784094686823696, 0.0 ], [ 90.717277571925905, 26.768268449326836, 0.0 ], [ 90.991874474117211, 26.790642259197966, 0.0 ], [ 91.054060446157735, 26.780985434941378, 0.0 ], [ 91.097562745041714, 26.821992879396678, 0.0 ], [ 91.236887191543161, 26.812002621880612, 0.0 ], [ 91.337247926278721, 26.780860906784099, 0.0 ], [ 91.376005842024142, 26.795227688372666, 0.0 ], [ 91.407647186630342, 26.83960256126241, 0.0 ], [ 91.49510696869676, 26.79120586429579, 0.0 ], [ 91.625524308486035, 26.820865834298953, 0.0 ], [ 91.68979670188132, 26.806451491669648, 0.0 ], [ 91.824146740862304, 26.864043453464504, 0.0 ], [ 91.859111853736422, 26.913338829889412, 0.0 ], [ 91.891736352962582, 26.919062682808413, 0.0 ], [ 91.983501448259375, 26.858191602950793, 0.0 ], [ 92.056724718628757, 26.847385037224836, 0.0 ], [ 92.102651834512216, 26.867168389052097, 0.0 ], [ 92.120983322285795, 26.960360209524936, 0.0 ], [ 92.103546102589945, 27.003977271770179, 0.0 ], [ 92.078415455358254, 27.017361378984297, 0.0 ], [ 92.081745685399838, 27.040815569148013, 0.0 ], [ 92.044124069664704, 27.051362379126914, 0.0 ], [ 92.030517254619497, 27.080957329480235, 0.0 ], [ 92.026721870829959, 27.168278959633003, 0.0 ], [ 92.058378358247737, 27.190309454057122, 0.0 ], [ 92.072571269884733, 27.233105977638406, 0.0 ], [ 92.037747870864877, 27.257443842363259, 0.0 ], [ 92.073792445616391, 27.27848136276052, 0.0 ], [ 92.119949437646099, 27.271796606922134, 0.0 ], [ 92.122815595069156, 27.287356104369366, 0.0 ], [ 92.064583821312112, 27.326979370671221, 0.0 ], [ 92.048241202099135, 27.363132422167489, 0.0 ], [ 92.058469863035953, 27.399707469534547, 0.0 ], [ 92.016309778084221, 27.48077213534793, 0.0 ], [ 91.953369980259552, 27.460032310296366, 0.0 ], [ 91.848604745759545, 27.486456290214143, 0.0 ], [ 91.825253921691143, 27.467852776479216, 0.0 ], [ 91.766971759784312, 27.464755438454457, 0.0 ], [ 91.7146231794204, 27.474539347869921, 0.0 ], [ 91.695059156507682, 27.50532766515445, 0.0 ], [ 91.652452144469152, 27.483041272070011, 0.0 ], [ 91.61229278196106, 27.543692505883552, 0.0 ], [ 91.582150605875341, 27.556764847980354, 0.0 ], [ 91.566032366576962, 27.583897673254686, 0.0 ], [ 91.584374252434515, 27.608222539207446, 0.0 ], [ 91.562177770791365, 27.631853371709919, 0.0 ], [ 91.573073663119573, 27.660691125468766, 0.0 ], [ 91.628547685053576, 27.699426997186396, 0.0 ], [ 91.645067632916351, 27.769448995006119, 0.0 ], [ 91.614644585985687, 27.821850009178974, 0.0 ], [ 91.566666871555455, 27.817936731203922, 0.0 ], [ 91.556270376412897, 27.856206121253077, 0.0 ], [ 91.663177841457184, 27.852953236691508, 0.0 ], [ 91.709831122352497, 27.807973329334462, 0.0 ], [ 91.761306819763035, 27.799957716911063, 0.0 ], [ 91.820675664467601, 27.815961003373065, 0.0 ], [ 91.862185455547746, 27.739689767664608, 0.0 ], [ 91.927704638268665, 27.722594230005072, 0.0 ], [ 91.993525544227836, 27.771182325283934, 0.0 ], [ 92.05142792208207, 27.763932939428003, 0.0 ], [ 92.218660642805744, 27.869514902493279, 0.0 ], [ 92.277540150828514, 27.869092549109105, 0.0 ], [ 92.312773320291541, 27.788488548293131, 0.0 ], [ 92.385100070516273, 27.800629717880383, 0.0 ], [ 92.389764508738153, 27.821429639931043, 0.0 ], [ 92.416295578082156, 27.830554671249999, 0.0 ], [ 92.456269672514338, 27.814119836007951, 0.0 ], [ 92.503357176838463, 27.853950617305696, 0.0 ], [ 92.556210808748418, 27.824364230752032, 0.0 ], [ 92.615314464131529, 27.894538160142545, 0.0 ], [ 92.657710887116281, 27.901902981301951, 0.0 ], [ 92.742432319002418, 27.992586965549279, 0.0 ], [ 92.720709169019514, 28.030505160163745, 0.0 ], [ 92.666539783529657, 28.06375308361908, 0.0 ], [ 92.687948544803263, 28.127397964685599, 0.0 ], [ 92.814765383571753, 28.211043155019368, 0.0 ], [ 92.836098853079051, 28.179097132576388, 0.0 ], [ 92.89688002074783, 28.20515275161555, 0.0 ], [ 92.922842130710364, 28.240000359587544, 0.0 ], [ 92.96270561451189, 28.258557300964725, 0.0 ], [ 92.997298423113776, 28.229427663783806, 0.0 ], [ 93.028269551557912, 28.268694272623875, 0.0 ], [ 93.022342646975773, 28.310385818041436, 0.0 ], [ 93.217957530080398, 28.326081331412936, 0.0 ], [ 93.22422235155345, 28.405498876363247, 0.0 ], [ 93.180451039198857, 28.434875104547658, 0.0 ], [ 93.277735511441065, 28.501309105934297, 0.0 ], [ 93.301620749883384, 28.598951558357442, 0.0 ], [ 93.324920117394797, 28.609178566454073, 0.0 ], [ 93.333363334995795, 28.639083854821916, 0.0 ], [ 93.406010922855941, 28.651284174606975, 0.0 ], [ 93.445973331677266, 28.674722212668495, 0.0 ], [ 93.470495534646275, 28.652653497137351, 0.0 ], [ 93.496146738503512, 28.685966640863889, 0.0 ], [ 93.522410074231786, 28.659071285798639, 0.0 ], [ 93.619447409570782, 28.653387967190664, 0.0 ], [ 93.739876747480295, 28.684553166586028, 0.0 ], [ 93.784144777907102, 28.663364769806449, 0.0 ], [ 93.850601064600056, 28.70703601325928, 0.0 ], [ 93.935628646479344, 28.666105798205873, 0.0 ], [ 93.961761480024563, 28.693595803325636, 0.0 ], [ 93.972954413476273, 28.743218110044523, 0.0 ], [ 94.010300813406971, 28.772785817015766, 0.0 ], [ 93.986704292767598, 28.803755464120506, 0.0 ], [ 94.007243313168701, 28.840699639834668, 0.0 ], [ 94.164458146006766, 28.957456726626827, 0.0 ], [ 94.186062379009201, 29.028730159877277, 0.0 ], [ 94.224101903342216, 29.087829588294358, 0.0 ], [ 94.293654960621282, 29.14535274430817, 0.0 ], [ 94.362490768902717, 29.152604680933791, 0.0 ], [ 94.374877286526299, 29.184952785893081, 0.0 ], [ 94.438122289749046, 29.223193496266287, 0.0 ], [ 94.55071098226378, 29.220750761196932, 0.0 ], [ 94.630976455898647, 29.341236414801042, 0.0 ], [ 94.741302131997543, 29.274736897480583, 0.0 ], [ 94.793008585728217, 29.215298291900048, 0.0 ], [ 94.804128745635168, 29.162405321874402, 0.0 ], [ 94.878668557800708, 29.17502522065697, 0.0 ], [ 94.915778906595406, 29.152072692518303, 0.0 ], [ 94.958405742279766, 29.156389999524798, 0.0 ], [ 95.022446480769659, 29.133942678652907, 0.0 ], [ 94.975280412359282, 29.156543243757248, 0.0 ], [ 94.979819129291883, 29.173347102792494, 0.0 ], [ 94.992767753757235, 29.1707640154887, 0.0 ], [ 95.095054596613863, 29.139594063138155, 0.0 ], [ 95.106375013500752, 29.118905374349637, 0.0 ], [ 95.241720555750106, 29.110615035160045, 0.0 ], [ 95.242017680889631, 29.06355079572258, 0.0 ], [ 95.260070410482996, 29.054075352879018, 0.0 ], [ 95.28792169396317, 29.062641776031104, 0.0 ], [ 95.410653623462721, 29.030516136436258, 0.0 ], [ 95.440296873496536, 29.036600408488191, 0.0 ], [ 95.466454430889485, 29.066455899561674, 0.0 ], [ 95.480989833456292, 29.14307413127327, 0.0 ], [ 95.530717136970807, 29.130485188699534, 0.0 ], [ 95.52693259966027, 29.215656528540507, 0.0 ], [ 95.572202269855708, 29.222806301268562, 0.0 ], [ 95.583029651901882, 29.260614486549873, 0.0 ], [ 95.619263478144603, 29.249698547076559, 0.0 ], [ 95.776880631506231, 29.3616523647093, 0.0 ], [ 95.78212686338145, 29.341388007917317, 0.0 ], [ 95.830989075592896, 29.358829566874544, 0.0 ], [ 95.861746175828571, 29.395118328919288, 0.0 ], [ 95.941808749787484, 29.387651264562702, 0.0 ], [ 96.04275269973337, 29.460734810729949, 0.0 ], [ 96.081247980827897, 29.461081618374781, 0.0 ], [ 96.14056856357827, 29.402050067400136, 0.0 ], [ 96.176499643900058, 29.345153556961257, 0.0 ], [ 96.179919032235148, 29.307510527518382, 0.0 ], [ 96.235484601835168, 29.241891998627612, 0.0 ], [ 96.289567222359736, 29.244634179799398, 0.0 ], [ 96.354304518651858, 29.29205331517532, 0.0 ], [ 96.379075688971497, 29.26710541766192, 0.0 ], [ 96.342012373946261, 29.178382369414308, 0.0 ], [ 96.244953116324325, 29.165763494704766, 0.0 ], [ 96.210515080248882, 29.148092034770237, 0.0 ], [ 96.173591820708282, 29.099217506062079, 0.0 ], [ 96.102059416425064, 29.078994946753546, 0.0 ], [ 96.140932204383546, 29.058280072095762, 0.0 ], [ 96.171474619897552, 28.999191279647309, 0.0 ], [ 96.171796590834447, 28.969786740831104, 0.0 ], [ 96.142291976526067, 28.956672648584107, 0.0 ], [ 96.134897865176114, 28.935233043177423, 0.0 ], [ 96.160871885115597, 28.897834156733506, 0.0 ], [ 96.220171676742638, 28.9297728802681, 0.0 ], [ 96.32690615659925, 29.028018358074728, 0.0 ], [ 96.423141992866604, 29.037510215589791, 0.0 ], [ 96.5135847970366, 29.073958310943731, 0.0 ], [ 96.464673603397571, 28.983135330732921, 0.0 ], [ 96.481222228565315, 28.958515722209643, 0.0 ], [ 96.509384212274838, 28.966365328076648, 0.0 ], [ 96.526085116348014, 28.882460508237987, 0.0 ], [ 96.608985424649518, 28.779832304959864, 0.0 ], [ 96.579307012067005, 28.71158983696694, 0.0 ], [ 96.466901260208871, 28.675184356764632, 0.0 ], [ 96.487356361172544, 28.638908707144164, 0.0 ], [ 96.474470685963908, 28.621782087406118, 0.0 ], [ 96.424844409523899, 28.582108083006361, 0.0 ], [ 96.402029195712686, 28.580945508852, 0.0 ], [ 96.400013649817708, 28.559277183866996, 0.0 ], [ 96.344754664145711, 28.554007608602774, 0.0 ], [ 96.318577994215588, 28.525961517655723, 0.0 ], [ 96.362081007607088, 28.4803438791789, 0.0 ], [ 96.253406296713877, 28.407052418793423, 0.0 ], [ 96.316677374736756, 28.377567696240902, 0.0 ], [ 96.362581065309541, 28.386356722811133, 0.0 ], [ 96.395477851063035, 28.335916705583692, 0.0 ], [ 96.417378177829548, 28.340944191069823, 0.0 ], [ 96.457127757862267, 28.413815671790491, 0.0 ], [ 96.505379209623683, 28.410981004186489, 0.0 ], [ 96.570747623080791, 28.452324111008284, 0.0 ], [ 96.641136046347313, 28.457785323508606, 0.0 ], [ 96.740846180621148, 28.413813016107753, 0.0 ], [ 96.770289987035682, 28.367028647890354, 0.0 ], [ 96.834536981813926, 28.360719961049423, 0.0 ], [ 96.889670627715034, 28.378485621071814, 0.0 ], [ 96.925843259579693, 28.336852247445268, 0.0 ], [ 96.98761189171978, 28.303325287711015, 0.0 ], [ 97.075305837809765, 28.34961423583308, 0.0 ], [ 97.105694141312867, 28.346958369683765, 0.0 ], [ 97.171103453703608, 28.28566898746433, 0.0 ], [ 97.29526129572163, 28.261877631665392, 0.0 ], [ 97.401042411340129, 28.192250110622549, 0.0 ], [ 97.401163253978524, 28.181477836315647, 0.0 ], [ 97.363846406078338, 28.189089454755607, 0.0 ], [ 97.32790054364753, 28.150209830156548, 0.0 ], [ 97.347242929526885, 28.110487091317644, 0.0 ], [ 97.31043207962631, 28.07451657410007, 0.0 ], [ 97.325776521889239, 28.052698394267757, 0.0 ], [ 97.380945946166477, 28.059273309170614, 0.0 ], [ 97.375682600556672, 28.040156116709412, 0.0 ], [ 97.412896513941888, 28.014836541106856, 0.0 ], [ 97.372979552295831, 27.9680288801631, 0.0 ], [ 97.373590016473372, 27.880177072130891, 0.0 ], [ 97.308995938411812, 27.914991129123738, 0.0 ], [ 97.249021188240931, 27.899297119434134, 0.0 ], [ 97.103998428066021, 27.769748689659789, 0.0 ], [ 97.093847090877645, 27.740088464883648, 0.0 ], [ 97.036162355181077, 27.742387048815797, 0.0 ], [ 96.983056873335499, 27.664282154319402, 0.0 ], [ 96.941724808175934, 27.660740695915429, 0.0 ], [ 96.896746093258173, 27.609260982492906, 0.0 ], [ 96.896712055856881, 27.581503701852679, 0.0 ], [ 96.912231148418797, 27.580533171476816, 0.0 ], [ 96.913007667239512, 27.543882528432842, 0.0 ], [ 96.929822823162525, 27.524182275292318, 0.0 ], [ 96.903244081589762, 27.452726053144218, 0.0 ], [ 96.962306204681354, 27.40164912039862, 0.0 ], [ 96.962125533164979, 27.373115275393317, 0.0 ], [ 96.998106439269321, 27.318978624759165, 0.0 ], [ 97.028266714123234, 27.307943838959407, 0.0 ], [ 97.088507643192614, 27.238212264767718, 0.0 ], [ 97.090475816328663, 27.213618018973467, 0.0 ], [ 97.163854224204812, 27.142239812840547, 0.0 ], [ 97.138518009654305, 27.091046669943442, 0.0 ], [ 97.100345074663608, 27.108358633780664, 0.0 ], [ 97.063438821965548, 27.091454844554736, 0.0 ], [ 97.030270904313795, 27.131549284593721, 0.0 ], [ 96.984832346153411, 27.154298461790766, 0.0 ], [ 96.87441286238635, 27.180682462783953, 0.0 ], [ 96.854766716210577, 27.210243533789068, 0.0 ], [ 96.885233673168884, 27.226467601075605, 0.0 ], [ 96.884740469435158, 27.259656039576299, 0.0 ], [ 96.847047116817507, 27.271098076990818, 0.0 ], [ 96.847984238531296, 27.290278773299029, 0.0 ], [ 96.796660057089227, 27.345627072664531, 0.0 ], [ 96.704885339294691, 27.372040410326026, 0.0 ], [ 96.697486826935133, 27.357658723490943, 0.0 ], [ 96.605309081723476, 27.365548966137933, 0.0 ], [ 96.595719101241954, 27.333866879300139, 0.0 ], [ 96.551219616026302, 27.318456442390659, 0.0 ], [ 96.523851434087774, 27.286545891373247, 0.0 ], [ 96.440645015405792, 27.306331231467187, 0.0 ], [ 96.38683882527387, 27.284631882320301, 0.0 ], [ 96.307274641402131, 27.294275649925797, 0.0 ], [ 96.27102090472664, 27.271540279376993, 0.0 ], [ 96.227994687260903, 27.278683362768284, 0.0 ], [ 96.022961439829501, 27.180081741911099, 0.0 ], [ 95.945956164561764, 27.05164781203127, 0.0 ], [ 95.87007918668985, 27.01270285639956, 0.0 ], [ 95.802030489104894, 27.014500649451445, 0.0 ], [ 95.755000851406479, 26.953844934080884, 0.0 ], [ 95.74490551181043, 26.896329940183318, 0.0 ], [ 95.724141016003699, 26.882204793870407, 0.0 ], [ 95.66699781881573, 26.902862264682273, 0.0 ], [ 95.631875539305852, 26.873631385737038, 0.0 ], [ 95.60848871638926, 26.812858823592173, 0.0 ], [ 95.543127328534624, 26.835375974972195, 0.0 ], [ 95.528662963832502, 26.825299851336801, 0.0 ], [ 95.506542649462489, 26.807605967842822, 0.0 ], [ 95.482759264717444, 26.747053400094391, 0.0 ], [ 95.459091411284405, 26.74388473159572, 0.0 ], [ 95.431380033118543, 26.700698097796863, 0.0 ], [ 95.335786892974227, 26.674483126582846, 0.0 ], [ 95.302886442463262, 26.650822626854595, 0.0 ], [ 95.259006496175218, 26.655532182287981, 0.0 ], [ 95.256804547136866, 26.676564010071768, 0.0 ], [ 95.234231490249982, 26.682455931642931, 0.0 ], [ 95.20959620968398, 26.648846827469068, 0.0 ], [ 95.148927562047731, 26.615867203753631, 0.0 ], [ 95.15419426966649, 26.583142395690029, 0.0 ], [ 95.107545361346638, 26.541538110320293, 0.0 ], [ 95.114538274385552, 26.518510712816042, 0.0 ], [ 95.061999058857054, 26.449718503851276, 0.0 ], [ 95.08445224810842, 26.447054900556505, 0.0 ], [ 95.10386290386009, 26.420658682522102, 0.0 ], [ 95.09977243071927, 26.393731589358023, 0.0 ], [ 95.132136675048145, 26.377841228292809, 0.0 ], [ 95.127297520823049, 26.253980669472263, 0.0 ], [ 95.114598522024465, 26.232889378040412, 0.0 ], [ 95.142680267474432, 26.211634223935707, 0.0 ], [ 95.121955096987946, 26.185233131277659, 0.0 ], [ 95.117868955407815, 26.101077380835264, 0.0 ], [ 95.185888087698771, 26.073099057320768, 0.0 ], [ 95.126107017084905, 25.985750997957798, 0.0 ], [ 95.089496182172809, 25.950485071031459, 0.0 ], [ 95.03135204926906, 25.931146109426589, 0.0 ], [ 95.011774073580909, 25.897777459267907, 0.0 ], [ 95.009186433493625, 25.866610201213383, 0.0 ], [ 95.049965997094517, 25.799991162275205, 0.0 ], [ 95.048965718791592, 25.759355045749018, 0.0 ], [ 94.935979883754001, 25.667611345494031, 0.0 ], [ 94.91508900182744, 25.607680898571633, 0.0 ], [ 94.881713731868317, 25.591049071475677, 0.0 ], [ 94.898503931348856, 25.565327647499704, 0.0 ], [ 94.84592230843117, 25.561938346147606, 0.0 ], [ 94.807993177141199, 25.49329397266813, 0.0 ], [ 94.783450430740132, 25.480400543062494, 0.0 ], [ 94.751420557749427, 25.493889678781237, 0.0 ], [ 94.718077270729268, 25.469486357608666, 0.0 ], [ 94.683618927536983, 25.466430226719563, 0.0 ], [ 94.669708728490633, 25.418252022396999, 0.0 ], [ 94.634602458341035, 25.395006474763385, 0.0 ], [ 94.634553090965596, 25.357923015826657, 0.0 ], [ 94.584794090226737, 25.266544445973871, 0.0 ], [ 94.57564007041104, 25.2141237690923, 0.0 ], [ 94.605833059836158, 25.181291412674934, 0.0 ], [ 94.737006187717682, 25.134220726766081, 0.0 ], [ 94.744155808890341, 25.037271804745444, 0.0 ], [ 94.696591218401963, 24.968470015722488, 0.0 ], [ 94.71340059299996, 24.934371288165099, 0.0 ], [ 94.687949968883743, 24.888055214784938, 0.0 ], [ 94.631855381188174, 24.839455217128595, 0.0 ], [ 94.618607325183731, 24.779795054380116, 0.0 ], [ 94.629355704600854, 24.756969527784872, 0.0 ], [ 94.605117790123899, 24.712309349085892, 0.0 ], [ 94.585124486211441, 24.705419956832085, 0.0 ], [ 94.57943168762408, 24.723708434316361, 0.0 ], [ 94.549663575991872, 24.712769789402355, 0.0 ], [ 94.550065827788387, 24.658928211299742, 0.0 ], [ 94.52920722058316, 24.618023636453614, 0.0 ], [ 94.461539781104435, 24.557953392917636, 0.0 ], [ 94.425203683482081, 24.486121751434929, 0.0 ], [ 94.403076128196957, 24.475293774991595, 0.0 ], [ 94.39763410497487, 24.407286160476421, 0.0 ], [ 94.367130862081211, 24.39461835029757, 0.0 ], [ 94.380112001591954, 24.374635317384023, 0.0 ], [ 94.35400427506552, 24.334471421773817, 0.0 ], [ 94.327162441533915, 24.327664177834972, 0.0 ], [ 94.315322355858228, 24.252676996692077, 0.0 ], [ 94.292713397510568, 24.236018824760535, 0.0 ], [ 94.283187770656838, 24.179349822041512, 0.0 ], [ 94.259865062703128, 24.162260498420451, 0.0 ], [ 94.251540410792927, 24.081907823143961, 0.0 ], [ 94.186857962403536, 23.941281585532106, 0.0 ], [ 94.165351880040433, 23.929640028232662, 0.0 ], [ 94.153969032025145, 23.853152368765588, 0.0 ], [ 94.120672319944063, 23.832848422707514, 0.0 ], [ 94.08430454877076, 23.88142688760189, 0.0 ], [ 93.930460252586727, 23.950250426279251, 0.0 ], [ 93.80738300502999, 23.927075243318274, 0.0 ], [ 93.754200153371343, 24.005421667029047, 0.0 ], [ 93.623354289939741, 24.010919161369607, 0.0 ], [ 93.591657720440821, 23.960590504868279, 0.0 ], [ 93.559773066628111, 23.982071254574389, 0.0 ], [ 93.550107732168428, 23.959160928364248, 0.0 ], [ 93.504760275013822, 23.9421866861003, 0.0 ], [ 93.463504922202162, 23.973374188313958, 0.0 ], [ 93.407215544578051, 24.07970230152624, 0.0 ], [ 93.348561748194143, 24.10479490794885, 0.0 ], [ 93.353806798332258, 24.090533516608829, 0.0 ], [ 93.328547530432132, 24.081152670304508, 0.0 ], [ 93.338522827143137, 24.061552295506981, 0.0 ], [ 93.325937019032409, 24.045966544030961, 0.0 ], [ 93.337865653426093, 24.039828811181955, 0.0 ], [ 93.325897780697275, 24.02933661230524, 0.0 ], [ 93.338962860775297, 24.021477668383675, 0.0 ], [ 93.32862338432939, 23.985379651201232, 0.0 ], [ 93.350763915345155, 23.941649953353902, 0.0 ], [ 93.393135116301394, 23.928840093410145, 0.0 ], [ 93.384963834600555, 23.848127475483853, 0.0 ], [ 93.40326233301414, 23.807045624430739, 0.0 ], [ 93.391553959058996, 23.756691970517949, 0.0 ], [ 93.410952641059268, 23.729403778391269, 0.0 ], [ 93.407274845563293, 23.707243766907268, 0.0 ], [ 93.436906173028092, 23.687040715959537, 0.0 ], [ 93.416501566256585, 23.647628636651412, 0.0 ], [ 93.428561144582275, 23.588281221917647, 0.0 ], [ 93.409815319456996, 23.563648662775964, 0.0 ], [ 93.418536314421331, 23.540007095233879, 0.0 ], [ 93.394722588104315, 23.503759565996894, 0.0 ], [ 93.388012843389632, 23.446377600359487, 0.0 ], [ 93.401647263854841, 23.383748554785384, 0.0 ], [ 93.387630686333807, 23.359396960751962, 0.0 ], [ 93.355772618755196, 23.351891917048093, 0.0 ], [ 93.372882702560133, 23.329417939736718, 0.0 ], [ 93.362614711966046, 23.279137560721917, 0.0 ], [ 93.388613042807648, 23.216918219219639, 0.0 ], [ 93.36823432706484, 23.14409871616532, 0.0 ], [ 93.385612985394317, 23.133835432408485, 0.0 ], [ 93.355664594103459, 23.116052167199971, 0.0 ], [ 93.339260614544941, 23.073833779217697, 0.0 ], [ 93.352059757916308, 23.070397137713709, 0.0 ], [ 93.293535380300185, 23.006439601186006, 0.0 ], [ 93.229461700433674, 23.01164986058361, 0.0 ], [ 93.209865363015908, 23.048539558162741, 0.0 ], [ 93.184609490931564, 23.059540720250027, 0.0 ], [ 93.156091916417367, 23.043180604095909, 0.0 ], [ 93.136265005240517, 23.060647645633331, 0.0 ], [ 93.126730004233806, 23.043870856905659, 0.0 ], [ 93.120167026300948, 23.002441711180186, 0.0 ], [ 93.140627478337237, 22.989955345886077, 0.0 ], [ 93.138039113183666, 22.950564520645557, 0.0 ], [ 93.164536983144359, 22.910493530070013, 0.0 ], [ 93.1311738875158, 22.906093462333651, 0.0 ], [ 93.110546890660899, 22.81805312198345, 0.0 ], [ 93.094717699530392, 22.806186371151085, 0.0 ], [ 93.10735593153116, 22.752615438533386, 0.0 ], [ 93.095459403922376, 22.672487893682781, 0.0 ], [ 93.140313752140159, 22.592265173826405, 0.0 ], [ 93.106550387170714, 22.527025056089716, 0.0 ], [ 93.12820711693368, 22.523653353471381, 0.0 ], [ 93.138704325217162, 22.454516202417786, 0.0 ], [ 93.185290099306229, 22.428153076307339, 0.0 ], [ 93.201945114024312, 22.263090974789939, 0.0 ], [ 93.142095429134201, 22.245464089587422, 0.0 ], [ 93.161461393182165, 22.197096397802504, 0.0 ], [ 93.150827492661961, 22.176260318747676, 0.0 ], [ 93.123562397909154, 22.173546027279997, 0.0 ], [ 93.111042513896805, 22.2040283720521, 0.0 ], [ 93.038220366086932, 22.195028029302904, 0.0 ], [ 93.049100151882897, 22.168902209235917, 0.0 ], [ 93.037195327547806, 22.144378643553196, 0.0 ], [ 93.059575928972038, 22.10125220930583, 0.0 ], [ 93.004532372866635, 22.103592732058491, 0.0 ], [ 92.994813513369394, 22.032192373130655, 0.0 ], [ 93.007413529420319, 21.982325471274017, 0.0 ], [ 92.980561338276161, 21.980058240765985, 0.0 ], [ 92.952249205509318, 22.029710341124723, 0.0 ], [ 92.927245767553998, 22.015636108170504, 0.0 ], [ 92.935777367985693, 22.00569695945789, 0.0 ], [ 92.905613662953584, 21.94023159498941, 0.0 ], [ 92.891330449523807, 22.011252737380914, 0.0 ], [ 92.86388957056981, 22.026753320337274, 0.0 ], [ 92.863402806753214, 22.062674049596492, 0.0 ], [ 92.841100217104128, 22.059395117521092, 0.0 ], [ 92.809942087442295, 22.095921880511341, 0.0 ], [ 92.699764126765899, 22.155073066118931, 0.0 ], [ 92.689629389451326, 22.071881628420975, 0.0 ], [ 92.688038044274805, 22.10372635969674, 0.0 ], [ 92.681765634792242, 22.103460474251296, 0.0 ], [ 92.679748168391541, 22.011552715391414, 0.0 ], [ 92.65161265072274, 22.015908898737301, 0.0 ], [ 92.634940203135159, 21.983219735537247, 0.0 ], [ 92.603219901262108, 21.977625102061253, 0.0 ], [ 92.612760690473579, 21.990114922798796, 0.0 ], [ 92.592616329201391, 22.037438211968833, 0.0 ], [ 92.60265905232491, 22.061100550273675, 0.0 ], [ 92.562620067672071, 22.128023681209331, 0.0 ], [ 92.57849806260208, 22.143407365715291, 0.0 ], [ 92.605746379091684, 22.123392340330074, 0.0 ], [ 92.609226464827557, 22.164018640265102, 0.0 ], [ 92.595225731820577, 22.175390146817815, 0.0 ], [ 92.58116581653131, 22.321763859423491, 0.0 ], [ 92.552076638457578, 22.408973571256531, 0.0 ], [ 92.551281489323259, 22.513296356222234, 0.0 ], [ 92.52167127424795, 22.559884306311744, 0.0 ], [ 92.539374667994167, 22.589148422930268, 0.0 ], [ 92.528724474578638, 22.66515215124646, 0.0 ], [ 92.513195900040017, 22.732785209210569, 0.0 ], [ 92.473844174451173, 22.746208516716933, 0.0 ], [ 92.449236043839974, 22.895008987119354, 0.0 ], [ 92.433730775615416, 22.885791059614473, 0.0 ], [ 92.420265178777953, 22.918345099493131, 0.0 ], [ 92.401099204482662, 22.911952692040877, 0.0 ], [ 92.397586221367305, 22.929698804724588, 0.0 ], [ 92.371778586840037, 22.936171143586822, 0.0 ], [ 92.392384503150822, 23.056450741019265, 0.0 ], [ 92.358011857722531, 23.103270177995913, 0.0 ], [ 92.368199652620106, 23.127264335015905, 0.0 ], [ 92.346784691251997, 23.2356734238748, 0.0 ], [ 92.404190442872704, 23.240657245833855, 0.0 ], [ 92.381164558490042, 23.285102869020943, 0.0 ], [ 92.385683010346057, 23.30620336421331, 0.0 ], [ 92.364364108563663, 23.322918332748632, 0.0 ], [ 92.379057809877821, 23.361827770269926, 0.0 ], [ 92.356425356350684, 23.372346962645519, 0.0 ], [ 92.357401038533126, 23.410698266657022, 0.0 ], [ 92.317133756518942, 23.471654445092756, 0.0 ], [ 92.308211174266532, 23.5777051177541, 0.0 ], [ 92.287259168123228, 23.596038789647718, 0.0 ], [ 92.295765480729472, 23.621627865413132, 0.0 ], [ 92.272974645989009, 23.641939744024768, 0.0 ], [ 92.291476757124229, 23.681233064753972, 0.0 ], [ 92.27909500072218, 23.716401055226889, 0.0 ], [ 92.241000656855633, 23.720713597317857, 0.0 ], [ 92.233101650520709, 23.667552388631702, 0.0 ], [ 92.216306752134798, 23.651936662799727, 0.0 ], [ 92.202949495378846, 23.705702403327656, 0.0 ], [ 92.177707009695894, 23.707560445756783, 0.0 ], [ 92.170788085869049, 23.739226378805437, 0.0 ], [ 92.148723588381046, 23.7356345609805, 0.0 ], [ 92.063335612940534, 23.645015388671958, 0.0 ], [ 92.008673178988914, 23.6635011182974, 0.0 ], [ 91.978268353209216, 23.733083529495627, 0.0 ], [ 91.957020965755206, 23.733991001935909, 0.0 ], [ 91.957894261329912, 23.694406447985582, 0.0 ], [ 91.93401838389461, 23.684555154491164, 0.0 ], [ 91.970385296848477, 23.478282859628312, 0.0 ], [ 91.936662223679349, 23.466602378356839, 0.0 ], [ 91.942608054224593, 23.434976537896592, 0.0 ], [ 91.899711328523296, 23.440600248171187, 0.0 ], [ 91.844989449821327, 23.404685385264056, 0.0 ], [ 91.825142087166071, 23.352343250721237, 0.0 ], [ 91.76240934633833, 23.302936027813484, 0.0 ], [ 91.8100907535338, 23.165072894020067, 0.0 ], [ 91.813455719137394, 23.099200671248422, 0.0 ], [ 91.835800373311884, 23.09298550442162, 0.0 ], [ 91.806027570601984, 23.063028389266954, 0.0 ], [ 91.774517408184963, 23.06961598570285, 0.0 ], [ 91.780608159304109, 23.029092472261336, 0.0 ], [ 91.76854227643723, 23.040934728329265, 0.0 ], [ 91.720624702023429, 22.987423858792713, 0.0 ], [ 91.645459481388869, 22.985021559105, 0.0 ], [ 91.619382737633742, 22.938361062289893, 0.0 ], [ 91.600332877742446, 22.954268026218831, 0.0 ], [ 91.613796386298276, 22.958371455527463, 0.0 ], [ 91.606104506967085, 22.97190863091701, 0.0 ], [ 91.576762542956004, 22.965218997316267, 0.0 ], [ 91.542486514446679, 22.999457074745944, 0.0 ], [ 91.550356509217821, 23.038408582281921, 0.0 ], [ 91.530489669493903, 23.038308418736911, 0.0 ], [ 91.529832074305787, 23.0916619790599, 0.0 ], [ 91.503145755912058, 23.130490965748649, 0.0 ], [ 91.515318051215317, 23.144988361184282, 0.0 ], [ 91.490881792245361, 23.157603634117397, 0.0 ], [ 91.491741230070787, 23.17755964137158, 0.0 ], [ 91.507540481264996, 23.183684344405677, 0.0 ], [ 91.470756684404293, 23.196419760243199, 0.0 ], [ 91.484430815350237, 23.20918086065932, 0.0 ], [ 91.450613321495482, 23.219413373591195, 0.0 ], [ 91.470272857350807, 23.22763056911937, 0.0 ], [ 91.44523565056852, 23.247074355694028, 0.0 ], [ 91.454210400973651, 23.260370828443197, 0.0 ], [ 91.418312988051753, 23.255387848083959, 0.0 ], [ 91.408938635139577, 23.285193558194617, 0.0 ], [ 91.411324415911864, 23.255664476446039, 0.0 ], [ 91.397561153233966, 23.265124652071634, 0.0 ], [ 91.408744825098125, 23.247616221363749, 0.0 ], [ 91.392553253149515, 23.245892544309768, 0.0 ], [ 91.400911222355717, 23.229114399267456, 0.0 ], [ 91.386470969208844, 23.227555606873253, 0.0 ], [ 91.379896315205485, 23.184512912276535, 0.0 ], [ 91.417371092685897, 23.064757107857318, 0.0 ], [ 91.395855045561277, 23.056040609019309, 0.0 ], [ 91.346958559781868, 23.102302613628868, 0.0 ], [ 91.323334565856456, 23.158013804439793, 0.0 ], [ 91.326606823259027, 23.252286584606605, 0.0 ], [ 91.300223728178807, 23.292452088697281, 0.0 ], [ 91.313164921316641, 23.306303184978507, 0.0 ], [ 91.289852827139555, 23.318524493533236, 0.0 ], [ 91.320085968117425, 23.360088305248297, 0.0 ], [ 91.291070614246081, 23.350657051267643, 0.0 ], [ 91.294329484616412, 23.374678299200284, 0.0 ], [ 91.279751138749802, 23.376598231391696, 0.0 ], [ 91.249342416419509, 23.490170955008622, 0.0 ], [ 91.200763621808107, 23.520023543702411, 0.0 ], [ 91.212945673472774, 23.550414121976583, 0.0 ], [ 91.194450765393569, 23.547177647803306, 0.0 ], [ 91.159675259901164, 23.611291443751874, 0.0 ], [ 91.156303814041266, 23.670717389300766, 0.0 ], [ 91.199421695194275, 23.646578890216496, 0.0 ], [ 91.208528570773211, 23.686401214073577, 0.0 ], [ 91.154242715448916, 23.688392931901895, 0.0 ], [ 91.157077026620456, 23.742018341709318, 0.0 ], [ 91.196628559698368, 23.751093172285756, 0.0 ], [ 91.219028253610702, 23.736426459350014, 0.0 ], [ 91.226876417152056, 23.792252038859573, 0.0 ], [ 91.254070932302142, 23.836983773311502, 0.0 ], [ 91.229615582632846, 23.880594421488453, 0.0 ], [ 91.246184462932405, 23.913080148577514, 0.0 ], [ 91.233018993820764, 23.926957193311431, 0.0 ], [ 91.276213687386061, 23.92252498980972, 0.0 ], [ 91.264230523338512, 23.944219373340253, 0.0 ], [ 91.284688203083704, 23.982099853030757, 0.0 ], [ 91.287679605622841, 23.968006521256651, 0.0 ], [ 91.299794084879608, 23.972119652378961, 0.0 ], [ 91.303641254279356, 23.997905181949037, 0.0 ], [ 91.379526578929656, 23.975326185702752, 0.0 ], [ 91.373335900600409, 24.002645284236827, 0.0 ], [ 91.396598465578066, 24.049620144615595, 0.0 ], [ 91.374610562662468, 24.107770389094981, 0.0 ], [ 91.47316465995695, 24.101752742566269, 0.0 ], [ 91.586072956239121, 24.072600981637272, 0.0 ], [ 91.594540009531869, 24.09653371000406, 0.0 ], [ 91.637932699315641, 24.102922464222523, 0.0 ], [ 91.634445946701177, 24.13805495737277, 0.0 ], [ 91.660128131096783, 24.189535140973263, 0.0 ], [ 91.647749897074931, 24.218488992980284, 0.0 ], [ 91.665159267677097, 24.233529306329107, 0.0 ], [ 91.688280588407565, 24.162085405769343, 0.0 ], [ 91.759372657454222, 24.141527418640635, 0.0 ], [ 91.745028478043409, 24.246974819147812, 0.0 ], [ 91.816355912328376, 24.209938092807516, 0.0 ], [ 91.84470713016789, 24.225770570911944, 0.0 ], [ 91.855179326914339, 24.212386270679161, 0.0 ], [ 91.845439516252142, 24.19138178428322, 0.0 ], [ 91.87398836136633, 24.174470056226959, 0.0 ], [ 91.884486526480302, 24.138730857414693, 0.0 ], [ 91.902141907825552, 24.136877257808816, 0.0 ], [ 91.94081865665909, 24.268091503469606, 0.0 ], [ 91.919988763718322, 24.337460944651749, 0.0 ], [ 91.956801472558411, 24.356634236958541, 0.0 ], [ 91.995950607586749, 24.322054485336867, 0.0 ], [ 91.970453398287646, 24.384520976063392, 0.0 ], [ 91.985157996392815, 24.376657862768159, 0.0 ], [ 91.996650652654083, 24.393707718085665, 0.0 ], [ 92.090423481430108, 24.371619845028938, 0.0 ], [ 92.121901209603337, 24.382242932653575, 0.0 ], [ 92.136799627589525, 24.424959848700183, 0.0 ], [ 92.164582523170168, 24.418877637952665, 0.0 ], [ 92.154964700970865, 24.522969488594068, 0.0 ], [ 92.169487174831687, 24.531752608694827, 0.0 ], [ 92.212515672361647, 24.50366808598449, 0.0 ], [ 92.223801025920039, 24.517452478940676, 0.0 ], [ 92.254415866840787, 24.678029955247496, 0.0 ], [ 92.296031852376544, 24.736456202109206, 0.0 ], [ 92.279160001752174, 24.745297096714353, 0.0 ], [ 92.288918652057546, 24.784485563501864, 0.0 ], [ 92.273077945789467, 24.827442777459808, 0.0 ], [ 92.241461146358091, 24.842022753449626, 0.0 ], [ 92.248104288311239, 24.885493911512615, 0.0 ], [ 92.232873168057097, 24.90014609006138, 0.0 ], [ 92.299425323596992, 24.915720939275218, 0.0 ], [ 92.400095908891842, 24.848650669954207, 0.0 ], [ 92.437403906282398, 24.855607362642839, 0.0 ], [ 92.444800209381484, 24.871979830687412, 0.0 ], [ 92.48792261912098, 24.871309682245446, 0.0 ], [ 92.48749603279515, 24.946948868296857, 0.0 ], [ 92.449699757236914, 24.938594900052319, 0.0 ], [ 92.467520798458452, 24.963697003280434, 0.0 ], [ 92.420062630044612, 24.966262810021011, 0.0 ], [ 92.425281181969112, 25.029505964069543, 0.0 ], [ 92.34148165486198, 25.048530388709288, 0.0 ], [ 92.348553542352008, 25.073491425795215, 0.0 ], [ 92.334914519920488, 25.078445355256846, 0.0 ], [ 92.310632024976798, 25.069020546852219, 0.0 ], [ 92.227550386177953, 25.093705302102663, 0.0 ], [ 92.196168227083092, 25.108031383683734, 0.0 ], [ 92.219383196871647, 25.117005367441141, 0.0 ], [ 92.189325394961813, 25.136287459479281, 0.0 ], [ 92.183928116209458, 25.117921072994342, 0.0 ], [ 92.159592226594341, 25.126603278407774, 0.0 ], [ 92.165713212060879, 25.135947099770942, 0.0 ], [ 92.135836866668953, 25.13873799167887, 0.0 ], [ 92.132882054214178, 25.160147121992118, 0.0 ], [ 92.073851060641687, 25.18494824076528, 0.0 ], [ 92.003761649513649, 25.18616382463685, 0.0 ], [ 91.971669019394355, 25.167580947272619, 0.0 ], [ 91.916255103840967, 25.181348284221311, 0.0 ], [ 91.774607113137762, 25.163129530471409, 0.0 ], [ 91.756030671850567, 25.177497514723186, 0.0 ], [ 91.747641140515071, 25.140151415513213, 0.0 ], [ 91.70378279125849, 25.160016878633925, 0.0 ], [ 91.691796299363332, 25.13711757406346, 0.0 ], [ 91.637914235823132, 25.122544536187991, 0.0 ], [ 91.621508324714739, 25.143406601616682, 0.0 ], [ 91.602090369048057, 25.142721175061453, 0.0 ], [ 91.609734502012529, 25.177048439036355, 0.0 ], [ 91.577058175363589, 25.171962729947008, 0.0 ], [ 91.557214355097898, 25.149756082841122, 0.0 ], [ 91.471016422409704, 25.133586962759331, 0.0 ], [ 91.468631040587894, 25.151794039871472, 0.0 ], [ 91.28656836023049, 25.185350280445533, 0.0 ], [ 91.268013418079036, 25.207244053152941, 0.0 ], [ 91.251630950298619, 25.195168594050095, 0.0 ], [ 91.069642997708186, 25.198409980303023, 0.0 ], [ 90.862015431554767, 25.157626853599208, 0.0 ], [ 90.805908005006359, 25.165942827279437, 0.0 ], [ 90.780357471519551, 25.18611500024252, 0.0 ], [ 90.733276458009883, 25.154911423398467, 0.0 ], [ 90.709980198683269, 25.168121316114586, 0.0 ], [ 90.698068165874361, 25.156833171078688, 0.0 ], [ 90.675650775193986, 25.176382886570448, 0.0 ], [ 90.66600653511216, 25.16580391707986, 0.0 ], [ 90.663420062393541, 25.197851592915981, 0.0 ], [ 90.640935077484954, 25.174529427775695, 0.0 ], [ 90.508639492116643, 25.175354620613415, 0.0 ], [ 90.441076454320836, 25.144508447656548, 0.0 ], [ 90.370459082698275, 25.162840263548841, 0.0 ], [ 90.330238900129302, 25.193815951310736, 0.0 ], [ 90.118113617027035, 25.223456688065646, 0.0 ], [ 90.054517803868137, 25.261363753955354, 0.0 ], [ 89.980761896320118, 25.280852186064571, 0.0 ], [ 89.966654787935312, 25.303693519489709, 0.0 ], [ 89.949241192239484, 25.292714005982017, 0.0 ], [ 89.906997915357394, 25.307733923461797, 0.0 ], [ 89.876603899563108, 25.285328327526067, 0.0 ], [ 89.831624865889438, 25.295852579667979, 0.0 ], [ 89.841379224961543, 25.315034416732335, 0.0 ], [ 89.819626767018676, 25.380656295807576, 0.0 ], [ 89.849310179735753, 25.492797218560735, 0.0 ], [ 89.8696395030057, 25.510906464149837, 0.0 ], [ 89.851273393541504, 25.538627925488434, 0.0 ], [ 89.86603759269164, 25.546190504489587, 0.0 ], [ 89.882505474428498, 25.61720418484888, 0.0 ], [ 89.850533303959708, 25.71295758927867, 0.0 ], [ 89.827930216884766, 25.729526598580893, 0.0 ], [ 89.840328969987056, 25.766729167454812, 0.0 ], [ 89.816544701836008, 25.814302097264559, 0.0 ], [ 89.835281598732536, 25.84073439774577, 0.0 ], [ 89.832572646296882, 25.870605518756644, 0.0 ], [ 89.887076995021246, 25.945201554176133, 0.0 ], [ 89.825387320000857, 25.94550448173753, 0.0 ], [ 89.849336344742611, 25.94910933652594, 0.0 ], [ 89.838558749507285, 25.967851180524608, 0.0 ], [ 89.866839787718945, 25.972031722960487, 0.0 ], [ 89.871032200078346, 25.980702049418294, 0.0 ], [ 89.83584123475849, 26.012596727895069, 0.0 ], [ 89.835941462073436, 25.982424195344361, 0.0 ], [ 89.820272083568341, 25.987641279258831, 0.0 ], [ 89.808636856590468, 26.043355247557574, 0.0 ], [ 89.790628105403712, 26.017821840067821, 0.0 ], [ 89.801833459740891, 26.040253235104764, 0.0 ], [ 89.773654023971972, 26.037637090858514, 0.0 ], [ 89.79880980437558, 26.059579363187257, 0.0 ], [ 89.794851369069661, 26.087512545739493, 0.0 ], [ 89.781323917041988, 26.083442406995598, 0.0 ], [ 89.78316109491027, 26.105983940108889, 0.0 ], [ 89.756169903662183, 26.109362723310692, 0.0 ], [ 89.766570675610822, 26.130477196086453, 0.0 ], [ 89.747659043759526, 26.157371048721576, 0.0 ], [ 89.681318808206115, 26.163586193775039, 0.0 ], [ 89.702059972835158, 26.173976648375021, 0.0 ], [ 89.673471779113257, 26.201428100089505, 0.0 ], [ 89.691504208431056, 26.211671108520076, 0.0 ], [ 89.679117338653938, 26.238038400677553, 0.0 ], [ 89.67190315296881, 26.219846715812022, 0.0 ], [ 89.634439966648117, 26.229410090594747, 0.0 ], [ 89.649996139640066, 26.190205658943455, 0.0 ], [ 89.630181780061079, 26.19576213667321, 0.0 ], [ 89.627813063061453, 26.183909091451007, 0.0 ], [ 89.655483150523253, 26.181406933779069, 0.0 ], [ 89.649325039349606, 26.164430355276028, 0.0 ], [ 89.608782882315282, 26.180596289365234, 0.0 ], [ 89.619788590119967, 26.168052679501873, 0.0 ], [ 89.609974806816254, 26.154335875026405, 0.0 ], [ 89.591183944929739, 26.157292056781241, 0.0 ], [ 89.60423969178693, 26.117454212797707, 0.0 ], [ 89.62534602079343, 26.128596623897689, 0.0 ], [ 89.630362272395459, 26.118418045346136, 0.0 ], [ 89.593882692666625, 26.102161313335095, 0.0 ], [ 89.608622367142345, 26.088393079153963, 0.0 ], [ 89.629958764070992, 26.10704346641872, 0.0 ], [ 89.650087816322213, 26.063236640670855, 0.0 ], [ 89.620511044875286, 26.053277315466197, 0.0 ], [ 89.605399135191874, 26.063753460500507, 0.0 ], [ 89.612826184276997, 26.052643894062768, 0.0 ], [ 89.578722232058212, 26.026261729483174, 0.0 ], [ 89.577865476833892, 25.969276672302598, 0.0 ], [ 89.565968737928188, 25.980342215317425, 0.0 ], [ 89.557695951741536, 25.965355302813169, 0.0 ], [ 89.540364469643904, 25.969981682646971, 0.0 ], [ 89.540895993015752, 26.005901428040215, 0.0 ], [ 89.480352458218903, 25.99606772736988, 0.0 ], [ 89.430815525867715, 26.011115928809868, 0.0 ], [ 89.432802100756277, 26.037501186255984, 0.0 ], [ 89.423843386537953, 26.04692011767894, 0.0 ], [ 89.390857059999277, 26.022921228967888, 0.0 ], [ 89.392792914403799, 26.00719060361536, 0.0 ], [ 89.355388717005553, 26.008346136921489, 0.0 ], [ 89.300437202027595, 26.050432232196709, 0.0 ], [ 89.275756014850202, 26.049080174523109, 0.0 ], [ 89.281054584317673, 26.065615448694881, 0.0 ], [ 89.254407362657403, 26.06412077136924, 0.0 ], [ 89.266798808612037, 26.092637288903067, 0.0 ], [ 89.251622753765247, 26.091350361605986, 0.0 ], [ 89.229437344396402, 26.123853613861026, 0.0 ], [ 89.155380560027737, 26.138610820103992, 0.0 ], [ 89.15728018381327, 26.163196336447047, 0.0 ], [ 89.13461188059415, 26.181170913206739, 0.0 ], [ 89.149405701053013, 26.209050133367811, 0.0 ], [ 89.140942497336923, 26.235840787130428, 0.0 ], [ 89.10010470034041, 26.279467655675244, 0.0 ], [ 89.10471117799429, 26.315799787515321, 0.0 ], [ 89.122126695508669, 26.287146159878169, 0.0 ], [ 89.136307745349669, 26.320106874368935, 0.0 ], [ 89.08360128384372, 26.322023139680049, 0.0 ], [ 89.101343203649094, 26.336533849775989, 0.0 ], [ 89.098315938763122, 26.358929703847149, 0.0 ], [ 89.079707872964164, 26.36282232851454, 0.0 ], [ 89.096291041668394, 26.390941677671446, 0.0 ], [ 89.0874088529375, 26.39764731398731, 0.0 ], [ 89.035982583578445, 26.394895691894806, 0.0 ], [ 89.005936304795526, 26.42141105298191, 0.0 ], [ 88.994039629712418, 26.412818628954806, 0.0 ], [ 88.983266002880924, 26.446509254575954, 0.0 ], [ 88.955841565201212, 26.460208138909003, 0.0 ], [ 88.965355585636161, 26.451490060734955, 0.0 ], [ 88.946168860796405, 26.447938460913214, 0.0 ], [ 88.944766656743255, 26.42559166591036, 0.0 ], [ 88.926192771520732, 26.432050523796992, 0.0 ], [ 88.926559739353792, 26.406788242356484, 0.0 ], [ 88.904788914397813, 26.408458957538439, 0.0 ], [ 88.917440622154089, 26.403161132352093, 0.0 ], [ 88.918578573433592, 26.359857177020501, 0.0 ], [ 88.958429520897084, 26.361681017442884, 0.0 ], [ 88.952395363991783, 26.332231591338541, 0.0 ], [ 88.961410612913127, 26.352295647382995, 0.0 ], [ 88.987218895642471, 26.348320907725384, 0.0 ], [ 88.985546218514699, 26.332763798892131, 0.0 ], [ 89.000968026646945, 26.329747490113618, 0.0 ], [ 88.982657670986143, 26.309497083437314, 0.0 ], [ 88.995738260731869, 26.290237795723261, 0.0 ], [ 89.00685174096364, 26.304390038698536, 0.0 ], [ 89.018406266207251, 26.289813096080358, 0.0 ], [ 89.021586141640114, 26.309018997766941, 0.0 ], [ 89.020083767119772, 26.289094241471993, 0.0 ], [ 89.045123814554017, 26.275136389054946, 0.0 ], [ 89.045868733842013, 26.295351054066391, 0.0 ], [ 89.059466852779295, 26.293434710980083, 0.0 ], [ 89.050685655495869, 26.241653384033615, 0.0 ], [ 88.957316845942287, 26.240296477698394, 0.0 ], [ 88.926280831524508, 26.283778077115652, 0.0 ], [ 88.898269026982462, 26.288643875846901, 0.0 ], [ 88.861385123014472, 26.272663264770546, 0.0 ], [ 88.877864549792349, 26.23337795240338, 0.0 ], [ 88.841725644002224, 26.230719679638494, 0.0 ], [ 88.812942110709571, 26.255990222531221, 0.0 ], [ 88.819110062444096, 26.294494219164662, 0.0 ], [ 88.793564444121344, 26.309970004210971, 0.0 ], [ 88.666226663824546, 26.262656828712068, 0.0 ], [ 88.67513057153414, 26.320072043438746, 0.0 ], [ 88.746508338901918, 26.322385462562128, 0.0 ], [ 88.733866675748601, 26.328655275789536, 0.0 ], [ 88.745300762114269, 26.347859463317739, 0.0 ], [ 88.702763878751014, 26.334394469564486, 0.0 ], [ 88.681012039160962, 26.379407854483762, 0.0 ], [ 88.702270153992401, 26.388443579877087, 0.0 ], [ 88.623771439743734, 26.434787711939858, 0.0 ], [ 88.622890462219232, 26.4710785162262, 0.0 ], [ 88.594753592325048, 26.470637171794667, 0.0 ], [ 88.592952155663497, 26.44981408341306, 0.0 ], [ 88.560929172541094, 26.45646254643971, 0.0 ], [ 88.556763965852255, 26.484799190414478, 0.0 ], [ 88.526481652632086, 26.481378853090771, 0.0 ], [ 88.52139336047874, 26.510507221403838, 0.0 ], [ 88.489750876693833, 26.510358941598938, 0.0 ], [ 88.485009661970636, 26.540685318227592, 0.0 ], [ 88.437156513880993, 26.544072145834569, 0.0 ], [ 88.416074024503217, 26.63161773750981, 0.0 ], [ 88.398382712090154, 26.625999779746316, 0.0 ], [ 88.331867675682815, 26.48180632316468, 0.0 ], [ 88.354823561824489, 26.44702163371792, 0.0 ], [ 88.371239189311993, 26.48820544500073, 0.0 ], [ 88.405008472652355, 26.48580876834983, 0.0 ], [ 88.419759337063638, 26.465746060288083, 0.0 ], [ 88.485245561656839, 26.460256697000645, 0.0 ], [ 88.523351979907602, 26.360823898550962, 0.0 ], [ 88.482362023744045, 26.349702817822347, 0.0 ], [ 88.457723389406439, 26.376659938329052, 0.0 ], [ 88.435577564729627, 26.335766697143363, 0.0 ], [ 88.404350571120787, 26.329834806685618, 0.0 ], [ 88.414938672164425, 26.314822871182116, 0.0 ], [ 88.384661217412727, 26.313258650544316, 0.0 ], [ 88.349668017645683, 26.28224986443351, 0.0 ], [ 88.350509965281063, 26.220422701547612, 0.0 ], [ 88.269342002222359, 26.186483729102633, 0.0 ], [ 88.241826062602229, 26.18908333819995, 0.0 ], [ 88.177276179376818, 26.148056594997662, 0.0 ], [ 88.158379670104424, 26.079826432206882, 0.0 ], [ 88.183345499673365, 26.072885595214302, 0.0 ], [ 88.169536728511886, 26.045199473236774, 0.0 ], [ 88.183207676346669, 26.026777040877413, 0.0 ], [ 88.139712662064554, 26.012916974940257, 0.0 ], [ 88.115178457708453, 25.962776130378188, 0.0 ], [ 88.122374490684336, 25.948372613107274, 0.0 ], [ 88.085960238292998, 25.915982814147085, 0.0 ], [ 88.103016794474328, 25.889249679993569, 0.0 ], [ 88.094172371838482, 25.873366049444211, 0.0 ], [ 88.110679676329198, 25.867887910057714, 0.0 ], [ 88.10116606551469, 25.828975560301089, 0.0 ], [ 88.120113641776854, 25.812435023806536, 0.0 ], [ 88.114476787654155, 25.7979408449552, 0.0 ], [ 88.144258939837357, 25.793637747083455, 0.0 ], [ 88.151494738974733, 25.775550922321571, 0.0 ], [ 88.183773106172836, 25.80169017654821, 0.0 ], [ 88.209509598222354, 25.786808749021187, 0.0 ], [ 88.236267019102726, 25.80944018159822, 0.0 ], [ 88.269553673420205, 25.80817673072535, 0.0 ], [ 88.266506629944217, 25.782448742147526, 0.0 ], [ 88.320949961651209, 25.737472172606271, 0.0 ], [ 88.374251894156259, 25.717066194759337, 0.0 ], [ 88.371491683547518, 25.696539013756105, 0.0 ], [ 88.405183398132493, 25.684220000775916, 0.0 ], [ 88.40168556558173, 25.672561589477759, 0.0 ], [ 88.453815394452107, 25.66493750781412, 0.0 ], [ 88.444351875720216, 25.596922396631211, 0.0 ], [ 88.499915422220468, 25.583949292253269, 0.0 ], [ 88.493505219332548, 25.558847088514444, 0.0 ], [ 88.523492000628067, 25.535160623042703, 0.0 ], [ 88.533092251147451, 25.54209917356437, 0.0 ], [ 88.539952812938381, 25.508296083717696, 0.0 ], [ 88.552356230165287, 25.520786866802528, 0.0 ], [ 88.595506726475065, 25.505875881493068, 0.0 ], [ 88.609086896517098, 25.516302177274557, 0.0 ], [ 88.622476561896079, 25.496955332552247, 0.0 ], [ 88.648364003958335, 25.496398922748352, 0.0 ], [ 88.647051726885792, 25.477819317229621, 0.0 ], [ 88.699495364562864, 25.471194147296227, 0.0 ], [ 88.707516590264717, 25.499867447451571, 0.0 ], [ 88.742149754977888, 25.504994634006998, 0.0 ], [ 88.740040471402054, 25.489304228884642, 0.0 ], [ 88.745030987658922, 25.487853282893038, 0.0 ], [ 88.768845725845949, 25.498540638113596, 0.0 ], [ 88.758690055518869, 25.525244491382512, 0.0 ], [ 88.810892902980797, 25.522936106489347, 0.0 ], [ 88.813663887448087, 25.48797600242564, 0.0 ], [ 88.829656984160849, 25.490254740838424, 0.0 ], [ 88.839331216903247, 25.458338518619843, 0.0 ], [ 88.830001284004112, 25.416944580952652, 0.0 ], [ 88.812295034869564, 25.410543570279117, 0.0 ], [ 88.840855945179896, 25.397634092538809, 0.0 ], [ 88.84018487535721, 25.363760364439447, 0.0 ], [ 88.885122536553041, 25.32561572000693, 0.0 ], [ 88.906294704205223, 25.337689830405896, 0.0 ], [ 88.929461441934222, 25.304083301009936, 0.0 ], [ 89.008897522816341, 25.303068130764444, 0.0 ], [ 89.007904281555383, 25.264903555717733, 0.0 ], [ 88.986821245476122, 25.274450838773497, 0.0 ], [ 88.956160206553648, 25.254940990807754, 0.0 ], [ 88.961771246450823, 25.209070535462249, 0.0 ], [ 88.936437001808557, 25.210522455458634, 0.0 ], [ 88.948819338762107, 25.176579016390569, 0.0 ], [ 88.932586858093401, 25.18088296396656, 0.0 ], [ 88.923075630288992, 25.164908858545505, 0.0 ], [ 88.91098289604885, 25.180305543617468, 0.0 ], [ 88.875264461892755, 25.179344147778338, 0.0 ], [ 88.874953569276954, 25.196223699357738, 0.0 ], [ 88.864380248941586, 25.189992384205965, 0.0 ], [ 88.843762886369646, 25.213807084811656, 0.0 ], [ 88.805860404221789, 25.170450625421747, 0.0 ], [ 88.769401152968854, 25.189845138379383, 0.0 ], [ 88.749096171435752, 25.176852356999451, 0.0 ], [ 88.711481490203923, 25.207659745431219, 0.0 ], [ 88.612722055097791, 25.204171398292129, 0.0 ], [ 88.565579231421992, 25.175088119259168, 0.0 ], [ 88.557614438467652, 25.19261097312306, 0.0 ], [ 88.533977460126621, 25.187520212112986, 0.0 ], [ 88.537777689052078, 25.197817623340502, 0.0 ], [ 88.499145051049993, 25.21038594081589, 0.0 ], [ 88.44368775251121, 25.197296900773871, 0.0 ], [ 88.461403560080129, 25.149385582438001, 0.0 ], [ 88.441419533807448, 25.127508092038049, 0.0 ], [ 88.452869755914733, 25.07930493326587, 0.0 ], [ 88.434965544476654, 25.055962234752005, 0.0 ], [ 88.452658366377861, 25.036871081511027, 0.0 ], [ 88.436539493851711, 25.006453814146369, 0.0 ], [ 88.425569222574154, 25.016434315767341, 0.0 ], [ 88.412092992926972, 24.998811184387552, 0.0 ], [ 88.417427552190603, 24.974833056158637, 0.0 ], [ 88.395247472279991, 24.96907878635497, 0.0 ], [ 88.3988380357371, 24.945320221814963, 0.0 ], [ 88.364040256766827, 24.953286185267277, 0.0 ], [ 88.340904397785692, 24.94063146371532, 0.0 ], [ 88.324279373888402, 24.916823110927471, 0.0 ], [ 88.347007620636944, 24.892433361243967, 0.0 ], [ 88.330619022426134, 24.870139789897184, 0.0 ], [ 88.321058885791146, 24.883468501072823, 0.0 ], [ 88.301917558489492, 24.871890574685114, 0.0 ], [ 88.276083816230795, 24.897795375496159, 0.0 ], [ 88.25826625346096, 24.877550192681909, 0.0 ], [ 88.260518688467187, 24.91918199765319, 0.0 ], [ 88.226112744144302, 24.959706128730609, 0.0 ], [ 88.138044351615534, 24.936160964017628, 0.0 ], [ 88.175019136244359, 24.860151239214829, 0.0 ], [ 88.13191237682598, 24.836012374372768, 0.0 ], [ 88.136284076914734, 24.805275112094588, 0.0 ], [ 88.123544984949532, 24.823109429829326, 0.0 ], [ 88.106097990492444, 24.779567254378449, 0.0 ], [ 88.068306919947929, 24.769150160218487, 0.0 ], [ 88.062845569730726, 24.721596493538776, 0.0 ], [ 88.008756399838276, 24.667834286765245, 0.0 ], [ 88.140755349475214, 24.511240479136291, 0.0 ], [ 88.198401391164268, 24.462495466430525, 0.0 ], [ 88.271923153238461, 24.440580501002398, 0.0 ], [ 88.333984227882155, 24.381392597488777, 0.0 ], [ 88.446432424271066, 24.378580596115732, 0.0 ], [ 88.52711916944402, 24.34437871713973, 0.0 ], [ 88.555134886873205, 24.293341349233071, 0.0 ], [ 88.567688189999032, 24.326653648755009, 0.0 ], [ 88.628488386066167, 24.305093365987808, 0.0 ], [ 88.696587579234247, 24.315353359687439, 0.0 ], [ 88.735439094106184, 24.276495497162838, 0.0 ], [ 88.731408035172308, 24.173387262014234, 0.0 ], [ 88.746490695410074, 24.147064666829806, 0.0 ], [ 88.693190251530453, 24.111152898947282, 0.0 ], [ 88.741631310730938, 24.057122441534354, 0.0 ], [ 88.724754355948832, 24.041612038058943, 0.0 ], [ 88.757490648483568, 24.032095043695335, 0.0 ], [ 88.729045508642201, 23.996113571521281, 0.0 ], [ 88.760194911234919, 24.006058245915298, 0.0 ], [ 88.768945502412208, 23.982197339156777, 0.0 ], [ 88.738239148948963, 23.982986089559095, 0.0 ], [ 88.733403509573947, 23.910975073569801, 0.0 ], [ 88.706397057985583, 23.916272815659514, 0.0 ], [ 88.704338634550695, 23.899174941088198, 0.0 ], [ 88.664282817609759, 23.882422347107596, 0.0 ], [ 88.667585909758259, 23.869445008622012, 0.0 ], [ 88.626411707809694, 23.864941647098572, 0.0 ], [ 88.61643904919066, 23.876512051945998, 0.0 ], [ 88.608048291063369, 23.862349266142814, 0.0 ], [ 88.575640578128869, 23.861551709847433, 0.0 ], [ 88.60212907249219, 23.817215884661138, 0.0 ], [ 88.585147141065434, 23.813645504686228, 0.0 ], [ 88.596202073818617, 23.804888868282106, 0.0 ], [ 88.578126792459642, 23.786576075208504, 0.0 ], [ 88.57126560058515, 23.783027790398684, 0.0 ], [ 88.559303716212838, 23.785978572257136, 0.0 ], [ 88.556035310779251, 23.784211356371937, 0.0 ], [ 88.580814864623221, 23.760535596744482, 0.0 ], [ 88.564506313569083, 23.711329105604641, 0.0 ], [ 88.573820595210819, 23.666940880990015, 0.0 ], [ 88.558208038042096, 23.649154337192343, 0.0 ], [ 88.562170252314985, 23.637088265736562, 0.0 ], [ 88.593764914028796, 23.640810242496826, 0.0 ], [ 88.580073923922356, 23.602966930871965, 0.0 ], [ 88.645531591302941, 23.609283935533963, 0.0 ], [ 88.654253207877915, 23.556153441268002, 0.0 ], [ 88.695753311403791, 23.517311432391551, 0.0 ], [ 88.725134782671148, 23.511832882731134, 0.0 ], [ 88.741421486803802, 23.479679840620189, 0.0 ], [ 88.760905674369113, 23.478385646265242, 0.0 ], [ 88.760678902734071, 23.489919321843605, 0.0 ], [ 88.774887493292425, 23.479814347074711, 0.0 ], [ 88.768247316384276, 23.490126273788583, 0.0 ], [ 88.785951531642738, 23.507240089089056, 0.0 ], [ 88.800786957182069, 23.497124098981914, 0.0 ], [ 88.787312231655434, 23.469082202973194, 0.0 ], [ 88.795316289958905, 23.443023479879699, 0.0 ], [ 88.764314440481556, 23.448205645584501, 0.0 ], [ 88.749261527254774, 23.400553926156867, 0.0 ], [ 88.765434505736806, 23.367883893870356, 0.0 ], [ 88.732032049888304, 23.351986590336058, 0.0 ], [ 88.745298472858437, 23.307820192497957, 0.0 ], [ 88.730416993930348, 23.319582536779865, 0.0 ], [ 88.725408832924444, 23.298691773036722, 0.0 ], [ 88.710345111269007, 23.312854075534371, 0.0 ], [ 88.696361272596363, 23.302290322015899, 0.0 ], [ 88.724409870110264, 23.271621282912061, 0.0 ], [ 88.718894213426623, 23.254798165532755, 0.0 ], [ 88.769537609788159, 23.244844199943145, 0.0 ], [ 88.789801003283003, 23.218340436746107, 0.0 ], [ 88.811438973394218, 23.221547792788314, 0.0 ], [ 88.811462377672811, 23.2560877574813, 0.0 ], [ 88.823821573412246, 23.233414412312023, 0.0 ], [ 88.906851037676887, 23.235964971584838, 0.0 ], [ 88.914586912029051, 23.213470419031729, 0.0 ], [ 88.942629700460955, 23.206113814128837, 0.0 ], [ 88.978731422444568, 23.21448296057542, 0.0 ], [ 88.975931031788662, 23.224432668926816, 0.0 ], [ 88.995724678391511, 23.21470020984302, 0.0 ], [ 88.979669908325135, 23.212857965550121, 0.0 ], [ 88.980384697244318, 23.1825473070223, 0.0 ], [ 88.962307525475822, 23.193144687858695, 0.0 ], [ 88.939094051113571, 23.176803858705163, 0.0 ], [ 88.917897000298709, 23.129080183584261, 0.0 ], [ 88.868446310596966, 23.101067722300609, 0.0 ], [ 88.861007118510415, 23.077305348619142, 0.0 ], [ 88.884117214369084, 23.04043268614527, 0.0 ], [ 88.879754632090922, 23.006325593032326, 0.0 ], [ 88.845086288768329, 23.009858276750194, 0.0 ], [ 88.87096746697857, 22.978633050221415, 0.0 ], [ 88.857048878311588, 22.968883475557547, 0.0 ], [ 88.859444841548424, 22.943189540030119, 0.0 ], [ 88.894264375180413, 22.951998936298835, 0.0 ], [ 88.886890579247179, 22.933208746744995, 0.0 ], [ 88.908135875497962, 22.919780356337629, 0.0 ], [ 88.89567887953207, 22.913073872895612, 0.0 ], [ 88.909429701835265, 22.879856067789063, 0.0 ], [ 88.945374818786746, 22.880674606574523, 0.0 ], [ 88.968644442164461, 22.844299547337663, 0.0 ], [ 88.957886522519544, 22.795864767615974, 0.0 ], [ 88.938086855438186, 22.792969592518016, 0.0 ], [ 88.911004871834407, 22.757730531100602, 0.0 ], [ 88.927904198924722, 22.718071095310471, 0.0 ], [ 88.962366413198069, 22.694972385217543, 0.0 ], [ 88.927113650249055, 22.649647184267589, 0.0 ], [ 88.934945827305498, 22.621196984691011, 0.0 ], [ 88.960081400848992, 22.616633178032956, 0.0 ], [ 88.938938909371771, 22.592205310758661, 0.0 ], [ 88.940697393604935, 22.561348341708783, 0.0 ], [ 88.961864626271506, 22.548733384624619, 0.0 ], [ 88.996123644219182, 22.468952402863856, 0.0 ], [ 89.000070158530633, 22.429839515174152, 0.0 ], [ 88.971906809067221, 22.409885842993937, 0.0 ], [ 88.994251385899602, 22.388733199569661, 0.0 ], [ 88.984479688573273, 22.326697168104729, 0.0 ], [ 89.024545642190716, 22.297164357211184, 0.0 ], [ 88.995097313208746, 22.286264582862209, 0.0 ], [ 89.020466091030855, 22.268503364816834, 0.0 ], [ 89.013880900310284, 22.253963190262393, 0.0 ], [ 89.034199713243552, 22.258258320867498, 0.0 ], [ 89.038894391561044, 22.230694402710082, 0.0 ], [ 89.071613852146427, 22.196887913134326, 0.0 ], [ 89.071844068703442, 22.146252670892423, 0.0 ], [ 89.098546450101907, 22.153417000717123, 0.0 ], [ 89.037856699350414, 22.094214050219783, 0.0 ], [ 89.076863197635205, 22.008409742019222, 0.0 ], [ 89.069000614828695, 21.932857721627208, 0.0 ], [ 89.035136624695156, 21.926990334303039, 0.0 ], [ 88.997393478818736, 21.950249475186233, 0.0 ], [ 89.014098058157927, 21.976722651219074, 0.0 ], [ 89.011816644449752, 21.984261983576758, 0.0 ], [ 89.001226233705609, 21.986403634178856, 0.0 ], [ 89.027174471619574, 21.997511439013447, 0.0 ], [ 89.029060078672202, 22.00173364970442, 0.0 ], [ 89.000322645002868, 21.987667921783707, 0.0 ], [ 88.989378999918259, 21.974264994017979, 0.0 ], [ 88.98629084747067, 21.986823226505813, 0.0 ], [ 88.968690701682291, 21.996193823320382, 0.0 ], [ 88.987714994351421, 21.971644727792292, 0.0 ], [ 89.009753339447187, 21.979504154790241, 0.0 ], [ 88.988309286002277, 21.951586365487941, 0.0 ], [ 89.01832622682555, 21.923544553618129, 0.0 ], [ 89.012501208875634, 21.903270264381856, 0.0 ], [ 88.945475238747932, 21.929298607080913, 0.0 ], [ 88.924855255248573, 21.963646557463477, 0.0 ], [ 88.944253936775425, 21.987097860794478, 0.0 ], [ 88.938172957659432, 22.011859621518539, 0.0 ], [ 88.917806020290939, 21.980930740097595, 0.0 ], [ 88.915106482711636, 22.008462811271613, 0.0 ], [ 88.902468345886476, 22.003853085743259, 0.0 ], [ 88.904361508896301, 21.927890704926334, 0.0 ], [ 88.858240898290219, 21.920363808413185, 0.0 ], [ 88.80574902404922, 21.938068562693424, 0.0 ], [ 88.799044579088772, 21.922103126374122, 0.0 ], [ 88.839800968150143, 21.886360104307517, 0.0 ], [ 88.820066556526783, 21.83775840782582, 0.0 ], [ 88.83083257194933, 21.80806953057251, 0.0 ], [ 88.8214762359177, 21.781442505651157, 0.0 ], [ 88.864695300462699, 21.761442543270689, 0.0 ], [ 88.841164527700059, 21.716880046749267, 0.0 ], [ 88.861548697543327, 21.640940769357439, 0.0 ], [ 88.845587953746858, 21.619102688782551, 0.0 ], [ 88.804494775804798, 21.637163417687592, 0.0 ], [ 88.822442689232943, 21.66702486059911, 0.0 ], [ 88.814594495375772, 21.710727851911901, 0.0 ], [ 88.762708870765834, 21.701971877150896, 0.0 ], [ 88.793834489734735, 21.737005474083727, 0.0 ], [ 88.790491581096902, 21.750034474088032, 0.0 ], [ 88.789897896215322, 21.737872494440897, 0.0 ], [ 88.755869360105649, 21.735315814376577, 0.0 ], [ 88.767208532914083, 21.763307961384225, 0.0 ], [ 88.750132785246151, 21.770489607597128, 0.0 ], [ 88.765679710965316, 21.786360686563707, 0.0 ], [ 88.781147075174786, 21.825167384828848, 0.0 ], [ 88.745526237986326, 21.773242414230371, 0.0 ], [ 88.759766315421231, 21.761796474820628, 0.0 ], [ 88.752352093283619, 21.733299077717071, 0.0 ], [ 88.777573273621925, 21.721283497898099, 0.0 ], [ 88.756548550415303, 21.70297269890661, 0.0 ], [ 88.768703287036629, 21.693687862720029, 0.0 ], [ 88.809932606303192, 21.704483913032291, 0.0 ], [ 88.807942328186854, 21.662676942301506, 0.0 ], [ 88.744790426421403, 21.660831901766937, 0.0 ], [ 88.711408032239348, 21.689581086706117, 0.0 ], [ 88.693759745360964, 21.74530785675945, 0.0 ], [ 88.711276594901349, 21.786982386395817, 0.0 ], [ 88.696043211235391, 21.84258665291641, 0.0 ], [ 88.725494294665197, 21.979543107137722, 0.0 ], [ 88.751464655358319, 22.006230923507839, 0.0 ], [ 88.710199161943848, 21.995954095115447, 0.0 ], [ 88.689647210982287, 21.971632785554217, 0.0 ], [ 88.695582336191976, 21.951338672008809, 0.0 ], [ 88.678620162883504, 21.943094888572261, 0.0 ], [ 88.63071753273735, 21.95436031207316, 0.0 ], [ 88.631876192682228, 21.988284388569031, 0.0 ], [ 88.616933807387241, 21.993405116689559, 0.0 ], [ 88.63169806071808, 22.011685089148113, 0.0 ], [ 88.612838214844501, 22.006402625175426, 0.0 ], [ 88.608965523911266, 22.003859787024989, 0.0 ], [ 88.60243191991789, 21.997246982254925, 0.0 ], [ 88.599406709526818, 21.99183237382406, 0.0 ], [ 88.596593854681174, 21.990730142151687, 0.0 ], [ 88.595035211877544, 21.988720413556717, 0.0 ], [ 88.581164262177907, 22.000041838997888, 0.0 ], [ 88.571243281765845, 22.000439537155184, 0.0 ], [ 88.584136335774616, 21.989711353772659, 0.0 ], [ 88.574098952362647, 21.977895889288291, 0.0 ], [ 88.574482534808865, 21.961585965995617, 0.0 ], [ 88.553984006943423, 21.976362006706161, 0.0 ], [ 88.534895143062329, 21.968727764296531, 0.0 ], [ 88.548834362165124, 21.920272218645955, 0.0 ], [ 88.568745279926688, 21.904083109892571, 0.0 ], [ 88.541031261384433, 21.907421586577655, 0.0 ], [ 88.538764650433379, 21.863235623589897, 0.0 ], [ 88.529722044480508, 21.872496522848461, 0.0 ], [ 88.518627148875467, 21.875605402913532, 0.0 ], [ 88.537172544271655, 21.856483983733092, 0.0 ], [ 88.4964304590534, 21.877135184960391, 0.0 ], [ 88.511132780286474, 21.927561987706593, 0.0 ], [ 88.47955507108712, 21.906660535652797, 0.0 ], [ 88.474376627565078, 21.893664211934684, 0.0 ], [ 88.449589612595133, 21.905664859639323, 0.0 ], [ 88.438755532151248, 21.906012504861796, 0.0 ], [ 88.431098611873324, 21.901201573102323, 0.0 ], [ 88.421204308447997, 21.904076513420506, 0.0 ], [ 88.418048909649968, 21.902605217248887, 0.0 ], [ 88.434310636619585, 21.898969829990332, 0.0 ], [ 88.4506635355756, 21.904919330467493, 0.0 ], [ 88.483035288756923, 21.872032754754503, 0.0 ], [ 88.487863014906836, 21.84037535166199, 0.0 ], [ 88.473290032656436, 21.837534280139437, 0.0 ], [ 88.447366526100822, 21.812988023056203, 0.0 ], [ 88.460396623544739, 21.79244043765426, 0.0 ], [ 88.445161498087913, 21.803027489092884, 0.0 ], [ 88.429929024025185, 21.800599207260163, 0.0 ], [ 88.425881773539885, 21.814522124230812, 0.0 ], [ 88.417423563341345, 21.813156135800526, 0.0 ], [ 88.379365507290061, 21.787616378556834, 0.0 ], [ 88.374632476746399, 21.768131444775786, 0.0 ], [ 88.342805303192833, 21.761327415531134, 0.0 ], [ 88.338563675675047, 21.751355993326413, 0.0 ], [ 88.3442983169424, 21.721035902922683, 0.0 ], [ 88.327254990599329, 21.726485156422694, 0.0 ], [ 88.320801818115157, 21.708737971959057, 0.0 ], [ 88.306145953881924, 21.717677991384985, 0.0 ], [ 88.309482581752391, 21.733854402252014, 0.0 ], [ 88.29996476525514, 21.781409729103832, 0.0 ], [ 88.282973863862864, 21.789456428796051, 0.0 ], [ 88.27484344832537, 21.727397407573925, 0.0 ], [ 88.303777959650219, 21.669860473436383, 0.0 ], [ 88.284415809441583, 21.600706413638491, 0.0 ], [ 88.310291891427298, 21.581310115551616, 0.0 ], [ 88.284422881735821, 21.559017133755741, 0.0 ], [ 88.253992151638371, 21.558351777186839, 0.0 ], [ 88.218462464720631, 21.615931918326748, 0.0 ], [ 88.237491817439221, 21.644319512436478, 0.0 ], [ 88.23313369927321, 21.668815478275139, 0.0 ], [ 88.199753999742796, 21.682696684621412, 0.0 ], [ 88.220430342666475, 21.701882410449187, 0.0 ], [ 88.215292198672486, 21.778031249276825, 0.0 ], [ 88.197246525832924, 21.841023583691488, 0.0 ], [ 88.163444037536237, 21.883670716998068, 0.0 ], [ 88.171053865603824, 21.928562414034388, 0.0 ], [ 88.149754291587612, 21.956883756305707, 0.0 ], [ 88.21473189602834, 22.038594126435502, 0.0 ], [ 88.224410300503891, 22.089915968574804, 0.0 ], [ 88.205308577605095, 22.164539240993868, 0.0 ], [ 88.16858250599185, 22.197167598695646, 0.0 ], [ 88.070238246588474, 22.211206136755333, 0.0 ], [ 88.087677325242908, 22.242421546793476, 0.0 ], [ 88.084605979070915, 22.256342071567961, 0.0 ], [ 88.06057129430414, 22.205770531892707, 0.0 ], [ 87.986490301051816, 22.238258943790381, 0.0 ], [ 87.955931894994293, 22.269732295352487, 0.0 ], [ 87.946998480990914, 22.255752338013188, 0.0 ], [ 87.983183673761957, 22.214218612730562, 0.0 ], [ 87.975225177162088, 22.233399196653384, 0.0 ], [ 88.010202438536609, 22.20133520619979, 0.0 ], [ 88.034776804318867, 22.208932336493572, 0.0 ], [ 88.073704743249195, 22.187131218344774, 0.0 ], [ 88.135886141751641, 22.184778034595801, 0.0 ], [ 88.190539196969766, 22.11420320866419, 0.0 ], [ 88.153656615087755, 22.063590696662761, 0.0 ], [ 88.049968811833594, 22.013755118900662, 0.0 ], [ 88.003664630758962, 21.90599895127453, 0.0 ], [ 87.940619048316137, 21.823454399846991, 0.0 ], [ 87.88326654918292, 21.793349834742031, 0.0 ], [ 87.807639020579316, 21.705193744397807, 0.0 ], [ 87.74721635432374, 21.700064373528139, 0.0 ], [ 87.712685712034414, 21.665328690507994, 0.0 ], [ 87.553557733375456, 21.638046510366003, 0.0 ], [ 87.410746632220864, 21.585938246837099, 0.0 ], [ 87.369869536521136, 21.553401372724185, 0.0 ], [ 87.249996937552226, 21.556783563801357, 0.0 ], [ 87.118501886239386, 21.517097099911435, 0.0 ], [ 86.979279739911135, 21.40976326533378, 0.0 ], [ 86.892499852906781, 21.318428891840711, 0.0 ], [ 86.829353121307818, 21.208646982362268, 0.0 ], [ 86.856286552024528, 21.205603746768148, 0.0 ], [ 86.841535703447434, 21.175081371657562, 0.0 ], [ 86.847897392632532, 21.095502876521973, 0.0 ], [ 86.980877450401877, 20.857047191603577, 0.0 ], [ 86.967411381880112, 20.791393865880018, 0.0 ], [ 86.944163497174358, 20.766477947357874, 0.0 ], [ 86.992482253067166, 20.770227986187667, 0.0 ], [ 87.00003841082642, 20.697836803989976, 0.0 ], [ 87.058248066237326, 20.716757008945976, 0.0 ], [ 86.775250491362314, 20.520752711264961, 0.0 ], [ 86.734267215576892, 20.464100824108943, 0.0 ], [ 86.724380891646902, 20.393845313764075, 0.0 ], [ 86.73924321799727, 20.400813672633383, 0.0 ], [ 86.746448395537925, 20.378607577180254, 0.0 ], [ 86.776197946926487, 20.405421183828278, 0.0 ], [ 86.780910747691067, 20.378619190321178, 0.0 ], [ 86.797266808649098, 20.375756304485733, 0.0 ], [ 86.7889380597274, 20.374621777296507, 0.0 ], [ 86.781854186023835, 20.365863347815832, 0.0 ], [ 86.778792102288222, 20.356615574554063, 0.0 ], [ 86.798018839781321, 20.363396106164828, 0.0 ], [ 86.747526889852992, 20.306966522076095, 0.0 ], [ 86.679838266970407, 20.264218050163635, 0.0 ], [ 86.669251880415374, 20.275719674012617, 0.0 ], [ 86.680186862854839, 20.259944510744567, 0.0 ], [ 86.595569815669123, 20.224465046573339, 0.0 ], [ 86.520438358823668, 20.170126226439276, 0.0 ], [ 86.433964533639411, 20.052140721929568, 0.0 ], [ 86.414024152929144, 19.997315796266808, 0.0 ], [ 86.377997443584846, 19.966833492533812, 0.0 ], [ 86.408190865460242, 19.969740206631489, 0.0 ], [ 86.193842428178741, 19.888836142352424, 0.0 ], [ 85.861901426147725, 19.8050718445017, 0.0 ], [ 85.637032695085892, 19.725499182267612, 0.0 ], [ 85.322753018385228, 19.570380020202826, 0.0 ], [ 85.140919285184225, 19.443227007647153, 0.0 ], [ 85.079317044379067, 19.374347511497749, 0.0 ], [ 84.933311203194265, 19.278824954482083, 0.0 ], [ 84.814998907267622, 19.162114774514205, 0.0 ], [ 84.68447703982936, 18.967471281236605, 0.0 ], [ 84.586532428140302, 18.866650486183381, 0.0 ], [ 84.557838284445367, 18.817752010799481, 0.0 ], [ 84.551926573761094, 18.791040926072867, 0.0 ], [ 84.469662893799594, 18.714427790195305, 0.0 ], [ 84.439851353681462, 18.659496533855926, 0.0 ], [ 84.366693389597899, 18.590880325424635, 0.0 ], [ 84.354728528325083, 18.554914448999533, 0.0 ], [ 84.147413880344516, 18.373422983458749, 0.0 ], [ 84.126859351659121, 18.313365502982016, 0.0 ], [ 83.860388974287076, 18.174283804187862, 0.0 ], [ 83.809930848552085, 18.156032297531475, 0.0 ], [ 83.794974731662492, 18.168398613423332, 0.0 ], [ 83.805263811088494, 18.154038769933923, 0.0 ], [ 83.569374206456743, 18.011799412019158, 0.0 ], [ 83.541852689196176, 17.961176560686265, 0.0 ], [ 83.46933536239797, 17.91117112614511, 0.0 ], [ 83.407071646586431, 17.840937999376962, 0.0 ], [ 83.410869589809082, 17.809358187556491, 0.0 ], [ 83.354144681051906, 17.755719130789771, 0.0 ], [ 83.345944532336731, 17.726050323519935, 0.0 ], [ 83.296926116465727, 17.693713625085763, 0.0 ], [ 83.294297329312101, 17.674469479258732, 0.0 ], [ 83.241874687187604, 17.634572501833542, 0.0 ], [ 83.2123176904622, 17.59073958204096, 0.0 ], [ 83.031230442602293, 17.513320963233529, 0.0 ], [ 82.992068530427161, 17.472548040383522, 0.0 ], [ 82.596258816648273, 17.282790731732828, 0.0 ], [ 82.471728525745732, 17.198574404587635, 0.0 ], [ 82.319308649555381, 17.057848913298113, 0.0 ], [ 82.288220610250775, 17.015989722451081, 0.0 ], [ 82.26493057402547, 16.93890640718859, 0.0 ], [ 82.270554370576349, 16.941418591050372, 0.0 ], [ 82.273457172660883, 16.947594287239305, 0.0 ], [ 82.276834113243467, 16.950577853005949, 0.0 ], [ 82.277882956295073, 16.950695705148991, 0.0 ], [ 82.271145260337988, 16.941296092786143, 0.0 ], [ 82.24670793879767, 16.917847217973179, 0.0 ], [ 82.243038930427446, 16.917836642559504, 0.0 ], [ 82.241444282796223, 16.908036595563807, 0.0 ], [ 82.248266814767732, 16.876465118051698, 0.0 ], [ 82.259821798376677, 16.884451017252079, 0.0 ], [ 82.314228840840471, 16.845879806950006, 0.0 ], [ 82.361571128660827, 16.854447139514452, 0.0 ], [ 82.3577148381043, 16.95002676425247, 0.0 ], [ 82.326260764070994, 16.98833498583291, 0.0 ], [ 82.355645715904956, 16.967794319268787, 0.0 ], [ 82.366364978158416, 16.911358526730488, 0.0 ], [ 82.365273783091823, 16.875990518916854, 0.0 ], [ 82.341796087798883, 16.728436170986974, 0.0 ], [ 82.333344960842084, 16.716730547690684, 0.0 ], [ 82.344928354301317, 16.704552981445609, 0.0 ], [ 82.327688392534583, 16.684920741979113, 0.0 ], [ 82.353995441843807, 16.705631762503497, 0.0 ], [ 82.346449336195334, 16.715637895977409, 0.0 ], [ 82.365338093275525, 16.706654000804484, 0.0 ], [ 82.317288102077882, 16.662266365722942, 0.0 ], [ 82.32905279571041, 16.614475186447009, 0.0 ], [ 82.31887429817769, 16.576826302232323, 0.0 ], [ 82.312822792729406, 16.668011947006526, 0.0 ], [ 82.312141746109731, 16.627075349825468, 0.0 ], [ 82.307502947610516, 16.639927249598959, 0.0 ], [ 82.28425914353123, 16.626027164593538, 0.0 ], [ 82.298824410126031, 16.586435836660012, 0.0 ], [ 82.263084562804238, 16.563019343971813, 0.0 ], [ 82.297175288897108, 16.567567980801432, 0.0 ], [ 82.28999304640169, 16.55486595074084, 0.0 ], [ 82.29964089238122, 16.55819435090913, 0.0 ], [ 82.299154540058154, 16.572236628455027, 0.0 ], [ 82.300870198735566, 16.562390008537161, 0.0 ], [ 82.310668384000635, 16.567738223600912, 0.0 ], [ 82.313436463482063, 16.564820107514802, 0.0 ], [ 82.313671294129051, 16.55873520333229, 0.0 ], [ 82.312852143259562, 16.563486474286329, 0.0 ], [ 82.29948432678394, 16.555938897997201, 0.0 ], [ 82.234911560238899, 16.546011452875376, 0.0 ], [ 81.957731889724897, 16.392374455728024, 0.0 ], [ 81.878150961516994, 16.38263128930679, 0.0 ], [ 81.720787503045884, 16.306860111349749, 0.0 ], [ 81.690639904032565, 16.327471792482935, 0.0 ], [ 81.48724227562488, 16.355066105439814, 0.0 ], [ 81.393791094690215, 16.342473152222485, 0.0 ], [ 81.30535013739032, 16.303533814357888, 0.0 ], [ 81.246191594652188, 16.258865906915794, 0.0 ], [ 81.213763665877778, 16.20721832862959, 0.0 ], [ 81.191365328163414, 16.102823684672373, 0.0 ], [ 81.145541136498963, 16.01294511826379, 0.0 ], [ 81.14804521520459, 15.973701412912877, 0.0 ], [ 81.00477141513305, 15.837804229964151, 0.0 ], [ 81.020562493628731, 15.793007714342252, 0.0 ], [ 81.008237333357769, 15.797406769653945, 0.0 ], [ 81.012103436018478, 15.766076623721208, 0.0 ], [ 80.998451330316072, 15.76969143367473, 0.0 ], [ 81.008459411372456, 15.752928471116835, 0.0 ], [ 80.937219266508677, 15.714404116301278, 0.0 ], [ 80.82151564087745, 15.709338465102453, 0.0 ], [ 80.809638243496309, 15.721929715363739, 0.0 ], [ 80.809229002509952, 15.734965154317701, 0.0 ], [ 80.798084190691469, 15.74241668521122, 0.0 ], [ 80.788429645268138, 15.757228854429778, 0.0 ], [ 80.787715977948267, 15.764262862323642, 0.0 ], [ 80.790461120159861, 15.769858319671304, 0.0 ], [ 80.799649287168052, 15.776774539133216, 0.0 ], [ 80.791217248727918, 15.753633850958188, 0.0 ], [ 80.810242795254965, 15.735262148280643, 0.0 ], [ 80.811430024187047, 15.727060478311603, 0.0 ], [ 80.816713945332708, 15.716993848184465, 0.0 ], [ 80.822273755058362, 15.710418312694568, 0.0 ], [ 80.817531630836257, 15.749358021512489, 0.0 ], [ 80.779629014405259, 15.835295984955732, 0.0 ], [ 80.80091240451145, 15.805791357466978, 0.0 ], [ 80.815607215228667, 15.810695291784127, 0.0 ], [ 80.807020339241987, 15.840445715520145, 0.0 ], [ 80.77388317809924, 15.866267054906389, 0.0 ], [ 80.680607012926771, 15.885399672943683, 0.0 ], [ 80.536457501371459, 15.852303241538978, 0.0 ], [ 80.428562600213354, 15.804682430599433, 0.0 ], [ 80.288665148947601, 15.693390692225757, 0.0 ], [ 80.237211842704696, 15.600669928578832, 0.0 ], [ 80.229054413492861, 15.604246202629881, 0.0 ], [ 80.220626387052178, 15.600924560902095, 0.0 ], [ 80.234726702750834, 15.599052193572023, 0.0 ], [ 80.224125274304271, 15.5949726525259, 0.0 ], [ 80.222383196983543, 15.582677467732822, 0.0 ], [ 80.225523194522822, 15.593056812028696, 0.0 ], [ 80.235064647429169, 15.590590498393025, 0.0 ], [ 80.224793769288382, 15.533477518209077, 0.0 ], [ 80.194225702524051, 15.505014629835296, 0.0 ], [ 80.210516356536758, 15.493509116328376, 0.0 ], [ 80.204962613618989, 15.473890989135048, 0.0 ], [ 80.121834790192679, 15.367873672361824, 0.0 ], [ 80.08474095804786, 15.283335438649313, 0.0 ], [ 80.089030439756598, 15.211933043970394, 0.0 ], [ 80.046978996620652, 15.078598304346324, 0.0 ], [ 80.09772470020819, 14.77954790160039, 0.0 ], [ 80.142066947483002, 14.703507051191467, 0.0 ], [ 80.171178921505984, 14.611659799481787, 0.0 ], [ 80.19551323958413, 14.585826953966722, 0.0 ], [ 80.168568587258562, 14.354850864221749, 0.0 ], [ 80.130107174959434, 14.231160878916178, 0.0 ], [ 80.133778120444234, 14.096908349294226, 0.0 ], [ 80.250644223303325, 13.796006128335231, 0.0 ], [ 80.235175494833499, 13.647451173073032, 0.0 ], [ 80.326018497563737, 13.441682192027491, 0.0 ], [ 80.345268666389387, 13.279892706372278, 0.0 ], [ 80.298437701156672, 13.137487910895493, 0.0 ], [ 80.294948414018222, 13.092914810176886, 0.0 ], [ 80.310786548019209, 13.108155086406429, 0.0 ], [ 80.286793713189297, 13.064361771271836, 0.0 ], [ 80.259395146853677, 12.93455016666122, 0.0 ], [ 80.255153134805184, 12.782702012685844, 0.0 ], [ 80.157094393886098, 12.468250817071979, 0.0 ], [ 79.878975121019778, 12.054486534146227, 0.0 ], [ 79.804629822364333, 11.833517234865772, 0.0 ], [ 79.760651248008855, 11.624372777889308, 0.0 ], [ 79.767534229410757, 11.511679767672531, 0.0 ], [ 79.842599078277189, 11.350742487210704, 0.0 ], [ 79.834533865950036, 11.315258019566356, 0.0 ], [ 79.858434513936729, 11.129266977198791, 0.0 ], [ 79.853297343602534, 10.679417214579555, 0.0 ], [ 79.841017599172147, 10.676297437669289, 0.0 ], [ 79.853336229631324, 10.676480180099963, 0.0 ], [ 79.8804435268232, 10.304685315125639, 0.0 ], [ 79.860318952866038, 10.282407741988576, 0.0 ], [ 79.81675702319852, 10.275838023856519, 0.0 ], [ 79.813317281094982, 10.288743294243062, 0.0 ], [ 79.813927188314707, 10.275615935114381, 0.0 ], [ 79.780092515149121, 10.272469795636148, 0.0 ], [ 79.783385126746523, 10.296058594204995, 0.0 ], [ 79.748722501808032, 10.314376505556261, 0.0 ], [ 79.777537025450144, 10.284615471600219, 0.0 ], [ 79.767664099671435, 10.271805667126531, 0.0 ], [ 79.530742518853444, 10.309166178984047, 0.0 ], [ 79.544130415279994, 10.324885318909081, 0.0 ], [ 79.512924338533253, 10.313138093210824, 0.0 ], [ 79.3959000399758, 10.3186351553355, 0.0 ], [ 79.298461411214362, 10.263298499446075, 0.0 ], [ 79.268272219432347, 10.232808731564093, 0.0 ], [ 79.277350439781372, 10.213294500504789, 0.0 ], [ 79.241536673138114, 10.184870408366844, 0.0 ], [ 79.229352330982806, 10.107465003998136, 0.0 ], [ 79.223124711398341, 10.106006681315431, 0.0 ], [ 79.219887391829417, 10.112630193277079, 0.0 ], [ 79.219481472720489, 10.113055236130204, 0.0 ], [ 79.219102696265409, 10.112598762932999, 0.0 ], [ 79.227148550180303, 10.07358412819368, 0.0 ], [ 79.248067100229576, 10.070874266271522, 0.0 ], [ 79.23928665778881, 10.057799262173363, 0.0 ], [ 79.266111756118306, 10.039233637244804, 0.0 ], [ 79.138870800596578, 9.920861248838134, 0.0 ], [ 79.14701344528423, 9.911435636692522, 0.0 ], [ 79.125503126778597, 9.90370565993736, 0.0 ], [ 79.124035647567155, 9.883561957684231, 0.0 ], [ 79.118446171735741, 9.890654537097564, 0.0 ], [ 79.111265673803359, 9.892837579737149, 0.0 ], [ 79.11995211137409, 9.853739570751607, 0.0 ], [ 79.084955134031333, 9.834650471996472, 0.0 ], [ 79.093903476764439, 9.829362544614051, 0.0 ], [ 79.058618192648595, 9.772451371629259, 0.0 ], [ 79.029873914603769, 9.761463311216241, 0.0 ], [ 79.015911778818548, 9.732318979194716, 0.0 ], [ 79.015972753818943, 9.740392802002548, 0.0 ], [ 79.013150441469364, 9.744840091640112, 0.0 ], [ 78.925151551777986, 9.585001462441436, 0.0 ], [ 78.900461824685337, 9.46829613515021, 0.0 ], [ 78.936336994629627, 9.408284934136656, 0.0 ], [ 79.013094801893288, 9.332366292120092, 0.0 ], [ 79.071119269641699, 9.295035562328787, 0.0 ], [ 79.184128071103444, 9.282808954670717, 0.0 ], [ 79.265928445855494, 9.292744172973807, 0.0 ], [ 79.317994441739756, 9.32583563589664, 0.0 ], [ 79.335164309822062, 9.312045685384602, 0.0 ], [ 79.314998866815614, 9.283100716223959, 0.0 ], [ 79.324003782466178, 9.263577299197561, 0.0 ], [ 79.416437584146635, 9.187098900701235, 0.0 ], [ 79.435842970586208, 9.164171887641613, 0.0 ], [ 79.435496290873289, 9.157793143703177, 0.0 ], [ 79.30963756638711, 9.242051341142776, 0.0 ], [ 79.219831084373354, 9.257336983771475, 0.0 ], [ 79.209198061284553, 9.282403164942391, 0.0 ], [ 79.080721397035887, 9.261205992926708, 0.0 ], [ 78.978925671791373, 9.274851832236848, 0.0 ], [ 78.861099010140947, 9.25540191484183, 0.0 ], [ 78.732602795336106, 9.211889350887903, 0.0 ], [ 78.717255198915794, 9.18954266279324, 0.0 ], [ 78.663801764297574, 9.193615235776116, 0.0 ], [ 78.642208434885134, 9.174678864713508, 0.0 ], [ 78.657074901483526, 9.157693786595294, 0.0 ], [ 78.578249758918588, 9.130999665908362, 0.0 ], [ 78.530902733830956, 9.138077814281456, 0.0 ], [ 78.408704704854458, 9.111348230877296, 0.0 ], [ 78.21504443336201, 8.96603792640253, 0.0 ], [ 78.186641952382558, 8.923590914271971, 0.0 ], [ 78.158080826682777, 8.796964934717458, 0.0 ], [ 78.187055545083552, 8.764139952190567, 0.0 ], [ 78.199134489438777, 8.787475300096373, 0.0 ], [ 78.198252720495233, 8.761080146210389, 0.0 ], [ 78.162993751368205, 8.741345521424719, 0.0 ], [ 78.125638635017467, 8.665088376868308, 0.0 ], [ 78.137972621044042, 8.585963799695714, 0.0 ], [ 78.121900069097094, 8.515695110155001, 0.0 ], [ 78.130589430114597, 8.496909021579418, 0.0 ], [ 78.063889737603958, 8.417985279146004, 0.0 ], [ 78.056896389796393, 8.379411279677367, 0.0 ], [ 78.067425210285023, 8.373269248343021, 0.0 ], [ 77.802924535821205, 8.240165762804011, 0.0 ], [ 77.781310246458858, 8.201040720741364, 0.0 ], [ 77.744712114078808, 8.176915939085283, 0.0 ], [ 77.577112930599228, 8.136721398424138, 0.0 ], [ 77.551332158064454, 8.078034221266799, 0.0 ], [ 77.315796754876956, 8.121837131568947, 0.0 ], [ 77.011152678060441, 8.354739527891148, 0.0 ], [ 76.631433187494366, 8.836529686244381, 0.0 ], [ 76.546730546878905, 8.9039050878447, 0.0 ], [ 76.49913169761993, 9.058222517836528, 0.0 ], [ 76.330247607975096, 9.44124847984652, 0.0 ], [ 76.241203566001914, 9.967648086850522, 0.0 ], [ 76.100327988681499, 10.381474912890383, 0.0 ], [ 75.910101001550743, 10.786134817749224, 0.0 ], [ 75.846701990832344, 11.062867830324739, 0.0 ], [ 75.730810441405325, 11.35832539230471, 0.0 ], [ 75.681605195011585, 11.44962127633007, 0.0 ], [ 75.616780208947688, 11.476408937148445, 0.0 ], [ 75.560617145804514, 11.642925317212699, 0.0 ], [ 75.508997912120179, 11.731132331762433, 0.0 ], [ 75.453118051994736, 11.770847297270844, 0.0 ], [ 75.385758515268108, 11.856338022163699, 0.0 ], [ 75.355682351214611, 11.859804394473942, 0.0 ], [ 75.250332866941207, 12.008188888953773, 0.0 ], [ 75.229109692463993, 12.022605801182968, 0.0 ], [ 75.201056338135373, 12.006088967048639, 0.0 ], [ 75.058064528019173, 12.351703985857599, 0.0 ], [ 74.973813709289217, 12.500389614633921, 0.0 ], [ 74.824427379104492, 12.849057475860544, 0.0 ], [ 74.716365529845405, 13.312579386705309, 0.0 ], [ 74.693585630215722, 13.343707349985644, 0.0 ], [ 74.695429877022761, 13.455179415350836, 0.0 ], [ 74.668511334327519, 13.640168011874398, 0.0 ], [ 74.645552488235467, 13.681957929226519, 0.0 ], [ 74.625805832158449, 13.796854355284429, 0.0 ], [ 74.609929913893708, 13.865551620940286, 0.0 ], [ 74.569208732641641, 13.946779049248088, 0.0 ], [ 74.513982082016867, 13.986858474561325, 0.0 ], [ 74.46892708770261, 14.188676636098302, 0.0 ], [ 74.441655441935254, 14.224565860573108, 0.0 ], [ 74.401380452482272, 14.395498611608645, 0.0 ], [ 74.355734620124579, 14.52086060905032, 0.0 ], [ 74.310217270337859, 14.521365373976657, 0.0 ], [ 74.314726953739807, 14.545724290915253, 0.0 ], [ 74.292999008802269, 14.596489915960362, 0.0 ], [ 74.273580966657505, 14.62748342687857, 0.0 ], [ 74.27038788987845, 14.627232256394706, 0.0 ], [ 74.286439155985207, 14.634214520974076, 0.0 ], [ 74.282534038106448, 14.676548850813452, 0.0 ], [ 74.249321879119606, 14.741183655389717, 0.0 ], [ 74.226756684346213, 14.747981125470336, 0.0 ], [ 74.203807958028818, 14.736389374102137, 0.0 ], [ 74.208432843566541, 14.717643742142394, 0.0 ], [ 74.177163231110384, 14.750561590113621, 0.0 ], [ 74.152108403418225, 14.747059887707094, 0.0 ], [ 74.14139394581666, 14.779190972596075, 0.0 ], [ 74.118999364216762, 14.774251843379227, 0.0 ], [ 74.092773269371364, 14.804001945419317, 0.0 ], [ 74.124260546096011, 14.805003401583011, 0.0 ], [ 74.12479208144731, 14.839546997698873, 0.0 ], [ 74.095880254317294, 14.898226316947843, 0.0 ], [ 74.04419596449506, 14.916600045080356, 0.0 ], [ 74.041041895776218, 14.995434584824674, 0.0 ], [ 74.021039914180534, 15.017168399846589, 0.0 ], [ 73.989482345797711, 15.018915121032212, 0.0 ], [ 73.988357860184223, 15.055139935301687, 0.0 ], [ 73.975046519907693, 15.048941452631782, 0.0 ], [ 73.954990119855893, 15.071928463549172, 0.0 ], [ 73.912875579102391, 15.083574222033123, 0.0 ], [ 73.927668017305223, 15.095321994780194, 0.0 ], [ 73.918478747785414, 15.106210178664972, 0.0 ], [ 73.941324529769801, 15.116586932768209, 0.0 ], [ 73.936788100486865, 15.13216176864079, 0.0 ], [ 73.956500167442968, 15.13549621862113, 0.0 ], [ 73.879179825689675, 15.361898898546386, 0.0 ], [ 73.842426431759478, 15.358414891977162, 0.0 ], [ 73.783688399328796, 15.408100116021064, 0.0 ], [ 73.789711716439058, 15.463804111060636, 0.0 ], [ 73.766588728381535, 15.492812435447155, 0.0 ], [ 73.73221656054379, 15.58859118519651, 0.0 ], [ 73.732070375066186, 15.606945681065731, 0.0 ], [ 73.744669654340399, 15.605690491699322, 0.0 ], [ 73.722820777666897, 15.626746576484088, 0.0 ], [ 73.689373337474393, 15.718005555412823, 0.0 ], [ 73.726307317864766, 15.717045469247683, 0.0 ], [ 73.739421458697606, 15.734478802661981, 0.0 ], [ 73.683223905579567, 15.720341284463688, 0.0 ], [ 73.649862045952872, 15.744899963118147, 0.0 ], [ 73.657614374961966, 15.747065318353499, 0.0 ], [ 73.66435422291049, 15.7531018545564, 0.0 ], [ 73.656258018083577, 15.795760403333658, 0.0 ], [ 73.626085671534341, 15.85176766408834, 0.0 ], [ 73.586966726270404, 15.910614364116105, 0.0 ], [ 73.510108819321445, 15.94045978744057, 0.0 ], [ 73.484360944226381, 16.033712545697341, 0.0 ], [ 73.467216270140369, 16.053727765839454, 0.0 ], [ 73.456386769166542, 16.052792419113977, 0.0 ], [ 73.464903631007402, 16.066976800412125, 0.0 ], [ 73.464749991279646, 16.076162078834457, 0.0 ], [ 73.458166913404781, 16.08603496044719, 0.0 ], [ 73.464920549876922, 16.086936990157266, 0.0 ], [ 73.439643528848165, 16.191333496402645, 0.0 ], [ 73.386680382710281, 16.358423621570868, 0.0 ], [ 73.368920092375475, 16.362925641869644, 0.0 ], [ 73.358669670206609, 16.441660448766491, 0.0 ], [ 73.310870635901978, 16.541439457575692, 0.0 ], [ 73.345251356260562, 16.572583951362237, 0.0 ], [ 73.317420661841282, 16.601666994334156, 0.0 ], [ 73.355194575535975, 16.618950630522832, 0.0 ], [ 73.330450549670658, 16.619858851870671, 0.0 ], [ 73.339106317051801, 16.637805438346714, 0.0 ], [ 73.323018322815244, 16.638616683028282, 0.0 ], [ 73.329715910353073, 16.687394891281201, 0.0 ], [ 73.305389600924784, 16.730277129456056, 0.0 ], [ 73.304441988822376, 16.765871818607057, 0.0 ], [ 73.319138112435695, 16.795338389088553, 0.0 ], [ 73.289138567232911, 16.844292136123396, 0.0 ], [ 73.287430079094008, 16.880895917836035, 0.0 ], [ 73.303002549900683, 16.89141053276748, 0.0 ], [ 73.278576084728854, 16.893036716691899, 0.0 ], [ 73.299717935570712, 16.981884014496814, 0.0 ], [ 73.279280056900987, 16.993400051272285, 0.0 ], [ 73.271235989443056, 16.985092183739031, 0.0 ], [ 73.284053300335842, 17.011096228193598, 0.0 ], [ 73.255367953600668, 17.027712700900143, 0.0 ], [ 73.258212548389935, 17.048774978064433, 0.0 ], [ 73.27703102115548, 17.036300758539674, 0.0 ], [ 73.286708199874653, 17.054251232928046, 0.0 ], [ 73.282474064661073, 17.10720307660355, 0.0 ], [ 73.267647347535714, 17.114743592694197, 0.0 ], [ 73.252896905751328, 17.189390410651367, 0.0 ], [ 73.231626204741389, 17.1991438019718, 0.0 ], [ 73.246956942273343, 17.204902757740399, 0.0 ], [ 73.243414487508161, 17.225162430617459, 0.0 ], [ 73.190638505181013, 17.299308883164123, 0.0 ], [ 73.222651230367447, 17.306325116725855, 0.0 ], [ 73.229247479333964, 17.282477703915955, 0.0 ], [ 73.258770707090264, 17.286030133730726, 0.0 ], [ 73.235556378416177, 17.288107997426707, 0.0 ], [ 73.238762810287582, 17.317041471435733, 0.0 ], [ 73.218902371054469, 17.32855015309466, 0.0 ], [ 73.219899559845743, 17.333104935363018, 0.0 ], [ 73.229256909773028, 17.333981999598866, 0.0 ], [ 73.229447382001553, 17.335161182740769, 0.0 ], [ 73.2055811315619, 17.387330290486659, 0.0 ], [ 73.183331286892212, 17.384076696210354, 0.0 ], [ 73.167294935040999, 17.404383028458472, 0.0 ], [ 73.198651290359393, 17.439085603128781, 0.0 ], [ 73.184527567896922, 17.443138181227791, 0.0 ], [ 73.192180437065147, 17.469957373621849, 0.0 ], [ 73.173925592603183, 17.516907269266838, 0.0 ], [ 73.137101659452213, 17.555890981553059, 0.0 ], [ 73.152647245059697, 17.59937446127941, 0.0 ], [ 73.113627845842586, 17.689813450328135, 0.0 ], [ 73.133095841130768, 17.724417218698854, 0.0 ], [ 73.121220058750851, 17.766698838713072, 0.0 ], [ 73.110810331222766, 17.790186905972057, 0.0 ], [ 73.10659325052427, 17.793018650587292, 0.0 ], [ 73.103149497179587, 17.802982060060387, 0.0 ], [ 73.098584515903894, 17.808219283010949, 0.0 ], [ 73.089357980193853, 17.812340519317527, 0.0 ], [ 73.075002404402042, 17.882525679766736, 0.0 ], [ 73.030806051503689, 17.942814537427576, 0.0 ], [ 73.040264507210253, 17.978437789701903, 0.0 ], [ 73.005129285750712, 18.019665514236497, 0.0 ], [ 73.021294994608311, 18.027453316677647, 0.0 ], [ 72.990375616942515, 18.055766229078539, 0.0 ], [ 72.996833198299925, 18.084213861626289, 0.0 ], [ 72.971028444212209, 18.13288962211017, 0.0 ], [ 72.988658870154367, 18.157899983381114, 0.0 ], [ 72.980932607529851, 18.196286015341794, 0.0 ], [ 72.956395435536919, 18.219636398507564, 0.0 ], [ 72.931778406157477, 18.220420315997689, 0.0 ], [ 72.938048080994648, 18.283722080418855, 0.0 ], [ 72.973020785679637, 18.266164202453602, 0.0 ], [ 72.986481366499049, 18.282278812441746, 0.0 ], [ 72.953867085737102, 18.334963673121575, 0.0 ], [ 72.915223638036508, 18.355137670460856, 0.0 ], [ 72.925945929955716, 18.383438515330415, 0.0 ], [ 72.907035518626927, 18.402989270147224, 0.0 ], [ 72.893732453141297, 18.471791210955299, 0.0 ], [ 72.911092245077171, 18.502559148187299, 0.0 ], [ 72.905316210094028, 18.538555978558101, 0.0 ], [ 72.921157965709369, 18.550552897138353, 0.0 ], [ 72.878139150403683, 18.63081433418234, 0.0 ], [ 72.860055577020404, 18.633512825636259, 0.0 ], [ 72.85105234872151, 18.698832381571762, 0.0 ], [ 72.865807220332044, 18.807621140612955, 0.0 ], [ 72.91448933548304, 18.800324646299387, 0.0 ], [ 72.945151627896607, 18.826382469902896, 0.0 ], [ 72.957132534874063, 18.799230218235625, 0.0 ], [ 72.995943176069062, 18.773017809620519, 0.0 ], [ 72.978272239209574, 18.80759590914986, 0.0 ], [ 72.999291894998663, 18.809200509826891, 0.0 ], [ 72.975087597289658, 18.839501449561105, 0.0 ], [ 72.995386585662601, 18.87151067145339, 0.0 ], [ 72.960994085583806, 18.841038618424026, 0.0 ], [ 72.918347910537918, 18.855407596427508, 0.0 ], [ 72.90407301254946, 18.904435194397482, 0.0 ], [ 72.937060778143447, 18.9093319637613, 0.0 ], [ 72.9408106000988, 18.944489682475101, 0.0 ], [ 72.959171304540149, 18.957162262763273, 0.0 ], [ 72.947108965847349, 18.986850246921357, 0.0 ], [ 72.885300431250485, 18.981478205341574, 0.0 ], [ 72.87824291965957, 19.021936442878424, 0.0 ], [ 72.85432057803304, 18.997203427255265, 0.0 ], [ 72.843372313328047, 18.930294657743236, 0.0 ], [ 72.811951230523917, 18.895127663811923, 0.0 ], [ 72.803560216478488, 18.89881462317306, 0.0 ], [ 72.825594945794862, 18.919446160830514, 0.0 ], [ 72.823605807958046, 18.941249444068379, 0.0 ], [ 72.812179377985345, 18.955271001735895, 0.0 ], [ 72.793315179995588, 18.939408251297106, 0.0 ], [ 72.792496537057062, 18.949906451397396, 0.0 ], [ 72.817461126298994, 19.025563783158216, 0.0 ], [ 72.832602461860233, 19.023681010108596, 0.0 ], [ 72.83863137739894, 19.046523181207114, 0.0 ], [ 72.817013397969333, 19.041474100804141, 0.0 ], [ 72.833223342602977, 19.084831055981983, 0.0 ], [ 72.811630608223481, 19.145231048837559, 0.0 ], [ 72.786073022475705, 19.133520795628129, 0.0 ], [ 72.795484221002908, 19.194667729892295, 0.0 ], [ 72.781410053320798, 19.195430575052569, 0.0 ], [ 72.778654968999916, 19.278924847752222, 0.0 ], [ 72.786928047463064, 19.307684235931305, 0.0 ], [ 72.829951450973468, 19.334621363734225, 0.0 ], [ 72.800190670347007, 19.32384711666505, 0.0 ], [ 72.744693365914571, 19.37803633278272, 0.0 ], [ 72.759926917064689, 19.392709666807363, 0.0 ], [ 72.749547678142747, 19.489269328780008, 0.0 ], [ 72.719731952733383, 19.500766466290443, 0.0 ], [ 72.711090416865076, 19.540783503494897, 0.0 ], [ 72.708909288156349, 19.598764185720157, 0.0 ], [ 72.725343322143317, 19.609571404797787, 0.0 ], [ 72.699134009712367, 19.661478808710754, 0.0 ], [ 72.708143657300681, 19.703810729679756, 0.0 ], [ 72.697074366674912, 19.719244716742288, 0.0 ], [ 72.675523620038106, 19.715713271422981, 0.0 ], [ 72.682847838721131, 19.793488519629754, 0.0 ], [ 72.671316746230318, 19.813643073544462, 0.0 ], [ 72.667683228816216, 19.80132425730228, 0.0 ], [ 72.653980627513462, 19.810937677585603, 0.0 ], [ 72.641990569805529, 19.843982364327029, 0.0 ], [ 72.648055834259182, 19.870054681945479, 0.0 ], [ 72.680271677633499, 19.864896242227616, 0.0 ], [ 72.67880257181433, 19.920742148138093, 0.0 ], [ 72.664216023739357, 19.933488839161814, 0.0 ], [ 72.721975826846176, 19.970623773489375, 0.0 ], [ 72.707883797128034, 20.070025490456946, 0.0 ], [ 72.746585194238818, 20.116141611977685, 0.0 ], [ 72.742417797301258, 20.241200408078772, 0.0 ], [ 72.756600656081915, 20.290163172883844, 0.0 ], [ 72.78850196665465, 20.346762494838266, 0.0 ], [ 72.823272103982546, 20.365895337500366, 0.0 ], [ 72.804602924755486, 20.372271950376259, 0.0 ], [ 72.820143750117623, 20.433908259428406, 0.0 ], [ 72.8462685542316, 20.478029978364347, 0.0 ], [ 72.858124329787714, 20.465636556411052, 0.0 ], [ 72.885937420174272, 20.497677181813227, 0.0 ], [ 72.897986377156343, 20.584872431118086, 0.0 ], [ 72.852936877362609, 20.756805745604098, 0.0 ], [ 72.820212734580181, 20.793798370261982, 0.0 ], [ 72.839236220857245, 20.805248422485512, 0.0 ], [ 72.780174276929557, 20.921150922764124, 0.0 ], [ 72.819976412484195, 20.927503695034506, 0.0 ], [ 72.820366200751707, 20.952299788085661, 0.0 ], [ 72.75465206581876, 20.938658860346681, 0.0 ], [ 72.722156954801164, 21.037733279391219, 0.0 ], [ 72.726178415285872, 21.061030184301373, 0.0 ], [ 72.74893359944582, 21.057224080378102, 0.0 ], [ 72.741188412454278, 21.074457118089317, 0.0 ], [ 72.709909424971983, 21.079834939550839, 0.0 ], [ 72.702471492040502, 21.096159100617445, 0.0 ], [ 72.684787880447928, 21.082973677540917, 0.0 ], [ 72.669823477465442, 21.115038353673796, 0.0 ], [ 72.641538900262347, 21.085153062188798, 0.0 ], [ 72.61989833420887, 21.100748407204872, 0.0 ], [ 72.638058319002525, 21.2111079093116, 0.0 ], [ 72.657354418929671, 21.224651914961374, 0.0 ], [ 72.622256928628929, 21.242593406409551, 0.0 ], [ 72.600341011316047, 21.289869978204528, 0.0 ], [ 72.601167601188436, 21.388624229180461, 0.0 ], [ 72.679333899705924, 21.439955434570823, 0.0 ], [ 72.687302136399481, 21.452444538424032, 0.0 ], [ 72.613121301040863, 21.400109721815515, 0.0 ], [ 72.579577062641917, 21.413856435601783, 0.0 ], [ 72.655824463616824, 21.469170922527766, 0.0 ], [ 72.702830339459481, 21.525668795093313, 0.0 ], [ 72.74999998147986, 21.527518969949828, 0.0 ], [ 72.770223240760615, 21.562515464279283, 0.0 ], [ 72.760063273928338, 21.560332328408052, 0.0 ], [ 72.754453838739579, 21.566275630055561, 0.0 ], [ 72.802240341704746, 21.587213313138179, 0.0 ], [ 72.830145701212615, 21.628448991527424, 0.0 ], [ 72.828457492570095, 21.65091484045513, 0.0 ], [ 72.86790648887866, 21.642217223790521, 0.0 ], [ 72.877237767454744, 21.672558608724234, 0.0 ], [ 72.962978285495183, 21.674034656587928, 0.0 ], [ 72.861906568090106, 21.68759118057072, 0.0 ], [ 72.801294647047214, 21.657685176117099, 0.0 ], [ 72.738080782939392, 21.690970059599444, 0.0 ], [ 72.712910316261613, 21.679583364357821, 0.0 ], [ 72.608091722582657, 21.688055085958752, 0.0 ], [ 72.543552126681249, 21.660507256341937, 0.0 ], [ 72.53247146896112, 21.71810149760978, 0.0 ], [ 72.607174223484733, 21.753050573730047, 0.0 ], [ 72.610044978168162, 21.790179762697292, 0.0 ], [ 72.593024520502368, 21.804915109445226, 0.0 ], [ 72.620431532980547, 21.829925393322949, 0.0 ], [ 72.61033234142451, 21.839683135441565, 0.0 ], [ 72.623352636622371, 21.883751333689066, 0.0 ], [ 72.648169873167504, 21.897309763449684, 0.0 ], [ 72.691265202229474, 21.882581341024544, 0.0 ], [ 72.691903077420349, 21.941874948567325, 0.0 ], [ 72.719412535953481, 21.93922411545741, 0.0 ], [ 72.748288544450077, 21.967462913404241, 0.0 ], [ 72.725223396888751, 21.996465984953826, 0.0 ], [ 72.707806151125453, 21.953397868334747, 0.0 ], [ 72.639989741241152, 21.956825762779804, 0.0 ], [ 72.545361249529336, 21.910988737933181, 0.0 ], [ 72.527966755788569, 21.93701622138936, 0.0 ], [ 72.547859294790229, 21.964388748164893, 0.0 ], [ 72.530544463415225, 21.955075323248717, 0.0 ], [ 72.5258942453071, 21.959872578632716, 0.0 ], [ 72.53976175301905, 21.961754187843649, 0.0 ], [ 72.528135031640403, 21.982261911283771, 0.0 ], [ 72.548543453401862, 21.991051215466733, 0.0 ], [ 72.543163915760758, 22.126342594840903, 0.0 ], [ 72.580958376476048, 22.199154521311428, 0.0 ], [ 72.649961081792213, 22.215462979189191, 0.0 ], [ 72.659529802934784, 22.199426990407375, 0.0 ], [ 72.782684565483166, 22.157569291561554, 0.0 ], [ 72.782755869320226, 22.192866896401188, 0.0 ], [ 72.853799737593192, 22.238852218363146, 0.0 ], [ 72.849219074045351, 22.274947928151441, 0.0 ], [ 72.698956341611719, 22.199905674225516, 0.0 ], [ 72.624176676374191, 22.233910530418296, 0.0 ], [ 72.543734529213395, 22.223072064858087, 0.0 ], [ 72.300032505609252, 22.033369204354265, 0.0 ], [ 72.268868937684516, 21.970603034285531, 0.0 ], [ 72.211668601077633, 21.962067029315072, 0.0 ], [ 72.204195363140784, 21.891069329571277, 0.0 ], [ 72.242459505122937, 21.829811416793518, 0.0 ], [ 72.23548003693422, 21.812038888121194, 0.0 ], [ 72.202823723412152, 21.819055414831595, 0.0 ], [ 72.282843552582051, 21.696958163446482, 0.0 ], [ 72.306126653124849, 21.626009207859461, 0.0 ], [ 72.26995725936608, 21.572642105773983, 0.0 ], [ 72.235354525190218, 21.456008320813023, 0.0 ], [ 72.107841899271762, 21.302474603295384, 0.0 ], [ 72.082666498848496, 21.245135050879981, 0.0 ], [ 72.112053423533339, 21.198630700662875, 0.0 ], [ 72.087668953578742, 21.191884688723786, 0.0 ], [ 72.017792188525561, 21.15391148771819, 0.0 ], [ 72.010229545806311, 21.134670084535273, 0.0 ], [ 71.996597916086202, 21.141907054442921, 0.0 ], [ 71.97390346058522, 21.122232000405585, 0.0 ], [ 71.898334222695837, 21.109941461412287, 0.0 ], [ 71.878969201008459, 21.088753320973868, 0.0 ], [ 71.813078223674594, 21.067467656751457, 0.0 ], [ 71.797630594723287, 21.055218565189243, 0.0 ], [ 71.80585534798648, 21.038061182889468, 0.0 ], [ 71.716679190860901, 21.020751908415924, 0.0 ], [ 71.681912297736972, 20.996548285898029, 0.0 ], [ 71.677006422830971, 21.001747368250246, 0.0 ], [ 71.647082604704849, 20.994203341941908, 0.0 ], [ 71.636771157131975, 20.980710438914144, 0.0 ], [ 71.647711593565248, 20.974650854660887, 0.0 ], [ 71.617148277139449, 20.966986520818644, 0.0 ], [ 71.607492564654294, 20.977959877813149, 0.0 ], [ 71.610729659727781, 20.966213924974177, 0.0 ], [ 71.565583296292118, 20.948951876748865, 0.0 ], [ 71.516654365011661, 20.948116549631202, 0.0 ], [ 71.506667992428248, 20.918769037693117, 0.0 ], [ 71.439982490009115, 20.869520803148241, 0.0 ], [ 71.384490705884346, 20.875797243955056, 0.0 ], [ 71.374291501535438, 20.867891681382115, 0.0 ], [ 71.384066533263734, 20.856757263673156, 0.0 ], [ 71.321726413961954, 20.846647211278068, 0.0 ], [ 71.20916499059571, 20.800854981231758, 0.0 ], [ 71.15615199215442, 20.777709750481595, 0.0 ], [ 71.148075461100944, 20.758250353051473, 0.0 ], [ 71.08651057344801, 20.755549315305629, 0.0 ], [ 71.078961106064796, 20.736761980674405, 0.0 ], [ 71.050609156537234, 20.730423527069931, 0.0 ], [ 71.0021101005904, 20.736088518840191, 0.0 ] ], [ [ 80.128643613326474, 25.338506082621567, 0.0 ], [ 80.129681553625687, 25.337665014129708, 0.0 ], [ 80.127252879417526, 25.339633003139031, 0.0 ], [ 80.128643613326474, 25.338506082621567, 0.0 ] ], [ [ 80.136282244000498, 25.34224073343389, 0.0 ], [ 80.136853903725708, 25.343053889894779, 0.0 ], [ 80.134807642597096, 25.340143139230278, 0.0 ], [ 80.136282244000498, 25.34224073343389, 0.0 ] ], [ [ 80.13743849141845, 25.343906911276338, 0.0 ], [ 80.139476798443297, 25.346881080748453, 0.0 ], [ 80.136963024642981, 25.343213119377065, 0.0 ], [ 80.13743849141845, 25.343906911276338, 0.0 ] ], [ [ 80.166118885715818, 25.36383425921586, 0.0 ], [ 80.166963099696048, 25.363994369165553, 0.0 ], [ 80.164903414943012, 25.363603731753987, 0.0 ], [ 80.166118885715818, 25.36383425921586, 0.0 ] ], [ [ 80.207741160352015, 25.403647918093007, 0.0 ], [ 80.208924405939968, 25.403029017071738, 0.0 ], [ 80.206177296507093, 25.404465881969038, 0.0 ], [ 80.207741160352015, 25.403647918093007, 0.0 ] ], [ [ 80.21872554662427, 25.398526346603362, 0.0 ], [ 80.219763492178757, 25.398293191688907, 0.0 ], [ 80.217368691863612, 25.398831129572464, 0.0 ], [ 80.21872554662427, 25.398526346603362, 0.0 ] ], [ [ 80.293266018728247, 25.411365635374775, 0.0 ], [ 80.293910430769898, 25.410776843994697, 0.0 ], [ 80.29074396538158, 25.413669930511592, 0.0 ], [ 80.293266018728247, 25.411365635374775, 0.0 ] ], [ [ 80.340250561852542, 25.27871948216174, 0.0 ], [ 80.340911987423652, 25.278694359250039, 0.0 ], [ 80.337134187249987, 25.278837817414228, 0.0 ], [ 80.340250561852542, 25.27871948216174, 0.0 ] ], [ [ 80.340911987423652, 25.278694359250039, 0.0 ], [ 80.341969453239429, 25.278657698035097, 0.0 ], [ 80.345052197174851, 25.278550788430653, 0.0 ], [ 80.340911987423652, 25.278694359250039, 0.0 ] ], [ [ 80.358719714553345, 25.25989975439564, 0.0 ], [ 80.359589993131209, 25.259094927207776, 0.0 ], [ 80.357569557956452, 25.260963391917691, 0.0 ], [ 80.358719714553345, 25.25989975439564, 0.0 ] ], [ [ 80.364799603615154, 25.252371151487086, 0.0 ], [ 80.364918903436092, 25.252236985237488, 0.0 ], [ 80.363536361308633, 25.253791808106126, 0.0 ], [ 80.364799603615154, 25.252371151487086, 0.0 ] ], [ [ 80.375352396580638, 25.243066414914729, 0.0 ], [ 80.37626169080518, 25.242398569455169, 0.0 ], [ 80.373889552235866, 25.244140802291081, 0.0 ], [ 80.375352396580638, 25.243066414914729, 0.0 ] ], [ [ 74.123507739063186, 15.436924121441672, 0.0 ], [ 74.123524652111755, 15.43693799408446, 0.0 ], [ 74.124117186225121, 15.437424027934664, 0.0 ], [ 74.123507739063186, 15.436924121441672, 0.0 ] ], [ [ 74.087167495631888, 15.310789856814722, 0.0 ], [ 74.087267344866746, 15.310678187544999, 0.0 ], [ 74.086849604634224, 15.311145383048535, 0.0 ], [ 74.087167495631888, 15.310789856814722, 0.0 ] ], [ [ 77.862627474732633, 30.115517785920119, 0.0 ], [ 77.862219217317744, 30.115097659655252, 0.0 ], [ 77.861490770346862, 30.114348024068015, 0.0 ], [ 77.862627474732633, 30.115517785920119, 0.0 ] ], [ [ 77.75821063958179, 29.960170886187203, 0.0 ], [ 77.758173802177538, 29.960116857323261, 0.0 ], [ 77.758048007472382, 29.95993235590425, 0.0 ], [ 77.75821063958179, 29.960170886187203, 0.0 ] ], [ [ 77.471456918081103, 27.380339840874122, 0.0 ], [ 77.471105778779531, 27.38102895167663, 0.0 ], [ 77.471722831762548, 27.379817980185127, 0.0 ], [ 77.471456918081103, 27.380339840874122, 0.0 ] ], [ [ 77.598714284258762, 27.297148670927712, 0.0 ], [ 77.598667351814242, 27.297204238996017, 0.0 ], [ 77.598830175497, 27.297011453218801, 0.0 ], [ 77.598714284258762, 27.297148670927712, 0.0 ] ], [ [ 77.651153350205107, 27.226134922464215, 0.0 ], [ 77.651155485318725, 27.226138130508868, 0.0 ], [ 77.650927379591451, 27.225795518062238, 0.0 ], [ 77.651153350205107, 27.226134922464215, 0.0 ] ], [ [ 77.677822454272743, 27.190105075631909, 0.0 ], [ 77.67931064051001, 27.192064861502654, 0.0 ], [ 77.677820318966695, 27.190102264858854, 0.0 ], [ 77.677822454272743, 27.190105075631909, 0.0 ] ], [ [ 77.670676720132292, 27.179765411222967, 0.0 ], [ 77.671868934040901, 27.181053960935369, 0.0 ], [ 77.669590989732939, 27.178591916127047, 0.0 ], [ 77.670676720132292, 27.179765411222967, 0.0 ] ], [ [ 77.679033542466414, 27.045876035355747, 0.0 ], [ 77.679026030403776, 27.045867687356122, 0.0 ], [ 77.679401608109245, 27.046285028501117, 0.0 ], [ 77.679033542466414, 27.045876035355747, 0.0 ] ], [ [ 77.397677067192305, 28.469274566070602, 0.0 ], [ 77.396020347812339, 28.470077523696467, 0.0 ], [ 77.392054319278245, 28.471999610377569, 0.0 ], [ 77.397677067192305, 28.469274566070602, 0.0 ] ], [ [ 77.408094228119225, 28.467168676898321, 0.0 ], [ 77.407897003655165, 28.467165471248727, 0.0 ], [ 77.407699787524294, 28.467162264572963, 0.0 ], [ 77.408094228119225, 28.467168676898321, 0.0 ] ], [ [ 77.40809804651083, 28.466985227872339, 0.0 ], [ 77.408094776819183, 28.467142322616844, 0.0 ], [ 77.408094409618784, 28.467159959402583, 0.0 ], [ 77.40809804651083, 28.466985227872339, 0.0 ] ], [ [ 77.423871067409337, 28.452908404612636, 0.0 ], [ 77.423793344629246, 28.452890245888913, 0.0 ], [ 77.423364781284036, 28.452790115599846, 0.0 ], [ 77.423871067409337, 28.452908404612636, 0.0 ] ], [ [ 77.434844800579157, 28.450406001437685, 0.0 ], [ 77.43468083899208, 28.45093218164488, 0.0 ], [ 77.433521842426586, 28.454651447605453, 0.0 ], [ 77.434844800579157, 28.450406001437685, 0.0 ] ], [ [ 77.449965876386884, 28.426989816046003, 0.0 ], [ 77.448725459245765, 28.427101587195846, 0.0 ], [ 77.450368551063747, 28.4269535305014, 0.0 ], [ 77.449965876386884, 28.426989816046003, 0.0 ] ], [ [ 77.458513867310685, 28.424560171558145, 0.0 ], [ 77.458376159617785, 28.424566947715658, 0.0 ], [ 77.457246245294201, 28.424622541707041, 0.0 ], [ 77.458513867310685, 28.424560171558145, 0.0 ] ], [ [ 77.461962420385277, 28.423422220415656, 0.0 ], [ 77.461962386501284, 28.423619928124715, 0.0 ], [ 77.461962331329062, 28.423936083222145, 0.0 ], [ 77.461962420385277, 28.423422220415656, 0.0 ] ], [ [ 77.46171076394026, 28.422528126071533, 0.0 ], [ 77.461798902175445, 28.422835533992721, 0.0 ], [ 77.461827056102791, 28.422933729081237, 0.0 ], [ 77.46171076394026, 28.422528126071533, 0.0 ] ], [ [ 77.498321052152761, 28.374921404192936, 0.0 ], [ 77.497578984664202, 28.375965078431449, 0.0 ], [ 77.496836903671209, 28.377008749397348, 0.0 ], [ 77.498321052152761, 28.374921404192936, 0.0 ] ], [ [ 77.535026199856816, 28.189307917663065, 0.0 ], [ 77.534045394842266, 28.188104951337785, 0.0 ], [ 77.53348995305663, 28.187423684189643, 0.0 ], [ 77.535026199856816, 28.189307917663065, 0.0 ] ], [ [ 77.537596595916668, 28.190351939427437, 0.0 ], [ 77.535763674306637, 28.189607464988356, 0.0 ], [ 77.535404875764897, 28.189461728623602, 0.0 ], [ 77.537596595916668, 28.190351939427437, 0.0 ] ], [ [ 77.131987012043396, 29.484943007657733, 0.0 ], [ 77.132239241038874, 29.484677324682529, 0.0 ], [ 77.131986156175572, 29.484944739244987, 0.0 ], [ 77.131987012043396, 29.484943007657733, 0.0 ] ], [ [ 77.119361594043809, 29.56685664358027, 0.0 ], [ 77.119361594022394, 29.566856644495754, 0.0 ], [ 77.118356886163696, 29.56725998853555, 0.0 ], [ 77.119361594043809, 29.56685664358027, 0.0 ] ], [ [ 77.111494864840168, 29.605675840477645, 0.0 ], [ 77.111313225697359, 29.604930779732367, 0.0 ], [ 77.111465578564264, 29.605555711465161, 0.0 ], [ 77.111494864840168, 29.605675840477645, 0.0 ] ], [ [ 77.157120976493388, 29.322146238123857, 0.0 ], [ 77.157113049855681, 29.322311656942361, 0.0 ], [ 77.157143729469368, 29.321671370286449, 0.0 ], [ 77.157120976493388, 29.322146238123857, 0.0 ] ], [ [ 77.15647809251368, 29.31929046568693, 0.0 ], [ 77.156565021962365, 29.319697500619473, 0.0 ], [ 77.156586584240657, 29.319798465306114, 0.0 ], [ 77.15647809251368, 29.31929046568693, 0.0 ] ], [ [ 77.158273027267626, 29.303257680600741, 0.0 ], [ 77.158240987906098, 29.304328507361088, 0.0 ], [ 77.158211766762605, 29.305305109387049, 0.0 ], [ 77.158273027267626, 29.303257680600741, 0.0 ] ], [ [ 77.422574014496433, 30.139493348594449, 0.0 ], [ 77.422701248327968, 30.140111153950585, 0.0 ], [ 77.42254521948135, 30.139353525774421, 0.0 ], [ 77.422574014496433, 30.139493348594449, 0.0 ] ], [ [ 78.908189330713853, 29.391110873759821, 0.0 ], [ 78.907965943961798, 29.390915142185815, 0.0 ], [ 78.907561075237311, 29.390560394807277, 0.0 ], [ 78.908189330713853, 29.391110873759821, 0.0 ] ], [ [ 78.855317318562172, 29.349678261435589, 0.0 ], [ 78.855396579163781, 29.349683642332579, 0.0 ], [ 78.855975840059941, 29.349722969983866, 0.0 ], [ 78.855317318562172, 29.349678261435589, 0.0 ] ], [ [ 78.879299549500828, 29.208187346161878, 0.0 ], [ 78.879677491854508, 29.208687394134326, 0.0 ], [ 78.880164643885706, 29.209331928815907, 0.0 ], [ 78.879299549500828, 29.208187346161878, 0.0 ] ], [ [ 79.086376516011725, 26.356636015496896, 0.0 ], [ 79.085034992231186, 26.357667790089188, 0.0 ], [ 79.084465958064229, 26.358105428671617, 0.0 ], [ 79.086376516011725, 26.356636015496896, 0.0 ] ], [ [ 79.110851624814586, 26.349608082747928, 0.0 ], [ 79.113399399590975, 26.349003352972993, 0.0 ], [ 79.112888051402081, 26.349124727495429, 0.0 ], [ 79.111925580264057, 26.34935317769688, 0.0 ], [ 79.110851624814586, 26.349608082747928, 0.0 ] ], [ [ 79.133545089679657, 26.329016321977168, 0.0 ], [ 79.133545088658991, 26.329016321971523, 0.0 ], [ 79.133735799499561, 26.328524979168435, 0.0 ], [ 79.133545089679657, 26.329016321977168, 0.0 ] ], [ [ 79.134791854752379, 26.325374256802711, 0.0 ], [ 79.134791853731812, 26.32537425679708, 0.0 ], [ 79.134825868764864, 26.325251349154712, 0.0 ], [ 79.134791854752379, 26.325374256802711, 0.0 ] ], [ [ 79.124831438030469, 26.311620576152368, 0.0 ], [ 79.122402096531545, 26.312687424071292, 0.0 ], [ 79.121937529729394, 26.312891432304298, 0.0 ], [ 79.124831438030469, 26.311620576152368, 0.0 ] ], [ [ 79.117808626202475, 26.303888769608545, 0.0 ], [ 79.117808625182022, 26.303888769602786, 0.0 ], [ 79.118447851225085, 26.302502572506413, 0.0 ], [ 79.117808626202475, 26.303888769608545, 0.0 ] ], [ [ 79.087028839705766, 26.272233290579344, 0.0 ], [ 79.087431561737489, 26.272632999759722, 0.0 ], [ 79.086988450124295, 26.272193204211053, 0.0 ], [ 79.087028839705766, 26.272233290579344, 0.0 ] ], [ [ 79.049491203274314, 26.255566220697055, 0.0 ], [ 79.051303317937055, 26.254896156501903, 0.0 ], [ 79.050295174992627, 26.255268940491277, 0.0 ], [ 79.049491203274314, 26.255566220697055, 0.0 ] ], [ [ 79.056646762440948, 26.249239888664434, 0.0 ], [ 79.05664676244777, 26.249239887744693, 0.0 ], [ 79.056862201499968, 26.249148176086042, 0.0 ], [ 79.056646762440948, 26.249239888664434, 0.0 ] ], [ [ 79.008695449594285, 26.22633092315321, 0.0 ], [ 79.008695449601461, 26.226330922233437, 0.0 ], [ 79.009423969513449, 26.226196372704862, 0.0 ], [ 79.008695449594285, 26.22633092315321, 0.0 ] ], [ [ 79.012423298028963, 26.225715527506427, 0.0 ], [ 79.012423298036111, 26.225715526586626, 0.0 ], [ 79.01363283719445, 26.225513741177394, 0.0 ], [ 79.012423298028963, 26.225715527506427, 0.0 ] ], [ [ 79.023665765343338, 26.194309514641731, 0.0 ], [ 79.023665764330829, 26.19430951371551, 0.0 ], [ 79.025880070347554, 26.192099325875795, 0.0 ], [ 79.023665765343338, 26.194309514641731, 0.0 ] ], [ [ 78.950920492967967, 26.129039841812393, 0.0 ], [ 78.949596135171333, 26.128807234367269, 0.0 ], [ 78.948910350013875, 26.128686780061081, 0.0 ], [ 78.950920492967967, 26.129039841812393, 0.0 ] ], [ [ 78.953640053305676, 26.128663466585927, 0.0 ], [ 78.955244531516257, 26.127985916587608, 0.0 ], [ 78.952067308207035, 26.129327600003585, 0.0 ], [ 78.953640053305676, 26.128663466585927, 0.0 ] ], [ [ 78.967342232545349, 26.120040205912723, 0.0 ], [ 78.967137925433505, 26.12015114498865, 0.0 ], [ 78.963439446647897, 26.122159330858054, 0.0 ], [ 78.967342232545349, 26.120040205912723, 0.0 ] ], [ [ 78.972025007593075, 26.118396618872818, 0.0 ], [ 78.969470051369925, 26.119293393757154, 0.0 ], [ 78.968903412188311, 26.119492273921566, 0.0 ], [ 78.972025007593075, 26.118396618872818, 0.0 ] ], [ [ 78.977177005329807, 26.111877489138539, 0.0 ], [ 78.977123882118249, 26.112013974443339, 0.0 ], [ 78.977463014443217, 26.111142644947932, 0.0 ], [ 78.977177005329807, 26.111877489138539, 0.0 ] ], [ [ 78.978654227259824, 26.103698398267024, 0.0 ], [ 78.97780755460235, 26.104115081074841, 0.0 ], [ 78.977298626882543, 26.104365541864055, 0.0 ], [ 78.978654227259824, 26.103698398267024, 0.0 ] ], [ [ 78.990934974453936, 26.095767966251088, 0.0 ], [ 78.99093497344245, 26.095767965324569, 0.0 ], [ 78.992093417113367, 26.094726510390952, 0.0 ], [ 78.990934974453936, 26.095767966251088, 0.0 ] ], [ [ 78.996310500033488, 26.092846324758987, 0.0 ], [ 78.995065667617212, 26.09312642802708, 0.0 ], [ 78.998224785660696, 26.092415564785842, 0.0 ], [ 78.996310500033488, 26.092846324758987, 0.0 ] ], [ [ 79.26552056901194, 25.279583182143678, 0.0 ], [ 79.265520569006682, 25.279583183064091, 0.0 ], [ 79.264728347686471, 25.277791576209971, 0.0 ], [ 79.26552056901194, 25.279583182143678, 0.0 ] ], [ [ 79.309824435031473, 25.173014470303276, 0.0 ], [ 79.30982443402992, 25.173014468457836, 0.0 ], [ 79.310396393749457, 25.172202752964562, 0.0 ], [ 79.309824435031473, 25.173014470303276, 0.0 ] ], [ [ 78.170719396485822, 24.854315130657639, 0.0 ], [ 78.170831850911384, 24.853998582979017, 0.0 ], [ 78.17039266332408, 24.855234848550349, 0.0 ], [ 78.170719396485822, 24.854315130657639, 0.0 ] ], [ [ 78.884178365036675, 25.158830257753866, 0.0 ], [ 78.884178365044676, 25.158830256833429, 0.0 ], [ 78.884289090447965, 25.158916007808912, 0.0 ], [ 78.884178365036675, 25.158830257753866, 0.0 ] ], [ [ 78.915417559376735, 25.193785036509315, 0.0 ], [ 78.9149045079307, 25.193201329226344, 0.0 ], [ 78.916450231533801, 25.194959906653235, 0.0 ], [ 78.915417559376735, 25.193785036509315, 0.0 ] ], [ [ 78.927221200266871, 25.206097517542723, 0.0 ], [ 78.929019253864155, 25.207567913562304, 0.0 ], [ 78.925560957206557, 25.204739777098471, 0.0 ], [ 78.927221200266871, 25.206097517542723, 0.0 ] ], [ [ 78.935292004433947, 25.210702489015439, 0.0 ], [ 78.937171682398372, 25.211150864706909, 0.0 ], [ 78.938030971659089, 25.211355832446682, 0.0 ], [ 78.935292004433947, 25.210702489015439, 0.0 ] ], [ [ 78.953858089822532, 25.218962618305255, 0.0 ], [ 78.954358896447246, 25.218765644870309, 0.0 ], [ 78.955667561047846, 25.218250923058317, 0.0 ], [ 78.953858089822532, 25.218962618305255, 0.0 ] ], [ [ 78.956233826801196, 25.218028186791898, 0.0 ], [ 78.95674713212631, 25.217826280683344, 0.0 ], [ 78.955667561047846, 25.218250923058317, 0.0 ], [ 78.956233826801196, 25.218028186791898, 0.0 ] ], [ [ 79.020283883039866, 25.26991702386653, 0.0 ], [ 79.020993930591104, 25.2694889762491, 0.0 ], [ 79.016556030539306, 25.272164246584779, 0.0 ], [ 79.020283883039866, 25.26991702386653, 0.0 ] ], [ [ 79.03510662459037, 25.173571803404915, 0.0 ], [ 79.036156724956186, 25.173039603610597, 0.0 ], [ 79.037370958370815, 25.172424206536331, 0.0 ], [ 79.03510662459037, 25.173571803404915, 0.0 ] ], [ [ 79.032923206530043, 25.163485796292807, 0.0 ], [ 79.034000928415679, 25.162977142359168, 0.0 ], [ 79.031837094954099, 25.16399840071524, 0.0 ], [ 79.032923206530043, 25.163485796292807, 0.0 ] ], [ [ 79.183482361978974, 25.115710427841879, 0.0 ], [ 79.183405846942563, 25.115779112805491, 0.0 ], [ 79.183716901866049, 25.115635005401067, 0.0 ], [ 79.183482361978974, 25.115710427841879, 0.0 ] ], [ [ 79.183972661058021, 25.114672089987668, 0.0 ], [ 79.183931592832664, 25.114723519680254, 0.0 ], [ 79.18402127324876, 25.114649940533877, 0.0 ], [ 79.183972661058021, 25.114672089987668, 0.0 ] ], [ [ 78.485786991509855, 24.369337196124771, 0.0 ], [ 78.485786990515535, 24.369337195194241, 0.0 ], [ 78.484721397115763, 24.368037906711805, 0.0 ], [ 78.485786991509855, 24.369337196124771, 0.0 ] ], [ [ 78.519291584189958, 24.387555606725574, 0.0 ], [ 78.519291584179385, 24.387555607646235, 0.0 ], [ 78.518518707490131, 24.387778799215901, 0.0 ], [ 78.519291584189958, 24.387555606725574, 0.0 ] ], [ [ 78.537266457474828, 24.368045394971979, 0.0 ], [ 78.536114455112326, 24.36806328111858, 0.0 ], [ 78.533431657614102, 24.368104899292291, 0.0 ], [ 78.537266457474828, 24.368045394971979, 0.0 ] ], [ [ 78.539609482747906, 24.367159804156284, 0.0 ], [ 78.539609483742524, 24.367159805086494, 0.0 ], [ 78.538669411887426, 24.367757852011405, 0.0 ], [ 78.539609482747906, 24.367159804156284, 0.0 ] ], [ [ 78.693593615467336, 24.231866664803555, 0.0 ], [ 78.693704771021913, 24.231752987416236, 0.0 ], [ 78.694146153565072, 24.231301594769086, 0.0 ], [ 78.693593615467336, 24.231866664803555, 0.0 ] ], [ [ 78.696359406649393, 24.229729029290734, 0.0 ], [ 78.696201424470686, 24.229795197800552, 0.0 ], [ 78.699533664714053, 24.228399487374411, 0.0 ], [ 78.696359406649393, 24.229729029290734, 0.0 ] ], [ [ 78.699533664714053, 24.228399487374411, 0.0 ], [ 78.700992346206434, 24.227788486289331, 0.0 ], [ 78.702878598537893, 24.22699835634668, 0.0 ], [ 78.699533664714053, 24.228399487374411, 0.0 ] ], [ [ 78.78143952410754, 24.205216748781293, 0.0 ], [ 78.781335428307429, 24.205494906493193, 0.0 ], [ 78.781128784284931, 24.206047085767533, 0.0 ], [ 78.78143952410754, 24.205216748781293, 0.0 ] ], [ [ 78.78160311917955, 24.204005177340562, 0.0 ], [ 78.781458179720801, 24.205078589611574, 0.0 ], [ 78.78143952410754, 24.205216748781293, 0.0 ], [ 78.78160311917955, 24.204005177340562, 0.0 ] ], [ [ 78.780965281929838, 24.200905335418746, 0.0 ], [ 78.781026347593539, 24.201089453500632, 0.0 ], [ 78.781253174150251, 24.201773355196075, 0.0 ], [ 78.780965281929838, 24.200905335418746, 0.0 ] ], [ [ 78.17808584590756, 24.843267461127855, 0.0 ], [ 78.177506595184241, 24.843333941074555, 0.0 ], [ 78.180622886024125, 24.842976260713442, 0.0 ], [ 78.17808584590756, 24.843267461127855, 0.0 ] ], [ [ 78.204033586025488, 24.824404678119574, 0.0 ], [ 78.205779310170939, 24.822295541481196, 0.0 ], [ 78.204840183445612, 24.82343018085745, 0.0 ], [ 78.204033586025488, 24.824404678119574, 0.0 ] ], [ [ 78.207708247494239, 24.820066000362512, 0.0 ], [ 78.20863463105627, 24.819039743820934, 0.0 ], [ 78.206702285404745, 24.821180392409769, 0.0 ], [ 78.207708247494239, 24.820066000362512, 0.0 ] ], [ [ 78.224087262040129, 24.793770062037353, 0.0 ], [ 78.223248670973248, 24.795623571999212, 0.0 ], [ 78.224359592303003, 24.793168126759767, 0.0 ], [ 78.224087262040129, 24.793770062037353, 0.0 ] ], [ [ 78.240778343430549, 24.724805815361638, 0.0 ], [ 78.239746701685718, 24.726142717454373, 0.0 ], [ 78.241810042947691, 24.723536591093534, 0.0 ], [ 78.240778343430549, 24.724805815361638, 0.0 ] ], [ [ 78.270149197635106, 24.671930830122832, 0.0 ], [ 78.268734777648078, 24.673893350416279, 0.0 ], [ 78.270693286092794, 24.671127690631192, 0.0 ], [ 78.270149197635106, 24.671930830122832, 0.0 ] ], [ [ 78.277621635054984, 24.616562965623473, 0.0 ], [ 78.277455718942107, 24.617066497319986, 0.0 ], [ 78.277651019594089, 24.61642134016699, 0.0 ], [ 78.277621635054984, 24.616562965623473, 0.0 ] ], [ [ 78.26518403663006, 24.564810496723982, 0.0 ], [ 78.265129314344975, 24.565080176134007, 0.0 ], [ 78.265286244221286, 24.564478405988172, 0.0 ], [ 78.26518403663006, 24.564810496723982, 0.0 ] ], [ [ 78.252217462666806, 24.483004795080646, 0.0 ], [ 78.25126122815972, 24.4831733232845, 0.0 ], [ 78.253683505891004, 24.482746404375636, 0.0 ], [ 78.252217462666806, 24.483004795080646, 0.0 ] ], [ [ 78.957019591455349, 24.482155055755161, 0.0 ], [ 78.957019591447903, 24.482155056675825, 0.0 ], [ 78.955461612074799, 24.481675114356396, 0.0 ], [ 78.957019591455349, 24.482155055755161, 0.0 ] ], [ [ 78.944323848896104, 24.479287671685295, 0.0 ], [ 78.944323848888573, 24.47928767260597, 0.0 ], [ 78.943195352095685, 24.479025395890787, 0.0 ], [ 78.944323848896104, 24.479287671685295, 0.0 ] ], [ [ 78.940259111456143, 24.47917874464731, 0.0 ], [ 78.940259111448583, 24.479178745568014, 0.0 ], [ 78.938763984607377, 24.479308701525625, 0.0 ], [ 78.940259111456143, 24.47917874464731, 0.0 ] ], [ [ 78.404028897347558, 25.215738983739783, 0.0 ], [ 78.404037512868271, 25.215731548406293, 0.0 ], [ 78.404024055144774, 25.215743162589288, 0.0 ], [ 78.404028897347558, 25.215738983739783, 0.0 ] ], [ [ 78.938497122028267, 25.422642496405707, 0.0 ], [ 78.940374410483585, 25.425827174173463, 0.0 ], [ 78.938467234015178, 25.422591794615155, 0.0 ], [ 78.938497122028267, 25.422642496405707, 0.0 ] ], [ [ 78.942953462450035, 25.382860942956746, 0.0 ], [ 78.944618388796826, 25.384727168158985, 0.0 ], [ 78.944146210339213, 25.384197907883788, 0.0 ], [ 78.942953462450035, 25.382860942956746, 0.0 ] ], [ [ 78.947833351485883, 25.385859438471421, 0.0 ], [ 78.948229694480574, 25.386691649304584, 0.0 ], [ 78.947627400352076, 25.385426996418111, 0.0 ], [ 78.947833351485883, 25.385859438471421, 0.0 ] ], [ [ 78.836773746548559, 25.239926245274543, 0.0 ], [ 78.835595920735415, 25.242079852692239, 0.0 ], [ 78.835139540084739, 25.242914303120756, 0.0 ], [ 78.836773746548559, 25.239926245274543, 0.0 ] ], [ [ 78.856797008633492, 25.243157783151581, 0.0 ], [ 78.856797009362793, 25.243157783695082, 0.0 ], [ 78.857081496735859, 25.243556132846201, 0.0 ], [ 78.856797008633492, 25.243157783151581, 0.0 ] ], [ [ 78.881777939763538, 25.220646938708445, 0.0 ], [ 78.881777940767321, 25.220646939636168, 0.0 ], [ 78.88152304470816, 25.220833489046907, 0.0 ], [ 78.881777939763538, 25.220646938708445, 0.0 ] ], [ [ 78.579065951751787, 25.344826757407759, 0.0 ], [ 78.580161866893846, 25.345519718627514, 0.0 ], [ 78.577753834497798, 25.343997072089635, 0.0 ], [ 78.579065951751787, 25.344826757407759, 0.0 ] ], [ [ 78.616334880465431, 25.415003094919857, 0.0 ], [ 78.61722715578567, 25.415150121138748, 0.0 ], [ 78.615621087163646, 25.414885475806564, 0.0 ], [ 78.616334880465431, 25.415003094919857, 0.0 ] ], [ [ 78.660828997935056, 25.384285408388457, 0.0 ], [ 78.661409503082908, 25.383976284781102, 0.0 ], [ 78.659878141164981, 25.384791741206239, 0.0 ], [ 78.660828997935056, 25.384285408388457, 0.0 ] ], [ [ 78.674070683285876, 25.381266548545231, 0.0 ], [ 78.674070683276341, 25.381266549465519, 0.0 ], [ 78.672750537229561, 25.381383965294667, 0.0 ], [ 78.674070683285876, 25.381266548545231, 0.0 ] ], [ [ 78.721565501524267, 25.345081152008948, 0.0 ], [ 78.724122347590651, 25.343967256271398, 0.0 ], [ 78.720656659202376, 25.345477078320176, 0.0 ], [ 78.721565501524267, 25.345081152008948, 0.0 ] ], [ [ 78.792204590055491, 25.417545691316267, 0.0 ], [ 78.793108261432991, 25.417073931718871, 0.0 ], [ 78.790313439045846, 25.41853293866771, 0.0 ], [ 78.792204590055491, 25.417545691316267, 0.0 ] ], [ [ 78.738211644071299, 25.495521145836229, 0.0 ], [ 78.738922090659784, 25.49617195482563, 0.0 ], [ 78.736349745068651, 25.493815500287436, 0.0 ], [ 78.738211644071299, 25.495521145836229, 0.0 ] ], [ [ 78.810427954754928, 25.45447898012004, 0.0 ], [ 78.811241189846598, 25.455167768412455, 0.0 ], [ 78.809186421706315, 25.453427415887774, 0.0 ], [ 78.810427954754928, 25.45447898012004, 0.0 ] ], [ [ 78.81822693527171, 25.464559222844837, 0.0 ], [ 78.819238179265284, 25.465911895195859, 0.0 ], [ 78.817403659687116, 25.463457964150908, 0.0 ], [ 78.81822693527171, 25.464559222844837, 0.0 ] ], [ [ 78.42579000963751, 25.491473406061115, 0.0 ], [ 78.427464367402408, 25.489469989164476, 0.0 ], [ 78.428155886382029, 25.488642545032217, 0.0 ], [ 78.42579000963751, 25.491473406061115, 0.0 ] ], [ [ 78.806082988984997, 25.689680835348909, 0.0 ], [ 78.805422559394273, 25.69063151879595, 0.0 ], [ 78.806082989358117, 25.689680834465943, 0.0 ], [ 78.806082988984997, 25.689680835348909, 0.0 ] ], [ [ 78.760691935462219, 25.723061045411139, 0.0 ], [ 78.760691934455437, 25.7230610444829, 0.0 ], [ 78.761680721204016, 25.72192788090004, 0.0 ], [ 78.760691935462219, 25.723061045411139, 0.0 ] ], [ [ 78.758297652909533, 25.726939558738707, 0.0 ], [ 78.758297652052363, 25.726939559752907, 0.0 ], [ 78.758298882748036, 25.726933857828566, 0.0 ], [ 78.758297652909533, 25.726939558738707, 0.0 ] ], [ [ 78.755528676176681, 25.734668708097384, 0.0 ], [ 78.755569766894453, 25.73444404114084, 0.0 ], [ 78.755479141509056, 25.734939545156958, 0.0 ], [ 78.755528676176681, 25.734668708097384, 0.0 ] ], [ [ 78.857021898522177, 25.841109845312506, 0.0 ], [ 78.857021898530419, 25.841109844392442, 0.0 ], [ 78.857893971363282, 25.841509105470557, 0.0 ], [ 78.857021898522177, 25.841109845312506, 0.0 ] ], [ [ 78.338992353706715, 25.429619590003924, 0.0 ], [ 78.338992237743625, 25.429620168609624, 0.0 ], [ 78.339065660249602, 25.429252439628097, 0.0 ], [ 78.338992353706715, 25.429619590003924, 0.0 ] ], [ [ 78.765482235991584, 26.766226234566112, 0.0 ], [ 78.765983542922413, 26.765002347653027, 0.0 ], [ 78.765677867990334, 26.765748623546461, 0.0 ], [ 78.765482235991584, 26.766226234566112, 0.0 ] ], [ [ 78.766476548618073, 26.763897699985208, 0.0 ], [ 78.766230849972757, 26.764448225226431, 0.0 ], [ 78.765983542922413, 26.765002347653027, 0.0 ], [ 78.766476548618073, 26.763897699985208, 0.0 ] ], [ [ 78.828105499292562, 26.745328621070723, 0.0 ], [ 78.829298577257191, 26.742975869108818, 0.0 ], [ 78.827548070646927, 26.74642784234382, 0.0 ], [ 78.828105499292562, 26.745328621070723, 0.0 ] ], [ [ 78.879537009383654, 26.697233118547963, 0.0 ], [ 78.884353966046774, 26.696867409746844, 0.0 ], [ 78.879163486371226, 26.697261472542564, 0.0 ], [ 78.879537009383654, 26.697233118547963, 0.0 ] ], [ [ 78.906024249806038, 26.705887445154172, 0.0 ], [ 78.906263094684647, 26.706115130593695, 0.0 ], [ 78.904015708868485, 26.70397270865141, 0.0 ], [ 78.906024249806038, 26.705887445154172, 0.0 ] ], [ [ 78.949231948919731, 26.693417910014194, 0.0 ], [ 78.95023800928918, 26.693133043703657, 0.0 ], [ 78.946775262947412, 26.694113494315022, 0.0 ], [ 78.949231948919731, 26.693417910014194, 0.0 ] ], [ [ 78.943776262047876, 26.656096022655362, 0.0 ], [ 78.945045603444584, 26.655150964212449, 0.0 ], [ 78.943221481000663, 26.656509065458085, 0.0 ], [ 78.943776262047876, 26.656096022655362, 0.0 ] ], [ [ 78.951143372334883, 26.655037579256177, 0.0 ], [ 78.953041354435541, 26.655542425299405, 0.0 ], [ 78.949289701221147, 26.654544497728164, 0.0 ], [ 78.951143372334883, 26.655037579256177, 0.0 ] ], [ [ 79.007309992127148, 26.624748809421405, 0.0 ], [ 79.007309993142968, 26.624748810347324, 0.0 ], [ 79.007169008784814, 26.624981641039451, 0.0 ], [ 79.007309992127148, 26.624748809421405, 0.0 ] ], [ [ 79.011287396026617, 26.544361055523773, 0.0 ], [ 79.011997340268792, 26.545096159636, 0.0 ], [ 79.010553684617619, 26.543601331944465, 0.0 ], [ 79.011287396026617, 26.544361055523773, 0.0 ] ], [ [ 79.097663433199884, 26.450521942780476, 0.0 ], [ 79.099054826033992, 26.45192168053261, 0.0 ], [ 79.098053603351886, 26.450914456426371, 0.0 ], [ 79.097663433199884, 26.450521942780476, 0.0 ] ], [ [ 79.103956417951707, 26.449787010289814, 0.0 ], [ 79.105812460700093, 26.449007489578669, 0.0 ], [ 79.104932209857722, 26.449377189478827, 0.0 ], [ 79.103956417951707, 26.449787010289814, 0.0 ] ], [ [ 78.366877405508021, 26.867863890701489, 0.0 ], [ 78.368600591306347, 26.867093577125775, 0.0 ], [ 78.367989614433171, 26.867366704481359, 0.0 ], [ 78.366877405508021, 26.867863890701489, 0.0 ] ], [ [ 78.389651831745141, 26.829164701997644, 0.0 ], [ 78.389651832758091, 26.829164702927379, 0.0 ], [ 78.388762543407509, 26.830691484708815, 0.0 ], [ 78.389651831745141, 26.829164701997644, 0.0 ] ], [ [ 78.418049907541288, 26.821943091621893, 0.0 ], [ 78.42051074556521, 26.822805261713281, 0.0 ], [ 78.417234876915401, 26.821657531109459, 0.0 ], [ 78.418049907541288, 26.821943091621893, 0.0 ] ], [ [ 78.449125158944923, 26.806192710113312, 0.0 ], [ 78.449125159969384, 26.806192710123444, 0.0 ], [ 78.448452691025736, 26.80736328314584, 0.0 ], [ 78.449125158944923, 26.806192710113312, 0.0 ] ], [ [ 78.653271385292371, 26.766005683171208, 0.0 ], [ 78.657593835968868, 26.764167008318974, 0.0 ], [ 78.655116979235004, 26.765220629516516, 0.0 ], [ 78.653271385292371, 26.766005683171208, 0.0 ] ], [ [ 78.658626361127034, 26.763814284061453, 0.0 ], [ 78.659737985692146, 26.763434531140664, 0.0 ], [ 78.657593835968868, 26.764167008318974, 0.0 ], [ 78.658626361127034, 26.763814284061453, 0.0 ] ], [ [ 78.691043839174327, 26.790666444099852, 0.0 ], [ 78.693200362406742, 26.791345524654137, 0.0 ], [ 78.690392613690818, 26.790461369401267, 0.0 ], [ 78.691043839174327, 26.790666444099852, 0.0 ] ], [ [ 78.217283178636578, 26.93605596149601, 0.0 ], [ 78.217283178623603, 26.93605596241515, 0.0 ], [ 78.217069693151799, 26.935810325639064, 0.0 ], [ 78.217283178636578, 26.93605596149601, 0.0 ] ], [ [ 78.214566677083369, 26.844493804362067, 0.0 ], [ 78.213443872492377, 26.845331050044543, 0.0 ], [ 78.213362092012602, 26.845392030971816, 0.0 ], [ 78.214566677083369, 26.844493804362067, 0.0 ] ], [ [ 78.216183588692488, 26.843688299501981, 0.0 ], [ 78.21702247289079, 26.843364499136069, 0.0 ], [ 78.214566677083369, 26.844493804362067, 0.0 ], [ 78.216183588692488, 26.843688299501981, 0.0 ] ], [ [ 78.121577248422412, 26.948078343863898, 0.0 ], [ 78.121577248408741, 26.948078344782996, 0.0 ], [ 78.121265556453125, 26.947962181286158, 0.0 ], [ 78.121577248422412, 26.948078343863898, 0.0 ] ], [ [ 78.086687868930738, 29.625033413240164, 0.0 ], [ 78.08536897977946, 29.627676991311915, 0.0 ], [ 78.084688515753058, 29.629040858250622, 0.0 ], [ 78.086687868930738, 29.625033413240164, 0.0 ] ], [ [ 79.36980270456678, 25.259990343232452, 0.0 ], [ 79.368522532440366, 25.260336865923637, 0.0 ], [ 79.366998623114711, 25.260749348674079, 0.0 ], [ 79.36980270456678, 25.259990343232452, 0.0 ] ], [ [ 79.709910515059875, 25.129111575895589, 0.0 ], [ 79.71168991880262, 25.128782128525646, 0.0 ], [ 79.7099105150578, 25.129111576816044, 0.0 ], [ 79.709196775750129, 25.129337686073786, 0.0 ], [ 79.707769038189568, 25.129785292708128, 0.0 ], [ 79.706128772106538, 25.130332114973864, 0.0 ], [ 79.70607373582699, 25.130350460475082, 0.0 ], [ 79.706073682216342, 25.130350469578005, 0.0 ], [ 79.70776903819376, 25.129785290867193, 0.0 ], [ 79.709910515059875, 25.129111575895589, 0.0 ] ], [ [ 79.73837271053057, 25.133994310188548, 0.0 ], [ 79.738925960421398, 25.134616879628517, 0.0 ], [ 79.736573109660156, 25.131969076769003, 0.0 ], [ 79.73837271053057, 25.133994310188548, 0.0 ] ], [ [ 79.757942988146553, 25.135740157249227, 0.0 ], [ 79.757942988148301, 25.13574015632874, 0.0 ], [ 79.759364614883381, 25.135213746599341, 0.0 ], [ 79.757942988146553, 25.135740157249227, 0.0 ] ], [ [ 79.781307230986727, 25.121677329574311, 0.0 ], [ 79.781307230988304, 25.121677328653838, 0.0 ], [ 79.781489487485004, 25.121602538565853, 0.0 ], [ 79.781307230986727, 25.121677329574311, 0.0 ] ], [ [ 79.806391202068838, 25.11143730784767, 0.0 ], [ 79.806391201057835, 25.111437307846412, 0.0 ], [ 79.806428159260321, 25.111361003722241, 0.0 ], [ 79.806391202068838, 25.11143730784767, 0.0 ] ], [ [ 79.811609825544579, 25.109277936951891, 0.0 ], [ 79.811609825545929, 25.109277936031393, 0.0 ], [ 79.811609899341846, 25.109277938882709, 0.0 ], [ 79.811609825544579, 25.109277936951891, 0.0 ] ], [ [ 79.829497919306235, 25.09909710556796, 0.0 ], [ 79.829497918296553, 25.099097104646319, 0.0 ], [ 79.829587284390655, 25.099071817880855, 0.0 ], [ 79.829497919306235, 25.09909710556796, 0.0 ] ], [ [ 79.847307732198459, 25.093881058600459, 0.0 ], [ 79.847307732199553, 25.09388105767998, 0.0 ], [ 79.848337187072644, 25.093861245026659, 0.0 ], [ 79.847307732198459, 25.093881058600459, 0.0 ] ], [ [ 79.877669830878716, 25.142508676669209, 0.0 ], [ 79.877669830879597, 25.142508675748722, 0.0 ], [ 79.877741743560406, 25.142516502240184, 0.0 ], [ 79.877669830878716, 25.142508676669209, 0.0 ] ], [ [ 79.878537595852507, 25.142696748086721, 0.0 ], [ 79.878537595853373, 25.142696747166227, 0.0 ], [ 79.878579789668976, 25.142701549217048, 0.0 ], [ 79.878537595852507, 25.142696748086721, 0.0 ] ], [ [ 79.878968780260593, 25.142542801527942, 0.0 ], [ 79.8789687792503, 25.14254280060667, 0.0 ], [ 79.878976491351708, 25.142539035477501, 0.0 ], [ 79.878968780260593, 25.142542801527942, 0.0 ] ], [ [ 79.878227733215894, 25.144935831680638, 0.0 ], [ 79.87822132934879, 25.144924898025703, 0.0 ], [ 79.878227733270876, 25.144935830852539, 0.0 ], [ 79.878227733215894, 25.144935831680638, 0.0 ] ], [ [ 79.869439621198481, 25.171588920664842, 0.0 ], [ 79.869439621199419, 25.171588919744405, 0.0 ], [ 79.870094327441123, 25.172275035677323, 0.0 ], [ 79.869439621198481, 25.171588920664842, 0.0 ] ], [ [ 79.884756955378052, 25.246542081949201, 0.0 ], [ 79.884756955378876, 25.246542081028782, 0.0 ], [ 79.885010037073073, 25.246411167144938, 0.0 ], [ 79.884756955378052, 25.246542081949201, 0.0 ] ], [ [ 79.885228474242595, 25.246388523866202, 0.0 ], [ 79.88526809353344, 25.246311801179395, 0.0 ], [ 79.885010037073073, 25.246411167144938, 0.0 ], [ 79.885228474242595, 25.246388523866202, 0.0 ] ], [ [ 79.91822879922411, 25.238145089497934, 0.0 ], [ 79.918228781992639, 25.238145134587345, 0.0 ], [ 79.91822878199234, 25.238145133669203, 0.0 ], [ 79.91822879922411, 25.238145089497934, 0.0 ] ], [ [ 79.917202971665958, 25.227886024668216, 0.0 ], [ 79.917202971666569, 25.227886023747789, 0.0 ], [ 79.917340619323184, 25.227471042564126, 0.0 ], [ 79.917202971665958, 25.227886024668216, 0.0 ] ], [ [ 79.981111408894918, 25.262137461633916, 0.0 ], [ 79.981111408895046, 25.262137460713475, 0.0 ], [ 79.981493134375242, 25.262472025248375, 0.0 ], [ 79.981111408894918, 25.262137461633916, 0.0 ] ], [ [ 80.0737096187476, 25.337711651901135, 0.0 ], [ 80.075082887463623, 25.338766820147878, 0.0 ], [ 80.072779199808295, 25.336996739346247, 0.0 ], [ 80.0737096187476, 25.337711651901135, 0.0 ] ], [ [ 79.311882757169769, 25.222390458400518, 0.0 ], [ 79.311882757164838, 25.222390459320927, 0.0 ], [ 79.310598943567953, 25.222927494862585, 0.0 ], [ 79.311882757169769, 25.222390458400518, 0.0 ] ], [ [ 79.313760538074945, 25.221630573203544, 0.0 ], [ 79.317274018169726, 25.220276293986501, 0.0 ], [ 79.312981113441325, 25.221930991087941, 0.0 ], [ 79.313760538074945, 25.221630573203544, 0.0 ] ], [ [ 79.32625579411004, 25.219766174516199, 0.0 ], [ 79.326255794105208, 25.219766175436607, 0.0 ], [ 79.325204547959956, 25.218895980671594, 0.0 ], [ 79.32625579411004, 25.219766174516199, 0.0 ] ], [ [ 79.337387330268911, 25.199563015004482, 0.0 ], [ 79.337387331280581, 25.19956301500881, 0.0 ], [ 79.336918599207038, 25.200333427344511, 0.0 ], [ 79.337387330268911, 25.199563015004482, 0.0 ] ], [ [ 79.358525904373792, 25.108340900373467, 0.0 ], [ 79.357360708428487, 25.109011215750993, 0.0 ], [ 79.360877748431335, 25.106987885426271, 0.0 ], [ 79.358525904373792, 25.108340900373467, 0.0 ] ], [ [ 79.36555625074952, 25.105425927593068, 0.0 ], [ 79.364498001197575, 25.105677731740737, 0.0 ], [ 79.367841101934587, 25.104882234232203, 0.0 ], [ 79.36555625074952, 25.105425927593068, 0.0 ] ], [ [ 79.378727857239184, 25.067121904378237, 0.0 ], [ 79.376711096541868, 25.067443817169728, 0.0 ], [ 79.379833667591768, 25.066945384147488, 0.0 ], [ 79.378727857239184, 25.067121904378237, 0.0 ] ], [ [ 79.355598176010062, 25.060261355659463, 0.0 ], [ 79.354914261032022, 25.060513683219927, 0.0 ], [ 79.358062298683933, 25.059352192702072, 0.0 ], [ 79.355598176010062, 25.060261355659463, 0.0 ] ], [ [ 79.149242603917841, 29.099773565313555, 0.0 ], [ 79.149808692971476, 29.099903552619391, 0.0 ], [ 79.149687055650148, 29.099875621847502, 0.0 ], [ 79.149242603917841, 29.099773565313555, 0.0 ] ], [ [ 80.353518527233575, 25.013697411001573, 0.0 ], [ 80.353449197858836, 25.013386000858763, 0.0 ], [ 80.353449198246238, 25.013386000780518, 0.0 ], [ 80.353518527233575, 25.013697411001573, 0.0 ] ], [ [ 80.375848435618693, 25.041117883492024, 0.0 ], [ 80.373654185952887, 25.041679721618912, 0.0 ], [ 80.373203301710433, 25.041923456164429, 0.0 ], [ 80.37365418594753, 25.041679719777925, 0.0 ], [ 80.375848435618693, 25.041117883492024, 0.0 ] ], [ [ 80.372177713156503, 25.042528336295362, 0.0 ], [ 80.371825845845137, 25.042568937826264, 0.0 ], [ 80.372167873771332, 25.042529470113582, 0.0 ], [ 80.372177660627486, 25.042528341024347, 0.0 ], [ 80.372177713156503, 25.042528336295362, 0.0 ] ], [ [ 80.503438586939495, 25.004852621679394, 0.0 ], [ 80.503438586943091, 25.004852622599927, 0.0 ], [ 80.502196552005017, 25.004578545053857, 0.0 ], [ 80.503438586939495, 25.004852621679394, 0.0 ] ], [ [ 80.629137212865217, 25.132738166713793, 0.0 ], [ 80.630793171028344, 25.131763215801264, 0.0 ], [ 80.629781469233421, 25.132358862387619, 0.0 ], [ 80.629137212865217, 25.132738166713793, 0.0 ] ], [ [ 80.661331347874096, 25.067920154918234, 0.0 ], [ 80.661331347878843, 25.067920155838728, 0.0 ], [ 80.659993196217769, 25.068959896891513, 0.0 ], [ 80.661331347874096, 25.067920154918234, 0.0 ] ], [ [ 80.684964228592136, 25.049948625935787, 0.0 ], [ 80.684964228597053, 25.049948626856253, 0.0 ], [ 80.684370442933059, 25.049732750853973, 0.0 ], [ 80.684964228592136, 25.049948625935787, 0.0 ] ], [ [ 80.688769776959504, 25.051125411345421, 0.0 ], [ 80.688769776964449, 25.051125412265947, 0.0 ], [ 80.686813610875546, 25.050620967961088, 0.0 ], [ 80.688769776959504, 25.051125411345421, 0.0 ] ], [ [ 80.695480293333972, 25.054847497060067, 0.0 ], [ 80.69548029333896, 25.05484749798056, 0.0 ], [ 80.693088583848336, 25.054116397953521, 0.0 ], [ 80.695480293333972, 25.054847497060067, 0.0 ] ], [ [ 80.697454765102449, 25.055407648004671, 0.0 ], [ 80.698460868616607, 25.055684697874842, 0.0 ], [ 80.696022533229197, 25.05501324382443, 0.0 ], [ 80.697454765102449, 25.055407648004671, 0.0 ] ], [ [ 80.707753137443873, 25.117725989269029, 0.0 ], [ 80.707735079275864, 25.117715316753689, 0.0 ], [ 80.70775162732798, 25.117725096767241, 0.0 ], [ 80.707753137443873, 25.117725989269029, 0.0 ] ], [ [ 80.707332389692183, 25.117788693788054, 0.0 ], [ 80.707228251862134, 25.11786997868872, 0.0 ], [ 80.70727988186664, 25.117829678374861, 0.0 ], [ 80.707332389692183, 25.117788693788054, 0.0 ] ], [ [ 80.828577282813271, 25.111334771192755, 0.0 ], [ 80.828939413187513, 25.110910555176474, 0.0 ], [ 80.828747284830243, 25.111135623330966, 0.0 ], [ 80.828577282813271, 25.111334771192755, 0.0 ] ], [ [ 80.884707815155139, 25.181969977218976, 0.0 ], [ 80.885177197520761, 25.181804793160634, 0.0 ], [ 80.884989474591791, 25.181870856844547, 0.0 ], [ 80.884707815155139, 25.181969977218976, 0.0 ] ], [ [ 80.885324082017405, 25.181455733635346, 0.0 ], [ 80.885749145869823, 25.180445592492152, 0.0 ], [ 80.885533510715248, 25.180958038794504, 0.0 ], [ 80.885324082017405, 25.181455733635346, 0.0 ] ], [ [ 80.88901879645131, 25.177642695853418, 0.0 ], [ 80.888916595006535, 25.177834022562767, 0.0 ], [ 80.889133887914397, 25.177427236691212, 0.0 ], [ 80.88901879645131, 25.177642695853418, 0.0 ] ], [ [ 80.890384565675689, 25.174605092270138, 0.0 ], [ 80.889853609054555, 25.175013080689144, 0.0 ], [ 80.889852835338232, 25.175013675158485, 0.0 ], [ 80.890384565675689, 25.174605092270138, 0.0 ] ], [ [ 80.893039944165508, 25.171340870841028, 0.0 ], [ 80.892114019420092, 25.172556713338928, 0.0 ], [ 80.892001356358762, 25.172704651049514, 0.0 ], [ 80.893039944165508, 25.171340870841028, 0.0 ] ], [ [ 80.893825558759133, 25.1705066083153, 0.0 ], [ 80.895043985044225, 25.169228887395104, 0.0 ], [ 80.894191144621658, 25.17012323500461, 0.0 ], [ 80.893825558759133, 25.1705066083153, 0.0 ] ], [ [ 80.895389915472961, 25.168866118054765, 0.0 ], [ 80.895167341930133, 25.169099525881279, 0.0 ], [ 80.895043985044225, 25.169228887395104, 0.0 ], [ 80.895389915472961, 25.168866118054765, 0.0 ] ], [ [ 80.899340527102737, 25.165382529355245, 0.0 ], [ 80.90066451192213, 25.164235779050529, 0.0 ], [ 80.8999255420851, 25.164875831515467, 0.0 ], [ 80.899340527102737, 25.165382529355245, 0.0 ] ], [ [ 80.901528876674817, 25.163251155603124, 0.0 ], [ 80.900715202932616, 25.164178036230336, 0.0 ], [ 80.90066451192213, 25.164235779050529, 0.0 ], [ 80.901528876674817, 25.163251155603124, 0.0 ] ], [ [ 80.901651270626445, 25.163111731416606, 0.0 ], [ 80.9023900905094, 25.162294654704777, 0.0 ], [ 80.901735381325793, 25.163018713249947, 0.0 ], [ 80.901651270626445, 25.163111731416606, 0.0 ] ], [ [ 80.9060669643045, 25.158908368173559, 0.0 ], [ 80.906066964297992, 25.158908367253069, 0.0 ], [ 80.907906834267763, 25.158950240940968, 0.0 ], [ 80.9060669643045, 25.158908368173559, 0.0 ] ], [ [ 80.907906834267763, 25.158950240940968, 0.0 ], [ 80.910574885503081, 25.159010922242672, 0.0 ], [ 80.911306749333534, 25.159027560242478, 0.0 ], [ 80.907906834267763, 25.158950240940968, 0.0 ] ], [ [ 80.806963829333995, 24.941269408323425, 0.0 ], [ 80.806963830343634, 24.941269408318156, 0.0 ], [ 80.806550291772794, 24.94215702016675, 0.0 ], [ 80.806963829333995, 24.941269408323425, 0.0 ] ], [ [ 80.909685082104588, 24.95232582500195, 0.0 ], [ 80.908887154417812, 24.952034352259997, 0.0 ], [ 80.908283590529265, 24.951813874330114, 0.0 ], [ 80.909685082104588, 24.95232582500195, 0.0 ] ], [ [ 80.97858295383098, 24.933239856655305, 0.0 ], [ 80.978582953837986, 24.933239857575835, 0.0 ], [ 80.976799811647126, 24.933752945933662, 0.0 ], [ 80.97858295383098, 24.933239856655305, 0.0 ] ], [ [ 80.998307131010819, 24.933944071990691, 0.0 ], [ 80.999281238536284, 24.935019150580231, 0.0 ], [ 80.998316100546504, 24.933953971932315, 0.0 ], [ 80.998307131010819, 24.933944071990691, 0.0 ] ], [ [ 81.206090560758469, 24.931019462799302, 0.0 ], [ 81.206853027489856, 24.93069694881644, 0.0 ], [ 81.206176201723508, 24.930983238344698, 0.0 ], [ 81.206090560758469, 24.931019462799302, 0.0 ] ], [ [ 81.306327714466946, 25.163937393758168, 0.0 ], [ 81.306327714457566, 25.163937392837763, 0.0 ], [ 81.308217559461553, 25.163868816700308, 0.0 ], [ 81.306327714466946, 25.163937393758168, 0.0 ] ], [ [ 81.31040727397793, 25.163859968673091, 0.0 ], [ 81.310407273987337, 25.163859969593517, 0.0 ], [ 81.308783688259197, 25.163866532579032, 0.0 ], [ 81.31040727397793, 25.163859968673091, 0.0 ] ], [ [ 81.477914711213174, 25.0774037283986, 0.0 ], [ 81.477914711223789, 25.077403729319052, 0.0 ], [ 81.475978741300253, 25.077597781234324, 0.0 ], [ 81.477914711213174, 25.0774037283986, 0.0 ] ], [ [ 81.48698804677322, 25.122545201325728, 0.0 ], [ 81.486988046783893, 25.122545202246094, 0.0 ], [ 81.486221985250808, 25.120461603402866, 0.0 ], [ 81.48698804677322, 25.122545201325728, 0.0 ] ], [ [ 81.58119014346957, 25.189675781586914, 0.0 ], [ 81.579797865017809, 25.19030279669926, 0.0 ], [ 81.578904738917643, 25.190705007739631, 0.0 ], [ 81.58119014346957, 25.189675781586914, 0.0 ] ], [ [ 81.592814498154539, 25.164245643726126, 0.0 ], [ 81.592814497131755, 25.164245642816091, 0.0 ], [ 81.594356037569312, 25.163726323925093, 0.0 ], [ 81.592814498154539, 25.164245643726126, 0.0 ] ], [ [ 81.603074998560146, 25.07245589137834, 0.0 ], [ 81.605449919813594, 25.071243767494749, 0.0 ], [ 81.600549060417919, 25.073745027816482, 0.0 ], [ 81.603074998560146, 25.07245589137834, 0.0 ] ], [ [ 81.61113564057294, 25.064319614001338, 0.0 ], [ 81.611135639550824, 25.064319613091406, 0.0 ], [ 81.612731597840508, 25.063278600497309, 0.0 ], [ 81.61113564057294, 25.064319614001338, 0.0 ] ], [ [ 81.614602881436696, 25.055745990076954, 0.0 ], [ 81.61380419523158, 25.055936425527388, 0.0 ], [ 81.613065119575424, 25.056112642981656, 0.0 ], [ 81.614602881436696, 25.055745990076954, 0.0 ] ], [ [ 81.624704673175344, 25.05333695485167, 0.0 ], [ 81.624704673186997, 25.053336955772124, 0.0 ], [ 81.621678554828904, 25.054058691803103, 0.0 ], [ 81.624704673175344, 25.05333695485167, 0.0 ] ], [ [ 81.624961243155937, 25.053275759209271, 0.0 ], [ 81.625784275711055, 25.053079452180867, 0.0 ], [ 81.624899993598746, 25.053290368640596, 0.0 ], [ 81.624961243155937, 25.053275759209271, 0.0 ] ], [ [ 81.67036824815159, 25.060109982931024, 0.0 ], [ 81.67036824816357, 25.060109983851486, 0.0 ], [ 81.668192854709815, 25.060965152334518, 0.0 ], [ 81.67036824815159, 25.060109982931024, 0.0 ] ], [ [ 81.721475648734284, 25.045611839810739, 0.0 ], [ 81.721475648746633, 25.045611840731215, 0.0 ], [ 81.72103981966255, 25.044785286258062, 0.0 ], [ 81.721475648734284, 25.045611839810739, 0.0 ] ], [ [ 81.735875328129211, 25.046579533269067, 0.0 ], [ 81.735875329152066, 25.046579534178175, 0.0 ], [ 81.733944611612458, 25.047647061670393, 0.0 ], [ 81.735875328129211, 25.046579533269067, 0.0 ] ], [ [ 81.785466899551579, 25.012986664241989, 0.0 ], [ 81.785466900574519, 25.012986665150773, 0.0 ], [ 81.784537017882101, 25.014176703888303, 0.0 ], [ 81.785466899551579, 25.012986664241989, 0.0 ] ], [ [ 81.806906640519628, 25.008551271512445, 0.0 ], [ 81.806906640532574, 25.0085512724329, 0.0 ], [ 81.805975546502054, 25.007387654953636, 0.0 ], [ 81.806906640519628, 25.008551271512445, 0.0 ] ], [ [ 81.926349377259427, 24.872584639397793, 0.0 ], [ 81.926349376278068, 24.872584641251368, 0.0 ], [ 81.926032605754429, 24.872318415046795, 0.0 ], [ 81.926349377259427, 24.872584639397793, 0.0 ] ], [ [ 81.93394990554593, 24.858444162980511, 0.0 ], [ 81.93385766656904, 24.856562245424822, 0.0 ], [ 81.933857666599522, 24.856562245408664, 0.0 ], [ 81.93394990554593, 24.858444162980511, 0.0 ] ], [ [ 81.942935879817156, 24.843994230819316, 0.0 ], [ 81.942935878808356, 24.843994230832021, 0.0 ], [ 81.944174117132206, 24.84123783275415, 0.0 ], [ 81.942935879817156, 24.843994230819316, 0.0 ] ], [ [ 81.94997449043224, 24.839747851287708, 0.0 ], [ 81.949974490446209, 24.839747852208152, 0.0 ], [ 81.949080373482488, 24.839962535813601, 0.0 ], [ 81.94997449043224, 24.839747851287708, 0.0 ] ], [ [ 82.015494381145317, 24.846157599118833, 0.0 ], [ 82.01499049966867, 24.846219459134961, 0.0 ], [ 82.016183655808476, 24.846072976016792, 0.0 ], [ 82.015494381145317, 24.846157599118833, 0.0 ] ], [ [ 82.024958939225314, 24.841068242272648, 0.0 ], [ 82.024958939239824, 24.841068243193092, 0.0 ], [ 82.024002936141159, 24.841200440219477, 0.0 ], [ 82.024958939225314, 24.841068242272648, 0.0 ] ], [ [ 82.050175862509874, 24.830618274410302, 0.0 ], [ 82.050175862524554, 24.830618275330799, 0.0 ], [ 82.049314667838459, 24.830683696266359, 0.0 ], [ 82.050175862509874, 24.830618274410302, 0.0 ] ], [ [ 82.070083291771155, 24.819975853547788, 0.0 ], [ 82.071574347919125, 24.819179377576539, 0.0 ], [ 82.066760958930459, 24.82175047373121, 0.0 ], [ 82.070083291771155, 24.819975853547788, 0.0 ] ], [ [ 82.073329821995586, 24.820772157587037, 0.0 ], [ 82.074570370726235, 24.821897739586081, 0.0 ], [ 82.071574378917859, 24.819179360588016, 0.0 ], [ 82.073329821995586, 24.820772157587037, 0.0 ] ], [ [ 82.090624115611163, 24.817426706179486, 0.0 ], [ 82.090624115626127, 24.81742670709998, 0.0 ], [ 82.090153463146493, 24.817581180737736, 0.0 ], [ 82.090624115611163, 24.817426706179486, 0.0 ] ], [ [ 82.091867379184507, 24.817018643795851, 0.0 ], [ 82.093283478810307, 24.816820837346224, 0.0 ], [ 82.094513393415255, 24.816649029494503, 0.0 ], [ 82.091867379184507, 24.817018643795851, 0.0 ] ], [ [ 82.127324396088724, 24.787294673239277, 0.0 ], [ 82.127324395065244, 24.787294672332663, 0.0 ], [ 82.128884909246437, 24.786156377826373, 0.0 ], [ 82.127324396088724, 24.787294673239277, 0.0 ] ], [ [ 82.195902903399499, 24.814098738388225, 0.0 ], [ 82.195902902375252, 24.814098737482059, 0.0 ], [ 82.195304123956433, 24.813403896796846, 0.0 ], [ 82.195902903399499, 24.814098738388225, 0.0 ] ], [ [ 82.392376979899225, 24.593323097941564, 0.0 ], [ 82.39237697988213, 24.593323097020985, 0.0 ], [ 82.393998772899096, 24.593170947390082, 0.0 ], [ 82.392376979899225, 24.593323097941564, 0.0 ] ], [ [ 82.683445421709862, 24.687592666951318, 0.0 ], [ 82.683445421690664, 24.687592666030806, 0.0 ], [ 82.684868207641031, 24.686796181341499, 0.0 ], [ 82.683445421709862, 24.687592666951318, 0.0 ] ], [ [ 82.728192773303093, 24.420861772532074, 0.0 ], [ 82.728192772297703, 24.420861772549927, 0.0 ], [ 82.727085647972174, 24.420235795378357, 0.0 ], [ 82.728192773303093, 24.420861772532074, 0.0 ] ], [ [ 80.478155166635261, 25.069043657744331, 0.0 ], [ 80.477947533555479, 25.069118454395699, 0.0 ], [ 80.478786806895727, 25.068816116689216, 0.0 ], [ 80.478155166635261, 25.069043657744331, 0.0 ] ], [ [ 80.483028215984035, 25.06710247103425, 0.0 ], [ 80.483034145153155, 25.067117180621086, 0.0 ], [ 80.482920659796875, 25.066835649201511, 0.0 ], [ 80.483028215984035, 25.06710247103425, 0.0 ] ], [ [ 80.481542384221356, 25.064117904546812, 0.0 ], [ 80.481629066602608, 25.064304877873493, 0.0 ], [ 80.481472406204972, 25.063966963982953, 0.0 ], [ 80.481542384221356, 25.064117904546812, 0.0 ] ], [ [ 80.480920887382894, 25.062477444847186, 0.0 ], [ 80.480890845584966, 25.062540882099448, 0.0 ], [ 80.480947925176324, 25.06242035094477, 0.0 ], [ 80.480920887382894, 25.062477444847186, 0.0 ] ], [ [ 80.483085710974777, 25.061687976044176, 0.0 ], [ 80.482940157227631, 25.061621815183361, 0.0 ], [ 80.483103744497029, 25.061696173003252, 0.0 ], [ 80.483085710974777, 25.061687976044176, 0.0 ] ], [ [ 80.486602907876957, 25.060265493674201, 0.0 ], [ 80.48660750150971, 25.060292290897557, 0.0 ], [ 80.486589655102918, 25.060188189569374, 0.0 ], [ 80.486602907876957, 25.060265493674201, 0.0 ] ], [ [ 80.48590826980562, 25.059296895149973, 0.0 ], [ 80.485893661944928, 25.059352403587852, 0.0 ], [ 80.485908533808725, 25.059295891885569, 0.0 ], [ 80.48590826980562, 25.059296895149973, 0.0 ] ], [ [ 80.482939863305418, 25.055286176916955, 0.0 ], [ 80.482918076658407, 25.055396180683747, 0.0 ], [ 80.482943725964944, 25.055266672108718, 0.0 ], [ 80.482939863305418, 25.055286176916955, 0.0 ] ], [ [ 80.481100343665204, 25.058232259895867, 0.0 ], [ 80.480983050110922, 25.058117266353094, 0.0 ], [ 80.481153624406176, 25.058284495119519, 0.0 ], [ 80.481100343665204, 25.058232259895867, 0.0 ] ], [ [ 80.477791399084083, 25.060810260890065, 0.0 ], [ 80.477841025756433, 25.060794771913358, 0.0 ], [ 80.477641586301857, 25.060857019643802, 0.0 ], [ 80.477791399084083, 25.060810260890065, 0.0 ] ], [ [ 80.47584940879139, 25.060577798650925, 0.0 ], [ 80.475872911737781, 25.060566036803344, 0.0 ], [ 80.4758386549329, 25.06058318081033, 0.0 ], [ 80.47584940879139, 25.060577798650925, 0.0 ] ], [ [ 80.473744532843767, 25.062910669684804, 0.0 ], [ 80.474020627323313, 25.062783854184513, 0.0 ], [ 80.473532956425927, 25.063007851188114, 0.0 ], [ 80.473744532843767, 25.062910669684804, 0.0 ] ], [ [ 80.473903206642802, 25.064073354604524, 0.0 ], [ 80.473733422914989, 25.063679034949278, 0.0 ], [ 80.474004933041158, 25.064309611467454, 0.0 ], [ 80.473903206642802, 25.064073354604524, 0.0 ] ], [ [ 80.476708176239953, 25.073019220651059, 0.0 ], [ 80.476683083638264, 25.073048483462792, 0.0 ], [ 80.476788498650365, 25.07292554842984, 0.0 ], [ 80.476708176239953, 25.073019220651059, 0.0 ] ], [ [ 80.477284464829253, 25.072451813447241, 0.0 ], [ 80.476979932422722, 25.072715096324547, 0.0 ], [ 80.477485241512895, 25.0722782311637, 0.0 ], [ 80.477284464829253, 25.072451813447241, 0.0 ] ], [ [ 80.454959759740845, 25.125712620409274, 0.0 ], [ 80.454893161655065, 25.125984802454806, 0.0 ], [ 80.455002616489011, 25.125537464147968, 0.0 ], [ 80.454959759740845, 25.125712620409274, 0.0 ] ], [ [ 80.457551683133175, 25.123351086710791, 0.0 ], [ 80.457548640230556, 25.12341498448335, 0.0 ], [ 80.457553398779993, 25.123315047550388, 0.0 ], [ 80.457551683133175, 25.123351086710791, 0.0 ] ], [ [ 80.45999874969533, 25.12222574458211, 0.0 ], [ 80.459899546327591, 25.122291879652451, 0.0 ], [ 80.46017080604652, 25.122111039915687, 0.0 ], [ 80.45999874969533, 25.12222574458211, 0.0 ] ], [ [ 80.460694817982215, 25.121974929430575, 0.0 ], [ 80.460979823322518, 25.12192068358172, 0.0 ], [ 80.460754448266414, 25.121963580017251, 0.0 ], [ 80.460694817982215, 25.121974929430575, 0.0 ] ], [ [ 80.461476312780192, 25.120084681199486, 0.0 ], [ 80.461252753233651, 25.120713344334433, 0.0 ], [ 80.461522340238886, 25.119955248295387, 0.0 ], [ 80.461476312780192, 25.120084681199486, 0.0 ] ], [ [ 80.461785471922866, 25.119152873422991, 0.0 ], [ 80.461784079457544, 25.119198579578192, 0.0 ], [ 80.46180455997191, 25.118526207422669, 0.0 ], [ 80.461785471922866, 25.119152873422991, 0.0 ] ], [ [ 80.460768335967302, 25.114709825856238, 0.0 ], [ 80.460770430650655, 25.114710916837872, 0.0 ], [ 80.460542001996131, 25.114591943849142, 0.0 ], [ 80.460768335967302, 25.114709825856238, 0.0 ] ], [ [ 80.454577425683325, 25.115749463218112, 0.0 ], [ 80.454760860198306, 25.115759388346866, 0.0 ], [ 80.453941376807791, 25.115715048457968, 0.0 ], [ 80.454577425683325, 25.115749463218112, 0.0 ] ], [ [ 80.442703657821269, 25.11657610407164, 0.0 ], [ 80.442715080281445, 25.116457441238012, 0.0 ], [ 80.442696361035871, 25.116651911163792, 0.0 ], [ 80.442703657821269, 25.11657610407164, 0.0 ] ], [ [ 80.440821275931512, 25.116613203914909, 0.0 ], [ 80.440602118799447, 25.116695388450619, 0.0 ], [ 80.440890181321649, 25.116587363852823, 0.0 ], [ 80.440821275931512, 25.116613203914909, 0.0 ] ], [ [ 80.439710223108619, 25.116535430339571, 0.0 ], [ 80.439738984588786, 25.116552220167357, 0.0 ], [ 80.439612375783383, 25.116478311544085, 0.0 ], [ 80.439710223108619, 25.116535430339571, 0.0 ] ], [ [ 80.438746685043185, 25.11772407502513, 0.0 ], [ 80.438617647796448, 25.117685242936389, 0.0 ], [ 80.439023551967537, 25.117807394405858, 0.0 ], [ 80.438746685043185, 25.11772407502513, 0.0 ] ], [ [ 80.439326726885781, 25.121857231059025, 0.0 ], [ 80.440147641462943, 25.122880399601129, 0.0 ], [ 80.439826944047127, 25.122480692076657, 0.0 ], [ 80.439326726885781, 25.121857231059025, 0.0 ] ], [ [ 80.4426730549892, 25.122871719209233, 0.0 ], [ 80.442182081595405, 25.122975577892191, 0.0 ], [ 80.442800740008835, 25.122844708755533, 0.0 ], [ 80.4426730549892, 25.122871719209233, 0.0 ] ], [ [ 80.446444816328381, 25.127928015586846, 0.0 ], [ 80.446191472590954, 25.128043830010814, 0.0 ], [ 80.446607877634776, 25.127853472325754, 0.0 ], [ 80.446444816328381, 25.127928015586846, 0.0 ] ], [ [ 80.449431892203265, 25.127091894114059, 0.0 ], [ 80.449058723486999, 25.127056354202047, 0.0 ], [ 80.449558409559842, 25.127103943012813, 0.0 ], [ 80.449431892203265, 25.127091894114059, 0.0 ] ], [ [ 80.449809252200708, 25.127226447241995, 0.0 ], [ 80.449703452256031, 25.127174777799159, 0.0 ], [ 80.449558409559842, 25.127103943012813, 0.0 ], [ 80.449809252200708, 25.127226447241995, 0.0 ] ], [ [ 80.450486400095414, 25.127722603294558, 0.0 ], [ 80.450593475048493, 25.127984342850137, 0.0 ], [ 80.450541300574343, 25.127856805855338, 0.0 ], [ 80.450486400095414, 25.127722603294558, 0.0 ] ], [ [ 80.451960001991864, 25.129875455844459, 0.0 ], [ 80.451431540589965, 25.130085538988318, 0.0 ], [ 80.452181338996255, 25.129787465131297, 0.0 ], [ 80.451960001991864, 25.129875455844459, 0.0 ] ], [ [ 80.453839573149452, 25.128838024463402, 0.0 ], [ 80.455214916657397, 25.1280505332841, 0.0 ], [ 80.452181338996255, 25.129787465131297, 0.0 ], [ 80.453839573149452, 25.128838024463402, 0.0 ] ], [ [ 84.093971873543111, 25.715653526076295, 0.0 ], [ 84.092460586967519, 25.714945720057152, 0.0 ], [ 84.094099608601439, 25.715713348726837, 0.0 ], [ 84.093971873543111, 25.715653526076295, 0.0 ] ], [ [ 84.178676067405291, 25.714869586558347, 0.0 ], [ 84.180049495782526, 25.713905479919148, 0.0 ], [ 84.178659972886592, 25.714880884598539, 0.0 ], [ 84.178676067405291, 25.714869586558347, 0.0 ] ], [ [ 84.184274682131317, 25.711280181543142, 0.0 ], [ 84.18324917004044, 25.711907351023275, 0.0 ], [ 84.185269217687079, 25.71067194447965, 0.0 ], [ 84.184274682131317, 25.711280181543142, 0.0 ] ], [ [ 84.201009675478417, 25.692871717126611, 0.0 ], [ 84.200797476619314, 25.693875045231337, 0.0 ], [ 84.201264303678627, 25.691667755084222, 0.0 ], [ 84.201009675478417, 25.692871717126611, 0.0 ] ], [ [ 84.23735287154355, 25.662597634546465, 0.0 ], [ 84.237135029880818, 25.662599425492282, 0.0 ], [ 84.238097995535966, 25.662591505688866, 0.0 ], [ 84.23735287154355, 25.662597634546465, 0.0 ] ], [ [ 84.257463235346762, 25.662699353894023, 0.0 ], [ 84.257702553002659, 25.662700061483552, 0.0 ], [ 84.261661331556326, 25.662711719468891, 0.0 ], [ 84.257463235346762, 25.662699353894023, 0.0 ] ], [ [ 84.325774988795331, 25.680977258643853, 0.0 ], [ 84.325339076615919, 25.678146588725454, 0.0 ], [ 84.325781143776112, 25.681017224570514, 0.0 ], [ 84.325774988795331, 25.680977258643853, 0.0 ] ], [ [ 84.328214400065505, 25.698657129730368, 0.0 ], [ 84.328129341343114, 25.698094746492554, 0.0 ], [ 84.327822399562194, 25.696065301207426, 0.0 ], [ 84.328214400065505, 25.698657129730368, 0.0 ] ], [ [ 84.329092590939098, 25.705304980009654, 0.0 ], [ 84.329030300600735, 25.704793956773582, 0.0 ], [ 84.329128836935908, 25.705602335623244, 0.0 ], [ 84.329092590939098, 25.705304980009654, 0.0 ] ], [ [ 84.50729982981656, 25.680785113108119, 0.0 ], [ 84.50716112565712, 25.680414776347703, 0.0 ], [ 84.507620807678038, 25.681642108919938, 0.0 ], [ 84.50729982981656, 25.680785113108119, 0.0 ] ], [ [ 84.515624472971538, 25.677459050171528, 0.0 ], [ 84.516954740489339, 25.676720865484178, 0.0 ], [ 84.515577418163062, 25.677485161857796, 0.0 ], [ 84.515624472971538, 25.677459050171528, 0.0 ] ], [ [ 84.54398397589101, 25.688667829671012, 0.0 ], [ 84.541837083453487, 25.689045165377472, 0.0 ], [ 84.544231109607196, 25.688624391852962, 0.0 ], [ 84.54398397589101, 25.688667829671012, 0.0 ] ], [ [ 83.396183084767813, 24.830223770230184, 0.0 ], [ 83.395619139982614, 24.829397803968266, 0.0 ], [ 83.396183226977243, 24.830223958640385, 0.0 ], [ 83.396183084767813, 24.830223770230184, 0.0 ] ], [ [ 83.321011216775972, 25.022438890767116, 0.0 ], [ 83.320743507563336, 25.020748855031936, 0.0 ], [ 83.320680156789024, 25.020348918512418, 0.0 ], [ 83.321011216775972, 25.022438890767116, 0.0 ] ], [ [ 83.350693514938811, 25.105067722251505, 0.0 ], [ 83.350693511784698, 25.10506779505867, 0.0 ], [ 83.350693514710997, 25.105067721864, 0.0 ], [ 83.350693514938811, 25.105067722251505, 0.0 ] ], [ [ 83.429205743202516, 25.253103573166296, 0.0 ], [ 83.429205742158572, 25.253103573788639, 0.0 ], [ 83.42805938291923, 25.253514788918586, 0.0 ], [ 83.429205743202516, 25.253103573166296, 0.0 ] ], [ [ 83.440130908812534, 25.25528380679981, 0.0 ], [ 83.440507977582641, 25.255057982528353, 0.0 ], [ 83.439758814166822, 25.255681127098605, 0.0 ], [ 83.440130908812534, 25.25528380679981, 0.0 ] ], [ [ 83.450646510068097, 25.260830552694745, 0.0 ], [ 83.450090709474551, 25.261038434392258, 0.0 ], [ 83.450646535781374, 25.260830530025427, 0.0 ], [ 83.450646510068097, 25.260830552694745, 0.0 ] ], [ [ 83.49114139877129, 25.289655239435142, 0.0 ], [ 83.490376688591297, 25.289479801209289, 0.0 ], [ 83.491141549335637, 25.289655264583811, 0.0 ], [ 83.49114139877129, 25.289655239435142, 0.0 ] ], [ [ 83.528080151315436, 25.302473063862855, 0.0 ], [ 83.527210976665557, 25.302756919513858, 0.0 ], [ 83.528080182134914, 25.302473042906183, 0.0 ], [ 83.528080151315436, 25.302473063862855, 0.0 ] ], [ [ 83.575524649421183, 25.307618497405901, 0.0 ], [ 83.575495716591576, 25.307588002475018, 0.0 ], [ 83.575808433751433, 25.307917630378746, 0.0 ], [ 83.575524649421183, 25.307618497405901, 0.0 ] ], [ [ 83.640064919893106, 25.340192755144788, 0.0 ], [ 83.63934589686319, 25.340636492208748, 0.0 ], [ 83.64134130606908, 25.339822504943044, 0.0 ], [ 83.640064919893106, 25.340192755144788, 0.0 ] ], [ [ 83.695076192317941, 25.382559075034948, 0.0 ], [ 83.695016156166162, 25.382585594844091, 0.0 ], [ 83.694933366097288, 25.382622169190174, 0.0 ], [ 83.695076192317941, 25.382559075034948, 0.0 ] ], [ [ 83.812141960554271, 25.45120754128893, 0.0 ], [ 83.812692505983875, 25.453640588355331, 0.0 ], [ 83.812582293620366, 25.4531535305658, 0.0 ], [ 83.812141960554271, 25.45120754128893, 0.0 ] ], [ [ 83.872373077452096, 25.493864459380365, 0.0 ], [ 83.872231164806706, 25.493756640227101, 0.0 ], [ 83.872159235168041, 25.493701990292067, 0.0 ], [ 83.872373077452096, 25.493864459380365, 0.0 ] ], [ [ 83.874805077193159, 25.515078629489217, 0.0 ], [ 83.875217904249027, 25.515999343572179, 0.0 ], [ 83.874805062814801, 25.515078590261048, 0.0 ], [ 83.874805077193159, 25.515078629489217, 0.0 ] ], [ [ 83.924590102362117, 25.554314673002338, 0.0 ], [ 83.928417233715862, 25.556565556350229, 0.0 ], [ 83.924590060951033, 25.554314646430459, 0.0 ], [ 83.924590102362117, 25.554314673002338, 0.0 ] ], [ [ 84.189225584890735, 26.624678744881376, 0.0 ], [ 84.189036010492373, 26.624582050208513, 0.0 ], [ 84.188226984595872, 26.62416939220282, 0.0 ], [ 84.189225584890735, 26.624678744881376, 0.0 ] ], [ [ 84.289492775805243, 26.60441752304267, 0.0 ], [ 84.286785326176457, 26.605436759431555, 0.0 ], [ 84.286167405371643, 26.605669370290226, 0.0 ], [ 84.289492775805243, 26.60441752304267, 0.0 ] ], [ [ 84.301209021576483, 26.608305514914196, 0.0 ], [ 84.300986023321357, 26.60769941554695, 0.0 ], [ 84.300690169632574, 26.606895288680683, 0.0 ], [ 84.301209021576483, 26.608305514914196, 0.0 ] ], [ [ 84.021669467387085, 26.237957183456103, 0.0 ], [ 84.023010760673202, 26.237732382224333, 0.0 ], [ 84.023003029707198, 26.237733678211665, 0.0 ], [ 84.021669467387085, 26.237957183456103, 0.0 ] ], [ [ 84.174787099007233, 26.286224479475198, 0.0 ], [ 84.174590347282304, 26.287321383049012, 0.0 ], [ 84.174676538537184, 26.286840860848027, 0.0 ], [ 84.174787099007233, 26.286224479475198, 0.0 ] ], [ [ 84.174434504773615, 26.290652230489105, 0.0 ], [ 84.174505298015532, 26.292273214136305, 0.0 ], [ 84.174443037664659, 26.290847616351279, 0.0 ], [ 84.174434504773615, 26.290652230489105, 0.0 ] ], [ [ 84.185788481013859, 26.311858099404727, 0.0 ], [ 84.185973547929279, 26.312899356940957, 0.0 ], [ 84.18592814908007, 26.312643929139391, 0.0 ], [ 84.185788481013859, 26.311858099404727, 0.0 ] ], [ [ 84.017925994614231, 27.074504129979758, 0.0 ], [ 84.018801255049965, 27.076539953218919, 0.0 ], [ 84.018288055763449, 27.075483689270985, 0.0 ], [ 84.017925994614231, 27.074504129979758, 0.0 ] ], [ [ 84.01318092711827, 27.071034881628005, 0.0 ], [ 84.01366461927816, 27.071306055419488, 0.0 ], [ 84.013180926456641, 27.071034881557804, 0.0 ], [ 84.01318092711827, 27.071034881628005, 0.0 ] ], [ [ 84.006740437381396, 27.059983112939705, 0.0 ], [ 84.006740386953425, 27.059983109626675, 0.0 ], [ 84.007183937412265, 27.05998344243142, 0.0 ], [ 84.006740437381396, 27.059983112939705, 0.0 ] ], [ [ 84.047178925431155, 27.030025816405324, 0.0 ], [ 84.047496081968816, 27.030359877047694, 0.0 ], [ 84.047496079951088, 27.030359875361075, 0.0 ], [ 84.047178925431155, 27.030025816405324, 0.0 ] ], [ [ 84.044245715109838, 27.016721271574461, 0.0 ], [ 84.044451899786097, 27.017317016340257, 0.0 ], [ 84.044245700684542, 27.016721237923555, 0.0 ], [ 84.044245715109838, 27.016721271574461, 0.0 ] ], [ [ 84.140373941642224, 26.867600951401787, 0.0 ], [ 84.140882202653103, 26.868954536543846, 0.0 ], [ 84.140697791892862, 26.868463424253186, 0.0 ], [ 84.140373941642224, 26.867600951401787, 0.0 ] ], [ [ 84.140608345595112, 26.852676993030386, 0.0 ], [ 84.140608379310663, 26.853554894324954, 0.0 ], [ 84.140608374188901, 26.853431472865747, 0.0 ], [ 84.140608345595112, 26.852676993030386, 0.0 ] ], [ [ 88.933958874556012, 26.333564198650507, 0.0 ], [ 88.918063538610326, 26.32557395875477, 0.0 ], [ 88.924768644257654, 26.294383891105596, 0.0 ], [ 88.954403148540479, 26.274638067042648, 0.0 ], [ 88.981458543943234, 26.282973696111259, 0.0 ], [ 88.982902796717426, 26.301090222368348, 0.0 ], [ 88.960778801131667, 26.294954820687803, 0.0 ], [ 88.933958874556012, 26.333564198650507, 0.0 ] ] ], [ [ [ 71.155437259971222, 20.760650718165838, 0.0 ], [ 71.149913778543294, 20.759425602062507, 0.0 ], [ 71.151421207269948, 20.763907196876279, 0.0 ], [ 71.155437259971222, 20.760650718165838, 0.0 ] ] ], [ [ [ 71.171394136621359, 20.765337561222164, 0.0 ], [ 71.170782620874547, 20.765094856338468, 0.0 ], [ 71.171232334884479, 20.765337561567659, 0.0 ], [ 71.171394136621359, 20.765337561222164, 0.0 ] ] ], [ [ [ 71.172038964242859, 20.765822970419514, 0.0 ], [ 71.172317358108899, 20.76559454199181, 0.0 ], [ 71.171225196867809, 20.76541608374524, 0.0 ], [ 71.172038964242859, 20.765822970419514, 0.0 ] ] ], [ [ [ 71.175410999782414, 20.766765000126366, 0.0 ], [ 71.176158300329135, 20.766542700426456, 0.0 ], [ 71.175122800076821, 20.7665169996821, 0.0 ], [ 71.175410999782414, 20.766765000126366, 0.0 ] ] ], [ [ [ 71.254149274273331, 20.813507542573664, 0.0 ], [ 71.256752612367208, 20.812007714399122, 0.0 ], [ 71.254665021915599, 20.811718483394522, 0.0 ], [ 71.254149274273331, 20.813507542573664, 0.0 ] ] ], [ [ [ 71.260787216824923, 20.815960322078965, 0.0 ], [ 71.263153246219886, 20.816335379283565, 0.0 ], [ 71.261092960584975, 20.814874609800743, 0.0 ], [ 71.260787216824923, 20.815960322078965, 0.0 ] ] ], [ [ [ 71.268894850675593, 20.820014442055587, 0.0 ], [ 71.271079514537277, 20.820209729425457, 0.0 ], [ 71.27064798791632, 20.819262639801074, 0.0 ], [ 71.268894850675593, 20.820014442055587, 0.0 ] ] ], [ [ [ 71.303136534709935, 20.830978590947403, 0.0 ], [ 71.30297274108122, 20.832012689589927, 0.0 ], [ 71.304903610828404, 20.832541901525044, 0.0 ], [ 71.303136534709935, 20.830978590947403, 0.0 ] ] ], [ [ [ 71.307608231937067, 20.832335170825317, 0.0 ], [ 71.309063577559641, 20.832891239040059, 0.0 ], [ 71.309193246993118, 20.832796478289129, 0.0 ], [ 71.307608231937067, 20.832335170825317, 0.0 ] ] ], [ [ [ 71.303994887238716, 20.834375094316641, 0.0 ], [ 71.303173754572072, 20.833715365486338, 0.0 ], [ 71.302770105719986, 20.833941043168643, 0.0 ], [ 71.303994887238716, 20.834375094316641, 0.0 ] ] ], [ [ [ 71.457455600199566, 20.878060700067305, 0.0 ], [ 71.456235500751774, 20.878002599807612, 0.0 ], [ 71.456135899303675, 20.878367800657433, 0.0 ], [ 71.457455600199566, 20.878060700067305, 0.0 ] ] ], [ [ [ 71.528155602700295, 20.904770430803424, 0.0 ], [ 71.527104585415287, 20.902637499263335, 0.0 ], [ 71.525656428031937, 20.903662963770103, 0.0 ], [ 71.528155602700295, 20.904770430803424, 0.0 ] ] ], [ [ [ 71.535317900501695, 20.903641299559663, 0.0 ], [ 71.534164200342829, 20.903989899142008, 0.0 ], [ 71.535591799851673, 20.904089499944, 0.0 ], [ 71.535317900501695, 20.903641299559663, 0.0 ] ] ], [ [ [ 71.536322199437762, 20.903823899988069, 0.0 ], [ 71.536629299615782, 20.904114400185822, 0.0 ], [ 71.536795299766396, 20.903915199478572, 0.0 ], [ 71.536322199437762, 20.903823899988069, 0.0 ] ] ], [ [ [ 71.533657900365981, 20.904130999453834, 0.0 ], [ 71.533616399118543, 20.903865399437471, 0.0 ], [ 71.533400599951918, 20.903890299404399, 0.0 ], [ 71.533657900365981, 20.904130999453834, 0.0 ] ] ], [ [ [ 71.512779023627445, 20.91107621371896, 0.0 ], [ 71.524498119892144, 20.904916183551887, 0.0 ], [ 71.509906343424788, 20.90389796476947, 0.0 ], [ 71.512779023627445, 20.91107621371896, 0.0 ] ] ], [ [ [ 71.52034785399421, 20.913377519189449, 0.0 ], [ 71.5212541124327, 20.913101298460308, 0.0 ], [ 71.520182438170352, 20.913041999358498, 0.0 ], [ 71.52034785399421, 20.913377519189449, 0.0 ] ] ], [ [ [ 71.54686319990067, 20.913070099815307, 0.0 ], [ 71.546755300047096, 20.913651099850661, 0.0 ], [ 71.547269900051887, 20.913343999796833, 0.0 ], [ 71.54686319990067, 20.913070099815307, 0.0 ] ] ], [ [ [ 71.544956980752261, 20.913950369410546, 0.0 ], [ 71.545518386223861, 20.913627697650249, 0.0 ], [ 71.544830412040085, 20.913437419789592, 0.0 ], [ 71.544956980752261, 20.913950369410546, 0.0 ] ] ], [ [ [ 71.675531000219408, 20.984475299931422, 0.0 ], [ 71.675147099819725, 20.984113900442185, 0.0 ], [ 71.675102300096782, 20.984430500435224, 0.0 ], [ 71.675531000219408, 20.984475299931422, 0.0 ] ] ], [ [ [ 71.676693499855901, 20.987759199905145, 0.0 ], [ 71.675089899978445, 20.98811869957451, 0.0 ], [ 71.676272500500588, 20.989512200339551, 0.0 ], [ 71.676693499855901, 20.987759199905145, 0.0 ] ] ], [ [ [ 71.675338899730633, 20.991554899440342, 0.0 ], [ 71.67699060059681, 20.99377100024121, 0.0 ], [ 71.677233200212299, 20.99381930008731, 0.0 ], [ 71.675338899730633, 20.991554899440342, 0.0 ] ] ], [ [ [ 71.686246899949708, 20.993326799910584, 0.0 ], [ 71.685584599767012, 20.993696600216442, 0.0 ], [ 71.686552999745544, 20.993778800347506, 0.0 ], [ 71.686246899949708, 20.993326799910584, 0.0 ] ] ], [ [ [ 71.658345478157273, 20.995631569740528, 0.0 ], [ 71.655354112819992, 20.995148941314742, 0.0 ], [ 71.658283157928025, 20.99647155042528, 0.0 ], [ 71.658345478157273, 20.995631569740528, 0.0 ] ] ], [ [ [ 71.708580399904221, 20.99695819987004, 0.0 ], [ 71.709418699940642, 20.998435600557965, 0.0 ], [ 71.710633800029598, 20.998152299648886, 0.0 ], [ 71.708580399904221, 20.99695819987004, 0.0 ] ] ], [ [ [ 71.698147300785607, 20.998435600560903, 0.0 ], [ 71.703351400017411, 20.996817100008016, 0.0 ], [ 71.696445800080227, 20.997406399386257, 0.0 ], [ 71.698147300785607, 20.998435600560903, 0.0 ] ] ], [ [ [ 71.915482462262233, 21.106505122530507, 0.0 ], [ 71.916185489423228, 21.107692685650736, 0.0 ], [ 71.916493210689652, 21.106762320255825, 0.0 ], [ 71.915482462262233, 21.106505122530507, 0.0 ] ] ], [ [ [ 72.013053253596951, 21.133559470310061, 0.0 ], [ 72.011421733159835, 21.133210591048442, 0.0 ], [ 72.010993053661778, 21.133612184348085, 0.0 ], [ 72.013053253596951, 21.133559470310061, 0.0 ] ] ], [ [ [ 72.035272962587413, 21.156210881564476, 0.0 ], [ 72.033150294535773, 21.155591260222192, 0.0 ], [ 72.035118492734412, 21.156888408307864, 0.0 ], [ 72.035272962587413, 21.156210881564476, 0.0 ] ] ], [ [ [ 72.046224000177546, 21.161999999679189, 0.0 ], [ 72.046703999415826, 21.160512000808449, 0.0 ], [ 72.045552000203017, 21.16070399989778, 0.0 ], [ 72.046224000177546, 21.161999999679189, 0.0 ] ] ], [ [ [ 72.067428455468743, 21.176596195811566, 0.0 ], [ 72.06767852951198, 21.177354984042719, 0.0 ], [ 72.068068512798064, 21.177246753092536, 0.0 ], [ 72.067428455468743, 21.176596195811566, 0.0 ] ] ], [ [ [ 72.083848800080176, 21.186494200008458, 0.0 ], [ 72.083508299349873, 21.186264600096422, 0.0 ], [ 72.083515000374121, 21.186450999628871, 0.0 ], [ 72.083848800080176, 21.186494200008458, 0.0 ] ] ], [ [ [ 72.361158109929988, 21.595694587897963, 0.0 ], [ 72.349093495081277, 21.605922394197719, 0.0 ], [ 72.350311785362592, 21.608432136661243, 0.0 ], [ 72.361158109929988, 21.595694587897963, 0.0 ] ] ], [ [ [ 69.323809375928619, 22.303066233627749, 0.0 ], [ 69.324309006946962, 22.303414042927823, 0.0 ], [ 69.324610001341512, 22.30308902520262, 0.0 ], [ 69.323809375928619, 22.303066233627749, 0.0 ] ] ], [ [ [ 69.310079600041206, 22.305104599401339, 0.0 ], [ 69.310320300138997, 22.304955200311422, 0.0 ], [ 69.310262200418975, 22.304888799982876, 0.0 ], [ 69.310079600041206, 22.305104599401339, 0.0 ] ] ], [ [ [ 69.327733699192038, 22.336379000401642, 0.0 ], [ 69.32802419989919, 22.337192399451503, 0.0 ], [ 69.328522200261787, 22.336470300107578, 0.0 ], [ 69.327733699192038, 22.336379000401642, 0.0 ] ] ], [ [ [ 69.451687943040142, 22.358232362081157, 0.0 ], [ 69.452450710404975, 22.350700506732348, 0.0 ], [ 69.438282972202018, 22.353853930122593, 0.0 ], [ 69.451687943040142, 22.358232362081157, 0.0 ] ] ], [ [ [ 69.185139700664237, 22.366765299799248, 0.0 ], [ 69.184799399629355, 22.364192299544591, 0.0 ], [ 69.183380100152306, 22.367636800574921, 0.0 ], [ 69.185139700664237, 22.366765299799248, 0.0 ] ] ], [ [ [ 69.194883899939398, 22.374168900180699, 0.0 ], [ 69.194211600230929, 22.36800199959243, 0.0 ], [ 69.190924800131384, 22.369811399998184, 0.0 ], [ 69.194883899939398, 22.374168900180699, 0.0 ] ] ], [ [ [ 69.548163684054472, 22.37315558184595, 0.0 ], [ 69.550833516602566, 22.373734801660124, 0.0 ], [ 69.551620464565261, 22.372890707556859, 0.0 ], [ 69.548163684054472, 22.37315558184595, 0.0 ] ] ], [ [ [ 69.339821179463428, 22.380389023828702, 0.0 ], [ 69.323359641571798, 22.381291291270539, 0.0 ], [ 69.339408963255735, 22.385974093296671, 0.0 ], [ 69.339821179463428, 22.380389023828702, 0.0 ] ] ], [ [ [ 69.216638199147283, 22.382659799964042, 0.0 ], [ 69.217119599519918, 22.382626599812752, 0.0 ], [ 69.216845699416993, 22.382419099721954, 0.0 ], [ 69.216638199147283, 22.382659799964042, 0.0 ] ] ], [ [ [ 69.213849400586582, 22.382726199916764, 0.0 ], [ 69.214820499844322, 22.383763700347316, 0.0 ], [ 69.214280999437918, 22.382551900252803, 0.0 ], [ 69.213849400586582, 22.382726199916764, 0.0 ] ] ], [ [ [ 69.199681299760698, 22.384510699975493, 0.0 ], [ 69.200320399849915, 22.387208200399005, 0.0 ], [ 69.201855899797138, 22.387008999916151, 0.0 ], [ 69.199681299760698, 22.384510699975493, 0.0 ] ] ], [ [ [ 69.482657825537473, 22.388074212038905, 0.0 ], [ 69.482316425722672, 22.386232223033151, 0.0 ], [ 69.477369353826163, 22.386831482120591, 0.0 ], [ 69.479239783628458, 22.388374453822824, 0.0 ], [ 69.482657825537473, 22.388074212038905, 0.0 ] ] ], [ [ [ 69.205134399910179, 22.389747999606236, 0.0 ], [ 69.205092899439151, 22.389590299587063, 0.0 ], [ 69.205034800352237, 22.389706499831462, 0.0 ], [ 69.205134399910179, 22.389747999606236, 0.0 ] ] ], [ [ [ 69.203590600472737, 22.389673299723782, 0.0 ], [ 69.20415500029624, 22.389698200568986, 0.0 ], [ 69.204155000523073, 22.389623500298022, 0.0 ], [ 69.203590600472737, 22.389673299723782, 0.0 ] ] ], [ [ [ 69.479052885693662, 22.398019245024525, 0.0 ], [ 69.483896300658557, 22.388520401916892, 0.0 ], [ 69.476113445842543, 22.389130519642041, 0.0 ], [ 69.479052885693662, 22.398019245024525, 0.0 ] ] ], [ [ [ 69.205341900303821, 22.395665899688737, 0.0 ], [ 69.206014200174408, 22.396388000162737, 0.0 ], [ 69.205424900112263, 22.395458399855148, 0.0 ], [ 69.205341900303821, 22.395665899688737, 0.0 ] ] ], [ [ [ 69.20945039960219, 22.400181100517752, 0.0 ], [ 69.209450399674466, 22.399940399805789, 0.0 ], [ 69.209375699441694, 22.400131299846944, 0.0 ], [ 69.20945039960219, 22.400181100517752, 0.0 ] ] ], [ [ [ 69.208645300551083, 22.401127299824207, 0.0 ], [ 69.208470999955082, 22.401442700404036, 0.0 ], [ 69.208711700104573, 22.401193700066898, 0.0 ], [ 69.208645300551083, 22.401127299824207, 0.0 ] ] ], [ [ [ 69.498103568646485, 22.432475378361556, 0.0 ], [ 69.55128209255632, 22.407653881571825, 0.0 ], [ 69.541301068908865, 22.394148333783725, 0.0 ], [ 69.558265288293825, 22.376153623928342, 0.0 ], [ 69.540843010997207, 22.380552566205608, 0.0 ], [ 69.51879696693166, 22.372430299522222, 0.0 ], [ 69.517749022025228, 22.410042019924006, 0.0 ], [ 69.498103568646485, 22.432475378361556, 0.0 ] ] ], [ [ [ 69.206860800116942, 22.403733499861133, 0.0 ], [ 69.208230300124171, 22.402861999958251, 0.0 ], [ 69.208437800550087, 22.402305899985102, 0.0 ], [ 69.206943800053963, 22.403086099656246, 0.0 ], [ 69.206860800116942, 22.403733499861133, 0.0 ] ] ], [ [ [ 69.205557700061931, 22.40477930000641, 0.0 ], [ 69.205956100185631, 22.405011700400216, 0.0 ], [ 69.205798399574647, 22.404123599689076, 0.0 ], [ 69.205557700061931, 22.40477930000641, 0.0 ] ] ], [ [ [ 69.165748000202484, 22.413263000101086, 0.0 ], [ 69.167353999510183, 22.411657000338391, 0.0 ], [ 69.166770000113431, 22.411000000027972, 0.0 ], [ 69.165748000202484, 22.413263000101086, 0.0 ] ] ], [ [ [ 69.278415099632127, 22.417171200416874, 0.0 ], [ 69.279253400093737, 22.415411600137059, 0.0 ], [ 69.278149499354498, 22.416058999394153, 0.0 ], [ 69.278415099632127, 22.417171200416874, 0.0 ] ] ], [ [ [ 69.276572500380567, 22.419246200488192, 0.0 ], [ 69.277991800342718, 22.419237899640976, 0.0 ], [ 69.277809199703583, 22.418573900027205, 0.0 ], [ 69.276572500380567, 22.419246200488192, 0.0 ] ] ], [ [ [ 69.071579099588448, 22.429861899650362, 0.0 ], [ 69.071828100438395, 22.429679299972655, 0.0 ], [ 69.07164549967672, 22.429629500573782, 0.0 ], [ 69.071579099588448, 22.429861899650362, 0.0 ] ] ], [ [ [ 69.052762999602137, 22.430326699973943, 0.0 ], [ 69.053177999453624, 22.430110899758716, 0.0 ], [ 69.05272980018897, 22.43013579993293, 0.0 ], [ 69.052762999602137, 22.430326699973943, 0.0 ] ] ], [ [ [ 69.621201246385993, 22.457336843466546, 0.0 ], [ 69.656827511982954, 22.425379138534911, 0.0 ], [ 69.636497881267616, 22.405715812472064, 0.0 ], [ 69.590346867968591, 22.430723935355445, 0.0 ], [ 69.621201246385993, 22.457336843466546, 0.0 ] ] ], [ [ [ 69.110265400164423, 22.436734299935008, 0.0 ], [ 69.110605699498464, 22.436916899788997, 0.0 ], [ 69.110613999883512, 22.436792399604379, 0.0 ], [ 69.110265400164423, 22.436734299935008, 0.0 ] ] ], [ [ [ 69.069072500240893, 22.438112100104576, 0.0 ], [ 69.068856699847188, 22.437979300250579, 0.0 ], [ 69.069172099974722, 22.438278100358531, 0.0 ], [ 69.069072500240893, 22.438112100104576, 0.0 ] ] ], [ [ [ 69.735625319537633, 22.448281235407073, 0.0 ], [ 69.738438858434378, 22.448357096864552, 0.0 ], [ 69.738876550390913, 22.44771190709821, 0.0 ], [ 69.735625319537633, 22.448281235407073, 0.0 ] ] ], [ [ [ 69.145979964528024, 22.474214113193344, 0.0 ], [ 69.144736364180176, 22.450449216814061, 0.0 ], [ 69.115421920788719, 22.466788147176334, 0.0 ], [ 69.108338860763808, 22.436969205298283, 0.0 ], [ 69.084171045251949, 22.422462675949145, 0.0 ], [ 69.093972921463575, 22.460910696322888, 0.0 ], [ 69.126828891554268, 22.474976337158729, 0.0 ], [ 69.145979964528024, 22.474214113193344, 0.0 ] ] ], [ [ [ 69.737592815970928, 22.449226017159532, 0.0 ], [ 69.736909832492472, 22.448880170867671, 0.0 ], [ 69.736112802224753, 22.449370534458684, 0.0 ], [ 69.737592815970928, 22.449226017159532, 0.0 ] ] ], [ [ [ 69.291711394709978, 22.458718146606678, 0.0 ], [ 69.317763632987038, 22.472089965616753, 0.0 ], [ 69.32645542437109, 22.457169755154453, 0.0 ], [ 69.291711394709978, 22.458718146606678, 0.0 ] ] ], [ [ [ 69.305079308466034, 22.470613103906953, 0.0 ], [ 69.304203815431322, 22.472576842816093, 0.0 ], [ 69.30807159565434, 22.471404482545321, 0.0 ], [ 69.305079308466034, 22.470613103906953, 0.0 ] ] ], [ [ [ 69.085099799793625, 22.485911800030632, 0.0 ], [ 69.087033699527026, 22.488891499712594, 0.0 ], [ 69.088320199627077, 22.489621900127467, 0.0 ], [ 69.085099799793625, 22.485911800030632, 0.0 ] ] ], [ [ [ 69.80081160029907, 22.488955899949385, 0.0 ], [ 69.803142400034048, 22.493613599540481, 0.0 ], [ 69.804491399471701, 22.492513299770998, 0.0 ], [ 69.80081160029907, 22.488955899949385, 0.0 ] ] ], [ [ [ 69.31598428754468, 22.52182012067356, 0.0 ], [ 69.354145308889059, 22.523870166981517, 0.0 ], [ 69.363463005503576, 22.512199150931508, 0.0 ], [ 69.34629998654826, 22.504299977458018, 0.0 ], [ 69.31598428754468, 22.52182012067356, 0.0 ] ] ], [ [ [ 69.945070500032983, 22.523351500207117, 0.0 ], [ 69.932910399385833, 22.519445899800758, 0.0 ], [ 69.938550200534252, 22.532346899749495, 0.0 ], [ 69.945070500032983, 22.523351500207117, 0.0 ] ] ], [ [ [ 69.934909022058719, 22.526153924469796, 0.0 ], [ 69.928359293687478, 22.530825018471923, 0.0 ], [ 69.936171175567182, 22.533680302245337, 0.0 ], [ 69.934909022058719, 22.526153924469796, 0.0 ] ] ], [ [ [ 69.40306450001286, 22.52756949939587, 0.0 ], [ 69.403952599870365, 22.528341400224139, 0.0 ], [ 69.403778300257713, 22.527129600073994, 0.0 ], [ 69.40306450001286, 22.52756949939587, 0.0 ] ] ], [ [ [ 69.944710900511552, 22.531276799533163, 0.0 ], [ 69.945074499416108, 22.529667900065846, 0.0 ], [ 69.943106599568395, 22.530989800420926, 0.0 ], [ 69.944710900511552, 22.531276799533163, 0.0 ] ] ], [ [ [ 69.931481800194021, 22.540597199867687, 0.0 ], [ 69.919086299363997, 22.542549899513499, 0.0 ], [ 69.934705400247012, 22.535041300433701, 0.0 ], [ 69.916529300003901, 22.53144219959648, 0.0 ], [ 69.930595700274253, 22.519768700043166, 0.0 ], [ 69.918664499993355, 22.513359599776276, 0.0 ], [ 69.863665599344586, 22.52821869976653, 0.0 ], [ 69.890978600393851, 22.524410600632013, 0.0 ], [ 69.916773799930084, 22.54883329975835, 0.0 ], [ 69.931481800194021, 22.540597199867687, 0.0 ] ] ], [ [ [ 69.954586700301249, 22.534749900077223, 0.0 ], [ 69.956812999934925, 22.534941199828211, 0.0 ], [ 69.95436539989322, 22.534275300110178, 0.0 ], [ 69.954586700301249, 22.534749900077223, 0.0 ] ] ], [ [ [ 70.058136762948763, 22.539492369926077, 0.0 ], [ 70.048215467482805, 22.523750910136091, 0.0 ], [ 70.034910696876111, 22.53558676046304, 0.0 ], [ 70.043917126661881, 22.553517957969294, 0.0 ], [ 70.058136762948763, 22.539492369926077, 0.0 ] ] ], [ [ [ 69.930879800516237, 22.539716899343581, 0.0 ], [ 69.932957300343006, 22.538530599661222, 0.0 ], [ 69.930405400089427, 22.538988999956008, 0.0 ], [ 69.930879800516237, 22.539716899343581, 0.0 ] ] ], [ [ [ 69.957642399872284, 22.541311100200645, 0.0 ], [ 69.96396900028283, 22.542255300684111, 0.0 ], [ 69.957075499817634, 22.538839099758089, 0.0 ], [ 69.957642399872284, 22.541311100200645, 0.0 ] ] ], [ [ [ 69.944358400858576, 22.550361700268351, 0.0 ], [ 69.950383599737179, 22.536506200139009, 0.0 ], [ 69.939320400439499, 22.54005150046547, 0.0 ], [ 69.944358400858576, 22.550361700268351, 0.0 ] ] ], [ [ [ 70.014516199538477, 22.550729500286533, 0.0 ], [ 70.024323800564972, 22.552524600260995, 0.0 ], [ 70.012048700452667, 22.549449500735626, 0.0 ], [ 70.014516199538477, 22.550729500286533, 0.0 ] ] ], [ [ [ 70.005069999317811, 22.549933799750068, 0.0 ], [ 70.009487499849044, 22.551854899765043, 0.0 ], [ 70.012059799417386, 22.554201100334694, 0.0 ], [ 70.011792000319943, 22.552232799392254, 0.0 ], [ 70.005069999317811, 22.549933799750068, 0.0 ] ] ], [ [ [ 70.017879600020606, 22.558155100316664, 0.0 ], [ 70.024338700161195, 22.55612380020554, 0.0 ], [ 70.012980100277531, 22.553793300065241, 0.0 ], [ 70.017879600020606, 22.558155100316664, 0.0 ] ] ], [ [ [ 70.039880299802533, 22.564367499867299, 0.0 ], [ 70.040883399672396, 22.565627899713526, 0.0 ], [ 70.046052299577426, 22.570772300216593, 0.0 ], [ 70.039880299802533, 22.564367499867299, 0.0 ] ] ], [ [ [ 70.024076100256224, 22.584107999727674, 0.0 ], [ 70.006853800050635, 22.554606099816578, 0.0 ], [ 70.002697200842391, 22.556224700198914, 0.0 ], [ 70.004911500018181, 22.568561300551938, 0.0 ], [ 70.000948099486408, 22.57230820001659, 0.0 ], [ 69.994162599252874, 22.549491199708772, 0.0 ], [ 69.975075100923618, 22.546785800046145, 0.0 ], [ 69.978303400208773, 22.548544599960145, 0.0 ], [ 69.980805899749754, 22.556037500303361, 0.0 ], [ 69.975800299219884, 22.563397599617648, 0.0 ], [ 69.977300799292578, 22.548646899932177, 0.0 ], [ 69.959362499383701, 22.550064900154222, 0.0 ], [ 69.975964800149285, 22.58041919996371, 0.0 ], [ 70.004897499895165, 22.59280120015702, 0.0 ], [ 70.024076100256224, 22.584107999727674, 0.0 ] ] ], [ [ [ 69.932452710774669, 22.578928541169908, 0.0 ], [ 69.933084179837394, 22.577641455822228, 0.0 ], [ 69.932184768506758, 22.57763276541414, 0.0 ], [ 69.932452710774669, 22.578928541169908, 0.0 ] ] ], [ [ [ 70.045290143143518, 22.59461117931318, 0.0 ], [ 70.046647406080879, 22.593688125289226, 0.0 ], [ 70.044813153708816, 22.59362735487235, 0.0 ], [ 70.045290143143518, 22.59461117931318, 0.0 ] ] ], [ [ [ 69.961129599571194, 22.59938020024304, 0.0 ], [ 69.962393599878055, 22.59930969915029, 0.0 ], [ 69.960630900288379, 22.598601799358388, 0.0 ], [ 69.961129599571194, 22.59938020024304, 0.0 ] ] ], [ [ [ 69.952159300547109, 22.604809299902332, 0.0 ], [ 69.958849099817954, 22.595712500167906, 0.0 ], [ 69.950939200197212, 22.600401999601573, 0.0 ], [ 69.952159300547109, 22.604809299902332, 0.0 ] ] ], [ [ [ 70.129115772519185, 22.981928464081872, 0.0 ], [ 70.132265893894015, 22.982298528704437, 0.0 ], [ 70.13056882123179, 22.980018534731339, 0.0 ], [ 70.129115772519185, 22.981928464081872, 0.0 ] ] ], [ [ [ 70.429738245055603, 22.975988852700745, 0.0 ], [ 70.435739713162491, 22.984307690063456, 0.0 ], [ 70.456316734959557, 22.997667022297566, 0.0 ], [ 70.449945344477086, 22.985227061812125, 0.0 ], [ 70.429738245055603, 22.975988852700745, 0.0 ] ] ], [ [ [ 70.411101144996806, 22.992094666901504, 0.0 ], [ 70.415580878588941, 23.017152372392754, 0.0 ], [ 70.449327716976526, 23.049390024519361, 0.0 ], [ 70.431209062143026, 23.006243879400454, 0.0 ], [ 70.411101144996806, 22.992094666901504, 0.0 ] ] ], [ [ [ 70.421578914993475, 23.026934524589954, 0.0 ], [ 70.428048510889752, 23.04254058769553, 0.0 ], [ 70.441988818851428, 23.047131366852248, 0.0 ], [ 70.433041261586922, 23.036014739901717, 0.0 ], [ 70.421578914993475, 23.026934524589954, 0.0 ] ] ], [ [ [ 70.448329645599514, 23.026635195791144, 0.0 ], [ 70.460088716252557, 23.046910257974879, 0.0 ], [ 70.449197067143487, 23.025144839457912, 0.0 ], [ 70.448329645599514, 23.026635195791144, 0.0 ] ] ], [ [ [ 70.451696380843231, 23.045293790705863, 0.0 ], [ 70.452627098783225, 23.043311257136651, 0.0 ], [ 70.451045874402965, 23.042454247020743, 0.0 ], [ 70.451696380843231, 23.045293790705863, 0.0 ] ] ], [ [ [ 70.46252608648301, 23.051279398950772, 0.0 ], [ 70.483441222223533, 23.062720591731143, 0.0 ], [ 70.462027626601355, 23.042660705725851, 0.0 ], [ 70.46252608648301, 23.051279398950772, 0.0 ] ] ], [ [ [ 70.459718626428923, 23.055642376745915, 0.0 ], [ 70.458478193654457, 23.053841598396264, 0.0 ], [ 70.457487982302325, 23.05421234571179, 0.0 ], [ 70.459718626428923, 23.055642376745915, 0.0 ] ] ], [ [ [ 70.465926258344254, 23.057842125983235, 0.0 ], [ 70.462777088095066, 23.054611263844478, 0.0 ], [ 70.462245291084329, 23.054719954191164, 0.0 ], [ 70.465926258344254, 23.057842125983235, 0.0 ] ] ], [ [ [ 70.257648030205473, 23.173804260205987, 0.0 ], [ 70.256619942223352, 23.170621012886176, 0.0 ], [ 70.256463973889936, 23.173774695929776, 0.0 ], [ 70.257648030205473, 23.173804260205987, 0.0 ] ] ], [ [ [ 70.253835170488273, 23.171087392720899, 0.0 ], [ 70.249569596368588, 23.176977399235593, 0.0 ], [ 70.255851941561701, 23.175929313281308, 0.0 ], [ 70.253835170488273, 23.171087392720899, 0.0 ] ] ], [ [ [ 68.525318555835597, 23.689686439978164, 0.0 ], [ 68.529809222720203, 23.675685116207251, 0.0 ], [ 68.538567120227427, 23.685644720069885, 0.0 ], [ 68.547426528245992, 23.674954379307376, 0.0 ], [ 68.528697759016225, 23.673995920711931, 0.0 ], [ 68.522042399486622, 23.653477520167542, 0.0 ], [ 68.525318555835597, 23.689686439978164, 0.0 ] ] ], [ [ [ 73.010728208273889, 8.277513290662315, 0.0 ], [ 73.011041900807697, 8.27587677392402, 0.0 ], [ 73.010124578921605, 8.277517606145368, 0.0 ], [ 73.010728208273889, 8.277513290662315, 0.0 ] ] ], [ [ [ 73.035884552138896, 8.264093077780274, 0.0 ], [ 73.020697652843296, 8.268487886630872, 0.0 ], [ 73.017641189754727, 8.275331729495555, 0.0 ], [ 73.047627633019886, 8.275136059178511, 0.0 ], [ 73.063504803250837, 8.293544012895552, 0.0 ], [ 73.068517642068684, 8.308803138679879, 0.0 ], [ 73.074802361776449, 8.320319084194065, 0.0 ], [ 73.078287840852497, 8.323967977298496, 0.0 ], [ 73.065852910313197, 8.284624620069781, 0.0 ], [ 73.035884552138896, 8.264093077780274, 0.0 ] ] ], [ [ [ 73.013716172513128, 8.30209015427571, 0.0 ], [ 73.013675425421241, 8.301656113578261, 0.0 ], [ 73.013489273485078, 8.301945374545443, 0.0 ], [ 73.013716172513128, 8.30209015427571, 0.0 ] ] ], [ [ [ 73.627060323515977, 10.071867023210588, 0.0 ], [ 73.627968021748202, 10.074036913959553, 0.0 ], [ 73.628684176154223, 10.073322667981396, 0.0 ], [ 73.627060323515977, 10.071867023210588, 0.0 ] ] ], [ [ [ 73.630525889419602, 10.073208870424892, 0.0 ], [ 73.630866043194473, 10.072860621265521, 0.0 ], [ 73.630499552538041, 10.072747161867117, 0.0 ], [ 73.630525889419602, 10.073208870424892, 0.0 ] ] ], [ [ [ 72.64045408978248, 10.578966441349328, 0.0 ], [ 72.649526894838488, 10.563262290179287, 0.0 ], [ 72.616780519316109, 10.542093330557105, 0.0 ], [ 72.64045408978248, 10.578966441349328, 0.0 ] ] ], [ [ [ 72.719950317319672, 11.113540225377461, 0.0 ], [ 72.720843238042221, 11.130160833403259, 0.0 ], [ 72.733885495419727, 11.135847653665024, 0.0 ], [ 72.719950317319672, 11.113540225377461, 0.0 ] ] ], [ [ [ 72.761575291769688, 11.182518157908008, 0.0 ], [ 72.779325867543562, 11.242345011108171, 0.0 ], [ 72.79007604401346, 11.260149044375867, 0.0 ], [ 72.776949382313674, 11.217148690576737, 0.0 ], [ 72.769481755458827, 11.205420627595251, 0.0 ], [ 72.762943562809625, 11.183915469022255, 0.0 ], [ 72.761575291769688, 11.182518157908008, 0.0 ] ] ], [ [ [ 73.007196122318021, 11.471116947886388, 0.0 ], [ 72.998050781065174, 11.496967857833086, 0.0 ], [ 72.999425062425459, 11.498188921271948, 0.0 ], [ 73.009819469158799, 11.487349743798744, 0.0 ], [ 73.007196122318021, 11.471116947886388, 0.0 ] ] ], [ [ [ 72.717234340342884, 11.694463721878536, 0.0 ], [ 72.705366762607142, 11.682913815253917, 0.0 ], [ 72.716356559489412, 11.703662302447603, 0.0 ], [ 72.717234340342884, 11.694463721878536, 0.0 ] ] ], [ [ [ 73.458786699747591, 15.886685000097208, 0.0 ], [ 73.458933099834198, 15.887607699735323, 0.0 ], [ 73.459251999947909, 15.88686370023008, 0.0 ], [ 73.458786699747591, 15.886685000097208, 0.0 ] ] ], [ [ [ 73.457719900411462, 15.887365400079382, 0.0 ], [ 73.457986400059397, 15.887201599906986, 0.0 ], [ 73.457841800380166, 15.887125899947225, 0.0 ], [ 73.457719900411462, 15.887365400079382, 0.0 ] ] ], [ [ [ 73.464354099536024, 15.888183699833652, 0.0 ], [ 73.461986799744551, 15.888979000174658, 0.0 ], [ 73.462091499572281, 15.890036100336745, 0.0 ], [ 73.464354099536024, 15.888183699833652, 0.0 ] ] ], [ [ [ 73.455846599570421, 15.887727199913098, 0.0 ], [ 73.455615399556436, 15.889748399659052, 0.0 ], [ 73.456666600162279, 15.887996499567354, 0.0 ], [ 73.455846599570421, 15.887727199913098, 0.0 ] ] ], [ [ [ 73.46654586315708, 15.893938310019275, 0.0 ], [ 73.467175977151584, 15.89419348639222, 0.0 ], [ 73.467068267684652, 15.89371706686871, 0.0 ], [ 73.46654586315708, 15.893938310019275, 0.0 ] ] ], [ [ [ 73.465296000252224, 15.895012299827064, 0.0 ], [ 73.465344899932518, 15.895719999805481, 0.0 ], [ 73.465630699901965, 15.894716199712487, 0.0 ], [ 73.465296000252224, 15.895012299827064, 0.0 ] ] ], [ [ [ 73.466036658128772, 15.895448033342003, 0.0 ], [ 73.466616917334321, 15.895381476256118, 0.0 ], [ 73.466540647909852, 15.895217443223784, 0.0 ], [ 73.466036658128772, 15.895448033342003, 0.0 ] ] ], [ [ [ 73.466646899654819, 15.898257799928805, 0.0 ], [ 73.467021600135467, 15.898417700122163, 0.0 ], [ 73.467063199977545, 15.89811820037235, 0.0 ], [ 73.466646899654819, 15.898257799928805, 0.0 ] ] ], [ [ [ 73.465714700272969, 15.898552299593254, 0.0 ], [ 73.465001799760955, 15.89961499970727, 0.0 ], [ 73.465629100274967, 15.899418200015276, 0.0 ], [ 73.465714700272969, 15.898552299593254, 0.0 ] ] ], [ [ [ 73.472074000356201, 15.904822000328362, 0.0 ], [ 73.471798000055799, 15.904729999789245, 0.0 ], [ 73.471844000186636, 15.904868000271536, 0.0 ], [ 73.472074000356201, 15.904822000328362, 0.0 ] ] ], [ [ [ 73.466921999905622, 15.905098000060789, 0.0 ], [ 73.466876000141781, 15.90459200022452, 0.0 ], [ 73.466692000249424, 15.904683999964909, 0.0 ], [ 73.466921999905622, 15.905098000060789, 0.0 ] ] ], [ [ [ 73.578512299961076, 15.90999610009994, 0.0 ], [ 73.579085000135777, 15.909987799805396, 0.0 ], [ 73.579093299819888, 15.909913100332737, 0.0 ], [ 73.578512299961076, 15.90999610009994, 0.0 ] ] ], [ [ [ 73.472695000234495, 15.914689000362593, 0.0 ], [ 73.472810000332444, 15.914090999751371, 0.0 ], [ 73.472464999517186, 15.91404500033798, 0.0 ], [ 73.472695000234495, 15.914689000362593, 0.0 ] ] ], [ [ [ 73.466379300151857, 15.925110400259111, 0.0 ], [ 73.465582499605219, 15.925118700082244, 0.0 ], [ 73.465881299890512, 15.925732899818229, 0.0 ], [ 73.466379300151857, 15.925110400259111, 0.0 ] ] ], [ [ [ 73.466039000155348, 15.92638030040553, 0.0 ], [ 73.466669299715576, 15.926554200345494, 0.0 ], [ 73.466676899616829, 15.926158000343476, 0.0 ], [ 73.466039000155348, 15.92638030040553, 0.0 ] ] ], [ [ [ 73.462851800102669, 15.929559200249278, 0.0 ], [ 73.462818600398961, 15.930613299921392, 0.0 ], [ 73.463333200427371, 15.929633899872556, 0.0 ], [ 73.462851800102669, 15.929559200249278, 0.0 ] ] ], [ [ [ 73.462985099713777, 15.931415000352423, 0.0 ], [ 73.462977300033316, 15.931492900209214, 0.0 ], [ 73.46304039951697, 15.931461900305548, 0.0 ], [ 73.462985099713777, 15.931415000352423, 0.0 ] ] ], [ [ [ 73.46363200034456, 15.932763000139055, 0.0 ], [ 73.463524100101367, 15.931592699863362, 0.0 ], [ 73.462909900391679, 15.932655099919829, 0.0 ], [ 73.46363200034456, 15.932763000139055, 0.0 ] ] ], [ [ [ 73.479374018111244, 15.970642797130463, 0.0 ], [ 73.478976987143426, 15.970640353105322, 0.0 ], [ 73.479262691068442, 15.970848702949683, 0.0 ], [ 73.479374018111244, 15.970642797130463, 0.0 ] ] ], [ [ [ 73.479608815218256, 15.971320296736311, 0.0 ], [ 73.47998220649491, 15.971335857707189, 0.0 ], [ 73.479561641054829, 15.970849459631509, 0.0 ], [ 73.479608815218256, 15.971320296736311, 0.0 ] ] ], [ [ [ 73.479069999628251, 15.972005400334826, 0.0 ], [ 73.479651000142624, 15.972295900096583, 0.0 ], [ 73.479584599584427, 15.971482499871637, 0.0 ], [ 73.479069999628251, 15.972005400334826, 0.0 ] ] ], [ [ [ 73.458773299735583, 15.985946599582672, 0.0 ], [ 73.459266699652119, 15.985239999903676, 0.0 ], [ 73.458413199640788, 15.98545329970136, 0.0 ], [ 73.458773299735583, 15.985946599582672, 0.0 ] ] ], [ [ [ 73.459866899717937, 15.986559799581137, 0.0 ], [ 73.45936679972796, 15.986353100097086, 0.0 ], [ 73.459526800299983, 15.986739699912638, 0.0 ], [ 73.459866899717937, 15.986559799581137, 0.0 ] ] ], [ [ [ 73.460280399578238, 15.986819700036143, 0.0 ], [ 73.461147300235567, 15.986799700073558, 0.0 ], [ 73.46064720035659, 15.986193200072814, 0.0 ], [ 73.460280399578238, 15.986819700036143, 0.0 ] ] ], [ [ [ 73.458959999960101, 15.986912999629276, 0.0 ], [ 73.458433199895026, 15.986673100259138, 0.0 ], [ 73.45863989983232, 15.987086299661613, 0.0 ], [ 73.458959999960101, 15.986912999629276, 0.0 ] ] ], [ [ [ 73.456278200235985, 15.987642600238066, 0.0 ], [ 73.456552099954848, 15.98744340022739, 0.0 ], [ 73.456303099928959, 15.987302300093067, 0.0 ], [ 73.456278200235985, 15.987642600238066, 0.0 ] ] ], [ [ [ 73.46361269977308, 15.988993399878108, 0.0 ], [ 73.463072600390575, 15.988786799808004, 0.0 ], [ 73.463279299983625, 15.989206699677222, 0.0 ], [ 73.46361269977308, 15.988993399878108, 0.0 ] ] ], [ [ [ 73.464726399647716, 15.991094600291394, 0.0 ], [ 73.464319599663426, 15.990708000342837, 0.0 ], [ 73.464279600010954, 15.991154599861829, 0.0 ], [ 73.464726399647716, 15.991094600291394, 0.0 ] ] ], [ [ [ 73.475685000135215, 15.991577999987392, 0.0 ], [ 73.475891999751838, 15.99097999963297, 0.0 ], [ 73.475363000381108, 15.991209999916036, 0.0 ], [ 73.475685000135215, 15.991577999987392, 0.0 ] ] ], [ [ [ 73.464790704181937, 15.99157901349178, 0.0 ], [ 73.464075882534217, 15.992321048768698, 0.0 ], [ 73.464778919520057, 15.992939095447294, 0.0 ], [ 73.464790704181937, 15.99157901349178, 0.0 ] ] ], [ [ [ 73.456939599693996, 15.993386200410837, 0.0 ], [ 73.456483399758241, 15.993583900424724, 0.0 ], [ 73.456813200344641, 15.993748699716232, 0.0 ], [ 73.456939599693996, 15.993386200410837, 0.0 ] ] ], [ [ [ 73.471604600395239, 15.993708800394595, 0.0 ], [ 73.471011099672509, 15.993235600441935, 0.0 ], [ 73.470937799757394, 15.993775499871896, 0.0 ], [ 73.471604600395239, 15.993708800394595, 0.0 ] ] ], [ [ [ 73.457873800402311, 15.99340270046098, 0.0 ], [ 73.457302299682468, 15.99402340005334, 0.0 ], [ 73.457901300076415, 15.993896999952241, 0.0 ], [ 73.457873800402311, 15.99340270046098, 0.0 ] ] ], [ [ [ 73.455527200042312, 15.993583900150696, 0.0 ], [ 73.455131499837108, 15.993918999956351, 0.0 ], [ 73.455395299901724, 15.993968400209816, 0.0 ], [ 73.455527200042312, 15.993583900150696, 0.0 ] ] ], [ [ [ 73.4563020996912, 15.993583899758432, 0.0 ], [ 73.455900899971354, 15.993896999767523, 0.0 ], [ 73.456181199695379, 15.993962900001637, 0.0 ], [ 73.4563020996912, 15.993583899758432, 0.0 ] ] ], [ [ [ 73.472231499964494, 15.993855499652541, 0.0 ], [ 73.471878000267381, 15.994102100223037, 0.0 ], [ 73.472118100148577, 15.994228700194812, 0.0 ], [ 73.472231499964494, 15.993855499652541, 0.0 ] ] ], [ [ [ 73.455114999767133, 15.9940013997017, 0.0 ], [ 73.454669900428485, 15.994215600024194, 0.0 ], [ 73.454977599695511, 15.994369400314159, 0.0 ], [ 73.455114999767133, 15.9940013997017, 0.0 ] ] ], [ [ [ 73.470997799768526, 15.994122099869063, 0.0 ], [ 73.4705310001371, 15.994415400204975, 0.0 ], [ 73.470844399859402, 15.994468699720382, 0.0 ], [ 73.470997799768526, 15.994122099869063, 0.0 ] ] ], [ [ [ 73.470297599669806, 15.994122099906257, 0.0 ], [ 73.469777399928788, 15.994262099982615, 0.0 ], [ 73.470137500377405, 15.994475399656032, 0.0 ], [ 73.470297599669806, 15.994122099906257, 0.0 ] ] ], [ [ [ 73.458298416439561, 15.994690473833773, 0.0 ], [ 73.45785246039064, 15.994555957136207, 0.0 ], [ 73.457944286373674, 15.994887483293533, 0.0 ], [ 73.458298416439561, 15.994690473833773, 0.0 ] ] ], [ [ [ 73.471371200032323, 15.994735300306315, 0.0 ], [ 73.470811100257563, 15.994901999803615, 0.0 ], [ 73.471211200062712, 15.99507530024456, 0.0 ], [ 73.471371200032323, 15.994735300306315, 0.0 ] ] ], [ [ [ 73.471871399671201, 15.994675299763552, 0.0 ], [ 73.471517900088728, 15.994928599576491, 0.0 ], [ 73.471904700355182, 15.994975300002531, 0.0 ], [ 73.471871399671201, 15.994675299763552, 0.0 ] ] ], [ [ [ 73.470524300337019, 15.994981900022427, 0.0 ], [ 73.469690700163795, 15.995695100422935, 0.0 ], [ 73.470017499574652, 15.995788500156529, 0.0 ], [ 73.470524300337019, 15.994981900022427, 0.0 ] ] ], [ [ [ 73.471291199643829, 15.99541520027484, 0.0 ], [ 73.47094440029845, 15.995661799580489, 0.0 ], [ 73.471237900413499, 15.99576179971972, 0.0 ], [ 73.471291199643829, 15.99541520027484, 0.0 ] ] ], [ [ [ 73.469964099805196, 15.996708300302021, 0.0 ], [ 73.469717400314948, 15.997068199755137, 0.0 ], [ 73.470010799893686, 15.996988199979938, 0.0 ], [ 73.469964099805196, 15.996708300302021, 0.0 ] ] ], [ [ [ 73.471270917913102, 15.997491729848518, 0.0 ], [ 73.471540898485941, 15.998038802063707, 0.0 ], [ 73.471586572395751, 15.997352715887404, 0.0 ], [ 73.471270917913102, 15.997491729848518, 0.0 ] ] ], [ [ [ 73.46003979995163, 16.023657899756639, 0.0 ], [ 73.460295899834719, 16.023606499970931, 0.0 ], [ 73.460269599873186, 16.023408700282854, 0.0 ], [ 73.46003979995163, 16.023657899756639, 0.0 ] ] ], [ [ [ 73.459291100430733, 16.045626399990116, 0.0 ], [ 73.46080170026498, 16.039077699607585, 0.0 ], [ 73.457025199861988, 16.040729399646398, 0.0 ], [ 73.459291100430733, 16.045626399990116, 0.0 ] ] ], [ [ [ 73.464862099667855, 16.046086199889892, 0.0 ], [ 73.464606699567838, 16.047065000374275, 0.0 ], [ 73.465193000386932, 16.046808199985879, 0.0 ], [ 73.464862099667855, 16.046086199889892, 0.0 ] ] ], [ [ [ 73.461559499621345, 16.051306500111338, 0.0 ], [ 73.461168899562509, 16.051825299572666, 0.0 ], [ 73.461441299785875, 16.052066699539164, 0.0 ], [ 73.461559499621345, 16.051306500111338, 0.0 ] ] ], [ [ [ 73.463821366105265, 16.073779748849176, 0.0 ], [ 73.463507040671558, 16.073935649688064, 0.0 ], [ 73.463754482735908, 16.073969058192468, 0.0 ], [ 73.463821366105265, 16.073779748849176, 0.0 ] ] ], [ [ [ 73.46410265512813, 16.074274317138038, 0.0 ], [ 73.463625423067754, 16.074343191147815, 0.0 ], [ 73.464064123722324, 16.074423160241984, 0.0 ], [ 73.46410265512813, 16.074274317138038, 0.0 ] ] ], [ [ [ 73.457788799832684, 16.087549699648903, 0.0 ], [ 73.457689199756857, 16.088122400113392, 0.0 ], [ 73.458270199521635, 16.089218000407918, 0.0 ], [ 73.457788799832684, 16.087549699648903, 0.0 ] ] ], [ [ [ 73.444708000129921, 16.098215200385106, 0.0 ], [ 73.444010800187172, 16.09903690042788, 0.0 ], [ 73.44415189965477, 16.099269300199651, 0.0 ], [ 73.444708000129921, 16.098215200385106, 0.0 ] ] ], [ [ [ 73.443554300002859, 16.099584700058642, 0.0 ], [ 73.443006500243612, 16.102722099600729, 0.0 ], [ 73.443969299776995, 16.099667699735374, 0.0 ], [ 73.443554300002859, 16.099584700058642, 0.0 ] ] ], [ [ [ 73.441670199954601, 16.103286499789462, 0.0 ], [ 73.441711700331737, 16.104149700299406, 0.0 ], [ 73.441952399530763, 16.103029200393451, 0.0 ], [ 73.441670199954601, 16.103286499789462, 0.0 ] ] ], [ [ [ 73.283103899884935, 16.957730299664238, 0.0 ], [ 73.283486199619446, 16.95752529983174, 0.0 ], [ 73.28306210025201, 16.957401899955503, 0.0 ], [ 73.283103899884935, 16.957730299664238, 0.0 ] ] ], [ [ [ 73.285588137255857, 16.989475868765759, 0.0 ], [ 73.285426210986401, 16.989353237043854, 0.0 ], [ 73.285482360092075, 16.989505733547404, 0.0 ], [ 73.285588137255857, 16.989475868765759, 0.0 ] ] ], [ [ [ 73.12016890541716, 17.766550215573929, 0.0 ], [ 73.119687775576423, 17.766160903651237, 0.0 ], [ 73.119475190484081, 17.765520371074007, 0.0 ], [ 73.12016890541716, 17.766550215573929, 0.0 ] ] ], [ [ [ 73.101272119478878, 17.804713143604946, 0.0 ], [ 73.101568498111803, 17.80411700994739, 0.0 ], [ 73.101362247481163, 17.804056476355637, 0.0 ], [ 73.101272119478878, 17.804713143604946, 0.0 ] ] ], [ [ [ 73.087751400146331, 17.807360100456737, 0.0 ], [ 73.087410200311496, 17.807733700261533, 0.0 ], [ 73.087802499734224, 17.807783900311367, 0.0 ], [ 73.087751400146331, 17.807360100456737, 0.0 ] ] ], [ [ [ 73.082799300086506, 17.8179645003096, 0.0 ], [ 73.085038499612367, 17.815525100234531, 0.0 ], [ 73.08365759979317, 17.814538400197488, 0.0 ], [ 73.082799300086506, 17.8179645003096, 0.0 ] ] ], [ [ [ 72.978454190303466, 18.103449948510548, 0.0 ], [ 72.976946338499303, 18.104052863109665, 0.0 ], [ 72.978159120849782, 18.104606454361271, 0.0 ], [ 72.978454190303466, 18.103449948510548, 0.0 ] ] ], [ [ [ 72.963555900397154, 18.300841999586204, 0.0 ], [ 72.965847299790468, 18.298839900328851, 0.0 ], [ 72.963104000155212, 18.299654500047946, 0.0 ], [ 72.963555900397154, 18.300841999586204, 0.0 ] ] ], [ [ [ 72.932705900230403, 18.322698200358168, 0.0 ], [ 72.93238219987289, 18.321461499571942, 0.0 ], [ 72.931934000257613, 18.321743699715633, 0.0 ], [ 72.932705900230403, 18.322698200358168, 0.0 ] ] ], [ [ [ 72.812752000219263, 18.70675269979537, 0.0 ], [ 72.814924400216242, 18.70337630004752, 0.0 ], [ 72.813136500298228, 18.702492699914671, 0.0 ], [ 72.812752000219263, 18.70675269979537, 0.0 ] ] ], [ [ [ 72.842109899929241, 18.70747759989521, 0.0 ], [ 72.842273100162885, 18.706393000384367, 0.0 ], [ 72.841504700065784, 18.70558490035874, 0.0 ], [ 72.842109899929241, 18.70747759989521, 0.0 ] ] ], [ [ [ 72.899696930685295, 18.83202069229559, 0.0 ], [ 72.899554649347607, 18.829905635000646, 0.0 ], [ 72.898328500902025, 18.831409264605419, 0.0 ], [ 72.899696930685295, 18.83202069229559, 0.0 ] ] ], [ [ [ 72.897164300106809, 18.834204999852545, 0.0 ], [ 72.896527200438967, 18.8335371004097, 0.0 ], [ 72.896440400164181, 18.834397399858847, 0.0 ], [ 72.897164300106809, 18.834204999852545, 0.0 ] ] ], [ [ [ 72.827713200413655, 18.901985900188695, 0.0 ], [ 72.827182900362871, 18.90269829999761, 0.0 ], [ 72.82783720007518, 18.903003500333742, 0.0 ], [ 72.827713200413655, 18.901985900188695, 0.0 ] ] ], [ [ [ 72.847765600215467, 18.91914480023701, 0.0 ], [ 72.847591299997731, 18.918298199808451, 0.0 ], [ 72.84720120035773, 18.918605299661923, 0.0 ], [ 72.847765600215467, 18.91914480023701, 0.0 ] ] ], [ [ [ 72.852046499838437, 18.94860949964955, 0.0 ], [ 72.851266299746911, 18.947580300074989, 0.0 ], [ 72.851266299674549, 18.948576299676407, 0.0 ], [ 72.852046499838437, 18.94860949964955, 0.0 ] ] ], [ [ [ 72.899890699944606, 18.961504900287544, 0.0 ], [ 72.906184900221362, 18.959408099851242, 0.0 ], [ 72.902786900177901, 18.956904699812593, 0.0 ], [ 72.899890699944606, 18.961504900287544, 0.0 ] ] ], [ [ [ 72.941344399737275, 18.969713099763862, 0.0 ], [ 72.935196999805029, 18.952857400024413, 0.0 ], [ 72.9247640004304, 18.960091900345887, 0.0 ], [ 72.928632599573973, 18.966997599728757, 0.0 ], [ 72.941344399737275, 18.969713099763862, 0.0 ] ] ], [ [ [ 72.810831505164401, 19.079799822561505, 0.0 ], [ 72.807448076068326, 19.074510070488476, 0.0 ], [ 72.808879874116187, 19.079243445217127, 0.0 ], [ 72.810831505164401, 19.079799822561505, 0.0 ] ] ], [ [ [ 72.774460370486835, 19.134058188408652, 0.0 ], [ 72.773469659958934, 19.132874990003792, 0.0 ], [ 72.773041184544596, 19.133702656045497, 0.0 ], [ 72.774460370486835, 19.134058188408652, 0.0 ] ] ], [ [ [ 72.782842800119596, 19.133082699781355, 0.0 ], [ 72.781327200135351, 19.134993700050707, 0.0 ], [ 72.783116600097358, 19.134467199919662, 0.0 ], [ 72.782842800119596, 19.133082699781355, 0.0 ] ] ], [ [ [ 72.766320143709777, 19.24109500340635, 0.0 ], [ 72.768043450647667, 19.241328910974719, 0.0 ], [ 72.766164050337707, 19.239522303436772, 0.0 ], [ 72.766320143709777, 19.24109500340635, 0.0 ] ] ], [ [ [ 72.758675100083465, 19.26722400025081, 0.0 ], [ 72.757959599882128, 19.26710240027354, 0.0 ], [ 72.75852420040556, 19.267681200278279, 0.0 ], [ 72.758675100083465, 19.26722400025081, 0.0 ] ] ], [ [ [ 72.764368000320957, 19.284564699559393, 0.0 ], [ 72.763433899812611, 19.284310100206984, 0.0 ], [ 72.764138700161283, 19.285005899651441, 0.0 ], [ 72.764368000320957, 19.284564699559393, 0.0 ] ] ], [ [ [ 72.769991963689833, 19.309868673084232, 0.0 ], [ 72.76970878977302, 19.309143644086522, 0.0 ], [ 72.769523418048976, 19.309736676344357, 0.0 ], [ 72.769991963689833, 19.309868673084232, 0.0 ] ] ], [ [ [ 72.771798326437818, 19.309006784313258, 0.0 ], [ 72.772939063291048, 19.30951928233743, 0.0 ], [ 72.772280383826455, 19.308352161642414, 0.0 ], [ 72.771798326437818, 19.309006784313258, 0.0 ] ] ], [ [ [ 72.79419252185042, 19.320394141723011, 0.0 ], [ 72.793280795800172, 19.321704596476479, 0.0 ], [ 72.795130836536202, 19.320603746701057, 0.0 ], [ 72.79419252185042, 19.320394141723011, 0.0 ] ] ], [ [ [ 72.763413899609375, 19.335522900004612, 0.0 ], [ 72.762524900452547, 19.335726599774826, 0.0 ], [ 72.763321899885668, 19.336192199884433, 0.0 ], [ 72.763413899609375, 19.335522900004612, 0.0 ] ] ], [ [ [ 72.756238311840505, 19.342839832252167, 0.0 ], [ 72.754674707476113, 19.346329635605919, 0.0 ], [ 72.757144532950292, 19.349696634880644, 0.0 ], [ 72.756238311840505, 19.342839832252167, 0.0 ] ] ], [ [ [ 72.728276900037613, 19.467160300417092, 0.0 ], [ 72.73646900045577, 19.465674600171624, 0.0 ], [ 72.733530800024838, 19.459109299903453, 0.0 ], [ 72.728276900037613, 19.467160300417092, 0.0 ] ] ], [ [ [ 72.743378899606213, 21.578705100056574, 0.0 ], [ 72.756843499377638, 21.594040999925635, 0.0 ], [ 72.770668100310388, 21.597352899925987, 0.0 ], [ 72.753315299993901, 21.56603329954147, 0.0 ], [ 72.743378899606213, 21.578705100056574, 0.0 ] ] ], [ [ [ 72.740018731358631, 21.644758842372326, 0.0 ], [ 72.815898373025107, 21.652847556434839, 0.0 ], [ 72.819778275682211, 21.623857980104056, 0.0 ], [ 72.727697958300638, 21.585772458199276, 0.0 ], [ 72.701942787118043, 21.592070806179379, 0.0 ], [ 72.642206571724884, 21.532245340887066, 0.0 ], [ 72.575194658843316, 21.5323254209226, 0.0 ], [ 72.580165441377048, 21.585712740164006, 0.0 ], [ 72.600474723684101, 21.5779326280534, 0.0 ], [ 72.598802279130666, 21.548668210219692, 0.0 ], [ 72.617423126299727, 21.546973856410556, 0.0 ], [ 72.606955044929435, 21.587579026983597, 0.0 ], [ 72.626603873398281, 21.628827040721266, 0.0 ], [ 72.671899929397426, 21.645324773309067, 0.0 ], [ 72.740018731358631, 21.644758842372326, 0.0 ] ] ], [ [ [ 72.749509251118468, 21.653684964302609, 0.0 ], [ 72.749477542077813, 21.651725149043052, 0.0 ], [ 72.749509472955822, 21.656055480883012, 0.0 ], [ 72.749509251118468, 21.653684964302609, 0.0 ] ] ], [ [ [ 72.750625314779711, 21.660179635082891, 0.0 ], [ 72.743345998183031, 21.648077219237628, 0.0 ], [ 72.740384854422928, 21.647298400682519, 0.0 ], [ 72.741027469699446, 21.655226192632103, 0.0 ], [ 72.750625314779711, 21.660179635082891, 0.0 ] ] ], [ [ [ 72.735449270075364, 21.653467130630602, 0.0 ], [ 72.72531127797825, 21.65091560337094, 0.0 ], [ 72.737087249005327, 21.659715951855596, 0.0 ], [ 72.735449270075364, 21.653467130630602, 0.0 ] ] ], [ [ [ 72.760614195816046, 21.659028314940912, 0.0 ], [ 72.750623926692086, 21.654008801724853, 0.0 ], [ 72.760304268937205, 21.660107266849636, 0.0 ], [ 72.760614195816046, 21.659028314940912, 0.0 ] ] ], [ [ [ 72.733987774982509, 21.66492817360346, 0.0 ], [ 72.724170493010007, 21.652607220780851, 0.0 ], [ 72.715131786386181, 21.659678639869863, 0.0 ], [ 72.729938797637615, 21.661894733429826, 0.0 ], [ 72.733987774982509, 21.66492817360346, 0.0 ] ] ], [ [ [ 72.742419247076043, 21.657518290256451, 0.0 ], [ 72.745367563393202, 21.661236479781785, 0.0 ], [ 72.74728571474509, 21.661178910198373, 0.0 ], [ 72.742419247076043, 21.657518290256451, 0.0 ] ] ], [ [ [ 72.726398683576093, 21.67035534353678, 0.0 ], [ 72.726037345689278, 21.662388432479712, 0.0 ], [ 72.716691766051497, 21.663606439420416, 0.0 ], [ 72.726398683576093, 21.67035534353678, 0.0 ] ] ], [ [ [ 73.631416530490029, 10.06856709174212, 0.0 ], [ 73.630431288229744, 10.06788449331537, 0.0 ], [ 73.630303533568977, 10.068300352493697, 0.0 ], [ 73.631416530490029, 10.06856709174212, 0.0 ] ] ], [ [ [ 73.631649145022564, 10.068924223088521, 0.0 ], [ 73.631352695788166, 10.068689166716165, 0.0 ], [ 73.631288827052458, 10.068797588972229, 0.0 ], [ 73.631649145022564, 10.068924223088521, 0.0 ] ] ], [ [ [ 73.632908137845902, 10.069665548409542, 0.0 ], [ 73.632816847703737, 10.068485718847574, 0.0 ], [ 73.632251254287809, 10.068702651113353, 0.0 ], [ 73.632908137845902, 10.069665548409542, 0.0 ] ] ], [ [ [ 73.634690445208804, 10.071523471669254, 0.0 ], [ 73.633511687215261, 10.071854967480588, 0.0 ], [ 73.63457477338676, 10.071995805745003, 0.0 ], [ 73.634690445208804, 10.071523471669254, 0.0 ] ] ], [ [ [ 73.646742477292122, 10.057812502075215, 0.0 ], [ 73.634905977761406, 10.070953895565223, 0.0 ], [ 73.651100868421068, 10.101647798437826, 0.0 ], [ 73.647710469449692, 10.080998195133866, 0.0 ], [ 73.646742477292122, 10.057812502075215, 0.0 ] ] ], [ [ [ 73.652515548070085, 10.108889568853767, 0.0 ], [ 73.651968064385045, 10.108424008816799, 0.0 ], [ 73.652018240164125, 10.10921504076086, 0.0 ], [ 73.652515548070085, 10.108889568853767, 0.0 ] ] ], [ [ [ 73.658969860337479, 10.155106805385438, 0.0 ], [ 73.661280937299523, 10.129579273595558, 0.0 ], [ 73.659907568510064, 10.128928428492994, 0.0 ], [ 73.658969860337479, 10.155106805385438, 0.0 ] ] ], [ [ [ 73.660153745531574, 10.809314183785471, 0.0 ], [ 73.699325593803266, 10.816097739020943, 0.0 ], [ 73.70163874707363, 10.814026922703865, 0.0 ], [ 73.660153745531574, 10.809314183785471, 0.0 ] ] ], [ [ [ 74.509008699623251, 13.981690300319363, 0.0 ], [ 74.509257699616981, 13.981607300196705, 0.0 ], [ 74.509199600076755, 13.981549200415481, 0.0 ], [ 74.509008699623251, 13.981690300319363, 0.0 ] ] ], [ [ [ 74.50920249995518, 13.982165700150086, 0.0 ], [ 74.509402800224464, 13.982088699738624, 0.0 ], [ 74.509321900259465, 13.981959800425937, 0.0 ], [ 74.50920249995518, 13.982165700150086, 0.0 ] ] ], [ [ [ 74.505389899887149, 13.997510099574344, 0.0 ], [ 74.505730200329182, 13.997518399928358, 0.0 ], [ 74.50574680020506, 13.997319200212294, 0.0 ], [ 74.505389899887149, 13.997510099574344, 0.0 ] ] ], [ [ [ 74.505663800220461, 13.999012400289271, 0.0 ], [ 74.505987500106031, 13.998937699697665, 0.0 ], [ 74.505813200451215, 13.998871299988739, 0.0 ], [ 74.505663800220461, 13.999012400289271, 0.0 ] ] ], [ [ [ 74.506369300274201, 13.999626599998679, 0.0 ], [ 74.506892200403385, 13.999468899722915, 0.0 ], [ 74.506668100303287, 13.999228199981749, 0.0 ], [ 74.506369300274201, 13.999626599998679, 0.0 ] ] ], [ [ [ 74.505705299787905, 14.000747099844439, 0.0 ], [ 74.505804899758786, 14.000929699747793, 0.0 ], [ 74.505912799816059, 14.000755400130878, 0.0 ], [ 74.505705299787905, 14.000747099844439, 0.0 ] ] ], [ [ [ 74.48234080002652, 14.010698800042539, 0.0 ], [ 74.482432099689106, 14.007196200166707, 0.0 ], [ 74.479078899665765, 14.008515900217056, 0.0 ], [ 74.48234080002652, 14.010698800042539, 0.0 ] ] ], [ [ [ 74.322756699597861, 14.010267200054596, 0.0 ], [ 74.323603300065855, 14.010707100067139, 0.0 ], [ 74.32314679979531, 14.010126099974954, 0.0 ], [ 74.322756699597861, 14.010267200054596, 0.0 ] ] ], [ [ [ 74.324931299661117, 14.020409799544451, 0.0 ], [ 74.329446499815916, 14.015620700085105, 0.0 ], [ 74.324815099565171, 14.014375700141203, 0.0 ], [ 74.324931299661117, 14.020409799544451, 0.0 ] ] ], [ [ [ 74.491802294810583, 14.017498628769891, 0.0 ], [ 74.491983105460235, 14.017982104396046, 0.0 ], [ 74.492195852804429, 14.017629564113314, 0.0 ], [ 74.491802294810583, 14.017498628769891, 0.0 ] ] ], [ [ [ 74.4882337999707, 14.019314199614014, 0.0 ], [ 74.488632200447483, 14.019862000435859, 0.0 ], [ 74.488906100177189, 14.019529999595091, 0.0 ], [ 74.4882337999707, 14.019314199614014, 0.0 ] ] ], [ [ [ 74.487279299751009, 14.024269300275298, 0.0 ], [ 74.484307900439404, 14.022783600176579, 0.0 ], [ 74.487038600099055, 14.024584699702542, 0.0 ], [ 74.487279299751009, 14.024269300275298, 0.0 ] ] ], [ [ [ 74.485519699800648, 14.025472800227107, 0.0 ], [ 74.485486499770644, 14.025215500389924, 0.0 ], [ 74.485362000152037, 14.02519060010027, 0.0 ], [ 74.485519699800648, 14.025472800227107, 0.0 ] ] ], [ [ [ 74.478813299786125, 14.082045600163166, 0.0 ], [ 74.478473000064099, 14.082369299704183, 0.0 ], [ 74.47902910031749, 14.082427400447701, 0.0 ], [ 74.478813299786125, 14.082045600163166, 0.0 ] ] ], [ [ [ 74.470210200074462, 14.083101899565559, 0.0 ], [ 74.470238400445368, 14.084520799948193, 0.0 ], [ 74.471646699852215, 14.08424040011864, 0.0 ], [ 74.470210200074462, 14.083101899565559, 0.0 ] ] ], [ [ [ 74.480747200009645, 14.087224800266235, 0.0 ], [ 74.479983599620539, 14.087174999908216, 0.0 ], [ 74.479635000133086, 14.087681300055399, 0.0 ], [ 74.480747200009645, 14.087224800266235, 0.0 ] ] ], [ [ [ 74.402284000085615, 14.315674999882688, 0.0 ], [ 74.400755000168758, 14.312055999584389, 0.0 ], [ 74.397763000345364, 14.312914000359202, 0.0 ], [ 74.402284000085615, 14.315674999882688, 0.0 ] ] ], [ [ [ 74.387206200149521, 14.418353300225311, 0.0 ], [ 74.386923999711939, 14.417041899623834, 0.0 ], [ 74.386558800016942, 14.417357299697768, 0.0 ], [ 74.387206200149521, 14.418353300225311, 0.0 ] ] ], [ [ [ 74.318814199640727, 14.51706520016868, 0.0 ], [ 74.319088099644205, 14.517214600406088, 0.0 ], [ 74.319046600293305, 14.516799600030856, 0.0 ], [ 74.318814199640727, 14.51706520016868, 0.0 ] ] ], [ [ [ 74.319428400330509, 14.519239800173962, 0.0 ], [ 74.319478200032862, 14.518957600387729, 0.0 ], [ 74.31932050008875, 14.519123600049765, 0.0 ], [ 74.319428400330509, 14.519239800173962, 0.0 ] ] ], [ [ [ 74.309377100104101, 14.526319700268191, 0.0 ], [ 74.308928899978923, 14.525581000095885, 0.0 ], [ 74.308605199566401, 14.525913000263159, 0.0 ], [ 74.309377100104101, 14.526319700268191, 0.0 ] ] ], [ [ [ 74.272845000059547, 14.624645000149762, 0.0 ], [ 74.273069999564342, 14.624900000022727, 0.0 ], [ 74.273149999672327, 14.624550000272592, 0.0 ], [ 74.272845000059547, 14.624645000149762, 0.0 ] ] ], [ [ [ 74.273264999939457, 14.636865000436714, 0.0 ], [ 74.273630000134446, 14.636879999898385, 0.0 ], [ 74.273284999767583, 14.636714999767959, 0.0 ], [ 74.273264999939457, 14.636865000436714, 0.0 ] ] ], [ [ [ 74.277215000442197, 14.660435000195735, 0.0 ], [ 74.275814999611228, 14.66077499994134, 0.0 ], [ 74.277495000330546, 14.661224999653578, 0.0 ], [ 74.277215000442197, 14.660435000195735, 0.0 ] ] ], [ [ [ 74.254034999648582, 14.704205000054115, 0.0 ], [ 74.254310000159492, 14.704294999819989, 0.0 ], [ 74.254270000140536, 14.704149999575582, 0.0 ], [ 74.254034999648582, 14.704205000054115, 0.0 ] ] ], [ [ [ 74.252364999828899, 14.704449999898387, 0.0 ], [ 74.252435000394925, 14.70485500026566, 0.0 ], [ 74.253249999620635, 14.704320000359024, 0.0 ], [ 74.252364999828899, 14.704449999898387, 0.0 ] ] ], [ [ [ 74.241488834784263, 14.710169630796004, 0.0 ], [ 74.238476208832623, 14.711260636650492, 0.0 ], [ 74.241386609778075, 14.711774501536912, 0.0 ], [ 74.241488834784263, 14.710169630796004, 0.0 ] ] ], [ [ [ 74.25655353598583, 14.724155373901977, 0.0 ], [ 74.254159248798103, 14.721681436930842, 0.0 ], [ 74.25469269678446, 14.724700339111532, 0.0 ], [ 74.25655353598583, 14.724155373901977, 0.0 ] ] ], [ [ [ 74.149188299917014, 14.724773699579901, 0.0 ], [ 74.148502600242281, 14.725051499687284, 0.0 ], [ 74.148571699594896, 14.725213699539564, 0.0 ], [ 74.149188299917014, 14.724773699579901, 0.0 ] ] ], [ [ [ 74.146993199760232, 14.726479600224286, 0.0 ], [ 74.148507800236914, 14.725242400084323, 0.0 ], [ 74.145848999960208, 14.725426199863922, 0.0 ], [ 74.146993199760232, 14.726479600224286, 0.0 ] ] ], [ [ [ 74.16503520027581, 14.734406399933411, 0.0 ], [ 74.164256399980403, 14.734926300359662, 0.0 ], [ 74.165069400454513, 14.735247199640428, 0.0 ], [ 74.16503520027581, 14.734406399933411, 0.0 ] ] ], [ [ [ 74.156606471842721, 14.736753548210716, 0.0 ], [ 74.15387923065903, 14.742241371957965, 0.0 ], [ 74.158129551332536, 14.738381792423398, 0.0 ], [ 74.156606471842721, 14.736753548210716, 0.0 ] ] ], [ [ [ 74.229199200166974, 14.740846899768387, 0.0 ], [ 74.229246999790988, 14.74071319998431, 0.0 ], [ 74.229158900167135, 14.740768299564902, 0.0 ], [ 74.229199200166974, 14.740846899768387, 0.0 ] ] ], [ [ [ 74.127708974645969, 14.758674572104875, 0.0 ], [ 74.129250800218401, 14.757466321287191, 0.0 ], [ 74.127621918336246, 14.758147325205123, 0.0 ], [ 74.127708974645969, 14.758674572104875, 0.0 ] ] ], [ [ [ 74.10843501447232, 14.763864841450689, 0.0 ], [ 74.107072378332774, 14.755772895136731, 0.0 ], [ 74.106275536103666, 14.763247841468351, 0.0 ], [ 74.10843501447232, 14.763864841450689, 0.0 ] ] ], [ [ [ 74.139085345525885, 14.763117991339781, 0.0 ], [ 74.143249788600983, 14.758307648151058, 0.0 ], [ 74.138439751518618, 14.760862847970124, 0.0 ], [ 74.139085345525885, 14.763117991339781, 0.0 ] ] ], [ [ [ 74.086779399689803, 14.792874200193983, 0.0 ], [ 74.087252499757312, 14.792791200326834, 0.0 ], [ 74.087086500397945, 14.792625199579788, 0.0 ], [ 74.086779399689803, 14.792874200193983, 0.0 ] ] ], [ [ [ 74.086291299920788, 14.795647699864706, 0.0 ], [ 74.089112399910505, 14.795260500184025, 0.0 ], [ 74.08856890018032, 14.793530000028097, 0.0 ], [ 74.086291299920788, 14.795647699864706, 0.0 ] ] ], [ [ [ 74.055994700038937, 14.81730939979302, 0.0 ], [ 74.057115199843196, 14.815425300381442, 0.0 ], [ 74.054318100469189, 14.816404699614777, 0.0 ], [ 74.055994700038937, 14.81730939979302, 0.0 ] ] ], [ [ [ 74.07158269975352, 14.818859599640723, 0.0 ], [ 74.071812600161465, 14.819543700129529, 0.0 ], [ 74.072170800015726, 14.818971899628174, 0.0 ], [ 74.07158269975352, 14.818859599640723, 0.0 ] ] ], [ [ [ 74.071984233105425, 14.820164531105462, 0.0 ], [ 74.072052656832938, 14.81993979323533, 0.0 ], [ 74.071790274459289, 14.820102998410789, 0.0 ], [ 74.071984233105425, 14.820164531105462, 0.0 ] ] ], [ [ [ 74.066634400095879, 14.820356399972015, 0.0 ], [ 74.066286200320278, 14.819898100028309, 0.0 ], [ 74.066419700421974, 14.820373800367369, 0.0 ], [ 74.066634400095879, 14.820356399972015, 0.0 ] ] ], [ [ [ 74.064095499863782, 14.821210400417526, 0.0 ], [ 74.063415799991375, 14.819070999723438, 0.0 ], [ 74.062267400374623, 14.820833899592808, 0.0 ], [ 74.064095499863782, 14.821210400417526, 0.0 ] ] ], [ [ [ 74.067302996745227, 14.820412394744015, 0.0 ], [ 74.067492131811306, 14.820189412827357, 0.0 ], [ 74.067206646622168, 14.820343298624717, 0.0 ], [ 74.067302996745227, 14.820412394744015, 0.0 ] ] ], [ [ [ 74.056717999874976, 14.820446999981721, 0.0 ], [ 74.061606299873119, 14.81999050024562, 0.0 ], [ 74.057454000037751, 14.819015900388726, 0.0 ], [ 74.056717999874976, 14.820446999981721, 0.0 ] ] ], [ [ [ 74.093995900345092, 14.838638800437533, 0.0 ], [ 74.093644899785545, 14.835963700131686, 0.0 ], [ 74.092929200026816, 14.836904800185854, 0.0 ], [ 74.093995900345092, 14.838638800437533, 0.0 ] ] ], [ [ [ 74.097336999600358, 14.842591199621239, 0.0 ], [ 74.102043100251507, 14.843670200367331, 0.0 ], [ 74.100856200097581, 14.841512199892103, 0.0 ], [ 74.097336999600358, 14.842591199621239, 0.0 ] ] ], [ [ [ 74.109471507400471, 14.84287930953939, 0.0 ], [ 74.110092971289887, 14.84577261575091, 0.0 ], [ 74.11305044739423, 14.842336769063815, 0.0 ], [ 74.109471507400471, 14.84287930953939, 0.0 ] ] ], [ [ [ 74.097670799634983, 14.848093100317872, 0.0 ], [ 74.096873400411653, 14.847700100037398, 0.0 ], [ 74.096753099990082, 14.84795089963243, 0.0 ], [ 74.097670799634983, 14.848093100317872, 0.0 ] ] ], [ [ [ 74.106608861839405, 14.864837615801907, 0.0 ], [ 74.107031646587444, 14.865714331153548, 0.0 ], [ 74.107821541235154, 14.86534833088726, 0.0 ], [ 74.106608861839405, 14.864837615801907, 0.0 ] ] ], [ [ [ 74.101917212089646, 14.878254556059771, 0.0 ], [ 74.101726359288932, 14.876301895216869, 0.0 ], [ 74.10002298082965, 14.876746384280604, 0.0 ], [ 74.101917212089646, 14.878254556059771, 0.0 ] ] ], [ [ [ 74.097291200343449, 14.878537299888809, 0.0 ], [ 74.095287900336629, 14.876237700127026, 0.0 ], [ 74.09456799961221, 14.876518000416491, 0.0 ], [ 74.097291200343449, 14.878537299888809, 0.0 ] ] ], [ [ [ 74.095207099764707, 14.879518300396995, 0.0 ], [ 74.094576300022581, 14.880374000290184, 0.0 ], [ 74.095467100424798, 14.879726700448298, 0.0 ], [ 74.095207099764707, 14.879518300396995, 0.0 ] ] ], [ [ [ 74.092390762324428, 14.880540525728616, 0.0 ], [ 74.092207492755648, 14.880686886833368, 0.0 ], [ 74.092365321519353, 14.880689137867693, 0.0 ], [ 74.092390762324428, 14.880540525728616, 0.0 ] ] ], [ [ [ 74.093896275355476, 14.881049752964421, 0.0 ], [ 74.093753788563276, 14.880957430636197, 0.0 ], [ 74.09377473061457, 14.881106768848943, 0.0 ], [ 74.093896275355476, 14.881049752964421, 0.0 ] ] ], [ [ [ 74.094196218359301, 14.881167015364619, 0.0 ], [ 74.094020676657237, 14.881110271658596, 0.0 ], [ 74.094051175081816, 14.881241657991488, 0.0 ], [ 74.094196218359301, 14.881167015364619, 0.0 ] ] ], [ [ [ 74.093512715961523, 14.881545365115084, 0.0 ], [ 74.093324350770203, 14.881420768216673, 0.0 ], [ 74.0933127411096, 14.881574046424214, 0.0 ], [ 74.093512715961523, 14.881545365115084, 0.0 ] ] ], [ [ [ 74.092546999926839, 14.881681399545432, 0.0 ], [ 74.092264100327299, 14.882544300406503, 0.0 ], [ 74.093466799860792, 14.883097100022656, 0.0 ], [ 74.092546999926839, 14.881681399545432, 0.0 ] ] ], [ [ [ 74.0634218001926, 14.891893200036607, 0.0 ], [ 74.065087599724606, 14.892231699811379, 0.0 ], [ 74.063633100033883, 14.891480799908642, 0.0 ], [ 74.0634218001926, 14.891893200036607, 0.0 ] ] ], [ [ [ 74.014283739365567, 15.007935494167871, 0.0 ], [ 74.011445155000331, 15.007703094884263, 0.0 ], [ 74.012449449838584, 15.008981292077625, 0.0 ], [ 74.014283739365567, 15.007935494167871, 0.0 ] ] ], [ [ [ 73.760099700186032, 15.344226599580942, 0.0 ], [ 73.76038189987041, 15.344118700178635, 0.0 ], [ 73.760116299841343, 15.344044000046647, 0.0 ], [ 73.760099700186032, 15.344226599580942, 0.0 ] ] ], [ [ [ 73.766391899996606, 15.348941800057647, 0.0 ], [ 73.766413200081303, 15.348611999727622, 0.0 ], [ 73.766229199555539, 15.348586799850239, 0.0 ], [ 73.766391899996606, 15.348941800057647, 0.0 ] ] ], [ [ [ 73.764399100315615, 15.348857999685583, 0.0 ], [ 73.763751699695291, 15.349231499891875, 0.0 ], [ 73.764307800193478, 15.34936430003088, 0.0 ], [ 73.764399100315615, 15.348857999685583, 0.0 ] ] ], [ [ [ 73.773371400135062, 15.349231499553184, 0.0 ], [ 73.773620399786068, 15.349123599999134, 0.0 ], [ 73.773329899621032, 15.349190000132355, 0.0 ], [ 73.773371400135062, 15.349231499553184, 0.0 ] ] ], [ [ [ 73.775753500111293, 15.34965480042468, 0.0 ], [ 73.775529399787914, 15.349438999976739, 0.0 ], [ 73.775413199924813, 15.349497099810399, 0.0 ], [ 73.775753500111293, 15.34965480042468, 0.0 ] ] ], [ [ [ 73.771430100176246, 15.349817900119621, 0.0 ], [ 73.771943800171854, 15.349372600278219, 0.0 ], [ 73.771254900398574, 15.349455599904507, 0.0 ], [ 73.771430100176246, 15.349817900119621, 0.0 ] ] ], [ [ [ 73.770657800173254, 15.349617200108607, 0.0 ], [ 73.771090699562208, 15.349753000298001, 0.0 ], [ 73.771096099546568, 15.349620300250541, 0.0 ], [ 73.770657800173254, 15.349617200108607, 0.0 ] ] ], [ [ [ 73.773153100422505, 15.349615300092058, 0.0 ], [ 73.773388199936875, 15.349747999793507, 0.0 ], [ 73.773419500367254, 15.349679399991738, 0.0 ], [ 73.773153100422505, 15.349615300092058, 0.0 ] ] ], [ [ [ 73.774198300324755, 15.349844399891595, 0.0 ], [ 73.774645700188131, 15.349668100119739, 0.0 ], [ 73.774113499913554, 15.349687899636763, 0.0 ], [ 73.774198300324755, 15.349844399891595, 0.0 ] ] ], [ [ [ 73.776550299867068, 15.349812499746207, 0.0 ], [ 73.776400899783908, 15.349671400256764, 0.0 ], [ 73.776384299951616, 15.349754399860439, 0.0 ], [ 73.776550299867068, 15.349812499746207, 0.0 ] ] ], [ [ [ 73.783042499623221, 15.350110299910357, 0.0 ], [ 73.783112599771485, 15.349901100039922, 0.0 ], [ 73.783003499963513, 15.349908800203327, 0.0 ], [ 73.783042499623221, 15.350110299910357, 0.0 ] ] ], [ [ [ 73.784905233964238, 15.351734960828583, 0.0 ], [ 73.785002833742084, 15.351584061247662, 0.0 ], [ 73.784790234165072, 15.351643561556312, 0.0 ], [ 73.784905233964238, 15.351734960828583, 0.0 ] ] ], [ [ [ 73.768208499627107, 15.351972700262881, 0.0 ], [ 73.768368800232395, 15.351887299605709, 0.0 ], [ 73.768142799829775, 15.351768999694702, 0.0 ], [ 73.768208499627107, 15.351972700262881, 0.0 ] ] ], [ [ [ 73.780824799937989, 15.35492530012889, 0.0 ], [ 73.782335400325621, 15.349123599637609, 0.0 ], [ 73.768814700274504, 15.351987099790758, 0.0 ], [ 73.780824799937989, 15.35492530012889, 0.0 ] ] ], [ [ [ 73.761552200021256, 15.351787899759888, 0.0 ], [ 73.76502159995394, 15.352061800296763, 0.0 ], [ 73.767304099626003, 15.351472500281281, 0.0 ], [ 73.761552200021256, 15.351787899759888, 0.0 ] ] ], [ [ [ 73.769016199602575, 15.353585500294079, 0.0 ], [ 73.769004799553059, 15.35339159989628, 0.0 ], [ 73.768900199576038, 15.353372600300677, 0.0 ], [ 73.769016199602575, 15.353585500294079, 0.0 ] ] ], [ [ [ 73.776209000464249, 15.354774400009934, 0.0 ], [ 73.77637130024381, 15.35465649980881, 0.0 ], [ 73.776291200456058, 15.354590800117444, 0.0 ], [ 73.776209000464249, 15.354774400009934, 0.0 ] ] ], [ [ [ 73.774577700212575, 15.3550136000118, 0.0 ], [ 73.77460850029253, 15.35487510034714, 0.0 ], [ 73.774461699687919, 15.354872000096748, 0.0 ], [ 73.774577700212575, 15.3550136000118, 0.0 ] ] ], [ [ [ 73.794436799829839, 15.378173600448847, 0.0 ], [ 73.796818899586398, 15.373160399762217, 0.0 ], [ 73.79368149996813, 15.374820399757603, 0.0 ], [ 73.794436799829839, 15.378173600448847, 0.0 ] ] ], [ [ [ 73.774300600283325, 15.399649600467555, 0.0 ], [ 73.773738000315959, 15.40037460007707, 0.0 ], [ 73.774416599879018, 15.400125199858939, 0.0 ], [ 73.774300600283325, 15.399649600467555, 0.0 ] ] ], [ [ [ 73.67094110041343, 15.728811299680912, 0.0 ], [ 73.671248799758388, 15.728925100404879, 0.0 ], [ 73.671020300152392, 15.728685199981916, 0.0 ], [ 73.67094110041343, 15.728811299680912, 0.0 ] ] ], [ [ [ 73.648435199526176, 15.730891300178543, 0.0 ], [ 73.648480700031797, 15.731331000320788, 0.0 ], [ 73.648661400118783, 15.73123700000974, 0.0 ], [ 73.648435199526176, 15.730891300178543, 0.0 ] ] ], [ [ [ 73.650005000373682, 15.746634999975509, 0.0 ], [ 73.649979999939546, 15.745620000237079, 0.0 ], [ 73.649020000072994, 15.746135000318139, 0.0 ], [ 73.650005000373682, 15.746634999975509, 0.0 ] ] ], [ [ [ 73.652538599651464, 15.746447899599874, 0.0 ], [ 73.653223499688067, 15.746019499684055, 0.0 ], [ 73.652303400318999, 15.746004499886705, 0.0 ], [ 73.652538599651464, 15.746447899599874, 0.0 ] ] ], [ [ [ 73.643073000165657, 15.747084399891248, 0.0 ], [ 73.64262589958885, 15.747326300367511, 0.0 ], [ 73.642958700211835, 15.747460599815275, 0.0 ], [ 73.643073000165657, 15.747084399891248, 0.0 ] ] ], [ [ [ 73.65364999959121, 15.748044999692855, 0.0 ], [ 73.653279999588577, 15.748699999795566, 0.0 ], [ 73.653810000162622, 15.748495000101187, 0.0 ], [ 73.65364999959121, 15.748044999692855, 0.0 ] ] ], [ [ [ 74.675098400024581, 13.19340870003608, 0.0 ], [ 74.675631400219942, 13.193725599978366, 0.0 ], [ 74.675326199635478, 13.193055499755792, 0.0 ], [ 74.675098400024581, 13.19340870003608, 0.0 ] ] ], [ [ [ 74.67515870012943, 13.19466719975761, 0.0 ], [ 74.675507000199673, 13.195023999928749, 0.0 ], [ 74.675327100444107, 13.194479499973104, 0.0 ], [ 74.67515870012943, 13.19466719975761, 0.0 ] ] ], [ [ [ 74.672363999938355, 13.196096999656682, 0.0 ], [ 74.672924999817056, 13.196402999773561, 0.0 ], [ 74.672771999603285, 13.195926999594501, 0.0 ], [ 74.672363999938355, 13.196096999656682, 0.0 ] ] ], [ [ [ 74.674252699647198, 13.196954199757304, 0.0 ], [ 74.673962600035722, 13.197290999796826, 0.0 ], [ 74.674126199721002, 13.19737459990365, 0.0 ], [ 74.674252699647198, 13.196954199757304, 0.0 ] ] ], [ [ [ 74.671325299943518, 13.197629599974944, 0.0 ], [ 74.671630299932204, 13.197914900288051, 0.0 ], [ 74.671828200247077, 13.197684300359446, 0.0 ], [ 74.671325299943518, 13.197629599974944, 0.0 ] ] ], [ [ [ 74.670347100195997, 13.198743799571279, 0.0 ], [ 74.670945699827229, 13.199747900006901, 0.0 ], [ 74.671703699569633, 13.199250399598599, 0.0 ], [ 74.670347100195997, 13.198743799571279, 0.0 ] ] ], [ [ [ 74.720557699828518, 13.242645199951214, 0.0 ], [ 74.721146099675664, 13.242968299578532, 0.0 ], [ 74.720996099915084, 13.242358800007633, 0.0 ], [ 74.720557699828518, 13.242645199951214, 0.0 ] ] ], [ [ [ 74.720775200222718, 13.272903499702771, 0.0 ], [ 74.72128669961802, 13.272685000179582, 0.0 ], [ 74.721178599625759, 13.272484300437437, 0.0 ], [ 74.720775200222718, 13.272903499702771, 0.0 ] ] ], [ [ [ 74.700290745814797, 13.279817494247885, 0.0 ], [ 74.699151744475913, 13.280752492636946, 0.0 ], [ 74.700018744600399, 13.281007493883804, 0.0 ], [ 74.700290745814797, 13.279817494247885, 0.0 ] ] ], [ [ [ 74.700184301811419, 13.28144548991988, 0.0 ], [ 74.700507300379002, 13.283332489526076, 0.0 ], [ 74.700303301625937, 13.281394489483136, 0.0 ], [ 74.700184301811419, 13.28144548991988, 0.0 ] ] ], [ [ [ 74.690893099818936, 13.33326380027129, 0.0 ], [ 74.691824600003486, 13.330883499938523, 0.0 ], [ 74.690206299969518, 13.331100699961587, 0.0 ], [ 74.690893099818936, 13.33326380027129, 0.0 ] ] ], [ [ [ 74.690453207626675, 13.333328907980006, 0.0 ], [ 74.690437948137628, 13.332890217790352, 0.0 ], [ 74.690285360756207, 13.332920735401293, 0.0 ], [ 74.690453207626675, 13.333328907980006, 0.0 ] ] ], [ [ [ 74.689122500296193, 13.339606899722483, 0.0 ], [ 74.686831099913192, 13.337135700008396, 0.0 ], [ 74.687924700005851, 13.340920399876245, 0.0 ], [ 74.689122500296193, 13.339606899722483, 0.0 ] ] ], [ [ [ 74.682312800125274, 13.343609700058957, 0.0 ], [ 74.686836199951671, 13.342229999826129, 0.0 ], [ 74.68588540028621, 13.341224799889186, 0.0 ], [ 74.682312800125274, 13.343609700058957, 0.0 ] ] ], [ [ [ 74.681096899820673, 13.344645500268532, 0.0 ], [ 74.681796599938266, 13.344289899685764, 0.0 ], [ 74.681782699771702, 13.343757899634245, 0.0 ], [ 74.681096899820673, 13.344645500268532, 0.0 ] ] ], [ [ [ 74.682164700030711, 13.344750299763959, 0.0 ], [ 74.681988199872777, 13.345012600320027, 0.0 ], [ 74.682221300212589, 13.344968900429166, 0.0 ], [ 74.682164700030711, 13.344750299763959, 0.0 ] ] ], [ [ [ 74.681823999614224, 13.347209399960255, 0.0 ], [ 74.681222299740142, 13.347542699782014, 0.0 ], [ 74.681268899685307, 13.347704799796849, 0.0 ], [ 74.681823999614224, 13.347209399960255, 0.0 ] ] ], [ [ [ 74.681627999769717, 13.348194199949797, 0.0 ], [ 74.682394100211994, 13.348281999986861, 0.0 ], [ 74.683182799594874, 13.346698999606076, 0.0 ], [ 74.681627999769717, 13.348194199949797, 0.0 ] ] ], [ [ [ 74.682887000307147, 13.360266000158385, 0.0 ], [ 74.682665999831443, 13.360096000259276, 0.0 ], [ 74.682666000413931, 13.360282999636535, 0.0 ], [ 74.682887000307147, 13.360266000158385, 0.0 ] ] ], [ [ [ 74.682594833794127, 13.36047711716116, 0.0 ], [ 74.682441833878187, 13.3606301172009, 0.0 ], [ 74.682560834000682, 13.360681117015314, 0.0 ], [ 74.682594833794127, 13.36047711716116, 0.0 ] ] ], [ [ [ 74.681769399562, 13.360985300231938, 0.0 ], [ 74.681517399733423, 13.361165100095919, 0.0 ], [ 74.681609099879267, 13.361223200292088, 0.0 ], [ 74.681769399562, 13.360985300231938, 0.0 ] ] ], [ [ [ 74.67477639998593, 13.375839100057561, 0.0 ], [ 74.675280700261268, 13.375222099652319, 0.0 ], [ 74.674639400009383, 13.375687599779875, 0.0 ], [ 74.67477639998593, 13.375839100057561, 0.0 ] ] ], [ [ [ 74.674425900056519, 13.377260500339537, 0.0 ], [ 74.674182999915942, 13.376065900032351, 0.0 ], [ 74.673818700119384, 13.376604199767819, 0.0 ], [ 74.674425900056519, 13.377260500339537, 0.0 ] ] ], [ [ [ 74.673451999802708, 13.377147000180738, 0.0 ], [ 74.673876999628973, 13.377011000373056, 0.0 ], [ 74.673860000260106, 13.376875000052275, 0.0 ], [ 74.673451999802708, 13.377147000180738, 0.0 ] ] ], [ [ [ 74.674965000106383, 13.377503999999485, 0.0 ], [ 74.674845999988605, 13.377249000374654, 0.0 ], [ 74.674726999938912, 13.377487000411696, 0.0 ], [ 74.674965000106383, 13.377503999999485, 0.0 ] ] ], [ [ [ 74.671271299669627, 13.382241399850576, 0.0 ], [ 74.674354000453263, 13.379071099694531, 0.0 ], [ 74.673953899782887, 13.377039999609508, 0.0 ], [ 74.671271299669627, 13.382241399850576, 0.0 ] ] ], [ [ [ 74.6849516599884, 13.382621571258705, 0.0 ], [ 74.683263600512092, 13.380456917344308, 0.0 ], [ 74.681960321785851, 13.384219006830607, 0.0 ], [ 74.6849516599884, 13.382621571258705, 0.0 ] ] ], [ [ [ 74.664913800007412, 13.453136700276074, 0.0 ], [ 74.665478400241298, 13.45213069969043, 0.0 ], [ 74.664589200364802, 13.452532299615157, 0.0 ], [ 74.664913800007412, 13.453136700276074, 0.0 ] ] ], [ [ [ 74.651314155620014, 13.655413877284353, 0.0 ], [ 74.651314155750555, 13.655165921460654, 0.0 ], [ 74.65116156828249, 13.655280362619884, 0.0 ], [ 74.651314155620014, 13.655413877284353, 0.0 ] ] ], [ [ [ 74.651187538869522, 13.656161764938169, 0.0 ], [ 74.651424049323523, 13.655841330371629, 0.0 ], [ 74.651244759352124, 13.655803183136452, 0.0 ], [ 74.651187538869522, 13.656161764938169, 0.0 ] ] ], [ [ [ 74.652440999736029, 13.65699429955526, 0.0 ], [ 74.651942999731673, 13.657583600122731, 0.0 ], [ 74.652274999651198, 13.657699799718163, 0.0 ], [ 74.652440999736029, 13.65699429955526, 0.0 ] ] ], [ [ [ 74.652557199615259, 13.657782799992061, 0.0 ], [ 74.652291600226491, 13.658587900315529, 0.0 ], [ 74.652208600465542, 13.65938469991171, 0.0 ], [ 74.652557199615259, 13.657782799992061, 0.0 ] ] ], [ [ [ 74.637957500405903, 13.677354200172646, 0.0 ], [ 74.638397399781496, 13.67782729970047, 0.0 ], [ 74.638073700393662, 13.677204799936312, 0.0 ], [ 74.637957500405903, 13.677354200172646, 0.0 ] ] ], [ [ [ 74.642879400146754, 13.680499900456397, 0.0 ], [ 74.642406300128187, 13.680259199972115, 0.0 ], [ 74.64240629999405, 13.680483299967879, 0.0 ], [ 74.642879400146754, 13.680499900456397, 0.0 ] ] ], [ [ [ 74.642954100240416, 13.681064299834263, 0.0 ], [ 74.643377400165221, 13.68123029987154, 0.0 ], [ 74.643344200170034, 13.681014499866389, 0.0 ], [ 74.642954100240416, 13.681064299834263, 0.0 ] ] ], [ [ [ 74.636131500210126, 13.684459000028907, 0.0 ], [ 74.63667099983337, 13.685114699977646, 0.0 ], [ 74.636778900367943, 13.684683100459983, 0.0 ], [ 74.636131500210126, 13.684459000028907, 0.0 ] ] ], [ [ [ 74.624430200421642, 13.685649099786824, 0.0 ], [ 74.624322599564863, 13.685162299974799, 0.0 ], [ 74.624124399770892, 13.685400100407378, 0.0 ], [ 74.624430200421642, 13.685649099786824, 0.0 ] ] ], [ [ [ 74.628856700210093, 13.776372699763485, 0.0 ], [ 74.628822599737617, 13.776658100403884, 0.0 ], [ 74.629020900404115, 13.776308799830595, 0.0 ], [ 74.628856700210093, 13.776372699763485, 0.0 ] ] ], [ [ [ 74.615894500262925, 13.827278699958821, 0.0 ], [ 74.615515200412332, 13.827162700295373, 0.0 ], [ 74.615560300303912, 13.827357200142082, 0.0 ], [ 74.615894500262925, 13.827278699958821, 0.0 ] ] ], [ [ [ 74.614803799651909, 13.828039800330002, 0.0 ], [ 74.614724300348584, 13.828246200173171, 0.0 ], [ 74.615010099889588, 13.828159399629557, 0.0 ], [ 74.614803799651909, 13.828039800330002, 0.0 ] ] ], [ [ [ 74.615165300066565, 13.828422400142419, 0.0 ], [ 74.615399500432389, 13.828054999650684, 0.0 ], [ 74.615111900446038, 13.828170599940755, 0.0 ], [ 74.615165300066565, 13.828422400142419, 0.0 ] ] ], [ [ [ 74.539288700334851, 13.887605400361762, 0.0 ], [ 74.539051899759926, 13.887769300183804, 0.0 ], [ 74.53907870040193, 13.887843200310156, 0.0 ], [ 74.539288700334851, 13.887605400361762, 0.0 ] ] ], [ [ [ 74.538777199797678, 13.888485099819546, 0.0 ], [ 74.538585599614336, 13.888806899970049, 0.0 ], [ 74.538953699954419, 13.888563900117031, 0.0 ], [ 74.538777199797678, 13.888485099819546, 0.0 ] ] ], [ [ [ 74.581239400380113, 13.890013700053954, 0.0 ], [ 74.581280100360047, 13.889635499884811, 0.0 ], [ 74.58104560041356, 13.889780400114306, 0.0 ], [ 74.581239400380113, 13.890013700053954, 0.0 ] ] ], [ [ [ 74.525749799613621, 13.973481599622286, 0.0 ], [ 74.526256100277052, 13.973548000211384, 0.0 ], [ 74.526197999674693, 13.973274099649613, 0.0 ], [ 74.525749799613621, 13.973481599622286, 0.0 ] ] ], [ [ [ 74.523766100316863, 13.975183100227117, 0.0 ], [ 74.524205999536946, 13.97503370005292, 0.0 ], [ 74.524056600330411, 13.974784699848463, 0.0 ], [ 74.523766100316863, 13.975183100227117, 0.0 ] ] ], [ [ [ 74.509593499707336, 13.981892400016731, 0.0 ], [ 74.509868900297604, 13.981954000271577, 0.0 ], [ 74.509649300375926, 13.981784599632508, 0.0 ], [ 74.509593499707336, 13.981892400016731, 0.0 ] ] ], [ [ [ 78.205201563382104, 8.841472031143541, 0.0 ], [ 78.219211100871618, 8.834610596226316, 0.0 ], [ 78.216147057692325, 8.831918689752564, 0.0 ], [ 78.205201563382104, 8.841472031143541, 0.0 ] ] ], [ [ [ 78.227090228433994, 8.871189398276609, 0.0 ], [ 78.225921798504288, 8.8663473082406, 0.0 ], [ 78.221936511879477, 8.872599799598021, 0.0 ], [ 78.227090228433994, 8.871189398276609, 0.0 ] ] ], [ [ [ 78.271306125923118, 8.939611003239728, 0.0 ], [ 78.27022859058367, 8.943166863169697, 0.0 ], [ 78.273623326350076, 8.944477561904979, 0.0 ], [ 78.271306125923118, 8.939611003239728, 0.0 ] ] ], [ [ [ 78.250960156123071, 8.952473375417805, 0.0 ], [ 78.254381843679582, 8.955816456740493, 0.0 ], [ 78.255060236188442, 8.953519333913297, 0.0 ], [ 78.250960156123071, 8.952473375417805, 0.0 ] ] ], [ [ [ 78.49125596073911, 9.0864568401488, 0.0 ], [ 78.490116621831859, 9.09348693800818, 0.0 ], [ 78.495664393916172, 9.089723918873649, 0.0 ], [ 78.49125596073911, 9.0864568401488, 0.0 ] ] ], [ [ [ 78.536008832729294, 9.103769984659545, 0.0 ], [ 78.538398288818414, 9.102600198683483, 0.0 ], [ 78.535073481392175, 9.102244729532753, 0.0 ], [ 78.536008832729294, 9.103769984659545, 0.0 ] ] ], [ [ [ 78.579414683005751, 9.112870100414575, 0.0 ], [ 78.580543758780962, 9.101358639572435, 0.0 ], [ 78.570710815378405, 9.101552954189879, 0.0 ], [ 78.579414683005751, 9.112870100414575, 0.0 ] ] ], [ [ [ 78.69384185110755, 9.152857015389952, 0.0 ], [ 78.697003685292728, 9.152589692300626, 0.0 ], [ 78.694664582474729, 9.150549232876239, 0.0 ], [ 78.69384185110755, 9.152857015389952, 0.0 ] ] ], [ [ [ 78.753771368117668, 9.153043205001834, 0.0 ], [ 78.753721695838451, 9.154137884779146, 0.0 ], [ 78.755054528345795, 9.154075426578814, 0.0 ], [ 78.753771368117668, 9.153043205001834, 0.0 ] ] ], [ [ [ 78.731193123745655, 9.152275043265208, 0.0 ], [ 78.728371783614421, 9.153924998411476, 0.0 ], [ 78.731803976880528, 9.155640758860581, 0.0 ], [ 78.731193123745655, 9.152275043265208, 0.0 ] ] ], [ [ [ 78.752526093032969, 9.15560751813773, 0.0 ], [ 78.750887721265983, 9.156479211019251, 0.0 ], [ 78.75191462089505, 9.157026893335631, 0.0 ], [ 78.752526093032969, 9.15560751813773, 0.0 ] ] ], [ [ [ 78.698416439321477, 9.158752908095018, 0.0 ], [ 78.698294659132429, 9.157937503633448, 0.0 ], [ 78.697949786852519, 9.158232114097661, 0.0 ], [ 78.698416439321477, 9.158752908095018, 0.0 ] ] ], [ [ [ 78.819519245972785, 9.165193378436507, 0.0 ], [ 78.818662121235008, 9.16071511133449, 0.0 ], [ 78.816923399051248, 9.160365272695323, 0.0 ], [ 78.819519245972785, 9.165193378436507, 0.0 ] ] ], [ [ [ 78.829020454269667, 9.170431487095764, 0.0 ], [ 78.823950982446505, 9.166524000870075, 0.0 ], [ 78.82853914929666, 9.173683445510108, 0.0 ], [ 78.829020454269667, 9.170431487095764, 0.0 ] ] ], [ [ [ 78.969737020257099, 9.183847748658478, 0.0 ], [ 78.969144495682173, 9.182399708654968, 0.0 ], [ 78.969383014293797, 9.183933947234213, 0.0 ], [ 78.969737020257099, 9.183847748658478, 0.0 ] ] ], [ [ [ 78.943406371167228, 9.18766590529215, 0.0 ], [ 78.930683787719644, 9.181525649121934, 0.0 ], [ 78.92353872020928, 9.183318054688606, 0.0 ], [ 78.8972644928959, 9.179674299557197, 0.0 ], [ 78.943406371167228, 9.18766590529215, 0.0 ] ] ], [ [ [ 78.701897818972114, 9.185822480230494, 0.0 ], [ 78.703932516966859, 9.184784271650674, 0.0 ], [ 78.704249209717048, 9.184079009046616, 0.0 ], [ 78.701897818972114, 9.185822480230494, 0.0 ] ] ], [ [ [ 78.970731027556653, 9.185922996083777, 0.0 ], [ 78.970124835663583, 9.184442094130699, 0.0 ], [ 78.968928793437357, 9.186153860185918, 0.0 ], [ 78.968615392781899, 9.186129852073158, 0.0 ], [ 78.968090399991738, 9.185738349656166, 0.0 ], [ 78.967188153279011, 9.183130589566947, 0.0 ], [ 78.967194264850562, 9.187714950839043, 0.0 ], [ 78.970731027556653, 9.185922996083777, 0.0 ] ] ], [ [ [ 78.910407287163508, 9.186462253271294, 0.0 ], [ 78.910132098984718, 9.18598839263343, 0.0 ], [ 78.910086364722261, 9.186535669639833, 0.0 ], [ 78.910407287163508, 9.186462253271294, 0.0 ] ] ], [ [ [ 79.069615496882562, 9.210672720795573, 0.0 ], [ 79.087459696812687, 9.191956896403893, 0.0 ], [ 79.056768358574047, 9.198019958982895, 0.0 ], [ 79.069615496882562, 9.210672720795573, 0.0 ] ] ], [ [ [ 79.140564273964188, 9.213064515635493, 0.0 ], [ 79.138990922151848, 9.213788670714289, 0.0 ], [ 79.14153391739579, 9.214253828856958, 0.0 ], [ 79.140564273964188, 9.213064515635493, 0.0 ] ] ], [ [ [ 79.122941369488572, 9.214832002996999, 0.0 ], [ 79.123975521357238, 9.214294993896841, 0.0 ], [ 79.122700305043281, 9.214674458796928, 0.0 ], [ 79.122941369488572, 9.214832002996999, 0.0 ] ] ], [ [ [ 79.134112724760911, 9.215982818242894, 0.0 ], [ 79.129124757772487, 9.214585045084565, 0.0 ], [ 79.132985774130219, 9.216164565880254, 0.0 ], [ 79.134112724760911, 9.215982818242894, 0.0 ] ] ], [ [ [ 79.122114395019366, 9.216919961836481, 0.0 ], [ 79.123618263697907, 9.217543942363017, 0.0 ], [ 79.122933374728191, 9.216059277616772, 0.0 ], [ 79.122114395019366, 9.216919961836481, 0.0 ] ] ], [ [ [ 79.491877812169292, 9.124026926470206, 0.0 ], [ 79.496945008360669, 9.12359577149523, 0.0 ], [ 79.48889671608579, 9.118942061856675, 0.0 ], [ 79.491877812169292, 9.124026926470206, 0.0 ] ] ], [ [ [ 79.48831229628577, 9.126523491733858, 0.0 ], [ 79.488299163946465, 9.128227788332143, 0.0 ], [ 79.488958718731709, 9.128001589575479, 0.0 ], [ 79.48831229628577, 9.126523491733858, 0.0 ] ] ], [ [ [ 79.481630776035388, 9.128686455757098, 0.0 ], [ 79.479734160479737, 9.129699582225618, 0.0 ], [ 79.4806260010416, 9.130558331076978, 0.0 ], [ 79.481908702002656, 9.130200739662936, 0.0 ], [ 79.481630776035388, 9.128686455757098, 0.0 ] ] ], [ [ [ 79.482833004293752, 9.133342425397748, 0.0 ], [ 79.483338211102975, 9.13423733815775, 0.0 ], [ 79.482282188606561, 9.131837213122523, 0.0 ], [ 79.482833004293752, 9.133342425397748, 0.0 ] ] ], [ [ [ 79.473467773597235, 9.136609079631858, 0.0 ], [ 79.473613824680641, 9.138399188559504, 0.0 ], [ 79.473694716686808, 9.135008603996885, 0.0 ], [ 79.473467773597235, 9.136609079631858, 0.0 ] ] ], [ [ [ 79.467414883279758, 9.143378191782924, 0.0 ], [ 79.467787086614521, 9.140394388767231, 0.0 ], [ 79.46511760631202, 9.143320019760617, 0.0 ], [ 79.467414883279758, 9.143378191782924, 0.0 ] ] ], [ [ [ 79.454705338933678, 9.145320587426339, 0.0 ], [ 79.453781543060771, 9.143896763298823, 0.0 ], [ 79.454127602635211, 9.145628094194072, 0.0 ], [ 79.454705338933678, 9.145320587426339, 0.0 ] ] ], [ [ [ 79.455078698725103, 9.146825938739438, 0.0 ], [ 79.456229705131975, 9.147386254734345, 0.0 ], [ 79.456434264430371, 9.146703583476791, 0.0 ], [ 79.455078698725103, 9.146825938739438, 0.0 ] ] ], [ [ [ 79.452662983284853, 9.146424088403677, 0.0 ], [ 79.452354382056427, 9.149778515397777, 0.0 ], [ 79.454514740545264, 9.147400208017498, 0.0 ], [ 79.452662983284853, 9.146424088403677, 0.0 ] ] ], [ [ [ 79.445112979330744, 9.15365877681813, 0.0 ], [ 79.445626616545653, 9.151606258812809, 0.0 ], [ 79.444703008732816, 9.151032363756308, 0.0 ], [ 79.445112979330744, 9.15365877681813, 0.0 ] ] ], [ [ [ 79.447646728252934, 9.152785770701202, 0.0 ], [ 79.443503226246079, 9.156927594110785, 0.0 ], [ 79.445818990980186, 9.157930771772628, 0.0 ], [ 79.447646728252934, 9.152785770701202, 0.0 ] ] ], [ [ [ 79.181064156223883, 9.249930042355468, 0.0 ], [ 79.223646182747032, 9.24715065500563, 0.0 ], [ 79.19933005066116, 9.230202836848573, 0.0 ], [ 79.179310516331029, 9.238198739134246, 0.0 ], [ 79.181064156223883, 9.249930042355468, 0.0 ] ] ], [ [ [ 79.235612589009975, 9.243585061009199, 0.0 ], [ 79.235661616230331, 9.240235122954234, 0.0 ], [ 79.232745839820197, 9.243454758405543, 0.0 ], [ 79.235612589009975, 9.243585061009199, 0.0 ] ] ], [ [ [ 82.319595995741551, 16.567130188834973, 0.0 ], [ 82.31815781369761, 16.567287154533709, 0.0 ], [ 82.319338679416518, 16.567711238390153, 0.0 ], [ 82.319595995741551, 16.567130188834973, 0.0 ] ] ], [ [ [ 82.319486846774382, 16.573105477315245, 0.0 ], [ 82.315079090487671, 16.571601160463707, 0.0 ], [ 82.31909736210558, 16.575623373633299, 0.0 ], [ 82.319486846774382, 16.573105477315245, 0.0 ] ] ], [ [ [ 82.34412220971555, 16.60712893532186, 0.0 ], [ 82.335915514162267, 16.58950763723977, 0.0 ], [ 82.32967260735299, 16.593984761969715, 0.0 ], [ 82.34412220971555, 16.60712893532186, 0.0 ] ] ], [ [ [ 82.338221795979109, 16.605574631843247, 0.0 ], [ 82.33701141006118, 16.607561521922225, 0.0 ], [ 82.330944641939254, 16.617966037726791, 0.0 ], [ 82.338221795979109, 16.605574631843247, 0.0 ] ] ], [ [ [ 83.009579400057561, 17.484171000047379, 0.0 ], [ 83.009386900242674, 17.483048699625048, 0.0 ], [ 83.008969900198807, 17.483938499989559, 0.0 ], [ 83.009579400057561, 17.484171000047379, 0.0 ] ] ], [ [ [ 83.110125700039106, 17.542538200098729, 0.0 ], [ 83.109324900223825, 17.543103199715009, 0.0 ], [ 83.110007900418623, 17.543244499554639, 0.0 ], [ 83.110125700039106, 17.542538200098729, 0.0 ] ] ], [ [ [ 83.110661599692904, 17.543685899856754, 0.0 ], [ 83.110855899870671, 17.544097900075752, 0.0 ], [ 83.110914800399158, 17.543821300234445, 0.0 ], [ 83.110661599692904, 17.543685899856754, 0.0 ] ] ], [ [ [ 83.240009999935893, 17.619896300053618, 0.0 ], [ 83.240538800360682, 17.619772500379387, 0.0 ], [ 83.240161499991487, 17.61960960015092, 0.0 ], [ 83.240009999935893, 17.619896300053618, 0.0 ] ] ], [ [ [ 84.556682399822094, 18.806413699994334, 0.0 ], [ 84.55709219962138, 18.805425600064151, 0.0 ], [ 84.556368999928893, 18.805883500255565, 0.0 ], [ 84.556682399822094, 18.806413699994334, 0.0 ] ] ], [ [ [ 84.576870099731195, 18.835789799621892, 0.0 ], [ 84.576725399786511, 18.836368200171567, 0.0 ], [ 84.577038799682683, 18.8361994999945, 0.0 ], [ 84.576870099731195, 18.835789799621892, 0.0 ] ] ], [ [ [ 84.576942400440601, 18.838030999856247, 0.0 ], [ 84.577183499603933, 18.837042999765728, 0.0 ], [ 84.576532600099995, 18.837428500325036, 0.0 ], [ 84.576942400440601, 18.838030999856247, 0.0 ] ] ], [ [ [ 86.780825992616514, 20.361548237012276, 0.0 ], [ 86.783793625447714, 20.361639498541845, 0.0 ], [ 86.780062951891537, 20.358129037908288, 0.0 ], [ 86.780825992616514, 20.361548237012276, 0.0 ] ] ], [ [ [ 86.805539049293586, 20.395767734075747, 0.0 ], [ 86.798381910242952, 20.36478856401602, 0.0 ], [ 86.796762675788472, 20.400391055602931, 0.0 ], [ 86.805539049293586, 20.395767734075747, 0.0 ] ] ], [ [ [ 86.790294471759509, 20.382280282335316, 0.0 ], [ 86.792719188832194, 20.382987555782531, 0.0 ], [ 86.791715224465563, 20.38151769793912, 0.0 ], [ 86.790294471759509, 20.382280282335316, 0.0 ] ] ], [ [ [ 86.787510395706477, 20.388931836352075, 0.0 ], [ 86.800048915697403, 20.443119607505484, 0.0 ], [ 86.793224921566193, 20.493242092256111, 0.0 ], [ 86.808243981357705, 20.453118517703899, 0.0 ], [ 86.787510395706477, 20.388931836352075, 0.0 ] ] ], [ [ [ 87.011093057384485, 20.711374302512169, 0.0 ], [ 87.006673981696295, 20.712173670064431, 0.0 ], [ 87.013178506212668, 20.717172524546836, 0.0 ], [ 87.011093057384485, 20.711374302512169, 0.0 ] ] ], [ [ [ 87.003783539089198, 20.715129959261251, 0.0 ], [ 87.006202174032737, 20.715050102240784, 0.0 ], [ 87.001731440211898, 20.711523292544975, 0.0 ], [ 87.003783539089198, 20.715129959261251, 0.0 ] ] ], [ [ [ 87.056163991376451, 20.72974261466322, 0.0 ], [ 87.056169942332488, 20.732855489398652, 0.0 ], [ 87.057903018497328, 20.73121941222794, 0.0 ], [ 87.056163991376451, 20.72974261466322, 0.0 ] ] ], [ [ [ 87.073509128303925, 20.727459023962368, 0.0 ], [ 87.075366943787557, 20.735784825664741, 0.0 ], [ 87.07788766487829, 20.743929581807006, 0.0 ], [ 87.073509128303925, 20.727459023962368, 0.0 ] ] ], [ [ [ 87.052060365492835, 20.736819036132914, 0.0 ], [ 87.051042744657892, 20.738409663516258, 0.0 ], [ 87.05312664033454, 20.737089787518492, 0.0 ], [ 87.052060365492835, 20.736819036132914, 0.0 ] ] ], [ [ [ 87.070963236728019, 20.736342407916247, 0.0 ], [ 87.071035395076606, 20.746887292515979, 0.0 ], [ 87.072261140124382, 20.748987630340661, 0.0 ], [ 87.070963236728019, 20.736342407916247, 0.0 ] ] ], [ [ [ 87.059646454229807, 20.743860071083265, 0.0 ], [ 87.049992569564608, 20.743307439824381, 0.0 ], [ 87.049378042836963, 20.744030490824855, 0.0 ], [ 87.056587645467133, 20.745469497876051, 0.0 ], [ 87.058849594826412, 20.744922065767561, 0.0 ], [ 87.059646454229807, 20.743860071083265, 0.0 ] ] ], [ [ [ 87.098417648985389, 20.748039431225422, 0.0 ], [ 87.096890142587171, 20.747782776103662, 0.0 ], [ 87.096900091224143, 20.748320406348885, 0.0 ], [ 87.098417648985389, 20.748039431225422, 0.0 ] ] ], [ [ [ 87.0996872485251, 20.750505502132427, 0.0 ], [ 87.10201684517763, 20.750684852959608, 0.0 ], [ 87.099825407217807, 20.748784082255867, 0.0 ], [ 87.0996872485251, 20.750505502132427, 0.0 ] ] ], [ [ [ 87.085021840671473, 20.764622932775353, 0.0 ], [ 87.093483247476982, 20.752998377734087, 0.0 ], [ 87.072504048437452, 20.75477502584981, 0.0 ], [ 87.085021840671473, 20.764622932775353, 0.0 ] ] ], [ [ [ 87.075566150802445, 20.7694208910894, 0.0 ], [ 87.074071427473584, 20.787502331819027, 0.0 ], [ 87.069265309595224, 20.793861068676616, 0.0 ], [ 87.07475437346892, 20.789020060569868, 0.0 ], [ 87.075566150802445, 20.7694208910894, 0.0 ] ] ], [ [ [ 86.980356161299511, 20.782782389030775, 0.0 ], [ 86.982941173307495, 20.779010185024177, 0.0 ], [ 86.979237548836124, 20.777396872485038, 0.0 ], [ 86.980356161299511, 20.782782389030775, 0.0 ] ] ], [ [ [ 86.986575731804109, 20.801993242961355, 0.0 ], [ 86.987767132496671, 20.803963148703051, 0.0 ], [ 86.990126359439031, 20.802431723152619, 0.0 ], [ 86.986575731804109, 20.801993242961355, 0.0 ] ] ], [ [ [ 87.430306438037746, 21.586573161113662, 0.0 ], [ 87.416560854619689, 21.569999707426692, 0.0 ], [ 87.413714859544626, 21.560165114920174, 0.0 ], [ 87.418996512172086, 21.578723528807568, 0.0 ], [ 87.430306438037746, 21.586573161113662, 0.0 ] ] ], [ [ [ 92.523131314855036, 10.89862370047034, 0.0 ], [ 92.529539879337051, 10.86708325232097, 0.0 ], [ 92.542227822022923, 10.859158407678597, 0.0 ], [ 92.533772189529628, 10.889966167582019, 0.0 ], [ 92.561972988751677, 10.863633738163927, 0.0 ], [ 92.567429842826598, 10.81026821018242, 0.0 ], [ 92.548308959878526, 10.809482069885334, 0.0 ], [ 92.558761087806801, 10.809168065629892, 0.0 ], [ 92.56051967476273, 10.795752176395265, 0.0 ], [ 92.579220862538548, 10.785444705570356, 0.0 ], [ 92.561533166285301, 10.802840215093877, 0.0 ], [ 92.571238473395994, 10.810562741785452, 0.0 ], [ 92.586704414916809, 10.789880150246091, 0.0 ], [ 92.583362432403447, 10.744184976847048, 0.0 ], [ 92.599379656984539, 10.705774901466896, 0.0 ], [ 92.597416607393228, 10.677787503400788, 0.0 ], [ 92.580262853790188, 10.680805344002573, 0.0 ], [ 92.582350212172585, 10.658030619173836, 0.0 ], [ 92.53884351142689, 10.617521267053455, 0.0 ], [ 92.54232245807674, 10.59478331178069, 0.0 ], [ 92.56989193090925, 10.578790666135482, 0.0 ], [ 92.532936716793174, 10.518548659787593, 0.0 ], [ 92.513264338036024, 10.510839200233621, 0.0 ], [ 92.435051620032155, 10.548907648809463, 0.0 ], [ 92.387649933116904, 10.531532131733808, 0.0 ], [ 92.419117582759142, 10.615793508312848, 0.0 ], [ 92.40112266493945, 10.659493622240742, 0.0 ], [ 92.381362289754975, 10.670280164115097, 0.0 ], [ 92.373073267507721, 10.782743272490906, 0.0 ], [ 92.383679625912393, 10.795527125238211, 0.0 ], [ 92.395031743679098, 10.785591560438176, 0.0 ], [ 92.392402836175691, 10.775208452398969, 0.0 ], [ 92.395205714462804, 10.748951376864289, 0.0 ], [ 92.398757301528377, 10.743942549887796, 0.0 ], [ 92.395954828275947, 10.760494830385891, 0.0 ], [ 92.403479838209677, 10.768355416189408, 0.0 ], [ 92.408375768529481, 10.763993073702233, 0.0 ], [ 92.406094251461269, 10.75824786966905, 0.0 ], [ 92.40841174793259, 10.755296000842462, 0.0 ], [ 92.41932533457161, 10.772576251362944, 0.0 ], [ 92.41037805282923, 10.76436812878223, 0.0 ], [ 92.402588366920668, 10.769042466855948, 0.0 ], [ 92.396869115568862, 10.763139170919786, 0.0 ], [ 92.393385791505665, 10.775217432136273, 0.0 ], [ 92.393906979174062, 10.777721737341013, 0.0 ], [ 92.395616777155155, 10.773947266315755, 0.0 ], [ 92.404161284731885, 10.775357349112111, 0.0 ], [ 92.410598478245518, 10.77829067899526, 0.0 ], [ 92.395657871165312, 10.774851260777529, 0.0 ], [ 92.395630705385727, 10.786310253777497, 0.0 ], [ 92.416890709355641, 10.795715943302454, 0.0 ], [ 92.425494287345217, 10.826805712870417, 0.0 ], [ 92.457285483765546, 10.841744539344065, 0.0 ], [ 92.454506046948268, 10.866864321148158, 0.0 ], [ 92.496534359674229, 10.897052516430559, 0.0 ], [ 92.511035355138347, 10.871814209927692, 0.0 ], [ 92.502418636137904, 10.873804295596802, 0.0 ], [ 92.491449060912217, 10.87147403087975, 0.0 ], [ 92.490137331779437, 10.859965854901517, 0.0 ], [ 92.486136669437002, 10.862154930529334, 0.0 ], [ 92.47681673750823, 10.861809665374787, 0.0 ], [ 92.490608251830707, 10.859635724159919, 0.0 ], [ 92.495857322234883, 10.870708685412923, 0.0 ], [ 92.500342277208759, 10.863153705238039, 0.0 ], [ 92.503840897968047, 10.862535801270479, 0.0 ], [ 92.506369378321722, 10.863662382770926, 0.0 ], [ 92.507983965177715, 10.862822271378306, 0.0 ], [ 92.497983786285445, 10.871189767565584, 0.0 ], [ 92.510450678066718, 10.869861270907984, 0.0 ], [ 92.51788390080219, 10.877408298000638, 0.0 ], [ 92.502962199308982, 10.89771677550212, 0.0 ], [ 92.523131314855036, 10.89862370047034, 0.0 ] ] ], [ [ [ 92.209981667442079, 10.981806745808013, 0.0 ], [ 92.220712606538697, 10.974358182506803, 0.0 ], [ 92.210894702563394, 10.974813190151172, 0.0 ], [ 92.209981667442079, 10.981806745808013, 0.0 ] ] ], [ [ [ 92.562145586005528, 11.39826142787018, 0.0 ], [ 92.555801918582901, 11.389987670904576, 0.0 ], [ 92.551522019848733, 11.392563278269176, 0.0 ], [ 92.562145586005528, 11.39826142787018, 0.0 ] ] ], [ [ [ 92.547751793788194, 11.39112030738128, 0.0 ], [ 92.540442523250803, 11.39674171693081, 0.0 ], [ 92.549958192812099, 11.398642918653257, 0.0 ], [ 92.547751793788194, 11.39112030738128, 0.0 ] ] ], [ [ [ 92.560511429090212, 11.514557096298635, 0.0 ], [ 92.560855356184547, 11.513870042171247, 0.0 ], [ 92.560759051466505, 11.513824770102969, 0.0 ], [ 92.560511429090212, 11.514557096298635, 0.0 ] ] ], [ [ [ 92.257244047277979, 11.515262404002039, 0.0 ], [ 92.258321612417518, 11.514187046743041, 0.0 ], [ 92.254723511832808, 11.514131283640765, 0.0 ], [ 92.257244047277979, 11.515262404002039, 0.0 ] ] ], [ [ [ 92.240648483609476, 11.516101803418035, 0.0 ], [ 92.239153888873403, 11.515446897267486, 0.0 ], [ 92.238906533608983, 11.515740870016907, 0.0 ], [ 92.240648483609476, 11.516101803418035, 0.0 ] ] ], [ [ [ 92.239810069537882, 11.517146336903478, 0.0 ], [ 92.239562792808556, 11.517752111021773, 0.0 ], [ 92.239956852129026, 11.517358687312038, 0.0 ], [ 92.239810069537882, 11.517146336903478, 0.0 ] ] ], [ [ [ 92.270282581775106, 11.520072542889503, 0.0 ], [ 92.269688365175867, 11.515606155848257, 0.0 ], [ 92.266525277896463, 11.51659501043995, 0.0 ], [ 92.270282581775106, 11.520072542889503, 0.0 ] ] ], [ [ [ 92.551221423875262, 11.528852884751208, 0.0 ], [ 92.568492966748835, 11.529706511907023, 0.0 ], [ 92.565438325407001, 11.516632912577062, 0.0 ], [ 92.551221423875262, 11.528852884751208, 0.0 ] ] ], [ [ [ 92.207041607392966, 11.532228408676406, 0.0 ], [ 92.206909015304859, 11.533272680139271, 0.0 ], [ 92.207866746547296, 11.532445156237262, 0.0 ], [ 92.207041607392966, 11.532228408676406, 0.0 ] ] ], [ [ [ 92.20602451375072, 11.533883190868467, 0.0 ], [ 92.205304842325702, 11.533856265327779, 0.0 ], [ 92.205011580158839, 11.534380673354255, 0.0 ], [ 92.20602451375072, 11.533883190868467, 0.0 ] ] ], [ [ [ 92.207193824775558, 11.53546499899028, 0.0 ], [ 92.207120609644434, 11.535903469503276, 0.0 ], [ 92.207386450257786, 11.535641227745389, 0.0 ], [ 92.207193824775558, 11.53546499899028, 0.0 ] ] ], [ [ [ 92.555165273390188, 11.540403426402698, 0.0 ], [ 92.554917963998392, 11.539282296113612, 0.0 ], [ 92.554569553643589, 11.539526295699288, 0.0 ], [ 92.555165273390188, 11.540403426402698, 0.0 ] ] ], [ [ [ 92.540501596382271, 11.553888367624383, 0.0 ], [ 92.541532537505319, 11.555796256614814, 0.0 ], [ 92.543687631646236, 11.553893757582838, 0.0 ], [ 92.540501596382271, 11.553888367624383, 0.0 ] ] ], [ [ [ 92.539908910472192, 11.558471797892315, 0.0 ], [ 92.5412801668367, 11.556460637934212, 0.0 ], [ 92.539382959040537, 11.554303855636562, 0.0 ], [ 92.538401701494422, 11.55511276555859, 0.0 ], [ 92.539908910472192, 11.558471797892315, 0.0 ] ] ], [ [ [ 92.20283076724769, 11.587441424985544, 0.0 ], [ 92.269309613955329, 11.585210730964242, 0.0 ], [ 92.266691540160522, 11.561690302202415, 0.0 ], [ 92.272995308273082, 11.535302612377448, 0.0 ], [ 92.260121721156779, 11.517247979892757, 0.0 ], [ 92.210350751285915, 11.53081262235586, 0.0 ], [ 92.20283076724769, 11.587441424985544, 0.0 ] ] ], [ [ [ 92.562381294739254, 11.557573390550733, 0.0 ], [ 92.562083264652344, 11.55766825781307, 0.0 ], [ 92.562206999256389, 11.557718002846217, 0.0 ], [ 92.562381294739254, 11.557573390550733, 0.0 ] ] ], [ [ [ 92.567382398256882, 11.559355485833347, 0.0 ], [ 92.566690058810508, 11.559771173029711, 0.0 ], [ 92.567107147440666, 11.559965686789452, 0.0 ], [ 92.567382398256882, 11.559355485833347, 0.0 ] ] ], [ [ [ 92.570201519427556, 11.560110915972412, 0.0 ], [ 92.570348365468419, 11.559500701654585, 0.0 ], [ 92.570054974595621, 11.559500628496153, 0.0 ], [ 92.570201519427556, 11.560110915972412, 0.0 ] ] ], [ [ [ 92.563100549664668, 11.559793097779435, 0.0 ], [ 92.562729217202602, 11.559842728924068, 0.0 ], [ 92.563297574484594, 11.560132161167008, 0.0 ], [ 92.563100549664668, 11.559793097779435, 0.0 ] ] ], [ [ [ 92.573543593659551, 11.559844818941459, 0.0 ], [ 92.574309106706309, 11.560161378135993, 0.0 ], [ 92.573543691857864, 11.559234567503111, 0.0 ], [ 92.573543593659551, 11.559844818941459, 0.0 ] ] ], [ [ [ 92.574065782546995, 11.561987523107945, 0.0 ], [ 92.575485433740468, 11.570626173460301, 0.0 ], [ 92.576361051697859, 11.571055752098285, 0.0 ], [ 92.574065782546995, 11.561987523107945, 0.0 ] ] ], [ [ [ 92.563616663571764, 11.568531085045946, 0.0 ], [ 92.566921712291418, 11.570104805711274, 0.0 ], [ 92.564854737908021, 11.567107342138579, 0.0 ], [ 92.563616663571764, 11.568531085045946, 0.0 ] ] ], [ [ [ 92.529907035469435, 11.569127760193423, 0.0 ], [ 92.528916236780091, 11.570768338035508, 0.0 ], [ 92.530089799594819, 11.571012877540932, 0.0 ], [ 92.529907035469435, 11.569127760193423, 0.0 ] ] ], [ [ [ 92.267953030317713, 11.571739515282694, 0.0 ], [ 92.26914453669373, 11.572915307544379, 0.0 ], [ 92.268352048568374, 11.571183656570113, 0.0 ], [ 92.267953030317713, 11.571739515282694, 0.0 ] ] ], [ [ [ 92.569360017230466, 11.573572432974682, 0.0 ], [ 92.568814690575167, 11.572595927361215, 0.0 ], [ 92.568764117792497, 11.573038889035203, 0.0 ], [ 92.569360017230466, 11.573572432974682, 0.0 ] ] ], [ [ [ 92.19709273702631, 11.577886907569681, 0.0 ], [ 92.19639585182054, 11.578000089365061, 0.0 ], [ 92.196762772739447, 11.578329995484197, 0.0 ], [ 92.19709273702631, 11.577886907569681, 0.0 ] ] ], [ [ [ 92.57015221877333, 11.578355136921608, 0.0 ], [ 92.569459962286999, 11.578088231723008, 0.0 ], [ 92.569482806414442, 11.578504172878212, 0.0 ], [ 92.57015221877333, 11.578355136921608, 0.0 ] ] ], [ [ [ 92.528364109593795, 11.576459339343197, 0.0 ], [ 92.526079755488666, 11.580120072271134, 0.0 ], [ 92.529807989080098, 11.577418113989157, 0.0 ], [ 92.528364109593795, 11.576459339343197, 0.0 ] ] ], [ [ [ 92.198650599789985, 11.579906700069769, 0.0 ], [ 92.198038600167607, 11.579022699863396, 0.0 ], [ 92.197834599631122, 11.579906700200862, 0.0 ], [ 92.198650599789985, 11.579906700069769, 0.0 ] ] ], [ [ [ 92.568987531728695, 11.579575351849693, 0.0 ], [ 92.568221893704845, 11.579430602220711, 0.0 ], [ 92.56819432038823, 11.579647512151356, 0.0 ], [ 92.568987531728695, 11.579575351849693, 0.0 ] ] ], [ [ [ 92.543182136985052, 11.606036047592925, 0.0 ], [ 92.543938323700431, 11.591412836841732, 0.0 ], [ 92.571576288652864, 11.587789350925535, 0.0 ], [ 92.55411112861627, 11.55797380610538, 0.0 ], [ 92.540100264153935, 11.562268971317453, 0.0 ], [ 92.526826976451545, 11.553698721268894, 0.0 ], [ 92.534409881141386, 11.566100523338122, 0.0 ], [ 92.527967694030252, 11.596303543829658, 0.0 ], [ 92.543182136985052, 11.606036047592925, 0.0 ] ] ], [ [ [ 92.196171956173416, 11.580866044923093, 0.0 ], [ 92.196557743343874, 11.583261748050022, 0.0 ], [ 92.196717464576935, 11.580676032377733, 0.0 ], [ 92.196171956173416, 11.580866044923093, 0.0 ] ] ], [ [ [ 92.578463353552024, 11.58296277437292, 0.0 ], [ 92.576248451095722, 11.586266809104929, 0.0 ], [ 92.577417316954296, 11.587636698122282, 0.0 ], [ 92.578463353552024, 11.58296277437292, 0.0 ] ] ], [ [ [ 92.197952377674014, 11.586891248724797, 0.0 ], [ 92.197186911078163, 11.58743838667456, 0.0 ], [ 92.199140168082906, 11.588156646749564, 0.0 ], [ 92.197952377674014, 11.586891248724797, 0.0 ] ] ], [ [ [ 92.264278610720439, 11.5891551811201, 0.0 ], [ 92.264773477349465, 11.589874088760656, 0.0 ], [ 92.266098875361521, 11.588830370504001, 0.0 ], [ 92.264278610720439, 11.5891551811201, 0.0 ] ] ], [ [ [ 92.200410867770742, 11.590845883113959, 0.0 ], [ 92.201042937334748, 11.588377670272859, 0.0 ], [ 92.198819496427092, 11.589133108396483, 0.0 ], [ 92.200410867770742, 11.590845883113959, 0.0 ] ] ], [ [ [ 92.222368238646965, 11.592624806711918, 0.0 ], [ 92.221763654396156, 11.594437722511246, 0.0 ], [ 92.222808602621811, 11.593379533531708, 0.0 ], [ 92.222368238646965, 11.592624806711918, 0.0 ] ] ], [ [ [ 92.55125921890307, 11.595324972862382, 0.0 ], [ 92.552667126553786, 11.594041456333432, 0.0 ], [ 92.551704358683196, 11.593887584490938, 0.0 ], [ 92.55125921890307, 11.595324972862382, 0.0 ] ] ], [ [ [ 92.228953101875533, 11.595529109733237, 0.0 ], [ 92.228773746118691, 11.593974159184278, 0.0 ], [ 92.228026456549571, 11.594060333115772, 0.0 ], [ 92.228953101875533, 11.595529109733237, 0.0 ] ] ], [ [ [ 92.583025591983457, 11.982494703691241, 0.0 ], [ 92.579812560680793, 11.977259784675024, 0.0 ], [ 92.581331334796204, 11.982743035965392, 0.0 ], [ 92.583025591983457, 11.982494703691241, 0.0 ] ] ], [ [ [ 88.018680514224087, 21.55556045153109, 0.0 ], [ 88.009572743790457, 21.554176925813053, 0.0 ], [ 88.016594474403092, 21.56296941702081, 0.0 ], [ 88.018680514224087, 21.55556045153109, 0.0 ] ] ], [ [ [ 88.496238980070061, 21.599253021982516, 0.0 ], [ 88.53734491181973, 21.577602768239785, 0.0 ], [ 88.54783387626523, 21.536668368519237, 0.0 ], [ 88.534489592973728, 21.527219100347359, 0.0 ], [ 88.484774793754028, 21.552197889085463, 0.0 ], [ 88.496238980070061, 21.599253021982516, 0.0 ] ] ], [ [ [ 88.829786827376921, 21.603181117881711, 0.0 ], [ 88.891889236668788, 21.581198157464588, 0.0 ], [ 88.905987945795928, 21.547560220291174, 0.0 ], [ 88.876094872279808, 21.534403926680543, 0.0 ], [ 88.831179179243534, 21.551169195650079, 0.0 ], [ 88.829786827376921, 21.603181117881711, 0.0 ] ] ], [ [ [ 88.166632088823846, 21.602762009618999, 0.0 ], [ 88.204401801560252, 21.547024455791533, 0.0 ], [ 88.197462668238927, 21.541161574107338, 0.0 ], [ 88.175673020751944, 21.549857760364464, 0.0 ], [ 88.163943001462755, 21.58610410697872, 0.0 ], [ 88.166632088823846, 21.602762009618999, 0.0 ] ] ], [ [ [ 89.150791688248148, 21.600510026042794, 0.0 ], [ 89.136044564615077, 21.594826224092554, 0.0 ], [ 89.135764826129019, 21.60058832131261, 0.0 ], [ 89.150791688248148, 21.600510026042794, 0.0 ] ] ], [ [ [ 88.543838698729985, 21.636432383305312, 0.0 ], [ 88.586977662033661, 21.605935663489415, 0.0 ], [ 88.555926255083577, 21.560348115198302, 0.0 ], [ 88.511736922532748, 21.60300160655261, 0.0 ], [ 88.522402464847801, 21.658456943104682, 0.0 ], [ 88.543838698729985, 21.636432383305312, 0.0 ] ] ], [ [ [ 88.774663084609074, 21.649288922008459, 0.0 ], [ 88.800047926844968, 21.59123948442198, 0.0 ], [ 88.776113948200063, 21.56983575384043, 0.0 ], [ 88.715443811765695, 21.572463861500086, 0.0 ], [ 88.717502154649438, 21.644005763632148, 0.0 ], [ 88.684426093477228, 21.684306527459501, 0.0 ], [ 88.69251088648808, 21.72015618225668, 0.0 ], [ 88.707779697680394, 21.681373383577192, 0.0 ], [ 88.743788346676922, 21.652121881680078, 0.0 ], [ 88.774663084609074, 21.649288922008459, 0.0 ] ] ], [ [ [ 88.350253177750872, 21.680464801611755, 0.0 ], [ 88.344304720348433, 21.627601854233816, 0.0 ], [ 88.309101461136734, 21.608002160625563, 0.0 ], [ 88.306610851388299, 21.705634832336532, 0.0 ], [ 88.350253177750872, 21.680464801611755, 0.0 ] ] ], [ [ [ 88.206811750277609, 21.670735540907426, 0.0 ], [ 88.225964277549309, 21.669781824750739, 0.0 ], [ 88.231002128650189, 21.644993145443998, 0.0 ], [ 88.211054694483281, 21.620534144062418, 0.0 ], [ 88.212838724827208, 21.598386557605224, 0.0 ], [ 88.180161429162723, 21.685183760011906, 0.0 ], [ 88.203535723003071, 21.725842148699748, 0.0 ], [ 88.213572608786009, 21.700129207242266, 0.0 ], [ 88.193871468539655, 21.687634646262598, 0.0 ], [ 88.206811750277609, 21.670735540907426, 0.0 ] ] ], [ [ [ 88.641208225816897, 21.679631459448959, 0.0 ], [ 88.630921530725118, 21.649670496110311, 0.0 ], [ 88.630878730633327, 21.673287559914879, 0.0 ], [ 88.641208225816897, 21.679631459448959, 0.0 ] ] ], [ [ [ 88.401645777832059, 21.737275507697579, 0.0 ], [ 88.428124224134294, 21.702277540671449, 0.0 ], [ 88.413326073201759, 21.692929504441572, 0.0 ], [ 88.411051226917948, 21.655829093091189, 0.0 ], [ 88.431949049331038, 21.620447465615335, 0.0 ], [ 88.396941821997174, 21.589933613867178, 0.0 ], [ 88.380938099785538, 21.662890622843427, 0.0 ], [ 88.404237310289986, 21.716629486019311, 0.0 ], [ 88.368761104381889, 21.726976926270911, 0.0 ], [ 88.389117911359605, 21.735750568539657, 0.0 ], [ 88.395828858508111, 21.754637629022273, 0.0 ], [ 88.401645777832059, 21.737275507697579, 0.0 ] ] ], [ [ [ 88.042829306451793, 21.692346064435565, 0.0 ], [ 88.044511725727418, 21.699066291366147, 0.0 ], [ 88.045429625424902, 21.699396382832525, 0.0 ], [ 88.042829306451793, 21.692346064435565, 0.0 ] ] ], [ [ [ 88.052105690939825, 21.702677861736394, 0.0 ], [ 88.051331156600838, 21.696229130631874, 0.0 ], [ 88.049413804596398, 21.694489713826876, 0.0 ], [ 88.052105690939825, 21.702677861736394, 0.0 ] ] ], [ [ [ 88.043641135200019, 21.700592071702975, 0.0 ], [ 88.042477021445094, 21.708155264601462, 0.0 ], [ 88.042766511315008, 21.708968201155589, 0.0 ], [ 88.043641135200019, 21.700592071702975, 0.0 ] ] ], [ [ [ 88.053458518656441, 21.70309837508589, 0.0 ], [ 88.053710716593329, 21.710879004654473, 0.0 ], [ 88.055749636691843, 21.711394684124695, 0.0 ], [ 88.053458518656441, 21.70309837508589, 0.0 ] ] ], [ [ [ 88.426247335858861, 21.808791670006531, 0.0 ], [ 88.429991384854674, 21.799271578129623, 0.0 ], [ 88.455574245514413, 21.789128350399142, 0.0 ], [ 88.471439967036574, 21.79246610960967, 0.0 ], [ 88.452795557008116, 21.718411547088774, 0.0 ], [ 88.471506293882726, 21.673876961611104, 0.0 ], [ 88.450160902223786, 21.611770274251175, 0.0 ], [ 88.433994964274191, 21.603711531203988, 0.0 ], [ 88.44113065591182, 21.622828423890944, 0.0 ], [ 88.419140624258333, 21.682925880139432, 0.0 ], [ 88.432488418278382, 21.704380392848105, 0.0 ], [ 88.383416763869434, 21.77769087041808, 0.0 ], [ 88.426247335858861, 21.808791670006531, 0.0 ] ] ], [ [ [ 88.602891976503997, 21.686759756329636, 0.0 ], [ 88.59100728940868, 21.658341639234727, 0.0 ], [ 88.602670861703743, 21.612540090082035, 0.0 ], [ 88.528552062819543, 21.657063436398492, 0.0 ], [ 88.506285524464602, 21.758358756886178, 0.0 ], [ 88.542267929313411, 21.811443006987489, 0.0 ], [ 88.573271222017027, 21.788492489697123, 0.0 ], [ 88.561604396219778, 21.762121983809298, 0.0 ], [ 88.573551958539767, 21.722659987660407, 0.0 ], [ 88.602891976503997, 21.686759756329636, 0.0 ] ] ], [ [ [ 88.390014126547769, 21.758214561360646, 0.0 ], [ 88.363275886559776, 21.725906412646761, 0.0 ], [ 88.394136777735469, 21.712404184262819, 0.0 ], [ 88.357066163093648, 21.686461452115513, 0.0 ], [ 88.33843884765561, 21.711583352749091, 0.0 ], [ 88.348531504825274, 21.722540365127166, 0.0 ], [ 88.344319408156437, 21.756414705298535, 0.0 ], [ 88.390014126547769, 21.758214561360646, 0.0 ] ] ], [ [ [ 88.203828320966551, 21.733166954995696, 0.0 ], [ 88.194496104507849, 21.730752763505564, 0.0 ], [ 88.206483122247391, 21.759760945512983, 0.0 ], [ 88.203828320966551, 21.733166954995696, 0.0 ] ] ], [ [ [ 88.618611310816377, 21.783486181824241, 0.0 ], [ 88.629875202473116, 21.736141150596861, 0.0 ], [ 88.610918068450403, 21.70477465990772, 0.0 ], [ 88.597057238393688, 21.71567803421328, 0.0 ], [ 88.620276850471171, 21.728039985727897, 0.0 ], [ 88.621726359840366, 21.740047132555333, 0.0 ], [ 88.587385842461217, 21.757209834919831, 0.0 ], [ 88.588826157371244, 21.776593478243644, 0.0 ], [ 88.618611310816377, 21.783486181824241, 0.0 ] ] ], [ [ [ 88.304101117147368, 21.738327181448604, 0.0 ], [ 88.29189316001478, 21.712062783733579, 0.0 ], [ 88.279758203087411, 21.734923467105389, 0.0 ], [ 88.289112795795347, 21.778751627439188, 0.0 ], [ 88.304101117147368, 21.738327181448604, 0.0 ] ] ], [ [ [ 88.619483807179236, 21.737834337465905, 0.0 ], [ 88.578796167309292, 21.727527391622314, 0.0 ], [ 88.584584734416481, 21.748431898784389, 0.0 ], [ 88.568784850798068, 21.769703621319255, 0.0 ], [ 88.582226938018081, 21.776408928853364, 0.0 ], [ 88.587261196301853, 21.753303746317407, 0.0 ], [ 88.619483807179236, 21.737834337465905, 0.0 ] ] ], [ [ [ 88.135837087415709, 21.875334278525706, 0.0 ], [ 88.17100246487847, 21.809315116825676, 0.0 ], [ 88.171251903451079, 21.740096350738114, 0.0 ], [ 88.153241981072469, 21.681956512335255, 0.0 ], [ 88.134194913978575, 21.678479161257815, 0.0 ], [ 88.145076285418128, 21.63897728100039, 0.0 ], [ 88.118681390225987, 21.625403889882467, 0.0 ], [ 88.057291842221872, 21.639388292939728, 0.0 ], [ 88.041351830011976, 21.649532168933483, 0.0 ], [ 88.041384787487431, 21.67570508529759, 0.0 ], [ 88.051007007295937, 21.687617554243904, 0.0 ], [ 88.056929546866556, 21.70971537624586, 0.0 ], [ 88.055213341443789, 21.720945065958574, 0.0 ], [ 88.076490690495532, 21.751757330596035, 0.0 ], [ 88.101578123223362, 21.832104897240459, 0.0 ], [ 88.135837087415709, 21.875334278525706, 0.0 ] ] ], [ [ [ 89.024823902452198, 21.871309805187973, 0.0 ], [ 89.019459502359609, 21.766152010435153, 0.0 ], [ 89.055923802661383, 21.732524123211775, 0.0 ], [ 89.094198934112896, 21.641339263226566, 0.0 ], [ 89.050494997193098, 21.615566640948579, 0.0 ], [ 89.02407012821422, 21.658217231039579, 0.0 ], [ 89.035535759897499, 21.615411806619441, 0.0 ], [ 88.997975494184075, 21.603225687737375, 0.0 ], [ 88.997268038104338, 21.621971086823351, 0.0 ], [ 88.96828797574203, 21.619833497745237, 0.0 ], [ 88.938723066183172, 21.646142393572369, 0.0 ], [ 88.951309534714014, 21.693853910486848, 0.0 ], [ 88.921262422367761, 21.721520800472121, 0.0 ], [ 88.931708715363925, 21.744425725908393, 0.0 ], [ 88.920840102462137, 21.762386559199935, 0.0 ], [ 88.914673075676575, 21.716179027690345, 0.0 ], [ 88.940132492724089, 21.68904163511078, 0.0 ], [ 88.922967005682978, 21.632307655769687, 0.0 ], [ 88.884132633589388, 21.66117372642049, 0.0 ], [ 88.869648144922053, 21.704167539339021, 0.0 ], [ 88.877220316377873, 21.766613411452767, 0.0 ], [ 88.835056510753546, 21.782792208786365, 0.0 ], [ 88.853154975764525, 21.888889718938294, 0.0 ], [ 88.819005162531795, 21.929260401309495, 0.0 ], [ 88.859691406476671, 21.912713242889762, 0.0 ], [ 88.902586549950541, 21.921025547055276, 0.0 ], [ 88.911820281631407, 21.930882338252772, 0.0 ], [ 89.024823902452198, 21.871309805187973, 0.0 ] ] ], [ [ [ 88.198018833009996, 21.769505074057243, 0.0 ], [ 88.192647550410555, 21.758191086552632, 0.0 ], [ 88.19260910224628, 21.779712608766975, 0.0 ], [ 88.198018833009996, 21.769505074057243, 0.0 ] ] ], [ [ [ 88.176663643140003, 21.791336894124655, 0.0 ], [ 88.185612995020236, 21.790629472569087, 0.0 ], [ 88.181200859783658, 21.783699573450747, 0.0 ], [ 88.176663643140003, 21.791336894124655, 0.0 ] ] ], [ [ [ 88.487780921235, 21.834283922708785, 0.0 ], [ 88.500018447784342, 21.811822975184281, 0.0 ], [ 88.485456794910149, 21.798860573791156, 0.0 ], [ 88.453231139204561, 21.810786279727207, 0.0 ], [ 88.487780921235, 21.834283922708785, 0.0 ] ] ], [ [ [ 88.195204662527104, 21.83941691321575, 0.0 ], [ 88.167270251913152, 21.863864503939723, 0.0 ], [ 88.166362440999322, 21.869739449455331, 0.0 ], [ 88.195204662527104, 21.83941691321575, 0.0 ] ] ], [ [ [ 88.573380202101987, 21.879595243440125, 0.0 ], [ 88.573824484433629, 21.855587667112957, 0.0 ], [ 88.556685424272473, 21.827692985705237, 0.0 ], [ 88.559972686703873, 21.851509574150061, 0.0 ], [ 88.554054388028604, 21.875674394707023, 0.0 ], [ 88.573380202101987, 21.879595243440125, 0.0 ] ] ], [ [ [ 88.67009175062519, 21.9142180697479, 0.0 ], [ 88.644564893060632, 21.787937833906131, 0.0 ], [ 88.586309979514525, 21.801521337238416, 0.0 ], [ 88.580206682344027, 21.834727531874975, 0.0 ], [ 88.636640484361592, 21.921775316829599, 0.0 ], [ 88.67009175062519, 21.9142180697479, 0.0 ] ] ], [ [ [ 88.569951474201943, 21.900692384856388, 0.0 ], [ 88.5761512200189, 21.883061151812637, 0.0 ], [ 88.557588351062194, 21.880963642901566, 0.0 ], [ 88.552226768525259, 21.873587374766274, 0.0 ], [ 88.551482514792241, 21.816704188416509, 0.0 ], [ 88.530973333147557, 21.846026902840116, 0.0 ], [ 88.543481144047391, 21.854956460722882, 0.0 ], [ 88.550467600809995, 21.879380097141244, 0.0 ], [ 88.541088227784186, 21.901153993127522, 0.0 ], [ 88.569951474201943, 21.900692384856388, 0.0 ] ] ], [ [ [ 88.082133061831499, 21.842375702478815, 0.0 ], [ 88.072357468952362, 21.858383467786648, 0.0 ], [ 88.081211486907435, 21.879849265151826, 0.0 ], [ 88.096720510817235, 21.861269609840772, 0.0 ], [ 88.082133061831499, 21.842375702478815, 0.0 ] ] ], [ [ [ 88.169245400854848, 21.868785961614655, 0.0 ], [ 88.165281311866309, 21.879163730564642, 0.0 ], [ 88.174149002010054, 21.863478785632907, 0.0 ], [ 88.169245400854848, 21.868785961614655, 0.0 ] ] ], [ [ [ 88.100791414402607, 21.869024509735539, 0.0 ], [ 88.083871703596259, 21.909696783756385, 0.0 ], [ 88.085619548883187, 21.914371596112478, 0.0 ], [ 88.119789981066944, 21.890979666461053, 0.0 ], [ 88.100791414402607, 21.869024509735539, 0.0 ] ] ], [ [ [ 88.482196015170842, 21.900881740650622, 0.0 ], [ 88.493659626212477, 21.905757802889578, 0.0 ], [ 88.485604271258296, 21.897153279193954, 0.0 ], [ 88.482196015170842, 21.900881740650622, 0.0 ] ] ], [ [ [ 88.126339998973407, 21.947451029322114, 0.0 ], [ 88.145452235641216, 21.924710012324486, 0.0 ], [ 88.126717592413456, 21.933896601705868, 0.0 ], [ 88.118944374427528, 21.928352552386158, 0.0 ], [ 88.116934414651311, 21.923982520468467, 0.0 ], [ 88.145015035313804, 21.917337249712293, 0.0 ], [ 88.130012878685505, 21.899131490793227, 0.0 ], [ 88.089857431980931, 21.926548904458439, 0.0 ], [ 88.126339998973407, 21.947451029322114, 0.0 ] ] ], [ [ [ 88.586061785091132, 21.954234213828517, 0.0 ], [ 88.610032805186847, 21.922470818260923, 0.0 ], [ 88.582573644664421, 21.891439317684778, 0.0 ], [ 88.550096335906161, 21.922381553016116, 0.0 ], [ 88.543482944106742, 21.968554208561503, 0.0 ], [ 88.586061785091132, 21.954234213828517, 0.0 ] ] ], [ [ [ 88.598989095415192, 21.972962014571731, 0.0 ], [ 88.615030758133287, 21.937508018558557, 0.0 ], [ 88.610777304392883, 21.929370611718351, 0.0 ], [ 88.591969752526396, 21.951548079829244, 0.0 ], [ 88.576486906052011, 21.960642837651051, 0.0 ], [ 88.577428593182731, 21.981283561562616, 0.0 ], [ 88.595809909978627, 21.988585165256829, 0.0 ], [ 88.599639172211823, 21.99149827003642, 0.0 ], [ 88.602993515560314, 21.997450224463662, 0.0 ], [ 88.607100177641499, 22.000046738124297, 0.0 ], [ 88.598989095415192, 21.972962014571731, 0.0 ] ] ], [ [ [ 88.139581094879617, 22.016146145284207, 0.0 ], [ 88.125232558937498, 21.995984347028006, 0.0 ], [ 88.085407523174794, 22.006918458916886, 0.0 ], [ 88.12233272414322, 22.020612860207059, 0.0 ], [ 88.139581094879617, 22.016146145284207, 0.0 ] ] ], [ [ [ 92.771426007660764, 9.258822580381597, 0.0 ], [ 92.817665411056723, 9.21199055687401, 0.0 ], [ 92.827066845953354, 9.138407351521328, 0.0 ], [ 92.799065157034676, 9.120594233188974, 0.0 ], [ 92.727315568193902, 9.124898851642744, 0.0 ], [ 92.7144420929083, 9.154402250885152, 0.0 ], [ 92.71969158617425, 9.218526241782527, 0.0 ], [ 92.763716731126976, 9.215825365637444, 0.0 ], [ 92.771426007660764, 9.258822580381597, 0.0 ] ] ], [ [ [ 92.622693356634358, 10.925803030204323, 0.0 ], [ 92.621234277759299, 10.92427516457464, 0.0 ], [ 92.620744833430422, 10.925093390506207, 0.0 ], [ 92.622693356634358, 10.925803030204323, 0.0 ] ] ], [ [ [ 92.62160013725979, 10.927678914473356, 0.0 ], [ 92.611473261987669, 10.926417532680171, 0.0 ], [ 92.602008940638598, 10.936284677261524, 0.0 ], [ 92.608476545784654, 10.939612032482653, 0.0 ], [ 92.62160013725979, 10.927678914473356, 0.0 ] ] ], [ [ [ 92.606189376060513, 10.940619832800261, 0.0 ], [ 92.603906896837358, 10.940289766083321, 0.0 ], [ 92.601070834819211, 10.941121274260311, 0.0 ], [ 92.606189376060513, 10.940619832800261, 0.0 ] ] ], [ [ [ 92.608389549121384, 10.942093642410109, 0.0 ], [ 92.60760727696271, 10.942559119601297, 0.0 ], [ 92.608426050895545, 10.942523000284357, 0.0 ], [ 92.608389549121384, 10.942093642410109, 0.0 ] ] ], [ [ [ 92.605910246015853, 10.94318285889222, 0.0 ], [ 92.606070348869778, 10.942323990727665, 0.0 ], [ 92.605800420579143, 10.942839322751666, 0.0 ], [ 92.605910246015853, 10.94318285889222, 0.0 ] ] ], [ [ [ 92.59747538721787, 10.942052141409285, 0.0 ], [ 92.5973241673573, 10.944922454330031, 0.0 ], [ 92.598984882618083, 10.941514301207054, 0.0 ], [ 92.59747538721787, 10.942052141409285, 0.0 ] ] ], [ [ [ 92.605260549046989, 10.944846266725172, 0.0 ], [ 92.603426140672596, 10.946355929632496, 0.0 ], [ 92.605621930111752, 10.945144638496023, 0.0 ], [ 92.605260549046989, 10.944846266725172, 0.0 ] ] ], [ [ [ 92.600553062933841, 10.950930171241058, 0.0 ], [ 92.600205423791095, 10.951712188767553, 0.0 ], [ 92.600763458705572, 10.951554018974278, 0.0 ], [ 92.600553062933841, 10.950930171241058, 0.0 ] ] ], [ [ [ 92.668139866410783, 10.984730629590842, 0.0 ], [ 92.658171800021648, 10.990802588773329, 0.0 ], [ 92.666539737829027, 10.992686490756665, 0.0 ], [ 92.668139866410783, 10.984730629590842, 0.0 ] ] ], [ [ [ 92.724219211978436, 11.148310347365872, 0.0 ], [ 92.730369369360758, 11.141789730137736, 0.0 ], [ 92.721323861011982, 11.14170685942525, 0.0 ], [ 92.724219211978436, 11.148310347365872, 0.0 ] ] ], [ [ [ 92.67588087265996, 11.189296330574647, 0.0 ], [ 92.675860424320831, 11.176788152413124, 0.0 ], [ 92.673939824835955, 11.190232419684984, 0.0 ], [ 92.67588087265996, 11.189296330574647, 0.0 ] ] ], [ [ [ 92.67260375237133, 11.195087635553618, 0.0 ], [ 92.67190781282001, 11.195151083655233, 0.0 ], [ 92.672287872658913, 11.195539749043219, 0.0 ], [ 92.67260375237133, 11.195087635553618, 0.0 ] ] ], [ [ [ 92.704706733767395, 11.290236435432302, 0.0 ], [ 92.703938737576522, 11.262282139935348, 0.0 ], [ 92.686234755134294, 11.24179974523331, 0.0 ], [ 92.704706733767395, 11.290236435432302, 0.0 ] ] ], [ [ [ 92.721026311198116, 11.333474261006554, 0.0 ], [ 92.70770500569148, 11.299480016747721, 0.0 ], [ 92.695506144783195, 11.309844114840761, 0.0 ], [ 92.721026311198116, 11.333474261006554, 0.0 ] ] ], [ [ [ 92.637496045540587, 11.513106132061163, 0.0 ], [ 92.674257484738817, 11.490403033502275, 0.0 ], [ 92.684497964573112, 11.433331003915098, 0.0 ], [ 92.66099731572433, 11.411930740719114, 0.0 ], [ 92.636136026820878, 11.416819418050475, 0.0 ], [ 92.633716289461063, 11.403719303654764, 0.0 ], [ 92.67479587678703, 11.399768750051615, 0.0 ], [ 92.690661190327347, 11.374528053683283, 0.0 ], [ 92.663742865665654, 11.352785118770896, 0.0 ], [ 92.597653869315863, 11.34502499767197, 0.0 ], [ 92.579601841664768, 11.367439634934358, 0.0 ], [ 92.585731702671708, 11.39999209367855, 0.0 ], [ 92.621789894033455, 11.404451730331404, 0.0 ], [ 92.610662094698029, 11.472307383133465, 0.0 ], [ 92.637496045540587, 11.513106132061163, 0.0 ] ] ], [ [ [ 92.615106507197638, 11.51026948044553, 0.0 ], [ 92.603061516129927, 11.503492841045301, 0.0 ], [ 92.615028570447066, 11.511074158508684, 0.0 ], [ 92.615106507197638, 11.51026948044553, 0.0 ] ] ], [ [ [ 92.643235784427588, 11.514319280892517, 0.0 ], [ 92.644624570624316, 11.51424682370193, 0.0 ], [ 92.643226487117673, 11.513401622675762, 0.0 ], [ 92.643235784427588, 11.514319280892517, 0.0 ] ] ], [ [ [ 92.616256468112041, 11.528405301479335, 0.0 ], [ 92.615312185251483, 11.528210884255417, 0.0 ], [ 92.615266367489184, 11.528454998831318, 0.0 ], [ 92.616256468112041, 11.528405301479335, 0.0 ] ] ], [ [ [ 92.59636254915435, 11.530158026086132, 0.0 ], [ 92.607368887284366, 11.521032213210995, 0.0 ], [ 92.605911412692876, 11.518776423263441, 0.0 ], [ 92.59636254915435, 11.530158026086132, 0.0 ] ] ], [ [ [ 92.58661268096607, 11.53084401632645, 0.0 ], [ 92.588249164243607, 11.530450958993272, 0.0 ], [ 92.586663190774942, 11.530355831196323, 0.0 ], [ 92.58661268096607, 11.53084401632645, 0.0 ] ] ], [ [ [ 92.593217829843638, 11.53213759960485, 0.0 ], [ 92.589853544957307, 11.530500886528124, 0.0 ], [ 92.589555431479383, 11.531626377463622, 0.0 ], [ 92.593217829843638, 11.53213759960485, 0.0 ] ] ], [ [ [ 92.61496371706744, 11.532044232458693, 0.0 ], [ 92.615211216566351, 11.531311856366884, 0.0 ], [ 92.614766584988928, 11.531750329099664, 0.0 ], [ 92.61496371706744, 11.532044232458693, 0.0 ] ] ], [ [ [ 92.630800964484067, 11.53302972551081, 0.0 ], [ 92.63045261818408, 11.533418424854698, 0.0 ], [ 92.630686402371083, 11.533608274277388, 0.0 ], [ 92.630800964484067, 11.53302972551081, 0.0 ] ] ], [ [ [ 92.582114629303717, 11.539563254813869, 0.0 ], [ 92.585172103438595, 11.540336603742237, 0.0 ], [ 92.582734256856739, 11.534310620723065, 0.0 ], [ 92.582114629303717, 11.539563254813869, 0.0 ] ] ], [ [ [ 92.626116369684567, 11.547241835817134, 0.0 ], [ 92.628394607937466, 11.544190591766752, 0.0 ], [ 92.627170634104644, 11.542197100646156, 0.0 ], [ 92.626116369684567, 11.547241835817134, 0.0 ] ] ], [ [ [ 92.617342026059731, 11.55995756589121, 0.0 ], [ 92.616384632210242, 11.535999564894013, 0.0 ], [ 92.609641868669286, 11.531406620425082, 0.0 ], [ 92.601301956994448, 11.554676998552678, 0.0 ], [ 92.608196723117601, 11.553660320479457, 0.0 ], [ 92.617342026059731, 11.55995756589121, 0.0 ] ] ], [ [ [ 92.591484498339568, 11.577996612515928, 0.0 ], [ 92.595014597667259, 11.533353833270592, 0.0 ], [ 92.587785946879038, 11.532602556731177, 0.0 ], [ 92.591484498339568, 11.577996612515928, 0.0 ] ] ], [ [ [ 92.630851923738305, 11.556336792634559, 0.0 ], [ 92.631837604412283, 11.557358332259485, 0.0 ], [ 92.631098342664373, 11.556066796194711, 0.0 ], [ 92.630851923738305, 11.556336792634559, 0.0 ] ] ], [ [ [ 92.607316335323887, 11.556526272076711, 0.0 ], [ 92.607109748071196, 11.562682966990044, 0.0 ], [ 92.608641288918861, 11.556209913697012, 0.0 ], [ 92.607316335323887, 11.556526272076711, 0.0 ] ] ], [ [ [ 92.598463610734996, 11.560794494057506, 0.0 ], [ 92.598839077200239, 11.560083082899538, 0.0 ], [ 92.598582179088964, 11.560043559929168, 0.0 ], [ 92.598463610734996, 11.560794494057506, 0.0 ] ] ], [ [ [ 92.618006440481523, 11.57737915741032, 0.0 ], [ 92.61395410589158, 11.563044948365777, 0.0 ], [ 92.599219459717773, 11.569056123148641, 0.0 ], [ 92.601148211202968, 11.585921748084486, 0.0 ], [ 92.618006440481523, 11.57737915741032, 0.0 ] ] ], [ [ [ 92.599749698411074, 11.587228041819253, 0.0 ], [ 92.599337133918752, 11.586581587622698, 0.0 ], [ 92.599075689419479, 11.587571573282176, 0.0 ], [ 92.599749698411074, 11.587228041819253, 0.0 ] ] ], [ [ [ 92.593037367138479, 11.589243502446502, 0.0 ], [ 92.593546231920854, 11.590332957788938, 0.0 ], [ 92.594527468213613, 11.589139696886836, 0.0 ], [ 92.593037367138479, 11.589243502446502, 0.0 ] ] ], [ [ [ 92.689120685951636, 11.608616645360012, 0.0 ], [ 92.690694149277434, 11.611685622923416, 0.0 ], [ 92.689973432830172, 11.608182479272065, 0.0 ], [ 92.689120685951636, 11.608616645360012, 0.0 ] ] ], [ [ [ 92.686186605013461, 11.630907154185435, 0.0 ], [ 92.687153998662751, 11.630396162582759, 0.0 ], [ 92.686209250126709, 11.629691190118987, 0.0 ], [ 92.686186605013461, 11.630907154185435, 0.0 ] ] ], [ [ [ 92.755839899541456, 11.636731899660669, 0.0 ], [ 92.755589700343819, 11.63677209992637, 0.0 ], [ 92.755790900364929, 11.63684549996529, 0.0 ], [ 92.755839899541456, 11.636731899660669, 0.0 ] ] ], [ [ [ 92.754692829433765, 11.636355941826011, 0.0 ], [ 92.75480252010577, 11.637228465123336, 0.0 ], [ 92.755298012201621, 11.636699748661039, 0.0 ], [ 92.754692829433765, 11.636355941826011, 0.0 ] ] ], [ [ [ 92.688695943833963, 11.635413354639679, 0.0 ], [ 92.68569335737908, 11.639875591342893, 0.0 ], [ 92.686441990519668, 11.640503572582428, 0.0 ], [ 92.688695943833963, 11.635413354639679, 0.0 ] ] ], [ [ [ 92.754614359817296, 11.637648739446506, 0.0 ], [ 92.753059759843111, 11.637819871699172, 0.0 ], [ 92.7542654627415, 11.638493922632689, 0.0 ], [ 92.754614359817296, 11.637648739446506, 0.0 ] ] ], [ [ [ 92.680445800209213, 11.648358200134448, 0.0 ], [ 92.680044499920726, 11.648326399756423, 0.0 ], [ 92.680408700138827, 11.648504800129755, 0.0 ], [ 92.680445800209213, 11.648358200134448, 0.0 ] ] ], [ [ [ 92.696856425432216, 11.664020653325773, 0.0 ], [ 92.699505838312518, 11.659169703959499, 0.0 ], [ 92.692209999682518, 11.660690337541526, 0.0 ], [ 92.696856425432216, 11.664020653325773, 0.0 ] ] ], [ [ [ 92.760393251483151, 11.6687194092104, 0.0 ], [ 92.758119264581339, 11.678188512106468, 0.0 ], [ 92.764905372316662, 11.68210583156665, 0.0 ], [ 92.760393251483151, 11.6687194092104, 0.0 ] ] ], [ [ [ 92.73288389974617, 11.681821800241265, 0.0 ], [ 92.732747399721973, 11.681923499649423, 0.0 ], [ 92.732907199926061, 11.681943800022726, 0.0 ], [ 92.73288389974617, 11.681821800241265, 0.0 ] ] ], [ [ [ 92.733226700174299, 11.682481000305337, 0.0 ], [ 92.733191900152192, 11.682626099851964, 0.0 ], [ 92.733284799900431, 11.682504199649284, 0.0 ], [ 92.733226700174299, 11.682481000305337, 0.0 ] ] ], [ [ [ 92.725018640193937, 11.688010615827002, 0.0 ], [ 92.721143093125619, 11.687754291250821, 0.0 ], [ 92.721285567278912, 11.688604064904231, 0.0 ], [ 92.725018640193937, 11.688010615827002, 0.0 ] ] ], [ [ [ 92.586764432196304, 11.700059066943306, 0.0 ], [ 92.586557863978655, 11.701306662281787, 0.0 ], [ 92.586970652008659, 11.701333845465888, 0.0 ], [ 92.586764432196304, 11.700059066943306, 0.0 ] ] ], [ [ [ 92.585969148756305, 11.704670192004507, 0.0 ], [ 92.586369535311405, 11.704176653811981, 0.0 ], [ 92.585859030918499, 11.703923188299878, 0.0 ], [ 92.585969148756305, 11.704670192004507, 0.0 ] ] ], [ [ [ 92.584997895328755, 11.704972484064267, 0.0 ], [ 92.585204382299125, 11.704032274158466, 0.0 ], [ 92.584915511262651, 11.703914654082132, 0.0 ], [ 92.584997895328755, 11.704972484064267, 0.0 ] ] ], [ [ [ 92.582656596782172, 11.708002957496076, 0.0 ], [ 92.583015925015332, 11.708172581988533, 0.0 ], [ 92.582905913639493, 11.707675308462621, 0.0 ], [ 92.582656596782172, 11.708002957496076, 0.0 ] ] ], [ [ [ 92.583953230879047, 11.708380530887409, 0.0 ], [ 92.584294898827039, 11.708207855004366, 0.0 ], [ 92.584195705102957, 11.708045972511847, 0.0 ], [ 92.583953230879047, 11.708380530887409, 0.0 ] ] ], [ [ [ 92.701723791161839, 12.232484653084265, 0.0 ], [ 92.703697102868688, 12.192643444847727, 0.0 ], [ 92.711856742967058, 12.189698324624191, 0.0 ], [ 92.703595552627974, 12.190961942819897, 0.0 ], [ 92.701030441430021, 12.18694871763021, 0.0 ], [ 92.708829319086519, 12.148285385390654, 0.0 ], [ 92.719365698238377, 12.179715265570961, 0.0 ], [ 92.747509657035167, 12.177267955006913, 0.0 ], [ 92.751020626409044, 12.180586461866124, 0.0 ], [ 92.756563064232296, 12.163164595367123, 0.0 ], [ 92.72540820371249, 12.095899902198109, 0.0 ], [ 92.736117074357111, 12.078777766604915, 0.0 ], [ 92.732398728957904, 12.072315346057646, 0.0 ], [ 92.729501836529593, 12.075263628606102, 0.0 ], [ 92.728151561107097, 12.075449418038353, 0.0 ], [ 92.724076726657202, 12.07287893490097, 0.0 ], [ 92.722755490195084, 12.064399489339944, 0.0 ], [ 92.725133295651773, 12.073353213471085, 0.0 ], [ 92.732888606690281, 12.068382545778498, 0.0 ], [ 92.7369296873607, 12.078067736541458, 0.0 ], [ 92.733599299283455, 12.065344693313804, 0.0 ], [ 92.737830069763305, 12.056537678550308, 0.0 ], [ 92.73317054611644, 12.061376101808593, 0.0 ], [ 92.727456532483558, 12.059534066400914, 0.0 ], [ 92.725297213693096, 12.057387790394055, 0.0 ], [ 92.725069321858712, 12.049653772418271, 0.0 ], [ 92.72063400510892, 12.052507575897424, 0.0 ], [ 92.718129981758963, 12.049389473729581, 0.0 ], [ 92.71381420963948, 12.052776567630309, 0.0 ], [ 92.712436074756525, 12.051524920680919, 0.0 ], [ 92.713358347683027, 12.049015915825283, 0.0 ], [ 92.710970819025817, 12.050734291399648, 0.0 ], [ 92.709831554681315, 12.049771900934626, 0.0 ], [ 92.70931158202778, 12.046390902419081, 0.0 ], [ 92.707139575720689, 12.047110282271658, 0.0 ], [ 92.700671640332558, 12.040720511979698, 0.0 ], [ 92.698688232202571, 12.042470415551552, 0.0 ], [ 92.697287129212114, 12.040671734759702, 0.0 ], [ 92.696603370805747, 12.04249808952463, 0.0 ], [ 92.696809352465252, 12.040206302607059, 0.0 ], [ 92.700735744062499, 12.040078691271946, 0.0 ], [ 92.713169684831726, 12.047926552420298, 0.0 ], [ 92.715049203563893, 12.051682242572658, 0.0 ], [ 92.709578558062262, 12.033919539171093, 0.0 ], [ 92.709449373899844, 12.032048263985331, 0.0 ], [ 92.710436323368313, 12.031044401552901, 0.0 ], [ 92.716086538660193, 12.049819577856224, 0.0 ], [ 92.719603874324307, 12.048512045830957, 0.0 ], [ 92.721111256208786, 12.051585279915411, 0.0 ], [ 92.725445553023675, 12.048849021796578, 0.0 ], [ 92.727344362730946, 12.054331371443803, 0.0 ], [ 92.728071894742612, 12.035490803159153, 0.0 ], [ 92.740013272648611, 12.028606317374786, 0.0 ], [ 92.738569494201485, 12.024263017950572, 0.0 ], [ 92.7260154058159, 12.025425076934942, 0.0 ], [ 92.724940540650593, 12.024602801537911, 0.0 ], [ 92.725142081753233, 12.023264685220211, 0.0 ], [ 92.770514700552951, 11.99861286782995, 0.0 ], [ 92.763944368700535, 11.986563871533221, 0.0 ], [ 92.759937324604522, 11.99464899314836, 0.0 ], [ 92.743945071890423, 11.9997256664216, 0.0 ], [ 92.743566222629894, 11.994297075118219, 0.0 ], [ 92.741230413157325, 11.997204519467918, 0.0 ], [ 92.740238806299942, 11.997661554165671, 0.0 ], [ 92.730500879557312, 11.999708524027513, 0.0 ], [ 92.722063796042335, 11.993464653586813, 0.0 ], [ 92.731568584773257, 11.971072478261828, 0.0 ], [ 92.71523201660986, 11.967145595594943, 0.0 ], [ 92.710487804562788, 11.933082542105272, 0.0 ], [ 92.713783255180005, 11.931399965663912, 0.0 ], [ 92.710972177984544, 11.925954005051084, 0.0 ], [ 92.714124348149895, 11.921920912395901, 0.0 ], [ 92.72301464551559, 11.931442119859625, 0.0 ], [ 92.725067720233142, 11.897259200162493, 0.0 ], [ 92.718185696455166, 11.892099417625637, 0.0 ], [ 92.713345367022299, 11.897873335467827, 0.0 ], [ 92.71161962956117, 11.89817679048088, 0.0 ], [ 92.70987034849675, 11.896518346939958, 0.0 ], [ 92.707163713451791, 11.900872181974878, 0.0 ], [ 92.703904790128547, 11.900760169918165, 0.0 ], [ 92.713668356829416, 11.889058747295735, 0.0 ], [ 92.72421178426481, 11.891175258922434, 0.0 ], [ 92.722215456704603, 11.878925966255666, 0.0 ], [ 92.709807925131315, 11.872832201261748, 0.0 ], [ 92.706381629853169, 11.864439046618184, 0.0 ], [ 92.723325378446461, 11.876832701526935, 0.0 ], [ 92.724222081792476, 11.856554440663308, 0.0 ], [ 92.701700145399556, 11.814333028470447, 0.0 ], [ 92.700754550718543, 11.829611921656104, 0.0 ], [ 92.695197810144947, 11.812906314410382, 0.0 ], [ 92.654743587129346, 11.833847111136174, 0.0 ], [ 92.691917293551683, 11.813671101747932, 0.0 ], [ 92.670082642267658, 11.798197969847234, 0.0 ], [ 92.672378685515611, 11.782769806806321, 0.0 ], [ 92.69750117442085, 11.812512494680941, 0.0 ], [ 92.705800443748871, 11.792693277394061, 0.0 ], [ 92.699606485199013, 11.809627986756, 0.0 ], [ 92.72965041471997, 11.854780571452505, 0.0 ], [ 92.744259607902578, 11.932098335626311, 0.0 ], [ 92.782992315234935, 11.936915896099547, 0.0 ], [ 92.789976521884995, 11.885450392103358, 0.0 ], [ 92.754454378354438, 11.700648571508534, 0.0 ], [ 92.743406495254774, 11.711536301342983, 0.0 ], [ 92.744722931074193, 11.690439457225283, 0.0 ], [ 92.716548754707517, 11.705421197716115, 0.0 ], [ 92.710949200840702, 11.693249782694867, 0.0 ], [ 92.696453527212398, 11.718876481408813, 0.0 ], [ 92.689967065593891, 11.69774399428267, 0.0 ], [ 92.689029017325197, 11.707264016381298, 0.0 ], [ 92.685204157791873, 11.709213133548889, 0.0 ], [ 92.685292049442609, 11.712716389540914, 0.0 ], [ 92.682223794364972, 11.714095743573633, 0.0 ], [ 92.686273643252179, 11.692207461143548, 0.0 ], [ 92.705676729731493, 11.700058947632851, 0.0 ], [ 92.707722678425583, 11.67050894220638, 0.0 ], [ 92.660142451330799, 11.652230754212336, 0.0 ], [ 92.67368998969097, 11.623993370310739, 0.0 ], [ 92.681125713901281, 11.638077428648195, 0.0 ], [ 92.684117521734066, 11.626134088278654, 0.0 ], [ 92.686575737613168, 11.628217407884136, 0.0 ], [ 92.687487758322405, 11.626020375720387, 0.0 ], [ 92.691201109093186, 11.622471001674807, 0.0 ], [ 92.688519041143635, 11.624216499135329, 0.0 ], [ 92.687202911112152, 11.623312713809311, 0.0 ], [ 92.688366362177987, 11.618136657844, 0.0 ], [ 92.684886647561683, 11.62024842535155, 0.0 ], [ 92.683373435521105, 11.620298498093931, 0.0 ], [ 92.681740920255777, 11.619340441893511, 0.0 ], [ 92.67203210962866, 11.609198595779134, 0.0 ], [ 92.672948795193065, 11.607367693459796, 0.0 ], [ 92.688824742020628, 11.617404266436466, 0.0 ], [ 92.692191603678012, 11.622692269920272, 0.0 ], [ 92.68779075552186, 11.627426063553195, 0.0 ], [ 92.690647433282251, 11.627425434568389, 0.0 ], [ 92.694945793265134, 11.616426414923916, 0.0 ], [ 92.68928716278694, 11.614511113156722, 0.0 ], [ 92.686395876587881, 11.602993881020176, 0.0 ], [ 92.70163138217319, 11.617726536582506, 0.0 ], [ 92.694065350073103, 11.652865180357761, 0.0 ], [ 92.71014493579456, 11.643313798976257, 0.0 ], [ 92.728208849001305, 11.658224996605702, 0.0 ], [ 92.714375128226834, 11.678435558193877, 0.0 ], [ 92.755992156230775, 11.665047110669491, 0.0 ], [ 92.737721303380653, 11.638716096032338, 0.0 ], [ 92.754280470983289, 11.614156392558421, 0.0 ], [ 92.710226974770094, 11.477384922274775, 0.0 ], [ 92.696910720969356, 11.505783378867742, 0.0 ], [ 92.667498257853239, 11.50182936523335, 0.0 ], [ 92.645201708339172, 11.522526144182974, 0.0 ], [ 92.646250724382739, 11.572399415506375, 0.0 ], [ 92.632396568274942, 11.580785459645263, 0.0 ], [ 92.61647912124883, 11.563440774373866, 0.0 ], [ 92.618793860489816, 11.582589129278388, 0.0 ], [ 92.601837590025013, 11.608648215861463, 0.0 ], [ 92.627014661888282, 11.626441180119665, 0.0 ], [ 92.634905645404331, 11.61547459961611, 0.0 ], [ 92.644701127460493, 11.635273198754765, 0.0 ], [ 92.630390065848388, 11.651881653248459, 0.0 ], [ 92.630407900859311, 11.628299003276354, 0.0 ], [ 92.608090374681268, 11.632385016562356, 0.0 ], [ 92.597702613327783, 11.649086994575436, 0.0 ], [ 92.589679524238178, 11.707913780893824, 0.0 ], [ 92.603779135839702, 11.707020065779314, 0.0 ], [ 92.586664800005948, 11.716664768632208, 0.0 ], [ 92.591290435060273, 11.738281484725379, 0.0 ], [ 92.558053053645168, 11.692299552594177, 0.0 ], [ 92.558654442019034, 11.772654460668416, 0.0 ], [ 92.549576332040218, 11.802233076592781, 0.0 ], [ 92.540721398516666, 11.785537188561303, 0.0 ], [ 92.529408666928006, 11.794999195355878, 0.0 ], [ 92.542841026882058, 11.801349835043629, 0.0 ], [ 92.549555988353191, 11.809745817587118, 0.0 ], [ 92.531653208394644, 11.805929931793374, 0.0 ], [ 92.546737788171797, 11.829439957470891, 0.0 ], [ 92.546905615554905, 11.836179785779004, 0.0 ], [ 92.545017564142043, 11.843343881235461, 0.0 ], [ 92.523824930835914, 11.807369266632307, 0.0 ], [ 92.505665931931006, 11.824516805393344, 0.0 ], [ 92.520132869540802, 11.839674437465067, 0.0 ], [ 92.507503400479834, 11.841495778096926, 0.0 ], [ 92.513975247956282, 11.872407942876524, 0.0 ], [ 92.527560004377733, 11.872494269491725, 0.0 ], [ 92.520239125877268, 11.898618778197308, 0.0 ], [ 92.538546733053394, 11.903502335304088, 0.0 ], [ 92.54025955996552, 11.931017626608742, 0.0 ], [ 92.564065883188718, 11.950808895914395, 0.0 ], [ 92.580540710819477, 11.931374809503801, 0.0 ], [ 92.582871601099583, 11.877005414860852, 0.0 ], [ 92.598965055466138, 11.899644801272432, 0.0 ], [ 92.599101202860396, 11.86608627792573, 0.0 ], [ 92.604783825203697, 11.852864952085557, 0.0 ], [ 92.610263517418744, 11.847305316236005, 0.0 ], [ 92.600302543324062, 11.878914946109694, 0.0 ], [ 92.606294274036358, 11.913527107918458, 0.0 ], [ 92.61977541469895, 11.921831320971226, 0.0 ], [ 92.620353693020618, 11.931075298464815, 0.0 ], [ 92.598666301868647, 11.904494992477419, 0.0 ], [ 92.592633398707562, 11.918493678912892, 0.0 ], [ 92.607624475770706, 11.929804628367416, 0.0 ], [ 92.62815914873994, 12.043004698852114, 0.0 ], [ 92.62204638695691, 12.101387803066958, 0.0 ], [ 92.664121019462272, 12.221847749525974, 0.0 ], [ 92.654847263690172, 12.180195573827243, 0.0 ], [ 92.673954445661934, 12.217787103858914, 0.0 ], [ 92.675051429705107, 12.186995485642361, 0.0 ], [ 92.681287626402238, 12.191961924962309, 0.0 ], [ 92.687841145334886, 12.235182264624838, 0.0 ], [ 92.701723791161839, 12.232484653084265, 0.0 ] ] ], [ [ [ 92.60161056175987, 11.935355053856149, 0.0 ], [ 92.604800994544178, 11.935305564792699, 0.0 ], [ 92.60330947567239, 11.92897266119804, 0.0 ], [ 92.60161056175987, 11.935355053856149, 0.0 ] ] ], [ [ [ 92.728476255060372, 11.952635603867195, 0.0 ], [ 92.723903055862593, 11.950517270743411, 0.0 ], [ 92.7321563750737, 11.959934385032669, 0.0 ], [ 92.728476255060372, 11.952635603867195, 0.0 ] ] ], [ [ [ 92.603076399943291, 11.975802364198842, 0.0 ], [ 92.601892778652768, 11.96414462753266, 0.0 ], [ 92.608142570546107, 11.940065622055421, 0.0 ], [ 92.601541583564455, 11.936177798735457, 0.0 ], [ 92.597470856978376, 11.92496717558492, 0.0 ], [ 92.586341547428432, 11.975289848344147, 0.0 ], [ 92.603076399943291, 11.975802364198842, 0.0 ] ] ], [ [ [ 92.7228393568992, 11.954450248989364, 0.0 ], [ 92.724372234789982, 11.95302128438731, 0.0 ], [ 92.721924696614707, 11.951272788959718, 0.0 ], [ 92.7228393568992, 11.954450248989364, 0.0 ] ] ], [ [ [ 92.766942066035412, 11.964542516457882, 0.0 ], [ 92.75819543355675, 11.944704155530962, 0.0 ], [ 92.734916844620798, 11.951823966360243, 0.0 ], [ 92.748410729832742, 11.968955579919479, 0.0 ], [ 92.766942066035412, 11.964542516457882, 0.0 ] ] ], [ [ [ 92.607475316004951, 11.966287592129506, 0.0 ], [ 92.605290392803909, 11.960673305563784, 0.0 ], [ 92.604605936280279, 11.966563090435201, 0.0 ], [ 92.607475316004951, 11.966287592129506, 0.0 ] ] ], [ [ [ 92.738179300002059, 11.964140299894975, 0.0 ], [ 92.73766629960781, 11.964464299298882, 0.0 ], [ 92.738260299786731, 11.964464299347528, 0.0 ], [ 92.738179300002059, 11.964140299894975, 0.0 ] ] ], [ [ [ 92.74257201092469, 11.967655280379983, 0.0 ], [ 92.7422357595091, 11.965218970922601, 0.0 ], [ 92.740413180985485, 11.965233298428311, 0.0 ], [ 92.74257201092469, 11.967655280379983, 0.0 ] ] ], [ [ [ 92.600390027803371, 11.981728264455651, 0.0 ], [ 92.599921672721251, 11.982347417509873, 0.0 ], [ 92.600142053114396, 11.9825192811306, 0.0 ], [ 92.600390027803371, 11.981728264455651, 0.0 ] ] ], [ [ [ 92.733650787540768, 11.977232687872895, 0.0 ], [ 92.756962730860437, 11.99291200979156, 0.0 ], [ 92.76078693698976, 11.983172479208566, 0.0 ], [ 92.733650787540768, 11.977232687872895, 0.0 ] ] ], [ [ [ 92.770017277186625, 12.017066443323106, 0.0 ], [ 92.776195911579563, 12.015394803728105, 0.0 ], [ 92.77026592485052, 12.012412867893001, 0.0 ], [ 92.770017277186625, 12.017066443323106, 0.0 ] ] ], [ [ [ 92.748435410151757, 12.05439614979233, 0.0 ], [ 92.78219391167454, 12.048542239704704, 0.0 ], [ 92.777691719368349, 12.024132554146306, 0.0 ], [ 92.729298549593452, 12.036900665152359, 0.0 ], [ 92.727240363420208, 12.058598511087766, 0.0 ], [ 92.736933384412637, 12.05392531945672, 0.0 ], [ 92.739070037359014, 12.056491907600634, 0.0 ], [ 92.736281726682108, 12.066012648493428, 0.0 ], [ 92.744415618540259, 12.056209465926569, 0.0 ], [ 92.748435410151757, 12.05439614979233, 0.0 ] ] ], [ [ [ 92.736567745845889, 12.069131485659744, 0.0 ], [ 92.755175081216109, 12.066759130231519, 0.0 ], [ 92.753796899054578, 12.057858529013842, 0.0 ], [ 92.736567745845889, 12.069131485659744, 0.0 ] ] ], [ [ [ 92.739407910034217, 12.112266129398339, 0.0 ], [ 92.740505318489454, 12.11123960448826, 0.0 ], [ 92.73879614626631, 12.110440257765209, 0.0 ], [ 92.739407910034217, 12.112266129398339, 0.0 ] ] ], [ [ [ 92.753649993964657, 12.143146431222286, 0.0 ], [ 92.756770410100472, 12.148935131588207, 0.0 ], [ 92.75401752555436, 12.1426628553094, 0.0 ], [ 92.753649993964657, 12.143146431222286, 0.0 ] ] ], [ [ [ 92.759032100210064, 12.166272800185496, 0.0 ], [ 92.758791399698723, 12.168165199805934, 0.0 ], [ 92.759845499890716, 12.168480599838187, 0.0 ], [ 92.759032100210064, 12.166272800185496, 0.0 ] ] ], [ [ [ 92.713349104213762, 12.169675509459955, 0.0 ], [ 92.712747223761994, 12.1704972441064, 0.0 ], [ 92.713370916829973, 12.170555787118786, 0.0 ], [ 92.713349104213762, 12.169675509459955, 0.0 ] ] ], [ [ [ 92.759332252430298, 12.169703656860893, 0.0 ], [ 92.75938227152777, 12.172546883895285, 0.0 ], [ 92.759745141212363, 12.172580840406034, 0.0 ], [ 92.759332252430298, 12.169703656860893, 0.0 ] ] ], [ [ [ 92.755546296750254, 12.180854212382409, 0.0 ], [ 92.761499964208411, 12.174357451184637, 0.0 ], [ 92.758417104070375, 12.173877833403493, 0.0 ], [ 92.755546296750254, 12.180854212382409, 0.0 ] ] ], [ [ [ 92.719499020841965, 12.18022522723199, 0.0 ], [ 92.720926344361999, 12.181754513618289, 0.0 ], [ 92.719621112190509, 12.179933395039892, 0.0 ], [ 92.719499020841965, 12.18022522723199, 0.0 ] ] ], [ [ [ 92.728274677497964, 12.18395030048903, 0.0 ], [ 92.728681150456765, 12.189130168260974, 0.0 ], [ 92.730279947315381, 12.18856002590522, 0.0 ], [ 92.728274677497964, 12.18395030048903, 0.0 ] ] ], [ [ [ 92.706290655594358, 12.197317102901307, 0.0 ], [ 92.707342444967594, 12.197135104482228, 0.0 ], [ 92.706627831733158, 12.196510405517405, 0.0 ], [ 92.706290655594358, 12.197317102901307, 0.0 ] ] ], [ [ [ 92.729255341820704, 12.24259163276443, 0.0 ], [ 92.742364013476461, 12.204757087661903, 0.0 ], [ 92.738912902167016, 12.236187221240648, 0.0 ], [ 92.744106788715328, 12.22787240433674, 0.0 ], [ 92.761677995351107, 12.229804205486575, 0.0 ], [ 92.76328815113385, 12.181945004595885, 0.0 ], [ 92.732623334914138, 12.184524384619523, 0.0 ], [ 92.728507021246017, 12.197679623750858, 0.0 ], [ 92.722470341193812, 12.188325151296951, 0.0 ], [ 92.729255341820704, 12.24259163276443, 0.0 ] ] ], [ [ [ 92.681705769211717, 12.214619098388063, 0.0 ], [ 92.681013823136695, 12.223374677758095, 0.0 ], [ 92.681864149637278, 12.223831034523876, 0.0 ], [ 92.681705769211717, 12.214619098388063, 0.0 ] ] ], [ [ [ 92.695361205178301, 12.245804558443508, 0.0 ], [ 92.696566612850376, 12.250193232360775, 0.0 ], [ 92.69830650810286, 12.243552779788716, 0.0 ], [ 92.695361205178301, 12.245804558443508, 0.0 ] ] ], [ [ [ 92.731379899895998, 12.252229700105508, 0.0 ], [ 92.731611500161932, 12.252543599653924, 0.0 ], [ 92.731791199946613, 12.251880399689103, 0.0 ], [ 92.731379899895998, 12.252229700105508, 0.0 ] ] ], [ [ [ 92.720899741519645, 12.255640823317748, 0.0 ], [ 92.723997672305103, 12.25610981503922, 0.0 ], [ 92.723431564224811, 12.25400359376858, 0.0 ], [ 92.720899741519645, 12.255640823317748, 0.0 ] ] ], [ [ [ 92.715712216503704, 12.258226479789878, 0.0 ], [ 92.716847574828748, 12.258976690216944, 0.0 ], [ 92.716801314839515, 12.256219396252453, 0.0 ], [ 92.715712216503704, 12.258226479789878, 0.0 ] ] ], [ [ [ 92.703622833718427, 12.299733743135556, 0.0 ], [ 92.723072707240817, 12.290940104188097, 0.0 ], [ 92.718783177450732, 12.283186354489439, 0.0 ], [ 92.709926019019079, 12.229657141541862, 0.0 ], [ 92.698726061642503, 12.274730796444038, 0.0 ], [ 92.703622833718427, 12.299733743135556, 0.0 ] ] ], [ [ [ 92.749369239515374, 12.287003821673506, 0.0 ], [ 92.741720620145628, 12.255467437321908, 0.0 ], [ 92.734576992524353, 12.248134529846237, 0.0 ], [ 92.738812121373172, 12.28242613882286, 0.0 ], [ 92.749369239515374, 12.287003821673506, 0.0 ] ] ], [ [ [ 92.764262335940785, 12.265604655000526, 0.0 ], [ 92.752208357931494, 12.277873925701851, 0.0 ], [ 92.762182278289231, 12.294094438706416, 0.0 ], [ 92.767334505296986, 12.284996474050848, 0.0 ], [ 92.764262335940785, 12.265604655000526, 0.0 ] ] ], [ [ [ 92.735212886655802, 12.281335172490614, 0.0 ], [ 92.735051407872561, 12.290574363243655, 0.0 ], [ 92.736736488863698, 12.292716667040722, 0.0 ], [ 92.735212886655802, 12.281335172490614, 0.0 ] ] ], [ [ [ 92.751426138964277, 12.290985030617341, 0.0 ], [ 92.750510612661643, 12.290986273708686, 0.0 ], [ 92.751261940261827, 12.291720983489421, 0.0 ], [ 92.751426138964277, 12.290985030617341, 0.0 ] ] ], [ [ [ 92.768416454789275, 12.288630853168984, 0.0 ], [ 92.768859112837376, 12.294509352247454, 0.0 ], [ 92.770079472459258, 12.295002266249163, 0.0 ], [ 92.768416454789275, 12.288630853168984, 0.0 ] ] ], [ [ [ 92.751507640374399, 12.292613761444764, 0.0 ], [ 92.752304775377326, 12.294329327795001, 0.0 ], [ 92.753162106947542, 12.294114782098163, 0.0 ], [ 92.751507640374399, 12.292613761444764, 0.0 ] ] ], [ [ [ 92.762719533097595, 12.297175000931661, 0.0 ], [ 92.764976251474792, 12.299401701655672, 0.0 ], [ 92.764374509297312, 12.29672784517888, 0.0 ], [ 92.762719533097595, 12.297175000931661, 0.0 ] ] ], [ [ [ 92.684994323820177, 12.554273016996161, 0.0 ], [ 92.684156382434438, 12.516886650328015, 0.0 ], [ 92.678137782647838, 12.505564428754758, 0.0 ], [ 92.661799317482817, 12.53287716970887, 0.0 ], [ 92.684994323820177, 12.554273016996161, 0.0 ] ] ], [ [ [ 92.700019054659492, 12.638225617688084, 0.0 ], [ 92.701919446726947, 12.636114297895995, 0.0 ], [ 92.699190198075684, 12.637136583428568, 0.0 ], [ 92.700019054659492, 12.638225617688084, 0.0 ] ] ], [ [ [ 92.702758466570032, 12.640299394392112, 0.0 ], [ 92.698877726631054, 12.638953640603166, 0.0 ], [ 92.70152512649851, 12.641190170494234, 0.0 ], [ 92.702758466570032, 12.640299394392112, 0.0 ] ] ], [ [ [ 92.700544685335799, 12.641213060993463, 0.0 ], [ 92.700452391929801, 12.640431160096467, 0.0 ], [ 92.7001900144285, 12.640413158005362, 0.0 ], [ 92.700544685335799, 12.641213060993463, 0.0 ] ] ], [ [ [ 92.702368254774626, 12.643721012589301, 0.0 ], [ 92.702836983293821, 12.641162655087678, 0.0 ], [ 92.700940708390135, 12.641750801481873, 0.0 ], [ 92.702368254774626, 12.643721012589301, 0.0 ] ] ], [ [ [ 92.726368842092981, 12.655531973219992, 0.0 ], [ 92.72921280853221, 12.653411050576068, 0.0 ], [ 92.730137943406348, 12.653121407712439, 0.0 ], [ 92.728094271708017, 12.653547093752364, 0.0 ], [ 92.726368842092981, 12.655531973219992, 0.0 ] ] ], [ [ [ 92.724039384971107, 12.655044739092748, 0.0 ], [ 92.726994510616393, 12.654587086636001, 0.0 ], [ 92.724940725026855, 12.652748328122248, 0.0 ], [ 92.724039384971107, 12.655044739092748, 0.0 ] ] ], [ [ [ 92.772854025280111, 12.673661895388515, 0.0 ], [ 92.781991510141566, 12.68824237363957, 0.0 ], [ 92.775376410000149, 12.674490101799298, 0.0 ], [ 92.772854025280111, 12.673661895388515, 0.0 ] ] ], [ [ [ 92.724738235922175, 12.68372174276028, 0.0 ], [ 92.724813884159033, 12.683391901987196, 0.0 ], [ 92.724375168736657, 12.683281120461286, 0.0 ], [ 92.724738235922175, 12.68372174276028, 0.0 ] ] ], [ [ [ 92.713442509265661, 12.689797424965427, 0.0 ], [ 92.714731921097396, 12.688780593929197, 0.0 ], [ 92.713887646271857, 12.68855980540569, 0.0 ], [ 92.713442509265661, 12.689797424965427, 0.0 ] ] ], [ [ [ 92.724004700227425, 12.692406599788086, 0.0 ], [ 92.723590700168302, 12.691440599762682, 0.0 ], [ 92.72296969953014, 12.691923600047756, 0.0 ], [ 92.724004700227425, 12.692406599788086, 0.0 ] ] ], [ [ [ 92.722125013607965, 12.692417039242422, 0.0 ], [ 92.722734433587291, 12.69225672325816, 0.0 ], [ 92.722527009279077, 12.691930730704719, 0.0 ], [ 92.722125013607965, 12.692417039242422, 0.0 ] ] ], [ [ [ 92.732055710617857, 12.703407908046293, 0.0 ], [ 92.729384964881106, 12.702595442247734, 0.0 ], [ 92.73047748915512, 12.705817607766599, 0.0 ], [ 92.732055710617857, 12.703407908046293, 0.0 ] ] ], [ [ [ 92.721967340219791, 12.737631213385299, 0.0 ], [ 92.729009600106593, 12.730252170354319, 0.0 ], [ 92.727129410871129, 12.72655574277786, 0.0 ], [ 92.721967340219791, 12.737631213385299, 0.0 ] ] ], [ [ [ 92.738468707989355, 12.73287868185214, 0.0 ], [ 92.737340716449424, 12.73323171910206, 0.0 ], [ 92.737506872241653, 12.734099444233667, 0.0 ], [ 92.738468707989355, 12.73287868185214, 0.0 ] ] ], [ [ [ 92.725667235873104, 12.751870715142205, 0.0 ], [ 92.725921806965616, 12.753791946783979, 0.0 ], [ 92.726172080200357, 12.751718652154292, 0.0 ], [ 92.725667235873104, 12.751870715142205, 0.0 ] ] ], [ [ [ 92.653650843758001, 12.772533077297483, 0.0 ], [ 92.655469603580812, 12.770774715412077, 0.0 ], [ 92.654355009163098, 12.769477546743721, 0.0 ], [ 92.653650843758001, 12.772533077297483, 0.0 ] ] ], [ [ [ 92.716317537797039, 12.774800575319222, 0.0 ], [ 92.716740785945788, 12.773688544728463, 0.0 ], [ 92.715939616931109, 12.774000651427452, 0.0 ], [ 92.716317537797039, 12.774800575319222, 0.0 ] ] ], [ [ [ 92.709894025425129, 12.828666555964098, 0.0 ], [ 92.71125276693148, 12.777188518709767, 0.0 ], [ 92.724803517813982, 12.748346518470985, 0.0 ], [ 92.717305196676222, 12.756340778256476, 0.0 ], [ 92.716563840840649, 12.719169886037372, 0.0 ], [ 92.693703824544059, 12.797636392091141, 0.0 ], [ 92.709894025425129, 12.828666555964098, 0.0 ] ] ], [ [ [ 92.719259363406891, 12.784454335639092, 0.0 ], [ 92.724002883125664, 12.762070057257727, 0.0 ], [ 92.716566685691959, 12.788188606206852, 0.0 ], [ 92.719259363406891, 12.784454335639092, 0.0 ] ] ], [ [ [ 92.714807554436305, 12.776129872057354, 0.0 ], [ 92.716861696974462, 12.776789199234846, 0.0 ], [ 92.71683353384401, 12.775388021100929, 0.0 ], [ 92.714807554436305, 12.776129872057354, 0.0 ] ] ], [ [ [ 92.715920304159582, 12.783858677931482, 0.0 ], [ 92.714856271451751, 12.783284945986859, 0.0 ], [ 92.715542750801163, 12.78407122374001, 0.0 ], [ 92.715920304159582, 12.783858677931482, 0.0 ] ] ], [ [ [ 92.716522982203202, 12.790277877022941, 0.0 ], [ 92.717505264568089, 12.790183469032685, 0.0 ], [ 92.717345587204207, 12.789747763498127, 0.0 ], [ 92.716522982203202, 12.790277877022941, 0.0 ] ] ], [ [ [ 92.716417311043813, 12.795054454016087, 0.0 ], [ 92.719064018692023, 12.791347319760543, 0.0 ], [ 92.718584939160195, 12.791044625580984, 0.0 ], [ 92.716417311043813, 12.795054454016087, 0.0 ] ] ], [ [ [ 92.720479376919641, 12.795134611422155, 0.0 ], [ 92.722133391337735, 12.796743205675238, 0.0 ], [ 92.722510974193284, 12.796571329753792, 0.0 ], [ 92.720479376919641, 12.795134611422155, 0.0 ] ] ], [ [ [ 92.714607288018556, 12.794869651168096, 0.0 ], [ 92.71460818292789, 12.797274264147825, 0.0 ], [ 92.715197775899952, 12.797504614244025, 0.0 ], [ 92.714607288018556, 12.794869651168096, 0.0 ] ] ], [ [ [ 92.716331181272707, 12.798683997449755, 0.0 ], [ 92.71489346973928, 12.80069793577392, 0.0 ], [ 92.715441169751486, 12.801160596849737, 0.0 ], [ 92.716331181272707, 12.798683997449755, 0.0 ] ] ], [ [ [ 92.71624490979022, 12.80194290374439, 0.0 ], [ 92.715399144030343, 12.804211866912661, 0.0 ], [ 92.716284732832918, 12.804702975357133, 0.0 ], [ 92.71624490979022, 12.80194290374439, 0.0 ] ] ], [ [ [ 92.72401767025616, 12.83199815771879, 0.0 ], [ 92.725719975591957, 12.838316478435674, 0.0 ], [ 92.726507867875185, 12.838840533627549, 0.0 ], [ 92.72401767025616, 12.83199815771879, 0.0 ] ] ], [ [ [ 92.768033774573752, 12.86207599658043, 0.0 ], [ 92.780789284223616, 12.840073679592747, 0.0 ], [ 92.785069075105937, 12.83256838227674, 0.0 ], [ 92.783975281248601, 12.824699173625818, 0.0 ], [ 92.768033774573752, 12.86207599658043, 0.0 ] ] ], [ [ [ 92.759437385286219, 12.85955975677914, 0.0 ], [ 92.765625608648662, 12.849422145743622, 0.0 ], [ 92.765058156709443, 12.84755950175127, 0.0 ], [ 92.765815744847245, 12.837277052109176, 0.0 ], [ 92.765258494612539, 12.836061160599497, 0.0 ], [ 92.759437385286219, 12.85955975677914, 0.0 ] ] ], [ [ [ 92.719378416877191, 12.865031242869746, 0.0 ], [ 92.717611775455765, 12.835281590252228, 0.0 ], [ 92.708629037189354, 12.833494180480136, 0.0 ], [ 92.719378416877191, 12.865031242869746, 0.0 ] ] ], [ [ [ 92.731103265910789, 12.856041838465774, 0.0 ], [ 92.728495964927447, 12.856110525378799, 0.0 ], [ 92.731002359694841, 12.857040776429246, 0.0 ], [ 92.731103265910789, 12.856041838465774, 0.0 ] ] ], [ [ [ 92.765028925961545, 12.872955243533015, 0.0 ], [ 92.76566822048953, 12.861384211063642, 0.0 ], [ 92.76533708358852, 12.855273209135788, 0.0 ], [ 92.760247169940271, 12.868344379138364, 0.0 ], [ 92.765028925961545, 12.872955243533015, 0.0 ] ] ], [ [ [ 92.755918105909615, 12.878821687151627, 0.0 ], [ 92.757714550619326, 12.875976857961673, 0.0 ], [ 92.755860441404138, 12.876334158045335, 0.0 ], [ 92.755918105909615, 12.878821687151627, 0.0 ] ] ], [ [ [ 92.69811502726489, 12.989418687104468, 0.0 ], [ 92.719598521296774, 12.97905914206042, 0.0 ], [ 92.709779135279206, 12.946035298135135, 0.0 ], [ 92.721455817819475, 12.944571996543845, 0.0 ], [ 92.720655061901098, 12.889601141129898, 0.0 ], [ 92.718210023336383, 12.88132139096518, 0.0 ], [ 92.707315248075744, 12.883932397216295, 0.0 ], [ 92.70589135320246, 12.883046852548933, 0.0 ], [ 92.703835595455402, 12.88003709220748, 0.0 ], [ 92.704023553880091, 12.877239214911745, 0.0 ], [ 92.703056400595997, 12.878188632021237, 0.0 ], [ 92.702028938143229, 12.877872481551597, 0.0 ], [ 92.701600308938964, 12.877316631308551, 0.0 ], [ 92.718709658081423, 12.874835156556795, 0.0 ], [ 92.699598431160226, 12.840226554379873, 0.0 ], [ 92.671084897109253, 12.83762342825381, 0.0 ], [ 92.688053410206052, 12.816973809175723, 0.0 ], [ 92.667279118935028, 12.782593475976572, 0.0 ], [ 92.646863176943725, 12.862005672049255, 0.0 ], [ 92.678995127911435, 12.942194920376989, 0.0 ], [ 92.679489648577984, 12.94853605042991, 0.0 ], [ 92.668062579017402, 12.957196899774214, 0.0 ], [ 92.669714097526679, 12.966105162588518, 0.0 ], [ 92.69811502726489, 12.989418687104468, 0.0 ] ] ], [ [ [ 92.754853409959878, 12.911078644074999, 0.0 ], [ 92.756230495343331, 12.897216129379972, 0.0 ], [ 92.752674341347841, 12.889585979945593, 0.0 ], [ 92.748046867011951, 12.894598040066718, 0.0 ], [ 92.754853409959878, 12.911078644074999, 0.0 ] ] ], [ [ [ 92.76793644152346, 12.916247306882852, 0.0 ], [ 92.76817266668948, 12.917548476849698, 0.0 ], [ 92.76818815687092, 12.916158238662474, 0.0 ], [ 92.76793644152346, 12.916247306882852, 0.0 ] ] ], [ [ [ 92.766523623062213, 12.921970492517966, 0.0 ], [ 92.761226604611096, 12.921956359275379, 0.0 ], [ 92.765184519589013, 12.926087991181507, 0.0 ], [ 92.766523623062213, 12.921970492517966, 0.0 ] ] ], [ [ [ 92.770753048895457, 12.932520414690762, 0.0 ], [ 92.77381371451068, 12.921195939210504, 0.0 ], [ 92.771832564714714, 12.917591123242758, 0.0 ], [ 92.770753048895457, 12.932520414690762, 0.0 ] ] ], [ [ [ 92.759079815500229, 12.935158804993041, 0.0 ], [ 92.765735012886665, 12.928212483226266, 0.0 ], [ 92.762479602172945, 12.92548432975352, 0.0 ], [ 92.759079815500229, 12.935158804993041, 0.0 ] ] ], [ [ [ 92.673439202168026, 12.933394347059238, 0.0 ], [ 92.673015300935489, 12.932897117458413, 0.0 ], [ 92.672918533752437, 12.93308696850792, 0.0 ], [ 92.673439202168026, 12.933394347059238, 0.0 ] ] ], [ [ [ 92.672135170856279, 12.933452981363461, 0.0 ], [ 92.672522322698299, 12.933109516453866, 0.0 ], [ 92.672061583690009, 12.932793080757996, 0.0 ], [ 92.672135170856279, 12.933452981363461, 0.0 ] ] ], [ [ [ 92.676558474426926, 12.947243722257969, 0.0 ], [ 92.677567677453737, 12.947175821539817, 0.0 ], [ 92.677014524076256, 12.946452722427068, 0.0 ], [ 92.676558474426926, 12.947243722257969, 0.0 ] ] ], [ [ [ 92.66942971383736, 12.948740384594943, 0.0 ], [ 92.671978050021963, 12.948387642630781, 0.0 ], [ 92.670374240475383, 12.947795688530263, 0.0 ], [ 92.66942971383736, 12.948740384594943, 0.0 ] ] ], [ [ [ 92.675554311495517, 12.949350018528568, 0.0 ], [ 92.67281216513959, 12.94843276831398, 0.0 ], [ 92.672167082900316, 12.948853158449174, 0.0 ], [ 92.675554311495517, 12.949350018528568, 0.0 ] ] ], [ [ [ 92.666651335946469, 12.951262588014835, 0.0 ], [ 92.668416014333488, 12.949463615272274, 0.0 ], [ 92.66629170141222, 12.950223072639039, 0.0 ], [ 92.666651335946469, 12.951262588014835, 0.0 ] ] ], [ [ [ 92.670388941080944, 12.952374174951681, 0.0 ], [ 92.669250253773114, 12.950159593955425, 0.0 ], [ 92.669038507559719, 12.951438693265025, 0.0 ], [ 92.670388941080944, 12.952374174951681, 0.0 ] ] ], [ [ [ 92.667918781871137, 12.95204893696638, 0.0 ], [ 92.667043140391087, 12.951777812341016, 0.0 ], [ 92.667020144883054, 12.952039957585459, 0.0 ], [ 92.667918781871137, 12.95204893696638, 0.0 ] ] ], [ [ [ 92.669172296894857, 12.952225116991871, 0.0 ], [ 92.669481243148255, 12.953205875629804, 0.0 ], [ 92.669978875517273, 12.952803581206728, 0.0 ], [ 92.669172296894857, 12.952225116991871, 0.0 ] ] ], [ [ [ 92.669301578618985, 12.953544868481693, 0.0 ], [ 92.666702436384213, 12.953572167577454, 0.0 ], [ 92.668661467279833, 12.956030767148436, 0.0 ], [ 92.669301578618985, 12.953544868481693, 0.0 ] ] ], [ [ [ 92.712968088562874, 13.091795767410767, 0.0 ], [ 92.706007762185251, 13.070857529918984, 0.0 ], [ 92.699594216452994, 13.070253827754923, 0.0 ], [ 92.694668388673264, 13.096565379522231, 0.0 ], [ 92.712968088562874, 13.091795767410767, 0.0 ] ] ], [ [ [ 92.727516162170772, 13.092667183337234, 0.0 ], [ 92.731579710264256, 13.095522069539644, 0.0 ], [ 92.727095409663931, 13.089905715786919, 0.0 ], [ 92.727516162170772, 13.092667183337234, 0.0 ] ] ], [ [ [ 92.754536177727516, 13.202018199029331, 0.0 ], [ 92.755384961471776, 13.20184223077892, 0.0 ], [ 92.754734762406258, 13.201209447191562, 0.0 ], [ 92.754536177727516, 13.202018199029331, 0.0 ] ] ], [ [ [ 92.851768673164742, 8.838610486619597, 0.0 ], [ 92.85981916027842, 8.819622028399339, 0.0 ], [ 92.846423985628419, 8.817386686679146, 0.0 ], [ 92.851768673164742, 8.838610486619597, 0.0 ] ] ], [ [ [ 92.863316337660109, 8.834401285939654, 0.0 ], [ 92.863240058915054, 8.834102135743882, 0.0 ], [ 92.863066022863393, 8.834293014687473, 0.0 ], [ 92.863316337660109, 8.834401285939654, 0.0 ] ] ], [ [ [ 92.785670277696269, 12.07355296050256, 0.0 ], [ 92.786882417273858, 12.077704841862714, 0.0 ], [ 92.787348610208127, 12.077847266978285, 0.0 ], [ 92.785670277696269, 12.07355296050256, 0.0 ] ] ], [ [ [ 92.799221366728773, 12.07631569905349, 0.0 ], [ 92.798622054447961, 12.075154019778552, 0.0 ], [ 92.798470404192159, 12.07657334457981, 0.0 ], [ 92.799221366728773, 12.07631569905349, 0.0 ] ] ], [ [ [ 92.791904650794407, 12.078878282262409, 0.0 ], [ 92.792001149227602, 12.078731400713606, 0.0 ], [ 92.791913886994379, 12.078697423420644, 0.0 ], [ 92.791904650794407, 12.078878282262409, 0.0 ] ] ], [ [ [ 92.791594680884828, 12.07906135840242, 0.0 ], [ 92.791770535985322, 12.078788738620622, 0.0 ], [ 92.791675056625152, 12.078731338847035, 0.0 ], [ 92.791594680884828, 12.07906135840242, 0.0 ] ] ], [ [ [ 92.791197375468613, 12.079183327196615, 0.0 ], [ 92.791048053494706, 12.079079398809865, 0.0 ], [ 92.791144535874125, 12.079192331714715, 0.0 ], [ 92.791197375468613, 12.079183327196615, 0.0 ] ] ], [ [ [ 92.799833956618158, 12.089232296526774, 0.0 ], [ 92.799278168822454, 12.090176920482481, 0.0 ], [ 92.799976369096868, 12.089745332479458, 0.0 ], [ 92.799833956618158, 12.089232296526774, 0.0 ] ] ], [ [ [ 92.956518339591682, 12.092220347862597, 0.0 ], [ 92.956881031472562, 12.089806559149304, 0.0 ], [ 92.955824657523252, 12.091189845405681, 0.0 ], [ 92.956518339591682, 12.092220347862597, 0.0 ] ] ], [ [ [ 92.945474898971511, 12.119721870993992, 0.0 ], [ 92.95729968428337, 12.099226688835678, 0.0 ], [ 92.95013087881857, 12.07923652014424, 0.0 ], [ 92.945474898971511, 12.119721870993992, 0.0 ] ] ], [ [ [ 92.955859770922743, 12.131268898312436, 0.0 ], [ 92.95694612251765, 12.13020204644943, 0.0 ], [ 92.95538877931692, 12.130683633280524, 0.0 ], [ 92.955859770922743, 12.131268898312436, 0.0 ] ] ], [ [ [ 92.85120437137067, 12.141230751655122, 0.0 ], [ 92.851381243780509, 12.141644304390763, 0.0 ], [ 92.8515443000056, 12.141445439209452, 0.0 ], [ 92.85120437137067, 12.141230751655122, 0.0 ] ] ], [ [ [ 92.852006045815628, 12.141752703401284, 0.0 ], [ 92.851544382434724, 12.141965246367427, 0.0 ], [ 92.852033661930534, 12.142005839433201, 0.0 ], [ 92.852006045815628, 12.141752703401284, 0.0 ] ] ], [ [ [ 92.865350616872846, 12.181943901082562, 0.0 ], [ 92.865144068240127, 12.183060369475477, 0.0 ], [ 92.866021577936621, 12.18240479705333, 0.0 ], [ 92.865350616872846, 12.181943901082562, 0.0 ] ] ], [ [ [ 92.813877269155739, 12.31122065042457, 0.0 ], [ 92.832121013370895, 12.292016145427114, 0.0 ], [ 92.846997246084527, 12.303658470120904, 0.0 ], [ 92.850384380873223, 12.283274413852784, 0.0 ], [ 92.854848320737091, 12.287922727918735, 0.0 ], [ 92.854098910217161, 12.286697887330567, 0.0 ], [ 92.854176706121265, 12.284507852648696, 0.0 ], [ 92.856008225760306, 12.283526725793378, 0.0 ], [ 92.853753309455584, 12.281224052151479, 0.0 ], [ 92.854723171851262, 12.281330098499071, 0.0 ], [ 92.856074815467025, 12.283158251587198, 0.0 ], [ 92.8561416043039, 12.283784345104877, 0.0 ], [ 92.854728893899107, 12.288386036425274, 0.0 ], [ 92.852239454391253, 12.285599779563626, 0.0 ], [ 92.849001246641237, 12.302051250128079, 0.0 ], [ 92.872226437882063, 12.301705788123671, 0.0 ], [ 92.871519452407469, 12.295393598853121, 0.0 ], [ 92.869048675426484, 12.295308245789316, 0.0 ], [ 92.866002999525918, 12.29316635525579, 0.0 ], [ 92.863441396302122, 12.28678215748223, 0.0 ], [ 92.866515467278319, 12.293186589417958, 0.0 ], [ 92.870291954975116, 12.294722654475676, 0.0 ], [ 92.882058079568992, 12.262525147848704, 0.0 ], [ 92.885090010786143, 12.270474395414102, 0.0 ], [ 92.891263476241207, 12.266436750801516, 0.0 ], [ 92.8752493752703, 12.25060666495062, 0.0 ], [ 92.869631973717418, 12.250970417460525, 0.0 ], [ 92.86811890523758, 12.257255626984309, 0.0 ], [ 92.864246946916666, 12.258307377397664, 0.0 ], [ 92.865658551040283, 12.261111817785279, 0.0 ], [ 92.863737457463287, 12.261419522370458, 0.0 ], [ 92.864604047102105, 12.262515530751907, 0.0 ], [ 92.862965755421897, 12.263569068700281, 0.0 ], [ 92.861869358376026, 12.262543206324594, 0.0 ], [ 92.86195912123371, 12.263566940262535, 0.0 ], [ 92.857865291179778, 12.244497563269086, 0.0 ], [ 92.864501371449279, 12.208789326671818, 0.0 ], [ 92.882861656952571, 12.197677206862586, 0.0 ], [ 92.874564420472979, 12.192296479621762, 0.0 ], [ 92.853164401788831, 12.204332124968296, 0.0 ], [ 92.827562663998847, 12.203001425344578, 0.0 ], [ 92.833240141671482, 12.205887151098887, 0.0 ], [ 92.834906380469477, 12.211460396642273, 0.0 ], [ 92.83318108420292, 12.214380501695903, 0.0 ], [ 92.835687706481309, 12.21307398906581, 0.0 ], [ 92.838424193623354, 12.213030833831903, 0.0 ], [ 92.839850913103191, 12.212146963973337, 0.0 ], [ 92.840533284723733, 12.212332200317965, 0.0 ], [ 92.840586913687972, 12.219390459113267, 0.0 ], [ 92.817392165299353, 12.232961461655149, 0.0 ], [ 92.811137512840773, 12.234080243884485, 0.0 ], [ 92.806983112708494, 12.232260870142566, 0.0 ], [ 92.805916965370301, 12.231074291117553, 0.0 ], [ 92.805064506608517, 12.232003150127758, 0.0 ], [ 92.802621852228285, 12.232644929762168, 0.0 ], [ 92.805723942151559, 12.230764697385373, 0.0 ], [ 92.817033686053108, 12.232452906342141, 0.0 ], [ 92.84046509906311, 12.219089883119858, 0.0 ], [ 92.840269104777207, 12.212445269516236, 0.0 ], [ 92.83351885422104, 12.214791809310015, 0.0 ], [ 92.83280426487967, 12.21452523713443, 0.0 ], [ 92.826765389042848, 12.203003732212945, 0.0 ], [ 92.844720427846653, 12.200805284008382, 0.0 ], [ 92.840020354784741, 12.185263184937481, 0.0 ], [ 92.854140981521823, 12.191033665477528, 0.0 ], [ 92.85483696647043, 12.16179025797099, 0.0 ], [ 92.844463436256405, 12.147453720787322, 0.0 ], [ 92.822385294863793, 12.178138430976912, 0.0 ], [ 92.82077418652807, 12.159759461568047, 0.0 ], [ 92.817229798983405, 12.163723700771374, 0.0 ], [ 92.807565537580288, 12.160073750572298, 0.0 ], [ 92.80677044953606, 12.171159476875141, 0.0 ], [ 92.801093942208979, 12.170585204150441, 0.0 ], [ 92.807133648017185, 12.159944856187753, 0.0 ], [ 92.826932707803834, 12.156138466076099, 0.0 ], [ 92.816415802191429, 12.124614364380603, 0.0 ], [ 92.801492805698871, 12.131991933684578, 0.0 ], [ 92.818112968054763, 12.113180446208329, 0.0 ], [ 92.783625402081285, 12.106030467517478, 0.0 ], [ 92.800791465269185, 12.093535500209704, 0.0 ], [ 92.763444962101786, 12.063223543935381, 0.0 ], [ 92.75204576833363, 12.074402091023259, 0.0 ], [ 92.754626609133481, 12.076041288883005, 0.0 ], [ 92.758168934142503, 12.081389396158077, 0.0 ], [ 92.760360637397454, 12.089067293227931, 0.0 ], [ 92.759062707850248, 12.091065007339354, 0.0 ], [ 92.761621356193587, 12.089754664888268, 0.0 ], [ 92.763757108007141, 12.090141451703104, 0.0 ], [ 92.758821511682072, 12.09157122081187, 0.0 ], [ 92.760681250492823, 12.092900563330286, 0.0 ], [ 92.760329615563379, 12.095350429179637, 0.0 ], [ 92.76222438869182, 12.095210613899219, 0.0 ], [ 92.763778922698492, 12.096618973233699, 0.0 ], [ 92.763355812889955, 12.099617990309357, 0.0 ], [ 92.763565312961873, 12.0967929654446, 0.0 ], [ 92.759998840808805, 12.095427193437278, 0.0 ], [ 92.757765191975551, 12.090938182881461, 0.0 ], [ 92.757840535840842, 12.081497811853016, 0.0 ], [ 92.747211465450135, 12.074126269086294, 0.0 ], [ 92.737769320667908, 12.097540439979902, 0.0 ], [ 92.763458848803381, 12.165240636494399, 0.0 ], [ 92.770807505854222, 12.241573923488907, 0.0 ], [ 92.750000189095687, 12.232433402591258, 0.0 ], [ 92.741136668478845, 12.24537571359002, 0.0 ], [ 92.749388389652623, 12.274089806028368, 0.0 ], [ 92.763236819732882, 12.262482533368548, 0.0 ], [ 92.787682002420397, 12.280240858985211, 0.0 ], [ 92.775379118067335, 12.301185842908589, 0.0 ], [ 92.766949282451648, 12.297195600096693, 0.0 ], [ 92.770888554423138, 12.313120680251737, 0.0 ], [ 92.795004944708651, 12.303590193322465, 0.0 ], [ 92.813877269155739, 12.31122065042457, 0.0 ] ] ], [ [ [ 92.847313651268507, 12.196088148222557, 0.0 ], [ 92.848003027985484, 12.196827176741776, 0.0 ], [ 92.848016621626627, 12.195545668318152, 0.0 ], [ 92.847313651268507, 12.196088148222557, 0.0 ] ] ], [ [ [ 92.923951498394317, 12.216418187317457, 0.0 ], [ 92.940526785864193, 12.21523645099211, 0.0 ], [ 92.932069447988951, 12.195505874567498, 0.0 ], [ 92.923951498394317, 12.216418187317457, 0.0 ] ] ], [ [ [ 92.87155926784736, 12.2279488473872, 0.0 ], [ 92.870371468423258, 12.22833787662011, 0.0 ], [ 92.871014925977732, 12.228898222445304, 0.0 ], [ 92.87155926784736, 12.2279488473872, 0.0 ] ] ], [ [ [ 92.884253091211392, 12.248965431907701, 0.0 ], [ 92.897664731518518, 12.258674334513801, 0.0 ], [ 92.897191210096096, 12.256207144151588, 0.0 ], [ 92.90515244328931, 12.252019386091252, 0.0 ], [ 92.904463611060265, 12.247607962040249, 0.0 ], [ 92.913695723235307, 12.232152231525722, 0.0 ], [ 92.913508229643384, 12.221086880107832, 0.0 ], [ 92.891044187948197, 12.231315468481412, 0.0 ], [ 92.877490148001854, 12.209308215144556, 0.0 ], [ 92.86968800436874, 12.244843312446045, 0.0 ], [ 92.87732021419184, 12.248959555614112, 0.0 ], [ 92.879119561945586, 12.238251651240068, 0.0 ], [ 92.884648038356431, 12.238569160875798, 0.0 ], [ 92.884253091211392, 12.248965431907701, 0.0 ] ] ], [ [ [ 92.881334850722794, 12.24154355621542, 0.0 ], [ 92.881762214689871, 12.239292504653674, 0.0 ], [ 92.880686781612027, 12.239391999284692, 0.0 ], [ 92.881334850722794, 12.24154355621542, 0.0 ] ] ], [ [ [ 92.860885054879844, 12.246121989534865, 0.0 ], [ 92.866138363555578, 12.236567719920023, 0.0 ], [ 92.865051382110863, 12.236025504403768, 0.0 ], [ 92.860885054879844, 12.246121989534865, 0.0 ] ] ], [ [ [ 92.910953156225915, 12.245273983393826, 0.0 ], [ 92.912088518902593, 12.243906739382631, 0.0 ], [ 92.9116680268355, 12.243497671659615, 0.0 ], [ 92.910953156225915, 12.245273983393826, 0.0 ] ] ], [ [ [ 92.879306243294224, 12.246322434688565, 0.0 ], [ 92.880923486118562, 12.248598675942848, 0.0 ], [ 92.880413906628817, 12.245796057687057, 0.0 ], [ 92.879306243294224, 12.246322434688565, 0.0 ] ] ], [ [ [ 92.91031181124346, 12.247931758448518, 0.0 ], [ 92.911584748033462, 12.249034805544092, 0.0 ], [ 92.911490756556333, 12.247161202264468, 0.0 ], [ 92.91031181124346, 12.247931758448518, 0.0 ] ] ], [ [ [ 92.905927190241258, 12.249816271728516, 0.0 ], [ 92.907868976991708, 12.249380225172374, 0.0 ], [ 92.906067428265757, 12.248690710395188, 0.0 ], [ 92.905927190241258, 12.249816271728516, 0.0 ] ] ], [ [ [ 92.910803304445253, 12.250784055693257, 0.0 ], [ 92.911751072416948, 12.250026677480944, 0.0 ], [ 92.910992504486885, 12.249784027792458, 0.0 ], [ 92.910803304445253, 12.250784055693257, 0.0 ] ] ], [ [ [ 92.906260003378591, 12.252769805574312, 0.0 ], [ 92.907613719109889, 12.251061725135738, 0.0 ], [ 92.906191289423631, 12.251280818286554, 0.0 ], [ 92.906260003378591, 12.252769805574312, 0.0 ] ] ], [ [ [ 92.907048194568731, 12.253411776391864, 0.0 ], [ 92.907636300409635, 12.254648089022682, 0.0 ], [ 92.908592210799938, 12.255278716286655, 0.0 ], [ 92.907048194568731, 12.253411776391864, 0.0 ] ] ], [ [ [ 92.905191235095714, 12.254647807219536, 0.0 ], [ 92.904699478398555, 12.254243226910496, 0.0 ], [ 92.904931547279972, 12.254754067072101, 0.0 ], [ 92.905191235095714, 12.254647807219536, 0.0 ] ] ], [ [ [ 92.91765918045742, 12.254915234612485, 0.0 ], [ 92.918529084525943, 12.253981270373249, 0.0 ], [ 92.917795972206136, 12.253816232549386, 0.0 ], [ 92.91765918045742, 12.254915234612485, 0.0 ] ] ], [ [ [ 92.919182370086261, 12.255218267803166, 0.0 ], [ 92.920474260921779, 12.255589663064733, 0.0 ], [ 92.919516943572276, 12.254420044472358, 0.0 ], [ 92.919182370086261, 12.255218267803166, 0.0 ] ] ], [ [ [ 92.917772800923061, 12.256593938616128, 0.0 ], [ 92.919049737112445, 12.256309380390285, 0.0 ], [ 92.917762053674878, 12.255926111318752, 0.0 ], [ 92.917772800923061, 12.256593938616128, 0.0 ] ] ], [ [ [ 92.908578219368152, 12.25667778695524, 0.0 ], [ 92.906857009161854, 12.257226769987719, 0.0 ], [ 92.907826648554547, 12.258329822219231, 0.0 ], [ 92.908578219368152, 12.25667778695524, 0.0 ] ] ], [ [ [ 92.899969728128866, 12.257883623695445, 0.0 ], [ 92.900537404648858, 12.257614702060323, 0.0 ], [ 92.899815830024039, 12.257589754901874, 0.0 ], [ 92.899969728128866, 12.257883623695445, 0.0 ] ] ], [ [ [ 92.902688932968701, 12.256922096587124, 0.0 ], [ 92.901307788875712, 12.260117352120263, 0.0 ], [ 92.902518890798348, 12.260788857692624, 0.0 ], [ 92.902688932968701, 12.256922096587124, 0.0 ] ] ], [ [ [ 92.862957935090563, 12.259067016153004, 0.0 ], [ 92.863966868012326, 12.2595006878277, 0.0 ], [ 92.864166710096939, 12.259254359536273, 0.0 ], [ 92.862957935090563, 12.259067016153004, 0.0 ] ] ], [ [ [ 92.913171510450752, 12.26048528609166, 0.0 ], [ 92.914103717975365, 12.262000358170583, 0.0 ], [ 92.914342286416655, 12.260564932320097, 0.0 ], [ 92.913171510450752, 12.26048528609166, 0.0 ] ] ], [ [ [ 92.916120882043032, 12.262238649601981, 0.0 ], [ 92.917336765824857, 12.261416731779422, 0.0 ], [ 92.915667397046306, 12.26144552220388, 0.0 ], [ 92.916120882043032, 12.262238649601981, 0.0 ] ] ], [ [ [ 92.914489296445822, 12.263877543303868, 0.0 ], [ 92.915438099320141, 12.262797616791815, 0.0 ], [ 92.914106793205391, 12.263208588287663, 0.0 ], [ 92.914489296445822, 12.263877543303868, 0.0 ] ] ], [ [ [ 92.90193727744763, 12.264045302757189, 0.0 ], [ 92.902092407909876, 12.263885609218356, 0.0 ], [ 92.902069594548763, 12.263625537915933, 0.0 ], [ 92.90193727744763, 12.264045302757189, 0.0 ] ] ], [ [ [ 92.93385122528457, 12.310665481200175, 0.0 ], [ 92.943015065343388, 12.274797905678232, 0.0 ], [ 92.922151740182329, 12.229277981252647, 0.0 ], [ 92.919865314795018, 12.269136204129746, 0.0 ], [ 92.900039104716043, 12.271568360719368, 0.0 ], [ 92.901148983703436, 12.289890893394924, 0.0 ], [ 92.913390749750576, 12.304096763764255, 0.0 ], [ 92.927538349976544, 12.278086463401735, 0.0 ], [ 92.93385122528457, 12.310665481200175, 0.0 ] ] ], [ [ [ 92.888239262589451, 12.278439479357719, 0.0 ], [ 92.883896514002643, 12.274488078449581, 0.0 ], [ 92.888128516439892, 12.280724376820814, 0.0 ], [ 92.888239262589451, 12.278439479357719, 0.0 ] ] ], [ [ [ 92.878340675585761, 12.290226073319253, 0.0 ], [ 92.884518217584642, 12.279758617658688, 0.0 ], [ 92.876898714866471, 12.284028596025781, 0.0 ], [ 92.877104533212488, 12.288772558116001, 0.0 ], [ 92.878340675585761, 12.290226073319253, 0.0 ] ] ], [ [ [ 92.890626010044031, 12.298140913422232, 0.0 ], [ 92.890645226723151, 12.293426350599338, 0.0 ], [ 92.886921799848835, 12.293816693540753, 0.0 ], [ 92.890626010044031, 12.298140913422232, 0.0 ] ] ], [ [ [ 92.880351706785646, 12.300810357971248, 0.0 ], [ 92.884733211139348, 12.297014360772069, 0.0 ], [ 92.876032776778345, 12.294787414071363, 0.0 ], [ 92.880351706785646, 12.300810357971248, 0.0 ] ] ], [ [ [ 92.865295369293392, 12.305967551115952, 0.0 ], [ 92.864729390715183, 12.303122201270909, 0.0 ], [ 92.86309064119888, 12.303325942429678, 0.0 ], [ 92.865295369293392, 12.305967551115952, 0.0 ] ] ], [ [ [ 92.858042884488071, 12.311040192423482, 0.0 ], [ 92.858047589381471, 12.312150191633554, 0.0 ], [ 92.858691712771389, 12.311241664201773, 0.0 ], [ 92.858042884488071, 12.311040192423482, 0.0 ] ] ], [ [ [ 92.859416680997029, 12.334759600699359, 0.0 ], [ 92.86325231170207, 12.330559637441972, 0.0 ], [ 92.900079117574592, 12.32349909776875, 0.0 ], [ 92.856167528165216, 12.31464777078296, 0.0 ], [ 92.856071511938453, 12.317888786188293, 0.0 ], [ 92.858845898816199, 12.318132398131176, 0.0 ], [ 92.860590641139069, 12.319074499079857, 0.0 ], [ 92.861843719684344, 12.321126387973399, 0.0 ], [ 92.860278242932594, 12.320105169073065, 0.0 ], [ 92.861106350561727, 12.323727912358798, 0.0 ], [ 92.857185788752091, 12.328305173793614, 0.0 ], [ 92.858445708286979, 12.329803460540155, 0.0 ], [ 92.855037179728583, 12.332052794485517, 0.0 ], [ 92.856446522685616, 12.333275171483779, 0.0 ], [ 92.856882106834448, 12.339919754372536, 0.0 ], [ 92.857713353761056, 12.334954236997079, 0.0 ], [ 92.859416680997029, 12.334759600699359, 0.0 ] ] ], [ [ [ 92.906080007437538, 12.339730500963418, 0.0 ], [ 92.903705478378129, 12.33961040272575, 0.0 ], [ 92.903923651552489, 12.341108838371635, 0.0 ], [ 92.906080007437538, 12.339730500963418, 0.0 ] ] ], [ [ [ 92.919073969352951, 12.351167505480008, 0.0 ], [ 92.90674181486105, 12.341671927953099, 0.0 ], [ 92.913931024024947, 12.356365305731552, 0.0 ], [ 92.919073969352951, 12.351167505480008, 0.0 ] ] ], [ [ [ 92.893921281942823, 12.406299789954556, 0.0 ], [ 92.882262403455456, 12.37370097065048, 0.0 ], [ 92.842697037237841, 12.401108990956626, 0.0 ], [ 92.854350998806211, 12.409349814788598, 0.0 ], [ 92.880128657342553, 12.398438889485513, 0.0 ], [ 92.893921281942823, 12.406299789954556, 0.0 ] ] ], [ [ [ 92.897134035548504, 12.396758079164279, 0.0 ], [ 92.89658760386142, 12.392014218634046, 0.0 ], [ 92.894437202948623, 12.395946340257783, 0.0 ], [ 92.897134035548504, 12.396758079164279, 0.0 ] ] ], [ [ [ 92.842464178490971, 12.395180892657091, 0.0 ], [ 92.842760762125764, 12.395822672052084, 0.0 ], [ 92.842949229662054, 12.395268981793823, 0.0 ], [ 92.842464178490971, 12.395180892657091, 0.0 ] ] ], [ [ [ 92.957206282017637, 12.433740216460793, 0.0 ], [ 92.93234033949679, 12.359589060849141, 0.0 ], [ 92.916429097052969, 12.362871679516322, 0.0 ], [ 92.930858584258218, 12.418346657415253, 0.0 ], [ 92.947336068155465, 12.415577944972043, 0.0 ], [ 92.957206282017637, 12.433740216460793, 0.0 ] ] ], [ [ [ 92.841518048050489, 12.4034013591986, 0.0 ], [ 92.842097517324518, 12.40380973934268, 0.0 ], [ 92.841707580319635, 12.403280587255557, 0.0 ], [ 92.841518048050489, 12.4034013591986, 0.0 ] ] ], [ [ [ 92.865072653593941, 12.408525249019554, 0.0 ], [ 92.864111381987044, 12.407790926392609, 0.0 ], [ 92.864065304713534, 12.408477730833164, 0.0 ], [ 92.865072653593941, 12.408525249019554, 0.0 ] ] ], [ [ [ 92.876234832164371, 12.410172927284735, 0.0 ], [ 92.877402678711292, 12.408821815984911, 0.0 ], [ 92.87376214103513, 12.408898488268171, 0.0 ], [ 92.876234832164371, 12.410172927284735, 0.0 ] ] ], [ [ [ 92.89868855183002, 12.410937885315727, 0.0 ], [ 92.896455960069332, 12.410634741525342, 0.0 ], [ 92.897872100331014, 12.412280302422143, 0.0 ], [ 92.89868855183002, 12.410937885315727, 0.0 ] ] ], [ [ [ 92.902045321801126, 12.41336564052013, 0.0 ], [ 92.901907574038248, 12.411939493822588, 0.0 ], [ 92.901337316226289, 12.412072765650041, 0.0 ], [ 92.902045321801126, 12.41336564052013, 0.0 ] ] ], [ [ [ 92.888233154186068, 12.412807552212755, 0.0 ], [ 92.888651623935203, 12.412889020544199, 0.0 ], [ 92.888430106220468, 12.412678096626147, 0.0 ], [ 92.888233154186068, 12.412807552212755, 0.0 ] ] ], [ [ [ 92.888288008294836, 12.414498091663248, 0.0 ], [ 92.888513590710218, 12.413189556797354, 0.0 ], [ 92.887945561546033, 12.413684434503564, 0.0 ], [ 92.888288008294836, 12.414498091663248, 0.0 ] ] ], [ [ [ 92.88797064180973, 12.414421185760697, 0.0 ], [ 92.888193685116036, 12.414771516067162, 0.0 ], [ 92.888184526736907, 12.414455094226325, 0.0 ], [ 92.88797064180973, 12.414421185760697, 0.0 ] ] ], [ [ [ 92.868145129070072, 12.413958484009685, 0.0 ], [ 92.858637599034026, 12.417890289332567, 0.0 ], [ 92.867836089306138, 12.420128484309993, 0.0 ], [ 92.868145129070072, 12.413958484009685, 0.0 ] ] ], [ [ [ 92.838277906697897, 12.411310524007231, 0.0 ], [ 92.841986670833649, 12.416009068794908, 0.0 ], [ 92.858430001708371, 12.413307713166901, 0.0 ], [ 92.838277906697897, 12.411310524007231, 0.0 ] ] ], [ [ [ 92.903415267284473, 12.423164712796085, 0.0 ], [ 92.898230055088433, 12.421769446144031, 0.0 ], [ 92.899639041543651, 12.426199369342804, 0.0 ], [ 92.903415267284473, 12.423164712796085, 0.0 ] ] ], [ [ [ 92.914962751451512, 12.441334034232224, 0.0 ], [ 92.915797197688562, 12.442028310958916, 0.0 ], [ 92.91582123489755, 12.441341061431288, 0.0 ], [ 92.914962751451512, 12.441334034232224, 0.0 ] ] ], [ [ [ 92.897053781570719, 12.926710581359599, 0.0 ], [ 92.902141682901487, 12.920075645930526, 0.0 ], [ 92.899003616412344, 12.919352275320183, 0.0 ], [ 92.897391758577513, 12.91411056142635, 0.0 ], [ 92.900359451789527, 12.911529876350851, 0.0 ], [ 92.922321033994905, 12.915389839520586, 0.0 ], [ 92.905887142948828, 12.887016102816776, 0.0 ], [ 92.924625803885476, 12.887903917182321, 0.0 ], [ 92.926384127785582, 12.858140867102966, 0.0 ], [ 92.941160543872044, 12.855990867648392, 0.0 ], [ 92.940263183282354, 12.837583634276537, 0.0 ], [ 92.935601112106028, 12.839801132178131, 0.0 ], [ 92.930413640786313, 12.83840414542324, 0.0 ], [ 92.927425944895788, 12.832697931358108, 0.0 ], [ 92.929010450014573, 12.831628841835101, 0.0 ], [ 92.926702605083761, 12.831803061448591, 0.0 ], [ 92.924125803418292, 12.829962404384545, 0.0 ], [ 92.922556043880675, 12.826075389338161, 0.0 ], [ 92.922636981500588, 12.82195420845548, 0.0 ], [ 92.925441916572879, 12.817244316095714, 0.0 ], [ 92.927480054899149, 12.815757128924265, 0.0 ], [ 92.929760221414881, 12.816541168322647, 0.0 ], [ 92.926222455279273, 12.813054181805832, 0.0 ], [ 92.924418485151435, 12.801076416733974, 0.0 ], [ 92.930575496322078, 12.8163195706728, 0.0 ], [ 92.924288697370912, 12.829538659442528, 0.0 ], [ 92.949109451297943, 12.838187928674037, 0.0 ], [ 92.951117961249622, 12.795211785462854, 0.0 ], [ 92.926418099309387, 12.774390289241136, 0.0 ], [ 92.938941772420264, 12.767527938127103, 0.0 ], [ 92.949879674659925, 12.770071770807416, 0.0 ], [ 92.964443356055327, 12.725811907163463, 0.0 ], [ 92.980049721587321, 12.709395063511074, 0.0 ], [ 92.963855310010999, 12.704400998744489, 0.0 ], [ 92.956695720124088, 12.624211098756566, 0.0 ], [ 92.945536782256681, 12.631346477583106, 0.0 ], [ 92.929728873368134, 12.616923243334112, 0.0 ], [ 92.945596237809028, 12.629895625983012, 0.0 ], [ 92.958797579025855, 12.619609343379006, 0.0 ], [ 92.975420016101907, 12.543007313335099, 0.0 ], [ 92.968827091636825, 12.496659734433422, 0.0 ], [ 92.960069616268868, 12.485670125736103, 0.0 ], [ 92.945904330356228, 12.499658318473967, 0.0 ], [ 92.936367977544933, 12.481431354495092, 0.0 ], [ 92.932619013005862, 12.481896810101905, 0.0 ], [ 92.932837550924958, 12.485237188948128, 0.0 ], [ 92.931193000395055, 12.487630569536854, 0.0 ], [ 92.926806795185087, 12.488602285327973, 0.0 ], [ 92.928839979291226, 12.48873566370106, 0.0 ], [ 92.929214871504655, 12.489158251866467, 0.0 ], [ 92.928508774932368, 12.490448784355493, 0.0 ], [ 92.927209195776513, 12.490380889959328, 0.0 ], [ 92.926533055068234, 12.488471178189009, 0.0 ], [ 92.932619033017289, 12.484715080376043, 0.0 ], [ 92.926144851205805, 12.476739241719523, 0.0 ], [ 92.934305046394741, 12.470090412632242, 0.0 ], [ 92.921782513056925, 12.465707841592346, 0.0 ], [ 92.920271075010135, 12.472885612529309, 0.0 ], [ 92.916170282234219, 12.473760027092494, 0.0 ], [ 92.919705077760739, 12.476155870840929, 0.0 ], [ 92.918407781548623, 12.478169467539418, 0.0 ], [ 92.92088469170848, 12.479875986893425, 0.0 ], [ 92.920311834506848, 12.483284059208609, 0.0 ], [ 92.911242429889896, 12.489256645158461, 0.0 ], [ 92.913153379105083, 12.492805118872862, 0.0 ], [ 92.912166512460345, 12.494362197962388, 0.0 ], [ 92.91397186887194, 12.496760174251442, 0.0 ], [ 92.914574510252947, 12.500025226821956, 0.0 ], [ 92.914286949564456, 12.500025271020299, 0.0 ], [ 92.911823796168832, 12.494375651633804, 0.0 ], [ 92.912921095579478, 12.492547408565946, 0.0 ], [ 92.910862890669037, 12.489326695059651, 0.0 ], [ 92.920528255354711, 12.479984400524284, 0.0 ], [ 92.918249094671225, 12.478601135543112, 0.0 ], [ 92.919132443772213, 12.476106146604526, 0.0 ], [ 92.915162548573932, 12.478108254079778, 0.0 ], [ 92.913111104420807, 12.476975780258188, 0.0 ], [ 92.912639482074312, 12.478399550848915, 0.0 ], [ 92.91202771045171, 12.478700126065414, 0.0 ], [ 92.909219619745357, 12.477447739072069, 0.0 ], [ 92.908479102640598, 12.476699631308957, 0.0 ], [ 92.908279140759234, 12.475372947833231, 0.0 ], [ 92.908226193641795, 12.476267921527876, 0.0 ], [ 92.907363627586946, 12.476932295595448, 0.0 ], [ 92.906903662739083, 12.476785279597602, 0.0 ], [ 92.907273892193402, 12.477497274831284, 0.0 ], [ 92.906928854329777, 12.477630542955518, 0.0 ], [ 92.906648266030246, 12.477409072718341, 0.0 ], [ 92.907145069604212, 12.477472362762041, 0.0 ], [ 92.906719633240741, 12.476746874204856, 0.0 ], [ 92.908279214641297, 12.475160526262439, 0.0 ], [ 92.91236583046701, 12.47833173046422, 0.0 ], [ 92.912607455902432, 12.47701640397333, 0.0 ], [ 92.913881705453221, 12.475811911224005, 0.0 ], [ 92.905703774728337, 12.470653672825422, 0.0 ], [ 92.907787835509893, 12.467218652266807, 0.0 ], [ 92.907168945343344, 12.469241376023962, 0.0 ], [ 92.911805366116354, 12.471038501651472, 0.0 ], [ 92.914870525873894, 12.477651669007038, 0.0 ], [ 92.915468869479895, 12.472996034043978, 0.0 ], [ 92.919445417254806, 12.472752256600042, 0.0 ], [ 92.921564044759592, 12.464835394624894, 0.0 ], [ 92.949909919618008, 12.476196678529883, 0.0 ], [ 92.95783698138267, 12.472705385233493, 0.0 ], [ 92.944637758729812, 12.451268706703379, 0.0 ], [ 92.91238681029516, 12.450569425796591, 0.0 ], [ 92.914818099783815, 12.444419993310705, 0.0 ], [ 92.910657989934919, 12.444844507827582, 0.0 ], [ 92.908188210062661, 12.443890550451908, 0.0 ], [ 92.90742958701648, 12.44231526115348, 0.0 ], [ 92.909042067206698, 12.437987419716183, 0.0 ], [ 92.922883428135478, 12.434654848498777, 0.0 ], [ 92.91077680470994, 12.405388618877147, 0.0 ], [ 92.908032021263011, 12.420973681423357, 0.0 ], [ 92.890967511365517, 12.436563405388361, 0.0 ], [ 92.894851623941307, 12.435820499716991, 0.0 ], [ 92.895792056127135, 12.436451162169703, 0.0 ], [ 92.895490708023104, 12.437210485068661, 0.0 ], [ 92.896352985729308, 12.437490877241341, 0.0 ], [ 92.896497679554102, 12.438519221252871, 0.0 ], [ 92.897040445043714, 12.43849446730119, 0.0 ], [ 92.884451848770198, 12.44176032029428, 0.0 ], [ 92.889921550275119, 12.447872531481464, 0.0 ], [ 92.895663803260447, 12.44785760154117, 0.0 ], [ 92.89896338289951, 12.451094452962593, 0.0 ], [ 92.888844673899044, 12.463753624394943, 0.0 ], [ 92.89628436614089, 12.450104138010998, 0.0 ], [ 92.885712850035745, 12.449374666876224, 0.0 ], [ 92.883607723141751, 12.442460800317347, 0.0 ], [ 92.877009511483081, 12.445087815551014, 0.0 ], [ 92.886217413323052, 12.456484810741284, 0.0 ], [ 92.883793038569522, 12.458525171669111, 0.0 ], [ 92.878690001389941, 12.458060849698496, 0.0 ], [ 92.883135995825739, 12.466532432150951, 0.0 ], [ 92.878915693280035, 12.466913474322391, 0.0 ], [ 92.878952395846412, 12.467541802245311, 0.0 ], [ 92.881346344121894, 12.46815479860863, 0.0 ], [ 92.881845288557059, 12.468726626842756, 0.0 ], [ 92.881582931230326, 12.469775236719341, 0.0 ], [ 92.880409628225635, 12.471325427569859, 0.0 ], [ 92.87860976063412, 12.46725471340215, 0.0 ], [ 92.878895039739547, 12.466603830801056, 0.0 ], [ 92.880518963138741, 12.465815450121234, 0.0 ], [ 92.881229877311995, 12.46441887889956, 0.0 ], [ 92.878036879547722, 12.458060739736172, 0.0 ], [ 92.88527458844878, 12.455953588205427, 0.0 ], [ 92.868775983559559, 12.446158751343892, 0.0 ], [ 92.843190620471603, 12.470765850815596, 0.0 ], [ 92.843260820221502, 12.480341567338415, 0.0 ], [ 92.835488824366465, 12.500637575140326, 0.0 ], [ 92.838172772441112, 12.497376014686161, 0.0 ], [ 92.84218409402439, 12.497113415715644, 0.0 ], [ 92.851138326385069, 12.502128563751308, 0.0 ], [ 92.855146485083935, 12.509764504660721, 0.0 ], [ 92.835058081150578, 12.501416301664504, 0.0 ], [ 92.837590434502872, 12.493335152216309, 0.0 ], [ 92.822529317675404, 12.500023601149246, 0.0 ], [ 92.836872631469021, 12.491249218881087, 0.0 ], [ 92.835591048503431, 12.486586855125035, 0.0 ], [ 92.834142217653877, 12.488756663346727, 0.0 ], [ 92.832865777717601, 12.489258492173178, 0.0 ], [ 92.824615145067511, 12.482885729969508, 0.0 ], [ 92.822605089567958, 12.485313109677316, 0.0 ], [ 92.815803990730544, 12.486809450626513, 0.0 ], [ 92.824471294237384, 12.482174915964436, 0.0 ], [ 92.833976570738926, 12.488467365357753, 0.0 ], [ 92.834873382042346, 12.485800399754073, 0.0 ], [ 92.84239127125042, 12.479313413608402, 0.0 ], [ 92.8405067719616, 12.471394409642039, 0.0 ], [ 92.840843112219801, 12.476389077650476, 0.0 ], [ 92.833417053654301, 12.481515554951276, 0.0 ], [ 92.831765722477996, 12.481050087437145, 0.0 ], [ 92.831570117539698, 12.48013481163991, 0.0 ], [ 92.83356605739111, 12.47539306018496, 0.0 ], [ 92.82945381093613, 12.474710835616103, 0.0 ], [ 92.828729098661711, 12.471684670601876, 0.0 ], [ 92.825559979640275, 12.473294033622098, 0.0 ], [ 92.825166646942179, 12.47293694244329, 0.0 ], [ 92.825598940176377, 12.471992222854881, 0.0 ], [ 92.829083233722017, 12.471616889506347, 0.0 ], [ 92.830629024063569, 12.474541290175642, 0.0 ], [ 92.829938905226982, 12.472071115355879, 0.0 ], [ 92.830309064622455, 12.470561340476776, 0.0 ], [ 92.831548545531888, 12.469297894453783, 0.0 ], [ 92.83325510120001, 12.469480801895722, 0.0 ], [ 92.834796965525356, 12.480159400657929, 0.0 ], [ 92.839390583890108, 12.464456200721621, 0.0 ], [ 92.884528848714695, 12.436105714791241, 0.0 ], [ 92.899264900417037, 12.416802819778681, 0.0 ], [ 92.884791895053624, 12.431258010101685, 0.0 ], [ 92.874034374349378, 12.413421654062457, 0.0 ], [ 92.859550258210746, 12.436826592416633, 0.0 ], [ 92.845663673004225, 12.423474047903719, 0.0 ], [ 92.837055265460975, 12.43075920579963, 0.0 ], [ 92.841696493684736, 12.437452905246957, 0.0 ], [ 92.836000981565476, 12.443605330711703, 0.0 ], [ 92.835507680097209, 12.43070510340501, 0.0 ], [ 92.821496784037777, 12.434075681984003, 0.0 ], [ 92.82014933593112, 12.43706126547764, 0.0 ], [ 92.810760143288761, 12.442858372009479, 0.0 ], [ 92.816796725560707, 12.444659627039762, 0.0 ], [ 92.812107762900652, 12.448323205388013, 0.0 ], [ 92.816123006675056, 12.446795412079798, 0.0 ], [ 92.818211103787704, 12.449050884826073, 0.0 ], [ 92.81823894518358, 12.451297190263363, 0.0 ], [ 92.817664194731108, 12.45198749364347, 0.0 ], [ 92.817091045771065, 12.451902853390642, 0.0 ], [ 92.81599852708429, 12.450720178175875, 0.0 ], [ 92.816033263908182, 12.454332388645444, 0.0 ], [ 92.815251817211774, 12.454717658301131, 0.0 ], [ 92.811492830985458, 12.448774029349655, 0.0 ], [ 92.816330931342407, 12.44480502700512, 0.0 ], [ 92.810219263560739, 12.442680676755005, 0.0 ], [ 92.819487944431359, 12.43495696518446, 0.0 ], [ 92.804158382074249, 12.441083091258315, 0.0 ], [ 92.795848092362419, 12.43788429368931, 0.0 ], [ 92.799537048077767, 12.464656261222617, 0.0 ], [ 92.785757760179408, 12.474714781921108, 0.0 ], [ 92.78954091437312, 12.477108444426227, 0.0 ], [ 92.79072745187618, 12.480776575844937, 0.0 ], [ 92.790642214355486, 12.482650221581872, 0.0 ], [ 92.790000432040287, 12.483583507572405, 0.0 ], [ 92.786610212746496, 12.483895105180144, 0.0 ], [ 92.785423475294749, 12.474680663967568, 0.0 ], [ 92.790968017091672, 12.469095709517326, 0.0 ], [ 92.771869195318217, 12.471035977161229, 0.0 ], [ 92.798200862696063, 12.464066300333251, 0.0 ], [ 92.787242459000169, 12.437087457201423, 0.0 ], [ 92.829634544958878, 12.428264662170291, 0.0 ], [ 92.814970514374181, 12.424895515946627, 0.0 ], [ 92.833942251715527, 12.410484565127135, 0.0 ], [ 92.8157545695598, 12.416994396782298, 0.0 ], [ 92.804161111051471, 12.411737452654565, 0.0 ], [ 92.803312902240307, 12.404564061092877, 0.0 ], [ 92.80245066850047, 12.404751624756566, 0.0 ], [ 92.801767716151161, 12.40594264410452, 0.0 ], [ 92.801337752728287, 12.405906430319536, 0.0 ], [ 92.799656992868222, 12.404315340213939, 0.0 ], [ 92.799130603689093, 12.400798645545947, 0.0 ], [ 92.803602570344964, 12.404475918813501, 0.0 ], [ 92.804200186545984, 12.411274113742232, 0.0 ], [ 92.815713138004213, 12.416381881885654, 0.0 ], [ 92.838400507157843, 12.408633136153021, 0.0 ], [ 92.821649587607979, 12.402288124385633, 0.0 ], [ 92.819664981624484, 12.389080390382956, 0.0 ], [ 92.832405516250489, 12.400630825868522, 0.0 ], [ 92.841550903055875, 12.391393152962859, 0.0 ], [ 92.839978201818852, 12.391117598810251, 0.0 ], [ 92.838934253281522, 12.389809174254033, 0.0 ], [ 92.840876573312912, 12.385334067062496, 0.0 ], [ 92.837536347836348, 12.389382146514313, 0.0 ], [ 92.835659970379837, 12.38693694774328, 0.0 ], [ 92.835342415463145, 12.38413900286219, 0.0 ], [ 92.832399699373809, 12.385725817187865, 0.0 ], [ 92.828134586676839, 12.381380043771872, 0.0 ], [ 92.830049443412165, 12.378457605688556, 0.0 ], [ 92.828766659641332, 12.378925509336996, 0.0 ], [ 92.8275963864061, 12.378808119207111, 0.0 ], [ 92.825701846264479, 12.377377566723485, 0.0 ], [ 92.82556846817829, 12.376399018373791, 0.0 ], [ 92.825064694671994, 12.376390740039838, 0.0 ], [ 92.821361401709922, 12.380062738201017, 0.0 ], [ 92.820106017767642, 12.379165563371792, 0.0 ], [ 92.823076277066903, 12.374217398513789, 0.0 ], [ 92.830192021973843, 12.378315264569316, 0.0 ], [ 92.82995097276482, 12.382961911429133, 0.0 ], [ 92.835657415268258, 12.383795464116574, 0.0 ], [ 92.837554702732234, 12.388853226693129, 0.0 ], [ 92.838710590768002, 12.383528429374104, 0.0 ], [ 92.841416804435369, 12.385370100501623, 0.0 ], [ 92.840077046909244, 12.390584204826361, 0.0 ], [ 92.844863553894413, 12.387717946839093, 0.0 ], [ 92.842325782801879, 12.391795385842235, 0.0 ], [ 92.861057519950847, 12.369437672402771, 0.0 ], [ 92.85081992381987, 12.367617702583891, 0.0 ], [ 92.846263049883547, 12.365453157583689, 0.0 ], [ 92.846658285867022, 12.363884669386277, 0.0 ], [ 92.845393711186389, 12.36311185813317, 0.0 ], [ 92.844632876731694, 12.363676983996749, 0.0 ], [ 92.845768556545522, 12.363708462400757, 0.0 ], [ 92.84592040131362, 12.364528848568739, 0.0 ], [ 92.84358009400168, 12.364856873832847, 0.0 ], [ 92.844609812669873, 12.363166215846872, 0.0 ], [ 92.883330594953918, 12.357025495691381, 0.0 ], [ 92.898966529954393, 12.333759059230891, 0.0 ], [ 92.879528620259251, 12.344852065224288, 0.0 ], [ 92.871442269353707, 12.329968094081982, 0.0 ], [ 92.857062289800638, 12.345206012421526, 0.0 ], [ 92.847894540479331, 12.343478372626324, 0.0 ], [ 92.859629402491251, 12.341917172772732, 0.0 ], [ 92.859446630373895, 12.335344887735406, 0.0 ], [ 92.856999395131098, 12.340392048581855, 0.0 ], [ 92.854722300286994, 12.332337577529708, 0.0 ], [ 92.855680555542619, 12.330452497234706, 0.0 ], [ 92.858064116929029, 12.329473551016187, 0.0 ], [ 92.854208806117754, 12.326841154862668, 0.0 ], [ 92.845469808755809, 12.329256147332178, 0.0 ], [ 92.842545708867988, 12.326799817690043, 0.0 ], [ 92.841883792148863, 12.327909574154846, 0.0 ], [ 92.842915879344702, 12.327895876977459, 0.0 ], [ 92.843097721965393, 12.330042913206917, 0.0 ], [ 92.841856413252103, 12.329717643092494, 0.0 ], [ 92.841093515188632, 12.331577738217691, 0.0 ], [ 92.839307427738035, 12.331306762084038, 0.0 ], [ 92.839404122069951, 12.332773524647685, 0.0 ], [ 92.837160576877366, 12.332635833528528, 0.0 ], [ 92.835712637348109, 12.334340054155581, 0.0 ], [ 92.831954374265223, 12.335703202957736, 0.0 ], [ 92.831864711638644, 12.335542722595898, 0.0 ], [ 92.84281685020882, 12.326458504551454, 0.0 ], [ 92.845526218679822, 12.328860538648591, 0.0 ], [ 92.847442136758374, 12.325796686670538, 0.0 ], [ 92.848373671578926, 12.328083495246084, 0.0 ], [ 92.851364538404653, 12.325955534445546, 0.0 ], [ 92.854686895489635, 12.326608276189715, 0.0 ], [ 92.856760571810568, 12.328212622454524, 0.0 ], [ 92.860119455232194, 12.31915600971198, 0.0 ], [ 92.854892650611291, 12.319489076534865, 0.0 ], [ 92.847455322603096, 12.308280228844866, 0.0 ], [ 92.833795614186812, 12.308552929837278, 0.0 ], [ 92.831450707764006, 12.302676892151519, 0.0 ], [ 92.809808864764605, 12.315648188084303, 0.0 ], [ 92.778668908025523, 12.313074250332175, 0.0 ], [ 92.769489838336071, 12.320684886825246, 0.0 ], [ 92.771980443595297, 12.327350200849407, 0.0 ], [ 92.771596583545616, 12.327757001571301, 0.0 ], [ 92.770513913525136, 12.327878813382133, 0.0 ], [ 92.770782611244414, 12.329302693434535, 0.0 ], [ 92.769522766808535, 12.330310486138453, 0.0 ], [ 92.771053624030742, 12.330604584361181, 0.0 ], [ 92.772110785579912, 12.332139265568252, 0.0 ], [ 92.772062394443182, 12.332905447322865, 0.0 ], [ 92.770434786188872, 12.333759476644415, 0.0 ], [ 92.752812392022861, 12.296094548566828, 0.0 ], [ 92.734125049370618, 12.302426354461575, 0.0 ], [ 92.743604240319243, 12.326528168514193, 0.0 ], [ 92.74773630127946, 12.344421486582258, 0.0 ], [ 92.747452562024037, 12.349813359525228, 0.0 ], [ 92.743722769258824, 12.353438678780448, 0.0 ], [ 92.746448979521602, 12.352389418359902, 0.0 ], [ 92.749871453922182, 12.355901979976455, 0.0 ], [ 92.749655811427459, 12.35885129596879, 0.0 ], [ 92.748538211678635, 12.360159616640502, 0.0 ], [ 92.742933225175562, 12.359312767184241, 0.0 ], [ 92.746687706424041, 12.361174169280567, 0.0 ], [ 92.749178363578068, 12.365617787053232, 0.0 ], [ 92.742611430813497, 12.359457425572119, 0.0 ], [ 92.738758790853282, 12.314966615665904, 0.0 ], [ 92.719477058729638, 12.300342449876021, 0.0 ], [ 92.699038855890933, 12.3282786222144, 0.0 ], [ 92.695129052122397, 12.400409285704754, 0.0 ], [ 92.707369494644581, 12.594005924671498, 0.0 ], [ 92.683984646197914, 12.609049866574248, 0.0 ], [ 92.702586501911838, 12.604787207396861, 0.0 ], [ 92.718239912123252, 12.644334952342815, 0.0 ], [ 92.719933375274493, 12.618408663644887, 0.0 ], [ 92.722436038399294, 12.615356852016802, 0.0 ], [ 92.727479630670118, 12.636159624224359, 0.0 ], [ 92.733301820246268, 12.624066745047921, 0.0 ], [ 92.734918752847662, 12.627252534771426, 0.0 ], [ 92.735658985786216, 12.625371976295861, 0.0 ], [ 92.740034852920218, 12.622373434184695, 0.0 ], [ 92.740319325128382, 12.620393627983869, 0.0 ], [ 92.74086212517993, 12.619701854076014, 0.0 ], [ 92.742739778196025, 12.619203829353152, 0.0 ], [ 92.744106762924119, 12.619203206604451, 0.0 ], [ 92.747661530774948, 12.620459234682638, 0.0 ], [ 92.728524450029639, 12.636037172557597, 0.0 ], [ 92.732827933314226, 12.657106768733101, 0.0 ], [ 92.773145266840473, 12.670389593062181, 0.0 ], [ 92.778385025301645, 12.641202043014554, 0.0 ], [ 92.775449625814872, 12.637833490449797, 0.0 ], [ 92.775102179580401, 12.631356274681716, 0.0 ], [ 92.765233736018885, 12.632057104634514, 0.0 ], [ 92.762271384177623, 12.627752767266069, 0.0 ], [ 92.761867741075491, 12.624421384573143, 0.0 ], [ 92.775659329779231, 12.630737273200042, 0.0 ], [ 92.778487455895217, 12.637888970527515, 0.0 ], [ 92.778821753834876, 12.629635695571283, 0.0 ], [ 92.784379022891486, 12.623974380870816, 0.0 ], [ 92.776451657025461, 12.590469394702204, 0.0 ], [ 92.778926570886142, 12.579975059574036, 0.0 ], [ 92.785989742131946, 12.6245173811703, 0.0 ], [ 92.779083413248173, 12.671020312437221, 0.0 ], [ 92.787096966318956, 12.7027803796847, 0.0 ], [ 92.780974823966261, 12.725368205490634, 0.0 ], [ 92.783686984793434, 12.72460531237415, 0.0 ], [ 92.786982940300661, 12.726405255584483, 0.0 ], [ 92.789695155212314, 12.725466031381428, 0.0 ], [ 92.781245353192261, 12.740382748118824, 0.0 ], [ 92.761600972312479, 12.722810953543158, 0.0 ], [ 92.781814240877239, 12.733689270723293, 0.0 ], [ 92.775783925328611, 12.718378669247285, 0.0 ], [ 92.783016735663736, 12.692410139364755, 0.0 ], [ 92.769394161545719, 12.673103239606464, 0.0 ], [ 92.731955224436177, 12.672596500121367, 0.0 ], [ 92.726421094702729, 12.694094897337637, 0.0 ], [ 92.744715133379728, 12.699167299184788, 0.0 ], [ 92.745840607219549, 12.722818817017677, 0.0 ], [ 92.740442333073432, 12.739047301405568, 0.0 ], [ 92.729678327174653, 12.743892593885272, 0.0 ], [ 92.720003109571394, 12.790293890034361, 0.0 ], [ 92.731201984365129, 12.797517670033178, 0.0 ], [ 92.732112040725283, 12.793349964007639, 0.0 ], [ 92.73570902857503, 12.793637966148042, 0.0 ], [ 92.732741196108179, 12.789308911182525, 0.0 ], [ 92.735614638995983, 12.788620857988485, 0.0 ], [ 92.735061302099894, 12.787088794268261, 0.0 ], [ 92.736943537199451, 12.784154665649595, 0.0 ], [ 92.735705161424761, 12.785135944112774, 0.0 ], [ 92.735212332862389, 12.785000522914432, 0.0 ], [ 92.735087071854849, 12.782971110331049, 0.0 ], [ 92.737733333376283, 12.779155309411019, 0.0 ], [ 92.739037503098857, 12.790924774320564, 0.0 ], [ 92.731213028107632, 12.801707655983709, 0.0 ], [ 92.720466296190452, 12.796996833885904, 0.0 ], [ 92.72207114915669, 12.825227904542514, 0.0 ], [ 92.730528017973583, 12.836249264672958, 0.0 ], [ 92.735309924765147, 12.807252183123286, 0.0 ], [ 92.737735802152812, 12.80438565406466, 0.0 ], [ 92.739118998971421, 12.83701908641711, 0.0 ], [ 92.740316364099087, 12.836476241741737, 0.0 ], [ 92.741834006136131, 12.821862714451356, 0.0 ], [ 92.742579591934742, 12.820660123094889, 0.0 ], [ 92.756095203896294, 12.846794896955881, 0.0 ], [ 92.753441482216772, 12.8189400758595, 0.0 ], [ 92.765537473350918, 12.818835053253565, 0.0 ], [ 92.772698917576321, 12.842563068003319, 0.0 ], [ 92.783831540462728, 12.762146259220255, 0.0 ], [ 92.793378462901103, 12.774363640222292, 0.0 ], [ 92.780415880742183, 12.805052129168201, 0.0 ], [ 92.789833001360179, 12.814713578146725, 0.0 ], [ 92.792202752095932, 12.809682808187485, 0.0 ], [ 92.790341881023423, 12.807497414944457, 0.0 ], [ 92.79202056257202, 12.799639470952364, 0.0 ], [ 92.79275282518536, 12.799106084811013, 0.0 ], [ 92.794279735360803, 12.799718510187848, 0.0 ], [ 92.794936073845321, 12.798651722058128, 0.0 ], [ 92.791794798863251, 12.797340994233496, 0.0 ], [ 92.792446443087996, 12.793424457244271, 0.0 ], [ 92.794666376442038, 12.793668497043274, 0.0 ], [ 92.800629723054229, 12.812828397316631, 0.0 ], [ 92.789213638112514, 12.828858878602526, 0.0 ], [ 92.78207172793941, 12.809181191697451, 0.0 ], [ 92.785669021324026, 12.832924543068602, 0.0 ], [ 92.781796871675496, 12.859983334273421, 0.0 ], [ 92.793005171040335, 12.84450687742056, 0.0 ], [ 92.788396359554014, 12.861490702961595, 0.0 ], [ 92.800410703954626, 12.848459299878318, 0.0 ], [ 92.792756937903107, 12.863678290759264, 0.0 ], [ 92.794431652888719, 12.863705390182027, 0.0 ], [ 92.796654629676425, 12.864830730759634, 0.0 ], [ 92.800167218542498, 12.860570491027415, 0.0 ], [ 92.804398784555914, 12.86107195699255, 0.0 ], [ 92.790790309117412, 12.889935556653805, 0.0 ], [ 92.808836349646725, 12.897489713162683, 0.0 ], [ 92.829750696143066, 12.884618795844696, 0.0 ], [ 92.834132572770059, 12.885675637318036, 0.0 ], [ 92.840692571652866, 12.891609018779631, 0.0 ], [ 92.839601939951152, 12.876677669052686, 0.0 ], [ 92.847696816784548, 12.876067035235945, 0.0 ], [ 92.844395488073147, 12.875132217548652, 0.0 ], [ 92.842404429062483, 12.871952783400866, 0.0 ], [ 92.843203442901057, 12.870513027974935, 0.0 ], [ 92.841445337018058, 12.868045549339049, 0.0 ], [ 92.839888898350452, 12.868120166385442, 0.0 ], [ 92.840690110914977, 12.869817554728174, 0.0 ], [ 92.839329252416647, 12.872254073138434, 0.0 ], [ 92.838856818652857, 12.871519647989347, 0.0 ], [ 92.836351621883608, 12.865856665419674, 0.0 ], [ 92.839739251817079, 12.861385758751172, 0.0 ], [ 92.838378423823769, 12.864179374364486, 0.0 ], [ 92.842557949446459, 12.868502863057214, 0.0 ], [ 92.843707609504278, 12.870911360826314, 0.0 ], [ 92.842775329411978, 12.871925659807619, 0.0 ], [ 92.844505967506819, 12.874833860097578, 0.0 ], [ 92.853880118424172, 12.877111614164418, 0.0 ], [ 92.852675090647509, 12.873538828891292, 0.0 ], [ 92.84971173772233, 12.873988112827437, 0.0 ], [ 92.846706984726922, 12.869326344744644, 0.0 ], [ 92.848143786118129, 12.867067688199631, 0.0 ], [ 92.851076035890728, 12.866318725154738, 0.0 ], [ 92.845058798983402, 12.862224598394496, 0.0 ], [ 92.84955723634171, 12.845100410254936, 0.0 ], [ 92.848642781789863, 12.844955937322215, 0.0 ], [ 92.848780829157434, 12.846970420251008, 0.0 ], [ 92.847503237793674, 12.847730879890216, 0.0 ], [ 92.845541293702823, 12.845961920508437, 0.0 ], [ 92.841380097848329, 12.846382889910819, 0.0 ], [ 92.838190076512063, 12.844445280078553, 0.0 ], [ 92.836250609353527, 12.84711085532809, 0.0 ], [ 92.82593641388506, 12.830991509293328, 0.0 ], [ 92.823440769306714, 12.82310450120718, 0.0 ], [ 92.828861740974006, 12.818889070086009, 0.0 ], [ 92.829103265512543, 12.817225404111932, 0.0 ], [ 92.828055220296051, 12.817043503075181, 0.0 ], [ 92.827025705945033, 12.816270331520128, 0.0 ], [ 92.826698284905518, 12.814030153825609, 0.0 ], [ 92.82763681009564, 12.810329584866352, 0.0 ], [ 92.828405261069975, 12.810057398271267, 0.0 ], [ 92.82697457353855, 12.813971860191382, 0.0 ], [ 92.829442724048462, 12.817212658503141, 0.0 ], [ 92.829015331095491, 12.819227870647106, 0.0 ], [ 92.823657352621339, 12.823210697077943, 0.0 ], [ 92.826175795672, 12.830885721280108, 0.0 ], [ 92.850074782730957, 12.845001126204414, 0.0 ], [ 92.845468177124346, 12.861987876734874, 0.0 ], [ 92.851894394885235, 12.866339115321782, 0.0 ], [ 92.849755576047258, 12.873139870051197, 0.0 ], [ 92.852846998986124, 12.872980888845571, 0.0 ], [ 92.854748683599027, 12.877571331157856, 0.0 ], [ 92.86055840209724, 12.877316536646431, 0.0 ], [ 92.862198900119239, 12.878253979540267, 0.0 ], [ 92.861227532971313, 12.873224962080323, 0.0 ], [ 92.861512599124111, 12.871172822882263, 0.0 ], [ 92.863963192124871, 12.869630793320876, 0.0 ], [ 92.864441919805742, 12.868541336046798, 0.0 ], [ 92.863281210327628, 12.869493148597867, 0.0 ], [ 92.861655307870862, 12.868577242654085, 0.0 ], [ 92.861278307437274, 12.865771552850012, 0.0 ], [ 92.862426349111402, 12.8635899898561, 0.0 ], [ 92.864610191101889, 12.868817030430575, 0.0 ], [ 92.862486923507518, 12.878278788107973, 0.0 ], [ 92.861897234790831, 12.87844167027162, 0.0 ], [ 92.860505529660216, 12.877653357677211, 0.0 ], [ 92.860312153844092, 12.878069242035265, 0.0 ], [ 92.874324312879637, 12.882337226791634, 0.0 ], [ 92.871314695560116, 12.892373741797716, 0.0 ], [ 92.891078165679673, 12.895207289246427, 0.0 ], [ 92.900113188678716, 12.902843982667195, 0.0 ], [ 92.892405853090381, 12.915658362775254, 0.0 ], [ 92.897053781570719, 12.926710581359599, 0.0 ] ] ], [ [ [ 92.779415821512671, 12.648556828476993, 0.0 ], [ 92.780990413173768, 12.655836793343662, 0.0 ], [ 92.78058199506664, 12.646136542034167, 0.0 ], [ 92.779415821512671, 12.648556828476993, 0.0 ] ] ], [ [ [ 92.782471180336074, 12.718719859628244, 0.0 ], [ 92.780987802108655, 12.711549167042262, 0.0 ], [ 92.776999614751873, 12.71791362048846, 0.0 ], [ 92.780669442036483, 12.717200955493498, 0.0 ], [ 92.782471180336074, 12.718719859628244, 0.0 ] ] ], [ [ [ 92.781970500996295, 12.718694616025326, 0.0 ], [ 92.780763802732096, 12.718736588214263, 0.0 ], [ 92.781905168765917, 12.719034091474425, 0.0 ], [ 92.781970500996295, 12.718694616025326, 0.0 ] ] ], [ [ [ 92.954921152107872, 12.757740157013824, 0.0 ], [ 92.955980161180676, 12.756646151436728, 0.0 ], [ 92.954073775991418, 12.757636266378951, 0.0 ], [ 92.954921152107872, 12.757740157013824, 0.0 ] ] ], [ [ [ 92.941224327761276, 12.76947341573513, 0.0 ], [ 92.9398749050861, 12.76869607402856, 0.0 ], [ 92.939313072318612, 12.769396723742364, 0.0 ], [ 92.941224327761276, 12.76947341573513, 0.0 ] ] ], [ [ [ 92.944740670182156, 12.771136428579577, 0.0 ], [ 92.945238000940947, 12.770431239120924, 0.0 ], [ 92.942992763703785, 12.769667632323179, 0.0 ], [ 92.944740670182156, 12.771136428579577, 0.0 ] ] ], [ [ [ 92.831409345490073, 12.885211039611129, 0.0 ], [ 92.831966962834798, 12.885809938248624, 0.0 ], [ 92.832167351947064, 12.885665201991074, 0.0 ], [ 92.831409345490073, 12.885211039611129, 0.0 ] ] ], [ [ [ 92.830888829822769, 12.885780668761258, 0.0 ], [ 92.830858801478882, 12.88533773533571, 0.0 ], [ 92.830460288414386, 12.885683543932894, 0.0 ], [ 92.830888829822769, 12.885780668761258, 0.0 ] ] ], [ [ [ 92.833925285489769, 12.886919106740597, 0.0 ], [ 92.834973549328581, 12.886964168932524, 0.0 ], [ 92.833704072135276, 12.886494408858567, 0.0 ], [ 92.833925285489769, 12.886919106740597, 0.0 ] ] ], [ [ [ 92.781609481245042, 12.892259697524356, 0.0 ], [ 92.788104023850579, 12.88309797530852, 0.0 ], [ 92.781695101162029, 12.883920363042598, 0.0 ], [ 92.781609481245042, 12.892259697524356, 0.0 ] ] ], [ [ [ 92.890965989144505, 12.897852571207926, 0.0 ], [ 92.892593215975964, 12.899516253998421, 0.0 ], [ 92.892470785694499, 12.897763109950965, 0.0 ], [ 92.890965989144505, 12.897852571207926, 0.0 ] ] ], [ [ [ 92.879209318163149, 12.905745127335061, 0.0 ], [ 92.880214189158522, 12.903150866442703, 0.0 ], [ 92.878606083428863, 12.902258721808293, 0.0 ], [ 92.879209318163149, 12.905745127335061, 0.0 ] ] ], [ [ [ 92.790996721241797, 12.917267926055089, 0.0 ], [ 92.79199041514417, 12.892232782280786, 0.0 ], [ 92.773513036301665, 12.906275573990543, 0.0 ], [ 92.790996721241797, 12.917267926055089, 0.0 ] ] ], [ [ [ 92.879531662225119, 12.907408487119554, 0.0 ], [ 92.877386208415061, 12.910347904157062, 0.0 ], [ 92.878662980902135, 12.912915671050341, 0.0 ], [ 92.879531662225119, 12.907408487119554, 0.0 ] ] ], [ [ [ 92.864008084485377, 12.912684531810612, 0.0 ], [ 92.863338268072724, 12.914910835151044, 0.0 ], [ 92.864480468282736, 12.912808715410996, 0.0 ], [ 92.864008084485377, 12.912684531810612, 0.0 ] ] ], [ [ [ 92.929059604182285, 12.916954754570833, 0.0 ], [ 92.937386131462418, 12.914791378672298, 0.0 ], [ 92.933473783123404, 12.911471752241868, 0.0 ], [ 92.929059604182285, 12.916954754570833, 0.0 ] ] ], [ [ [ 92.859736905704636, 12.933595851640126, 0.0 ], [ 92.885534502654025, 12.923549412751795, 0.0 ], [ 92.862677880799552, 12.918047836148181, 0.0 ], [ 92.859736905704636, 12.933595851640126, 0.0 ] ] ], [ [ [ 92.889507225460477, 12.932877339332157, 0.0 ], [ 92.890152523535207, 12.931426469071507, 0.0 ], [ 92.888968075907258, 12.932154094380618, 0.0 ], [ 92.889507225460477, 12.932877339332157, 0.0 ] ] ], [ [ [ 92.887408465802295, 12.933128596544462, 0.0 ], [ 92.893271727547159, 12.937524140349062, 0.0 ], [ 92.893276517994238, 12.936457458493809, 0.0 ], [ 92.887408465802295, 12.933128596544462, 0.0 ] ] ], [ [ [ 92.900223350613956, 12.940392620358992, 0.0 ], [ 92.902310950003454, 12.94051025671744, 0.0 ], [ 92.902806525008174, 12.937373470868105, 0.0 ], [ 92.900942418981955, 12.938756459505731, 0.0 ], [ 92.900251056025098, 12.939655824506147, 0.0 ], [ 92.900389286718507, 12.939845673953917, 0.0 ], [ 92.900260275977686, 12.939949626685642, 0.0 ], [ 92.900375449058444, 12.940166597433016, 0.0 ], [ 92.900223350613956, 12.940392620358992, 0.0 ] ] ], [ [ [ 92.900375449058444, 12.940166597433016, 0.0 ], [ 92.899091960559431, 12.940358635851167, 0.0 ], [ 92.89840289144496, 12.941542752332229, 0.0 ], [ 92.900375449058444, 12.940166597433016, 0.0 ] ] ], [ [ [ 92.900513526252169, 12.942318091084797, 0.0 ], [ 92.901928446248405, 12.94078142662184, 0.0 ], [ 92.899071150864955, 12.942295405985259, 0.0 ], [ 92.900513526252169, 12.942318091084797, 0.0 ] ] ], [ [ [ 92.899064270415934, 12.942125457290052, 0.0 ], [ 92.898223124470391, 12.942363145471042, 0.0 ], [ 92.898573396903629, 12.94257105705409, 0.0 ], [ 92.899064270415934, 12.942125457290052, 0.0 ] ] ], [ [ [ 92.877524417863, 12.962488443629239, 0.0 ], [ 92.878857184275319, 12.961960673812181, 0.0 ], [ 92.878660623085466, 12.960909460892566, 0.0 ], [ 92.877524417863, 12.962488443629239, 0.0 ] ] ], [ [ [ 92.883240899975505, 12.965170200108501, 0.0 ], [ 92.882968399813109, 12.965419200131294, 0.0 ], [ 92.88326430039838, 12.965450400230326, 0.0 ], [ 92.883240899975505, 12.965170200108501, 0.0 ] ] ], [ [ [ 92.882719233584524, 12.966104737715289, 0.0 ], [ 92.881613118079628, 12.96575202031541, 0.0 ], [ 92.881700579710937, 12.966561105828321, 0.0 ], [ 92.882719233584524, 12.966104737715289, 0.0 ] ] ], [ [ [ 92.886107550531591, 12.979140611496561, 0.0 ], [ 92.886941610911876, 12.980284270847491, 0.0 ], [ 92.887052376613312, 12.979219801223877, 0.0 ], [ 92.886107550531591, 12.979140611496561, 0.0 ] ] ], [ [ [ 92.888822047177484, 12.981217779186553, 0.0 ], [ 92.888098500596541, 12.980923909204796, 0.0 ], [ 92.888315011404643, 12.981416632255121, 0.0 ], [ 92.888822047177484, 12.981217779186553, 0.0 ] ] ], [ [ [ 92.893354919767503, 12.984219510825152, 0.0 ], [ 92.893408042596704, 12.983116587150679, 0.0 ], [ 92.892790420445579, 12.983125606327363, 0.0 ], [ 92.893354919767503, 12.984219510825152, 0.0 ] ] ], [ [ [ 92.830863850480526, 13.001378053186926, 0.0 ], [ 92.833078493409005, 13.002052000754317, 0.0 ], [ 92.831057767432554, 13.000025544262643, 0.0 ], [ 92.830863850480526, 13.001378053186926, 0.0 ] ] ], [ [ [ 92.787553699853675, 13.010910599902578, 0.0 ], [ 92.786587699795035, 13.011738600398854, 0.0 ], [ 92.787760699732857, 13.011462600326048, 0.0 ], [ 92.787553699853675, 13.010910599902578, 0.0 ] ] ], [ [ [ 92.930043356395458, 13.02528823241575, 0.0 ], [ 92.94622754514873, 12.998737283555579, 0.0 ], [ 92.94159901132258, 12.994170543797464, 0.0 ], [ 92.913221344252761, 13.011822793242777, 0.0 ], [ 92.920685694814821, 13.031308570151172, 0.0 ], [ 92.930043356395458, 13.02528823241575, 0.0 ] ] ], [ [ [ 92.78476675756778, 13.013283544401853, 0.0 ], [ 92.784457915608215, 13.013495878457842, 0.0 ], [ 92.784702182514934, 13.013631509560076, 0.0 ], [ 92.78476675756778, 13.013283544401853, 0.0 ] ] ], [ [ [ 92.947962629824517, 13.019490726298706, 0.0 ], [ 92.948384753789412, 13.024677682360116, 0.0 ], [ 92.949280540874867, 13.018595946105521, 0.0 ], [ 92.947962629824517, 13.019490726298706, 0.0 ] ] ], [ [ [ 92.93015119969651, 13.028020400534349, 0.0 ], [ 92.931338300174502, 13.028437600148736, 0.0 ], [ 92.930899200225227, 13.027413499857694, 0.0 ], [ 92.93015119969651, 13.028020400534349, 0.0 ] ] ], [ [ [ 92.932151955482979, 13.048747531173479, 0.0 ], [ 92.930368384512249, 13.053265936685778, 0.0 ], [ 92.931400797802894, 13.054431677449214, 0.0 ], [ 92.932151955482979, 13.048747531173479, 0.0 ] ] ], [ [ [ 92.785654039772268, 13.055449418169422, 0.0 ], [ 92.785276075292487, 13.05525960867708, 0.0 ], [ 92.785501877519764, 13.055675276659226, 0.0 ], [ 92.785654039772268, 13.055449418169422, 0.0 ] ] ], [ [ [ 92.787821907241607, 13.060248374671191, 0.0 ], [ 92.787960081631866, 13.060912557423833, 0.0 ], [ 92.788075246480915, 13.060917087810935, 0.0 ], [ 92.787821907241607, 13.060248374671191, 0.0 ] ] ], [ [ [ 92.91577333199254, 13.063208044615321, 0.0 ], [ 92.912049474469555, 13.058158432048234, 0.0 ], [ 92.913069728520924, 13.067303814253739, 0.0 ], [ 92.91577333199254, 13.063208044615321, 0.0 ] ] ], [ [ [ 92.913078946615684, 13.068166842786836, 0.0 ], [ 92.914102103940166, 13.068794983677726, 0.0 ], [ 92.914143723846109, 13.067249650779425, 0.0 ], [ 92.913078946615684, 13.068166842786836, 0.0 ] ] ], [ [ [ 92.910912041171997, 13.074076783143274, 0.0 ], [ 92.910789742605644, 13.076078423566447, 0.0 ], [ 92.911824764574661, 13.073819272151281, 0.0 ], [ 92.910912041171997, 13.074076783143274, 0.0 ] ] ], [ [ [ 92.794892984812904, 13.075216802560613, 0.0 ], [ 92.794683120476336, 13.076789194114244, 0.0 ], [ 92.794954995326208, 13.076974470244068, 0.0 ], [ 92.794892984812904, 13.075216802560613, 0.0 ] ] ], [ [ [ 92.793595602122849, 13.092852402841869, 0.0 ], [ 92.792673642748028, 13.092660239742218, 0.0 ], [ 92.792881057695851, 13.093387678358347, 0.0 ], [ 92.793595602122849, 13.092852402841869, 0.0 ] ] ], [ [ [ 92.792927133230933, 13.09363848483418, 0.0 ], [ 92.793192073517474, 13.094076786318963, 0.0 ], [ 92.793300512217371, 13.093882520953022, 0.0 ], [ 92.792927133230933, 13.09363848483418, 0.0 ] ] ], [ [ [ 92.840109765432018, 13.143701833134203, 0.0 ], [ 92.840653838513816, 13.143105355426792, 0.0 ], [ 92.840040581921215, 13.143001450891596, 0.0 ], [ 92.840109765432018, 13.143701833134203, 0.0 ] ] ], [ [ [ 92.808635162959916, 13.148074107667465, 0.0 ], [ 92.807779771940474, 13.149330288122048, 0.0 ], [ 92.808568199604167, 13.149904144220875, 0.0 ], [ 92.808635162959916, 13.148074107667465, 0.0 ] ] ], [ [ [ 92.807356700117126, 13.152567699547788, 0.0 ], [ 92.806252699646109, 13.15270570002833, 0.0 ], [ 92.807218700047102, 13.152912699455703, 0.0 ], [ 92.807356700117126, 13.152567699547788, 0.0 ] ] ], [ [ [ 92.804316523574215, 13.153774119410773, 0.0 ], [ 92.804201404453778, 13.15219705902501, 0.0 ], [ 92.803389729455489, 13.153191094958034, 0.0 ], [ 92.804316523574215, 13.153774119410773, 0.0 ] ] ], [ [ [ 92.80927548411762, 13.163134834412322, 0.0 ], [ 92.809552193718815, 13.164002459767641, 0.0 ], [ 92.809501455292732, 13.162845633242668, 0.0 ], [ 92.80927548411762, 13.163134834412322, 0.0 ] ] ], [ [ [ 92.809844848660205, 13.167323706006249, 0.0 ], [ 92.809533666437758, 13.166758810589558, 0.0 ], [ 92.80923160526072, 13.167133835087039, 0.0 ], [ 92.809844848660205, 13.167323706006249, 0.0 ] ] ], [ [ [ 92.809895581462172, 13.169185402368543, 0.0 ], [ 92.809900166378512, 13.168525648741536, 0.0 ], [ 92.809143908915175, 13.169049755483634, 0.0 ], [ 92.809895581462172, 13.169185402368543, 0.0 ] ] ], [ [ [ 92.79323888478558, 13.167665724241045, 0.0 ], [ 92.796097782058382, 13.170729712788434, 0.0 ], [ 92.79635391906713, 13.168000404284131, 0.0 ], [ 92.79323888478558, 13.167665724241045, 0.0 ] ] ], [ [ [ 92.792583703790726, 13.171239951918427, 0.0 ], [ 92.791541462542781, 13.171275943337474, 0.0 ], [ 92.792127060326749, 13.171741476602678, 0.0 ], [ 92.792583703790726, 13.171239951918427, 0.0 ] ] ], [ [ [ 92.825875634766817, 13.20893667508042, 0.0 ], [ 92.823218915431909, 13.20679710892678, 0.0 ], [ 92.822485541330337, 13.206941772168921, 0.0 ], [ 92.825875634766817, 13.20893667508042, 0.0 ] ] ], [ [ [ 92.826595159293802, 13.208936635912783, 0.0 ], [ 92.825525224421042, 13.211286475179696, 0.0 ], [ 92.827319334151653, 13.210414248103975, 0.0 ], [ 92.826595159293802, 13.208936635912783, 0.0 ] ] ], [ [ [ 92.827826701623238, 13.210328354901037, 0.0 ], [ 92.827706900520724, 13.211652416504817, 0.0 ], [ 92.828684607079083, 13.210884117720227, 0.0 ], [ 92.827826701623238, 13.210328354901037, 0.0 ] ] ], [ [ [ 92.829980758546839, 13.212284910282662, 0.0 ], [ 92.825512186755006, 13.237172309164002, 0.0 ], [ 92.850424129312628, 13.238625047514093, 0.0 ], [ 92.852241715950925, 13.221858277414274, 0.0 ], [ 92.855194498979188, 13.219469705195971, 0.0 ], [ 92.847805348544156, 13.212726170540398, 0.0 ], [ 92.848323600357148, 13.208080818085378, 0.0 ], [ 92.84990095225892, 13.207488624827787, 0.0 ], [ 92.854186292475674, 13.209054211672719, 0.0 ], [ 92.858484107467106, 13.20612947467551, 0.0 ], [ 92.861239439501219, 13.206378389997564, 0.0 ], [ 92.858217889154716, 13.200774823576273, 0.0 ], [ 92.859126233628345, 13.199373808131854, 0.0 ], [ 92.862925996722907, 13.196469876490546, 0.0 ], [ 92.85717019405017, 13.196224605670494, 0.0 ], [ 92.85607693092814, 13.195162925522951, 0.0 ], [ 92.855377432293821, 13.190739201016394, 0.0 ], [ 92.856612658127062, 13.188240205773516, 0.0 ], [ 92.858277831713011, 13.187666062591971, 0.0 ], [ 92.860432291630062, 13.191737009772483, 0.0 ], [ 92.860910712202838, 13.185519190810178, 0.0 ], [ 92.861669139308887, 13.184294468832023, 0.0 ], [ 92.863119626218662, 13.184825102921149, 0.0 ], [ 92.860513544189146, 13.192033827115717, 0.0 ], [ 92.855726887880635, 13.190536350198526, 0.0 ], [ 92.863811402055802, 13.196081076659778, 0.0 ], [ 92.862118594894213, 13.206601027104124, 0.0 ], [ 92.854605754447562, 13.20969089753795, 0.0 ], [ 92.848943696326629, 13.208388936701631, 0.0 ], [ 92.85601659395482, 13.219636398703159, 0.0 ], [ 92.854836756917862, 13.233957995507918, 0.0 ], [ 92.851524683821708, 13.239657585375372, 0.0 ], [ 92.842495709100575, 13.240817902794378, 0.0 ], [ 92.839018930270996, 13.245895823939541, 0.0 ], [ 92.85017195341868, 13.262173021800509, 0.0 ], [ 92.855131438368304, 13.250588978152466, 0.0 ], [ 92.854670314090413, 13.25406048527636, 0.0 ], [ 92.858020160817347, 13.252257341921204, 0.0 ], [ 92.859445613901059, 13.2564969321218, 0.0 ], [ 92.860470051433012, 13.254106050821672, 0.0 ], [ 92.862389511076913, 13.252940053007919, 0.0 ], [ 92.868853596901957, 13.254603519493111, 0.0 ], [ 92.870399224895465, 13.258305202143335, 0.0 ], [ 92.811096454870437, 13.270826204461441, 0.0 ], [ 92.840817487715526, 13.301204283116435, 0.0 ], [ 92.820463918209285, 13.310845894160133, 0.0 ], [ 92.830015783040679, 13.369093070670361, 0.0 ], [ 92.849351884076214, 13.377814148335716, 0.0 ], [ 92.847876198969587, 13.363454951985307, 0.0 ], [ 92.849986121081699, 13.359373877548544, 0.0 ], [ 92.851583297430139, 13.358732226326136, 0.0 ], [ 92.85436205523385, 13.359175383596943, 0.0 ], [ 92.850672292447101, 13.376264019426221, 0.0 ], [ 92.869737244566508, 13.390678311390417, 0.0 ], [ 92.858874932083864, 13.383939059846202, 0.0 ], [ 92.863583428004006, 13.389819399347209, 0.0 ], [ 92.863292248292524, 13.397674592321932, 0.0 ], [ 92.862382593432827, 13.401294815106871, 0.0 ], [ 92.858113141230064, 13.385209044887079, 0.0 ], [ 92.84042250186755, 13.388452465035797, 0.0 ], [ 92.842063202771385, 13.409649964609486, 0.0 ], [ 92.870484811445792, 13.413986297629203, 0.0 ], [ 92.872987254264459, 13.402393350913226, 0.0 ], [ 92.878928898363142, 13.396133543653558, 0.0 ], [ 92.88270527725156, 13.395084872193795, 0.0 ], [ 92.882571350073306, 13.393869082684267, 0.0 ], [ 92.880133761188887, 13.393014936913463, 0.0 ], [ 92.879168851124163, 13.391112173561019, 0.0 ], [ 92.885704708615663, 13.36722089197051, 0.0 ], [ 92.885761630496035, 13.398036095726331, 0.0 ], [ 92.88908078298266, 13.39419870720323, 0.0 ], [ 92.893886722924805, 13.394781408115223, 0.0 ], [ 92.894952894854754, 13.391735057215522, 0.0 ], [ 92.898632225263469, 13.391043209836079, 0.0 ], [ 92.898475006803253, 13.388543841263624, 0.0 ], [ 92.902911633677732, 13.38993543025518, 0.0 ], [ 92.902338900175025, 13.387531025206929, 0.0 ], [ 92.905976002870432, 13.382378148480917, 0.0 ], [ 92.915975097974766, 13.382408314059948, 0.0 ], [ 92.924766338925892, 13.390207662085412, 0.0 ], [ 92.90724554875213, 13.382667243567175, 0.0 ], [ 92.903955518865928, 13.394341995650535, 0.0 ], [ 92.898728976180706, 13.389140414237085, 0.0 ], [ 92.899006172462322, 13.391110968027601, 0.0 ], [ 92.893125072776655, 13.395933986363648, 0.0 ], [ 92.888974642498638, 13.394854067659463, 0.0 ], [ 92.899427519787181, 13.402803334044984, 0.0 ], [ 92.896787659987865, 13.412611283242647, 0.0 ], [ 92.87450155293628, 13.402067933996411, 0.0 ], [ 92.873208786787686, 13.436358679170525, 0.0 ], [ 92.890006047037687, 13.423061292970992, 0.0 ], [ 92.898580433868929, 13.426161086240281, 0.0 ], [ 92.898987021985917, 13.428764374550759, 0.0 ], [ 92.870826094541741, 13.44513133009146, 0.0 ], [ 92.874220048841508, 13.459639452956621, 0.0 ], [ 92.868867658356862, 13.473998346956515, 0.0 ], [ 92.891058129720136, 13.47851744596149, 0.0 ], [ 92.887870997450747, 13.469030897846464, 0.0 ], [ 92.898224251544448, 13.465147719377411, 0.0 ], [ 92.90186223426079, 13.496287716459221, 0.0 ], [ 92.92489557797002, 13.498923545323327, 0.0 ], [ 92.924693130770564, 13.480786255226503, 0.0 ], [ 92.931819105254931, 13.480739511265929, 0.0 ], [ 92.921061512974305, 13.47234878108611, 0.0 ], [ 92.918700826721988, 13.467883798899134, 0.0 ], [ 92.920787226849754, 13.463051907324374, 0.0 ], [ 92.919577477129025, 13.46382047222364, 0.0 ], [ 92.915569043391727, 13.463473158629341, 0.0 ], [ 92.920159143465895, 13.462812482591337, 0.0 ], [ 92.918500992463933, 13.461108873435046, 0.0 ], [ 92.918366219586375, 13.456498849214547, 0.0 ], [ 92.920370058676653, 13.455020558040225, 0.0 ], [ 92.932223354202534, 13.471862827299271, 0.0 ], [ 92.92761984476995, 13.475131564091209, 0.0 ], [ 92.932821338656609, 13.481024014842118, 0.0 ], [ 92.927481729344663, 13.497702701550985, 0.0 ], [ 92.930404708506458, 13.4952026961505, 0.0 ], [ 92.934805025973517, 13.500024136871311, 0.0 ], [ 92.913257506282093, 13.512364433385404, 0.0 ], [ 92.927161203033194, 13.514684892578552, 0.0 ], [ 92.926146549493495, 13.521618290405467, 0.0 ], [ 92.932908677306969, 13.520251803830062, 0.0 ], [ 92.936116192521709, 13.527184174565395, 0.0 ], [ 92.93942751954971, 13.524674892959704, 0.0 ], [ 92.941326356407728, 13.525840448743887, 0.0 ], [ 92.940027607926979, 13.523205840027202, 0.0 ], [ 92.940456855358036, 13.522003491799051, 0.0 ], [ 92.941814844208594, 13.521826851459339, 0.0 ], [ 92.943247178324683, 13.523155230904543, 0.0 ], [ 92.943874384708423, 13.519756263937648, 0.0 ], [ 92.944266924038544, 13.519462373517005, 0.0 ], [ 92.945172459846205, 13.520081305530438, 0.0 ], [ 92.938029772048509, 13.53158583086171, 0.0 ], [ 92.91444136007749, 13.520427342706698, 0.0 ], [ 92.913552356284981, 13.53509835310172, 0.0 ], [ 92.965207966990405, 13.549977811041066, 0.0 ], [ 92.979643565085524, 13.526975467327652, 0.0 ], [ 92.987034737132547, 13.527691364266689, 0.0 ], [ 92.986210301781, 13.523018052338836, 0.0 ], [ 92.992006893716137, 13.522016834225152, 0.0 ], [ 92.990568308252307, 13.517881661722511, 0.0 ], [ 92.99540552799786, 13.519900081793978, 0.0 ], [ 92.995763508491649, 13.524415360542726, 0.0 ], [ 92.999838234992311, 13.523388045096354, 0.0 ], [ 92.999999999942062, 13.52391349264551, 0.0 ], [ 92.995486552727229, 13.52480419377153, 0.0 ], [ 92.994735879701338, 13.520148961027788, 0.0 ], [ 92.991023613579316, 13.523246662515598, 0.0 ], [ 92.986995810849592, 13.523537542054653, 0.0 ], [ 92.99103139486057, 13.539057443313, 0.0 ], [ 92.982088074038131, 13.569439482232113, 0.0 ], [ 93.003677260398348, 13.566260293399511, 0.0 ], [ 93.010516023337658, 13.548662556450555, 0.0 ], [ 93.027329464741527, 13.579399805322829, 0.0 ], [ 93.043165010697507, 13.50490553431049, 0.0 ], [ 93.033723682572145, 13.465861941494238, 0.0 ], [ 93.018622166580073, 13.466303743878804, 0.0 ], [ 93.016147834526606, 13.462337620315378, 0.0 ], [ 93.01440482454997, 13.455315457558505, 0.0 ], [ 93.011915779862392, 13.453605360658663, 0.0 ], [ 93.012015011466573, 13.458813824277007, 0.0 ], [ 93.010356190892011, 13.459776103482088, 0.0 ], [ 93.0080605237291, 13.459368159933829, 0.0 ], [ 93.009459301388148, 13.46130386585282, 0.0 ], [ 93.007735735876295, 13.462361043497468, 0.0 ], [ 93.006086578943069, 13.462360284384182, 0.0 ], [ 93.005111416620963, 13.463282154148741, 0.0 ], [ 93.011564854648256, 13.453293242770631, 0.0 ], [ 93.029895914921653, 13.461077134550582, 0.0 ], [ 93.036596590991977, 13.441285710570936, 0.0 ], [ 92.996519260701433, 13.441060828942918, 0.0 ], [ 92.989087785729438, 13.427405938448631, 0.0 ], [ 93.039040114465195, 13.427912812967277, 0.0 ], [ 93.0463314206267, 13.404563084173578, 0.0 ], [ 93.061064332167348, 13.421471945663741, 0.0 ], [ 93.068496820436607, 13.39662960771796, 0.0 ], [ 93.051120462882565, 13.389798202084437, 0.0 ], [ 93.04704284845802, 13.374610218146774, 0.0 ], [ 93.041923844048, 13.381960129924719, 0.0 ], [ 93.012879057330963, 13.377301284034161, 0.0 ], [ 93.003649729095969, 13.392393446131207, 0.0 ], [ 92.999207183667707, 13.39594978805502, 0.0 ], [ 93.003728613286327, 13.391633917757298, 0.0 ], [ 92.996408999894058, 13.387570667249916, 0.0 ], [ 92.99677638570904, 13.383764923232043, 0.0 ], [ 92.999915897012514, 13.382241785752571, 0.0 ], [ 92.997043420442139, 13.382354654619986, 0.0 ], [ 92.994355715070654, 13.380407971293929, 0.0 ], [ 92.991142960842566, 13.380870490507119, 0.0 ], [ 92.98875461945606, 13.377319122089217, 0.0 ], [ 92.989069377160092, 13.379104250866495, 0.0 ], [ 92.985898383898714, 13.380014132731555, 0.0 ], [ 92.979629351776708, 13.379917402202301, 0.0 ], [ 92.988726666782938, 13.376781293375227, 0.0 ], [ 92.992255219761049, 13.380291453461545, 0.0 ], [ 92.994907641677599, 13.376335478729349, 0.0 ], [ 92.993829172244375, 13.379843262705544, 0.0 ], [ 93.000140663529677, 13.381879916941228, 0.0 ], [ 93.003180061961245, 13.389603629811205, 0.0 ], [ 93.014128840293623, 13.370737004914121, 0.0 ], [ 93.034325476586417, 13.374398079717304, 0.0 ], [ 93.031437074104034, 13.343896817045817, 0.0 ], [ 92.999188856134808, 13.350494810832398, 0.0 ], [ 92.984162079970204, 13.328015901612892, 0.0 ], [ 92.973042646134232, 13.359341960539279, 0.0 ], [ 92.945404517533177, 13.351021500390599, 0.0 ], [ 92.95191427056514, 13.326943156020107, 0.0 ], [ 92.961175854094051, 13.323080310590568, 0.0 ], [ 92.949466353827091, 13.321185798603015, 0.0 ], [ 92.947901047545216, 13.318736581390594, 0.0 ], [ 92.948426760681556, 13.317375996317553, 0.0 ], [ 92.960704107829102, 13.320309896195447, 0.0 ], [ 92.964606955571, 13.328344555080763, 0.0 ], [ 92.996972272266888, 13.314893846582185, 0.0 ], [ 92.982695370298103, 13.299226038922368, 0.0 ], [ 92.982893436833407, 13.298398848360842, 0.0 ], [ 92.984660573021955, 13.297674930161707, 0.0 ], [ 92.986279254050487, 13.295278774925457, 0.0 ], [ 92.990242162550445, 13.292877025930107, 0.0 ], [ 92.990550881329909, 13.291905147434186, 0.0 ], [ 92.986162147669248, 13.291504870315455, 0.0 ], [ 92.984291263651471, 13.287207446545727, 0.0 ], [ 92.981670660897976, 13.288288782007498, 0.0 ], [ 92.980629418332867, 13.28153225246264, 0.0 ], [ 92.978360073847838, 13.283811129764885, 0.0 ], [ 92.973860140695152, 13.281905620553152, 0.0 ], [ 92.981058439647157, 13.281247329751755, 0.0 ], [ 92.992507599447947, 13.292107628399926, 0.0 ], [ 92.994398134855317, 13.279772452494946, 0.0 ], [ 93.000000000248662, 13.280854286772865, 0.0 ], [ 92.997198286894815, 13.290186800590611, 0.0 ], [ 92.986359494875444, 13.299156647728474, 0.0 ], [ 92.995043545661574, 13.297118786389481, 0.0 ], [ 93.000843078590009, 13.298725625846146, 0.0 ], [ 93.002530086711303, 13.303907794420232, 0.0 ], [ 93.021008212910587, 13.296772379328477, 0.0 ], [ 93.012020754789049, 13.295588527923128, 0.0 ], [ 93.011092340857871, 13.276824894790042, 0.0 ], [ 93.025353318182269, 13.28257283756494, 0.0 ], [ 93.033553294447202, 13.277607028832714, 0.0 ], [ 93.045719338923917, 13.282747224940492, 0.0 ], [ 93.039741409540838, 13.269769291347371, 0.0 ], [ 93.043706904012126, 13.25426715884983, 0.0 ], [ 93.065801375968405, 13.273782455328355, 0.0 ], [ 93.031754383382975, 13.178583658627549, 0.0 ], [ 93.034326449906402, 13.081416800410155, 0.0 ], [ 93.003436807796163, 13.028155692449872, 0.0 ], [ 92.966413615839258, 13.029686497010426, 0.0 ], [ 92.974698778953339, 13.014243790082615, 0.0 ], [ 92.959639304564419, 13.014228009369054, 0.0 ], [ 92.93319581961741, 13.042238782087274, 0.0 ], [ 92.95673089871633, 13.065638090781183, 0.0 ], [ 92.937293828868661, 13.065449723815979, 0.0 ], [ 92.945585147723875, 13.0896568309069, 0.0 ], [ 92.939357350441696, 13.088570416634791, 0.0 ], [ 92.946141019640336, 13.123514376920671, 0.0 ], [ 92.944451681639364, 13.133907532852536, 0.0 ], [ 92.93975141043596, 13.140125361584895, 0.0 ], [ 92.940383134136781, 13.14073532814724, 0.0 ], [ 92.942096003399143, 13.139564885183784, 0.0 ], [ 92.94329251076978, 13.139750158461762, 0.0 ], [ 92.941222577373182, 13.145525000387565, 0.0 ], [ 92.939268730555327, 13.139981007859918, 0.0 ], [ 92.945698321674456, 13.123719662663765, 0.0 ], [ 92.933593522932753, 13.109292933552167, 0.0 ], [ 92.934551258214455, 13.060596960630452, 0.0 ], [ 92.928722902180624, 13.072536948414806, 0.0 ], [ 92.922592974642754, 13.05348940654777, 0.0 ], [ 92.912227562246812, 13.079982469160763, 0.0 ], [ 92.900874218665436, 13.081866494262945, 0.0 ], [ 92.898862266059353, 13.095513214698501, 0.0 ], [ 92.887114325361026, 13.093340056356864, 0.0 ], [ 92.892416747098693, 13.100755941685353, 0.0 ], [ 92.89229437008261, 13.103314669898724, 0.0 ], [ 92.87716883728794, 13.149908841706749, 0.0 ], [ 92.872991486916717, 13.149080906922356, 0.0 ], [ 92.888761981313465, 13.107926133270793, 0.0 ], [ 92.881487086109473, 13.108401364094881, 0.0 ], [ 92.873199186633812, 13.103462917642934, 0.0 ], [ 92.888967361916386, 13.107101508153651, 0.0 ], [ 92.885567956264751, 13.092300509133322, 0.0 ], [ 92.912138659767848, 13.066793125105608, 0.0 ], [ 92.895064859614678, 13.058662391180931, 0.0 ], [ 92.885780063023205, 13.045360776585479, 0.0 ], [ 92.858032525279796, 13.079901308882199, 0.0 ], [ 92.843589770694734, 13.050892510031321, 0.0 ], [ 92.860283890680194, 13.0655978198306, 0.0 ], [ 92.863556757846411, 13.043651288603423, 0.0 ], [ 92.870064638295219, 13.054799232335903, 0.0 ], [ 92.872580793529451, 13.043520886524506, 0.0 ], [ 92.886513163008416, 13.043903728804546, 0.0 ], [ 92.897097491891103, 13.0581498392276, 0.0 ], [ 92.914582400788703, 13.055531230522829, 0.0 ], [ 92.921107100695053, 13.039690215470275, 0.0 ], [ 92.908253046373929, 13.019395054931845, 0.0 ], [ 92.902194973673474, 13.022740116793949, 0.0 ], [ 92.896345092160189, 13.020077960274378, 0.0 ], [ 92.895336141074452, 13.01808297971751, 0.0 ], [ 92.910468340596196, 13.007516640621962, 0.0 ], [ 92.901589315008707, 13.00244385080225, 0.0 ], [ 92.901501265288232, 13.006365680023938, 0.0 ], [ 92.897745445046056, 13.008054971491525, 0.0 ], [ 92.899809681205994, 13.009677371548786, 0.0 ], [ 92.897671337644681, 13.011046109622416, 0.0 ], [ 92.896478044559274, 13.009509643419745, 0.0 ], [ 92.896583787630377, 13.011100094305155, 0.0 ], [ 92.894265928199999, 13.011110996380694, 0.0 ], [ 92.901416543928207, 13.002010072240342, 0.0 ], [ 92.912809438114479, 13.004828450450136, 0.0 ], [ 92.91838787718072, 12.987279359701304, 0.0 ], [ 92.933032094839021, 12.99129448865088, 0.0 ], [ 92.939381319629476, 12.968795991301102, 0.0 ], [ 92.910457680138649, 12.945305236724163, 0.0 ], [ 92.906131818403679, 12.98356633506426, 0.0 ], [ 92.896209659559716, 12.995313233144511, 0.0 ], [ 92.886203771843967, 12.982455571514238, 0.0 ], [ 92.890583659754043, 12.9973038119712, 0.0 ], [ 92.883046340874586, 13.00551292594905, 0.0 ], [ 92.87067336434238, 12.935591807238984, 0.0 ], [ 92.849419779933882, 12.945571095251337, 0.0 ], [ 92.854208303993929, 12.954725025893692, 0.0 ], [ 92.851278749717324, 12.961024279876018, 0.0 ], [ 92.840010922381481, 12.949912818202041, 0.0 ], [ 92.858837754311381, 12.917886334757904, 0.0 ], [ 92.84477473145364, 12.912634311383261, 0.0 ], [ 92.874941073193853, 12.908173238360931, 0.0 ], [ 92.868612401885969, 12.890458644011884, 0.0 ], [ 92.872815913496069, 12.88365505389325, 0.0 ], [ 92.842272693571047, 12.876923950142181, 0.0 ], [ 92.842600922186776, 12.89219446638482, 0.0 ], [ 92.838371312599008, 12.892762647167268, 0.0 ], [ 92.828781856496619, 12.886836416421618, 0.0 ], [ 92.809752798058497, 12.909194549439231, 0.0 ], [ 92.801363605669337, 12.899734888254805, 0.0 ], [ 92.789981166779583, 12.960932983553379, 0.0 ], [ 92.79937395128708, 12.991846929729158, 0.0 ], [ 92.822081808289255, 12.977166009793937, 0.0 ], [ 92.807021022945236, 12.9990147043407, 0.0 ], [ 92.822855752939262, 13.006505029497051, 0.0 ], [ 92.824663114105661, 12.998481589472654, 0.0 ], [ 92.841982200828198, 12.991375985022971, 0.0 ], [ 92.833108533224291, 13.004722285827038, 0.0 ], [ 92.822814216869602, 13.007399490614816, 0.0 ], [ 92.825959543582385, 13.016752518855036, 0.0 ], [ 92.829286635737034, 13.015238844737119, 0.0 ], [ 92.835314405102679, 13.018742544118021, 0.0 ], [ 92.837137313372352, 13.023066481504321, 0.0 ], [ 92.835033379905141, 13.019054310553217, 0.0 ], [ 92.831632510424967, 13.020446169014544, 0.0 ], [ 92.829203708909006, 13.016083712892357, 0.0 ], [ 92.826025736460323, 13.017669268028259, 0.0 ], [ 92.820480308535593, 13.012150583101603, 0.0 ], [ 92.818177373900895, 13.012319997287909, 0.0 ], [ 92.817629751433827, 13.015928050755845, 0.0 ], [ 92.815047201267461, 13.016691322696554, 0.0 ], [ 92.813556084117906, 13.022055500209099, 0.0 ], [ 92.812772786223789, 13.021846652926294, 0.0 ], [ 92.814312391353781, 13.006854937076165, 0.0 ], [ 92.787959301414105, 13.019546551135912, 0.0 ], [ 92.799231224873893, 13.04338927814454, 0.0 ], [ 92.791706006353749, 13.053349276786889, 0.0 ], [ 92.796763530158927, 13.067992142739866, 0.0 ], [ 92.792844295128518, 13.091982482274958, 0.0 ], [ 92.800819420986812, 13.091348514791161, 0.0 ], [ 92.797646597936662, 13.081475238190475, 0.0 ], [ 92.814124068661329, 13.072308461942971, 0.0 ], [ 92.805578513037872, 13.100916885644272, 0.0 ], [ 92.820577301418766, 13.091209386171386, 0.0 ], [ 92.829355274885799, 13.108919734597006, 0.0 ], [ 92.80847937815571, 13.127277126025346, 0.0 ], [ 92.823069814184251, 13.134800966053959, 0.0 ], [ 92.847218799294822, 13.118154295951372, 0.0 ], [ 92.848426545491463, 13.150223626103411, 0.0 ], [ 92.807927092877776, 13.15379018938885, 0.0 ], [ 92.814156473409696, 13.174734511622143, 0.0 ], [ 92.819335198916718, 13.162127431587923, 0.0 ], [ 92.826358856447214, 13.175019159980966, 0.0 ], [ 92.837164977852751, 13.161993586248881, 0.0 ], [ 92.844413815569894, 13.160865476740643, 0.0 ], [ 92.847245291842214, 13.161800525167958, 0.0 ], [ 92.848338301675327, 13.162780961996964, 0.0 ], [ 92.84867007075475, 13.16125355474732, 0.0 ], [ 92.849178914399786, 13.161115344180116, 0.0 ], [ 92.848287562509881, 13.162930094074001, 0.0 ], [ 92.837483195635514, 13.162196926606713, 0.0 ], [ 92.834602012192391, 13.175289938438683, 0.0 ], [ 92.815775076841632, 13.184135728737237, 0.0 ], [ 92.829980758546839, 13.212284910282662, 0.0 ] ] ], [ [ [ 92.839384273186141, 13.248872871959087, 0.0 ], [ 92.838692408346063, 13.248895584810931, 0.0 ], [ 92.839183686296678, 13.249155414444726, 0.0 ], [ 92.839384273186141, 13.248872871959087, 0.0 ] ] ], [ [ [ 92.840407700245578, 13.24937470005427, 0.0 ], [ 92.839510699695481, 13.249788699278868, 0.0 ], [ 92.840269699615732, 13.249995699815537, 0.0 ], [ 92.840407700245578, 13.24937470005427, 0.0 ] ] ], [ [ [ 92.813076499441578, 13.287305579271402, 0.0 ], [ 92.819223539971262, 13.285435807334517, 0.0 ], [ 92.816755648419459, 13.281616104834402, 0.0 ], [ 92.813076499441578, 13.287305579271402, 0.0 ] ] ], [ [ [ 92.799777537119084, 13.286443315523904, 0.0 ], [ 92.800326794302251, 13.28603218036951, 0.0 ], [ 92.800008545321646, 13.28551684068157, 0.0 ], [ 92.799777537119084, 13.286443315523904, 0.0 ] ] ], [ [ [ 92.793832700221927, 13.287462700118576, 0.0 ], [ 92.792728699383957, 13.287738699527681, 0.0 ], [ 92.793625700222918, 13.288083700095751, 0.0 ], [ 92.793832700221927, 13.287462700118576, 0.0 ] ] ], [ [ [ 92.817223699644558, 13.29850269953331, 0.0 ], [ 92.816119699729811, 13.298847699850272, 0.0 ], [ 92.816671699685742, 13.299123700229824, 0.0 ], [ 92.817223699644558, 13.29850269953331, 0.0 ] ] ], [ [ [ 92.829138675891528, 13.369318901754994, 0.0 ], [ 92.829618937090672, 13.368315614859677, 0.0 ], [ 92.829037296081921, 13.368369748899136, 0.0 ], [ 92.829138675891528, 13.369318901754994, 0.0 ] ] ], [ [ [ 92.810787076951058, 13.432025499940616, 0.0 ], [ 92.817576452412482, 13.403987073118742, 0.0 ], [ 92.806598493964017, 13.401159596249538, 0.0 ], [ 92.810787076951058, 13.432025499940616, 0.0 ] ] ], [ [ [ 92.846041825190397, 13.419693144317135, 0.0 ], [ 92.847228421427445, 13.419666153725773, 0.0 ], [ 92.846614396061284, 13.419241240187716, 0.0 ], [ 92.846041825190397, 13.419693144317135, 0.0 ] ] ], [ [ [ 92.861707579862426, 13.420797177672224, 0.0 ], [ 92.862266167436474, 13.422555354848763, 0.0 ], [ 92.862880304026874, 13.42132603169002, 0.0 ], [ 92.861707579862426, 13.420797177672224, 0.0 ] ] ], [ [ [ 92.841185107947041, 13.450466963308259, 0.0 ], [ 92.838031069158859, 13.420324891923078, 0.0 ], [ 92.820809188917963, 13.420615645190301, 0.0 ], [ 92.841185107947041, 13.450466963308259, 0.0 ] ] ], [ [ [ 92.869842406442842, 13.454057646338873, 0.0 ], [ 92.869306750797747, 13.453822614885025, 0.0 ], [ 92.869745430117391, 13.454224871956367, 0.0 ], [ 92.869842406442842, 13.454057646338873, 0.0 ] ] ], [ [ [ 92.870836699877259, 13.45451170002657, 0.0 ], [ 92.870491699786328, 13.455063700074589, 0.0 ], [ 92.871043699705524, 13.455063700053323, 0.0 ], [ 92.870836699877259, 13.45451170002657, 0.0 ] ] ], [ [ [ 92.865926297696831, 13.461863002880344, 0.0 ], [ 92.865058057673536, 13.463932977241164, 0.0 ], [ 92.867196157838876, 13.464204221232242, 0.0 ], [ 92.865926297696831, 13.461863002880344, 0.0 ] ] ], [ [ [ 92.868841220815625, 13.514338326814956, 0.0 ], [ 92.872513386921668, 13.501760038395684, 0.0 ], [ 92.865114038242254, 13.503133916300651, 0.0 ], [ 92.868841220815625, 13.514338326814956, 0.0 ] ] ], [ [ [ 92.905701845471967, 13.521558951521493, 0.0 ], [ 92.906380373253157, 13.520056190826734, 0.0 ], [ 92.905106115532377, 13.519968426845631, 0.0 ], [ 92.905701845471967, 13.521558951521493, 0.0 ] ] ], [ [ [ 92.907150266369896, 13.538181752619334, 0.0 ], [ 92.906299032571226, 13.529278111148816, 0.0 ], [ 92.902797875564687, 13.531574561518589, 0.0 ], [ 92.907150266369896, 13.538181752619334, 0.0 ] ] ], [ [ [ 92.87359428952476, 13.541185297235435, 0.0 ], [ 92.877640944617596, 13.537818073059677, 0.0 ], [ 92.875405085384443, 13.535287090790789, 0.0 ], [ 92.87359428952476, 13.541185297235435, 0.0 ] ] ], [ [ [ 92.914390060367055, 13.544196307402661, 0.0 ], [ 92.915281129813636, 13.541308085923548, 0.0 ], [ 92.913031564098048, 13.54223499903164, 0.0 ], [ 92.914390060367055, 13.544196307402661, 0.0 ] ] ], [ [ [ 92.904534543716451, 13.598271307307634, 0.0 ], [ 92.888711758187469, 13.574702625396061, 0.0 ], [ 92.880062843926581, 13.577527873359859, 0.0 ], [ 92.88538652132948, 13.597608489390749, 0.0 ], [ 92.904534543716451, 13.598271307307634, 0.0 ] ] ], [ [ [ 93.049480330142018, 8.442622758560155, 0.0 ], [ 93.049711963238181, 8.442446526266856, 0.0 ], [ 93.049507641281551, 8.442360530715941, 0.0 ], [ 93.049480330142018, 8.442622758560155, 0.0 ] ] ], [ [ [ 93.049843489611732, 8.443016185504119, 0.0 ], [ 93.049566526023114, 8.443205992328162, 0.0 ], [ 93.049816254092732, 8.44316082475552, 0.0 ], [ 93.049843489611732, 8.443016185504119, 0.0 ] ] ], [ [ [ 93.050152224213875, 8.443337256488112, 0.0 ], [ 93.050224790098099, 8.443893354914808, 0.0 ], [ 93.05038834099885, 8.443409588884704, 0.0 ], [ 93.050152224213875, 8.443337256488112, 0.0 ] ] ], [ [ [ 93.04997949855229, 8.444530812745244, 0.0 ], [ 93.049716083807454, 8.444833684782285, 0.0 ], [ 93.050047563686178, 8.444698143117945, 0.0 ], [ 93.04997949855229, 8.444530812745244, 0.0 ] ] ], [ [ [ 93.050097527869255, 8.444689091294144, 0.0 ], [ 93.050088315748198, 8.445114042460409, 0.0 ], [ 93.05032903756107, 8.444955899103736, 0.0 ], [ 93.050097527869255, 8.444689091294144, 0.0 ] ] ], [ [ [ 93.049661460494463, 8.445344572931234, 0.0 ], [ 93.049806776221615, 8.445050761392652, 0.0 ], [ 93.049684224592468, 8.445046163392544, 0.0 ], [ 93.049661460494463, 8.445344572931234, 0.0 ] ] ], [ [ [ 93.049516054504338, 8.44564742972384, 0.0 ], [ 93.049724918840596, 8.445724378554903, 0.0 ], [ 93.04968863765265, 8.44545763593044, 0.0 ], [ 93.049516054504338, 8.44564742972384, 0.0 ] ] ], [ [ [ 93.033385059752845, 8.47317819536692, 0.0 ], [ 93.047728025187794, 8.440506453759888, 0.0 ], [ 93.026552632530013, 8.447392064821624, 0.0 ], [ 93.033385059752845, 8.47317819536692, 0.0 ] ] ], [ [ [ 93.014243992367511, 11.850004182275342, 0.0 ], [ 93.031218674894177, 11.837389599343643, 0.0 ], [ 93.062412146897685, 11.845313051796637, 0.0 ], [ 93.071528060039114, 11.83411361853938, 0.0 ], [ 93.042308980172891, 11.809868979007305, 0.0 ], [ 93.013766219390661, 11.828265917309567, 0.0 ], [ 93.014243992367511, 11.850004182275342, 0.0 ] ] ], [ [ [ 93.072413773431094, 11.833648196928042, 0.0 ], [ 93.071661206737474, 11.833869591589327, 0.0 ], [ 93.072248429295755, 11.834339794521043, 0.0 ], [ 93.072413773431094, 11.833648196928042, 0.0 ] ] ], [ [ [ 93.07164673047491, 11.837508421971236, 0.0 ], [ 93.071210428843898, 11.839149201456641, 0.0 ], [ 93.071880736292883, 11.837467758027644, 0.0 ], [ 93.07164673047491, 11.837508421971236, 0.0 ] ] ], [ [ [ 92.995490480332009, 11.945855873703231, 0.0 ], [ 92.994833783534673, 11.946660727429828, 0.0 ], [ 92.995554755096606, 11.946828042864695, 0.0 ], [ 92.995490480332009, 11.945855873703231, 0.0 ] ] ], [ [ [ 92.964666722742479, 12.049424598882837, 0.0 ], [ 92.974997268301593, 12.01617033557296, 0.0 ], [ 92.972962133728842, 12.04315854050432, 0.0 ], [ 93.014783618748467, 12.02729771465938, 0.0 ], [ 93.007104254971466, 12.002990604817088, 0.0 ], [ 93.054086782074137, 11.90278642844596, 0.0 ], [ 93.044104553770538, 11.883717332241568, 0.0 ], [ 93.025437742457356, 11.885777197477958, 0.0 ], [ 92.992334043117495, 11.934518968517152, 0.0 ], [ 93.004284168507539, 11.947945088322271, 0.0 ], [ 93.009409634557002, 11.942721845246343, 0.0 ], [ 93.012806205840619, 11.943812528381766, 0.0 ], [ 93.01473516336489, 11.941756592565232, 0.0 ], [ 93.014488164527137, 11.939360821093301, 0.0 ], [ 93.015379239905059, 11.938267242908305, 0.0 ], [ 93.014936961926011, 11.942145449312228, 0.0 ], [ 93.012897880396253, 11.944129044160603, 0.0 ], [ 93.008922624622855, 11.943666355496514, 0.0 ], [ 93.009972588364846, 11.946632020509949, 0.0 ], [ 93.004683330653293, 11.948338561577371, 0.0 ], [ 93.001598731025737, 11.947514469356232, 0.0 ], [ 93.00839901431857, 11.95511136176027, 0.0 ], [ 93.008518071608307, 11.955875345489179, 0.0 ], [ 93.006937812015238, 11.958220708596857, 0.0 ], [ 92.975086997543059, 11.945546063700668, 0.0 ], [ 92.958442953933528, 11.980949582083923, 0.0 ], [ 92.922950858010083, 11.998442292483587, 0.0 ], [ 92.949422681217968, 12.01379499172965, 0.0 ], [ 92.964666722742479, 12.049424598882837, 0.0 ] ] ], [ [ [ 92.971411384310883, 12.036428143915819, 0.0 ], [ 92.972005932382046, 12.035804300008166, 0.0 ], [ 92.971310158317081, 12.035399813306139, 0.0 ], [ 92.971411384310883, 12.036428143915819, 0.0 ] ] ], [ [ [ 92.989649519758615, 12.036886305895887, 0.0 ], [ 92.989606118450027, 12.03800062801481, 0.0 ], [ 92.9902189994868, 12.037462567397522, 0.0 ], [ 92.989649519758615, 12.036886305895887, 0.0 ] ] ], [ [ [ 92.977478540795303, 12.041946571397293, 0.0 ], [ 92.977570407326297, 12.04200753070479, 0.0 ], [ 92.977627740293471, 12.041935188171934, 0.0 ], [ 92.977478540795303, 12.041946571397293, 0.0 ] ] ], [ [ [ 92.977269602500414, 12.04223133049455, 0.0 ], [ 92.977269678913103, 12.042425672691593, 0.0 ], [ 92.977347691032946, 12.042267510523384, 0.0 ], [ 92.977269602500414, 12.04223133049455, 0.0 ] ] ], [ [ [ 92.976798929092425, 12.042450595425628, 0.0 ], [ 92.976897695466349, 12.042394082428931, 0.0 ], [ 92.976798935611995, 12.042369295812833, 0.0 ], [ 92.976798929092425, 12.042450595425628, 0.0 ] ] ], [ [ [ 92.97630069355678, 12.042665425450204, 0.0 ], [ 92.9761446000809, 12.042710630002837, 0.0 ], [ 92.976181344290254, 12.042758110264263, 0.0 ], [ 92.97630069355678, 12.042665425450204, 0.0 ] ] ], [ [ [ 92.97570369904615, 12.042828247507495, 0.0 ], [ 92.97587595428088, 12.04288017068229, 0.0 ], [ 92.975892041088144, 12.042767219921693, 0.0 ], [ 92.97570369904615, 12.042828247507495, 0.0 ] ] ], [ [ [ 92.974371933240789, 12.042814839229147, 0.0 ], [ 92.97433067357133, 12.042916574085103, 0.0 ], [ 92.974432663478069, 12.042860070762885, 0.0 ], [ 92.974371933240789, 12.042814839229147, 0.0 ] ] ], [ [ [ 92.975200883577429, 12.042875773002248, 0.0 ], [ 92.975247485185434, 12.042917432561756, 0.0 ], [ 92.975258088987303, 12.042861093869522, 0.0 ], [ 92.975200883577429, 12.042875773002248, 0.0 ] ] ], [ [ [ 92.977721659393737, 12.042481517714171, 0.0 ], [ 92.977742831344628, 12.043411073307762, 0.0 ], [ 92.978114761029346, 12.042965715869959, 0.0 ], [ 92.977721659393737, 12.042481517714171, 0.0 ] ] ], [ [ [ 92.974844651435376, 12.043045499544364, 0.0 ], [ 92.974890888331586, 12.043110874076939, 0.0 ], [ 92.974927605464401, 12.04301206281561, 0.0 ], [ 92.974844651435376, 12.043045499544364, 0.0 ] ] ], [ [ [ 92.978509700315144, 12.043187217051452, 0.0 ], [ 92.978716401893948, 12.043309226681732, 0.0 ], [ 92.978534968243309, 12.043135219154211, 0.0 ], [ 92.978509700315144, 12.043187217051452, 0.0 ] ] ], [ [ [ 92.978351230119117, 12.043078684855168, 0.0 ], [ 92.978174510736537, 12.043734134140687, 0.0 ], [ 92.97859932293288, 12.043770248488011, 0.0 ], [ 92.978351230119117, 12.043078684855168, 0.0 ] ] ], [ [ [ 92.978801443785656, 12.043727307405128, 0.0 ], [ 92.978934571528484, 12.043645926441116, 0.0 ], [ 92.978860516453565, 12.043604732721951, 0.0 ], [ 92.978801443785656, 12.043727307405128, 0.0 ] ] ], [ [ [ 92.978254965035447, 12.044059610606173, 0.0 ], [ 92.978312392199172, 12.043962398534145, 0.0 ], [ 92.978254972823379, 12.043957872836909, 0.0 ], [ 92.978254965035447, 12.044059610606173, 0.0 ] ] ], [ [ [ 92.978847356166625, 12.044034693765781, 0.0 ], [ 92.978624659360406, 12.04403467759769, 0.0 ], [ 92.978691247927131, 12.044285545192443, 0.0 ], [ 92.978847356166625, 12.044034693765781, 0.0 ] ] ], [ [ [ 92.967203529881658, 12.065132016932711, 0.0 ], [ 92.970585880218437, 12.063282927161413, 0.0 ], [ 92.968059765260463, 12.062582523736562, 0.0 ], [ 92.967203529881658, 12.065132016932711, 0.0 ] ] ], [ [ [ 92.964707542911682, 12.066601354988906, 0.0 ], [ 92.964009236921441, 12.064646459808685, 0.0 ], [ 92.961520198356723, 12.066269415960662, 0.0 ], [ 92.964707542911682, 12.066601354988906, 0.0 ] ] ], [ [ [ 93.009222971725734, 12.066503014577465, 0.0 ], [ 93.01266856935375, 12.066676198303588, 0.0 ], [ 93.011860660229758, 12.065007386287139, 0.0 ], [ 93.009222971725734, 12.066503014577465, 0.0 ] ] ], [ [ [ 93.009970433943479, 12.069899088466945, 0.0 ], [ 93.008242884626128, 12.070138043950076, 0.0 ], [ 93.008536636291737, 12.070816413257639, 0.0 ], [ 93.009970433943479, 12.069899088466945, 0.0 ] ] ], [ [ [ 93.005333784682591, 12.072280124520406, 0.0 ], [ 93.006451756419978, 12.068622553990089, 0.0 ], [ 93.004149455414492, 12.069955492420739, 0.0 ], [ 93.005333784682591, 12.072280124520406, 0.0 ] ] ], [ [ [ 93.052322909926502, 12.073164756536515, 0.0 ], [ 93.053448589363896, 12.072911838301392, 0.0 ], [ 93.053352245021259, 12.072405386482391, 0.0 ], [ 93.052322909926502, 12.073164756536515, 0.0 ] ] ], [ [ [ 93.05403635775761, 12.074060494017024, 0.0 ], [ 93.054408707506269, 12.073278341523276, 0.0 ], [ 93.053682722625098, 12.073576583867046, 0.0 ], [ 93.05403635775761, 12.074060494017024, 0.0 ] ] ], [ [ [ 93.076760935897084, 12.076840340435011, 0.0 ], [ 93.077312337438059, 12.076383739262745, 0.0 ], [ 93.076701268238764, 12.076478597618459, 0.0 ], [ 93.076760935897084, 12.076840340435011, 0.0 ] ] ], [ [ [ 92.957888383659352, 12.108549529967325, 0.0 ], [ 93.005027574046892, 12.100635363493282, 0.0 ], [ 92.99414217896441, 12.043683860224489, 0.0 ], [ 92.974924208299001, 12.067221710569054, 0.0 ], [ 92.956438842698915, 12.073072804925177, 0.0 ], [ 92.971771520344518, 12.086588987130602, 0.0 ], [ 92.957514630580079, 12.087182552527675, 0.0 ], [ 92.957888383659352, 12.108549529967325, 0.0 ] ] ], [ [ [ 93.033854052408316, 12.104760564412004, 0.0 ], [ 93.033873030842116, 12.10290216862203, 0.0 ], [ 93.033192329104068, 12.104950267513606, 0.0 ], [ 93.033854052408316, 12.104760564412004, 0.0 ] ] ], [ [ [ 93.028554454512189, 12.163558392317718, 0.0 ], [ 93.023741312891048, 12.141473051354838, 0.0 ], [ 93.033823545324367, 12.099619428335146, 0.0 ], [ 93.053797808241868, 12.07818774070155, 0.0 ], [ 93.050500420482152, 12.072797100513405, 0.0 ], [ 93.053197466192671, 12.05378414108854, 0.0 ], [ 93.043438404775941, 12.04264470751443, 0.0 ], [ 93.005065390778398, 12.076760988042384, 0.0 ], [ 93.007194487265835, 12.104990615311221, 0.0 ], [ 93.00594795917111, 12.1080783979187, 0.0 ], [ 92.999563136932281, 12.109762310920331, 0.0 ], [ 92.999485509863263, 12.110163541619038, 0.0 ], [ 93.001609092138182, 12.110907131640889, 0.0 ], [ 93.002807895883734, 12.112019970021693, 0.0 ], [ 93.003793450312202, 12.117482547559389, 0.0 ], [ 92.995348485657559, 12.131670123364593, 0.0 ], [ 93.028554454512189, 12.163558392317718, 0.0 ] ] ], [ [ [ 93.001311380381182, 12.108736608507815, 0.0 ], [ 92.999137716181082, 12.107338265847293, 0.0 ], [ 92.998122305989853, 12.107893791798153, 0.0 ], [ 93.001311380381182, 12.108736608507815, 0.0 ] ] ], [ [ [ 92.991329047648804, 12.109751781974841, 0.0 ], [ 92.992078123877832, 12.111514523372763, 0.0 ], [ 92.992525690867197, 12.109875885672425, 0.0 ], [ 92.991329047648804, 12.109751781974841, 0.0 ] ] ], [ [ [ 92.977725336353018, 12.109374513190978, 0.0 ], [ 92.975814826971359, 12.111878906596456, 0.0 ], [ 92.976550607785711, 12.112190284535254, 0.0 ], [ 92.977725336353018, 12.109374513190978, 0.0 ] ] ], [ [ [ 92.97315138749822, 12.116340594787612, 0.0 ], [ 92.97231272715932, 12.115443556136631, 0.0 ], [ 92.972078576158196, 12.116352205434669, 0.0 ], [ 92.97315138749822, 12.116340594787612, 0.0 ] ] ], [ [ [ 92.960576396565756, 12.118016812884543, 0.0 ], [ 92.962588112223443, 12.113970494183651, 0.0 ], [ 92.959373322076942, 12.1192023034529, 0.0 ], [ 92.960576396565756, 12.118016812884543, 0.0 ] ] ], [ [ [ 92.960705128846371, 12.119415829592089, 0.0 ], [ 92.960344693920916, 12.120785479017393, 0.0 ], [ 92.961012977244479, 12.119474562918777, 0.0 ], [ 92.960705128846371, 12.119415829592089, 0.0 ] ] ], [ [ [ 92.956164295378812, 12.127245720104316, 0.0 ], [ 92.957320012345022, 12.124038007996296, 0.0 ], [ 92.956389742164333, 12.12330807263897, 0.0 ], [ 92.956164295378812, 12.127245720104316, 0.0 ] ] ], [ [ [ 92.990746337939427, 12.158398918307368, 0.0 ], [ 92.989921546450546, 12.157906395435152, 0.0 ], [ 92.989604618764659, 12.158469238660819, 0.0 ], [ 92.988182207070011, 12.156146149414598, 0.0 ], [ 92.989174101694303, 12.153578526325727, 0.0 ], [ 92.991907990014681, 12.155243658140288, 0.0 ], [ 92.991990963875097, 12.145362512460416, 0.0 ], [ 92.994398360083323, 12.156280522174328, 0.0 ], [ 92.997842606836656, 12.145949099231469, 0.0 ], [ 92.993174271991919, 12.136120746486545, 0.0 ], [ 93.000970362498975, 12.110970161476937, 0.0 ], [ 92.96507815460221, 12.118018663765136, 0.0 ], [ 92.95424762494612, 12.135743989666395, 0.0 ], [ 92.956603062309483, 12.149964389346458, 0.0 ], [ 92.975916014651261, 12.143941395673775, 0.0 ], [ 92.987794554822173, 12.146678717719629, 0.0 ], [ 92.988402181565149, 12.152927742715891, 0.0 ], [ 92.986112712859509, 12.157120655221579, 0.0 ], [ 92.990257405935395, 12.160202585776688, 0.0 ], [ 92.990746337939427, 12.158398918307368, 0.0 ] ] ], [ [ [ 93.074412874069083, 12.078739058034371, 0.0 ], [ 93.047980778964245, 12.114083747058139, 0.0 ], [ 93.068445626288849, 12.121481233589222, 0.0 ], [ 93.035274403024701, 12.132089883350034, 0.0 ], [ 93.069131473241669, 12.212230599032456, 0.0 ], [ 93.08793406936428, 12.195141659990041, 0.0 ], [ 93.076261663326164, 12.179730361712878, 0.0 ], [ 93.091906755402064, 12.18188015706953, 0.0 ], [ 93.084528963733433, 12.119340513375002, 0.0 ], [ 93.096575641532993, 12.138902445254892, 0.0 ], [ 93.101589984715133, 12.128769824497038, 0.0 ], [ 93.097075947567575, 12.092808790958914, 0.0 ], [ 93.074412874069083, 12.078739058034371, 0.0 ] ] ], [ [ [ 93.004165370623411, 12.1500024140856, 0.0 ], [ 93.005953280660378, 12.149528384408317, 0.0 ], [ 93.005002664511991, 12.147940893236473, 0.0 ], [ 93.004165370623411, 12.1500024140856, 0.0 ] ] ], [ [ [ 92.987386490070151, 12.150923258128909, 0.0 ], [ 92.988100887535509, 12.15105640471697, 0.0 ], [ 92.987786032904935, 12.150493719005787, 0.0 ], [ 92.987386490070151, 12.150923258128909, 0.0 ] ] ], [ [ [ 93.007321529828488, 12.152504186616531, 0.0 ], [ 93.006632344651351, 12.152106000666963, 0.0 ], [ 93.005639450763994, 12.152634624364476, 0.0 ], [ 93.007321529828488, 12.152504186616531, 0.0 ] ] ], [ [ [ 92.984557004657077, 12.154298080598197, 0.0 ], [ 92.985244354216576, 12.156894803557952, 0.0 ], [ 92.985809345838149, 12.156517273320736, 0.0 ], [ 92.984557004657077, 12.154298080598197, 0.0 ] ] ], [ [ [ 93.014346731634447, 12.156594525328622, 0.0 ], [ 93.012256037632227, 12.155653217565334, 0.0 ], [ 93.013464111275113, 12.157182000089119, 0.0 ], [ 93.014346731634447, 12.156594525328622, 0.0 ] ] ], [ [ [ 93.013155760155158, 12.158271597328595, 0.0 ], [ 93.012167804428145, 12.157923047479557, 0.0 ], [ 93.012167476544562, 12.158736943197113, 0.0 ], [ 93.013155760155158, 12.158271597328595, 0.0 ] ] ], [ [ [ 93.01494568841828, 12.16446693103099, 0.0 ], [ 93.015749992039432, 12.16441297604255, 0.0 ], [ 93.015161899481171, 12.163947024447435, 0.0 ], [ 93.01494568841828, 12.16446693103099, 0.0 ] ] ], [ [ [ 93.018761476104913, 12.223402180535221, 0.0 ], [ 93.02070494832688, 12.224433513636477, 0.0 ], [ 93.019974682462021, 12.223244471929378, 0.0 ], [ 93.018761476104913, 12.223402180535221, 0.0 ] ] ], [ [ [ 93.028213916193963, 12.275930119603663, 0.0 ], [ 93.020457711033785, 12.275104369384813, 0.0 ], [ 93.028764212222427, 12.279950015248462, 0.0 ], [ 93.028213916193963, 12.275930119603663, 0.0 ] ] ], [ [ [ 93.072069491973579, 12.315094402161968, 0.0 ], [ 93.061253774316185, 12.3152775365396, 0.0 ], [ 93.07327398884334, 12.31672691873184, 0.0 ], [ 93.072069491973579, 12.315094402161968, 0.0 ] ] ], [ [ [ 92.968344036485931, 12.741480345927819, 0.0 ], [ 92.968817980162768, 12.740577039630528, 0.0 ], [ 92.968403515620579, 12.740404636895502, 0.0 ], [ 92.968344036485931, 12.741480345927819, 0.0 ] ] ], [ [ [ 92.96711981380983, 12.74313047031648, 0.0 ], [ 92.968334954495035, 12.741841925229471, 0.0 ], [ 92.968123131781098, 12.741796804367128, 0.0 ], [ 92.96711981380983, 12.74313047031648, 0.0 ] ] ], [ [ [ 92.96047909374964, 12.755260048901137, 0.0 ], [ 92.9605989043758, 12.755888356961755, 0.0 ], [ 92.96077380399025, 12.755287107408023, 0.0 ], [ 92.96047909374964, 12.755260048901137, 0.0 ] ] ], [ [ [ 92.958895354299784, 12.757529336874118, 0.0 ], [ 92.958738617203949, 12.756729300966043, 0.0 ], [ 92.958457842251164, 12.757529394067323, 0.0 ], [ 92.958895354299784, 12.757529336874118, 0.0 ] ] ], [ [ [ 93.007847351291701, 12.998306697407724, 0.0 ], [ 92.981391942445853, 12.967904944204262, 0.0 ], [ 92.978593818096726, 12.927955535412893, 0.0 ], [ 92.968046460572083, 12.94247857257427, 0.0 ], [ 92.95320473282527, 12.934275204476227, 0.0 ], [ 92.95730348011439, 12.948961318121988, 0.0 ], [ 92.972590131207866, 12.946385933454772, 0.0 ], [ 92.953711760552764, 12.957923315991239, 0.0 ], [ 92.957831784151267, 12.989490043649283, 0.0 ], [ 92.972002707465137, 12.970253729197735, 0.0 ], [ 92.984443703109633, 12.994449321023847, 0.0 ], [ 93.007847351291701, 12.998306697407724, 0.0 ] ] ], [ [ [ 92.976975933782995, 12.987324271553808, 0.0 ], [ 92.97800984665318, 12.986606570835873, 0.0 ], [ 92.977227713740945, 12.986176377138687, 0.0 ], [ 92.976975933782995, 12.987324271553808, 0.0 ] ] ], [ [ [ 92.973935200471203, 12.993740500155235, 0.0 ], [ 92.973786800320866, 12.993699700055029, 0.0 ], [ 92.973852000472647, 12.993826000565774, 0.0 ], [ 92.973935200471203, 12.993740500155235, 0.0 ] ] ], [ [ [ 92.973274876827617, 12.993932238724756, 0.0 ], [ 92.973346513797907, 12.994490357587864, 0.0 ], [ 92.973523847118841, 12.994203345725003, 0.0 ], [ 92.973274876827617, 12.993932238724756, 0.0 ] ] ], [ [ [ 92.970519623694301, 12.999291150612651, 0.0 ], [ 92.970166987689737, 12.999406433729886, 0.0 ], [ 92.970309914278758, 12.999598506052507, 0.0 ], [ 92.970519623694301, 12.999291150612651, 0.0 ] ] ], [ [ [ 92.986681414935802, 13.001411415034871, 0.0 ], [ 92.987427283936668, 12.997973688941826, 0.0 ], [ 92.985210378249818, 12.998626377731442, 0.0 ], [ 92.986681414935802, 13.001411415034871, 0.0 ] ] ], [ [ [ 93.061139743394278, 13.221096964185366, 0.0 ], [ 93.055713303780607, 13.224937492880144, 0.0 ], [ 93.056815360757625, 13.227328735116792, 0.0 ], [ 93.061139743394278, 13.221096964185366, 0.0 ] ] ], [ [ [ 93.059041313879163, 13.227549623787436, 0.0 ], [ 93.061039338537512, 13.225511619913533, 0.0 ], [ 93.060282881851037, 13.224788262100358, 0.0 ], [ 93.059041313879163, 13.227549623787436, 0.0 ] ] ], [ [ [ 93.061832536341512, 13.227259711163748, 0.0 ], [ 93.061832536414428, 13.225726183859837, 0.0 ], [ 93.061534985652827, 13.227397041567489, 0.0 ], [ 93.061832536341512, 13.227259711163748, 0.0 ] ] ], [ [ [ 93.049233411199396, 13.263686648232982, 0.0 ], [ 93.04819056133914, 13.262723308964182, 0.0 ], [ 93.048259475888159, 13.263754177831178, 0.0 ], [ 93.049233411199396, 13.263686648232982, 0.0 ] ] ], [ [ [ 93.067843135050808, 13.267159272118091, 0.0 ], [ 93.067898647519783, 13.266625775114539, 0.0 ], [ 93.067584777953144, 13.266616662553636, 0.0 ], [ 93.067843135050808, 13.267159272118091, 0.0 ] ] ], [ [ [ 93.069694700240689, 13.266900700010101, 0.0 ], [ 93.069487700335458, 13.267935699743266, 0.0 ], [ 93.069901699825337, 13.268073699654062, 0.0 ], [ 93.069694700240689, 13.266900700010101, 0.0 ] ] ], [ [ [ 93.068470851634459, 13.267281484831857, 0.0 ], [ 93.068060005386613, 13.26746676537863, 0.0 ], [ 93.06839231332394, 13.267588913194629, 0.0 ], [ 93.068470851634459, 13.267281484831857, 0.0 ] ] ], [ [ [ 93.068179857805788, 13.268149503156572, 0.0 ], [ 93.06782914539555, 13.267774160115463, 0.0 ], [ 93.067847549713591, 13.268027355457395, 0.0 ], [ 93.068179857805788, 13.268149503156572, 0.0 ] ] ], [ [ [ 93.068498177715654, 13.268891059427864, 0.0 ], [ 93.068184329273947, 13.268777959044074, 0.0 ], [ 93.068327361177879, 13.269031181485852, 0.0 ], [ 93.068498177715654, 13.268891059427864, 0.0 ] ] ], [ [ [ 93.070999083021988, 13.272829614017116, 0.0 ], [ 93.070722153547706, 13.272725567066944, 0.0 ], [ 93.070865197427906, 13.272942617671571, 0.0 ], [ 93.070999083021988, 13.272829614017116, 0.0 ] ] ], [ [ [ 93.070505169583072, 13.272897328387783, 0.0 ], [ 93.070408178676786, 13.273155020033542, 0.0 ], [ 93.070542054929774, 13.273082707833005, 0.0 ], [ 93.070505169583072, 13.272897328387783, 0.0 ] ] ], [ [ [ 93.070112731405715, 13.273295116642251, 0.0 ], [ 93.069817363512428, 13.273073511690633, 0.0 ], [ 93.069914233192591, 13.273362892826484, 0.0 ], [ 93.070112731405715, 13.273295116642251, 0.0 ] ] ], [ [ [ 93.071086717227089, 13.273137078324778, 0.0 ], [ 93.070952766993102, 13.273548484125783, 0.0 ], [ 93.071077380936657, 13.273616329510093, 0.0 ], [ 93.071086717227089, 13.273137078324778, 0.0 ] ] ], [ [ [ 93.070505039806406, 13.273485092899222, 0.0 ], [ 93.070694237655189, 13.27372928019409, 0.0 ], [ 93.070657364092185, 13.273485124797217, 0.0 ], [ 93.070505039806406, 13.273485092899222, 0.0 ] ] ], [ [ [ 93.071783584723335, 13.273747592501456, 0.0 ], [ 93.071372729522025, 13.273932879293017, 0.0 ], [ 93.07170504850572, 13.274055021655455, 0.0 ], [ 93.071783584723335, 13.273747592501456, 0.0 ] ] ], [ [ [ 93.07043566753994, 13.274090926904559, 0.0 ], [ 93.070066440535584, 13.273887391216304, 0.0 ], [ 93.070311004897377, 13.274240101274636, 0.0 ], [ 93.07043566753994, 13.274090926904559, 0.0 ] ] ], [ [ [ 93.071178803506399, 13.27420411469762, 0.0 ], [ 93.070864946226806, 13.27409101690762, 0.0 ], [ 93.071007983606904, 13.274344237634017, 0.0 ], [ 93.071178803506399, 13.27420411469762, 0.0 ] ] ], [ [ [ 93.070647782824494, 13.27507208434727, 0.0 ], [ 93.07070329176922, 13.274538587456433, 0.0 ], [ 93.070389411305257, 13.274529479219753, 0.0 ], [ 93.070647782824494, 13.27507208434727, 0.0 ] ] ], [ [ [ 93.032194982235239, 13.280834719847538, 0.0 ], [ 93.032634033083141, 13.279428767160645, 0.0 ], [ 93.031248844124931, 13.280445548157701, 0.0 ], [ 93.032194982235239, 13.280834719847538, 0.0 ] ] ], [ [ [ 93.01650786003303, 13.285015247858155, 0.0 ], [ 93.013789475323733, 13.283897330802267, 0.0 ], [ 93.013825526694291, 13.285836967098284, 0.0 ], [ 93.01650786003303, 13.285015247858155, 0.0 ] ] ], [ [ [ 93.021392251994953, 13.294674673225209, 0.0 ], [ 93.021027699012052, 13.294358037648935, 0.0 ], [ 93.021050638329768, 13.294692619611642, 0.0 ], [ 93.021392251994953, 13.294674673225209, 0.0 ] ] ], [ [ [ 93.049177280351159, 13.296108578787875, 0.0 ], [ 93.046408410461027, 13.293218666512047, 0.0 ], [ 93.044686234203283, 13.294167597044385, 0.0 ], [ 93.049177280351159, 13.296108578787875, 0.0 ] ] ], [ [ [ 93.021826003252514, 13.295104367331561, 0.0 ], [ 93.021447417581214, 13.295221767599488, 0.0 ], [ 93.021895160420385, 13.295312372753303, 0.0 ], [ 93.021826003252514, 13.295104367331561, 0.0 ] ] ], [ [ [ 93.07585973011841, 13.295459467469065, 0.0 ], [ 93.075578075666414, 13.295762337966034, 0.0 ], [ 93.075771951976748, 13.295807587243965, 0.0 ], [ 93.07585973011841, 13.295459467469065, 0.0 ] ] ], [ [ [ 93.076053483382935, 13.296128649739227, 0.0 ], [ 93.076450544003492, 13.295834843114875, 0.0 ], [ 93.076067441663767, 13.295572537711074, 0.0 ], [ 93.076053483382935, 13.296128649739227, 0.0 ] ] ], [ [ [ 93.077595408326189, 13.295735587327801, 0.0 ], [ 93.077387621508876, 13.296011345357853, 0.0 ], [ 93.077521491918844, 13.296024934206438, 0.0 ], [ 93.077595408326189, 13.295735587327801, 0.0 ] ] ], [ [ [ 93.076958329687002, 13.295880150495563, 0.0 ], [ 93.0767043955438, 13.296069995153415, 0.0 ], [ 93.076838252288653, 13.296155923677558, 0.0 ], [ 93.076958329687002, 13.295880150495563, 0.0 ] ] ], [ [ [ 93.076053483382935, 13.296128649739227, 0.0 ], [ 93.075651881686412, 13.296038147780619, 0.0 ], [ 93.075873417992526, 13.296273295122328, 0.0 ], [ 93.076053483382935, 13.296128649739227, 0.0 ] ] ], [ [ [ 93.077701492290359, 13.296214859228229, 0.0 ], [ 93.077433706849092, 13.296418266505427, 0.0 ], [ 93.077641427457081, 13.296490644550047, 0.0 ], [ 93.077701492290359, 13.296214859228229, 0.0 ] ] ], [ [ [ 93.076113407049434, 13.296576264511712, 0.0 ], [ 93.076053460847419, 13.296241680980648, 0.0 ], [ 93.075933378822441, 13.296535539539333, 0.0 ], [ 93.076113407049434, 13.296576264511712, 0.0 ] ] ], [ [ [ 92.984005496875312, 13.298167863375681, 0.0 ], [ 92.98396469704727, 13.299790455916764, 0.0 ], [ 92.985095425833123, 13.30000690917511, 0.0 ], [ 92.984005496875312, 13.298167863375681, 0.0 ] ] ], [ [ [ 93.007258488970919, 13.320801398600999, 0.0 ], [ 93.012463768028141, 13.306005689832947, 0.0 ], [ 93.011422683185302, 13.301144884710915, 0.0 ], [ 93.002151339807028, 13.304300961670741, 0.0 ], [ 92.994868418197427, 13.297588919664507, 0.0 ], [ 93.007258488970919, 13.320801398600999, 0.0 ] ] ], [ [ [ 93.021559111154488, 13.315029414544096, 0.0 ], [ 93.021702097924575, 13.315341438255402, 0.0 ], [ 93.021859191950625, 13.315038577646376, 0.0 ], [ 93.021559111154488, 13.315029414544096, 0.0 ] ] ], [ [ [ 93.015487974737269, 13.325850756837804, 0.0 ], [ 93.02028678378673, 13.321467153082729, 0.0 ], [ 93.020322928551096, 13.312474407540053, 0.0 ], [ 93.023136482091132, 13.307583548224638, 0.0 ], [ 93.021200060383705, 13.301601156143553, 0.0 ], [ 93.015487974737269, 13.325850756837804, 0.0 ] ] ], [ [ [ 93.022320606331917, 13.315644610463266, 0.0 ], [ 93.022177343496708, 13.315992688382606, 0.0 ], [ 93.022366685350846, 13.31585712683759, 0.0 ], [ 93.022320606331917, 13.315644610463266, 0.0 ] ] ], [ [ [ 93.022094131688348, 13.316259408546143, 0.0 ], [ 93.022057053870654, 13.316603008545243, 0.0 ], [ 93.022167871818922, 13.316562361729845, 0.0 ], [ 93.022094131688348, 13.316259408546143, 0.0 ] ] ], [ [ [ 93.021516140409048, 13.318406768675619, 0.0 ], [ 93.02127156206565, 13.318148959080379, 0.0 ], [ 93.021326831053614, 13.318460946809882, 0.0 ], [ 93.021516140409048, 13.318406768675619, 0.0 ] ] ], [ [ [ 93.005637587654064, 13.321641600198459, 0.0 ], [ 92.994320964616918, 13.31969503795785, 0.0 ], [ 93.005729456051625, 13.322604667895416, 0.0 ], [ 93.005637587654064, 13.321641600198459, 0.0 ] ] ], [ [ [ 92.964771721269628, 13.336972597267231, 0.0 ], [ 92.967507185365591, 13.332976189973829, 0.0 ], [ 92.966085563276906, 13.332804962432215, 0.0 ], [ 92.964771721269628, 13.336972597267231, 0.0 ] ] ], [ [ [ 93.008285550498229, 13.335749098933402, 0.0 ], [ 93.008030819558698, 13.337412799786366, 0.0 ], [ 93.008935844196841, 13.337259488538519, 0.0 ], [ 93.008285550498229, 13.335749098933402, 0.0 ] ] ], [ [ [ 93.012942881203955, 13.338590516894225, 0.0 ], [ 93.01431010420697, 13.337361333296526, 0.0 ], [ 93.012491069042042, 13.337134479762724, 0.0 ], [ 93.012942881203955, 13.338590516894225, 0.0 ] ] ], [ [ [ 93.053763948592191, 13.38306684639169, 0.0 ], [ 93.088062401124901, 13.346036089332152, 0.0 ], [ 93.071482221361464, 13.322662937023475, 0.0 ], [ 93.07805693509458, 13.296287264049502, 0.0 ], [ 93.05846572696143, 13.32889470639657, 0.0 ], [ 93.038407464019997, 13.322219910291466, 0.0 ], [ 93.053763948592191, 13.38306684639169, 0.0 ] ] ], [ [ [ 93.020369430804067, 13.344249722682578, 0.0 ], [ 93.017426952470245, 13.336666388333276, 0.0 ], [ 93.01787090136412, 13.345641233373259, 0.0 ], [ 93.020369430804067, 13.344249722682578, 0.0 ] ] ], [ [ [ 93.035311330615869, 13.342785973449018, 0.0 ], [ 93.037440552578985, 13.340842574944451, 0.0 ], [ 93.036106629721615, 13.339625903842588, 0.0 ], [ 93.035311330615869, 13.342785973449018, 0.0 ] ] ], [ [ [ 93.036140363164193, 13.361332363168476, 0.0 ], [ 93.034967562660015, 13.361169191111085, 0.0 ], [ 93.034967450323208, 13.361476634487165, 0.0 ], [ 93.036140363164193, 13.361332363168476, 0.0 ] ] ], [ [ [ 93.075522348648605, 13.367152677367672, 0.0 ], [ 93.07574948132384, 13.362749045630204, 0.0 ], [ 93.072105612639376, 13.36556505526554, 0.0 ], [ 93.075522348648605, 13.367152677367672, 0.0 ] ] ], [ [ [ 93.036688385562556, 13.36542878610604, 0.0 ], [ 93.039620817643666, 13.364756112041473, 0.0 ], [ 93.03648135364341, 13.363308258118584, 0.0 ], [ 93.036688385562556, 13.36542878610604, 0.0 ] ] ], [ [ [ 93.047297152979098, 13.373574933893318, 0.0 ], [ 93.040382511002903, 13.365380293143671, 0.0 ], [ 93.036579105606975, 13.374010038136692, 0.0 ], [ 93.047297152979098, 13.373574933893318, 0.0 ] ] ], [ [ [ 93.035470985039723, 13.37359370244395, 0.0 ], [ 93.036024746386872, 13.374629255542862, 0.0 ], [ 93.036315808387698, 13.374240529990393, 0.0 ], [ 93.035470985039723, 13.37359370244395, 0.0 ] ] ], [ [ [ 93.045567592667695, 13.37600145017659, 0.0 ], [ 93.045163340825511, 13.375516865855863, 0.0 ], [ 93.045098372247764, 13.375987403648098, 0.0 ], [ 93.045567592667695, 13.37600145017659, 0.0 ] ] ], [ [ [ 93.044724101344187, 13.376476772858467, 0.0 ], [ 93.044419643882179, 13.375495572153104, 0.0 ], [ 93.044169982130143, 13.376408781150827, 0.0 ], [ 93.044724101344187, 13.376476772858467, 0.0 ] ] ], [ [ [ 93.077242833450569, 13.377140380235451, 0.0 ], [ 93.077011896594783, 13.377370920533565, 0.0 ], [ 93.077316686776072, 13.377312200431652, 0.0 ], [ 93.077242833450569, 13.377140380235451, 0.0 ] ] ], [ [ [ 93.062167600347692, 13.387237586340666, 0.0 ], [ 93.060811120345008, 13.382489972488253, 0.0 ], [ 93.05940645221159, 13.385550487968695, 0.0 ], [ 93.062167600347692, 13.387237586340666, 0.0 ] ] ], [ [ [ 93.072179275204661, 13.432275590148141, 0.0 ], [ 93.071338066313515, 13.41334060882294, 0.0 ], [ 93.069629372128418, 13.412580689147823, 0.0 ], [ 93.065530338809324, 13.422643996908102, 0.0 ], [ 93.072179275204661, 13.432275590148141, 0.0 ] ] ], [ [ [ 93.074091273421914, 13.433410790621604, 0.0 ], [ 93.073648153785982, 13.431954876766527, 0.0 ], [ 93.073042905519827, 13.432786658962213, 0.0 ], [ 93.074091273421914, 13.433410790621604, 0.0 ] ] ], [ [ [ 93.077033771790184, 13.432149928286711, 0.0 ], [ 93.075846400605272, 13.433750214808956, 0.0 ], [ 93.077767907747571, 13.433592324186215, 0.0 ], [ 93.077033771790184, 13.432149928286711, 0.0 ] ] ], [ [ [ 92.98521435482435, 13.529370743984433, 0.0 ], [ 92.984064172990287, 13.529685027993203, 0.0 ], [ 92.984656895764914, 13.530033617475212, 0.0 ], [ 92.98521435482435, 13.529370743984433, 0.0 ] ] ], [ [ [ 92.983824826718148, 13.529795601249603, 0.0 ], [ 92.978390247829068, 13.530761036320971, 0.0 ], [ 92.982722871628837, 13.538184238349917, 0.0 ], [ 92.986430842989051, 13.536062400593254, 0.0 ], [ 92.985645655548595, 13.530256245893737, 0.0 ], [ 92.984337481187183, 13.530293884519638, 0.0 ], [ 92.983824826718148, 13.529795601249603, 0.0 ] ] ], [ [ [ 92.977933555258787, 13.535523315117556, 0.0 ], [ 92.978492905502407, 13.536427106827546, 0.0 ], [ 92.978644870720942, 13.535346783216673, 0.0 ], [ 92.977933555258787, 13.535523315117556, 0.0 ] ] ], [ [ [ 93.050761220616067, 13.565473378924954, 0.0 ], [ 93.055642422474122, 13.562129065198768, 0.0 ], [ 93.052875129371301, 13.558909251725847, 0.0 ], [ 93.050761220616067, 13.565473378924954, 0.0 ] ] ], [ [ [ 93.000000000130655, 13.572676682657292, 0.0 ], [ 93.000000000604402, 13.568609533521581, 0.0 ], [ 92.998224390319223, 13.57067841277223, 0.0 ], [ 93.000000000130655, 13.572676682657292, 0.0 ] ] ], [ [ [ 92.983569000210309, 13.578027000277016, 0.0 ], [ 92.983315999896988, 13.577728000503443, 0.0 ], [ 92.983454000299034, 13.578119000486089, 0.0 ], [ 92.983569000210309, 13.578027000277016, 0.0 ] ] ], [ [ [ 93.003418000515865, 13.584743000122646, 0.0 ], [ 93.004315000169996, 13.584513000271278, 0.0 ], [ 93.004085000443212, 13.584190999755123, 0.0 ], [ 93.003418000515865, 13.584743000122646, 0.0 ] ] ], [ [ [ 93.01519801740227, 13.629769505339389, 0.0 ], [ 93.014800195806941, 13.630366125214286, 0.0 ], [ 93.014799343774314, 13.632269522172871, 0.0 ], [ 93.01519801740227, 13.629769505339389, 0.0 ] ] ], [ [ [ 93.012834291808574, 13.633091518931961, 0.0 ], [ 93.013915150620889, 13.635022511937549, 0.0 ], [ 93.014100950685361, 13.633055899631792, 0.0 ], [ 93.012834291808574, 13.633091518931961, 0.0 ] ] ], [ [ [ 93.067831987443697, 13.651727435444064, 0.0 ], [ 93.055130103043012, 13.642673088102637, 0.0 ], [ 93.044356360030932, 13.620973071018827, 0.0 ], [ 93.045142982850138, 13.647372203603679, 0.0 ], [ 93.067831987443697, 13.651727435444064, 0.0 ] ] ], [ [ [ 93.010372285157089, 13.63884583437752, 0.0 ], [ 93.010349335234181, 13.638493175578613, 0.0 ], [ 93.010081038211212, 13.638854746318794, 0.0 ], [ 93.010372285157089, 13.63884583437752, 0.0 ] ] ], [ [ [ 93.034285239749835, 13.642372794410797, 0.0 ], [ 93.035247095961296, 13.641600015302229, 0.0 ], [ 93.034632366334435, 13.641265238313766, 0.0 ], [ 93.034285239749835, 13.642372794410797, 0.0 ] ] ], [ [ [ 93.034741275880052, 13.646871476181778, 0.0 ], [ 93.034418356189093, 13.644972489725749, 0.0 ], [ 93.033382750284716, 13.645107760149438, 0.0 ], [ 93.034741275880052, 13.646871476181778, 0.0 ] ] ], [ [ [ 93.019880533702846, 13.673829841294197, 0.0 ], [ 93.028559366983217, 13.62544360208028, 0.0 ], [ 93.001361983503003, 13.648553037648391, 0.0 ], [ 92.973600464258396, 13.643908376230517, 0.0 ], [ 92.979669701237995, 13.666609695851296, 0.0 ], [ 93.019880533702846, 13.673829841294197, 0.0 ] ] ], [ [ [ 93.031478000189892, 13.662621000523787, 0.0 ], [ 93.031362999869657, 13.661977000713616, 0.0 ], [ 93.031040999919512, 13.662644000636455, 0.0 ], [ 93.031478000189892, 13.662621000523787, 0.0 ] ] ], [ [ [ 93.03019533637648, 13.663440427205407, 0.0 ], [ 93.029756111816212, 13.663343870356668, 0.0 ], [ 93.029752501630583, 13.663606937710973, 0.0 ], [ 93.03019533637648, 13.663440427205407, 0.0 ] ] ], [ [ [ 93.026832000534668, 13.671154000583892, 0.0 ], [ 93.027453000068789, 13.671016000418659, 0.0 ], [ 93.027338000599585, 13.670762999902623, 0.0 ], [ 93.026832000534668, 13.671154000583892, 0.0 ] ] ], [ [ [ 93.543962699331729, 7.524108700171442, 0.0 ], [ 93.541454699379685, 7.511876699845964, 0.0 ], [ 93.540574699308081, 7.52421870053821, 0.0 ], [ 93.543962699331729, 7.524108700171442, 0.0 ] ] ], [ [ [ 93.44122916284698, 7.877284680450497, 0.0 ], [ 93.442235717136214, 7.876665098794382, 0.0 ], [ 93.441591782199595, 7.876371351498789, 0.0 ], [ 93.44122916284698, 7.877284680450497, 0.0 ] ] ], [ [ [ 93.386285872425702, 7.891310525721567, 0.0 ], [ 93.387818500739243, 7.891432487782336, 0.0 ], [ 93.386385551772563, 7.88982300759903, 0.0 ], [ 93.386285872425702, 7.891310525721567, 0.0 ] ] ], [ [ [ 93.389509933115946, 7.890537231376504, 0.0 ], [ 93.387052292996998, 7.895922247929359, 0.0 ], [ 93.389138354590386, 7.900335009305781, 0.0 ], [ 93.389509933115946, 7.890537231376504, 0.0 ] ] ], [ [ [ 93.395360068950296, 7.902708470515546, 0.0 ], [ 93.39871552573787, 7.898494384960753, 0.0 ], [ 93.395069689306098, 7.898625656893699, 0.0 ], [ 93.395360068950296, 7.902708470515546, 0.0 ] ] ], [ [ [ 93.392543886274964, 7.899430633021248, 0.0 ], [ 93.390371845169255, 7.901741051153231, 0.0 ], [ 93.394521142642503, 7.902681312890095, 0.0 ], [ 93.392543886274964, 7.899430633021248, 0.0 ] ] ], [ [ [ 93.568598769831013, 7.927094792975291, 0.0 ], [ 93.568712141713746, 7.926805464700043, 0.0 ], [ 93.568467280959524, 7.926941114356676, 0.0 ], [ 93.568598769831013, 7.927094792975291, 0.0 ] ] ], [ [ [ 93.326733192838134, 7.930417426985868, 0.0 ], [ 93.322538208035084, 7.931126783969995, 0.0 ], [ 93.323055076794105, 7.931927086100655, 0.0 ], [ 93.326733192838134, 7.930417426985868, 0.0 ] ] ], [ [ [ 93.338142652826591, 7.937146352488956, 0.0 ], [ 93.338668247615971, 7.942684983467149, 0.0 ], [ 93.33996989987665, 7.941509553561766, 0.0 ], [ 93.338142652826591, 7.937146352488956, 0.0 ] ] ], [ [ [ 93.373348059475873, 8.021657493605247, 0.0 ], [ 93.401365928596888, 8.008781475613102, 0.0 ], [ 93.403617379259614, 7.961557600682415, 0.0 ], [ 93.420911411273664, 7.96861386811769, 0.0 ], [ 93.451901072090735, 7.939293012183477, 0.0 ], [ 93.466207785935183, 7.891097250688605, 0.0 ], [ 93.454459679155121, 7.872440068526351, 0.0 ], [ 93.411975676845017, 7.906934791140011, 0.0 ], [ 93.388095413807406, 7.901582886589019, 0.0 ], [ 93.3679572873111, 7.877665195358387, 0.0 ], [ 93.334994295324464, 7.900143462035857, 0.0 ], [ 93.326811084853929, 7.923463681835823, 0.0 ], [ 93.335481741177489, 7.924495390819609, 0.0 ], [ 93.341149933792664, 7.930170144837518, 0.0 ], [ 93.341828852500711, 7.946858487972476, 0.0 ], [ 93.331891974686798, 7.94950708217096, 0.0 ], [ 93.337857107352335, 7.935233837776066, 0.0 ], [ 93.323594263216251, 7.935856189251763, 0.0 ], [ 93.321078101487075, 7.929349758152611, 0.0 ], [ 93.324475318945019, 7.925185950146456, 0.0 ], [ 93.321954173450195, 7.922934050869753, 0.0 ], [ 93.307866934568565, 7.933855594672612, 0.0 ], [ 93.300610481778889, 7.961479660482797, 0.0 ], [ 93.319977032025832, 8.007378550851961, 0.0 ], [ 93.373348059475873, 8.021657493605247, 0.0 ] ] ], [ [ [ 93.534092885824023, 8.026289955211341, 0.0 ], [ 93.573311317311735, 7.994228094945166, 0.0 ], [ 93.569419440198061, 7.928265923509088, 0.0 ], [ 93.494453883903645, 7.994231041814537, 0.0 ], [ 93.515928223051745, 8.000682660952533, 0.0 ], [ 93.522076861117114, 8.026178556274559, 0.0 ], [ 93.53244859593083, 8.015999047808654, 0.0 ], [ 93.531974019255173, 8.008394118254632, 0.0 ], [ 93.538017106617573, 8.002499597316156, 0.0 ], [ 93.538099614493802, 7.998711826256976, 0.0 ], [ 93.540998341501293, 7.996591922945153, 0.0 ], [ 93.542713818631015, 7.991881123100933, 0.0 ], [ 93.543766247585623, 7.991361361268702, 0.0 ], [ 93.534092885824023, 8.026289955211341, 0.0 ] ] ], [ [ [ 93.477472933049285, 8.00934189018829, 0.0 ], [ 93.476624443662828, 8.009233514671726, 0.0 ], [ 93.476883222376443, 8.009916312911642, 0.0 ], [ 93.477472933049285, 8.00934189018829, 0.0 ] ] ], [ [ [ 93.477427602285857, 8.009766978888761, 0.0 ], [ 93.479110992222616, 8.010232485618962, 0.0 ], [ 93.47897472619708, 8.009327938515604, 0.0 ], [ 93.477427602285857, 8.009766978888761, 0.0 ] ] ], [ [ [ 93.474728931239852, 8.014041440718893, 0.0 ], [ 93.475844830986546, 8.013190986414919, 0.0 ], [ 93.475695064942684, 8.012924144057145, 0.0 ], [ 93.474728931239852, 8.014041440718893, 0.0 ] ] ], [ [ [ 93.474307285931999, 8.015570211175449, 0.0 ], [ 93.474992266103015, 8.014896184763019, 0.0 ], [ 93.474583888622618, 8.014796795663599, 0.0 ], [ 93.474307285931999, 8.015570211175449, 0.0 ] ] ], [ [ [ 93.475609756625801, 8.016980944597847, 0.0 ], [ 93.474829317910348, 8.017035392647154, 0.0 ], [ 93.475573475408027, 8.017229730672927, 0.0 ], [ 93.475609756625801, 8.016980944597847, 0.0 ] ] ], [ [ [ 93.473599155172991, 8.03590853286696, 0.0 ], [ 93.474334041005093, 8.034809412724726, 0.0 ], [ 93.473580876340208, 8.034936190419984, 0.0 ], [ 93.473599155172991, 8.03590853286696, 0.0 ] ] ], [ [ [ 93.49403430998251, 8.046839414155633, 0.0 ], [ 93.493494858503553, 8.048621426387756, 0.0 ], [ 93.495241798484486, 8.048512408219787, 0.0 ], [ 93.49403430998251, 8.046839414155633, 0.0 ] ] ], [ [ [ 93.513706429762124, 8.064869452061352, 0.0 ], [ 93.514110301485871, 8.064516907571063, 0.0 ], [ 93.51380640428988, 8.064335932926598, 0.0 ], [ 93.513706429762124, 8.064869452061352, 0.0 ] ] ], [ [ [ 93.514444724416109, 8.069173937152856, 0.0 ], [ 93.514930152050525, 8.069079076814681, 0.0 ], [ 93.514780452644132, 8.068902702882591, 0.0 ], [ 93.514444724416109, 8.069173937152856, 0.0 ] ] ], [ [ [ 93.513485778859575, 8.07556220717847, 0.0 ], [ 93.513862508402084, 8.074766573175571, 0.0 ], [ 93.513159328790152, 8.074920137960916, 0.0 ], [ 93.513485778859575, 8.07556220717847, 0.0 ] ] ], [ [ [ 93.571039502499858, 8.127369761397171, 0.0 ], [ 93.591549418189842, 8.049863360084336, 0.0 ], [ 93.584759667232007, 8.038071159878914, 0.0 ], [ 93.562586765496732, 8.067484054421557, 0.0 ], [ 93.578209841338264, 8.074240951994762, 0.0 ], [ 93.560763660968988, 8.092988398643779, 0.0 ], [ 93.56766939024952, 8.119583688843903, 0.0 ], [ 93.560870100519196, 8.108053394843607, 0.0 ], [ 93.552869263821762, 8.120390620457677, 0.0 ], [ 93.571039502499858, 8.127369761397171, 0.0 ] ] ], [ [ [ 93.483401740230491, 8.222784295377656, 0.0 ], [ 93.534632788441883, 8.228997386187414, 0.0 ], [ 93.535479180468172, 8.198601088952659, 0.0 ], [ 93.52525560083464, 8.178063064626901, 0.0 ], [ 93.504128528512211, 8.175999813635807, 0.0 ], [ 93.492790689512873, 8.146169365630884, 0.0 ], [ 93.537762551801094, 8.089986775698849, 0.0 ], [ 93.540795130147856, 8.036138791987517, 0.0 ], [ 93.521258717003448, 8.050588902536774, 0.0 ], [ 93.514445247294788, 8.0334830168638, 0.0 ], [ 93.498451159950207, 8.03592063859576, 0.0 ], [ 93.488230096912886, 7.998780656812364, 0.0 ], [ 93.47585222600452, 8.046102036831854, 0.0 ], [ 93.499114215025159, 8.038046079952428, 0.0 ], [ 93.49377872249984, 8.057521824204306, 0.0 ], [ 93.50184676476006, 8.069007578729119, 0.0 ], [ 93.503848526612543, 8.0500322930534, 0.0 ], [ 93.51569197888206, 8.05325476395762, 0.0 ], [ 93.521155930161356, 8.080383982755873, 0.0 ], [ 93.504581968843326, 8.085655763052204, 0.0 ], [ 93.475749355280982, 8.052899545741649, 0.0 ], [ 93.469717139587175, 8.088611362232879, 0.0 ], [ 93.483907441662808, 8.087635789864722, 0.0 ], [ 93.487838192852536, 8.09076444947844, 0.0 ], [ 93.487861983716243, 8.095065431243372, 0.0 ], [ 93.458782865271161, 8.102113502845867, 0.0 ], [ 93.437507962818373, 8.170729488641713, 0.0 ], [ 93.486754460985452, 8.1985152947972, 0.0 ], [ 93.483401740230491, 8.222784295377656, 0.0 ] ] ], [ [ [ 93.194073528923298, 8.186548992986413, 0.0 ], [ 93.193733184167698, 8.186386247920677, 0.0 ], [ 93.193814827902202, 8.186630435481939, 0.0 ], [ 93.194073528923298, 8.186548992986413, 0.0 ] ] ], [ [ [ 93.197441326479833, 8.190418528313858, 0.0 ], [ 93.197069159518236, 8.190355302110321, 0.0 ], [ 93.197196273304655, 8.190563284066601, 0.0 ], [ 93.197441326479833, 8.190418528313858, 0.0 ] ] ], [ [ [ 93.188374614309197, 8.190406489164999, 0.0 ], [ 93.187834563830663, 8.19049249131626, 0.0 ], [ 93.187916271999654, 8.190686930204452, 0.0 ], [ 93.188374614309197, 8.190406489164999, 0.0 ] ] ], [ [ [ 93.186569008753395, 8.193838437257398, 0.0 ], [ 93.186051630643945, 8.193689336608955, 0.0 ], [ 93.186246861366669, 8.194159517420189, 0.0 ], [ 93.186569008753395, 8.193838437257398, 0.0 ] ] ], [ [ [ 93.175333074538258, 8.194152015539746, 0.0 ], [ 93.175219585084307, 8.193727020596478, 0.0 ], [ 93.174865683054435, 8.19411585604993, 0.0 ], [ 93.175333074538258, 8.194152015539746, 0.0 ] ] ], [ [ [ 93.188134822127978, 8.195379954865052, 0.0 ], [ 93.187821676095069, 8.195149442290507, 0.0 ], [ 93.187794457198336, 8.195380022504532, 0.0 ], [ 93.188134822127978, 8.195379954865052, 0.0 ] ] ], [ [ [ 93.211342344708285, 8.196804332747542, 0.0 ], [ 93.21117446778446, 8.197129874402467, 0.0 ], [ 93.211464877809931, 8.197089198525958, 0.0 ], [ 93.211342344708285, 8.196804332747542, 0.0 ] ] ], [ [ [ 93.126631921349968, 8.216349934839505, 0.0 ], [ 93.126981364175293, 8.216001847296853, 0.0 ], [ 93.12649119818829, 8.216083229451337, 0.0 ], [ 93.126631921349968, 8.216349934839505, 0.0 ] ] ], [ [ [ 93.117464745114674, 8.219193797633915, 0.0 ], [ 93.117314989321073, 8.218759750141817, 0.0 ], [ 93.117160671825559, 8.218868249822695, 0.0 ], [ 93.117464745114674, 8.219193797633915, 0.0 ] ] ], [ [ [ 93.117314894801495, 8.220292409166348, 0.0 ], [ 93.117051734139167, 8.220156804866621, 0.0 ], [ 93.117088016169603, 8.220346658246196, 0.0 ], [ 93.117314894801495, 8.220292409166348, 0.0 ] ] ], [ [ [ 93.23833070020541, 8.222563999960482, 0.0 ], [ 93.238870699933145, 8.221375999923151, 0.0 ], [ 93.237790699873358, 8.22227600073967, 0.0 ], [ 93.23833070020541, 8.222563999960482, 0.0 ] ] ], [ [ [ 93.233821782446469, 8.223985168753973, 0.0 ], [ 93.234420858898702, 8.224012137181273, 0.0 ], [ 93.234402636060437, 8.22390360245916, 0.0 ], [ 93.233821782446469, 8.223985168753973, 0.0 ] ] ], [ [ [ 93.227055255075996, 8.224321464518257, 0.0 ], [ 93.22657435554531, 8.224868710669629, 0.0 ], [ 93.227259584988317, 8.224714823635875, 0.0 ], [ 93.227055255075996, 8.224321464518257, 0.0 ] ] ], [ [ [ 93.242383689069456, 8.232961883966857, 0.0 ], [ 93.242120382168551, 8.232817316677583, 0.0 ], [ 93.242252089200591, 8.233052326181527, 0.0 ], [ 93.242383689069456, 8.232961883966857, 0.0 ] ] ], [ [ [ 93.241984481640671, 8.233748710311412, 0.0 ], [ 93.241798428085417, 8.233879889814764, 0.0 ], [ 93.241993626728345, 8.233857249332527, 0.0 ], [ 93.241984481640671, 8.233748710311412, 0.0 ] ] ], [ [ [ 93.242147985591899, 8.234164607912122, 0.0 ], [ 93.241975577436989, 8.234187235362073, 0.0 ], [ 93.242089036518152, 8.234277711220637, 0.0 ], [ 93.242147985591899, 8.234164607912122, 0.0 ] ] ], [ [ [ 93.230028852322548, 8.261703227959462, 0.0 ], [ 93.241216245560366, 8.22938595534451, 0.0 ], [ 93.229500806882186, 8.221802564277652, 0.0 ], [ 93.209693268296789, 8.251404109642399, 0.0 ], [ 93.230028852322548, 8.261703227959462, 0.0 ] ] ], [ [ [ 93.226648802106695, 8.266632258509599, 0.0 ], [ 93.226630762614803, 8.267003038656116, 0.0 ], [ 93.22673061091632, 8.266939754516132, 0.0 ], [ 93.226648802106695, 8.266632258509599, 0.0 ] ] ], [ [ [ 93.118338609177229, 8.355532980112436, 0.0 ], [ 93.133519423438713, 8.345803197886905, 0.0 ], [ 93.119724294432075, 8.272803199102896, 0.0 ], [ 93.19282650469988, 8.218600299238055, 0.0 ], [ 93.190903119063023, 8.196116489234987, 0.0 ], [ 93.111623865238244, 8.223642560498712, 0.0 ], [ 93.075842679156281, 8.27346031916602, 0.0 ], [ 93.084931695034555, 8.340800828096572, 0.0 ], [ 93.118338609177229, 8.355532980112436, 0.0 ] ] ], [ [ [ 93.08886561640746, 8.345533147262449, 0.0 ], [ 93.089678460586796, 8.34544703284342, 0.0 ], [ 93.089265146115167, 8.345135060691364, 0.0 ], [ 93.08886561640746, 8.345533147262449, 0.0 ] ] ], [ [ [ 93.61360836888376, 8.417910940866157, 0.0 ], [ 93.614234944761932, 8.418543916835349, 0.0 ], [ 93.61388081200127, 8.417757205295246, 0.0 ], [ 93.61360836888376, 8.417910940866157, 0.0 ] ] ], [ [ [ 93.613113386484002, 8.4200313778941, 0.0 ], [ 93.613045342810906, 8.419506881462683, 0.0 ], [ 93.612904518549158, 8.419950028535617, 0.0 ], [ 93.613113386484002, 8.4200313778941, 0.0 ] ] ], [ [ [ 93.613258667959869, 8.420573933387747, 0.0 ], [ 93.612409616758598, 8.420854201285071, 0.0 ], [ 93.612491283109122, 8.421030539236698, 0.0 ], [ 93.613258667959869, 8.420573933387747, 0.0 ] ] ], [ [ [ 93.613544751040735, 8.421062271582432, 0.0 ], [ 93.613703632646505, 8.420723112254484, 0.0 ], [ 93.613458442826413, 8.420822627128391, 0.0 ], [ 93.613544751040735, 8.421062271582432, 0.0 ] ] ], [ [ [ 93.61263656901545, 8.423019912774073, 0.0 ], [ 93.612545771654922, 8.422640078837647, 0.0 ], [ 93.612423121428662, 8.422857166546015, 0.0 ], [ 93.61263656901545, 8.423019912774073, 0.0 ] ] ], [ [ [ 93.606288399777242, 8.432577531186197, 0.0 ], [ 93.6064699813125, 8.432283654053776, 0.0 ], [ 93.606165765742176, 8.432401164824373, 0.0 ], [ 93.606288399777242, 8.432577531186197, 0.0 ] ] ], [ [ [ 93.607382495641104, 8.435977524796161, 0.0 ], [ 93.606769512884171, 8.436325615060161, 0.0 ], [ 93.607486927818059, 8.43613121548541, 0.0 ], [ 93.607382495641104, 8.435977524796161, 0.0 ] ] ], [ [ [ 93.607862933310557, 8.457503102652327, 0.0 ], [ 93.607000130518827, 8.456711841126527, 0.0 ], [ 93.6057967356533, 8.457593408939744, 0.0 ], [ 93.607862933310557, 8.457503102652327, 0.0 ] ] ], [ [ [ 93.610941590375205, 8.459723069322395, 0.0 ], [ 93.610764561702723, 8.459221266583434, 0.0 ], [ 93.61041036106505, 8.459279977392059, 0.0 ], [ 93.610941590375205, 8.459723069322395, 0.0 ] ] ], [ [ [ 93.612736899612756, 8.4854385997875, 0.0 ], [ 93.612172500040032, 8.486144100240333, 0.0 ], [ 93.612637299729684, 8.486218799601241, 0.0 ], [ 93.612736899612756, 8.4854385997875, 0.0 ] ] ], [ [ [ 93.603134118643098, 8.487523704403017, 0.0 ], [ 93.602838924005866, 8.486171865030471, 0.0 ], [ 93.602475630355528, 8.486533497122785, 0.0 ], [ 93.603134118643098, 8.487523704403017, 0.0 ] ] ], [ [ [ 93.605867451275302, 8.498749999273784, 0.0 ], [ 93.60610812410971, 8.498519433401386, 0.0 ], [ 93.605585890959759, 8.498284266498963, 0.0 ], [ 93.605867451275302, 8.498749999273784, 0.0 ] ] ], [ [ [ 93.613941932005545, 8.505514280642391, 0.0 ], [ 93.614137195137616, 8.505695140753252, 0.0 ], [ 93.614119099780424, 8.505514362672805, 0.0 ], [ 93.613941932005545, 8.505514280642391, 0.0 ] ] ], [ [ [ 93.608041770903384, 8.52248215298938, 0.0 ], [ 93.608046263666253, 8.522852893605043, 0.0 ], [ 93.608395981811043, 8.522450574787015, 0.0 ], [ 93.608041770903384, 8.52248215298938, 0.0 ] ] ], [ [ [ 93.609949276792776, 8.523345836995457, 0.0 ], [ 93.60982207373425, 8.523002243177439, 0.0 ], [ 93.609812972854499, 8.523336735149533, 0.0 ], [ 93.609949276792776, 8.523345836995457, 0.0 ] ] ], [ [ [ 93.61077117496626, 8.526311790326046, 0.0 ], [ 93.610693936928584, 8.526822672397861, 0.0 ], [ 93.610930165745287, 8.526302675950678, 0.0 ], [ 93.61077117496626, 8.526311790326046, 0.0 ] ] ], [ [ [ 93.609149748735263, 8.528016211950819, 0.0 ], [ 93.608868117157201, 8.527866961951709, 0.0 ], [ 93.608722794928127, 8.528016158137467, 0.0 ], [ 93.609149748735263, 8.528016211950819, 0.0 ] ] ], [ [ [ 93.613614225515519, 8.530720000933881, 0.0 ], [ 93.613832265887268, 8.530475897874334, 0.0 ], [ 93.613636995248825, 8.530412531364165, 0.0 ], [ 93.613614225515519, 8.530720000933881, 0.0 ] ] ], [ [ [ 93.612946544543675, 8.532921840510362, 0.0 ], [ 93.613055574402253, 8.53269120697372, 0.0 ], [ 93.612860271948691, 8.532722900438626, 0.0 ], [ 93.612946544543675, 8.532921840510362, 0.0 ] ] ], [ [ [ 93.611956280261239, 8.537167231717438, 0.0 ], [ 93.612178831434292, 8.537185242092152, 0.0 ], [ 93.612147043076661, 8.536737664173526, 0.0 ], [ 93.611956280261239, 8.537167231717438, 0.0 ] ] ], [ [ [ 93.612478495981009, 8.538324595989785, 0.0 ], [ 93.612510310871485, 8.53873156276628, 0.0 ], [ 93.612582981272269, 8.53832008959704, 0.0 ], [ 93.612478495981009, 8.538324595989785, 0.0 ] ] ], [ [ [ 93.602427217941425, 8.538609067861989, 0.0 ], [ 93.602508934753985, 8.539323391787674, 0.0 ], [ 93.60294953073678, 8.539034086065802, 0.0 ], [ 93.602427217941425, 8.538609067861989, 0.0 ] ] ], [ [ [ 93.609911924576963, 8.549898770328527, 0.0 ], [ 93.610493314025717, 8.549632116957385, 0.0 ], [ 93.610079937970596, 8.549329134892279, 0.0 ], [ 93.609911924576963, 8.549898770328527, 0.0 ] ] ], [ [ [ 93.600332650141056, 8.549712947515182, 0.0 ], [ 93.600609710708596, 8.549893866580677, 0.0 ], [ 93.600537055211362, 8.549627066579925, 0.0 ], [ 93.600332650141056, 8.549712947515182, 0.0 ] ] ], [ [ [ 93.609189647839315, 8.550595001072253, 0.0 ], [ 93.609557559655315, 8.550821084840273, 0.0 ], [ 93.609321365287627, 8.550513662030166, 0.0 ], [ 93.609189647839315, 8.550595001072253, 0.0 ] ] ], [ [ [ 93.599914255149017, 8.557986718714474, 0.0 ], [ 93.599778002081138, 8.557959613995724, 0.0 ], [ 93.599787146388095, 8.558054570693354, 0.0 ], [ 93.599914255149017, 8.557986718714474, 0.0 ] ] ], [ [ [ 93.611201570113124, 8.55821334750229, 0.0 ], [ 93.610915424970244, 8.558154556147475, 0.0 ], [ 93.611178839890371, 8.558376099786415, 0.0 ], [ 93.611201570113124, 8.55821334750229, 0.0 ] ] ], [ [ [ 93.599841562963931, 8.55845236802419, 0.0 ], [ 93.59980530192081, 8.558217259365913, 0.0 ], [ 93.599673547442578, 8.558393566122335, 0.0 ], [ 93.599841562963931, 8.55845236802419, 0.0 ] ] ], [ [ [ 93.61019316104597, 8.558638327134446, 0.0 ], [ 93.610452063362203, 8.558480086908682, 0.0 ], [ 93.610324931197638, 8.558303732356233, 0.0 ], [ 93.61019316104597, 8.558638327134446, 0.0 ] ] ], [ [ [ 93.610829125842216, 8.55868354177464, 0.0 ], [ 93.611088028500873, 8.558525301153955, 0.0 ], [ 93.610960804804606, 8.558348947834816, 0.0 ], [ 93.610829125842216, 8.55868354177464, 0.0 ] ] ], [ [ [ 93.600077730756908, 8.558569945995883, 0.0 ], [ 93.599905124459852, 8.558597077164647, 0.0 ], [ 93.599955110162853, 8.558660403981545, 0.0 ], [ 93.600077730756908, 8.558569945995883, 0.0 ] ] ], [ [ [ 93.599419127310455, 8.558574404240153, 0.0 ], [ 93.599591707785891, 8.558646767334796, 0.0 ], [ 93.599496334150217, 8.558438793593972, 0.0 ], [ 93.599419127310455, 8.558574404240153, 0.0 ] ] ], [ [ [ 93.610592840785785, 8.560718091968436, 0.0 ], [ 93.610788112887803, 8.560944084923769, 0.0 ], [ 93.610788135351967, 8.560672831447894, 0.0 ], [ 93.610592840785785, 8.560718091968436, 0.0 ] ] ], [ [ [ 93.600645328933666, 8.561549424532965, 0.0 ], [ 93.600840647245704, 8.561517826052439, 0.0 ], [ 93.600636254830306, 8.561499692382842, 0.0 ], [ 93.600645328933666, 8.561549424532965, 0.0 ] ] ], [ [ [ 93.600495468863656, 8.561712193228731, 0.0 ], [ 93.600559011398772, 8.561902125700209, 0.0 ], [ 93.60059996013014, 8.561648898107496, 0.0 ], [ 93.600495468863656, 8.561712193228731, 0.0 ] ] ], [ [ [ 93.601431060609173, 8.563452951735142, 0.0 ], [ 93.601126688582937, 8.563073091290033, 0.0 ], [ 93.600999540086107, 8.56329018306495, 0.0 ], [ 93.601431060609173, 8.563452951735142, 0.0 ] ] ], [ [ [ 93.600413526285834, 8.563986369054211, 0.0 ], [ 93.600945022650137, 8.563466461694123, 0.0 ], [ 93.600386342748578, 8.563339797473247, 0.0 ], [ 93.600413526285834, 8.563986369054211, 0.0 ] ] ], [ [ [ 93.602870869258695, 8.564022703940969, 0.0 ], [ 93.603002644964135, 8.563339975911388, 0.0 ], [ 93.602766385759608, 8.5640905221419, 0.0 ], [ 93.602870869258695, 8.564022703940969, 0.0 ] ] ], [ [ [ 93.610456441681862, 8.563679396732617, 0.0 ], [ 93.610152128849435, 8.564140619657232, 0.0 ], [ 93.61030202770614, 8.564289802623797, 0.0 ], [ 93.610456441681862, 8.563679396732617, 0.0 ] ] ], [ [ [ 93.602979873128149, 8.56486361076049, 0.0 ], [ 93.60283904242965, 8.564700842877462, 0.0 ], [ 93.602789074779182, 8.564822935942356, 0.0 ], [ 93.602979873128149, 8.56486361076049, 0.0 ] ] ], [ [ [ 93.603075202894914, 8.56584925691909, 0.0 ], [ 93.603384058811429, 8.5654966605018, 0.0 ], [ 93.603302335943425, 8.565419726193523, 0.0 ], [ 93.603075202894914, 8.56584925691909, 0.0 ] ] ], [ [ [ 93.610974139419199, 8.56613894611308, 0.0 ], [ 93.611183146727384, 8.566143499674801, 0.0 ], [ 93.611083155325886, 8.566007895497179, 0.0 ], [ 93.610974139419199, 8.56613894611308, 0.0 ] ] ], [ [ [ 93.603379484306714, 8.567033833984746, 0.0 ], [ 93.603297735242577, 8.56676704852428, 0.0 ], [ 93.603170534937775, 8.566893693556827, 0.0 ], [ 93.603379484306714, 8.567033833984746, 0.0 ] ] ], [ [ [ 93.603029693260751, 8.567128716941937, 0.0 ], [ 93.602798001370061, 8.567318658229057, 0.0 ], [ 93.602988814583924, 8.56730958652741, 0.0 ], [ 93.603029693260751, 8.567128716941937, 0.0 ] ] ], [ [ [ 93.607131205718289, 8.570112959995349, 0.0 ], [ 93.607335647791047, 8.570045164946233, 0.0 ], [ 93.607258410463388, 8.569932135637929, 0.0 ], [ 93.607131205718289, 8.570112959995349, 0.0 ] ] ], [ [ [ 93.607453693547086, 8.57050626422145, 0.0 ], [ 93.607649048950194, 8.57026672170128, 0.0 ], [ 93.607385605403792, 8.570375221906341, 0.0 ], [ 93.607453693547086, 8.57050626422145, 0.0 ] ] ], [ [ [ 93.607544512627229, 8.570931317910352, 0.0 ], [ 93.607621778845981, 8.57071882415848, 0.0 ], [ 93.607503656086777, 8.570782142352039, 0.0 ], [ 93.607544512627229, 8.570931317910352, 0.0 ] ] ], [ [ [ 93.606949422595619, 8.573408902553183, 0.0 ], [ 93.607221947930867, 8.573295866201223, 0.0 ], [ 93.60714472397035, 8.573191881709514, 0.0 ], [ 93.606949422595619, 8.573408902553183, 0.0 ] ] ], [ [ [ 93.606486090494826, 8.573937846965121, 0.0 ], [ 93.606476972593413, 8.573689219776979, 0.0 ], [ 93.606367912342961, 8.573851926054656, 0.0 ], [ 93.606486090494826, 8.573937846965121, 0.0 ] ] ], [ [ [ 93.602279805566752, 8.57386528951316, 0.0 ], [ 93.602520568633139, 8.574181753369524, 0.0 ], [ 93.60262955368475, 8.574028092974908, 0.0 ], [ 93.602279805566752, 8.57386528951316, 0.0 ] ] ], [ [ [ 93.601943679330716, 8.574389688792646, 0.0 ], [ 93.601920960387758, 8.574100380661994, 0.0 ], [ 93.6017528680281, 8.574344490908098, 0.0 ], [ 93.601943679330716, 8.574389688792646, 0.0 ] ] ], [ [ [ 93.605577517408051, 8.574371796147579, 0.0 ], [ 93.605809200795122, 8.574462242072871, 0.0 ], [ 93.605750128411671, 8.574285961242859, 0.0 ], [ 93.605577517408051, 8.574371796147579, 0.0 ] ] ], [ [ [ 93.602829448277674, 8.574647441447731, 0.0 ], [ 93.603061026451698, 8.574728844148567, 0.0 ], [ 93.602947494231913, 8.57453446792425, 0.0 ], [ 93.602829448277674, 8.574647441447731, 0.0 ] ] ], [ [ [ 93.605382252415239, 8.5746702192006, 0.0 ], [ 93.605618379349664, 8.57469734467985, 0.0 ], [ 93.605500296697343, 8.574557154944635, 0.0 ], [ 93.605382252415239, 8.5746702192006, 0.0 ] ] ], [ [ [ 93.605141480018901, 8.575153951123223, 0.0 ], [ 93.605141495420895, 8.57499123527232, 0.0 ], [ 93.605068809803271, 8.575113273378113, 0.0 ], [ 93.605141480018901, 8.575153951123223, 0.0 ] ] ], [ [ [ 93.602861206872902, 8.575194511915218, 0.0 ], [ 93.602861223139982, 8.575031796206778, 0.0 ], [ 93.602788535516993, 8.575153833163768, 0.0 ], [ 93.602861206872902, 8.575194511915218, 0.0 ] ] ], [ [ [ 93.602897537720239, 8.575529113715589, 0.0 ], [ 93.602802070424502, 8.575438724413461, 0.0 ], [ 93.602815711735374, 8.575560716822245, 0.0 ], [ 93.602897537720239, 8.575529113715589, 0.0 ] ] ], [ [ [ 93.602820199922775, 8.576275069833448, 0.0 ], [ 93.602665772544611, 8.576252517464425, 0.0 ], [ 93.602683988146481, 8.576451384584917, 0.0 ], [ 93.602820199922775, 8.576275069833448, 0.0 ] ] ], [ [ [ 93.602602174904817, 8.576663884515375, 0.0 ], [ 93.602543164721752, 8.57646951307731, 0.0 ], [ 93.602520405488207, 8.576731757622074, 0.0 ], [ 93.602602174904817, 8.576663884515375, 0.0 ] ] ], [ [ [ 93.608454099938626, 8.581718600050083, 0.0 ], [ 93.607906299595513, 8.578680799837642, 0.0 ], [ 93.606694499278319, 8.581643899953137, 0.0 ], [ 93.608454099938626, 8.581718600050083, 0.0 ] ] ], [ [ [ 93.598459077222714, 8.583074694354073, 0.0 ], [ 93.59780059841853, 8.579991161410637, 0.0 ], [ 93.596523967557772, 8.58304748199274, 0.0 ], [ 93.598459077222714, 8.583074694354073, 0.0 ] ] ], [ [ [ 93.086370410182909, 11.784790582642763, 0.0 ], [ 93.076226569234123, 11.783509750933181, 0.0 ], [ 93.08394723655897, 11.789862004926015, 0.0 ], [ 93.086370410182909, 11.784790582642763, 0.0 ] ] ], [ [ [ 93.078373617018386, 12.076533117647806, 0.0 ], [ 93.078938639075403, 12.07710293222576, 0.0 ], [ 93.079053578158849, 12.076587479918414, 0.0 ], [ 93.078373617018386, 12.076533117647806, 0.0 ] ] ], [ [ [ 93.079623186638017, 12.077216075850757, 0.0 ], [ 93.079954096441924, 12.076474572342169, 0.0 ], [ 93.079457848069353, 12.076827188271229, 0.0 ], [ 93.079623186638017, 12.077216075850757, 0.0 ] ] ], [ [ [ 93.082370489173698, 12.078270016298413, 0.0 ], [ 93.082843629056725, 12.078871462695442, 0.0 ], [ 93.082829929832869, 12.078274600652433, 0.0 ], [ 93.082370489173698, 12.078270016298413, 0.0 ] ] ], [ [ [ 93.123656770236792, 12.148747028530028, 0.0 ], [ 93.117664256686226, 12.129941545416429, 0.0 ], [ 93.111524944069785, 12.129783163105282, 0.0 ], [ 93.108564918327687, 12.14494863787726, 0.0 ], [ 93.123656770236792, 12.148747028530028, 0.0 ] ] ], [ [ [ 93.106566354368795, 12.260830570290189, 0.0 ], [ 93.104475658187937, 12.211574631129984, 0.0 ], [ 93.100118795082366, 12.200419523902982, 0.0 ], [ 93.087736606473712, 12.227342515172532, 0.0 ], [ 93.083426648960696, 12.216781588730228, 0.0 ], [ 93.061808911268855, 12.233453641732092, 0.0 ], [ 93.072525772652909, 12.262264160454869, 0.0 ], [ 93.085483268687085, 12.238386123535216, 0.0 ], [ 93.106566354368795, 12.260830570290189, 0.0 ] ] ], [ [ [ 93.080277636948878, 13.294890590475369, 0.0 ], [ 93.079935986065053, 13.295134678823345, 0.0 ], [ 93.080323773547363, 13.295035278642217, 0.0 ], [ 93.080277636948878, 13.294890590475369, 0.0 ] ] ], [ [ [ 93.078190924812432, 13.295667877487981, 0.0 ], [ 93.077830810208852, 13.295893874764699, 0.0 ], [ 93.078070831488404, 13.296038597799651, 0.0 ], [ 93.078190924812432, 13.295667877487981, 0.0 ] ] ], [ [ [ 93.078380108808133, 13.296120035948498, 0.0 ], [ 93.078633997382269, 13.296169815352588, 0.0 ], [ 93.078514009817866, 13.295970858878965, 0.0 ], [ 93.078380108808133, 13.296120035948498, 0.0 ] ] ], [ [ [ 93.078781626425013, 13.296667179989937, 0.0 ], [ 93.07850004761768, 13.296576704235322, 0.0 ], [ 93.078620017966401, 13.296866085475715, 0.0 ], [ 93.078781626425013, 13.296667179989937, 0.0 ] ] ], [ [ [ 93.082128339657046, 13.297391154655509, 0.0 ], [ 93.081777553377876, 13.297070088232511, 0.0 ], [ 93.081925197296002, 13.297522237833505, 0.0 ], [ 93.082128339657046, 13.297391154655509, 0.0 ] ] ], [ [ [ 93.080041702240905, 13.297671119133556, 0.0 ], [ 93.079704711456301, 13.297657496427965, 0.0 ], [ 93.079926246255368, 13.297933331438927, 0.0 ], [ 93.080041702240905, 13.297671119133556, 0.0 ] ] ], [ [ [ 93.080544799370088, 13.298145937224076, 0.0 ], [ 93.081029447629732, 13.298539368374588, 0.0 ], [ 93.08079409342065, 13.298087202958241, 0.0 ], [ 93.080544799370088, 13.298145937224076, 0.0 ] ] ], [ [ [ 93.081371052985503, 13.298566553405317, 0.0 ], [ 93.081204807281964, 13.298887533821398, 0.0 ], [ 93.081458702161086, 13.298919225579077, 0.0 ], [ 93.081371052985503, 13.298566553405317, 0.0 ] ] ], [ [ [ 93.082095629182191, 13.299687943826674, 0.0 ], [ 93.081910928432308, 13.299950145567372, 0.0 ], [ 93.082012478908098, 13.300008938706178, 0.0 ], [ 93.082095629182191, 13.299687943826674, 0.0 ] ] ], [ [ [ 93.082547997399871, 13.299905038027939, 0.0 ], [ 93.082326353847407, 13.300239574418965, 0.0 ], [ 93.082515635352948, 13.300180829567591, 0.0 ], [ 93.082547997399871, 13.299905038027939, 0.0 ] ] ], [ [ [ 93.08282955523876, 13.300153753016867, 0.0 ], [ 93.083004953347526, 13.300298461715544, 0.0 ], [ 93.08303729312, 13.300153787033734, 0.0 ], [ 93.08282955523876, 13.300153753016867, 0.0 ] ] ], [ [ [ 93.080943639948842, 13.366285572272577, 0.0 ], [ 93.080643488056353, 13.366312648627661, 0.0 ], [ 93.080929763476718, 13.36641668511032, 0.0 ], [ 93.080943639948842, 13.366285572272577, 0.0 ] ] ], [ [ [ 93.081368440757672, 13.366416758953365, 0.0 ], [ 93.081128299092086, 13.366552355085586, 0.0 ], [ 93.081340694947883, 13.366642815213284, 0.0 ], [ 93.081368440757672, 13.366416758953365, 0.0 ] ] ], [ [ [ 93.080878918284483, 13.366706035034589, 0.0 ], [ 93.080643391718979, 13.366855195842479, 0.0 ], [ 93.080832709500555, 13.366891397102989, 0.0 ], [ 93.080878918284483, 13.366706035034589, 0.0 ] ] ], [ [ [ 93.08225026673918, 13.367271416007743, 0.0 ], [ 93.082070142676514, 13.367474840812926, 0.0 ], [ 93.082324115537261, 13.367470361088877, 0.0 ], [ 93.08225026673918, 13.367271416007743, 0.0 ] ] ], [ [ [ 93.081617702474176, 13.366945783819242, 0.0 ], [ 93.08121539540106, 13.370214561615381, 0.0 ], [ 93.082928735373102, 13.369229215785259, 0.0 ], [ 93.081617702474176, 13.366945783819242, 0.0 ] ] ], [ [ [ 93.077981806451817, 13.376521106912092, 0.0 ], [ 93.077616961794874, 13.376706411010167, 0.0 ], [ 93.077926344480062, 13.376774285639454, 0.0 ], [ 93.077981806451817, 13.376521106912092, 0.0 ] ] ], [ [ [ 93.0800551310397, 13.377005241644394, 0.0 ], [ 93.079741180565719, 13.376657053242065, 0.0 ], [ 93.079778060165282, 13.377005194045505, 0.0 ], [ 93.0800551310397, 13.377005241644394, 0.0 ] ] ], [ [ [ 93.0797597136674, 13.376313443526822, 0.0 ], [ 93.078027851661489, 13.377230946708856, 0.0 ], [ 93.079015979258855, 13.377746541355373, 0.0 ], [ 93.0797597136674, 13.376313443526822, 0.0 ] ] ], [ [ [ 93.07783851026889, 13.377280646000408, 0.0 ], [ 93.077524479262479, 13.377371014183488, 0.0 ], [ 93.077690701244364, 13.377479553101741, 0.0 ], [ 93.07783851026889, 13.377280646000408, 0.0 ] ] ], [ [ [ 93.083298291304388, 13.396302334664034, 0.0 ], [ 93.082928818126916, 13.396397220963424, 0.0 ], [ 93.083113510348397, 13.396614269253893, 0.0 ], [ 93.083298291304388, 13.396302334664034, 0.0 ] ] ], [ [ [ 93.08182970538671, 13.396256885602947, 0.0 ], [ 93.082254225531514, 13.398354798660941, 0.0 ], [ 93.08275336810776, 13.396139483736933, 0.0 ], [ 93.08182970538671, 13.396256885602947, 0.0 ] ] ], [ [ [ 93.085802925873324, 13.416101098802619, 0.0 ], [ 93.090749950545899, 13.412308488727104, 0.0 ], [ 93.090205718346013, 13.40677898012245, 0.0 ], [ 93.085802925873324, 13.416101098802619, 0.0 ] ] ], [ [ [ 93.086673345017559, 13.432689522907332, 0.0 ], [ 93.087384796950133, 13.43174469342558, 0.0 ], [ 93.086664350118568, 13.431070931686914, 0.0 ], [ 93.086673345017559, 13.432689522907332, 0.0 ] ] ], [ [ [ 93.095980628044131, 13.431153482635871, 0.0 ], [ 93.104326603906927, 13.435652830965692, 0.0 ], [ 93.104424104023749, 13.429110663315265, 0.0 ], [ 93.095980628044131, 13.431153482635871, 0.0 ] ] ], [ [ [ 93.107993058026025, 13.655777221976896, 0.0 ], [ 93.108538459393586, 13.656283439354068, 0.0 ], [ 93.108330448294026, 13.655750128631164, 0.0 ], [ 93.107993058026025, 13.655777221976896, 0.0 ] ] ], [ [ [ 93.110812220713768, 13.657395443414108, 0.0 ], [ 93.110350097201817, 13.657829314297206, 0.0 ], [ 93.11050253848255, 13.657955838074766, 0.0 ], [ 93.110812220713768, 13.657395443414108, 0.0 ] ] ], [ [ [ 93.106310617291498, 13.657521742926804, 0.0 ], [ 93.105922396246996, 13.658231272831529, 0.0 ], [ 93.106232005617372, 13.658104729827267, 0.0 ], [ 93.106310617291498, 13.657521742926804, 0.0 ] ] ], [ [ [ 93.10786329714837, 13.661196289140968, 0.0 ], [ 93.107165404784325, 13.661499053717318, 0.0 ], [ 93.1073455964831, 13.66164826335701, 0.0 ], [ 93.10786329714837, 13.661196289140968, 0.0 ] ] ], [ [ [ 93.847564244554576, 6.782011768914356, 0.0 ], [ 93.847942677742608, 6.781672483149783, 0.0 ], [ 93.847433749884601, 6.782037867170012, 0.0 ], [ 93.847564244554576, 6.782011768914356, 0.0 ] ] ], [ [ [ 93.949683225274484, 6.935861869825483, 0.0 ], [ 93.950180665035958, 6.93408936526358, 0.0 ], [ 93.949307530873199, 6.935016391902087, 0.0 ], [ 93.949683225274484, 6.935861869825483, 0.0 ] ] ], [ [ [ 93.952937300057727, 6.937903600170818, 0.0 ], [ 93.953294200653488, 6.937845500000965, 0.0 ], [ 93.953061800134378, 6.93763800019926, 0.0 ], [ 93.952937300057727, 6.937903600170818, 0.0 ] ] ], [ [ [ 93.946264100698954, 6.95394749977795, 0.0 ], [ 93.946206000146404, 6.95383960038002, 0.0 ], [ 93.94618109999692, 6.953972399887245, 0.0 ], [ 93.946264100698954, 6.95394749977795, 0.0 ] ] ], [ [ [ 93.947343099996644, 6.95408859999805, 0.0 ], [ 93.947658500766778, 6.954254600506166, 0.0 ], [ 93.947567200144405, 6.953964100613607, 0.0 ], [ 93.947343099996644, 6.95408859999805, 0.0 ] ] ], [ [ [ 93.945940400702412, 6.956470700063563, 0.0 ], [ 93.94587400059153, 6.956329600325771, 0.0 ], [ 93.945857400196644, 6.956462399994522, 0.0 ], [ 93.945940400702412, 6.956470700063563, 0.0 ] ] ], [ [ [ 93.944313600694528, 6.987105999945223, 0.0 ], [ 93.94433850052674, 6.986782299906997, 0.0 ], [ 93.944172500032792, 6.986915100362545, 0.0 ], [ 93.944313600694528, 6.987105999945223, 0.0 ] ] ], [ [ [ 93.945293000747753, 6.991978099900477, 0.0 ], [ 93.945185100732928, 6.991803799834455, 0.0 ], [ 93.945168500413814, 6.991944900156563, 0.0 ], [ 93.945293000747753, 6.991978099900477, 0.0 ] ] ], [ [ [ 93.944404900531197, 6.991646099939719, 0.0 ], [ 93.94428870065498, 6.992301800665764, 0.0 ], [ 93.945068900463454, 6.991944900201251, 0.0 ], [ 93.944404900531197, 6.991646099939719, 0.0 ] ] ], [ [ [ 93.837388361872854, 7.244667888631251, 0.0 ], [ 93.838789678500632, 7.216399721311587, 0.0 ], [ 93.869948414403396, 7.204713170201884, 0.0 ], [ 93.881043652875974, 7.089690829872295, 0.0 ], [ 93.901764605853444, 7.081497159340405, 0.0 ], [ 93.912442053886537, 7.025135768406292, 0.0 ], [ 93.944629641847527, 7.00140315719969, 0.0 ], [ 93.933436617118218, 6.988870060501923, 0.0 ], [ 93.923428739900388, 7.009508343307316, 0.0 ], [ 93.90987861273868, 6.999317083130483, 0.0 ], [ 93.941351090779037, 6.954342592813862, 0.0 ], [ 93.915377016706756, 6.947282902996078, 0.0 ], [ 93.909682069574686, 6.910636245304947, 0.0 ], [ 93.891474818122575, 6.901196276180849, 0.0 ], [ 93.897723530172655, 6.813464360997241, 0.0 ], [ 93.87598728577386, 6.793226355483617, 0.0 ], [ 93.862411790544485, 6.813532573126968, 0.0 ], [ 93.84701796242129, 6.811338971065595, 0.0 ], [ 93.854938509732634, 6.819989095717636, 0.0 ], [ 93.855245801760688, 6.826197161452241, 0.0 ], [ 93.855101027507658, 6.827838550575574, 0.0 ], [ 93.850540703192948, 6.83332294471827, 0.0 ], [ 93.847206529412531, 6.834959554193653, 0.0 ], [ 93.841980855726348, 6.778498552442082, 0.0 ], [ 93.822479035383154, 6.752782631992987, 0.0 ], [ 93.79915130067404, 6.766185984200828, 0.0 ], [ 93.809869673421659, 6.811972857244997, 0.0 ], [ 93.795489469170349, 6.809511036217246, 0.0 ], [ 93.777756755052138, 6.832228551262467, 0.0 ], [ 93.785611946629871, 6.846902488748415, 0.0 ], [ 93.762626413139955, 6.862894838620046, 0.0 ], [ 93.776860236962165, 6.880477758419111, 0.0 ], [ 93.73170887466452, 6.921883601145214, 0.0 ], [ 93.741010966154519, 6.956258874388833, 0.0 ], [ 93.726349104962878, 6.958804684798052, 0.0 ], [ 93.715605340118941, 6.9895474331925, 0.0 ], [ 93.719808858315432, 6.99084201175096, 0.0 ], [ 93.722072888781696, 6.986705584232223, 0.0 ], [ 93.725092738229307, 6.982185010726401, 0.0 ], [ 93.731203928631558, 6.975395617187474, 0.0 ], [ 93.732760825898339, 6.974717885203006, 0.0 ], [ 93.733819585561747, 6.975048201582095, 0.0 ], [ 93.736945924906806, 6.976921034483257, 0.0 ], [ 93.735697672523429, 6.989906522233207, 0.0 ], [ 93.73844936169148, 6.989030166686187, 0.0 ], [ 93.738951380258257, 6.989803471059208, 0.0 ], [ 93.738153647819388, 6.994247830207486, 0.0 ], [ 93.733107523288822, 6.995516891729316, 0.0 ], [ 93.737342573000092, 6.997869365517952, 0.0 ], [ 93.73764413201971, 7.000004472796208, 0.0 ], [ 93.732853974614571, 6.995765487790184, 0.0 ], [ 93.733072900363084, 6.97502991410706, 0.0 ], [ 93.717499545669952, 6.994991978954255, 0.0 ], [ 93.695992263369007, 6.992003756573125, 0.0 ], [ 93.693104895261982, 7.009635441015465, 0.0 ], [ 93.698680348217167, 7.009734099454382, 0.0 ], [ 93.701273576335396, 7.010398322077672, 0.0 ], [ 93.703219842519147, 7.011835876187642, 0.0 ], [ 93.701478072836977, 7.015408206468651, 0.0 ], [ 93.698183932296672, 7.018533022080003, 0.0 ], [ 93.700719018740386, 7.023144606551997, 0.0 ], [ 93.700728274422488, 7.024428752612892, 0.0 ], [ 93.70008124905489, 7.025360208612393, 0.0 ], [ 93.697791193715332, 7.024912985365596, 0.0 ], [ 93.695342475356924, 7.02291028457331, 0.0 ], [ 93.701794143570979, 7.011004121798423, 0.0 ], [ 93.655026835952924, 7.005493187093545, 0.0 ], [ 93.66697115945081, 7.022565522664037, 0.0 ], [ 93.644391387808952, 7.10068514748808, 0.0 ], [ 93.65433640365994, 7.10913079989785, 0.0 ], [ 93.661990764840397, 7.109437783054849, 0.0 ], [ 93.661773528382199, 7.1105771717277, 0.0 ], [ 93.665829346472947, 7.110780308726395, 0.0 ], [ 93.667273412070273, 7.112606833307578, 0.0 ], [ 93.648397716208564, 7.110668444677405, 0.0 ], [ 93.643179325166216, 7.127276219078475, 0.0 ], [ 93.664994605848136, 7.141987774041563, 0.0 ], [ 93.66083720551697, 7.177418550412061, 0.0 ], [ 93.676326427914248, 7.193038808081075, 0.0 ], [ 93.722155595969326, 7.18901177418245, 0.0 ], [ 93.749293677538219, 7.215918187586081, 0.0 ], [ 93.792066838552486, 7.20826400875316, 0.0 ], [ 93.79622742433483, 7.235429850384623, 0.0 ], [ 93.837388361872854, 7.244667888631251, 0.0 ] ] ], [ [ [ 93.946639300431613, 7.011690900645541, 0.0 ], [ 93.946861700159488, 7.011466499888773, 0.0 ], [ 93.946695700019774, 7.011383500753643, 0.0 ], [ 93.946639300431613, 7.011690900645541, 0.0 ] ] ], [ [ [ 93.945417500089277, 7.012960500314581, 0.0 ], [ 93.945281800438948, 7.012837200238702, 0.0 ], [ 93.945276400106664, 7.012943900275967, 0.0 ], [ 93.945417500089277, 7.012960500314581, 0.0 ] ] ], [ [ [ 93.926943500604537, 7.028354399890329, 0.0 ], [ 93.926875300005477, 7.02824910059336, 0.0 ], [ 93.926858700137402, 7.028348699943757, 0.0 ], [ 93.926943500604537, 7.028354399890329, 0.0 ] ] ], [ [ [ 93.90305219220636, 7.077629149974582, 0.0 ], [ 93.9041415604256, 7.077750190584904, 0.0 ], [ 93.904504683525502, 7.077144986165981, 0.0 ], [ 93.90305219220636, 7.077629149974582, 0.0 ] ] ], [ [ [ 93.713604699910235, 7.221300699779135, 0.0 ], [ 93.718774700195709, 7.206098699896333, 0.0 ], [ 93.709688699908284, 7.230012699546317, 0.0 ], [ 93.713604699910235, 7.221300699779135, 0.0 ] ] ], [ [ [ 93.799485717752077, 7.245522266785163, 0.0 ], [ 93.787451179320811, 7.243150846032747, 0.0 ], [ 93.797846100958012, 7.248827207819497, 0.0 ], [ 93.799485717752077, 7.245522266785163, 0.0 ] ] ], [ [ [ 93.84586869981726, 7.285452699440837, 0.0 ], [ 93.847276700564208, 7.28961069986029, 0.0 ], [ 93.847980699898841, 7.289478699461585, 0.0 ], [ 93.84586869981726, 7.285452699440837, 0.0 ] ] ], [ [ [ 93.62143155563524, 7.330606591413342, 0.0 ], [ 93.619470678731247, 7.325180837907818, 0.0 ], [ 93.617002459295463, 7.330846149839897, 0.0 ], [ 93.62143155563524, 7.330606591413342, 0.0 ] ] ], [ [ [ 93.700277774833964, 7.447172130679097, 0.0 ], [ 93.709696367540218, 7.405071365861959, 0.0 ], [ 93.74383225417742, 7.361449798140018, 0.0 ], [ 93.713600313691998, 7.311368145413337, 0.0 ], [ 93.674874906163168, 7.29185939941798, 0.0 ], [ 93.63580805784143, 7.242813979432189, 0.0 ], [ 93.60709450316692, 7.310508333509734, 0.0 ], [ 93.623315469769054, 7.32279805902001, 0.0 ], [ 93.619438372289821, 7.374256676068597, 0.0 ], [ 93.654924903180699, 7.385184043580799, 0.0 ], [ 93.656305007011724, 7.365963236998166, 0.0 ], [ 93.670293271707465, 7.391151064785761, 0.0 ], [ 93.70180406348031, 7.393638055546758, 0.0 ], [ 93.689884439318604, 7.404224665919856, 0.0 ], [ 93.700277774833964, 7.447172130679097, 0.0 ] ] ], [ [ [ 93.766602699697259, 7.403922700424826, 0.0 ], [ 93.768296699890172, 7.394484699876415, 0.0 ], [ 93.761784700159879, 7.398334700332762, 0.0 ], [ 93.766602699697259, 7.403922700424826, 0.0 ] ] ], [ [ [ 93.683832527907981, 7.400255657980802, 0.0 ], [ 93.669869030377996, 7.406044723376706, 0.0 ], [ 93.675463595907047, 7.412514347232441, 0.0 ], [ 93.683832527907981, 7.400255657980802, 0.0 ] ] ], [ [ [ 93.630504299300824, 7.472317652853692, 0.0 ], [ 93.631306130615712, 7.471978576422956, 0.0 ], [ 93.631328708153347, 7.471607779768085, 0.0 ], [ 93.630504299300824, 7.472317652853692, 0.0 ] ] ], [ [ [ 93.650420700238968, 7.471176700310822, 0.0 ], [ 93.645624700099987, 7.477116699730249, 0.0 ], [ 93.651102699806373, 7.474432700058245, 0.0 ], [ 93.650420700238968, 7.471176700310822, 0.0 ] ] ], [ [ [ 93.623278613687944, 7.481509753470839, 0.0 ], [ 93.618449417681958, 7.482445683043252, 0.0 ], [ 93.618965832447955, 7.483417775914759, 0.0 ], [ 93.623278613687944, 7.481509753470839, 0.0 ] ] ], [ [ [ 93.642916391690136, 8.395322584806292, 0.0 ], [ 93.64351990869433, 8.38922800791457, 0.0 ], [ 93.633804015935837, 8.394676439449377, 0.0 ], [ 93.642916391690136, 8.395322584806292, 0.0 ] ] ], [ [ [ 93.635877299611849, 8.392793999542594, 0.0 ], [ 93.635628300038718, 8.392528399457809, 0.0 ], [ 93.63548719931417, 8.392652899652798, 0.0 ], [ 93.635877299611849, 8.392793999542594, 0.0 ] ] ], [ [ [ 93.625667901846398, 8.394495699505651, 0.0 ], [ 93.625885852996348, 8.394188190079245, 0.0 ], [ 93.625463659231229, 8.394061598879901, 0.0 ], [ 93.625667901846398, 8.394495699505651, 0.0 ] ] ], [ [ [ 93.631688291855468, 8.395209954871127, 0.0 ], [ 93.631438596675579, 8.394531810371626, 0.0 ], [ 93.631234318758288, 8.39497940555486, 0.0 ], [ 93.631688291855468, 8.395209954871127, 0.0 ] ] ], [ [ [ 93.62730692085232, 8.395011092592963, 0.0 ], [ 93.627338708222823, 8.394726219389325, 0.0 ], [ 93.627193469003757, 8.394780448036968, 0.0 ], [ 93.62730692085232, 8.395011092592963, 0.0 ] ] ], [ [ [ 93.627261538863678, 8.395313986661959, 0.0 ], [ 93.627143534021272, 8.395133186832235, 0.0 ], [ 93.627116269750118, 8.395350125730008, 0.0 ], [ 93.627261538863678, 8.395313986661959, 0.0 ] ] ], [ [ [ 93.626035712544947, 8.39588368151767, 0.0 ], [ 93.626226422691673, 8.395580737422122, 0.0 ], [ 93.62604933141462, 8.395540045845237, 0.0 ], [ 93.626035712544947, 8.39588368151767, 0.0 ] ] ], [ [ [ 93.634258800146824, 8.3967364997517, 0.0 ], [ 93.633603099328582, 8.396794600064529, 0.0 ], [ 93.633719299848963, 8.39784040004418, 0.0 ], [ 93.634258800146824, 8.3967364997517, 0.0 ] ] ], [ [ [ 93.625241127748126, 8.397863957834213, 0.0 ], [ 93.624787159061711, 8.396557334621626, 0.0 ], [ 93.624582843726756, 8.397895664415177, 0.0 ], [ 93.625241127748126, 8.397863957834213, 0.0 ] ] ], [ [ [ 93.624351301023836, 8.39703206624942, 0.0 ], [ 93.623824571748287, 8.39850594634205, 0.0 ], [ 93.624001645995591, 8.39859186330961, 0.0 ], [ 93.624351301023836, 8.39703206624942, 0.0 ] ] ], [ [ [ 93.623116269023768, 8.398157845806221, 0.0 ], [ 93.623284314348169, 8.397936342787688, 0.0 ], [ 93.623152611046606, 8.397936279237857, 0.0 ], [ 93.623116269023768, 8.398157845806221, 0.0 ] ] ], [ [ [ 93.622989185434548, 8.398605495404105, 0.0 ], [ 93.623157154128691, 8.398392947575855, 0.0 ], [ 93.623016423096075, 8.398370377098102, 0.0 ], [ 93.622989185434548, 8.398605495404105, 0.0 ] ] ], [ [ [ 93.623370519063798, 8.39862352488359, 0.0 ], [ 93.62352947368214, 8.39839751391079, 0.0 ], [ 93.623415976951392, 8.398365855471612, 0.0 ], [ 93.623370519063798, 8.39862352488359, 0.0 ] ] ], [ [ [ 93.623170763317702, 8.399066586728193, 0.0 ], [ 93.623279777119663, 8.398849609107742, 0.0 ], [ 93.623089017495701, 8.398953565198436, 0.0 ], [ 93.623170763317702, 8.399066586728193, 0.0 ] ] ], [ [ [ 93.623184356631, 8.399274596958636, 0.0 ], [ 93.623420467723179, 8.399301719852225, 0.0 ], [ 93.623406913245859, 8.399175113301762, 0.0 ], [ 93.623184356631, 8.399274596958636, 0.0 ] ] ], [ [ [ 93.632465999809938, 8.399591699643612, 0.0 ], [ 93.632333200023083, 8.399417399401022, 0.0 ], [ 93.632275099512412, 8.399483799631513, 0.0 ], [ 93.632465999809938, 8.399591699643612, 0.0 ] ] ], [ [ [ 93.622893841904329, 8.40044555239605, 0.0 ], [ 93.623148107580619, 8.40023766082304, 0.0 ], [ 93.623002794834932, 8.40013360356193, 0.0 ], [ 93.622893841904329, 8.40044555239605, 0.0 ] ] ], [ [ [ 93.622412505440494, 8.400486291464764, 0.0 ], [ 93.622616836794478, 8.400291865920263, 0.0 ], [ 93.622367125535121, 8.400337122980799, 0.0 ], [ 93.622412505440494, 8.400486291464764, 0.0 ] ] ], [ [ [ 93.622635016988951, 8.400870617481807, 0.0 ], [ 93.622866574262787, 8.400775642212365, 0.0 ], [ 93.622812048719283, 8.400644487129307, 0.0 ], [ 93.622635016988951, 8.400870617481807, 0.0 ] ] ], [ [ [ 93.62219911397456, 8.401150882758264, 0.0 ], [ 93.622221843268107, 8.400879591662799, 0.0 ], [ 93.622131065993074, 8.400970093046181, 0.0 ], [ 93.62219911397456, 8.401150882758264, 0.0 ] ] ], [ [ [ 93.622412553277329, 8.402055121974122, 0.0 ], [ 93.622648614156475, 8.401878826243998, 0.0 ], [ 93.622394411899961, 8.401842686839656, 0.0 ], [ 93.622412553277329, 8.402055121974122, 0.0 ] ] ], [ [ [ 93.623377499475382, 8.417171099991448, 0.0 ], [ 93.623750999823173, 8.417370299933131, 0.0 ], [ 93.623593299326771, 8.417013399516959, 0.0 ], [ 93.623377499475382, 8.417171099991448, 0.0 ] ] ], [ [ [ 93.622754999736784, 8.41884769939867, 0.0 ], [ 93.622505999435845, 8.418930699751167, 0.0 ], [ 93.622630499846252, 8.41899709969659, 0.0 ], [ 93.622754999736784, 8.41884769939867, 0.0 ] ] ], [ [ [ 93.622331700129521, 8.420059499715135, 0.0 ], [ 93.622754999396491, 8.41963619979248, 0.0 ], [ 93.622547499380403, 8.419387199611799, 0.0 ], [ 93.622331700129521, 8.420059499715135, 0.0 ] ] ], [ [ [ 93.622207200112385, 8.420997399863374, 0.0 ], [ 93.622082699232664, 8.420723499521163, 0.0 ], [ 93.622066100117877, 8.420980799617567, 0.0 ], [ 93.622207200112385, 8.420997399863374, 0.0 ] ] ], [ [ [ 93.62210759973145, 8.421794199664555, 0.0 ], [ 93.621924999349375, 8.421760999567537, 0.0 ], [ 93.621991399973979, 8.421885499716618, 0.0 ], [ 93.62210759973145, 8.421794199664555, 0.0 ] ] ], [ [ [ 93.620314799812789, 8.425852900102706, 0.0 ], [ 93.620430999818382, 8.425877800006681, 0.0 ], [ 93.620406099784191, 8.425819699752147, 0.0 ], [ 93.620314799812789, 8.425852900102706, 0.0 ] ] ], [ [ [ 93.620032600081302, 8.427720400159458, 0.0 ], [ 93.620032599850518, 8.427595900149567, 0.0 ], [ 93.619974499937442, 8.427604199873219, 0.0 ], [ 93.620032600081302, 8.427720400159458, 0.0 ] ] ], [ [ [ 93.626481699619674, 8.428757899896199, 0.0 ], [ 93.626282499409456, 8.428998599360312, 0.0 ], [ 93.626697499472613, 8.428965400213412, 0.0 ], [ 93.626481699619674, 8.428757899896199, 0.0 ] ] ], [ [ [ 93.616272699319438, 8.454554300040037, 0.0 ], [ 93.616156499631458, 8.454355099967364, 0.0 ], [ 93.616139900126257, 8.454462999922304, 0.0 ], [ 93.616272699319438, 8.454554300040037, 0.0 ] ] ], [ [ [ 93.617849700097963, 8.455342799702326, 0.0 ], [ 93.617932699655313, 8.454969299663542, 0.0 ], [ 93.617816499427022, 8.454902899654915, 0.0 ], [ 93.617849700097963, 8.455342799702326, 0.0 ] ] ], [ [ [ 93.617119299801161, 8.455400899965021, 0.0 ], [ 93.617144199679217, 8.455541999527128, 0.0 ], [ 93.617301899712956, 8.455467299713693, 0.0 ], [ 93.617119299801161, 8.455400899965021, 0.0 ] ] ], [ [ [ 93.616529999375615, 8.45577439977561, 0.0 ], [ 93.616496799588262, 8.456496499403915, 0.0 ], [ 93.617127599583554, 8.456156199630087, 0.0 ], [ 93.616529999375615, 8.45577439977561, 0.0 ] ] ], [ [ [ 93.617509399514816, 8.456305599951907, 0.0 ], [ 93.617550899900976, 8.456023400234022, 0.0 ], [ 93.617384899868327, 8.45615619937168, 0.0 ], [ 93.617509399514816, 8.456305599951907, 0.0 ] ] ], [ [ [ 93.620015999728608, 8.458778999584025, 0.0 ], [ 93.620439299465517, 8.458928399676941, 0.0 ], [ 93.620572099795368, 8.458770699631254, 0.0 ], [ 93.620015999728608, 8.458778999584025, 0.0 ] ] ], [ [ [ 93.625468360065852, 8.470266819382518, 0.0 ], [ 93.625831580341341, 8.470782244179194, 0.0 ], [ 93.62592694788593, 8.47037534589704, 0.0 ], [ 93.625468360065852, 8.470266819382518, 0.0 ] ] ], [ [ [ 93.628733548799389, 8.487637299420683, 0.0 ], [ 93.629314823900941, 8.487198683055379, 0.0 ], [ 93.629174084755775, 8.486968177409581, 0.0 ], [ 93.628733548799389, 8.487637299420683, 0.0 ] ] ], [ [ [ 93.628447482864644, 8.487931173727048, 0.0 ], [ 93.628502020126362, 8.488170773697497, 0.0 ], [ 93.628697217244081, 8.487922088267828, 0.0 ], [ 93.628447482864644, 8.487931173727048, 0.0 ] ] ], [ [ [ 93.600214927769784, 8.544974724488108, 0.0 ], [ 93.606917779385924, 8.569959171998715, 0.0 ], [ 93.607240320329367, 8.56889671448927, 0.0 ], [ 93.610170175650552, 8.565885785953839, 0.0 ], [ 93.608381110834642, 8.552019203087953, 0.0 ], [ 93.611670235100917, 8.532537460605321, 0.0 ], [ 93.614699759105378, 8.528626759772965, 0.0 ], [ 93.625536578992268, 8.523694229097856, 0.0 ], [ 93.621471857249915, 8.507621345768577, 0.0 ], [ 93.632348109115298, 8.467721297324504, 0.0 ], [ 93.626431071036507, 8.47145141433581, 0.0 ], [ 93.61718536973838, 8.468078478413004, 0.0 ], [ 93.61259109387278, 8.423214267345582, 0.0 ], [ 93.606918963645342, 8.444599447809127, 0.0 ], [ 93.61376607743955, 8.462331975677076, 0.0 ], [ 93.60944218428439, 8.481474564082188, 0.0 ], [ 93.619210367731213, 8.486606414297896, 0.0 ], [ 93.612065582628574, 8.526320876239394, 0.0 ], [ 93.600214927769784, 8.544974724488108, 0.0 ] ] ], [ [ [ 93.613932991811225, 8.501666806052294, 0.0 ], [ 93.614486986803499, 8.501987837746237, 0.0 ], [ 93.614496110934766, 8.501612553398893, 0.0 ], [ 93.613932991811225, 8.501666806052294, 0.0 ] ] ], [ [ [ 93.614350796520313, 8.502729275633497, 0.0 ], [ 93.614409823838557, 8.502426361971676, 0.0 ], [ 93.614200923756528, 8.50263888358783, 0.0 ], [ 93.614350796520313, 8.502729275633497, 0.0 ] ] ], [ [ [ 93.624360245263105, 8.503131762187087, 0.0 ], [ 93.624455604403849, 8.502996117815469, 0.0 ], [ 93.624296671023785, 8.502978101553479, 0.0 ], [ 93.624360245263105, 8.503131762187087, 0.0 ] ] ], [ [ [ 93.624169556634669, 8.503140841414025, 0.0 ], [ 93.624028734497486, 8.503366916093801, 0.0 ], [ 93.62416951486891, 8.503339736235606, 0.0 ], [ 93.624169556634669, 8.503140841414025, 0.0 ] ] ], [ [ [ 93.614545990833506, 8.504578453609058, 0.0 ], [ 93.614427888179236, 8.504469921814872, 0.0 ], [ 93.614468813886404, 8.504610142012185, 0.0 ], [ 93.614545990833506, 8.504578453609058, 0.0 ] ] ], [ [ [ 93.614695909943393, 8.504754772117048, 0.0 ], [ 93.614968360376835, 8.504854287224919, 0.0 ], [ 93.614968377762935, 8.504637211174261, 0.0 ], [ 93.614695909943393, 8.504754772117048, 0.0 ] ] ], [ [ [ 93.622929685855809, 8.504840809719433, 0.0 ], [ 93.622979642809838, 8.505057805767196, 0.0 ], [ 93.623143081742185, 8.504827262997557, 0.0 ], [ 93.622929685855809, 8.504840809719433, 0.0 ] ] ], [ [ [ 93.614328047414929, 8.504818034103174, 0.0 ], [ 93.614314342047876, 8.505111922088895, 0.0 ], [ 93.614468799204374, 8.504885919280486, 0.0 ], [ 93.614328047414929, 8.504818034103174, 0.0 ] ] ], [ [ [ 93.614591392041547, 8.505645490320999, 0.0 ], [ 93.614405201896247, 8.505342511997664, 0.0 ], [ 93.614396072021677, 8.505600213546952, 0.0 ], [ 93.614591392041547, 8.505645490320999, 0.0 ] ] ], [ [ [ 93.622003137264116, 8.507707236316337, 0.0 ], [ 93.622053101958556, 8.507928754275238, 0.0 ], [ 93.622148540315536, 8.507897125991301, 0.0 ], [ 93.622003137264116, 8.507707236316337, 0.0 ] ] ], [ [ [ 93.619445975350089, 8.527568839268682, 0.0 ], [ 93.619586807933445, 8.527342766349845, 0.0 ], [ 93.619450582581067, 8.527270444209437, 0.0 ], [ 93.619445975350089, 8.527568839268682, 0.0 ] ] ], [ [ [ 93.615190287998431, 8.529291319129879, 0.0 ], [ 93.615394682692681, 8.529549043444462, 0.0 ], [ 93.615485523900048, 8.529309483133796, 0.0 ], [ 93.615190287998431, 8.529291319129879, 0.0 ] ] ], [ [ [ 93.85659320657102, 12.300561753350513, 0.0 ], [ 93.866683794236636, 12.274761261482743, 0.0 ], [ 93.841372294637083, 12.270750038379582, 0.0 ], [ 93.840256891963065, 12.295380196492042, 0.0 ], [ 93.85659320657102, 12.300561753350513, 0.0 ] ] ], [ [ [ 94.266461656154448, 13.46256270832704, 0.0 ], [ 94.263220483518509, 13.440794302718453, 0.0 ], [ 94.245303884169331, 13.43286273851087, 0.0 ], [ 94.247566211815212, 13.459801478785577, 0.0 ], [ 94.266461656154448, 13.46256270832704, 0.0 ] ] ] ] } }
]
}
