{"type":"FeatureCollection","name":"india_states","crs":{"type":"name","properties":{"name":"urn:ogc:def:crs:OGC:1.3:CRS84"}},"features":[{"type":"Feature","properties":{"state":"ANDAMAN AND NICOBAR ISLANDS","id":1},"geometry":{"type":"MultiPolygon","coordinates":[[[[92.52223935465675,10.898953313692655,0],[92.52953987933705,10.86708325232097,0],[92.54222782202292,10.859158407678597,0],[92.53377218952963,10.889966167582019,0],[92.56247631945232,10.862173783316985,0],[92.5674298428266,10.81026821018242,0],[92.56116228750457,10.805385087573068,0],[92.55998670112743,10.80816485865323,0],[92.55850038724336,10.809787288375192,0],[92.54892192816278,10.808026633839345,0],[92.57922086253855,10.785444705570356,0],[92.5615331662853,10.802840215093877,0],[92.571238473396,10.810562741785452,0],[92.58714809213969,10.788108316258164,0],[92.59810203436021,10.67917537054558,0],[92.58026285379019,10.680805344002573,0],[92.58235021217259,10.658030619173836,0],[92.55370337268486,10.64003786406264,0],[92.54069295309894,10.62215999745369,0],[92.53851521158114,10.614908258224732,0],[92.54232245807674,10.59478331178069,0],[92.56989193090925,10.578790666135482,0],[92.53293671679317,10.518548659787593,0],[92.51326433803602,10.51083920023362,0],[92.43505162003216,10.548907648809463,0],[92.3876499331169,10.531532131733808,0],[92.41911758275914,10.615793508312848,0],[92.40112266493945,10.659493622240742,0],[92.38136228975497,10.670280164115097,0],[92.37307326750772,10.782743272490906,0],[92.3836796259124,10.79552712523821,0],[92.3950317436791,10.785591560438176,0],[92.39240283617569,10.775208452398969,0],[92.3952057144628,10.748951376864289,0],[92.39875730152838,10.743942549887796,0],[92.39595482827595,10.760494830385891,0],[92.40347983820968,10.768355416189408,0],[92.40837576852948,10.763993073702233,0],[92.40609425146127,10.75824786966905,0],[92.40841174793259,10.755296000842462,0],[92.41932533457161,10.772576251362944,0],[92.41037805282923,10.76436812878223,0],[92.40258836692067,10.769042466855948,0],[92.39686911556886,10.763139170919786,0],[92.39338579150566,10.775217432136273,0],[92.39390697917406,10.777721737341013,0],[92.39561677715515,10.773947266315755,0],[92.40416128473188,10.775357349112111,0],[92.41059847824552,10.77829067899526,0],[92.39565787116531,10.77485126077753,0],[92.39563070538573,10.786310253777497,0],[92.41689070935564,10.795715943302454,0],[92.42549428734522,10.826805712870417,0],[92.45728548376555,10.841744539344065,0],[92.45450604694827,10.866864321148158,0],[92.49653435967423,10.89705251643056,0],[92.51103535513835,10.871814209927692,0],[92.5024186361379,10.873804295596802,0],[92.49144906091222,10.87147403087975,0],[92.49013733177944,10.859965854901517,0],[92.486136669437,10.862154930529334,0],[92.47681673750823,10.861809665374787,0],[92.49060825183071,10.859635724159919,0],[92.49585732223488,10.870708685412923,0],[92.50034227720876,10.86315370523804,0],[92.50384089796805,10.862535801270479,0],[92.50636937832172,10.863662382770926,0],[92.50798396517771,10.862822271378306,0],[92.49798378628545,10.871189767565584,0],[92.51045067806672,10.869861270907984,0],[92.51788390080219,10.877408298000638,0],[92.50296219930898,10.89771677550212,0],[92.52223935465675,10.898953313692655,0]]],[[[92.62269335663436,10.925803030204323,0],[92.62231372108646,10.923443469026179,0],[92.62074483343042,10.925093390506207,0],[92.62269335663436,10.925803030204323,0]]],[[[92.62133024294474,10.928560357320526,0],[92.61147326198767,10.926417532680171,0],[92.6020089406386,10.936284677261524,0],[92.60847654578465,10.939612032482653,0],[92.62133024294474,10.928560357320526,0]]],[[[92.60618937606051,10.94061983280026,0],[92.60466630186951,10.939331469192815,0],[92.60107083481921,10.941121274260311,0],[92.60618937606051,10.94061983280026,0]]],[[[92.60838954912138,10.942093642410109,0],[92.60721394256304,10.942202014863202,0],[92.60842605089555,10.942523000284357,0],[92.60838954912138,10.942093642410109,0]]],[[[92.60591024601585,10.94318285889222,0],[92.60661470141741,10.942324059879692,0],[92.60607034886978,10.942323990727665,0],[92.60591024601585,10.94318285889222,0]]],[[[92.59845433863224,10.941319884995737,0],[92.5973241673573,10.944922454330031,0],[92.59931885880538,10.941835342890947,0],[92.59845433863224,10.941319884995737,0]]],[[[92.60560815360816,10.945596631248705,0],[92.6032523892048,10.945496991086197,0],[92.6034261406726,10.946355929632496,0],[92.60560815360816,10.945596631248705,0]]],[[[92.60055306293384,10.950930171241058,0],[92.59977081183557,10.951490587328761,0],[92.60076345870557,10.951554018974278,0],[92.60055306293384,10.950930171241058,0]]],[[[92.20998166744208,10.981806745808013,0],[92.2207126065387,10.974358182506803,0],[92.2108947025634,10.974813190151172,0],[92.20998166744208,10.981806745808013,0]]],[[[92.56214558600553,11.39826142787018,0],[92.5558019185829,11.389987670904576,0],[92.55152201984873,11.392563278269176,0],[92.56214558600553,11.39826142787018,0]]],[[[92.55084770735142,11.395876604836783,0],[92.5404425232508,11.39674171693081,0],[92.5499581928121,11.398642918653257,0],[92.55084770735142,11.395876604836783,0]]],[[[92.6365747624049,11.513951456992535,0],[92.67425748473882,11.490403033502275,0],[92.68458559418974,11.436074931675032,0],[92.67101860037579,11.415491402454318,0],[92.6362597944839,11.416878173512242,0],[92.63371628946106,11.403719303654764,0],[92.67479587678703,11.399768750051615,0],[92.69066119032735,11.374528053683283,0],[92.66374286566565,11.352785118770896,0],[92.59765386931586,11.34502499767197,0],[92.57960184166477,11.367439634934358,0],[92.58573170267171,11.39999209367855,0],[92.62178989403345,11.404451730331404,0],[92.61066209469803,11.472307383133465,0],[92.6365747624049,11.513951456992535,0]]],[[[92.61237034356395,11.505776111172793,0],[92.60306151612993,11.5034928410453,0],[92.61502857044707,11.511074158508684,0],[92.61237034356395,11.505776111172793,0]]],[[[92.56051151078158,11.514091449496922,0],[92.56088275049578,11.514358248406062,0],[92.5607590514665,11.51382477010297,0],[92.56051151078158,11.514091449496922,0]]],[[[92.25540153260741,11.51505829708641,0],[92.25913282726418,11.514327470979683,0],[92.25472351183281,11.514131283640765,0],[92.25540153260741,11.51505829708641,0]]],[[[92.24029094726464,11.516246552836193,0],[92.2391538888734,11.515446897267486,0],[92.23890653360898,11.515740870016907,0],[92.24029094726464,11.516246552836193,0]]],[[[92.23995685212903,11.517358687312038,0],[92.23924640372087,11.517426823061072,0],[92.23956279280856,11.517752111021773,0],[92.23995685212903,11.517358687312038,0]]],[[[92.2702825817751,11.520072542889503,0],[92.26968836517587,11.515606155848257,0],[92.26652527789646,11.51659501043995,0],[92.2702825817751,11.520072542889503,0]]],[[[92.61625646811204,11.528405301479335,0],[92.61580722184793,11.527722738281845,0],[92.61526636748918,11.528454998831318,0],[92.61625646811204,11.528405301479335,0]]],[[[92.59637180334379,11.530099256129702,0],[92.60736888728437,11.521032213210995,0],[92.60591141269288,11.518776423263441,0],[92.59637180334379,11.530099256129702,0]]],[[[92.55122142387526,11.528852884751208,0],[92.56849296674883,11.529706511907023,0],[92.565438325407,11.516632912577062,0],[92.55122142387526,11.528852884751208,0]]],[[[92.5882491642436,11.530450958993272,0],[92.58666319077494,11.530355831196323,0],[92.58661268096607,11.53084401632645,0],[92.5882491642436,11.530450958993272,0]]],[[[92.58955543147938,11.531626377463622,0],[92.59227837461904,11.530062705153894,0],[92.58950513412206,11.530772059854458,0],[92.58955543147938,11.531626377463622,0]]],[[[92.61496371706744,11.532044232458693,0],[92.61590338914351,11.531456563649252,0],[92.61476658498893,11.531750329099664,0],[92.61496371706744,11.532044232458693,0]]],[[[92.20704160739297,11.532228408676406,0],[92.20690901530486,11.533272680139271,0],[92.2078667465473,11.532445156237262,0],[92.20704160739297,11.532228408676406,0]]],[[[92.63078724585606,11.533563093980437,0],[92.63046635243012,11.532943839607523,0],[92.6305397325063,11.533563141422173,0],[92.63078724585606,11.533563093980437,0]]],[[[92.20581833270204,11.53415897793848,0],[92.2053048423257,11.53385626532778,0],[92.20501158015884,11.534380673354255,0],[92.20581833270204,11.53415897793848,0]]],[[[92.20712060964443,11.535903469503276,0],[92.20679509433366,11.535537429955236,0],[92.20673554502466,11.535713783937451,0],[92.20712060964443,11.535903469503276,0]]],[[[92.58211462930372,11.539563254813869,0],[92.5851721034386,11.540336603742237,0],[92.58273425685674,11.534310620723065,0],[92.58211462930372,11.539563254813869,0]]],[[[92.55456955364359,11.539526295699288,0],[92.55545870513387,11.540014737011896,0],[92.55491796399839,11.539282296113612,0],[92.55456955364359,11.539526295699288,0]]],[[[92.6257679234998,11.5436752646581,0],[92.6285367312691,11.547833946474581,0],[92.62717063410464,11.542197100646156,0],[92.6257679234998,11.5436752646581,0]]],[[[92.61109816270755,11.56114173088151,0],[92.61935928124005,11.55220516297895,0],[92.61638463221024,11.535999564894013,0],[92.60964186866929,11.531406620425082,0],[92.60130195699445,11.554676998552678,0],[92.60842129743727,11.553746264977447,0],[92.61109816270755,11.56114173088151,0]]],[[[92.54080428359435,11.553694052008208,0],[92.54153253750532,11.555796256614814,0],[92.54368763164624,11.553893757582838,0],[92.54080428359435,11.553694052008208,0]]],[[[92.59148449833957,11.577996612515928,0],[92.59501459766726,11.533353833270592,0],[92.58778594687904,11.532602556731177,0],[92.59148449833957,11.577996612515928,0]]],[[[92.53990891047219,11.558471797892315,0],[92.5412801668367,11.556460637934212,0],[92.53938295904054,11.554303855636562,0],[92.53840170149442,11.55511276555859,0],[92.53990891047219,11.558471797892315,0]]],[[[92.20283076724769,11.587441424985544,0],[92.26930961395533,11.585210730964242,0],[92.26669154016052,11.561690302202415,0],[92.27299530827308,11.535302612377448,0],[92.26012172115678,11.517247979892757,0],[92.21035075128592,11.53081262235586,0],[92.20283076724769,11.587441424985544,0]]],[[[92.6308519237383,11.556336792634559,0],[92.63183760441228,11.557358332259485,0],[92.63109834266437,11.556066796194711,0],[92.6308519237383,11.556336792634559,0]]],[[[92.56238129473925,11.557573390550733,0],[92.56208326465234,11.55766825781307,0],[92.56220699925639,11.557718002846217,0],[92.56238129473925,11.557573390550733,0]]],[[[92.60766942886542,11.556065171768369,0],[92.60654117879338,11.563229868244456,0],[92.60864128891886,11.556209913697012,0],[92.60766942886542,11.556065171768369,0]]],[[[92.56710714744067,11.559965686789452,0],[92.56666263716846,11.559233229217144,0],[92.56669005881051,11.559771173029711,0],[92.56710714744067,11.559965686789452,0]]],[[[92.56997695262515,11.559844162914775,0],[92.57034836546842,11.559500701654585,0],[92.57005497459562,11.559500628496153,0],[92.56997695262515,11.559844162914775,0]]],[[[92.5627292172026,11.559842728924068,0],[92.56310054966467,11.559793097779435,0],[92.56285304180405,11.559598652519206,0],[92.5627292172026,11.559842728924068,0]]],[[[92.57354369185786,11.559234567503111,0],[92.5739376638776,11.560527453449525,0],[92.57428608341857,11.560649509731547,0],[92.57354369185786,11.559234567503111,0]]],[[[92.598463610735,11.560794494057506,0],[92.59887860054866,11.560201651768846,0],[92.59862170175775,11.560023798975726,0],[92.598463610735,11.560794494057506,0]]],[[[92.57442793606778,11.562308555010873,0],[92.5727171558569,11.566747266969877,0],[92.57636105169786,11.571055752098285,0],[92.57442793606778,11.562308555010873,0]]],[[[92.5635800647417,11.568119644464211,0],[92.56692171229142,11.570104805711274,0],[92.56485473790802,11.567107342138579,0],[92.5635800647417,11.568119644464211,0]]],[[[92.53008979959482,11.571012877540932,0],[92.52909101917675,11.568865352767043,0],[92.52914994141247,11.570980875965224,0],[92.53008979959482,11.571012877540932,0]]],[[[92.26835204856837,11.571183656570113,0],[92.26841566721099,11.572783971744487,0],[92.26914453669373,11.57291530754438,0],[92.26835204856837,11.571183656570113,0]]],[[[92.56881469057517,11.572595927361215,0],[92.56936001723047,11.573572432974682,0],[92.5697544789561,11.572623188621556,0],[92.56881469057517,11.572595927361215,0]]],[[[92.61757540295368,11.578224424156911,0],[92.6140046035523,11.563072055771805,0],[92.59997144239836,11.56763679735337,0],[92.60114821120297,11.585921748084486,0],[92.61757540295368,11.578224424156911,0]]],[[[92.19694611581849,11.57823049053179,0],[92.19662951984542,11.577299375871267,0],[92.19652895295853,11.578280334974236,0],[92.19694611581849,11.57823049053179,0]]],[[[92.569459962287,11.578088231723008,0],[92.57015221877333,11.578355136921608,0],[92.57000100223893,11.57791657806285,0],[92.569459962287,11.578088231723008,0]]],[[[92.5298079890801,11.577418113989157,0],[92.52714881120185,11.577679387133045,0],[92.52607975548867,11.580120072271134,0],[92.5298079890801,11.577418113989157,0]]],[[[92.19844659973842,11.579974699544126,0],[92.19831060021465,11.578954699904237,0],[92.19776659975018,11.57977070005401,0],[92.19844659973842,11.579974699544126,0]]],[[[92.56822189370484,11.579430602220711,0],[92.5689875317287,11.579575351849693,0],[92.56898755477913,11.579381008798089,0],[92.56822189370484,11.579430602220711,0]]],[[[92.54280149711444,11.606298065151067,0],[92.54393832370043,11.591412836841732,0],[92.57157628865286,11.587789350925535,0],[92.55411112861627,11.55797380610538,0],[92.54010026415393,11.562268971317453,0],[92.52682697645155,11.553698721268894,0],[92.53440988114139,11.566100523338122,0],[92.52796769403025,11.596303543829658,0],[92.54280149711444,11.606298065151067,0]]],[[[92.19617195617342,11.580866044923093,0],[92.19655774334387,11.583261748050022,0],[92.19671746457693,11.580676032377733,0],[92.19617195617342,11.580866044923093,0]]],[[[92.57846335355202,11.58296277437292,0],[92.57624845109572,11.586266809104929,0],[92.5774173169543,11.587636698122282,0],[92.57846335355202,11.58296277437292,0]]],[[[92.19795237767401,11.586891248724797,0],[92.19718691107816,11.58743838667456,0],[92.1991401680829,11.588156646749564,0],[92.19795237767401,11.586891248724797,0]]],[[[92.59931411723096,11.587607714914949,0],[92.59951132414002,11.58644599667783,0],[92.59907568941948,11.587571573282176,0],[92.59931411723096,11.587607714914949,0]]],[[[92.26542962159981,11.588649259812206,0],[92.26477347734946,11.589874088760656,0],[92.26609887536152,11.588830370504,0],[92.26542962159981,11.588649259812206,0]]],[[[92.20041086777074,11.590845883113959,0],[92.20104293733475,11.588377670272859,0],[92.19881949642709,11.589133108396483,0],[92.20041086777074,11.590845883113959,0]]],[[[92.59431660192888,11.588945329116385,0],[92.59267964121113,11.590387084712557,0],[92.59452746821361,11.589139696886836,0],[92.59431660192888,11.588945329116385,0]]],[[[92.22236823864696,11.592624806711918,0],[92.22176365439616,11.594437722511246,0],[92.22280860262181,11.593379533531708,0],[92.22236823864696,11.592624806711918,0]]],[[[92.5512869584696,11.594438944836192,0],[92.5525889560423,11.59474662951101,0],[92.55244255741707,11.593828950658018,0],[92.5512869584696,11.594438944836192,0]]],[[[92.22845326980793,11.595280633752221,0],[92.22877374611869,11.593974159184278,0],[92.22802645654957,11.594060333115772,0],[92.22845326980793,11.595280633752221,0]]],[[[92.5867644321963,11.700059066943306,0],[92.58655786397865,11.701306662281787,0],[92.58697065200866,11.701333845465888,0],[92.5867644321963,11.700059066943306,0]]],[[[92.5858590309185,11.703923188299878,0],[92.58644144132838,11.70480315554438,0],[92.58606562244961,11.703890338027485,0],[92.5858590309185,11.703923188299878,0]]],[[[92.58490618228565,11.704755491847173,0],[92.58532819564387,11.704321569179164,0],[92.58491551126265,11.703914654082132,0],[92.58490618228565,11.704755491847173,0]]],[[[92.58274086128161,11.707779247689265,0],[92.58296091974809,11.708321716892437,0],[92.5829059136395,11.70767530846262,0],[92.58274086128161,11.707779247689265,0]]],[[[92.58411855515294,11.70803517929203,0],[92.58421774888167,11.708434492123725,0],[92.58429489832687,11.708110725548554,0],[92.58411855515294,11.70803517929203,0]]],[[[92.60282713366094,11.933908681009422,0],[92.60480099454418,11.9353055647927,0],[92.60330947567239,11.92897266119804,0],[92.60282713366094,11.933908681009422,0]]],[[[92.60271827940144,11.976236292456813,0],[92.60189277865277,11.96414462753266,0],[92.60814257054611,11.940065622055421,0],[92.60154158356445,11.936177798735457,0],[92.59747085697838,11.92496717558492,0],[92.58634154742843,11.975289848344147,0],[92.60271827940144,11.976236292456813,0]]],[[[92.60747531600495,11.966287592129506,0],[92.60645195011219,11.959547789332666,0],[92.60460593628028,11.966563090435201,0],[92.60747531600495,11.966287592129506,0]]],[[[92.58302559198346,11.982494703691241,0],[92.5798125606808,11.977259784675024,0],[92.5813313347962,11.982743035965392,0],[92.58302559198346,11.982494703691241,0]]],[[[92.6004221405227,11.982252544098138,0],[92.59989869757189,11.981981315635252,0],[92.6001420531144,11.9825192811306,0],[92.6004221405227,11.982252544098138,0]]],[[[92.66813986641078,10.984730629590842,0],[92.65782858919279,10.990210462930543,0],[92.66653973782903,10.992686490756665,0],[92.66813986641078,10.984730629590842,0]]],[[[92.72421921197844,11.148310347365872,0],[92.73036936936076,11.141789730137736,0],[92.72132386101198,11.14170685942525,0],[92.72421921197844,11.148310347365872,0]]],[[[92.67588087265996,11.189296330574647,0],[92.67586042432083,11.176788152413124,0],[92.67393982483595,11.190232419684984,0],[92.67588087265996,11.189296330574647,0]]],[[[92.67257170384605,11.195322738534479,0],[92.6719901849028,11.194965686867587,0],[92.67208184356366,11.195481009351768,0],[92.67257170384605,11.195322738534479,0]]],[[[92.7047067337674,11.290236435432302,0],[92.70393873757652,11.262282139935348,0],[92.6862347551343,11.24179974523331,0],[92.7047067337674,11.290236435432302,0]]],[[[92.72102631119812,11.333474261006554,0],[92.70770500569148,11.29948001674772,0],[92.6955061447832,11.309844114840761,0],[92.72102631119812,11.333474261006554,0]]],[[[92.64323578442759,11.514319280892517,0],[92.64462457062432,11.51424682370193,0],[92.64322648711767,11.513401622675762,0],[92.64323578442759,11.514319280892517,0]]],[[[92.68912068595164,11.608616645360012,0],[92.69069414927743,11.611685622923416,0],[92.68997343283017,11.608182479272065,0],[92.68912068595164,11.608616645360012,0]]],[[[92.68618660501346,11.630907154185435,0],[92.68740173764819,11.630929455262477,0],[92.68620925012671,11.629691190118987,0],[92.68618660501346,11.630907154185435,0]]],[[[92.68869594383396,11.63541335463968,0],[92.68532106444833,11.635884201291892,0],[92.68644199051967,11.640503572582428,0],[92.68869594383396,11.63541335463968,0]]],[[[92.68030089972522,11.648506599764033,0],[92.68023899977277,11.648229200225549,0],[92.68004449942987,11.648280500079442,0],[92.68030089972522,11.648506599764033,0]]],[[[92.69685642543222,11.664020653325773,0],[92.69987275348588,11.659237370743998,0],[92.69220999968252,11.660690337541526,0],[92.69685642543222,11.664020653325773,0]]],[[[92.73290139958729,11.681874099708184,0],[92.7326980003052,11.681853800117391,0],[92.73287809968029,11.681964100122809,0],[92.73290139958729,11.681874099708184,0]]],[[[92.73319190015219,11.682626099851964,0],[92.7332267001743,11.682481000305337,0],[92.73308439972253,11.682571000018278,0],[92.73319190015219,11.682626099851964,0]]],[[[92.72501864019394,11.688010615827002,0],[92.72211960349922,11.686705199519677,0],[92.72128556727891,11.688604064904231,0],[92.72501864019394,11.688010615827002,0]]],[[[92.70017066090193,12.233285178858248,0],[92.70369710286869,12.192643444847727,0],[92.71176512343241,12.190606885305364,0],[92.70359555262797,12.190961942819897,0],[92.70103044143002,12.18694871763021,0],[92.70882931908652,12.148285385390654,0],[92.71936569823838,12.17971526557096,0],[92.74750965703517,12.177267955006913,0],[92.75102062640904,12.180586461866124,0],[92.7565630642323,12.163164595367123,0],[92.72540820371249,12.09589990219811,0],[92.73611707435711,12.078777766604915,0],[92.7323987289579,12.072315346057646,0],[92.7295018365296,12.075263628606102,0],[92.7281515611071,12.075449418038353,0],[92.7240767266572,12.07287893490097,0],[92.72275549019508,12.064399489339944,0],[92.72513329565177,12.073353213471085,0],[92.73288860669028,12.068382545778498,0],[92.7369296873607,12.078067736541458,0],[92.73359929928345,12.065344693313804,0],[92.7378300697633,12.056537678550308,0],[92.73317054611644,12.061376101808593,0],[92.72745653248356,12.059534066400914,0],[92.7252972136931,12.057387790394055,0],[92.72506932185871,12.04965377241827,0],[92.72063400510892,12.052507575897424,0],[92.71812998175896,12.049389473729581,0],[92.71381420963948,12.052776567630309,0],[92.71243607475652,12.051524920680919,0],[92.71335834768303,12.049015915825283,0],[92.71097081902582,12.050734291399648,0],[92.70983155468132,12.049771900934626,0],[92.70931158202778,12.04639090241908,0],[92.70713957572069,12.047110282271658,0],[92.70067164033256,12.040720511979698,0],[92.69868823220257,12.042470415551552,0],[92.69728712921211,12.040671734759702,0],[92.69660337080575,12.04249808952463,0],[92.69680935246525,12.040206302607059,0],[92.7007357440625,12.040078691271946,0],[92.71316968483173,12.047926552420298,0],[92.7150492035639,12.051682242572658,0],[92.70957855806226,12.033919539171093,0],[92.70944937389984,12.032048263985331,0],[92.71043632336831,12.0310444015529,0],[92.71608653866019,12.049819577856224,0],[92.7196038743243,12.048512045830957,0],[92.72111125620879,12.051585279915411,0],[92.72544555302368,12.048849021796578,0],[92.72734436273095,12.054331371443803,0],[92.72807189474261,12.035490803159153,0],[92.74001327264861,12.028606317374786,0],[92.73856949420149,12.024263017950572,0],[92.7260154058159,12.025425076934942,0],[92.72494054065059,12.024602801537911,0],[92.72514208175323,12.02326468522021,0],[92.77051470055295,11.99861286782995,0],[92.76394436870054,11.986563871533221,0],[92.75993732460452,11.99464899314836,0],[92.74394507189042,11.9997256664216,0],[92.7435662226299,11.994297075118219,0],[92.74123041315733,11.997204519467918,0],[92.74023880629994,11.99766155416567,0],[92.73050087955731,11.999708524027513,0],[92.72206379604233,11.993464653586813,0],[92.73156858477326,11.971072478261828,0],[92.71523201660986,11.967145595594943,0],[92.71048780456279,11.933082542105272,0],[92.71378325518,11.931399965663912,0],[92.71097217798454,11.925954005051084,0],[92.7141243481499,11.921920912395901,0],[92.72301464551559,11.931442119859625,0],[92.72506772023314,11.897259200162493,0],[92.71818569645517,11.892099417625637,0],[92.7133453670223,11.897873335467827,0],[92.71161962956117,11.89817679048088,0],[92.70987034849675,11.896518346939958,0],[92.70716371345179,11.900872181974878,0],[92.70390479012855,11.900760169918165,0],[92.71366835682942,11.889058747295735,0],[92.72421178426481,11.891175258922434,0],[92.7222154567046,11.878925966255666,0],[92.70980792513132,11.872832201261748,0],[92.70638162985317,11.864439046618184,0],[92.72332537844646,11.876832701526935,0],[92.72422208179248,11.856554440663308,0],[92.70170014539956,11.814333028470447,0],[92.70075455071854,11.829611921656104,0],[92.69519781014495,11.812906314410382,0],[92.65474358712935,11.833847111136174,0],[92.69191729355168,11.813671101747932,0],[92.67008264226766,11.798197969847234,0],[92.67237868551561,11.782769806806321,0],[92.69750117442085,11.812512494680941,0],[92.70580044374887,11.792693277394061,0],[92.69960648519901,11.809627986756,0],[92.72965041471997,11.854780571452505,0],[92.74425960790258,11.93209833562631,0],[92.78299231523494,11.936915896099547,0],[92.789976521885,11.885450392103358,0],[92.75445437835444,11.700648571508534,0],[92.74340649525477,11.711536301342983,0],[92.7447229310742,11.690439457225283,0],[92.71654875470752,11.705421197716115,0],[92.7109492008407,11.693249782694867,0],[92.6964535272124,11.718876481408813,0],[92.68996706559389,11.69774399428267,0],[92.6890290173252,11.707264016381298,0],[92.68520415779187,11.70921313354889,0],[92.68529204944261,11.712716389540914,0],[92.68222379436497,11.714095743573633,0],[92.68627364325218,11.692207461143548,0],[92.7056767297315,11.70005894763285,0],[92.70772267842558,11.67050894220638,0],[92.6601424513308,11.652230754212336,0],[92.67368998969097,11.623993370310739,0],[92.68112571390128,11.638077428648195,0],[92.68411752173407,11.626134088278654,0],[92.68657573761317,11.628217407884136,0],[92.6874877583224,11.626020375720387,0],[92.69120110909319,11.622471001674807,0],[92.68851904114364,11.62421649913533,0],[92.68720291111215,11.62331271380931,0],[92.68836636217799,11.618136657844,0],[92.68488664756168,11.62024842535155,0],[92.6833734355211,11.62029849809393,0],[92.68174092025578,11.619340441893511,0],[92.67203210962866,11.609198595779134,0],[92.67294879519307,11.607367693459796,0],[92.68882474202063,11.617404266436466,0],[92.69219160367801,11.622692269920272,0],[92.68779075552186,11.627426063553195,0],[92.69064743328225,11.627425434568389,0],[92.69494579326513,11.616426414923916,0],[92.68928716278694,11.614511113156722,0],[92.68639587658788,11.602993881020176,0],[92.70163138217319,11.617726536582506,0],[92.6940653500731,11.652865180357761,0],[92.71014493579456,11.643313798976257,0],[92.7282088490013,11.658224996605702,0],[92.71437512822683,11.678435558193877,0],[92.75599215623077,11.66504711066949,0],[92.73772130338065,11.638716096032338,0],[92.75428047098329,11.61415639255842,0],[92.7102269747701,11.477384922274775,0],[92.69691072096936,11.505783378867742,0],[92.66749825785324,11.50182936523335,0],[92.64520170833917,11.522526144182974,0],[92.64625072438274,11.572399415506375,0],[92.63239656827494,11.580785459645263,0],[92.61647912124883,11.563440774373866,0],[92.61879386048982,11.582589129278388,0],[92.60183759002501,11.608648215861463,0],[92.62701466188828,11.626441180119665,0],[92.63490564540433,11.61547459961611,0],[92.6447011274605,11.635273198754765,0],[92.63039006584839,11.65188165324846,0],[92.63040790085931,11.628299003276354,0],[92.60809037468127,11.632385016562356,0],[92.59770261332778,11.649086994575436,0],[92.58967952423818,11.707913780893824,0],[92.6037791358397,11.707020065779314,0],[92.58666480000595,11.716664768632208,0],[92.59129043506027,11.738281484725379,0],[92.55805305364517,11.692299552594177,0],[92.55865444201903,11.772654460668416,0],[92.54957633204022,11.802233076592781,0],[92.54072139851667,11.785537188561303,0],[92.529408666928,11.794999195355878,0],[92.54284102688206,11.801349835043629,0],[92.54955598835319,11.809745817587118,0],[92.53165320839464,11.805929931793374,0],[92.5467377881718,11.82943995747089,0],[92.5469056155549,11.836179785779004,0],[92.54501756414204,11.84334388123546,0],[92.52382493083591,11.807369266632307,0],[92.505665931931,11.824516805393344,0],[92.5201328695408,11.839674437465067,0],[92.50750340047983,11.841495778096926,0],[92.51397524795628,11.872407942876524,0],[92.52756000437773,11.872494269491725,0],[92.52023912587727,11.898618778197308,0],[92.5385467330534,11.903502335304088,0],[92.54025955996552,11.931017626608742,0],[92.56406588318872,11.950808895914395,0],[92.58054071081948,11.9313748095038,0],[92.58287160109958,11.877005414860852,0],[92.59896505546614,11.899644801272432,0],[92.5991012028604,11.86608627792573,0],[92.6047838252037,11.852864952085557,0],[92.61026351741874,11.847305316236005,0],[92.60030254332406,11.878914946109694,0],[92.60629427403636,11.913527107918458,0],[92.61977541469895,11.921831320971226,0],[92.62035369302062,11.931075298464815,0],[92.59866630186865,11.904494992477419,0],[92.59263339870756,11.918493678912892,0],[92.6076244757707,11.929804628367416,0],[92.62815914873994,12.043004698852114,0],[92.62204638695691,12.101387803066958,0],[92.66412101946227,12.221847749525974,0],[92.65484726369017,12.180195573827243,0],[92.67395444566193,12.217787103858914,0],[92.6750514297051,12.186995485642361,0],[92.68117275096081,12.191781110206286,0],[92.68767109361379,12.234992437652984,0],[92.70017066090193,12.233285178858248,0]]],[[[92.72787354717578,11.949254625873621,0],[92.72314874508979,11.94680641537038,0],[92.7321563750737,11.95993438503267,0],[92.72787354717578,11.949254625873621,0]]],[[[92.7228393568992,11.954450248989364,0],[92.72453297846845,11.953278905202264,0],[92.7219246966147,11.951272788959718,0],[92.7228393568992,11.954450248989364,0]]],[[[92.73826029978673,11.964464299347528,0],[92.73766629999344,11.96414029963694,0],[92.73766629960781,11.964464299298882,0],[92.73826029978673,11.964464299347528,0]]],[[[92.74203469078721,11.967361692528842,0],[92.74337466277505,11.965833242813607,0],[92.74041318098548,11.965233298428311,0],[92.74203469078721,11.967361692528842,0]]],[[[92.73872745823877,12.110923938369181,0],[92.74070757159451,12.111537847191263,0],[92.73879614626631,12.110440257765209,0],[92.73872745823877,12.110923938369181,0]]],[[[92.7134808541806,12.169860712931378,0],[92.712747223762,12.1704972441064,0],[92.71337091682997,12.170555787118786,0],[92.7134808541806,12.169860712931378,0]]],[[[92.71962111219051,12.179933395039892,0],[92.72006608548747,12.181657025813173,0],[92.720926344362,12.181754513618289,0],[92.71962111219051,12.179933395039892,0]]],[[[92.72827467749796,12.18395030048903,0],[92.72868115045677,12.189130168260974,0],[92.73027994731538,12.18856002590522,0],[92.72827467749796,12.18395030048903,0]]],[[[92.70629568854693,12.196987538389674,0],[92.7073424449676,12.197135104482228,0],[92.70682409862349,12.196485812020724,0],[92.70629568854693,12.196987538389674,0]]],[[[92.7292553418207,12.24259163276443,0],[92.74236401347646,12.204757087661903,0],[92.73891290216702,12.236187221240648,0],[92.74410678871533,12.22787240433674,0],[92.7616779953511,12.229804205486575,0],[92.76328815113385,12.181945004595885,0],[92.73262333491414,12.184524384619523,0],[92.72850702124602,12.197679623750858,0],[92.72247034119381,12.18832515129695,0],[92.7292553418207,12.24259163276443,0]]],[[[92.68188043597627,12.214768225970525,0],[92.67886668955927,12.219279892497768,0],[92.68186414963728,12.223831034523876,0],[92.68188043597627,12.214768225970525,0]]],[[[92.69803074774221,12.243525734680674,0],[92.69656661285038,12.250193232360775,0],[92.69830650810286,12.243552779788716,0],[92.69803074774221,12.243525734680674,0]]],[[[92.731379899896,12.252229700105508,0],[92.73161150016193,12.252543599653924,0],[92.73179119994661,12.251880399689103,0],[92.731379899896,12.252229700105508,0]]],[[[92.72343156422481,12.25400359376858,0],[92.72253175526306,12.256738657674177,0],[92.7239976723051,12.25610981503922,0],[92.72343156422481,12.25400359376858,0]]],[[[92.71623610785855,12.256938195403352,0],[92.71684757482875,12.258976690216944,0],[92.71680131483951,12.256219396252453,0],[92.71623610785855,12.256938195403352,0]]],[[[92.70362283371843,12.299733743135556,0],[92.72307270724082,12.290940104188097,0],[92.70992601901908,12.229657141541862,0],[92.6987260616425,12.274730796444038,0],[92.70362283371843,12.299733743135556,0]]],[[[92.74939681275548,12.287114579639876,0],[92.74172062014563,12.255467437321908,0],[92.73457699252435,12.248134529846237,0],[92.73881212137317,12.28242613882286,0],[92.74939681275548,12.287114579639876,0]]],[[[92.7352128866558,12.281335172490614,0],[92.73478926134898,12.289634260611658,0],[92.73659859630564,12.292766361988743,0],[92.7352128866558,12.281335172490614,0]]],[[[92.68483787847603,12.554209759636207,0],[92.68415638243444,12.516886650328015,0],[92.67813778264784,12.505564428754758,0],[92.66179931748282,12.53287716970887,0],[92.68483787847603,12.554209759636207,0]]],[[[92.70001905465949,12.638225617688084,0],[92.70191944672695,12.636114297895995,0],[92.69919019807568,12.637136583428568,0],[92.70001905465949,12.638225617688084,0]]],[[[92.70275846657003,12.640299394392112,0],[92.69887772663105,12.638953640603166,0],[92.70152512649851,12.641190170494234,0],[92.70275846657003,12.640299394392112,0]]],[[[92.7001624775844,12.640688875137643,0],[92.7004523919298,12.640431160096467,0],[92.70028205305043,12.640340813789688,0],[92.7001624775844,12.640688875137643,0]]],[[[92.70236825477463,12.643721012589301,0],[92.70283698329382,12.641162655087678,0],[92.70094070839014,12.641750801481873,0],[92.70236825477463,12.643721012589301,0]]],[[[92.72636884209298,12.655531973219992,0],[92.72921280853221,12.653411050576068,0],[92.73013794340635,12.653121407712439,0],[92.72809427170802,12.653547093752364,0],[92.72636884209298,12.655531973219992,0]]],[[[92.7240393849711,12.655044739092748,0],[92.7269945106164,12.654587086636,0],[92.72494072502685,12.652748328122248,0],[92.7240393849711,12.655044739092748,0]]],[[[92.72444123955884,12.683437229706326,0],[92.72481388415903,12.683391901987196,0],[92.72437516873666,12.683281120461286,0],[92.72444123955884,12.683437229706326,0]]],[[[92.71342097817033,12.689092148278261,0],[92.71485319911758,12.689277810694755,0],[92.71456789423722,12.68857826636346,0],[92.71342097817033,12.689092148278261,0]]],[[[92.72379770000171,12.692475599605983,0],[92.7235907001683,12.691440599762682,0],[92.72296969953014,12.691923600047756,0],[92.72379770000171,12.692475599605983,0]]],[[[92.72212501360796,12.692417039242422,0],[92.72273554448677,12.692529303575203,0],[92.72252700927908,12.691930730704719,0],[92.72212501360796,12.692417039242422,0]]],[[[92.73205571061786,12.703407908046293,0],[92.7293849648811,12.702595442247734,0],[92.7303577859046,12.70583121644567,0],[92.73205571061786,12.703407908046293,0]]],[[[92.72196734021979,12.7376312133853,0],[92.7290096001066,12.73025217035432,0],[92.72712941087113,12.72655574277786,0],[92.72196734021979,12.7376312133853,0]]],[[[92.73846870798936,12.73287868185214,0],[92.73740972450307,12.733091576269484,0],[92.73750687224165,12.734099444233667,0],[92.73846870798936,12.73287868185214,0]]],[[[92.72625459800344,12.751838094549752,0],[92.72469441112494,12.753415809808798,0],[92.72592180696562,12.753791946783979,0],[92.72625459800344,12.751838094549752,0]]],[[[92.653650843758,12.772533077297483,0],[92.65629436847789,12.77402903945631,0],[92.6543550091631,12.76947754674372,0],[92.653650843758,12.772533077297483,0]]],[[[92.71610104927802,12.774674079358546,0],[92.7171921657196,12.77390085178792,0],[92.71593961693111,12.774000651427452,0],[92.71610104927802,12.774674079358546,0]]],[[[92.70949327625193,12.828612422359079,0],[92.71125276693148,12.777188518709767,0],[92.72480351781398,12.748346518470985,0],[92.71730519667622,12.756340778256476,0],[92.71656384084065,12.719169886037372,0],[92.69370382454406,12.79763639209114,0],[92.70949327625193,12.828612422359079,0]]],[[[92.71925936340689,12.784454335639092,0],[92.72400288312566,12.762070057257727,0],[92.71656668569196,12.788188606206852,0],[92.71925936340689,12.784454335639092,0]]],[[[92.71525860798413,12.775460791234416,0],[92.71686169697446,12.776789199234846,0],[92.71707768078444,12.775586828589232,0],[92.71525860798413,12.775460791234416,0]]],[[[92.71554275080116,12.78407122374001,0],[92.71565752857349,12.783126520585942,0],[92.71485627145175,12.783284945986859,0],[92.71554275080116,12.78407122374001,0]]],[[[92.71670032659163,12.789992459899777,0],[92.7172418894786,12.790554182184149,0],[92.7174931059165,12.789848653870479,0],[92.71670032659163,12.789992459899777,0]]],[[[92.71641731104381,12.795054454016087,0],[92.71906401869202,12.791347319760543,0],[92.7185849391602,12.791044625580984,0],[92.71641731104381,12.795054454016087,0]]],[[[92.72110116089829,12.795242900210068,0],[92.72213339133774,12.796743205675238,0],[92.72251097419328,12.796571329753792,0],[92.72110116089829,12.795242900210068,0]]],[[[92.7148468136186,12.79497806228935,0],[92.71460818292789,12.797274264147825,0],[92.71519777589995,12.797504614244025,0],[92.7148468136186,12.79497806228935,0]]],[[[92.71633118127271,12.798683997449755,0],[92.71489346973928,12.80069793577392,0],[92.71544116975149,12.801160596849737,0],[92.71633118127271,12.798683997449755,0]]],[[[92.71624490979022,12.80194290374439,0],[92.71539914403034,12.804211866912661,0],[92.71618735070345,12.804760456426113,0],[92.71624490979022,12.80194290374439,0]]],[[[92.72401767025616,12.83199815771879,0],[92.72406981327437,12.835591489109598,0],[92.72650786787518,12.838840533627549,0],[92.72401767025616,12.83199815771879,0]]],[[[92.71937841687719,12.865031242869746,0],[92.71761177545577,12.835281590252228,0],[92.70862903718935,12.833494180480136,0],[92.71937841687719,12.865031242869746,0]]],[[[92.73126001341191,12.85632201901761,0],[92.72833459196528,12.855776105095112,0],[92.73100235969484,12.857040776429246,0],[92.73126001341191,12.85632201901761,0]]],[[[92.6980135770518,12.98925147665697,0],[92.71925359257483,12.980966554816211,0],[92.7097791352792,12.946035298135135,0],[92.72145581781947,12.944571996543845,0],[92.7206550619011,12.889601141129898,0],[92.71821002333638,12.88132139096518,0],[92.70731524807574,12.883932397216295,0],[92.70589135320246,12.883046852548933,0],[92.7038355954554,12.88003709220748,0],[92.70402355388009,12.877239214911745,0],[92.703056400596,12.878188632021237,0],[92.70202893814323,12.877872481551597,0],[92.70160030893896,12.87731663130855,0],[92.71870965808142,12.874835156556795,0],[92.69959843116023,12.840226554379873,0],[92.67108489710925,12.83762342825381,0],[92.68805341020605,12.816973809175723,0],[92.66727911893503,12.782593475976572,0],[92.64686317694373,12.862005672049255,0],[92.67899512791143,12.94219492037699,0],[92.67948964857798,12.94853605042991,0],[92.6680625790174,12.957196899774214,0],[92.66971409752668,12.966105162588518,0],[92.6980135770518,12.98925147665697,0]]],[[[92.67324109377435,12.933407837282589,0],[92.67328258028611,12.932924225646364,0],[92.67295081912177,12.932933294151086,0],[92.67324109377435,12.933407837282589,0]]],[[[92.67202462750372,12.932924144630281,0],[92.67260054328933,12.93354789026087,0],[92.67215370589071,12.932765982467028,0],[92.67202462750372,12.932924144630281,0]]],[[[92.67680255987909,12.94652957990137,0],[92.67756767745374,12.947175821539817,0],[92.6772726055729,12.946529530963302,0],[92.67680255987909,12.94652957990137,0]]],[[[92.66942971383736,12.948740384594943,0],[92.67197805002196,12.948387642630781,0],[92.67044336927528,12.947818281291163,0],[92.66942971383736,12.948740384594943,0]]],[[[92.67555431149552,12.949350018528568,0],[92.67281216513959,12.94843276831398,0],[92.67216708290032,12.948853158449174,0],[92.67555431149552,12.949350018528568,0]]],[[[92.666425509313,12.951167688463517,0],[92.66841601433349,12.949463615272274,0],[92.66629170141222,12.950223072639039,0],[92.666425509313,12.951167688463517,0]]],[[[92.67038894108094,12.95237417495168,0],[92.66925025377311,12.950159593955425,0],[92.66903850755972,12.951438693265025,0],[92.67038894108094,12.95237417495168,0]]],[[[92.66768377762908,12.952180025401614,0],[92.66772512425777,12.951465905139587,0],[92.66699248427481,12.95198120330455,0],[92.66768377762908,12.952180025401614,0]]],[[[92.66937045631751,12.952216062793571,0],[92.66948124314825,12.953205875629804,0],[92.66997887551727,12.952803581206728,0],[92.66937045631751,12.952216062793571,0]]],[[[92.66931544000803,12.953739215575188,0],[92.66670243638421,12.953572167577454,0],[92.66866146727983,12.956030767148436,0],[92.66931544000803,12.953739215575188,0]]],[[[92.71542142173499,13.092554244556066,0],[92.70600776218525,13.070857529918984,0],[92.69930841818895,13.070448265353642,0],[92.69511585117313,13.097216116876249,0],[92.71542142173499,13.092554244556066,0]]],[[[92.72751616217077,13.092667183337234,0],[92.73157971026426,13.095522069539644,0],[92.72709540966393,13.08990571578692,0],[92.72751616217077,13.092667183337234,0]]],[[[92.77142600766076,9.258822580381597,0],[92.81766541105672,9.21199055687401,0],[92.82706684595335,9.138407351521328,0],[92.79906515703468,9.120594233188974,0],[92.7273155681939,9.124898851642744,0],[92.7144420929083,9.154402250885152,0],[92.71969158617425,9.218526241782527,0],[92.76371673112698,9.215825365637444,0],[92.77142600766076,9.258822580381597,0]]],[[[92.75583989954146,11.636731899660669,0],[92.75558970034382,11.63677209992637,0],[92.75579090036493,11.63684549996529,0],[92.75583989954146,11.636731899660669,0]]],[[[92.75469282943376,11.636355941826011,0],[92.75480252010577,11.637228465123336,0],[92.75529801220162,11.636699748661039,0],[92.75469282943376,11.636355941826011,0]]],[[[92.7542654627415,11.638493922632689,0],[92.75356908792193,11.637001867129527,0],[92.75305975984311,11.637819871699172,0],[92.7542654627415,11.638493922632689,0]]],[[[92.76188287479012,11.671025299429536,0],[92.75811926458134,11.678188512106468,0],[92.76490537231666,11.68210583156665,0],[92.76188287479012,11.671025299429536,0]]],[[[92.76694191466196,11.964827291714977,0],[92.75819543355675,11.944704155530962,0],[92.7349168446208,11.951823966360243,0],[92.74841072983274,11.968955579919479,0],[92.76694191466196,11.964827291714977,0]]],[[[92.73365078754077,11.977232687872895,0],[92.75696273086044,11.99291200979156,0],[92.76078693698976,11.983172479208566,0],[92.73365078754077,11.977232687872895,0]]],[[[92.7699261202008,12.012645636350623,0],[92.77642537679998,12.016183562975996,0],[92.77412081962066,12.012002081271861,0],[92.7699261202008,12.012645636350623,0]]],[[[92.74843541015176,12.05439614979233,0],[92.78219391167454,12.048542239704704,0],[92.77769171936835,12.024132554146306,0],[92.72929854959345,12.03690066515236,0],[92.72724036342021,12.058598511087766,0],[92.73693338441264,12.05392531945672,0],[92.73907003735901,12.056491907600634,0],[92.73628172668211,12.066012648493428,0],[92.74441561854026,12.05620946592657,0],[92.74843541015176,12.05439614979233,0]]],[[[92.73656774584589,12.069131485659744,0],[92.75517508121611,12.06675913023152,0],[92.75379689905458,12.057858529013842,0],[92.73656774584589,12.069131485659744,0]]],[[[92.78642341436529,12.074852603586775,0],[92.78420061955013,12.072996844015282,0],[92.78734861020813,12.077847266978285,0],[92.78642341436529,12.074852603586775,0]]],[[[92.79847040419216,12.07657334457981,0],[92.79933856444485,12.075257989641363,0],[92.79862205444796,12.075154019778552,0],[92.79847040419216,12.07657334457981,0]]],[[[92.79190465079441,12.078878282262409,0],[92.7920011492276,12.078731400713606,0],[92.79191388699438,12.078697423420644,0],[92.79190465079441,12.078878282262409,0]]],[[[92.79159468088483,12.07906135840242,0],[92.7917531288158,12.078887303325327,0],[92.79167505662515,12.078731338847035,0],[92.79159468088483,12.07906135840242,0]]],[[[92.7910480534947,12.079079398809865,0],[92.79119733729203,12.079113242502698,0],[92.79106649842497,12.078991240946133,0],[92.7910480534947,12.079079398809865,0]]],[[[92.79997636909687,12.089745332479458,0],[92.79902333191059,12.089232256977986,0],[92.79927816882245,12.090176920482481,0],[92.79997636909687,12.089745332479458,0]]],[[[92.75401752555436,12.1426628553094,0],[92.75449652885777,12.147712018125716,0],[92.75677041010047,12.148935131588207,0],[92.75401752555436,12.1426628553094,0]]],[[[92.75903210021006,12.166272800185496,0],[92.75879139969872,12.168165199805934,0],[92.75977909985707,12.168538699549751,0],[92.75903210021006,12.166272800185496,0]]],[[[92.76012449392664,12.17114800283603,0],[92.75863586596765,12.171240394172186,0],[92.75962570494225,12.172616999627305,0],[92.76012449392664,12.17114800283603,0]]],[[[92.75554629675025,12.180854212382409,0],[92.76149996420841,12.174357451184637,0],[92.75841710407038,12.173877833403493,0],[92.75554629675025,12.180854212382409,0]]],[[[92.81346576072998,12.311444460725406,0],[92.8321210133709,12.292016145427114,0],[92.84699724608453,12.303658470120904,0],[92.85038438087322,12.283274413852784,0],[92.85484832073709,12.287922727918735,0],[92.85409891021716,12.286697887330567,0],[92.85417670612127,12.284507852648696,0],[92.8560082257603,12.283526725793378,0],[92.85375330945558,12.28122405215148,0],[92.85472317185126,12.28133009849907,0],[92.85607481546703,12.283158251587198,0],[92.8561416043039,12.283784345104877,0],[92.85472889389911,12.288386036425274,0],[92.85223945439125,12.285599779563626,0],[92.84900124664124,12.302051250128079,0],[92.87222643788206,12.301705788123671,0],[92.87151945240747,12.29539359885312,0],[92.86904867542648,12.295308245789316,0],[92.86600299952592,12.29316635525579,0],[92.86344139630212,12.28678215748223,0],[92.86651546727832,12.293186589417958,0],[92.87029195497512,12.294722654475676,0],[92.88205807956899,12.262525147848704,0],[92.88509001078614,12.270474395414102,0],[92.8912634762412,12.266436750801516,0],[92.8752493752703,12.25060666495062,0],[92.86963197371742,12.250970417460525,0],[92.86811890523758,12.257255626984309,0],[92.86424694691667,12.258307377397664,0],[92.86565855104028,12.26111181778528,0],[92.86373745746329,12.261419522370458,0],[92.8646040471021,12.262515530751907,0],[92.8629657554219,12.263569068700281,0],[92.86186935837603,12.262543206324594,0],[92.86195912123371,12.263566940262535,0],[92.85786529117978,12.244497563269086,0],[92.86450137144928,12.208789326671818,0],[92.88286165695257,12.197677206862586,0],[92.87456442047298,12.192296479621762,0],[92.85316440178883,12.204332124968296,0],[92.82756266399885,12.203001425344578,0],[92.83324014167148,12.205887151098887,0],[92.83490638046948,12.211460396642273,0],[92.83318108420292,12.214380501695903,0],[92.83568770648131,12.21307398906581,0],[92.83842419362335,12.213030833831903,0],[92.83985091310319,12.212146963973337,0],[92.84053328472373,12.212332200317965,0],[92.84058691368797,12.219390459113267,0],[92.81739216529935,12.23296146165515,0],[92.81113751284077,12.234080243884485,0],[92.8069831127085,12.232260870142566,0],[92.8059169653703,12.231074291117553,0],[92.80506450660852,12.232003150127758,0],[92.80262185222828,12.232644929762168,0],[92.80572394215156,12.230764697385373,0],[92.81703368605311,12.232452906342141,0],[92.84046509906311,12.219089883119858,0],[92.8402691047772,12.212445269516236,0],[92.83351885422104,12.214791809310015,0],[92.83280426487967,12.21452523713443,0],[92.82676538904285,12.203003732212945,0],[92.84472042784665,12.200805284008382,0],[92.84002035478474,12.185263184937481,0],[92.85414098152182,12.191033665477528,0],[92.85483696647043,12.16179025797099,0],[92.8444634362564,12.147453720787322,0],[92.82238529486379,12.178138430976912,0],[92.82077418652807,12.159759461568047,0],[92.8172297989834,12.163723700771374,0],[92.80756553758029,12.160073750572298,0],[92.80677044953606,12.171159476875141,0],[92.80109394220898,12.170585204150441,0],[92.80713364801719,12.159944856187753,0],[92.82693270780383,12.156138466076099,0],[92.81641580219143,12.124614364380603,0],[92.80149280569887,12.131991933684578,0],[92.81811296805476,12.113180446208329,0],[92.78362540208128,12.106030467517478,0],[92.80079146526919,12.093535500209704,0],[92.76344496210179,12.063223543935381,0],[92.75204576833363,12.07440209102326,0],[92.75462660913348,12.076041288883005,0],[92.7581689341425,12.081389396158077,0],[92.76036063739745,12.08906729322793,0],[92.75906270785025,12.091065007339354,0],[92.76162135619359,12.089754664888268,0],[92.76375710800714,12.090141451703104,0],[92.75882151168207,12.09157122081187,0],[92.76068125049282,12.092900563330286,0],[92.76032961556338,12.095350429179637,0],[92.76222438869182,12.09521061389922,0],[92.76377892269849,12.0966189732337,0],[92.76335581288996,12.099617990309357,0],[92.76356531296187,12.0967929654446,0],[92.7599988408088,12.095427193437278,0],[92.75776519197555,12.09093818288146,0],[92.75784053584084,12.081497811853016,0],[92.74721146545014,12.074126269086294,0],[92.73776932066791,12.097540439979902,0],[92.76345884880338,12.1652406364944,0],[92.77080750585422,12.241573923488907,0],[92.75000018909569,12.232433402591258,0],[92.74113666847884,12.24537571359002,0],[92.74938838965262,12.274089806028368,0],[92.76323681973288,12.262482533368548,0],[92.7876820024204,12.280240858985211,0],[92.77537911806733,12.30118584290859,0],[92.76694928245165,12.297195600096693,0],[92.77088855442314,12.313120680251737,0],[92.79500494470865,12.303590193322465,0],[92.81346576072998,12.311444460725406,0]]],[[[92.7643404818181,12.266090498102242,0],[92.7522083579315,12.27787392570185,0],[92.76218227828923,12.294094438706416,0],[92.76733450529699,12.284996474050848,0],[92.7643404818181,12.266090498102242,0]]],[[[92.75142613896428,12.29098503061734,0],[92.75051061266164,12.290986273708686,0],[92.75126194026183,12.291720983489421,0],[92.75142613896428,12.29098503061734,0]]],[[[92.76841645478927,12.288630853168984,0],[92.76607645199036,12.290009052700158,0],[92.77007947245926,12.295002266249163,0],[92.76841645478927,12.288630853168984,0]]],[[[92.7515076403744,12.292613761444764,0],[92.75230477537733,12.294329327795001,0],[92.75316210694754,12.294114782098163,0],[92.7515076403744,12.292613761444764,0]]],[[[92.76437450929731,12.29672784517888,0],[92.76459001386294,12.299498753681759,0],[92.76497625147479,12.299401701655672,0],[92.76437450929731,12.29672784517888,0]]],[[[92.84246417849097,12.395180892657091,0],[92.84270333292872,12.395861072072409,0],[92.84298369900121,12.395318648354117,0],[92.84246417849097,12.395180892657091,0]]],[[[92.84151804805049,12.4034013591986,0],[92.84186484112105,12.404358938434855,0],[92.84170758031964,12.403280587255557,0],[92.84151804805049,12.4034013591986,0]]],[[[92.89721047115377,12.926805488556464,0],[92.90214168290149,12.920075645930526,0],[92.89900361641234,12.919352275320183,0],[92.89739175857751,12.91411056142635,0],[92.90035945178953,12.911529876350851,0],[92.9223210339949,12.915389839520586,0],[92.90588714294883,12.887016102816776,0],[92.92462580388548,12.88790391718232,0],[92.92638412778558,12.858140867102966,0],[92.94116054387204,12.855990867648392,0],[92.94026318328235,12.837583634276537,0],[92.93560111210603,12.839801132178131,0],[92.93041364078631,12.83840414542324,0],[92.92742594489579,12.832697931358108,0],[92.92901045001457,12.831628841835101,0],[92.92670260508376,12.831803061448591,0],[92.92412580341829,12.829962404384545,0],[92.92255604388068,12.826075389338161,0],[92.92263698150059,12.82195420845548,0],[92.92544191657288,12.817244316095714,0],[92.92748005489915,12.815757128924265,0],[92.92976022141488,12.816541168322647,0],[92.92622245527927,12.813054181805832,0],[92.92441848515143,12.801076416733974,0],[92.93057549632208,12.8163195706728,0],[92.92428869737091,12.829538659442528,0],[92.94910945129794,12.838187928674037,0],[92.95111796124962,12.795211785462854,0],[92.92641809930939,12.774390289241136,0],[92.93894177242026,12.767527938127103,0],[92.94987967465993,12.770071770807416,0],[92.96444335605533,12.725811907163463,0],[92.98004972158732,12.709395063511074,0],[92.963855310011,12.70440099874449,0],[92.95669572012409,12.624211098756566,0],[92.94553678225668,12.631346477583106,0],[92.92972887336813,12.616923243334112,0],[92.94559623780903,12.629895625983012,0],[92.95879757902586,12.619609343379006,0],[92.9754200161019,12.5430073133351,0],[92.96882709163683,12.496659734433422,0],[92.96006961626887,12.485670125736103,0],[92.94590433035623,12.499658318473967,0],[92.93636797754493,12.481431354495092,0],[92.93261901300586,12.481896810101905,0],[92.93283755092496,12.485237188948128,0],[92.93119300039506,12.487630569536854,0],[92.92680679518509,12.488602285327973,0],[92.92883997929123,12.48873566370106,0],[92.92921487150466,12.489158251866467,0],[92.92850877493237,12.490448784355493,0],[92.92720919577651,12.490380889959328,0],[92.92653305506823,12.488471178189009,0],[92.93261903301729,12.484715080376043,0],[92.9261448512058,12.476739241719523,0],[92.93430504639474,12.470090412632242,0],[92.92178251305693,12.465707841592346,0],[92.92027107501013,12.472885612529309,0],[92.91617028223422,12.473760027092494,0],[92.91970507776074,12.476155870840929,0],[92.91840778154862,12.478169467539418,0],[92.92088469170848,12.479875986893425,0],[92.92031183450685,12.483284059208609,0],[92.9112424298899,12.489256645158461,0],[92.91315337910508,12.492805118872862,0],[92.91216651246035,12.494362197962388,0],[92.91397186887194,12.496760174251442,0],[92.91457451025295,12.500025226821956,0],[92.91428694956446,12.500025271020299,0],[92.91182379616883,12.494375651633804,0],[92.91292109557948,12.492547408565946,0],[92.91086289066904,12.48932669505965,0],[92.92052825535471,12.479984400524284,0],[92.91824909467122,12.478601135543112,0],[92.91913244377221,12.476106146604526,0],[92.91516254857393,12.478108254079778,0],[92.9131111044208,12.476975780258188,0],[92.91263948207431,12.478399550848915,0],[92.91202771045171,12.478700126065414,0],[92.90921961974536,12.477447739072069,0],[92.9084791026406,12.476699631308957,0],[92.90827914075923,12.47537294783323,0],[92.9082261936418,12.476267921527876,0],[92.90736362758695,12.476932295595448,0],[92.90690366273908,12.476785279597602,0],[92.9072738921934,12.477497274831284,0],[92.90692885432978,12.477630542955518,0],[92.90664826603025,12.477409072718341,0],[92.90714506960421,12.477472362762041,0],[92.90671963324074,12.476746874204856,0],[92.9082792146413,12.475160526262439,0],[92.91236583046701,12.47833173046422,0],[92.91260745590243,12.47701640397333,0],[92.91388170545322,12.475811911224005,0],[92.90570377472834,12.470653672825422,0],[92.9077878355099,12.467218652266807,0],[92.90716894534334,12.469241376023962,0],[92.91180536611635,12.471038501651472,0],[92.9148705258739,12.477651669007038,0],[92.9154688694799,12.472996034043978,0],[92.9194454172548,12.472752256600042,0],[92.92156404475959,12.464835394624894,0],[92.94990991961801,12.476196678529883,0],[92.95783698138267,12.472705385233493,0],[92.94463775872981,12.45126870670338,0],[92.91238681029516,12.45056942579659,0],[92.91481809978382,12.444419993310705,0],[92.91065798993492,12.444844507827582,0],[92.90818821006266,12.443890550451908,0],[92.90742958701648,12.44231526115348,0],[92.9090420672067,12.437987419716183,0],[92.92288342813548,12.434654848498777,0],[92.91077680470994,12.405388618877147,0],[92.90803202126301,12.420973681423357,0],[92.89096751136552,12.43656340538836,0],[92.8948516239413,12.435820499716991,0],[92.89579205612714,12.436451162169703,0],[92.8954907080231,12.437210485068661,0],[92.89635298572931,12.437490877241341,0],[92.8964976795541,12.438519221252871,0],[92.89704044504371,12.43849446730119,0],[92.8844518487702,12.44176032029428,0],[92.88992155027512,12.447872531481464,0],[92.89566380326045,12.44785760154117,0],[92.89896338289951,12.451094452962593,0],[92.88884467389904,12.463753624394943,0],[92.89628436614089,12.450104138010998,0],[92.88571285003574,12.449374666876224,0],[92.88360772314175,12.442460800317347,0],[92.87700951148308,12.445087815551014,0],[92.88621741332305,12.456484810741284,0],[92.88379303856952,12.45852517166911,0],[92.87869000138994,12.458060849698496,0],[92.88313599582574,12.46653243215095,0],[92.87891569328004,12.466913474322391,0],[92.87895239584641,12.46754180224531,0],[92.8813463441219,12.46815479860863,0],[92.88184528855706,12.468726626842756,0],[92.88158293123033,12.469775236719341,0],[92.88040962822564,12.471325427569859,0],[92.87860976063412,12.46725471340215,0],[92.87889503973955,12.466603830801056,0],[92.88051896313874,12.465815450121234,0],[92.881229877312,12.46441887889956,0],[92.87803687954772,12.458060739736172,0],[92.88527458844878,12.455953588205427,0],[92.86877598355956,12.446158751343892,0],[92.8431906204716,12.470765850815596,0],[92.8432608202215,12.480341567338415,0],[92.83548882436646,12.500637575140326,0],[92.83817277244111,12.49737601468616,0],[92.84218409402439,12.497113415715644,0],[92.85113832638507,12.502128563751308,0],[92.85514648508394,12.50976450466072,0],[92.83505808115058,12.501416301664504,0],[92.83759043450287,12.493335152216309,0],[92.8225293176754,12.500023601149246,0],[92.83687263146902,12.491249218881087,0],[92.83559104850343,12.486586855125035,0],[92.83414221765388,12.488756663346727,0],[92.8328657777176,12.489258492173178,0],[92.82461514506751,12.482885729969508,0],[92.82260508956796,12.485313109677316,0],[92.81580399073054,12.486809450626513,0],[92.82447129423738,12.482174915964436,0],[92.83397657073893,12.488467365357753,0],[92.83487338204235,12.485800399754073,0],[92.84239127125042,12.479313413608402,0],[92.8405067719616,12.47139440964204,0],[92.8408431122198,12.476389077650476,0],[92.8334170536543,12.481515554951276,0],[92.831765722478,12.481050087437145,0],[92.8315701175397,12.48013481163991,0],[92.83356605739111,12.47539306018496,0],[92.82945381093613,12.474710835616103,0],[92.82872909866171,12.471684670601876,0],[92.82555997964027,12.473294033622098,0],[92.82516664694218,12.47293694244329,0],[92.82559894017638,12.471992222854881,0],[92.82908323372202,12.471616889506347,0],[92.83062902406357,12.474541290175642,0],[92.82993890522698,12.47207111535588,0],[92.83030906462245,12.470561340476776,0],[92.83154854553189,12.469297894453783,0],[92.83325510120001,12.469480801895722,0],[92.83479696552536,12.480159400657929,0],[92.83939058389011,12.46445620072162,0],[92.8845288487147,12.43610571479124,0],[92.89926490041704,12.416802819778681,0],[92.88479189505362,12.431258010101685,0],[92.87403437434938,12.413421654062457,0],[92.85955025821075,12.436826592416633,0],[92.84566367300422,12.423474047903719,0],[92.83705526546098,12.43075920579963,0],[92.84169649368474,12.437452905246957,0],[92.83600098156548,12.443605330711703,0],[92.83550768009721,12.43070510340501,0],[92.82149678403778,12.434075681984003,0],[92.82014933593112,12.43706126547764,0],[92.81076014328876,12.442858372009479,0],[92.8167967255607,12.444659627039762,0],[92.81210776290065,12.448323205388013,0],[92.81612300667506,12.446795412079798,0],[92.8182111037877,12.449050884826073,0],[92.81823894518358,12.451297190263363,0],[92.81766419473111,12.45198749364347,0],[92.81709104577106,12.451902853390642,0],[92.81599852708429,12.450720178175875,0],[92.81603326390818,12.454332388645444,0],[92.81525181721177,12.454717658301131,0],[92.81149283098546,12.448774029349655,0],[92.8163309313424,12.44480502700512,0],[92.81021926356074,12.442680676755005,0],[92.81948794443136,12.43495696518446,0],[92.80415838207425,12.441083091258315,0],[92.79584809236242,12.43788429368931,0],[92.79953704807777,12.464656261222617,0],[92.78575776017941,12.474714781921108,0],[92.78954091437312,12.477108444426227,0],[92.79072745187618,12.480776575844937,0],[92.79064221435549,12.482650221581872,0],[92.79000043204029,12.483583507572405,0],[92.7866102127465,12.483895105180144,0],[92.78542347529475,12.474680663967568,0],[92.79096801709167,12.469095709517326,0],[92.77186919531822,12.471035977161229,0],[92.79820086269606,12.46406630033325,0],[92.78724245900017,12.437087457201423,0],[92.82963454495888,12.42826466217029,0],[92.81497051437418,12.424895515946627,0],[92.83394225171553,12.410484565127135,0],[92.8157545695598,12.416994396782298,0],[92.80416111105147,12.411737452654565,0],[92.80331290224031,12.404564061092877,0],[92.80245066850047,12.404751624756566,0],[92.80176771615116,12.40594264410452,0],[92.80133775272829,12.405906430319536,0],[92.79965699286822,12.40431534021394,0],[92.7991306036891,12.400798645545947,0],[92.80360257034496,12.404475918813501,0],[92.80420018654598,12.411274113742232,0],[92.81571313800421,12.416381881885654,0],[92.83840050715784,12.408633136153021,0],[92.82164958760798,12.402288124385633,0],[92.81966498162448,12.389080390382956,0],[92.83240551625049,12.400630825868522,0],[92.84155090305588,12.39139315296286,0],[92.83997820181885,12.39111759881025,0],[92.83893425328152,12.389809174254033,0],[92.84087657331291,12.385334067062496,0],[92.83753634783635,12.389382146514313,0],[92.83565997037984,12.38693694774328,0],[92.83534241546315,12.38413900286219,0],[92.83239969937381,12.385725817187865,0],[92.82813458667684,12.381380043771872,0],[92.83004944341216,12.378457605688556,0],[92.82876665964133,12.378925509336996,0],[92.8275963864061,12.378808119207111,0],[92.82570184626448,12.377377566723485,0],[92.82556846817829,12.37639901837379,0],[92.825064694672,12.376390740039838,0],[92.82136140170992,12.380062738201017,0],[92.82010601776764,12.379165563371792,0],[92.8230762770669,12.374217398513789,0],[92.83019202197384,12.378315264569316,0],[92.82995097276482,12.382961911429133,0],[92.83565741526826,12.383795464116574,0],[92.83755470273223,12.38885322669313,0],[92.838710590768,12.383528429374104,0],[92.84141680443537,12.385370100501623,0],[92.84007704690924,12.39058420482636,0],[92.84486355389441,12.387717946839093,0],[92.84232578280188,12.391795385842235,0],[92.86105751995085,12.369437672402771,0],[92.85081992381987,12.36761770258389,0],[92.84626304988355,12.365453157583689,0],[92.84665828586702,12.363884669386277,0],[92.84539371118639,12.36311185813317,0],[92.8446328767317,12.363676983996749,0],[92.84576855654552,12.363708462400757,0],[92.84592040131362,12.364528848568739,0],[92.84358009400168,12.364856873832847,0],[92.84460981266987,12.363166215846872,0],[92.88333059495392,12.357025495691381,0],[92.8989665299544,12.333759059230891,0],[92.87952862025925,12.344852065224288,0],[92.87144226935371,12.329968094081982,0],[92.85706228980064,12.345206012421526,0],[92.84789454047933,12.343478372626324,0],[92.85962940249125,12.341917172772732,0],[92.8594466303739,12.335344887735406,0],[92.85775019448923,12.33554414015407,0],[92.85898981044848,12.338631111543874,0],[92.8582176655492,12.339896934192272,0],[92.8569993951311,12.340392048581855,0],[92.85640852049347,12.339777439723683,0],[92.8559844915886,12.333386070002373,0],[92.854722300287,12.332337577529708,0],[92.85568055554262,12.330452497234706,0],[92.85806411692903,12.329473551016187,0],[92.85420880611775,12.326841154862668,0],[92.84546980875581,12.329256147332178,0],[92.84254570886799,12.326799817690043,0],[92.84188379214886,12.327909574154846,0],[92.8429158793447,12.32789587697746,0],[92.84309772196539,12.330042913206917,0],[92.8418564132521,12.329717643092494,0],[92.84109351518863,12.33157773821769,0],[92.83930742773804,12.331306762084038,0],[92.83940412206995,12.332773524647685,0],[92.83716057687737,12.332635833528528,0],[92.83571263734811,12.33434005415558,0],[92.83195437426522,12.335703202957736,0],[92.83186471163864,12.335542722595898,0],[92.84281685020882,12.326458504551454,0],[92.84552621867982,12.328860538648591,0],[92.84744213675837,12.325796686670538,0],[92.84837367157893,12.328083495246084,0],[92.85136453840465,12.325955534445546,0],[92.85468689548964,12.326608276189715,0],[92.85676057181057,12.328212622454524,0],[92.8601194552322,12.31915600971198,0],[92.85489265061129,12.319489076534865,0],[92.8474553226031,12.308280228844866,0],[92.83379561418681,12.308552929837278,0],[92.831450707764,12.302676892151519,0],[92.8098088647646,12.315648188084303,0],[92.77866890802552,12.313074250332175,0],[92.76948983833607,12.320684886825246,0],[92.7719804435953,12.327350200849407,0],[92.77159658354562,12.327757001571301,0],[92.77051391352514,12.327878813382133,0],[92.77078261124441,12.329302693434535,0],[92.76952276680854,12.330310486138453,0],[92.77105362403074,12.330604584361181,0],[92.77211078557991,12.332139265568252,0],[92.77206239444318,12.332905447322865,0],[92.77043478618887,12.333759476644415,0],[92.75281239202286,12.296094548566828,0],[92.73412504937062,12.302426354461575,0],[92.74360424031924,12.326528168514193,0],[92.74773630127946,12.344421486582258,0],[92.74745256202404,12.349813359525228,0],[92.74372276925882,12.353438678780448,0],[92.7464489795216,12.352389418359902,0],[92.74987145392218,12.355901979976455,0],[92.74965581142746,12.35885129596879,0],[92.74853821167864,12.360159616640502,0],[92.74293322517556,12.35931276718424,0],[92.74668770642404,12.361174169280567,0],[92.74917836357807,12.365617787053232,0],[92.7426114308135,12.359457425572119,0],[92.73875879085328,12.314966615665904,0],[92.71947705872964,12.300342449876021,0],[92.69903885589093,12.3282786222144,0],[92.6951290521224,12.400409285704754,0],[92.70736949464458,12.594005924671498,0],[92.68398464619791,12.609049866574248,0],[92.70258650191184,12.60478720739686,0],[92.71823991212325,12.644334952342815,0],[92.7199333752745,12.618408663644887,0],[92.7224360383993,12.615356852016802,0],[92.72747963067012,12.636159624224359,0],[92.73330182024627,12.624066745047921,0],[92.73491875284766,12.627252534771426,0],[92.73565898578622,12.625371976295861,0],[92.74003485292022,12.622373434184695,0],[92.74031932512838,12.62039362798387,0],[92.74086212517993,12.619701854076014,0],[92.74273977819603,12.619203829353152,0],[92.74410676292412,12.619203206604451,0],[92.74766153077495,12.620459234682638,0],[92.72852445002964,12.636037172557597,0],[92.73282793331423,12.657106768733101,0],[92.77314526684047,12.67038959306218,0],[92.77838502530165,12.641202043014554,0],[92.77544962581487,12.637833490449797,0],[92.7751021795804,12.631356274681716,0],[92.76523373601889,12.632057104634514,0],[92.76227138417762,12.627752767266069,0],[92.76186774107549,12.624421384573143,0],[92.77565932977923,12.630737273200042,0],[92.77848745589522,12.637888970527515,0],[92.77882175383488,12.629635695571283,0],[92.78437902289149,12.623974380870816,0],[92.77645165702546,12.590469394702204,0],[92.77892657088614,12.579975059574036,0],[92.78598974213195,12.6245173811703,0],[92.77908341324817,12.671020312437221,0],[92.78709696631896,12.7027803796847,0],[92.78097482396626,12.725368205490634,0],[92.78368698479343,12.72460531237415,0],[92.78698294030066,12.726405255584483,0],[92.78969515521231,12.725466031381428,0],[92.78124535319226,12.740382748118824,0],[92.76160097231248,12.722810953543158,0],[92.78181424087724,12.733689270723293,0],[92.77578392532861,12.718378669247285,0],[92.78301673566374,12.692410139364755,0],[92.76939416154572,12.673103239606464,0],[92.73195522443618,12.672596500121367,0],[92.72642109470273,12.694094897337637,0],[92.74471513337973,12.699167299184788,0],[92.74584060721955,12.722818817017677,0],[92.74044233307343,12.739047301405568,0],[92.72967832717465,12.743892593885272,0],[92.7200031095714,12.790293890034361,0],[92.73120198436513,12.797517670033178,0],[92.73211204072528,12.79334996400764,0],[92.73570902857503,12.793637966148042,0],[92.73274119610818,12.789308911182525,0],[92.73561463899598,12.788620857988485,0],[92.7350613020999,12.78708879426826,0],[92.73694353719945,12.784154665649595,0],[92.73570516142476,12.785135944112774,0],[92.73521233286239,12.785000522914432,0],[92.73508707185485,12.782971110331049,0],[92.73773333337628,12.779155309411019,0],[92.73903750309886,12.790924774320564,0],[92.73121302810763,12.801707655983709,0],[92.72046629619045,12.796996833885904,0],[92.72207114915669,12.825227904542514,0],[92.73052801797358,12.836249264672958,0],[92.73530992476515,12.807252183123286,0],[92.73773580215281,12.80438565406466,0],[92.73911899897142,12.83701908641711,0],[92.74031636409909,12.836476241741737,0],[92.74183400613613,12.821862714451356,0],[92.74257959193474,12.82066012309489,0],[92.7560952038963,12.846794896955881,0],[92.75344148221677,12.8189400758595,0],[92.76553747335092,12.818835053253565,0],[92.77269891757632,12.842563068003319,0],[92.77210298196555,12.831719694853858,0],[92.77930534646386,12.824115059019272,0],[92.7794280335248,12.79910160272475,0],[92.78349510218477,12.788452582285815,0],[92.78659244133846,12.786147336008025,0],[92.78424358932234,12.78441622581044,0],[92.7829563468224,12.781837556387458,0],[92.78319585952977,12.775722069789929,0],[92.78037503092396,12.77631187800848,0],[92.78383154046273,12.762146259220255,0],[92.7933784629011,12.774363640222292,0],[92.78041588074218,12.805052129168201,0],[92.78983300136018,12.814713578146725,0],[92.79220275209593,12.809682808187485,0],[92.79034188102342,12.807497414944457,0],[92.79202056257202,12.799639470952364,0],[92.79275282518536,12.799106084811013,0],[92.7942797353608,12.799718510187848,0],[92.79493607384532,12.798651722058128,0],[92.79179479886325,12.797340994233496,0],[92.792446443088,12.79342445724427,0],[92.79466637644204,12.793668497043274,0],[92.80062972305423,12.81282839731663,0],[92.78921363811251,12.828858878602526,0],[92.78207172793941,12.809181191697451,0],[92.78566902132403,12.832924543068602,0],[92.7817968716755,12.859983334273421,0],[92.79300517104033,12.84450687742056,0],[92.78839635955401,12.861490702961595,0],[92.80041070395463,12.848459299878318,0],[92.7927569379031,12.863678290759264,0],[92.79443165288872,12.863705390182027,0],[92.79665462967642,12.864830730759634,0],[92.8001672185425,12.860570491027415,0],[92.80439878455591,12.86107195699255,0],[92.79079030911741,12.889935556653805,0],[92.80883634964673,12.897489713162683,0],[92.82975069614307,12.884618795844696,0],[92.83413257277006,12.885675637318036,0],[92.84069257165287,12.891609018779631,0],[92.83960193995115,12.876677669052686,0],[92.84769681678455,12.876067035235945,0],[92.84439548807315,12.875132217548652,0],[92.84240442906248,12.871952783400866,0],[92.84320344290106,12.870513027974935,0],[92.84144533701806,12.86804554933905,0],[92.83988889835045,12.868120166385442,0],[92.84069011091498,12.869817554728174,0],[92.83932925241665,12.872254073138434,0],[92.83885681865286,12.871519647989347,0],[92.83635162188361,12.865856665419674,0],[92.83973925181708,12.861385758751172,0],[92.83837842382377,12.864179374364486,0],[92.84255794944646,12.868502863057214,0],[92.84370760950428,12.870911360826314,0],[92.84277532941198,12.87192565980762,0],[92.84450596750682,12.874833860097578,0],[92.85388011842417,12.877111614164418,0],[92.85267509064751,12.873538828891292,0],[92.84971173772233,12.873988112827437,0],[92.84670698472692,12.869326344744644,0],[92.84814378611813,12.867067688199631,0],[92.85107603589073,12.866318725154738,0],[92.8450587989834,12.862224598394496,0],[92.84955723634171,12.845100410254936,0],[92.84864278178986,12.844955937322215,0],[92.84878082915743,12.846970420251008,0],[92.84750323779367,12.847730879890216,0],[92.84554129370282,12.845961920508437,0],[92.84138009784833,12.846382889910819,0],[92.83819007651206,12.844445280078553,0],[92.83625060935353,12.84711085532809,0],[92.82593641388506,12.830991509293328,0],[92.82344076930671,12.82310450120718,0],[92.828861740974,12.818889070086009,0],[92.82910326551254,12.817225404111932,0],[92.82805522029605,12.817043503075181,0],[92.82702570594503,12.816270331520128,0],[92.82669828490552,12.814030153825609,0],[92.82763681009564,12.810329584866352,0],[92.82840526106997,12.810057398271267,0],[92.82697457353855,12.813971860191382,0],[92.82944272404846,12.817212658503141,0],[92.82901533109549,12.819227870647106,0],[92.82365735262134,12.823210697077943,0],[92.826175795672,12.830885721280108,0],[92.85007478273096,12.845001126204414,0],[92.84546817712435,12.861987876734874,0],[92.85189439488524,12.866339115321782,0],[92.84975557604726,12.873139870051197,0],[92.85284699898612,12.872980888845571,0],[92.85474868359903,12.877571331157856,0],[92.86055840209724,12.87731653664643,0],[92.86219890011924,12.878253979540267,0],[92.86122753297131,12.873224962080323,0],[92.86151259912411,12.871172822882263,0],[92.86396319212487,12.869630793320876,0],[92.86444191980574,12.868541336046798,0],[92.86328121032763,12.869493148597867,0],[92.86165530787086,12.868577242654085,0],[92.86127830743727,12.865771552850012,0],[92.8624263491114,12.8635899898561,0],[92.86461019110189,12.868817030430575,0],[92.86248692350752,12.878278788107973,0],[92.86189723479083,12.87844167027162,0],[92.86050552966022,12.877653357677211,0],[92.86031215384409,12.878069242035265,0],[92.87432431287964,12.882337226791634,0],[92.87131469556012,12.892373741797716,0],[92.89107816567967,12.895207289246427,0],[92.90011318867872,12.902843982667195,0],[92.89240585309038,12.915658362775254,0],[92.89721047115377,12.926805488556464,0]]],[[[92.77946425879418,12.64704999453572,0],[92.78099041317377,12.655836793343662,0],[92.78085798582472,12.64614048496228,0],[92.77946425879418,12.64704999453572,0]]],[[[92.77285402528011,12.673661895388515,0],[92.78084539603707,12.687636254197837,0],[92.78199151014157,12.68824237363957,0],[92.77537641000015,12.674490101799298,0],[92.77285402528011,12.673661895388515,0]]],[[[92.78247118033607,12.718719859628244,0],[92.78098780210865,12.711549167042262,0],[92.77699961475187,12.71791362048846,0],[92.78066944203648,12.717200955493498,0],[92.78247118033607,12.718719859628244,0]]],[[[92.78106109291085,12.719022040087042,0],[92.78135451769005,12.718042007722772,0],[92.78068180817466,12.718165604788508,0],[92.78106109291085,12.719022040087042,0]]],[[[92.76803377457375,12.86207599658043,0],[92.78506907510594,12.83256838227674,0],[92.7839752812486,12.824699173625818,0],[92.76803377457375,12.86207599658043,0]]],[[[92.75943738528622,12.85955975677914,0],[92.76562560864866,12.849422145743622,0],[92.76525849461254,12.836061160599497,0],[92.75943738528622,12.85955975677914,0]]],[[[92.76502892596154,12.872955243533015,0],[92.76566822048953,12.861384211063642,0],[92.76533708358852,12.855273209135788,0],[92.76024716994027,12.868344379138364,0],[92.76502892596154,12.872955243533015,0]]],[[[92.75591810590961,12.878821687151627,0],[92.75771455061933,12.875976857961673,0],[92.75586044140414,12.876334158045335,0],[92.75591810590961,12.878821687151627,0]]],[[[92.83181247633108,12.885263023078954,0],[92.83141638529446,12.885710566312573,0],[92.83216735194706,12.885665201991074,0],[92.83181247633108,12.885263023078954,0]]],[[[92.83047638782936,12.885593126870535,0],[92.83114224324876,12.885599886517149,0],[92.83115596220591,12.885346788597744,0],[92.83047638782936,12.885593126870535,0]]],[[[92.83392528548977,12.886919106740597,0],[92.83547127835062,12.887542676290504,0],[92.83370407213528,12.886494408858567,0],[92.83392528548977,12.886919106740597,0]]],[[[92.78169510116203,12.883920363042598,0],[92.79007830053088,12.889805600765175,0],[92.78810402385058,12.88309797530852,0],[92.78169510116203,12.883920363042598,0]]],[[[92.75475197720722,12.911539647364137,0],[92.75623049534333,12.897216129379972,0],[92.75267434134784,12.889585979945593,0],[92.74804686701195,12.894598040066718,0],[92.75475197720722,12.911539647364137,0]]],[[[92.7909967212418,12.91726792605509,0],[92.79199041514417,12.892232782280786,0],[92.77351303630167,12.906275573990543,0],[92.7909967212418,12.91726792605509,0]]],[[[92.76818815687092,12.916158238662474,0],[92.76706899554625,12.9170179411307,0],[92.76728198509231,12.91775759417627,0],[92.76818815687092,12.916158238662474,0]]],[[[92.76652362306221,12.921970492517966,0],[92.7612266046111,12.921956359275379,0],[92.76518451958901,12.926087991181507,0],[92.76652362306221,12.921970492517966,0]]],[[[92.76874642318866,12.928682797232579,0],[92.77381371451068,12.921195939210504,0],[92.77183256471471,12.917591123242758,0],[92.76874642318866,12.928682797232579,0]]],[[[92.75907981550023,12.93515880499304,0],[92.76573501288667,12.928212483226266,0],[92.76247960217295,12.92548432975352,0],[92.75907981550023,12.93515880499304,0]]],[[[92.83086385048053,13.001378053186926,0],[92.833078493409,13.002052000754317,0],[92.83105776743255,13.000025544262643,0],[92.83086385048053,13.001378053186926,0]]],[[[92.78755369985367,13.010910599902578,0],[92.78624269983104,13.011531600413683,0],[92.78776069973286,13.011462600326048,0],[92.78755369985367,13.010910599902578,0]]],[[[92.78473906694869,13.013220333143455,0],[92.78445791560821,13.013495878457842,0],[92.78470218251493,13.013631509560076,0],[92.78473906694869,13.013220333143455,0]]],[[[92.78550187751976,13.055675276659226,0],[92.7855157519494,13.05522348159862,0],[92.78527607529249,13.05525960867708,0],[92.78550187751976,13.055675276659226,0]]],[[[92.78814453669776,13.060460730856093,0],[92.78752687109392,13.06062335507335,0],[92.78807524648091,13.060917087810935,0],[92.78814453669776,13.060460730856093,0]]],[[[92.79503130523202,13.075325217118683,0],[92.79468312047634,13.076789194114244,0],[92.79495499532621,13.076974470244068,0],[92.79503130523202,13.075325217118683,0]]],[[[92.79359560212285,13.092852402841869,0],[92.79267364274803,13.092660239742218,0],[92.79288105769585,13.093387678358347,0],[92.79359560212285,13.092852402841869,0]]],[[[92.79330051221737,13.093882520953022,0],[92.79279105595099,13.094115223992493,0],[92.79325666493274,13.094036162116435,0],[92.79330051221737,13.093882520953022,0]]],[[[92.8400452540851,13.14361148126995,0],[92.84075994335997,13.143349325475517,0],[92.84020196260475,13.14292914344105,0],[92.8400452540851,13.14361148126995,0]]],[[[92.80863516295992,13.148074107667465,0],[92.80777977194047,13.149330288122048,0],[92.80856819960417,13.149904144220875,0],[92.80863516295992,13.148074107667465,0]]],[[[92.8072187000471,13.152912699455703,0],[92.80680469985364,13.152222700693919,0],[92.80625269964611,13.15270570002833,0],[92.8072187000471,13.152912699455703,0]]],[[[92.80431652357422,13.153774119410773,0],[92.80429817902345,13.152188097196014,0],[92.80336212345884,13.152996798963562,0],[92.80431652357422,13.153774119410773,0]]],[[[92.80927548411762,13.163134834412322,0],[92.80955219371882,13.16400245976764,0],[92.80950145529273,13.162845633242668,0],[92.80927548411762,13.163134834412322,0]]],[[[92.8098448486602,13.167323706006249,0],[92.80953366643776,13.166758810589558,0],[92.80923160526072,13.16713383508704,0],[92.8098448486602,13.167323706006249,0]]],[[[92.80989558146217,13.169185402368543,0],[92.80990016637851,13.168525648741536,0],[92.80914390891517,13.169049755483634,0],[92.80989558146217,13.169185402368543,0]]],[[[92.79334962484398,13.167625047178639,0],[92.79524451104723,13.171267342571499,0],[92.79635391906713,13.16800040428413,0],[92.79334962484398,13.167625047178639,0]]],[[[92.79258370379073,13.171239951918427,0],[92.79154146254278,13.171275943337474,0],[92.79212706032675,13.171741476602678,0],[92.79258370379073,13.171239951918427,0]]],[[[92.75449936345079,13.201823930575934,0],[92.75542633878895,13.202181183324258,0],[92.75473476240626,13.201209447191562,0],[92.75449936345079,13.201823930575934,0]]],[[[92.82587563476682,13.20893667508042,0],[92.82321891543191,13.20679710892678,0],[92.82248554133034,13.206941772168921,0],[92.82587563476682,13.20893667508042,0]]],[[[92.82727779430496,13.209420139224624,0],[92.82552522442104,13.211286475179696,0],[92.82629085947818,13.211458146004864,0],[92.82727779430496,13.209420139224624,0]]],[[[92.82782670162324,13.210328354901037,0],[92.82770690052072,13.211652416504817,0],[92.82868460707908,13.210884117720227,0],[92.82782670162324,13.210328354901037,0]]],[[[92.83918368629668,13.249155414444726,0],[92.83887221576096,13.248628944109516,0],[92.83869240834606,13.248895584810931,0],[92.83918368629668,13.249155414444726,0]]],[[[92.84040770024558,13.24937470005427,0],[92.83951069969548,13.249788699278868,0],[92.84026969961573,13.249995699815537,0],[92.84040770024558,13.24937470005427,0]]],[[[92.81306731243019,13.287138347332846,0],[92.81922353997126,13.285435807334517,0],[92.81675564841946,13.281616104834402,0],[92.81306731243019,13.287138347332846,0]]],[[[92.79978238159666,13.285684004791591,0],[92.80024812494685,13.28676887137703,0],[92.80010083520526,13.285521387543076,0],[92.79978238159666,13.285684004791591,0]]],[[[92.79328069943223,13.28822169934992,0],[92.79300469937849,13.28711769962818,0],[92.79272869938396,13.287738699527681,0],[92.79328069943223,13.28822169934992,0]]],[[[92.8169476996788,13.298985699351888,0],[92.81660270006233,13.298019699928435,0],[92.81611969972981,13.298847699850272,0],[92.8169476996788,13.298985699351888,0]]],[[[92.82913867589153,13.369318901754994,0],[92.82979431813123,13.368487394089376,0],[92.82903729608192,13.368369748899136,0],[92.82913867589153,13.369318901754994,0]]],[[[92.81078707695106,13.432025499940616,0],[92.81757645241248,13.403987073118742,0],[92.80766974849811,13.400536163484011,0],[92.81078707695106,13.432025499940616,0]]],[[[92.84118510794704,13.450466963308259,0],[92.83869125469975,13.4207407944284,0],[92.82080918891796,13.420615645190301,0],[92.84118510794704,13.450466963308259,0]]],[[[92.85176867316474,8.838610486619597,0],[92.85997664793211,8.819785050027129,0],[92.84642398562842,8.817386686679146,0],[92.85176867316474,8.838610486619597,0]]],[[[92.86312537551622,8.834375709336934,0],[92.8633410009791,8.83410208192858,0],[92.86309270431863,8.834194613458502,0],[92.86312537551622,8.834375709336934,0]]],[[[92.8514892320587,12.141309851788325,0],[92.85115155525716,12.141510974508959,0],[92.8514777585592,12.141617225786288,0],[92.8514892320587,12.141309851788325,0]]],[[[92.85206119961347,12.141899595278245,0],[92.85145017646754,12.141804768340457,0],[92.85185679339925,12.142084964428157,0],[92.85206119961347,12.141899595278245,0]]],[[[92.86600770396582,12.182208190061713,0],[92.86489824448749,12.18275757329662,0],[92.86526815492203,12.183067212628991,0],[92.86600770396582,12.182208190061713,0]]],[[[92.84752735078827,12.195803403208679,0],[92.84800302798548,12.196827176741776,0],[92.84801662162663,12.195545668318152,0],[92.84752735078827,12.195803403208679,0]]],[[[92.8714652031049,12.228556869446042,0],[92.87038749653813,12.22827232028177,0],[92.87076910759531,12.228866637939058,0],[92.8714652031049,12.228556869446042,0]]],[[[92.90099649582352,12.261576693137773,0],[92.90075092154932,12.259049934665944,0],[92.89766473151852,12.2586743345138,0],[92.8971912100961,12.256207144151588,0],[92.90515244328931,12.252019386091252,0],[92.90446361106027,12.247607962040249,0],[92.9136957232353,12.232152231525722,0],[92.91350822964338,12.221086880107832,0],[92.8910441879482,12.231315468481412,0],[92.87749014800185,12.209308215144556,0],[92.86968800436874,12.244843312446045,0],[92.87732021419184,12.248959555614112,0],[92.87911956194559,12.238251651240068,0],[92.88464803835643,12.238569160875798,0],[92.88425309121139,12.2489654319077,0],[92.90099649582352,12.261576693137773,0]]],[[[92.8813348507228,12.24154355621542,0],[92.88176221468987,12.239292504653674,0],[92.88068678161203,12.239391999284692,0],[92.8813348507228,12.24154355621542,0]]],[[[92.86088505487984,12.246121989534865,0],[92.86613836355558,12.236567719920023,0],[92.86505138211086,12.236025504403768,0],[92.86088505487984,12.246121989534865,0]]],[[[92.91093025877517,12.245009552390755,0],[92.91216887101378,12.244480827881652,0],[92.9116680268355,12.243497671659615,0],[92.91093025877517,12.245009552390755,0]]],[[[92.87953151650443,12.245872723933784,0],[92.88077402829448,12.24892181559895,0],[92.88041390662882,12.245796057687057,0],[92.87953151650443,12.245872723933784,0]]],[[[92.91056921348533,12.247482031909042,0],[92.91158474803346,12.249034805544092,0],[92.91149075655633,12.247161202264468,0],[92.91056921348533,12.247482031909042,0]]],[[[92.90576407864688,12.249309976608808,0],[92.90786897699171,12.249380225172374,0],[92.90606742826576,12.248690710395188,0],[92.90576407864688,12.249309976608808,0]]],[[[92.91080330444525,12.250784055693257,0],[92.91175107241695,12.250026677480944,0],[92.91099250448688,12.249784027792458,0],[92.91080330444525,12.250784055693257,0]]],[[[92.90626000337859,12.252769805574312,0],[92.9078503440327,12.251165710388289,0],[92.90625089271289,12.251177992337553,0],[92.90626000337859,12.252769805574312,0]]],[[[92.9074456938923,12.25359937515772,0],[92.90659765220947,12.254525929184263,0],[92.90859221079994,12.255278716286655,0],[92.9074456938923,12.25359937515772,0]]],[[[92.9047683893858,12.254634188395023,0],[92.90516371591947,12.254204862298826,0],[92.90478227065834,12.25412343343442,0],[92.9047683893858,12.254634188395023,0]]],[[[92.90857821936815,12.25667778695524,0],[92.90685700916185,12.257226769987719,0],[92.90782664855455,12.258329822219231,0],[92.90857821936815,12.25667778695524,0]]],[[[92.89984112971467,12.25779549622881,0],[92.90070169298093,12.257727017458175,0],[92.89981583002404,12.257589754901874,0],[92.89984112971467,12.25779549622881,0]]],[[[92.9026889329687,12.256922096587124,0],[92.90130778887571,12.260117352120263,0],[92.90251889079835,12.260788857692624,0],[92.9026889329687,12.256922096587124,0]]],[[[92.86295793509056,12.259067016153004,0],[92.86396686801233,12.2595006878277,0],[92.86416671009694,12.259254359536273,0],[92.86295793509056,12.259067016153004,0]]],[[[92.91317151045075,12.26048528609166,0],[92.91410371797537,12.262000358170583,0],[92.91434228641666,12.260564932320097,0],[92.91317151045075,12.26048528609166,0]]],[[[92.91427099705918,12.263028022189822,0],[92.91549702791308,12.263772129672155,0],[92.91586989131565,12.263125453592874,0],[92.91427099705918,12.263028022189822,0]]],[[[92.90205134351042,12.263639226314064,0],[92.90196465323648,12.26415936848048,0],[92.90209697010154,12.263634663955392,0],[92.90205134351042,12.263639226314064,0]]],[[[92.88812851643989,12.280724376820814,0],[92.88971576851378,12.27233971707182,0],[92.88389651400264,12.274488078449581,0],[92.88812851643989,12.280724376820814,0]]],[[[92.87834067558576,12.290226073319253,0],[92.88451821758464,12.279758617658688,0],[92.87689871486647,12.284028596025781,0],[92.87710453321249,12.288772558116001,0],[92.87834067558576,12.290226073319253,0]]],[[[92.88898861824545,12.297065856335648,0],[92.89064522672315,12.293426350599338,0],[92.88692179984884,12.293816693540753,0],[92.88898861824545,12.297065856335648,0]]],[[[92.88004837393741,12.300715363823679,0],[92.88473321113935,12.297014360772069,0],[92.87603277677835,12.294787414071363,0],[92.88004837393741,12.300715363823679,0]]],[[[92.86529536929339,12.305967551115952,0],[92.86472939071518,12.30312220127091,0],[92.86309064119888,12.303325942429678,0],[92.86529536929339,12.305967551115952,0]]],[[[92.85804288448807,12.311040192423482,0],[92.85720847637879,12.312419483848352,0],[92.85869171277139,12.311241664201773,0],[92.85804288448807,12.311040192423482,0]]],[[[92.85756167888977,12.335150846511137,0],[92.87093622569695,12.328691326590754,0],[92.88522514847719,12.331954994266606,0],[92.90007911757459,12.32349909776875,0],[92.85616752816522,12.31464777078296,0],[92.85607151193845,12.317888786188293,0],[92.86059064113907,12.319074499079857,0],[92.86184371968434,12.321126387973399,0],[92.8602782429326,12.320105169073065,0],[92.85844570828698,12.329803460540155,0],[92.85503717972858,12.332052794485517,0],[92.85644652268562,12.333275171483779,0],[92.85702461189494,12.340019122859209,0],[92.85756167888977,12.335150846511137,0]]],[[[92.90595811220034,12.340078529963604,0],[92.90420827605132,12.338213328262611,0],[92.90392365155249,12.341108838371635,0],[92.90595811220034,12.340078529963604,0]]],[[[92.91393102402495,12.356365305731552,0],[92.9131179270233,12.332159307428945,0],[92.9127287106201,12.330634363600907,0],[92.90674181486105,12.341671927953099,0],[92.91393102402495,12.356365305731552,0]]],[[[92.89426685121282,12.407020007568514,0],[92.88226240345546,12.37370097065048,0],[92.84269703723784,12.401108990956626,0],[92.88141622434746,12.398396223560868,0],[92.89426685121282,12.407020007568514,0]]],[[[92.8971340355485,12.396758079164279,0],[92.89658760386142,12.392014218634046,0],[92.89443720294862,12.395946340257783,0],[92.8971340355485,12.396758079164279,0]]],[[[92.86482668072472,12.40864956107818,0],[92.8642608222513,12.407718565278945,0],[92.86394056022675,12.408266969175576,0],[92.86482668072472,12.40864956107818,0]]],[[[92.87623483216437,12.410172927284735,0],[92.8805947029717,12.410694443513032,0],[92.87376214103513,12.408898488268171,0],[92.87623483216437,12.410172927284735,0]]],[[[92.89861494234067,12.411446442328867,0],[92.89645596006933,12.410634741525342,0],[92.89787210033101,12.412280302422143,0],[92.89861494234067,12.411446442328867,0]]],[[[92.9018284850083,12.413276711861117,0],[92.90190757403825,12.411939493822588,0],[92.90133731622629,12.412072765650041,0],[92.9018284850083,12.413276711861117,0]]],[[[92.88843010622047,12.412678096626147,0],[92.88841475175794,12.413047178059543,0],[92.88865849150775,12.412965889740429,0],[92.88843010622047,12.412678096626147,0]]],[[[92.88828800829484,12.414498091663248,0],[92.88851359071022,12.413189556797354,0],[92.88794556154603,12.413684434503564,0],[92.88828800829484,12.414498091663248,0]]],[[[92.88797064180973,12.414421185760697,0],[92.88819368511604,12.414771516067162,0],[92.88818452673691,12.414455094226325,0],[92.88797064180973,12.414421185760697,0]]],[[[92.86814512907007,12.413958484009685,0],[92.85851114382196,12.417795359230125,0],[92.86783608930614,12.420128484309993,0],[92.86814512907007,12.413958484009685,0]]],[[[92.8382779066979,12.41131052400723,0],[92.84198667083365,12.416009068794908,0],[92.85843000170837,12.413307713166901,0],[92.8382779066979,12.41131052400723,0]]],[[[92.90337851231683,12.423291210879247,0],[92.89823005508843,12.421769446144031,0],[92.89925734894128,12.426079490498545,0],[92.90337851231683,12.423291210879247,0]]],[[[92.91496275145151,12.441334034232224,0],[92.91579719768856,12.442028310958916,0],[92.91582123489755,12.441341061431288,0],[92.91496275145151,12.441334034232224,0]]],[[[92.89141325712352,12.897567005646572,0],[92.89239482509306,12.899656532663556,0],[92.89262953450151,12.898040465285344,0],[92.89141325712352,12.897567005646572,0]]],[[[92.87920931816315,12.905745127335061,0],[92.88043534655276,12.903575779107014,0],[92.87860608342886,12.902258721808293,0],[92.87920931816315,12.905745127335061,0]]],[[[92.87953166222512,12.907408487119554,0],[92.87738620841506,12.910347904157062,0],[92.87866298090213,12.91291567105034,0],[92.87953166222512,12.907408487119554,0]]],[[[92.86400808448538,12.912684531810612,0],[92.86333826807272,12.914910835151044,0],[92.86448046828274,12.912808715410996,0],[92.86400808448538,12.912684531810612,0]]],[[[92.85973690570464,12.933595851640126,0],[92.88553450265402,12.923549412751795,0],[92.86267788079955,12.918047836148181,0],[92.85973690570464,12.933595851640126,0]]],[[[92.88950722546048,12.932877339332157,0],[92.8901525235352,12.931426469071507,0],[92.88896807590726,12.932154094380618,0],[92.88950722546048,12.932877339332157,0]]],[[[92.8874084658023,12.933128596544462,0],[92.89327172754716,12.937524140349062,0],[92.89327651799424,12.936457458493809,0],[92.8874084658023,12.933128596544462,0]]],[[[92.90022335061396,12.940392620358992,0],[92.90231095000345,12.94051025671744,0],[92.90280652500817,12.937373470868105,0],[92.90094241898196,12.938756459505731,0],[92.9002510560251,12.939655824506147,0],[92.90038928671851,12.939845673953917,0],[92.90026027597769,12.939949626685642,0],[92.90037544905844,12.940166597433016,0],[92.90022335061396,12.940392620358992,0]]],[[[92.90037544905844,12.940166597433016,0],[92.89909196055943,12.940358635851167,0],[92.89840289144496,12.941542752332229,0],[92.90037544905844,12.940166597433016,0]]],[[[92.90051352625217,12.942318091084797,0],[92.9019284462484,12.94078142662184,0],[92.89907115086496,12.94229540598526,0],[92.90051352625217,12.942318091084797,0]]],[[[92.89906427041593,12.942125457290052,0],[92.89822312447039,12.942363145471042,0],[92.89857339690363,12.94257105705409,0],[92.89906427041593,12.942125457290052,0]]],[[[92.87783878122968,12.961531632517199,0],[92.87885718427532,12.96196067381218,0],[92.87866062308547,12.960909460892566,0],[92.87783878122968,12.961531632517199,0]]],[[[92.88326430039838,12.965450400230326,0],[92.88302289989,12.965224699923512,0],[92.88306190037031,12.965497000162717,0],[92.88326430039838,12.965450400230326,0]]],[[[92.88271923358452,12.96610473771529,0],[92.88161311807963,12.96575202031541,0],[92.88170057971094,12.96656110582832,0],[92.88271923358452,12.96610473771529,0]]],[[[92.88627346971666,12.979041201553692,0],[92.88682180147947,12.980365613110264,0],[92.88705237661331,12.979219801223877,0],[92.88627346971666,12.979041201553692,0]]],[[[92.88855014433358,12.981416624172306,0],[92.88851794059441,12.980716073649617,0],[92.88810765355308,12.98110928815525,0],[92.88855014433358,12.981416624172306,0]]],[[[92.8933549197675,12.984219510825152,0],[92.8934080425967,12.983116587150679,0],[92.89279042044558,12.983125606327363,0],[92.8933549197675,12.984219510825152,0]]],[[[92.91374268173952,13.067303850889866,0],[92.91410210394017,13.068794983677726,0],[92.91414372384611,13.067249650779425,0],[92.91374268173952,13.067303850889866,0]]],[[[92.910912041172,13.074076783143274,0],[92.90982625718776,13.076435260965239,0],[92.91182476457466,13.073819272151281,0],[92.910912041172,13.074076783143274,0]]],[[[92.84604183865707,13.41957111317835,0],[92.8470898548619,13.420158783278444,0],[92.84679445993474,13.419263857818617,0],[92.84604183865707,13.41957111317835,0]]],[[[92.86170757986243,13.420797177672224,0],[92.86226616743647,13.422555354848763,0],[92.86288030402687,13.42132603169002,0],[92.86170757986243,13.420797177672224,0]]],[[[92.86955610301482,13.45417515259819,0],[92.86961614374393,13.453619235385428,0],[92.86932060585845,13.453723182200417,0],[92.86955610301482,13.45417515259819,0]]],[[[92.87104369970552,13.455063700053323,0],[92.87049169990875,13.454649700066716,0],[92.8706297002831,13.455132700353264,0],[92.87104369970552,13.455063700053323,0]]],[[[92.86592629769683,13.461863002880344,0],[92.86464245306796,13.46365726317557,0],[92.86719615783888,13.464204221232242,0],[92.86592629769683,13.461863002880344,0]]],[[[92.86884122081563,13.514338326814956,0],[92.87251338692167,13.501760038395684,0],[92.86511403824225,13.503133916300651,0],[92.86884122081563,13.514338326814956,0]]],[[[92.90570184547197,13.521558951521493,0],[92.90638037325316,13.520056190826734,0],[92.90510611553238,13.519968426845631,0],[92.90570184547197,13.521558951521493,0]]],[[[92.9071502663699,13.538181752619334,0],[92.90629903257123,13.529278111148816,0],[92.90279787556469,13.531574561518589,0],[92.9071502663699,13.538181752619334,0]]],[[[92.87359428952476,13.541185297235435,0],[92.8776409446176,13.537818073059677,0],[92.87540508538444,13.535287090790789,0],[92.87359428952476,13.541185297235435,0]]],[[[92.91325350134942,13.543396516687036,0],[92.91644544849919,13.542356444581042,0],[92.9137751403798,13.541217950099071,0],[92.91325350134942,13.543396516687036,0]]],[[[92.90380460121048,13.599161786975403,0],[92.88960814054994,13.575570336930092,0],[92.88332920368242,13.574205780118536,0],[92.88538652132948,13.59760848939075,0],[92.90380460121048,13.599161786975403,0]]],[[[92.99549048033201,11.94585587370323,0],[92.99462254929473,11.946298986711524,0],[92.9955547550966,11.946828042864695,0],[92.99549048033201,11.94585587370323,0]]],[[[92.96463693391726,12.04959180700639,0],[92.97481822162608,12.01624945004714,0],[92.97296213372884,12.04315854050432,0],[93.01478361874847,12.02729771465938,0],[93.00710425497147,12.002990604817088,0],[93.05408678207414,11.90278642844596,0],[93.04410455377054,11.883717332241568,0],[93.02543774245736,11.885777197477958,0],[92.9923340431175,11.934518968517152,0],[93.00428416850754,11.947945088322271,0],[93.009409634557,11.942721845246343,0],[93.01280620584062,11.943812528381766,0],[93.01473516336489,11.941756592565232,0],[93.01448816452714,11.9393608210933,0],[93.01537923990506,11.938267242908305,0],[93.01493696192601,11.942145449312228,0],[93.01289788039625,11.944129044160603,0],[93.00892262462285,11.943666355496514,0],[93.00997258836485,11.946632020509949,0],[93.0046833306533,11.948338561577371,0],[93.00159873102574,11.947514469356232,0],[93.00839901431857,11.95511136176027,0],[93.00851807160831,11.95587534548918,0],[93.00693781201524,11.958220708596857,0],[92.97508699754306,11.945546063700668,0],[92.95844295393353,11.980949582083923,0],[92.92295085801008,11.998442292483587,0],[92.94942268121797,12.01379499172965,0],[92.96463693391726,12.04959180700639,0]]],[[[92.97118854865721,12.036053002744525,0],[92.97215069133965,12.036075524190261,0],[92.97131015831708,12.035399813306139,0],[92.97118854865721,12.036053002744525,0]]],[[[92.9902189994868,12.037462567397522,0],[92.98877242739322,12.037291056606774,0],[92.98960611845003,12.03800062801481,0],[92.9902189994868,12.037462567397522,0]]],[[[92.97750850845303,12.042013996079241,0],[92.97762774029347,12.041935188171934,0],[92.97742571289895,12.041975958912715,0],[92.97750850845303,12.042013996079241,0]]],[[[92.97726960250041,12.04223133049455,0],[92.9772696789131,12.042425672691593,0],[92.97734769103295,12.042267510523384,0],[92.97726960250041,12.04223133049455,0]]],[[[92.976798935612,12.042369295812833,0],[92.97685401992216,12.04246443795668,0],[92.97689769546635,12.042394082428931,0],[92.976798935612,12.042369295812833,0]]],[[[92.9761446000809,12.042710630002837,0],[92.97630069355678,12.042665425450204,0],[92.97624787176419,12.042613422294586,0],[92.9761446000809,12.042710630002837,0]]],[[[92.97570369904615,12.042828247507495,0],[92.97587595428088,12.04288017068229,0],[92.97589204108814,12.042767219921693,0],[92.97570369904615,12.042828247507495,0]]],[[[92.97433067357133,12.042916574085103,0],[92.97432370194198,12.042803531295212,0],[92.97424799480392,12.042860045886755,0],[92.97433067357133,12.042916574085103,0]]],[[[92.97524748518543,12.042917432561756,0],[92.97520088357743,12.042875773002248,0],[92.97513886382687,12.04294585389046,0],[92.97524748518543,12.042917432561756,0]]],[[[92.97772165939374,12.04248151771417,0],[92.97774283134463,12.043411073307762,0],[92.97811476102935,12.04296571586996,0],[92.97772165939374,12.04248151771417,0]]],[[[92.9749276054644,12.04301206281561,0],[92.97484465143538,12.043045499544364,0],[92.97489088833159,12.04311087407694,0],[92.9749276054644,12.04301206281561,0]]],[[[92.978681959023,12.043182616887934,0],[92.97850970031514,12.043187217051452,0],[92.97871640189395,12.043309226681732,0],[92.978681959023,12.043182616887934,0]]],[[[92.97864288839016,12.043517128557015,0],[92.97798619867774,12.043417783926486,0],[92.97841566402539,12.043862929827679,0],[92.97864288839016,12.043517128557015,0]]],[[[92.97886051645357,12.04360473272195,0],[92.97885647172471,12.043768005864345,0],[92.97893457152848,12.043645926441116,0],[92.97886051645357,12.04360473272195,0]]],[[[92.97825497282338,12.04395787283691,0],[92.9783031983807,12.044055092708142,0],[92.97831239219917,12.043962398534145,0],[92.97825497282338,12.04395787283691,0]]],[[[92.97875326129238,12.04427876798077,0],[92.9786246593604,12.04403467759769,0],[92.97869124792713,12.044285545192443,0],[92.97875326129238,12.04427876798077,0]]],[[[92.96720352988166,12.065132016932711,0],[92.9706777457453,12.06340493176195,0],[92.96805976526046,12.062582523736562,0],[92.96720352988166,12.065132016932711,0]]],[[[92.96470754291168,12.066601354988906,0],[92.96414016717023,12.064621606612015,0],[92.96152019835672,12.066269415960662,0],[92.96470754291168,12.066601354988906,0]]],[[[93.00997043394348,12.069899088466945,0],[93.00824288462613,12.070138043950076,0],[93.00853663629174,12.070816413257639,0],[93.00997043394348,12.069899088466945,0]]],[[[93.00533378468259,12.072280124520406,0],[93.00645175641998,12.068622553990089,0],[93.00414945541449,12.069955492420739,0],[93.00533378468259,12.072280124520406,0]]],[[[92.95788838365935,12.108549529967325,0],[93.00502757404689,12.100635363493282,0],[92.99414217896441,12.043683860224489,0],[92.974924208299,12.067221710569054,0],[92.95643884269892,12.073072804925177,0],[92.97177152034452,12.086588987130602,0],[92.95751463058008,12.087182552527675,0],[92.96008765503908,12.097244344457735,0],[92.95788838365935,12.108549529967325,0]]],[[[92.95651833959168,12.092220347862597,0],[92.95694985449258,12.089811091642305,0],[92.95582465752325,12.091189845405681,0],[92.95651833959168,12.092220347862597,0]]],[[[92.94568393566911,12.119875556933547,0],[92.95729968428337,12.099226688835678,0],[92.95013087881857,12.07923652014424,0],[92.94568393566911,12.119875556933547,0]]],[[[93.00131138038118,12.108736608507815,0],[92.99913771618108,12.107338265847293,0],[92.99812230598985,12.107893791798153,0],[93.00131138038118,12.108736608507815,0]]],[[[92.99189163150658,12.109457888863334,0],[92.99183699112808,12.111557563657207,0],[92.99270487214847,12.110425000274477,0],[92.99189163150658,12.109457888863334,0]]],[[[92.97772533635302,12.109374513190978,0],[92.97580334631589,12.111815692853265,0],[92.97655060778571,12.112190284535254,0],[92.97772533635302,12.109374513190978,0]]],[[[92.9725838961631,12.116541981882472,0],[92.97294663843134,12.115314658362827,0],[92.97194077928089,12.1158821205007,0],[92.9725838961631,12.116541981882472,0]]],[[[92.95937332207694,12.1192023034529,0],[92.96343113965312,12.115519159089455,0],[92.96258811222344,12.11397049418365,0],[92.95937332207694,12.1192023034529,0]]],[[[92.96070512884637,12.11941582959209,0],[92.96034469392092,12.120785479017393,0],[92.96101297724448,12.119474562918777,0],[92.96070512884637,12.11941582959209,0]]],[[[92.95616429537881,12.127245720104316,0],[92.95732001234502,12.124038007996296,0],[92.95638974216433,12.12330807263897,0],[92.95616429537881,12.127245720104316,0]]],[[[92.95585977092274,12.131268898312436,0],[92.95718726291688,12.130254081386619,0],[92.95547144277754,12.13040782523958,0],[92.95585977092274,12.131268898312436,0]]],[[[92.98928961363518,12.156636335419877,0],[92.99784260683666,12.14594909923147,0],[92.99317427199192,12.136120746486545,0],[93.00097036249898,12.110970161476937,0],[92.96507815460221,12.118018663765136,0],[92.95424762494612,12.135743989666395,0],[92.95660306230948,12.149964389346458,0],[92.97591601465126,12.143941395673775,0],[92.98779455482217,12.14667871771963,0],[92.98928961363518,12.156636335419877,0]]],[[[93.00412875049275,12.149667796346737,0],[93.00595328066038,12.149528384408317,0],[93.00500266451199,12.147940893236473,0],[93.00412875049275,12.149667796346737,0]]],[[[92.98738649007015,12.150923258128909,0],[92.98782310448703,12.151944715717487,0],[92.98783887949712,12.150509546104974,0],[92.98738649007015,12.150923258128909,0]]],[[[93.00732152982849,12.15250418661653,0],[93.0069178771976,12.150686320719899,0],[93.005639450764,12.152634624364476,0],[93.00732152982849,12.15250418661653,0]]],[[[92.98455700465708,12.154298080598197,0],[92.98524435421658,12.156894803557952,0],[92.9857404977829,12.156661872734082,0],[92.98455700465708,12.154298080598197,0]]],[[[92.92395149839432,12.216418187317457,0],[92.9405267858642,12.21523645099211,0],[92.93206944798895,12.195505874567498,0],[92.92395149839432,12.216418187317457,0]]],[[[92.91752406595302,12.254754412622226,0],[92.91880222953013,12.254382438830767,0],[92.91779597220614,12.253816232549386,0],[92.91752406595302,12.254754412622226,0]]],[[[92.91918237008626,12.255218267803166,0],[92.92047426092178,12.255589663064733,0],[92.91951694357228,12.254420044472358,0],[92.91918237008626,12.255218267803166,0]]],[[[92.91777280092306,12.256593938616128,0],[92.91904973711245,12.256309380390285,0],[92.91776205367488,12.255926111318752,0],[92.91777280092306,12.256593938616128,0]]],[[[92.9156673970463,12.26144552220388,0],[92.91701463254198,12.262191281366388,0],[92.91733676582486,12.261416731779422,0],[92.9156673970463,12.26144552220388,0]]],[[[92.93375233746,12.310778496991976,0],[92.94301506534339,12.274797905678232,0],[92.92215174018233,12.229277981252647,0],[92.91986531479502,12.269136204129746,0],[92.90036547229349,12.271220405489325,0],[92.90091253234903,12.288238799717927,0],[92.91339074975058,12.304096763764255,0],[92.92753834997654,12.278086463401735,0],[92.93375233746,12.310778496991976,0]]],[[[92.9572665681109,12.434148046252359,0],[92.93234033949679,12.35958906084914,0],[92.91642909705297,12.362871679516322,0],[92.93085858425822,12.418346657415253,0],[92.94733606815547,12.415577944972043,0],[92.9572665681109,12.434148046252359,0]]],[[[92.96819188512936,12.740901879359292,0],[92.96894714217585,12.741245106008927,0],[92.96840351562058,12.740404636895502,0],[92.96819188512936,12.740901879359292,0]]],[[[92.96711981380983,12.74313047031648,0],[92.96833495449503,12.74184192522947,0],[92.9681231317811,12.741796804367128,0],[92.96711981380983,12.74313047031648,0]]],[[[92.96074163317525,12.755544737518637,0],[92.96025814962563,12.75559461995392,0],[92.96029958227611,12.755924507815676,0],[92.96074163317525,12.755544737518637,0]]],[[[92.95889535429978,12.757529336874118,0],[92.95873861720395,12.756729300966043,0],[92.95845784225116,12.757529394067323,0],[92.95889535429978,12.757529336874118,0]]],[[[92.95492115210787,12.757740157013824,0],[92.95598016118068,12.756646151436728,0],[92.95407377599142,12.75763626637895,0],[92.95492115210787,12.757740157013824,0]]],[[[92.94066706255508,12.769830529432573,0],[92.9398749050861,12.76869607402856,0],[92.93929460958152,12.769035186727992,0],[92.94066706255508,12.769830529432573,0]]],[[[92.94474067018216,12.771136428579577,0],[92.94523800094095,12.770431239120924,0],[92.94299276370378,12.769667632323179,0],[92.94474067018216,12.771136428579577,0]]],[[[92.92905960418229,12.916954754570833,0],[92.93738613146242,12.914791378672298,0],[92.9334737831234,12.911471752241868,0],[92.92905960418229,12.916954754570833,0]]],[[[93.0079995379932,12.998586914265836,0],[92.98139194244585,12.967904944204262,0],[92.98207430622755,12.93203440008226,0],[92.95320473282527,12.934275204476227,0],[92.95730348011439,12.948961318121988,0],[92.97259013120787,12.946385933454772,0],[92.95371176055276,12.95792331599124,0],[92.95783178415127,12.989490043649283,0],[92.97200270746514,12.970253729197735,0],[92.98444370310963,12.994449321023847,0],[93.0079995379932,12.998586914265836,0]]],[[[92.97671892052658,12.986868958230701,0],[92.97800984665318,12.986606570835873,0],[92.97722771374094,12.986176377138687,0],[92.97671892052658,12.986868958230701,0]]],[[[92.9738787001429,12.993816600101587,0],[92.9738072003745,12.993662800177404,0],[92.97381899990614,12.993810300494786,0],[92.9738787001429,12.993816600101587,0]]],[[[92.9733465137979,12.994490357587864,0],[92.97284856809416,12.994158296495947,0],[92.97288323349213,12.994420446531247,0],[92.9733465137979,12.994490357587864,0]]],[[[92.9705196236943,12.99929115061265,0],[92.97016698768974,12.999406433729886,0],[92.97030991427876,12.999598506052507,0],[92.9705196236943,12.99929115061265,0]]],[[[92.9866814149358,13.001411415034871,0],[92.98742728393667,12.997973688941826,0],[92.98521037824982,12.998626377731442,0],[92.9866814149358,13.001411415034871,0]]],[[[92.93004335639546,13.02528823241575,0],[92.94622754514873,12.99873728355558,0],[92.94159901132258,12.994170543797464,0],[92.91322134425276,13.011822793242777,0],[92.92068569481482,13.031308570151172,0],[92.93004335639546,13.02528823241575,0]]],[[[92.94928054087487,13.01859594610552,0],[92.94419112293282,13.025559008026935,0],[92.94838475378941,13.024677682360116,0],[92.94928054087487,13.01859594610552,0]]],[[[92.93025420039542,13.027722400647091,0],[92.93106730032613,13.029017300437745,0],[92.93112150038738,13.027478600354623,0],[92.93025420039542,13.027722400647091,0]]],[[[92.93215195548298,13.048747531173479,0],[92.93036838451225,13.053265936685778,0],[92.9314007978029,13.054431677449214,0],[92.93215195548298,13.048747531173479,0]]],[[[92.91577333199254,13.06320804461532,0],[92.91204947446955,13.058158432048234,0],[92.91306972852092,13.067303814253739,0],[92.91577333199254,13.06320804461532,0]]],[[[92.82990694605427,13.212149344719931,0],[92.825512186755,13.237172309164002,0],[92.85042412931263,13.238625047514093,0],[92.85224171595092,13.221858277414274,0],[92.85519449897919,13.219469705195971,0],[92.84780534854416,13.212726170540398,0],[92.84832360035715,13.208080818085378,0],[92.84990095225892,13.207488624827787,0],[92.85418629247567,13.209054211672719,0],[92.8584841074671,13.20612947467551,0],[92.86123943950122,13.206378389997564,0],[92.85821788915472,13.200774823576273,0],[92.85912623362834,13.199373808131854,0],[92.86292599672291,13.196469876490546,0],[92.85717019405017,13.196224605670494,0],[92.85607693092814,13.19516292552295,0],[92.85537743229382,13.190739201016394,0],[92.85661265812706,13.188240205773516,0],[92.85827783171301,13.18766606259197,0],[92.86043229163006,13.191737009772483,0],[92.86091071220284,13.185519190810178,0],[92.86166913930889,13.184294468832023,0],[92.86311962621866,13.184825102921149,0],[92.86051354418915,13.192033827115717,0],[92.85572688788064,13.190536350198526,0],[92.8638114020558,13.196081076659778,0],[92.86211859489421,13.206601027104124,0],[92.85460575444756,13.20969089753795,0],[92.84894369632663,13.208388936701631,0],[92.85601659395482,13.219636398703159,0],[92.85483675691786,13.233957995507918,0],[92.85152468382171,13.239657585375372,0],[92.84249570910058,13.240817902794378,0],[92.839018930271,13.245895823939541,0],[92.85017195341868,13.262173021800509,0],[92.8551314383683,13.250588978152466,0],[92.85467031409041,13.25406048527636,0],[92.85802016081735,13.252257341921204,0],[92.85944561390106,13.2564969321218,0],[92.86047005143301,13.254106050821672,0],[92.86238951107691,13.252940053007919,0],[92.86885359690196,13.254603519493111,0],[92.87039922489546,13.258305202143335,0],[92.81109645487044,13.270826204461441,0],[92.84081748771553,13.301204283116435,0],[92.82046391820928,13.310845894160133,0],[92.83001578304068,13.369093070670361,0],[92.84935188407621,13.377814148335716,0],[92.84787619896959,13.363454951985307,0],[92.8499861210817,13.359373877548544,0],[92.85158329743014,13.358732226326136,0],[92.85436205523385,13.359175383596943,0],[92.8506722924471,13.376264019426221,0],[92.86973724456651,13.390678311390417,0],[92.85887493208386,13.383939059846202,0],[92.863583428004,13.389819399347209,0],[92.86329224829252,13.397674592321932,0],[92.86238259343283,13.401294815106871,0],[92.85811314123006,13.385209044887079,0],[92.84042250186755,13.388452465035797,0],[92.84206320277139,13.409649964609486,0],[92.87048481144579,13.413986297629203,0],[92.87298725426446,13.402393350913226,0],[92.87892889836314,13.396133543653558,0],[92.88270527725156,13.395084872193795,0],[92.8825713500733,13.393869082684267,0],[92.88013376118889,13.393014936913463,0],[92.87916885112416,13.39111217356102,0],[92.88570470861566,13.36722089197051,0],[92.88576163049603,13.398036095726331,0],[92.88908078298266,13.39419870720323,0],[92.8938867229248,13.394781408115223,0],[92.89495289485475,13.391735057215522,0],[92.89863222526347,13.391043209836079,0],[92.89847500680325,13.388543841263624,0],[92.90291163367773,13.38993543025518,0],[92.90233890017502,13.387531025206929,0],[92.90597600287043,13.382378148480917,0],[92.91597509797477,13.382408314059948,0],[92.92476633892589,13.390207662085412,0],[92.90724554875213,13.382667243567175,0],[92.90395551886593,13.394341995650535,0],[92.8987289761807,13.389140414237085,0],[92.89900617246232,13.3911109680276,0],[92.89312507277666,13.395933986363648,0],[92.88897464249864,13.394854067659463,0],[92.89942751978718,13.402803334044984,0],[92.89678765998787,13.412611283242647,0],[92.87450155293628,13.402067933996411,0],[92.87320878678769,13.436358679170525,0],[92.89000604703769,13.423061292970992,0],[92.89858043386893,13.426161086240281,0],[92.89898702198592,13.42876437455076,0],[92.87082609454174,13.44513133009146,0],[92.87422004884151,13.45963945295662,0],[92.86886765835686,13.473998346956515,0],[92.89105812972014,13.47851744596149,0],[92.88787099745075,13.469030897846464,0],[92.89822425154445,13.465147719377411,0],[92.90186223426079,13.496287716459221,0],[92.92489557797002,13.498923545323327,0],[92.92469313077056,13.480786255226503,0],[92.93181910525493,13.480739511265929,0],[92.9210615129743,13.47234878108611,0],[92.91870082672199,13.467883798899134,0],[92.92078722684975,13.463051907324374,0],[92.91957747712902,13.46382047222364,0],[92.91556904339173,13.463473158629341,0],[92.9201591434659,13.462812482591337,0],[92.91850099246393,13.461108873435046,0],[92.91836621958637,13.456498849214547,0],[92.92037005867665,13.455020558040225,0],[92.93222335420253,13.47186282729927,0],[92.92761984476995,13.475131564091209,0],[92.93282133865661,13.481024014842118,0],[92.92748172934466,13.497702701550985,0],[92.93040470850646,13.4952026961505,0],[92.93480502597352,13.50002413687131,0],[92.9132575062821,13.512364433385404,0],[92.9271612030332,13.514684892578552,0],[92.9261465494935,13.521618290405467,0],[92.93290867730697,13.520251803830062,0],[92.93611619252171,13.527184174565395,0],[92.93942751954971,13.524674892959704,0],[92.94132635640773,13.525840448743887,0],[92.94002760792698,13.523205840027202,0],[92.94045685535804,13.522003491799051,0],[92.9418148442086,13.52182685145934,0],[92.94324717832468,13.523155230904543,0],[92.94387438470842,13.519756263937648,0],[92.94426692403854,13.519462373517005,0],[92.9451724598462,13.520081305530438,0],[92.93802977204851,13.53158583086171,0],[92.91444136007749,13.520427342706698,0],[92.91355235628498,13.53509835310172,0],[92.9652079669904,13.549977811041066,0],[92.97964356508552,13.526975467327652,0],[92.98703473713255,13.527691364266689,0],[92.986210301781,13.523018052338836,0],[92.99200689371614,13.522016834225152,0],[92.9905683082523,13.51788166172251,0],[92.99540552799786,13.519900081793978,0],[92.99576350849165,13.524415360542726,0],[92.99983823499231,13.523388045096354,0],[92.99999999994206,13.52391349264551,0],[92.99548655272723,13.52480419377153,0],[92.99473587970134,13.520148961027788,0],[92.99102361357932,13.523246662515598,0],[92.98699581084959,13.523537542054653,0],[92.99103139486057,13.539057443313,0],[92.98208807403813,13.569439482232113,0],[93.00367726039835,13.56626029339951,0],[93.01051602333766,13.548662556450555,0],[93.02732946474153,13.57939980532283,0],[93.0431650106975,13.50490553431049,0],[93.03372368257214,13.465861941494238,0],[93.01862216658007,13.466303743878804,0],[93.0161478345266,13.462337620315378,0],[93.01440482454997,13.455315457558505,0],[93.01191577986239,13.453605360658663,0],[93.01201501146657,13.458813824277007,0],[93.01035619089201,13.459776103482088,0],[93.0080605237291,13.45936815993383,0],[93.00945930138815,13.46130386585282,0],[93.0077357358763,13.462361043497468,0],[93.00608657894307,13.462360284384182,0],[93.00511141662096,13.463282154148741,0],[93.01156485464826,13.45329324277063,0],[93.02989591492165,13.461077134550582,0],[93.03659659099198,13.441285710570936,0],[92.99651926070143,13.441060828942918,0],[92.98908778572944,13.427405938448631,0],[93.0390401144652,13.427912812967277,0],[93.0463314206267,13.404563084173578,0],[93.06106433216735,13.421471945663741,0],[93.06849682043661,13.39662960771796,0],[93.05112046288257,13.389798202084437,0],[93.04704284845802,13.374610218146774,0],[93.041923844048,13.38196012992472,0],[93.01287905733096,13.37730128403416,0],[93.00364972909597,13.392393446131207,0],[92.9992071836677,13.39594978805502,0],[93.00372861328633,13.391633917757298,0],[92.99640899989406,13.387570667249916,0],[92.99677638570904,13.383764923232043,0],[92.99991589701251,13.382241785752571,0],[92.99704342044214,13.382354654619986,0],[92.99435571507065,13.380407971293929,0],[92.99114296084257,13.38087049050712,0],[92.98875461945606,13.377319122089217,0],[92.98906937716009,13.379104250866495,0],[92.98589838389871,13.380014132731555,0],[92.97962935177671,13.3799174022023,0],[92.98872666678294,13.376781293375227,0],[92.99225521976105,13.380291453461545,0],[92.9949076416776,13.376335478729349,0],[92.99382917224438,13.379843262705544,0],[93.00014066352968,13.381879916941228,0],[93.00318006196125,13.389603629811205,0],[93.01412884029362,13.37073700491412,0],[93.03432547658642,13.374398079717304,0],[93.03143707410403,13.343896817045817,0],[92.99918885613481,13.350494810832398,0],[92.9841620799702,13.328015901612892,0],[92.97304264613423,13.359341960539279,0],[92.94540451753318,13.3510215003906,0],[92.95191427056514,13.326943156020107,0],[92.96117585409405,13.323080310590568,0],[92.94946635382709,13.321185798603015,0],[92.94790104754522,13.318736581390594,0],[92.94842676068156,13.317375996317553,0],[92.9607041078291,13.320309896195447,0],[92.964606955571,13.328344555080763,0],[92.99697227226689,13.314893846582185,0],[92.9826953702981,13.299226038922368,0],[92.98289343683341,13.298398848360842,0],[92.98466057302196,13.297674930161707,0],[92.98627925405049,13.295278774925457,0],[92.99024216255044,13.292877025930107,0],[92.99055088132991,13.291905147434186,0],[92.98616214766925,13.291504870315455,0],[92.98429126365147,13.287207446545727,0],[92.98167066089798,13.288288782007498,0],[92.98062941833287,13.28153225246264,0],[92.97836007384784,13.283811129764885,0],[92.97386014069515,13.281905620553152,0],[92.98105843964716,13.281247329751755,0],[92.99250759944795,13.292107628399926,0],[92.99439813485532,13.279772452494946,0],[93.00000000024866,13.280854286772865,0],[92.99719828689481,13.290186800590611,0],[92.98635949487544,13.299156647728474,0],[92.99504354566157,13.29711878638948,0],[93.00084307859001,13.298725625846146,0],[93.0025300867113,13.303907794420232,0],[93.02100821291059,13.296772379328477,0],[93.01202075478905,13.295588527923128,0],[93.01109234085787,13.276824894790042,0],[93.02535331818227,13.28257283756494,0],[93.0335532944472,13.277607028832714,0],[93.04571933892392,13.282747224940492,0],[93.03974140954084,13.269769291347371,0],[93.04370690401213,13.25426715884983,0],[93.0658013759684,13.273782455328355,0],[93.03175438338297,13.178583658627549,0],[93.0343264499064,13.081416800410155,0],[93.00343680779616,13.028155692449872,0],[92.96641361583926,13.029686497010426,0],[92.97469877895334,13.014243790082615,0],[92.95963930456442,13.014228009369054,0],[92.93319581961741,13.042238782087274,0],[92.95673089871633,13.065638090781183,0],[92.93729382886866,13.065449723815979,0],[92.94558514772388,13.0896568309069,0],[92.9393573504417,13.088570416634791,0],[92.94614101964034,13.12351437692067,0],[92.94445168163936,13.133907532852536,0],[92.93975141043596,13.140125361584895,0],[92.94038313413678,13.14073532814724,0],[92.94209600339914,13.139564885183784,0],[92.94329251076978,13.139750158461762,0],[92.94122257737318,13.145525000387565,0],[92.93926873055533,13.139981007859918,0],[92.94569832167446,13.123719662663765,0],[92.93359352293275,13.109292933552167,0],[92.93455125821446,13.060596960630452,0],[92.92872290218062,13.072536948414806,0],[92.92259297464275,13.05348940654777,0],[92.91222756224681,13.079982469160763,0],[92.90087421866544,13.081866494262945,0],[92.89886226605935,13.095513214698501,0],[92.88711432536103,13.093340056356864,0],[92.8924167470987,13.100755941685353,0],[92.89229437008261,13.103314669898724,0],[92.87716883728794,13.149908841706749,0],[92.87299148691672,13.149080906922356,0],[92.88876198131346,13.107926133270793,0],[92.88148708610947,13.108401364094881,0],[92.87319918663381,13.103462917642934,0],[92.88896736191639,13.10710150815365,0],[92.88556795626475,13.092300509133322,0],[92.91213865976785,13.066793125105608,0],[92.89506485961468,13.058662391180931,0],[92.8857800630232,13.045360776585479,0],[92.8580325252798,13.0799013088822,0],[92.84358977069473,13.050892510031321,0],[92.8602838906802,13.0655978198306,0],[92.86355675784641,13.043651288603423,0],[92.87006463829522,13.054799232335903,0],[92.87258079352945,13.043520886524506,0],[92.88651316300842,13.043903728804546,0],[92.8970974918911,13.0581498392276,0],[92.9145824007887,13.05553123052283,0],[92.92110710069505,13.039690215470275,0],[92.90825304637393,13.019395054931845,0],[92.90219497367347,13.02274011679395,0],[92.89634509216019,13.020077960274378,0],[92.89533614107445,13.01808297971751,0],[92.9104683405962,13.007516640621962,0],[92.9015893150087,13.00244385080225,0],[92.90150126528823,13.006365680023938,0],[92.89774544504606,13.008054971491525,0],[92.899809681206,13.009677371548786,0],[92.89767133764468,13.011046109622416,0],[92.89647804455927,13.009509643419745,0],[92.89658378763038,13.011100094305155,0],[92.8942659282,13.011110996380694,0],[92.9014165439282,13.002010072240342,0],[92.91280943811448,13.004828450450136,0],[92.91838787718072,12.987279359701304,0],[92.93303209483902,12.99129448865088,0],[92.93938131962948,12.968795991301102,0],[92.91045768013865,12.945305236724163,0],[92.90613181840368,12.98356633506426,0],[92.89620965955972,12.995313233144511,0],[92.88620377184397,12.982455571514238,0],[92.89058365975404,12.9973038119712,0],[92.88304634087459,13.00551292594905,0],[92.87067336434238,12.935591807238984,0],[92.84941977993388,12.945571095251337,0],[92.85420830399393,12.954725025893692,0],[92.85127874971732,12.961024279876018,0],[92.84001092238148,12.94991281820204,0],[92.85883775431138,12.917886334757904,0],[92.84477473145364,12.912634311383261,0],[92.87494107319385,12.90817323836093,0],[92.86861240188597,12.890458644011884,0],[92.87281591349607,12.88365505389325,0],[92.84227269357105,12.876923950142181,0],[92.84260092218678,12.89219446638482,0],[92.83837131259901,12.892762647167268,0],[92.82878185649662,12.886836416421618,0],[92.8097527980585,12.909194549439231,0],[92.80136360566934,12.899734888254805,0],[92.78998116677958,12.960932983553379,0],[92.79937395128708,12.991846929729158,0],[92.82208180828925,12.977166009793937,0],[92.80702102294524,12.9990147043407,0],[92.82285575293926,13.00650502949705,0],[92.82466311410566,12.998481589472654,0],[92.8419822008282,12.991375985022971,0],[92.83310853322429,13.004722285827038,0],[92.8228142168696,13.007399490614816,0],[92.82595954358239,13.016752518855036,0],[92.82928663573703,13.01523884473712,0],[92.83531440510268,13.018742544118021,0],[92.83713731337235,13.023066481504321,0],[92.83503337990514,13.019054310553217,0],[92.83163251042497,13.020446169014544,0],[92.829203708909,13.016083712892357,0],[92.82602573646032,13.017669268028259,0],[92.8204803085356,13.012150583101603,0],[92.8181773739009,13.012319997287909,0],[92.81762975143383,13.015928050755845,0],[92.81504720126746,13.016691322696554,0],[92.8135560841179,13.022055500209099,0],[92.81277278622379,13.021846652926294,0],[92.81431239135378,13.006854937076165,0],[92.7879593014141,13.019546551135912,0],[92.79923122487389,13.04338927814454,0],[92.79170600635375,13.05334927678689,0],[92.79676353015893,13.067992142739866,0],[92.79284429512852,13.091982482274958,0],[92.80081942098681,13.09134851479116,0],[92.79764659793666,13.081475238190475,0],[92.81412406866133,13.07230846194297,0],[92.80557851303787,13.100916885644272,0],[92.82057730141877,13.091209386171386,0],[92.8293552748858,13.108919734597006,0],[92.80847937815571,13.127277126025346,0],[92.82306981418425,13.134800966053959,0],[92.84721879929482,13.118154295951372,0],[92.84842654549146,13.150223626103411,0],[92.80792709287778,13.15379018938885,0],[92.8141564734097,13.174734511622143,0],[92.81933519891672,13.162127431587923,0],[92.82635885644721,13.175019159980966,0],[92.83716497785275,13.161993586248881,0],[92.8444138155699,13.160865476740643,0],[92.84724529184221,13.161800525167958,0],[92.84833830167533,13.162780961996964,0],[92.84867007075475,13.16125355474732,0],[92.84917891439979,13.161115344180116,0],[92.84828756250988,13.162930094074001,0],[92.83748319563551,13.162196926606713,0],[92.83460201219239,13.175289938438683,0],[92.81577507684163,13.184135728737237,0],[92.82990694605427,13.212149344719931,0]]],[[[92.98400549687531,13.298167863375681,0],[92.98396469704727,13.299790455916764,0],[92.98509542583312,13.30000690917511,0],[92.98400549687531,13.298167863375681,0]]],[[[93.00782631301725,13.320887562247327,0],[93.01180303428508,13.307248743436283,0],[93.01175031294503,13.301438911454515,0],[93.00215133980703,13.30430096167074,0],[92.99486841819743,13.297588919664507,0],[93.00782631301725,13.320887562247327,0]]],[[[93.00572945605163,13.322604667895416,0],[92.99934475969836,13.316235190729135,0],[92.99432096461692,13.31969503795785,0],[93.00572945605163,13.322604667895416,0]]],[[[92.96477172126963,13.33697259726723,0],[92.96750718536559,13.332976189973829,0],[92.9660855632769,13.332804962432215,0],[92.96477172126963,13.33697259726723,0]]],[[[93.00828555049823,13.335749098933402,0],[93.00736613152388,13.33704627509558,0],[93.00893584419684,13.33725948853852,0],[93.00828555049823,13.335749098933402,0]]],[[[92.98503205697904,13.529633023668199,0],[92.98425903619689,13.528745581911291,0],[92.98410703834448,13.529820132984048,0],[92.98503205697904,13.529633023668199,0]]],[[[92.98643084298905,13.536062400593254,0],[92.97839024782907,13.530761036320971,0],[92.98272287162884,13.538184238349917,0],[92.98643084298905,13.536062400593254,0]]],[[[92.97793355525879,13.535523315117556,0],[92.9784929055024,13.536427106827546,0],[92.97864487072094,13.535346783216673,0],[92.97793355525879,13.535523315117556,0]]],[[[93.00000000013065,13.572676682657292,0],[93.00027465554854,13.568596098279981,0],[92.99823864176412,13.57020582876244,0],[93.00000000013065,13.572676682657292,0]]],[[[92.98336200039576,13.57807300025908,0],[92.98347699998226,13.577728000423047,0],[92.98331599989699,13.577728000503443,0],[92.98336200039576,13.57807300025908,0]]],[[[93.00346400001598,13.584581999796795,0],[93.00422299981885,13.58472000066562,0],[93.00422299997679,13.58426000031361,0],[93.00346400001598,13.584581999796795,0]]],[[[93.01977874049672,13.674006123135548,0],[93.02855936698322,13.62544360208028,0],[93.001361983503,13.64855303764839,0],[92.9736004642584,13.643908376230517,0],[92.979669701238,13.666609695851296,0],[93.01977874049672,13.674006123135548,0]]],[[[93.04950764128155,8.442360530715941,0],[93.04969827848501,8.442708752308368,0],[93.04971196323818,8.442446526266856,0],[93.04950764128155,8.442360530715941,0]]],[[[93.04956652602311,8.443205992328162,0],[93.04984348961173,8.443016185504119,0],[93.04944849494143,8.443029712986577,0],[93.04956652602311,8.443205992328162,0]]],[[[93.05038834099885,8.443409588884704,0],[93.05012491936321,8.443644711239719,0],[93.0502247900981,8.443893354914808,0],[93.05038834099885,8.443409588884704,0]]],[[[93.05005663690447,8.444612210586385,0],[93.04971608380745,8.444833684782285,0],[93.04990677110793,8.444847319031075,0],[93.05005663690447,8.444612210586385,0]]],[[[93.05027004932406,8.444729773470286,0],[93.04993849243571,8.444973858784552,0],[93.05023366899358,8.445109591951937,0],[93.05027004932406,8.444729773470286,0]]],[[[93.04968422459247,8.445046163392544,0],[93.04983405807505,8.445267755439872,0],[93.04980677622162,8.445050761392652,0],[93.04968422459247,8.445046163392544,0]]],[[[93.04975678525315,8.445561648847564,0],[93.04951605450434,8.44564742972384,0],[93.04962045491541,8.445792142276694,0],[93.04975678525315,8.445561648847564,0]]],[[[93.0326676502227,8.472734943373677,0],[93.0477280251878,8.440506453759888,0],[93.02655263253001,8.447392064821624,0],[93.0326676502227,8.472734943373677,0]]],[[[93.01408332670812,11.850098966233446,0],[93.03121867489418,11.837389599343643,0],[93.06241214689769,11.845313051796637,0],[93.07152806003911,11.83411361853938,0],[93.04230898017289,11.809868979007305,0],[93.01376621939066,11.828265917309567,0],[93.01408332670812,11.850098966233446,0]]],[[[93.07231275108504,11.834208737475546,0],[93.0716291112746,11.833657167728838,0],[93.07206490318552,11.834317141447158,0],[93.07231275108504,11.834208737475546,0]]],[[[93.07144453954201,11.838801148725171,0],[93.07164673047491,11.837508421971236,0],[93.07087548328845,11.839031629233451,0],[93.07144453954201,11.838801148725171,0]]],[[[93.00954473339043,12.066100714785977,0],[93.01095877139262,12.068506805803004,0],[93.01217295631471,12.06527880877503,0],[93.00954473339043,12.066100714785977,0]]],[[[93.05258028731484,12.072816655539798,0],[93.0534485893639,12.072911838301392,0],[93.05354058140897,12.07251847654753,0],[93.05258028731484,12.072816655539798,0]]],[[[93.0536827226251,12.073576583867046,0],[93.05459234127159,12.073807422956717,0],[93.05440870750627,12.073278341523276,0],[93.0536827226251,12.073576583867046,0]]],[[[93.03366098034707,12.105031803696361,0],[93.03433719538174,12.102635534965408,0],[93.03319232910407,12.104950267513606,0],[93.03366098034707,12.105031803696361,0]]],[[[93.02827404845362,12.16372560032633,0],[93.02374131289105,12.141473051354838,0],[93.03382354532437,12.099619428335146,0],[93.05379780824187,12.07818774070155,0],[93.04343840477594,12.04264470751443,0],[93.0050653907784,12.076760988042384,0],[93.00719448726583,12.104990615311221,0],[92.99534848565756,12.131670123364593,0],[93.02827404845362,12.16372560032633,0]]],[[[93.07719234827843,12.076921357791052,0],[93.04798077896425,12.114083747058139,0],[93.06844562628885,12.121481233589222,0],[93.0352744030247,12.132089883350034,0],[93.06913147324167,12.212230599032456,0],[93.08793406936428,12.19514165999004,0],[93.07626166332616,12.179730361712878,0],[93.09190675540206,12.18188015706953,0],[93.08452896373343,12.119340513375002,0],[93.096575641533,12.138902445254892,0],[93.10158998471513,12.128769824497038,0],[93.09707594756757,12.092808790958914,0],[93.08618654084584,12.09319199667972,0],[93.08734118390102,12.08202815898268,0],[93.08487868828242,12.080924566803466,0],[93.08251280013269,12.07908845734364,0],[93.08108416295252,12.07751471808631,0],[93.0803536212462,12.077722609517561,0],[93.0772800985648,12.07686755172569,0],[93.07719234827843,12.076921357791052,0]]],[[[93.01434673163445,12.156594525328622,0],[93.01225603763223,12.155653217565334,0],[93.01346411127511,12.157182000089119,0],[93.01434673163445,12.156594525328622,0]]],[[[93.01280172662821,12.15866484326863,0],[93.01244825851086,12.157647336540062,0],[93.01200215922887,12.158411320368092,0],[93.01280172662821,12.15866484326863,0]]],[[[93.01494568841828,12.16446693103099,0],[93.01574999203943,12.16441297604255,0],[93.01516189948117,12.163947024447435,0],[93.01494568841828,12.16446693103099,0]]],[[[93.01876147610491,12.22340218053522,0],[93.02030947822561,12.2250933375102,0],[93.02036984766251,12.22344348393067,0],[93.01876147610491,12.22340218053522,0]]],[[[93.02837333579473,12.280103614525428,0],[93.024440095006,12.273288159191898,0],[93.02038429943391,12.274710962080512,0],[93.02837333579473,12.280103614525428,0]]],[[[93.07206949197358,12.315094402161968,0],[93.06125377431619,12.3152775365396,0],[93.07327398884334,12.31672691873184,0],[93.07206949197358,12.315094402161968,0]]],[[[93.05873485083698,13.226217332677034,0],[93.0557133037806,13.224937492880144,0],[93.05681536075762,13.227328735116792,0],[93.05873485083698,13.226217332677034,0]]],[[[93.05904131387916,13.227549623787436,0],[93.06103933853751,13.225511619913533,0],[93.06028288185104,13.224788262100358,0],[93.05904131387916,13.227549623787436,0]]],[[[93.06153498565283,13.227397041567489,0],[93.06199275519592,13.225817738588995,0],[93.06183253641443,13.225726183859837,0],[93.06153498565283,13.227397041567489,0]]],[[[93.0492334111994,13.263686648232982,0],[93.04874000877096,13.262140229458922,0],[93.04786267298472,13.263279326171604,0],[93.0492334111994,13.263686648232982,0]]],[[[93.06768160201115,13.267077853510443,0],[93.06789864751978,13.266625775114539,0],[93.06758477795314,13.266616662553636,0],[93.06768160201115,13.267077853510443,0]]],[[[93.07003970034629,13.267935699825394,0],[93.06948770033546,13.267935699743266,0],[93.06990169982534,13.268073699654062,0],[93.07003970034629,13.267935699825394,0]]],[[[93.06823076896225,13.267552707151802,0],[93.0684016349258,13.267195565485506,0],[93.06804159991802,13.267213571487131,0],[93.06823076896225,13.267552707151802,0]]],[[[93.06817985780579,13.268149503156572,0],[93.06787531147356,13.267738000091983,0],[93.06784754971359,13.268027355457395,0],[93.06817985780579,13.268149503156572,0]]],[[[93.06849817771565,13.268891059427864,0],[93.06818432927395,13.268777959044074,0],[93.06832736117788,13.269031181485852,0],[93.06849817771565,13.268891059427864,0]]],[[[93.07094367597894,13.272906463213621,0],[93.07075909834039,13.27264419217981,0],[93.07072212834245,13.272838598215246,0],[93.07094367597894,13.272906463213621,0]]],[[[93.07054207458951,13.27299680391088,0],[93.07027436307949,13.272951535062242,0],[93.07040817867679,13.273155020033542,0],[93.07054207458951,13.27299680391088,0]]],[[[93.06991423319259,13.273362892826484,0],[93.06994201131889,13.27298763388955,0],[93.06981736351243,13.273073511690633,0],[93.06991423319259,13.273362892826484,0]]],[[[93.07108671722709,13.273137078324778,0],[93.07090663844843,13.273408315968569,0],[93.07107738093666,13.273616329510093,0],[93.07108671722709,13.273137078324778,0]]],[[[93.07065736409218,13.273485124797217,0],[93.07056036085478,13.273801592680117,0],[93.07069423765519,13.27372928019409,0],[93.07065736409218,13.273485124797217,0]]],[[[93.07154349939091,13.27401881827694,0],[93.07171436472304,13.27366167467632,0],[93.07135432122686,13.273679684963131,0],[93.07154349939091,13.27401881827694,0]]],[[[93.07012177321198,13.274149636652307,0],[93.07032495785414,13.273765372836646,0],[93.0700941714407,13.273729153349437,0],[93.07012177321198,13.274149636652307,0]]],[[[93.0711788035064,13.27420411469762,0],[93.0708649462268,13.27409101690762,0],[93.0710079836069,13.274344237634017,0],[93.0711788035064,13.27420411469762,0]]],[[[93.07048624356027,13.274990667389448,0],[93.07070329176922,13.274538587456433,0],[93.07038941130526,13.274529479219753,0],[93.07048624356027,13.274990667389448,0]]],[[[93.03219498223524,13.280834719847538,0],[93.03263403308314,13.279428767160645,0],[93.03124884412493,13.2804455481577,0],[93.03219498223524,13.280834719847538,0]]],[[[93.01650786003303,13.285015247858155,0],[93.01449141424534,13.283246573358284,0],[93.0135486677529,13.285597219698257,0],[93.01650786003303,13.285015247858155,0]]],[[[93.02105063832977,13.294692619611642,0],[93.02123082259486,13.294340034494208,0],[93.02095841977126,13.294439392564994,0],[93.02105063832977,13.294692619611642,0]]],[[[93.04917728035116,13.296108578787875,0],[93.0485180419142,13.293223823750964,0],[93.04468623420328,13.294167597044385,0],[93.04917728035116,13.296108578787875,0]]],[[[93.02168741229424,13.295348459129507,0],[93.02154908208776,13.294968617556163,0],[93.02139207529119,13.295095150114715,0],[93.02168741229424,13.295348459129507,0]]],[[[93.07585973011841,13.295459467469065,0],[93.07557807566641,13.295762337966034,0],[93.07577195197675,13.295807587243965,0],[93.07585973011841,13.295459467469065,0]]],[[[93.07605348338294,13.296128649739227,0],[93.07566575349121,13.295925119440826,0],[93.07573955977358,13.296200929348291,0],[93.07605348338294,13.296128649739227,0]]],[[[93.02181294324001,13.315232972978366,0],[93.02155911115449,13.315029414544096,0],[93.02159591726148,13.31533235300651,0],[93.02181294324001,13.315232972978366,0]]],[[[93.01548797473727,13.325850756837804,0],[93.02028678378673,13.321467153082729,0],[93.0203229285511,13.312474407540053,0],[93.02313648209113,13.307583548224638,0],[93.0212000603837,13.301601156143553,0],[93.01548797473727,13.325850756837804,0]]],[[[93.02236668535085,13.31585712683759,0],[93.02207588289905,13.315739458254162,0],[93.02217734349671,13.315992688382606,0],[93.02236668535085,13.31585712683759,0]]],[[[93.02220485473138,13.316444824637976,0],[93.02187710280063,13.316363310732678,0],[93.02205705387065,13.316603008545243,0],[93.02220485473138,13.316444824637976,0]]],[[[93.02132683105361,13.318460946809882,0],[93.02155316785932,13.318185242453108,0],[93.02127156206565,13.318148959080379,0],[93.02132683105361,13.318460946809882,0]]],[[[93.01241241502284,13.33749162233222,0],[93.01537129583078,13.339025605116843,0],[93.0128513160984,13.336885969029165,0],[93.01241241502284,13.33749162233222,0]]],[[[93.05376394859219,13.38306684639169,0],[93.0880624011249,13.346036089332152,0],[93.07148222136146,13.322662937023475,0],[93.07805693509458,13.296287264049502,0],[93.05846572696143,13.32889470639657,0],[93.03840746402,13.322219910291466,0],[93.05376394859219,13.38306684639169,0]]],[[[93.02036943080407,13.344249722682578,0],[93.01742695247025,13.336666388333276,0],[93.01787090136412,13.345641233373259,0],[93.02036943080407,13.344249722682578,0]]],[[[93.03531133061587,13.342785973449018,0],[93.03744055257899,13.340842574944451,0],[93.03610662972162,13.339625903842588,0],[93.03531133061587,13.342785973449018,0]]],[[[93.0361403631642,13.361332363168476,0],[93.03528164714155,13.360920632928176,0],[93.03496745032321,13.361476634487165,0],[93.0361403631642,13.361332363168476,0]]],[[[93.0755223486486,13.367152677367672,0],[93.07625284738866,13.362495951624897,0],[93.07210561263938,13.36556505526554,0],[93.0755223486486,13.367152677367672,0]]],[[[93.03668838556256,13.36542878610604,0],[93.03962081764367,13.364756112041473,0],[93.03648135364341,13.363308258118584,0],[93.03668838556256,13.36542878610604,0]]],[[[93.0472971529791,13.373574933893318,0],[93.0403825110029,13.365380293143671,0],[93.03657910560698,13.374010038136692,0],[93.0472971529791,13.373574933893318,0]]],[[[93.03547098503972,13.37359370244395,0],[93.03468097333253,13.374601660111397,0],[93.0363158083877,13.374240529990393,0],[93.03547098503972,13.37359370244395,0]]],[[[93.04512724702292,13.376029541552786,0],[93.04578415489094,13.375573050261774,0],[93.04516334082551,13.375516865855863,0],[93.04512724702292,13.376029541552786,0]]],[[[93.04410077247823,13.376232431823048,0],[93.04482135366709,13.375622291737928,0],[93.04441964388218,13.375495572153104,0],[93.04410077247823,13.376232431823048,0]]],[[[93.06216760034769,13.387237586340666,0],[93.06081112034501,13.382489972488253,0],[93.05940645221159,13.385550487968695,0],[93.06216760034769,13.387237586340666,0]]],[[[93.07217927520466,13.43227559014814,0],[93.07133806631352,13.41334060882294,0],[93.06962937212842,13.412580689147823,0],[93.06553033880932,13.422643996908102,0],[93.07217927520466,13.43227559014814,0]]],[[[93.0732414280204,13.433229776019898,0],[93.07410077060935,13.432131291465927,0],[93.0733340420204,13.432081408991735,0],[93.0732414280204,13.433229776019898,0]]],[[[93.05076122061607,13.565473378924954,0],[93.05564242247412,13.562129065198768,0],[93.0528751293713,13.558909251725847,0],[93.05076122061607,13.565473378924954,0]]],[[[93.01519801740227,13.62976950533939,0],[93.01480019580694,13.630366125214286,0],[93.01479934377431,13.632269522172871,0],[93.01519801740227,13.62976950533939,0]]],[[[93.01410095068536,13.633055899631792,0],[93.01290301297972,13.634452410385668,0],[93.01391515062089,13.63502251193755,0],[93.01410095068536,13.633055899631792,0]]],[[[93.06783188419757,13.652188590098282,0],[93.05513010304301,13.642673088102637,0],[93.04435636003093,13.620973071018827,0],[93.04514298285014,13.647372203603679,0],[93.06783188419757,13.652188590098282,0]]],[[[93.01008103821121,13.638854746318794,0],[93.01045095413305,13.638674066876726,0],[93.01034933523418,13.638493175578613,0],[93.01008103821121,13.638854746318794,0]]],[[[93.03424375077321,13.642051779576123,0],[93.03523270753267,13.64303773013695,0],[93.03506692582903,13.64125634750087,0],[93.03424375077321,13.642051779576123,0]]],[[[93.03363655036854,13.646373765300035,0],[93.03467254776199,13.645176029130624,0],[93.03338275028472,13.645107760149438,0],[93.03363655036854,13.646373765300035,0]]],[[[93.0310179998756,13.662529000415574,0],[93.03175400034733,13.66218400039144,0],[93.03136299986966,13.661977000713616,0],[93.0310179998756,13.662529000415574,0]]],[[[93.02975250163058,13.663606937710973,0],[93.03026941697311,13.66275211034045,0],[93.03018434603223,13.662685990633404,0],[93.02975250163058,13.663606937710973,0]]],[[[93.02692400061156,13.670970000063486,0],[93.02738400030991,13.67119999988007,0],[93.02733800059958,13.670762999902623,0],[93.02692400061156,13.670970000063486,0]]],[[[93.44122916284698,7.877284680450497,0],[93.44223571713621,7.876665098794382,0],[93.4415917821996,7.876371351498789,0],[93.44122916284698,7.877284680450497,0]]],[[[93.38621327966109,7.890704641473949,0],[93.38781850073924,7.891432487782336,0],[93.38638555177256,7.88982300759903,0],[93.38621327966109,7.890704641473949,0]]],[[[93.38950993311595,7.890537231376504,0],[93.387052292997,7.895922247929359,0],[93.38913835459039,7.900335009305781,0],[93.38950993311595,7.890537231376504,0]]],[[[93.3953600689503,7.902708470515546,0],[93.39871552573787,7.898494384960753,0],[93.3950696893061,7.898625656893699,0],[93.3953600689503,7.902708470515546,0]]],[[[93.39254388627496,7.899430633021248,0],[93.39037184516926,7.901741051153231,0],[93.3945211426425,7.902681312890095,0],[93.39254388627496,7.899430633021248,0]]],[[[93.32673319283813,7.930417426985868,0],[93.32253820803508,7.931126783969995,0],[93.3230550767941,7.931927086100655,0],[93.32673319283813,7.930417426985868,0]]],[[[93.33814265282659,7.937146352488956,0],[93.33612420626153,7.941066196499274,0],[93.33968872431306,7.941948124597006,0],[93.33814265282659,7.937146352488956,0]]],[[[93.37323008708877,8.021657488752378,0],[93.40136592859689,8.008781475613102,0],[93.40361737925961,7.961557600682415,0],[93.42091141127366,7.96861386811769,0],[93.45190107209073,7.939293012183477,0],[93.46620778593518,7.891097250688605,0],[93.45445967915512,7.872440068526351,0],[93.41197567684502,7.906934791140011,0],[93.3880954138074,7.901582886589019,0],[93.3679572873111,7.877665195358387,0],[93.33499429532446,7.900143462035857,0],[93.32681108485393,7.923463681835823,0],[93.33548174117749,7.924495390819609,0],[93.34114993379266,7.930170144837518,0],[93.34182885250071,7.946858487972476,0],[93.3318919746868,7.94950708217096,0],[93.33785710735233,7.935233837776066,0],[93.32359426321625,7.935856189251763,0],[93.32107810148707,7.929349758152611,0],[93.32447531894502,7.925185950146456,0],[93.3219541734502,7.922934050869753,0],[93.30786693456857,7.933855594672612,0],[93.30061048177889,7.961479660482797,0],[93.31997703202583,8.00737855085196,0],[93.37323008708877,8.021657488752378,0]]],[[[93.4770011793159,8.009907312156315,0],[93.47676050405516,8.009029930055721,0],[93.47660638361842,8.009622481353075,0],[93.4770011793159,8.009907312156315,0]]],[[[93.47742760228586,8.009766978888761,0],[93.47839884462348,8.011019524993296,0],[93.47897472619708,8.009327938515604,0],[93.47742760228586,8.009766978888761,0]]],[[[93.47472893123985,8.014041440718893,0],[93.47558193152734,8.01435333280755,0],[93.47569506494268,8.012924144057145,0],[93.47472893123985,8.014041440718893,0]]],[[[93.474307285932,8.015570211175449,0],[93.47505589319292,8.015456916446551,0],[93.47458388862262,8.0147967956636,0],[93.474307285932,8.015570211175449,0]]],[[[93.47557347540803,8.017229730672927,0],[93.47509240321095,8.016343398788818,0],[93.47482931791035,8.017035392647154,0],[93.47557347540803,8.017229730672927,0]]],[[[93.47359915517299,8.03590853286696,0],[93.47461537573956,8.03505358052457,0],[93.47358087634021,8.034936190419984,0],[93.47359915517299,8.03590853286696,0]]],[[[93.1938148279022,8.18663043548194,0],[93.19387376838579,8.186295817411384,0],[93.1937331841677,8.186386247920677,0],[93.1938148279022,8.18663043548194,0]]],[[[93.19719627330466,8.1905632840666,0],[93.19731422859897,8.190242295502927,0],[93.19706915951824,8.190355302110321,0],[93.19719627330466,8.1905632840666,0]]],[[[93.18827929372195,8.190609964966097,0],[93.1880977165541,8.190216664241872,0],[93.1878391471425,8.19058746660936,0],[93.18827929372195,8.190609964966097,0]]],[[[93.18646014779641,8.194019305864915,0],[93.18605163064395,8.193689336608955,0],[93.18616967908235,8.194132417278531,0],[93.18646014779641,8.194019305864915,0]]],[[[93.1751334639581,8.194224375767254,0],[93.17551451683079,8.19364105141456,0],[93.17486568305443,8.19411585604993,0],[93.1751334639581,8.194224375767254,0]]],[[[93.18802138127744,8.19547489427602,0],[93.18814388273644,8.194954906395987,0],[93.18775818464312,8.195276016947659,0],[93.18802138127744,8.19547489427602,0]]],[[[93.21146487780993,8.197089198525958,0],[93.21107451445593,8.196795336856246,0],[93.21106102509059,8.19703947974552,0],[93.21146487780993,8.197089198525958,0]]],[[[93.1265321267038,8.216309261886218,0],[93.1269813641753,8.216001847296853,0],[93.12651397054665,8.216028949058801,0],[93.1265321267038,8.216309261886218,0]]],[[[93.11746474511467,8.219193797633915,0],[93.11742839541998,8.218777808408975,0],[93.11716067182556,8.218868249822695,0],[93.11746474511467,8.219193797633915,0]]],[[[93.1173148948015,8.220292409166348,0],[93.11711526178068,8.220061808596856,0],[93.1170880161696,8.220346658246196,0],[93.1173148948015,8.220292409166348,0]]],[[[93.23782670024177,8.2220959998292,0],[93.23897869991757,8.221700000532657,0],[93.23887069993314,8.22137599992315,0],[93.23782670024177,8.2220959998292,0]]],[[[93.23382178244647,8.223985168753973,0],[93.23414866473897,8.224333225553504,0],[93.23444351720633,8.223944283383606,0],[93.23382178244647,8.223985168753973,0]]],[[[93.22722774325962,8.224443479750592,0],[93.22624753089076,8.224611010968255,0],[93.22725958498832,8.224714823635875,0],[93.22722774325962,8.224443479750592,0]]],[[[93.24217489575696,8.233025237318998,0],[93.24229732242473,8.232781118817607,0],[93.2421475882029,8.232763028078876,0],[93.24217489575696,8.233025237318998,0]]],[[[93.24199362672834,8.233857249332527,0],[93.24178032401844,8.233821105304695,0],[93.24183476890661,8.233916049622957,0],[93.24199362672834,8.233857249332527,0]]],[[[93.24214348493325,8.234227928815324,0],[93.242030000324,8.234096839134061,0],[93.2420073093884,8.234259578771415,0],[93.24214348493325,8.234227928815324,0]]],[[[93.2294301785789,8.263100447614788,0],[93.24121624556037,8.22938595534451,0],[93.22950080688219,8.221802564277652,0],[93.20969326829679,8.2514041096424,0],[93.2294301785789,8.263100447614788,0]]],[[[93.22674870964694,8.26683119972939,0],[93.22642188744466,8.266799636327374,0],[93.2266307626148,8.267003038656116,0],[93.22674870964694,8.26683119972939,0]]],[[[93.1181842640276,8.35572288829144,0],[93.13350586875575,8.346540219761902,0],[93.11972429443207,8.272803199102896,0],[93.19282650469988,8.218600299238055,0],[93.19090311906302,8.196116489234987,0],[93.11162386523824,8.223642560498712,0],[93.07584267915628,8.27346031916602,0],[93.08493169503456,8.340800828096572,0],[93.1181842640276,8.35572288829144,0]]],[[[93.08886561640746,8.345533147262449,0],[93.0896784605868,8.34544703284342,0],[93.08926514611517,8.345135060691364,0],[93.08886561640746,8.345533147262449,0]]],[[[93.08637041018291,11.784790582642763,0],[93.07622656923412,11.783509750933181,0],[93.08394723655897,11.789862004926015,0],[93.08637041018291,11.784790582642763,0]]],[[[93.07666447052418,12.076740848064155,0],[93.07731233743806,12.076383739262745,0],[93.07697696558097,12.076270644723165,0],[93.07666447052418,12.076740848064155,0]]],[[[93.07905357815885,12.076587479918414,0],[93.07841488429722,12.077057636595825,0],[93.0789386390754,12.07710293222576,0],[93.07905357815885,12.076587479918414,0]]],[[[93.07952211455887,12.0771889312633,0],[93.08021594992213,12.076650955025782,0],[93.07957732772863,12.07665990476076,0],[93.07952211455887,12.0771889312633,0]]],[[[93.08282992983287,12.078274600652433,0],[93.0823106811659,12.078830694785795,0],[93.08284362905673,12.078871462695442,0],[93.08282992983287,12.078274600652433,0]]],[[[93.12360623650481,12.150117085151113,0],[93.12287540765074,12.138383446550481,0],[93.11242104217675,12.129245114455854,0],[93.10856491832769,12.14494863787726,0],[93.12360623650481,12.150117085151113,0]]],[[[93.10648813445519,12.261766537124194,0],[93.10447565818794,12.211574631129984,0],[93.10011879508237,12.200419523902982,0],[93.08773660647371,12.227342515172532,0],[93.0834266489607,12.216781588730228,0],[93.06180891126886,12.233453641732092,0],[93.07252577265291,12.262264160454869,0],[93.08548326868709,12.238386123535216,0],[93.10648813445519,12.261766537124194,0]]],[[[93.08015756876499,13.295134717275591,0],[93.07980216389647,13.294858859605332,0],[93.07974213043414,13.29497640153334,0],[93.08015756876499,13.295134717275591,0]]],[[[93.07606744166377,13.295572537711074,0],[93.07645054400349,13.295834843114875,0],[93.07620131710652,13.29555899939365,0],[93.07606744166377,13.295572537711074,0]]],[[[93.07759540832619,13.295735587327801,0],[93.07729993645857,13.295880213525257,0],[93.07752149191884,13.296024934206438,0],[93.07759540832619,13.295735587327801,0]]],[[[93.07819087589176,13.295930109721777,0],[93.07786316254574,13.29569042365231,0],[93.07787695075773,13.296011435663882,0],[93.07819087589176,13.295930109721777,0]]],[[[93.076958329687,13.295880150495563,0],[93.07667674572022,13.29582132117531,0],[93.07683825228865,13.296155923677558,0],[93.076958329687,13.295880150495563,0]]],[[[93.07863402448032,13.296025135314684,0],[93.07838010880813,13.296120035948498,0],[93.07848624323154,13.296337075147333,0],[93.07863402448032,13.296025135314684,0]]],[[[93.07770149229036,13.296214859228229,0],[93.07743370684909,13.296418266505427,0],[93.07764142745708,13.296490644550047,0],[93.07770149229036,13.296214859228229,0]]],[[[93.07593337882244,13.296535539539333,0],[93.07624272360181,13.296273365378099,0],[93.07605346084742,13.296241680980648,0],[93.07593337882244,13.296535539539333,0]]],[[[93.07876775701202,13.296780207985165,0],[93.07850004761768,13.296576704235322,0],[93.0786200179664,13.296866085475715,0],[93.07876775701202,13.296780207985165,0]]],[[[93.08205446512156,13.29746348265681,0],[93.08177755337788,13.29707008823251,0],[93.08179133407545,13.297463439255774,0],[93.08205446512156,13.29746348265681,0]]],[[[93.08002783283771,13.29778414768266,0],[93.07970473594644,13.297526380365586,0],[93.07992624625537,13.297933331438927,0],[93.08002783283771,13.29778414768266,0]]],[[[93.08079409342065,13.298087202958241,0],[93.080761695771,13.298552886480378,0],[93.08102944762973,13.298539368374588,0],[93.08079409342065,13.298087202958241,0]]],[[[93.08144489487172,13.29868411786564,0],[93.08111712424886,13.298729275167796,0],[93.08145870216109,13.298919225579077,0],[93.08144489487172,13.29868411786564,0]]],[[[93.0821186732183,13.299904967877659,0],[93.08190636518398,13.299642699931363,0],[93.0820124789081,13.300008938706178,0],[93.0821186732183,13.299904967877659,0]]],[[[93.08258951247514,13.30009493778721,0],[93.08230794580247,13.299904999315414,0],[93.0823263538474,13.300239574418965,0],[93.08258951247514,13.30009493778721,0]]],[[[93.08291727405467,13.300108555074406,0],[93.08300495334753,13.300298461715544,0],[93.08303729312,13.300153787033734,0],[93.08291727405467,13.300108555074406,0]]],[[[93.08082355670884,13.366421188854709,0],[93.08075895861404,13.366145382552007,0],[93.08063888395866,13.366235786643074,0],[93.08082355670884,13.366421188854709,0]]],[[[93.08134069494788,13.366642815213284,0],[93.08117912656911,13.366362472285358,0],[93.08108213660007,13.366470965807208,0],[93.08134069494788,13.366642815213284,0]]],[[[93.08083270950056,13.36689139710299,0],[93.0806434267626,13.366656261420884,0],[93.08064339171898,13.36685519584248,0],[93.08083270950056,13.36689139710299,0]]],[[[93.08225026673918,13.367271416007743,0],[93.0820147390635,13.367425098905189,0],[93.08232411553726,13.367470361088877,0],[93.08225026673918,13.367271416007743,0]]],[[[93.08287343025766,13.368591713551519,0],[93.07931320626385,13.368500692251011,0],[93.08169562964804,13.370268896408867,0],[93.08287343025766,13.368591713551519,0]]],[[[93.07792634448006,13.376774285639454,0],[93.07768166532874,13.376421585551725,0],[93.07761696179487,13.376706411010167,0],[93.07792634448006,13.376774285639454,0]]],[[[93.07977806016528,13.377005194045505,0],[93.0800090174186,13.376643536247515,0],[93.07974118056572,13.376657053242065,0],[93.07977806016528,13.377005194045505,0]]],[[[93.07961636483049,13.377393990888098,0],[93.07871609913676,13.376218315789696,0],[93.07810632758647,13.377380161771685,0],[93.07961636483049,13.377393990888098,0]]],[[[93.07731668677607,13.377312200431652,0],[93.07699807011903,13.377230759498637,0],[93.07709039540708,13.377398062133464,0],[93.07731668677607,13.377312200431652,0]]],[[[93.0778431117406,13.37737107130506,0],[93.07754759807509,13.377212775633655,0],[93.07757987593986,13.377461448089813,0],[93.0778431117406,13.37737107130506,0]]],[[[93.08321511798914,13.396578115229904,0],[93.08298888221145,13.396229945885269,0],[93.08303500494709,13.396587128848244,0],[93.08321511798914,13.396578115229904,0]]],[[[93.08275336810776,13.396139483736933,0],[93.0814369205542,13.3976222275423,0],[93.08225422553151,13.398354798660941,0],[93.08275336810776,13.396139483736933,0]]],[[[93.08580292587332,13.416101098802619,0],[93.0907499505459,13.412308488727104,0],[93.09020571834601,13.40677898012245,0],[93.08580292587332,13.416101098802619,0]]],[[[93.08659025170554,13.432373026658983,0],[93.08755102453178,13.432101892137824,0],[93.08666435011857,13.431070931686914,0],[93.08659025170554,13.432373026658983,0]]],[[[93.07703377179018,13.43214992828671,0],[93.07584640060527,13.433750214808956,0],[93.07776790774757,13.433592324186215,0],[93.07703377179018,13.43214992828671,0]]],[[[93.09598062804413,13.431153482635871,0],[93.10432660390693,13.435652830965692,0],[93.10442410402375,13.429110663315265,0],[93.09598062804413,13.431153482635871,0]]],[[[93.10833044829403,13.655750128631164,0],[93.10804387655445,13.656509439584962,0],[93.10833042478559,13.65650940571261,0],[93.10833044829403,13.655750128631164,0]]],[[[93.11068285377488,13.657775094041726,0],[93.1103501048822,13.657449631092833,0],[93.11050253848255,13.657955838074766,0],[93.11068285377488,13.657775094041726,0]]],[[[93.10633830964353,13.657829077003045,0],[93.1056913276915,13.658027920732014,0],[93.105922396247,13.658231272831529,0],[93.10633830964353,13.657829077003045,0]]],[[[93.10786329714837,13.661196289140968,0],[93.10732262422472,13.660739800196957,0],[93.1073455964831,13.66164826335701,0],[93.10786329714837,13.661196289140968,0]]],[[[93.54301669960535,7.52494470061986,0],[93.54145469937968,7.511876699845964,0],[93.54057469930808,7.52421870053821,0],[93.54301669960535,7.52494470061986,0]]],[[[93.56859876983101,7.927094792975291,0],[93.56871214171375,7.926805464700043,0],[93.56846728095952,7.926941114356676,0],[93.56859876983101,7.927094792975291,0]]],[[[93.53409288582402,8.026289955211341,0],[93.57331131731173,7.994228094945166,0],[93.56941944019806,7.928265923509088,0],[93.49445388390365,7.994231041814537,0],[93.51592822305174,8.000682660952533,0],[93.52207686111711,8.026178556274559,0],[93.53244859593083,8.015999047808654,0],[93.53197401925517,8.008394118254632,0],[93.53801710661757,8.002499597316156,0],[93.5380996144938,7.998711826256976,0],[93.5409983415013,7.996591922945153,0],[93.54271381863101,7.991881123100933,0],[93.54376624758562,7.991361361268702,0],[93.53409288582402,8.026289955211341,0]]],[[[93.49403430998251,8.046839414155633,0],[93.49325425654163,8.048381745941287,0],[93.49524179848449,8.048512408219787,0],[93.49403430998251,8.046839414155633,0]]],[[[93.51364304025894,8.064548428118776,0],[93.51412383720404,8.064742929121241,0],[93.51388352453205,8.064317926651315,0],[93.51364304025894,8.064548428118776,0]]],[[[93.51444472441611,8.069173937152856,0],[93.51493015205052,8.069079076814681,0],[93.51478045264413,8.06890270288259,0],[93.51444472441611,8.069173937152856,0]]],[[[93.51348577885958,8.07556220717847,0],[93.51386250840208,8.074766573175571,0],[93.51315932879015,8.074920137960916,0],[93.51348577885958,8.07556220717847,0]]],[[[93.57103950249986,8.127369761397171,0],[93.59154941818984,8.049863360084336,0],[93.584759667232,8.038071159878914,0],[93.56258676549673,8.067484054421557,0],[93.57820984133826,8.074240951994762,0],[93.56076366096899,8.09298839864378,0],[93.56766939024952,8.119583688843903,0],[93.5608701005192,8.108053394843607,0],[93.55286926382176,8.120390620457677,0],[93.57103950249986,8.127369761397171,0]]],[[[93.48340174023049,8.222784295377656,0],[93.53463278844188,8.228997386187414,0],[93.53652658541101,8.202403696077463,0],[93.49279068951287,8.146169365630884,0],[93.5377625518011,8.089986775698849,0],[93.54079513014786,8.036138791987517,0],[93.52125871700345,8.050588902536774,0],[93.51444524729479,8.0334830168638,0],[93.4984511599502,8.03592063859576,0],[93.49108751349014,7.998454354537272,0],[93.47585222600452,8.046102036831854,0],[93.49911421502516,8.038046079952428,0],[93.49377872249984,8.057521824204306,0],[93.50184676476006,8.069007578729119,0],[93.50384852661254,8.0500322930534,0],[93.51569197888206,8.05325476395762,0],[93.52115593016136,8.080383982755873,0],[93.50458196884333,8.085655763052204,0],[93.47574935528098,8.05289954574165,0],[93.46971713958717,8.088611362232879,0],[93.48390744166281,8.087635789864722,0],[93.48783819285254,8.09076444947844,0],[93.48786198371624,8.095065431243372,0],[93.45878286527116,8.102113502845867,0],[93.43746706228053,8.170381252919007,0],[93.48675446098545,8.1985152947972,0],[93.48340174023049,8.222784295377656,0]]],[[[93.61360836888376,8.417910940866157,0],[93.61423494476193,8.418543916835349,0],[93.61388081200127,8.417757205295246,0],[93.61360836888376,8.417910940866157,0]]],[[[93.61287726873393,8.419719426810179,0],[93.61330407490543,8.419701304386834,0],[93.61323598438406,8.419493378757128,0],[93.61287726873393,8.419719426810179,0]]],[[[93.61325866795987,8.420573933387747,0],[93.6124096167586,8.42085420128507,0],[93.61249128310912,8.421030539236698,0],[93.61325866795987,8.420573933387747,0]]],[[[93.61345391908829,8.420949171985363,0],[93.61378079779814,8.420867799953246,0],[93.61362195711791,8.420714104649237,0],[93.61345391908829,8.420949171985363,0]]],[[[93.61250944656125,8.422992794855048,0],[93.61268197179771,8.422721541893964,0],[93.6124912985853,8.422658163283362,0],[93.61250944656125,8.422992794855048,0]]],[[[93.60628839977724,8.432577531186197,0],[93.6064699813125,8.432283654053776,0],[93.60616576574218,8.432401164824373,0],[93.60628839977724,8.432577531186197,0]]],[[[93.6073824956411,8.435977524796161,0],[93.60663783777227,8.436293981150602,0],[93.60748692781806,8.43613121548541,0],[93.6073824956411,8.435977524796161,0]]],[[[93.60786293331056,8.457503102652327,0],[93.60700013051883,8.456711841126527,0],[93.6057967356533,8.457593408939744,0],[93.60786293331056,8.457503102652327,0]]],[[[93.6109415903752,8.459723069322395,0],[93.61121864654783,8.459307206630582,0],[93.61041036106505,8.45927997739206,0],[93.6109415903752,8.459723069322395,0]]],[[[93.61273689961276,8.4854385997875,0],[93.61217250004003,8.486144100240333,0],[93.61263729972968,8.486218799601241,0],[93.61273689961276,8.4854385997875,0]]],[[[93.6031341186431,8.487523704403017,0],[93.60283892400587,8.486171865030471,0],[93.60247563035553,8.486533497122785,0],[93.6031341186431,8.487523704403017,0]]],[[[93.60558130483166,8.498487782048796,0],[93.60610812410971,8.498519433401386,0],[93.60558589095976,8.498284266498963,0],[93.60558130483166,8.498487782048796,0]]],[[[93.61412373989437,8.501580850862611,0],[93.61398742462642,8.50207364746763,0],[93.61454155026229,8.501734586600946,0],[93.61412373989437,8.501580850862611,0]]],[[[93.61426447006062,8.502720186134507,0],[93.61465508520102,8.502512262375234,0],[93.61423725263404,8.502516810896488,0],[93.61426447006062,8.502720186134507,0]]],[[[93.61443242907849,8.504582974316687,0],[93.61457776669542,8.504393075053096,0],[93.61450513757906,8.50437048780908,0],[93.61443242907849,8.504582974316687,0]]],[[[93.61469590994339,8.504754772117048,0],[93.61496836037684,8.50485428722492,0],[93.61496837776293,8.504637211174261,0],[93.61469590994339,8.504754772117048,0]]],[[[93.61432804741493,8.504818034103174,0],[93.61431434204788,8.505111922088895,0],[93.61447337136045,8.504904001401743,0],[93.61432804741493,8.504818034103174,0]]],[[[93.61459139204155,8.505645490321,0],[93.6145686662728,8.505238509536957,0],[93.61433706077571,8.50551428988454,0],[93.61459139204155,8.505645490321,0]]],[[[93.61396007429184,8.50549625302148,0],[93.6140782325036,8.505753934101868,0],[93.61414630876841,8.505541454680268,0],[93.61396007429184,8.50549625302148,0]]],[[[93.6081507784235,8.522409895667472,0],[93.60802811369683,8.522866489228951,0],[93.60839598181104,8.522450574787015,0],[93.6081507784235,8.522409895667472,0]]],[[[93.60977214612738,8.52325991861277,0],[93.61001280891229,8.523015782610317,0],[93.60989478776497,8.522961517296897,0],[93.60977214612738,8.52325991861277,0]]],[[[93.61077117496626,8.526311790326046,0],[93.61062585620516,8.526863300170811,0],[93.61093016574529,8.526302675950678,0],[93.61077117496626,8.526311790326046,0]]],[[[93.60914974873526,8.528016211950819,0],[93.6088681171572,8.527866961951709,0],[93.60872279492813,8.528016158137467,0],[93.60914974873526,8.528016211950819,0]]],[[[93.61528109092318,8.529255176820348,0],[93.61539468269268,8.529549043444462,0],[93.61548552390005,8.529309483133796,0],[93.61528109092318,8.529255176820348,0]]],[[[93.61357333492221,8.530661274135449,0],[93.61388219487678,8.530561744549276,0],[93.61363699524883,8.530412531364165,0],[93.61357333492221,8.530661274135449,0]]],[[[93.61294654454368,8.532921840510362,0],[93.61305557440225,8.53269120697372,0],[93.61286027194869,8.532722900438626,0],[93.61294654454368,8.532921840510362,0]]],[[[93.6120743348411,8.536782912673521,0],[93.61217883143429,8.537185242092152,0],[93.61214704307666,8.536737664173526,0],[93.6120743348411,8.536782912673521,0]]],[[[93.61258298127227,8.53832008959704,0],[93.61229230607668,8.538659186678453,0],[93.61247398766386,8.538745096535507,0],[93.61258298127227,8.53832008959704,0]]],[[[93.60242721794143,8.538609067861989,0],[93.60237720440595,8.539336983438252,0],[93.60294953073678,8.539034086065802,0],[93.60242721794143,8.538609067861989,0]]],[[[93.60989825404559,8.54975868755343,0],[93.61049331402572,8.549632116957385,0],[93.6100799379706,8.549329134892279,0],[93.60989825404559,8.54975868755343,0]]],[[[93.60039624774622,8.54964962539587,0],[93.60058249334043,8.549920953054157,0],[93.60061429855752,8.54969035062813,0],[93.60039624774622,8.54964962539587,0]]],[[[93.60918964783932,8.550595001072253,0],[93.60955755965531,8.550821084840273,0],[93.60932136528763,8.550513662030166,0],[93.60918964783932,8.550595001072253,0]]],[[[93.5998870726235,8.558036416772195,0],[93.5998279919916,8.557909880604297,0],[93.59976438736098,8.558027380744546,0],[93.5998870726235,8.558036416772195,0]]],[[[93.61111523224503,8.558376109214512,0],[93.61105164403612,8.55804607435138,0],[93.6109381026419,8.558073206987975,0],[93.61111523224503,8.558376109214512,0]]],[[[93.59979615015075,8.558465915602174,0],[93.59988705489491,8.558199223691853,0],[93.59967354744258,8.558393566122335,0],[93.59979615015075,8.558465915602174,0]]],[[[93.61022957365834,8.558394150677602,0],[93.6104248046674,8.558651890456552,0],[93.61035674224618,8.558308205203025,0],[93.61022957365834,8.558394150677602,0]]],[[[93.61082909832862,8.558552392369801,0],[93.61107432703461,8.558651859815953,0],[93.6109926156082,8.558353510011486,0],[93.61082909832862,8.558552392369801,0]]],[[[93.60000961694399,8.558651365342536,0],[93.5999324122917,8.558556423330733,0],[93.59991428216901,8.558642287232113,0],[93.60000961694399,8.558651365342536,0]]],[[[93.59943281854719,8.558497592513966,0],[93.59958720672824,8.558673908444199,0],[93.59952814540523,8.55844335737702,0],[93.59943281854719,8.558497592513966,0]]],[[[93.6106382020286,8.560672796785875,0],[93.6107881128878,8.560944084923769,0],[93.61078813535197,8.560672831447894,0],[93.6106382020286,8.560672796785875,0]]],[[[93.60064532893367,8.561549424532965,0],[93.6008406472457,8.56151782605244,0],[93.6006362548303,8.561499692382842,0],[93.60064532893367,8.561549424532965,0]]],[[[93.6005362964145,8.56167151820844,0],[93.60053632932289,8.56192468321436,0],[93.60062262140355,8.561671565625531,0],[93.6005362964145,8.56167151820844,0]]],[[[93.60109947719691,8.563394133567819,0],[93.60125843619554,8.563122904107317,0],[93.60105409270967,8.56313642739052,0],[93.60109947719691,8.563394133567819,0]]],[[[93.60038632855334,8.563968321897146,0],[93.60094502265014,8.563466461694123,0],[93.60041363055971,8.56329914365689,0],[93.60038632855334,8.563968321897146,0]]],[[[93.60276638575961,8.5640905221419,0],[93.60318884575786,8.563462062306513,0],[93.60318886421703,8.563358046322545,0],[93.60276638575961,8.5640905221419,0]]],[[[93.61045644168186,8.563679396732617,0],[93.61015212884944,8.564140619657232,0],[93.61030202770614,8.564289802623797,0],[93.61045644168186,8.563679396732617,0]]],[[[93.6028299384065,8.564863664133227,0],[93.60304804701887,8.564646610215153,0],[93.60278452194049,8.564759629233869,0],[93.6028299384065,8.564863664133227,0]]],[[[93.60305250918069,8.565691008291079,0],[93.60338405881143,8.5654966605018,0],[93.60330233594343,8.565419726193523,0],[93.60305250918069,8.565691008291079,0]]],[[[93.6109741394192,8.56613894611308,0],[93.61116951925712,8.566202312522394,0],[93.61112405386196,8.566012353334665,0],[93.6109741394192,8.56613894611308,0]]],[[[93.60337948430671,8.567033833984746,0],[93.60341583704418,8.566748955613914,0],[93.60317053493777,8.566893693556827,0],[93.60337948430671,8.567033833984746,0]]],[[[93.60298881458392,8.56730958652741,0],[93.60278443191683,8.567241798219474,0],[93.60279800137006,8.567318658229057,0],[93.60298881458392,8.56730958652741,0]]],[[[93.60713120571829,8.570112959995349,0],[93.60733564779105,8.570045164946233,0],[93.60725841046339,8.569932135637929,0],[93.60713120571829,8.570112959995349,0]]],[[[93.60738560540379,8.57037522190634,0],[93.60767179336031,8.570397835653745,0],[93.6076490489502,8.57026672170128,0],[93.60738560540379,8.57037522190634,0]]],[[[93.607503632727,8.570881545151046,0],[93.6077217385591,8.570777548944111,0],[93.60754453867192,8.570718764929286,0],[93.607503632727,8.570881545151046,0]]],[[[93.606981153243,8.573304927766534,0],[93.60713566385627,8.57349480665306,0],[93.60718563820416,8.573205475139206,0],[93.606981153243,8.573304927766534,0]]],[[[93.60636791234296,8.573851926054656,0],[93.60659506710671,8.573779572850011,0],[93.60647697259341,8.573689219776979,0],[93.60636791234296,8.573851926054656,0]]],[[[93.60233432143609,8.573860772581517,0],[93.60245695772443,8.574181762108774,0],[93.60262954873028,8.574082361647859,0],[93.60233432143609,8.573860772581517,0]]],[[[93.60181191512837,8.574389713279347,0],[93.60200728779489,8.574100336501555,0],[93.60174384189543,8.574267624292778,0],[93.60181191512837,8.574389713279347,0]]],[[[93.60562754986526,8.574290494875498,0],[93.60577284757011,8.574516477748801,0],[93.60575012841167,8.57428596124286,0],[93.60562754986526,8.574290494875498,0]]],[[[93.60284306957698,8.574584196777343,0],[93.6030610264517,8.574728844148567,0],[93.60294749423191,8.57453446792425,0],[93.60284306957698,8.574584196777343,0]]],[[[93.60550029669734,8.574557154944635,0],[93.60548668209965,8.57479686396364,0],[93.60554574929711,8.574796861709778,0],[93.60561383067288,8.574751621449908,0],[93.60550029669734,8.574557154944635,0]]],[[[93.60510512504781,8.575149486029444,0],[93.60518238055815,8.574986648498854,0],[93.60506873089389,8.575063527074779,0],[93.60510512504781,8.575149486029444,0]]],[[[93.60278853551699,8.575153833163768,0],[93.60296567758851,8.57505894797279,0],[93.60286122313998,8.575031796206778,0],[93.60278853551699,8.575153833163768,0]]],[[[93.60281571173537,8.575560716822245,0],[93.6028929349544,8.57543415002079,0],[93.60282938681611,8.575416069273693,0],[93.60281571173537,8.575560716822245,0]]],[[[93.6026430705421,8.576320299161093,0],[93.60282019992277,8.576275069833448,0],[93.60281113091067,8.576171159098033,0],[93.6026430705421,8.576320299161093,0]]],[[[93.6025204054882,8.576731757622074,0],[93.60266578713392,8.576492115111805,0],[93.60259310145248,8.576442391059517,0],[93.6025204054882,8.576731757622074,0]]],[[[93.60845409993863,8.581718600050083,0],[93.60790629959551,8.578680799837642,0],[93.60669449927832,8.581643899953137,0],[93.60845409993863,8.581718600050083,0]]],[[[93.59845907722271,8.583074694354073,0],[93.59780059841853,8.579991161410637,0],[93.59652396755777,8.58304748199274,0],[93.59845907722271,8.583074694354073,0]]],[[[93.8474337498846,6.782037867170012,0],[93.84789047999794,6.781789928016352,0],[93.84794267774261,6.781672483149783,0],[93.8474337498846,6.782037867170012,0]]],[[[93.94930758563032,6.935405226601624,0],[93.95069207356482,6.934591140509346,0],[93.95018066503596,6.93408936526358,0],[93.94930758563032,6.935405226601624,0]]],[[[93.95293730005773,6.937903600170818,0],[93.95329420065349,6.937845500000965,0],[93.95306180013438,6.93763800019926,0],[93.95293730005773,6.937903600170818,0]]],[[[93.94626410069895,6.95394749977795,0],[93.9462060001464,6.95383960038002,0],[93.94618109999692,6.953972399887245,0],[93.94626410069895,6.95394749977795,0]]],[[[93.94734309999664,6.95408859999805,0],[93.94765850076678,6.954254600506166,0],[93.9475672001444,6.953964100613607,0],[93.94734309999664,6.95408859999805,0]]],[[[93.94585740019664,6.956462399994522,0],[93.94594040063616,6.956337900496206,0],[93.94587400059153,6.956329600325771,0],[93.94585740019664,6.956462399994522,0]]],[[[93.94417250006892,6.986989800700339,0],[93.94444640026957,6.986857000126676,0],[93.94427210073535,6.986790600599014,0],[93.94417250006892,6.986989800700339,0]]],[[[93.94516850041381,6.991944900156563,0],[93.94529300077028,6.991812100485038,0],[93.94518510073293,6.991803799834455,0],[93.94516850041381,6.991944900156563,0]]],[[[93.9444049005312,6.991646099939719,0],[93.94439659990135,6.992334999951023,0],[93.94506890046345,6.991944900201251,0],[93.9444049005312,6.991646099939719,0]]],[[[93.83738836187285,7.244667888631251,0],[93.83878967850063,7.216399721311587,0],[93.8699484144034,7.204713170201884,0],[93.88104365287597,7.089690829872295,0],[93.90176460585344,7.081497159340405,0],[93.91244205388654,7.025135768406292,0],[93.94462964184753,7.00140315719969,0],[93.93343661711822,6.988870060501923,0],[93.92342873990039,7.009508343307316,0],[93.90987861273868,6.999317083130483,0],[93.94135109077904,6.954342592813862,0],[93.91537701670676,6.947282902996078,0],[93.90968206957469,6.910636245304947,0],[93.89147481812257,6.901196276180849,0],[93.89772353017266,6.813464360997241,0],[93.87598728577386,6.793226355483617,0],[93.86241179054448,6.813532573126968,0],[93.84701796242129,6.811338971065595,0],[93.85493850973263,6.819989095717636,0],[93.85524580176069,6.826197161452241,0],[93.85510102750766,6.827838550575574,0],[93.85054070319295,6.83332294471827,0],[93.84720652941253,6.834959554193653,0],[93.84198085572635,6.778498552442082,0],[93.82247903538315,6.752782631992987,0],[93.79915130067404,6.766185984200828,0],[93.80986967342166,6.811972857244997,0],[93.79548946917035,6.809511036217246,0],[93.77775675505214,6.832228551262467,0],[93.78561194662987,6.846902488748415,0],[93.76262641313996,6.862894838620046,0],[93.77686023696216,6.880477758419111,0],[93.73170887466452,6.921883601145214,0],[93.74101096615452,6.956258874388833,0],[93.72634910496288,6.958804684798052,0],[93.71560534011894,6.9895474331925,0],[93.71980885831543,6.99084201175096,0],[93.7220728887817,6.986705584232223,0],[93.7250927382293,6.982185010726401,0],[93.73120392863156,6.975395617187474,0],[93.73276082589834,6.974717885203006,0],[93.73381958556175,6.975048201582095,0],[93.7369459249068,6.976921034483257,0],[93.73569767252343,6.989906522233207,0],[93.73844936169148,6.989030166686187,0],[93.73895138025826,6.989803471059208,0],[93.73815364781939,6.994247830207486,0],[93.73310752328882,6.995516891729316,0],[93.73734257300009,6.997869365517952,0],[93.73764413201971,7.000004472796208,0],[93.73285397461457,6.995765487790184,0],[93.73307290036308,6.97502991410706,0],[93.71749954566995,6.994991978954255,0],[93.695992263369,6.992003756573125,0],[93.69310489526198,7.009635441015465,0],[93.69868034821717,7.009734099454382,0],[93.7012735763354,7.010398322077672,0],[93.70321984251915,7.011835876187642,0],[93.70147807283698,7.015408206468651,0],[93.69818393229667,7.018533022080003,0],[93.70071901874039,7.023144606551997,0],[93.70072827442249,7.024428752612892,0],[93.70008124905489,7.025360208612393,0],[93.69779119371533,7.024912985365596,0],[93.69534247535692,7.02291028457331,0],[93.70179414357098,7.011004121798423,0],[93.65502683595292,7.005493187093545,0],[93.66697115945081,7.022565522664037,0],[93.64439138780895,7.10068514748808,0],[93.65433640365994,7.10913079989785,0],[93.6619907648404,7.109437783054849,0],[93.6617735283822,7.1105771717277,0],[93.66582934647295,7.110780308726395,0],[93.66727341207027,7.112606833307578,0],[93.64839771620856,7.110668444677405,0],[93.64317932516622,7.127276219078475,0],[93.66499460584814,7.141987774041563,0],[93.66083720551697,7.177418550412061,0],[93.67632642791425,7.193038808081075,0],[93.72215559596933,7.18901177418245,0],[93.74929367753822,7.215918187586081,0],[93.79206683855249,7.20826400875316,0],[93.79622742433483,7.235429850384623,0],[93.83738836187285,7.244667888631251,0]]],[[[93.94663930043161,7.011690900645541,0],[93.94688659997614,7.011532900725095,0],[93.94672000011813,7.011376400020017,0],[93.94663930043161,7.011690900645541,0]]],[[[93.94531790027013,7.01297710018076,0],[93.94535940036697,7.012819399970423,0],[93.94528180043895,7.012837200238702,0],[93.94531790027013,7.01297710018076,0]]],[[[93.92690880074687,7.028367400713342,0],[93.92691130061304,7.028245200651329,0],[93.92684080002847,7.028307600548516,0],[93.92690880074687,7.028367400713342,0]]],[[[93.90389947896004,7.077387067858416,0],[93.90293115149517,7.078355395660433,0],[93.9045046835255,7.077144986165981,0],[93.90389947896004,7.077387067858416,0]]],[[[93.71360469991023,7.221300699779135,0],[93.71877470019571,7.206098699896333,0],[93.70968869990828,7.230012699546317,0],[93.71360469991023,7.221300699779135,0]]],[[[93.79948571775208,7.245522266785163,0],[93.78745117932081,7.243150846032747,0],[93.79784610095801,7.248827207819497,0],[93.79948571775208,7.245522266785163,0]]],[[[93.84586869981726,7.285452699440837,0],[93.84452669981758,7.287806699777417,0],[93.84789270033235,7.289610700081864,0],[93.84586869981726,7.285452699440837,0]]],[[[93.61907205932745,7.331420396904655,0],[93.61947067873125,7.325180837907818,0],[93.616916448842,7.330624566495132,0],[93.61907205932745,7.331420396904655,0]]],[[[93.70016449896922,7.447172129072894,0],[93.70969636754022,7.405071365861959,0],[93.74383225417742,7.361449798140018,0],[93.713600313692,7.311368145413337,0],[93.67487490616317,7.29185939941798,0],[93.63580805784143,7.242813979432189,0],[93.60709450316692,7.310508333509734,0],[93.62331546976905,7.32279805902001,0],[93.61943837228982,7.374256676068597,0],[93.6549249031807,7.385184043580799,0],[93.65630500701172,7.365963236998166,0],[93.67029327170746,7.391151064785761,0],[93.70180406348031,7.393638055546758,0],[93.6898844393186,7.404224665919856,0],[93.70016449896922,7.447172129072894,0]]],[[[93.76660269969726,7.403922700424826,0],[93.76829669989017,7.394484699876415,0],[93.76178470015988,7.398334700332762,0],[93.76660269969726,7.403922700424826,0]]],[[[93.68378729162038,7.400536038293159,0],[93.6700092697676,7.405185669869139,0],[93.67492457962643,7.41242398899893,0],[93.68378729162038,7.400536038293159,0]]],[[[93.63066277188307,7.472041818314477,0],[93.63122903976489,7.472127752277716,0],[93.63132870815335,7.471607779768085,0],[93.63066277188307,7.472041818314477,0]]],[[[93.65042070023897,7.471176700310822,0],[93.64562470009999,7.477116699730249,0],[93.65110269980637,7.474432700058245,0],[93.65042070023897,7.471176700310822,0]]],[[[93.62327861368794,7.481509753470839,0],[93.61962279050553,7.48000407722026,0],[93.61896583244796,7.483417775914759,0],[93.62327861368794,7.481509753470839,0]]],[[[93.64291639169014,8.395322584806292,0],[93.64356984112688,8.389214449888906,0],[93.63380401593584,8.394676439449377,0],[93.64291639169014,8.395322584806292,0]]],[[[93.6358108995459,8.39278569977717,0],[93.63562830003872,8.39252839945781,0],[93.63548719931417,8.392652899652798,0],[93.6358108995459,8.39278569977717,0]]],[[[93.6256679018464,8.39449569950565,0],[93.62588585299635,8.394188190079245,0],[93.62546365923123,8.394061598879901,0],[93.6256679018464,8.39449569950565,0]]],[[[93.63165652312851,8.395223482811263,0],[93.63143859667558,8.394531810371626,0],[93.63123431875829,8.39497940555486,0],[93.63165652312851,8.395223482811263,0]]],[[[93.62721613534403,8.394925130189309,0],[93.62755665356693,8.39492513061862,0],[93.62723427651338,8.3947397717598,0],[93.62721613534403,8.394925130189309,0]]],[[[93.62711626975012,8.395350125730008,0],[93.62727516659558,8.39514672560888,0],[93.62714353402127,8.395133186832235,0],[93.62711626975012,8.395350125730008,0]]],[[[93.62603571254495,8.39588368151767,0],[93.62622642269167,8.395580737422122,0],[93.62604933141462,8.395540045845237,0],[93.62603571254495,8.39588368151767,0]]],[[[93.63421729975093,8.396943999969645,0],[93.63360309932858,8.39679460006453,0],[93.63371929984896,8.39784040004418,0],[93.63421729975093,8.396943999969645,0]]],[[[93.62458284372676,8.397895664415177,0],[93.62546360179985,8.39680598928599,0],[93.62478715906171,8.396557334621626,0],[93.62458284372676,8.397895664415177,0]]],[[[93.62435130102384,8.39703206624942,0],[93.62370203034907,8.397873000298395,0],[93.62400164599559,8.39859186330961,0],[93.62435130102384,8.39703206624942,0]]],[[[93.62310267808392,8.398121687884874,0],[93.62330244722442,8.397972492793237,0],[93.6231889074047,8.397913700378593,0],[93.62310267808392,8.398121687884874,0]]],[[[93.62298918543455,8.398605495404105,0],[93.62315715412869,8.398392947575855,0],[93.62301642309608,8.398370377098102,0],[93.62298918543455,8.398605495404105,0]]],[[[93.62334335002122,8.39856025402426,0],[93.62357942847747,8.398510495066844,0],[93.62341597695139,8.398365855471612,0],[93.62334335002122,8.39856025402426,0]]],[[[93.62309813266154,8.399030432013122,0],[93.62331610421943,8.398903820637878,0],[93.6231526366268,8.39886319673843,0],[93.62309813266154,8.399030432013122,0]]],[[[93.6232116321559,8.399233942932026,0],[93.62340235899703,8.39933792844839,0],[93.62340691324586,8.399175113301762,0],[93.6232116321559,8.399233942932026,0]]],[[[93.63237469954248,8.399591700057123,0],[93.63239129961119,8.399409099854779,0],[93.63227509951241,8.399483799631513,0],[93.63237469954248,8.399591700057123,0]]],[[[93.62287569855725,8.400346086964186,0],[93.62314810758062,8.40023766082304,0],[93.62300279483493,8.40013360356193,0],[93.62287569855725,8.400346086964186,0]]],[[[93.6224125054405,8.400486291464764,0],[93.62266682928,8.40031448875108,0],[93.62236712553512,8.4003371229808,0],[93.6224125054405,8.400486291464764,0]]],[[[93.6226440902093,8.40080728942809,0],[93.62285749423322,8.400834448169318,0],[93.62281204871928,8.400644487129307,0],[93.6226440902093,8.40080728942809,0]]],[[[93.62212650135804,8.401069503914382,0],[93.62232172621913,8.400974585548727,0],[93.62222184326811,8.400879591662799,0],[93.62212650135804,8.401069503914382,0]]],[[[93.62237625444344,8.402019000514676,0],[93.62264861415647,8.401878826243998,0],[93.62239441189996,8.401842686839656,0],[93.62237625444344,8.402019000514676,0]]],[[[93.62337749947538,8.417171099991448,0],[93.62373439934227,8.417461599434873,0],[93.62366799972553,8.417046599362902,0],[93.62337749947538,8.417171099991448,0]]],[[[93.62268029976097,8.418980499627011,0],[93.62255579929871,8.418748099753751,0],[93.62253089963752,8.41896389995789,0],[93.62268029976097,8.418980499627011,0]]],[[[93.62233170012952,8.420059499715135,0],[93.62275499939649,8.41963619979248,0],[93.6225474993804,8.4193871996118,0],[93.62233170012952,8.420059499715135,0]]],[[[93.62206610011788,8.420980799617567,0],[93.62222379983167,8.420723499779557,0],[93.62208269923266,8.420723499521163,0],[93.62206610011788,8.420980799617567,0]]],[[[93.62206609970954,8.421852299816068,0],[93.62200799985739,8.421586699593618,0],[93.62199139997398,8.421885499716618,0],[93.62206609970954,8.421852299816068,0]]],[[[93.62040609978419,8.425819699752147,0],[93.62034799937928,8.42592760018272,0],[93.62043099981838,8.425877800006681,0],[93.62040609978419,8.425819699752147,0]]],[[[93.61997449970208,8.427670599546651,0],[93.62007409999397,8.427637399677886,0],[93.61997449993744,8.427604199873219,0],[93.61997449970208,8.427670599546651,0]]],[[[93.62648169961967,8.4287578998962,0],[93.62628249940946,8.428998599360312,0],[93.62669749947261,8.428965400213412,0],[93.62648169961967,8.4287578998962,0]]],[[[93.61618139930516,8.454529400018899,0],[93.61633079976794,8.454396599729783,0],[93.61615649963146,8.454355099967364,0],[93.61618139930516,8.454529400018899,0]]],[[[93.61775010000831,8.455276400055897,0],[93.61793269965531,8.454969299663542,0],[93.61781649942702,8.454902899654915,0],[93.61775010000831,8.455276400055897,0]]],[[[93.61730189971296,8.455467299713693,0],[93.61707779950284,8.455434100026459,0],[93.61707779990668,8.455525399823188,0],[93.61730189971296,8.455467299713693,0]]],[[[93.6170113999836,8.455907200185731,0],[93.61649679958826,8.456496499403915,0],[93.61712759958355,8.456156199630087,0],[93.6170113999836,8.455907200185731,0]]],[[[93.61750939951482,8.456305599951907,0],[93.61755089990098,8.456023400234022,0],[93.61738489986833,8.45615619937168,0],[93.61750939951482,8.456305599951907,0]]],[[[93.620406099666,8.458662799742678,0],[93.62043929946552,8.45892839967694,0],[93.62057209979537,8.458770699631254,0],[93.620406099666,8.458662799742678,0]]],[[[93.62546836006585,8.470266819382518,0],[93.62526848144053,8.471157511396456,0],[93.62592694788593,8.47037534589704,0],[93.62546836006585,8.470266819382518,0]]],[[[93.6288516184217,8.487280110403361,0],[93.6289651609741,8.48771416826151,0],[93.62927856002455,8.487022367838145,0],[93.6288516184217,8.487280110403361,0]]],[[[93.62869721724408,8.487922088267828,0],[93.62835207165911,8.488143699835325,0],[93.62865642447392,8.488089392500777,0],[93.62869721724408,8.487922088267828,0]]],[[[93.60021492776978,8.544974724488108,0],[93.60691777938592,8.569959171998715,0],[93.60724032032937,8.56889671448927,0],[93.61017017565055,8.565885785953839,0],[93.60838111083464,8.552019203087953,0],[93.61167023510092,8.53253746060532,0],[93.61469975910538,8.528626759772965,0],[93.62553657899227,8.523694229097856,0],[93.62147185724992,8.507621345768577,0],[93.6323481091153,8.467721297324504,0],[93.6264310710365,8.47145141433581,0],[93.62116784374354,8.470881674097193,0],[93.61718536973838,8.468078478413004,0],[93.61259109387278,8.423214267345582,0],[93.60691896364534,8.444599447809127,0],[93.61376607743955,8.462331975677076,0],[93.60944218428439,8.481474564082188,0],[93.61921036773121,8.486606414297896,0],[93.61206558262857,8.526320876239394,0],[93.60021492776978,8.544974724488108,0]]],[[[93.6242966757637,8.503036892903674,0],[93.62445560440385,8.502996117815469,0],[93.6243193631272,8.502964497951229,0],[93.6242966757637,8.503036892903674,0]]],[[[93.62418772602655,8.503308141296175,0],[93.6239923885953,8.503308092757651,0],[93.62407872684808,8.503380492947803,0],[93.62418772602655,8.503308141296175,0]]],[[[93.62304780004659,8.50478653296563,0],[93.6229024671592,8.505089495293726,0],[93.62314308174219,8.504827262997557,0],[93.62304780004659,8.50478653296563,0]]],[[[93.62200313726412,8.507707236316337,0],[93.62194412983928,8.507906136054121,0],[93.62214854031554,8.5078971259913,0],[93.62200313726412,8.507707236316337,0]]],[[[93.61940513823768,8.52748750177631,0],[93.61970492654834,8.527568878575241,0],[93.61945058258107,8.527270444209437,0],[93.61940513823768,8.52748750177631,0]]],[[[93.85636795724334,12.300489397864354,0],[93.8669963091599,12.275375960972484,0],[93.84137229463708,12.270750038379582,0],[93.84025689196307,12.295380196492042,0],[93.85636795724334,12.300489397864354,0]]],[[[94.26691860374062,13.462983226173227,0],[94.26322048351851,13.440794302718453,0],[94.24530388416933,13.43286273851087,0],[94.24756621181521,13.459801478785577,0],[94.26691860374062,13.462983226173227,0]]]]},"id":1},{"type":"Feature","properties":{"state":"ANDHRA PRADESH","id":2},"geometry":{"type":"MultiPolygon","coordinates":[[[[79.5407321760495,13.3319189199883,0],[79.4354289909173,13.351709701916711,0],[79.43166884591162,13.336714818649908,0],[79.39835967884852,13.330202180097759,0],[79.40202307275243,13.317352929462192,0],[79.38255257745155,13.31086837747782,0],[79.38983893803088,13.297427158909754,0],[79.44562510653707,13.3006731812763,0],[79.43373232841861,13.274987036230737,0],[79.40841812333316,13.265269615819339,0],[79.41849621649439,13.242960107941904,0],[79.43767925171966,13.24288878305519,0],[79.43978593063363,13.235860461079914,0],[79.42987080813978,13.231211916154948,0],[79.43086644634793,13.229847966690748,0],[79.45328951308886,13.2384878577817,0],[79.43842768099005,13.188175122936816,0],[79.37403254511902,13.189257135023187,0],[79.38772672107467,13.177528977061323,0],[79.36952220369005,13.172914319503722,0],[79.38003813325672,13.162926321765946,0],[79.35611537046508,13.16457928782823,0],[79.36050482395814,13.123537546043242,0],[79.34510870522345,13.121266432489387,0],[79.34130595580432,13.136820444899524,0],[79.30718986094338,13.105521888941507,0],[79.29430542158079,13.109598980533825,0],[79.31246370612998,13.126141605585847,0],[79.28401760579978,13.122769889239743,0],[79.28033943235458,13.152868728130214,0],[79.25745613868833,13.160736267934398,0],[79.24527305714642,13.13827581727682,0],[79.2349291525047,13.170843516592413,0],[79.21003004253869,13.148458091150138,0],[79.2328729697486,13.13937022289865,0],[79.23442666616435,13.105228877630765,0],[79.18065877855527,13.084242357422196,0],[79.19212109037504,13.067431588614523,0],[79.17829799290445,13.059186230124267,0],[79.19209993293842,13.056146237741295,0],[79.18043969740707,13.048849546383346,0],[79.1929964597769,13.046695498527724,0],[79.16312114183421,13.020270373670332,0],[79.11448180769194,13.039272142376769,0],[79.08090729458986,13.025727124776578,0],[79.0633976343588,13.053107344489332,0],[78.99500118186604,13.086608660112248,0],[78.92394154765493,13.08080906760052,0],[78.90367541322529,13.047705617313605,0],[78.92916311773524,13.045758780558922,0],[78.9408099057757,13.036409830310383,0],[78.93710704943923,13.030426710982915,0],[78.89164302045273,13.033058363927946,0],[78.89158114230113,13.097087331182683,0],[78.84203642531884,13.078613090819632,0],[78.81313985492193,13.08914229746549,0],[78.79430397202174,13.06658392716909,0],[78.75177602798402,13.054941810272966,0],[78.71451634266917,13.068678315253528,0],[78.70527143115692,13.015238622203755,0],[78.65621469696197,13.031169391758038,0],[78.65552037665611,13.015248065261346,0],[78.62089681364854,12.991240368808114,0],[78.65701386271893,12.93210639602822,0],[78.63343561473904,12.931746021245008,0],[78.5925210231232,12.782675628430585,0],[78.55562811598206,12.755785069349955,0],[78.55587556411638,12.700157272269548,0],[78.54090825170275,12.690674796949017,0],[78.5349053066088,12.6911246404171,0],[78.52960839121826,12.71021841755296,0],[78.54428019733949,12.710937799798026,0],[78.49316507083111,12.747149267733674,0],[78.52001350754479,12.712013424525948,0],[78.50306925791052,12.716769517159147,0],[78.49933412061046,12.675085473030558,0],[78.46789965383199,12.67589208593206,0],[78.46496906117854,12.62402921150554,0],[78.42706756418043,12.635242762009545,0],[78.3794192410577,12.625014008309158,0],[78.30099437102918,12.665869266514294,0],[78.2721542852815,12.704674256617736,0],[78.2445609878268,12.706326288667773,0],[78.23770675149734,12.685759953775344,0],[78.19932260826052,12.69538140852688,0],[78.24100785966259,12.729943121923705,0],[78.230951227994,12.760659714739548,0],[78.25219797857675,12.860551001436113,0],[78.31244642021561,12.858518184206869,0],[78.31362685361609,12.876453247992096,0],[78.33707990390795,12.882364585136816,0],[78.3203300156692,12.887259404371044,0],[78.32353285239218,12.901783355975747,0],[78.34406978438571,12.908498832926089,0],[78.35409578146417,12.9396872078953,0],[78.38869573258917,12.906858139105958,0],[78.44557971055453,12.911796037345972,0],[78.4647711162672,12.86676365897587,0],[78.46669669102937,12.905409652871276,0],[78.43801608483412,12.929013924657747,0],[78.41881751550814,12.921724779450285,0],[78.41116305888643,12.945268010388695,0],[78.43797268944826,12.963985423763463,0],[78.43533014081079,12.981039789211481,0],[78.46746125490439,12.975022485179561,0],[78.4621958661754,13.04321409664984,0],[78.51425156802587,13.061855408597353,0],[78.50947043747507,13.091495112782061,0],[78.53850595597643,13.105730185974426,0],[78.51704501581042,13.13159035831865,0],[78.54464535984076,13.142003409508881,0],[78.55011349515227,13.16418891068774,0],[78.5797651669244,13.167361591975169,0],[78.5760595851113,13.186691794406055,0],[78.55006029533146,13.200181376122973,0],[78.5787021693798,13.212992155785399,0],[78.5664014972656,13.220854901528158,0],[78.58736419635409,13.280642532506262,0],[78.56554907977124,13.312003334410404,0],[78.56163761516721,13.28851447770365,0],[78.53932266332201,13.28787030386224,0],[78.53217871106324,13.266937844241678,0],[78.47930994302524,13.301290302759272,0],[78.4834016125729,13.321171050433344,0],[78.44420565889445,13.308111015858136,0],[78.44038473276147,13.328429447936132,0],[78.40110419838334,13.315469505145291,0],[78.37714794635754,13.33197097043085,0],[78.40868340632505,13.342883023525667,0],[78.36507712826447,13.361798964303484,0],[78.3816754705427,13.39698321142226,0],[78.37531632082072,13.508954048002487,0],[78.40200141358382,13.587970969947364,0],[78.25860489911386,13.583005823066777,0],[78.23634010349006,13.598581763879492,0],[78.1929720149315,13.564846535925215,0],[78.20419665617483,13.628421534534395,0],[78.16822381480773,13.63285169252534,0],[78.16757823065281,13.655825034897093,0],[78.087108711414,13.64306624608636,0],[78.08974298539262,13.65909909272695,0],[78.06571655806805,13.676140564422587,0],[78.06907612383381,13.697808478138585,0],[78.11322010060718,13.692735261586233,0],[78.12079984389895,13.715617975502358,0],[78.09152337014145,13.74227686035724,0],[78.1266229731048,13.787113405333828,0],[78.11477620981857,13.862888292623067,0],[78.08190598657184,13.861240944190762,0],[78.07899864949866,13.881155064085162,0],[78.04886525102664,13.89609228892005,0],[78.04619277333606,13.862133163547126,0],[78.00048377642622,13.872928339246776,0],[77.97610283311919,13.829492341221792,0],[77.95298242821156,13.827353715975882,0],[77.94907877287136,13.886448963602808,0],[77.98458780643372,13.897401322024221,0],[77.98752580500394,13.955498159864774,0],[77.9674309618447,13.96015657475737,0],[77.92676699998498,13.90532678167492,0],[77.89581780442056,13.9203619123981,0],[77.89569453933315,13.941042035593924,0],[77.8265883128599,13.944724611681103,0],[77.81349244934874,13.91462319452382,0],[77.83707244467317,13.86974097678243,0],[77.7822687468809,13.844080533060376,0],[77.78153461826778,13.81829318600798,0],[77.71930866924482,13.800274866845122,0],[77.71736273922323,13.741074236416855,0],[77.70329454573796,13.769788583831158,0],[77.67171819920769,13.760480765591065,0],[77.68007825404578,13.786777671163502,0],[77.65148792158492,13.784128842884023,0],[77.6176926752301,13.762676276062985,0],[77.64187803920494,13.747832358654232,0],[77.63058299936314,13.735915326642624,0],[77.59997230068302,13.75075954331113,0],[77.56092807430146,13.72233886341159,0],[77.54744186397808,13.75290068431283,0],[77.52556415239177,13.753303507503444,0],[77.53663704181366,13.730601300417478,0],[77.52833690462549,13.693010836227934,0],[77.51236991552626,13.697247456130718,0],[77.51416855785186,13.713210850683744,0],[77.48503987178911,13.714782507134098,0],[77.4921148744163,13.68980929122639,0],[77.45533407109436,13.682261569403865,0],[77.4645908446916,13.806076807231225,0],[77.42256774715779,13.799091894627946,0],[77.43251995862613,13.843216486520436,0],[77.38189802679193,13.839362785858572,0],[77.36243040468376,13.854246004444915,0],[77.32538145708385,13.833237754918864,0],[77.31149502975498,13.86658283092886,0],[77.2566945590182,13.846522347424463,0],[77.24826875527101,13.901211006817887,0],[77.23562186950896,13.904136341011451,0],[77.21985048451934,13.867717254286342,0],[77.21312689497036,13.886189961107883,0],[77.20043077149516,13.863037152151728,0],[77.18138913811082,13.8698434839607,0],[77.18470963875566,13.925185883475569,0],[77.16193418327475,13.906624851845525,0],[77.16857987344319,13.86449056233033,0],[77.12819900142141,13.856458388067763,0],[77.1686849865592,13.829619535527131,0],[77.15751776500402,13.806030289349327,0],[77.17850750397444,13.782684709099962,0],[77.17305215264605,13.762009766614366,0],[77.09044299505402,13.76714005572898,0],[77.0856343634269,13.742435860782399,0],[77.06470043444845,13.743832259669444,0],[77.04337069570124,13.777793741952458,0],[77.02447249530718,13.779223565158027,0],[77.01650198353897,13.738509244512944,0],[76.99850330192996,13.745573542882438,0],[76.97802124591053,13.826866589323686,0],[77.01422324341166,13.860308891451416,0],[77.0230293663481,13.902595297301145,0],[77.04729283111243,13.906599690178851,0],[77.04165706436814,13.933433165526257,0],[76.99376586766319,13.962564092668206,0],[76.99949266991018,13.990338845970209,0],[76.93113463479705,14.030200854578474,0],[76.93238471765939,14.053924810359675,0],[76.97173951732046,14.058016025190474,0],[76.97757013721696,14.071288751352746,0],[76.92498110736766,14.137108574569345,0],[76.88591403816545,14.13823818986441,0],[76.89453436648705,14.167811338300275,0],[76.94237118678619,14.17333046633731,0],[76.9475661945654,14.198175404695602,0],[76.96060465876077,14.181771253413492,0],[77.02332919379806,14.176687659282315,0],[77.01467369498346,14.100002111501219,0],[77.02980113825801,14.088173015690947,0],[77.02768361646866,14.061746448382172,0],[77.07892157808614,14.042639036224129,0],[77.12740193562153,14.047014346849497,0],[77.14922270222515,14.001162940653675,0],[77.24535408868952,14.011944362241223,0],[77.27035776774217,14.034482642240453,0],[77.2749975281059,14.011283746724569,0],[77.32223051077783,14.029994571638303,0],[77.33622037664249,13.995367688109086,0],[77.36109104263011,13.990812067088799,0],[77.34948791033048,13.958140155887495,0],[77.37128653982253,13.9527513929851,0],[77.34783880029148,13.915963661621886,0],[77.35763295052736,13.903374392401663,0],[77.3978762427388,13.906183236662073,0],[77.39874265156944,13.888125900520999,0],[77.43504143786927,13.915006558544178,0],[77.41208582774809,13.945558783170052,0],[77.43536386151246,13.947514810722659,0],[77.43788136060974,13.975521624391517,0],[77.42588838957919,13.98611283202735,0],[77.38164316521133,13.976233714336809,0],[77.39015779625576,14.01669619283219,0],[77.33230263367,14.030688204003926,0],[77.34050490036849,14.060191208546268,0],[77.36054494362718,14.062559847331752,0],[77.40092041868516,14.118712557312435,0],[77.39061313451937,14.126640050236276,0],[77.34746656461088,14.103635562230847,0],[77.35171478790066,14.131104375294282,0],[77.37894360549478,14.135841476077305,0],[77.3937191747251,14.174245151365083,0],[77.50350595642189,14.157117859549846,0],[77.51703101060542,14.182811551272424,0],[77.49278835691138,14.231006354495308,0],[77.4982814984162,14.278848272245881,0],[77.4789268786524,14.292161517951033,0],[77.45027981140952,14.28070676854087,0],[77.44622179346055,14.317466537376585,0],[77.43126010315257,14.312960297023816,0],[77.40644471237292,14.337747331483454,0],[77.37703105865499,14.307601765861925,0],[77.41769295924362,14.22584245898581,0],[77.41827825709046,14.209067158963206,0],[77.39259525626716,14.198843112390817,0],[77.35948595780717,14.234006508299817,0],[77.36382063115039,14.275827233137372,0],[77.283536942377,14.282736537806862,0],[77.28656671215082,14.340098991982282,0],[77.23820067742068,14.317360015378572,0],[77.13890405256386,14.339971428482857,0],[77.11019081807589,14.268274856705617,0],[77.11666634879998,14.226380852257957,0],[77.10080474964323,14.217137804400448,0],[77.08117243528815,14.214152106182492,0],[77.05246313952186,14.245502994460008,0],[76.9400558634026,14.24460736794341,0],[76.92489740032009,14.273783642039593,0],[76.95672445137743,14.294346460964015,0],[76.88464149580018,14.347542000874903,0],[76.8848178681601,14.395708726398126,0],[76.91582982936131,14.420692548893546,0],[76.94271474541613,14.399336267576704,0],[76.94479080704743,14.450896294868338,0],[76.95980001825579,14.450213377485243,0],[76.97481429956748,14.485330367817834,0],[76.90068809033373,14.489208135234918,0],[76.86796159542179,14.474038376743824,0],[76.85560253637483,14.50959144415795,0],[76.80628218850313,14.531064889333734,0],[76.78184267160329,14.5964960318765,0],[76.76499495562355,14.602123661737755,0],[76.77527089024005,14.680960038515662,0],[76.80294369514411,14.74188421270045,0],[76.78268687343267,14.78593803431945,0],[76.83674836982716,14.790774784077582,0],[76.83736813692664,14.810564108874168,0],[76.85397732846307,14.809444241385714,0],[76.84547946604492,14.88929404594825,0],[76.86384369289244,14.895581906749973,0],[76.86962148310607,14.937710050940323,0],[76.86745880979356,14.969822332531296,0],[76.82850353772209,14.956457302325811,0],[76.76653874546592,14.975616820367492,0],[76.76056909634933,14.989857617673618,0],[76.79013024678882,15.020714739772071,0],[76.77669378481878,15.078400631596606,0],[76.80023501245893,15.095832062061465,0],[76.83601587911215,15.079234455304745,0],[76.86588508500708,15.059684568173571,0],[76.877162730434,15.030207564741902,0],[76.91836590775335,15.03552304569618,0],[76.98522220159718,15.015188754279817,0],[77.00407818136267,15.033832919144274,0],[77.04956248978945,15.033076094113374,0],[77.04411746859769,15.009842723568172,0],[77.08245132091311,15.006080550646068,0],[77.08474759606008,15.030708691774363,0],[77.11292918908693,15.034056399633883,0],[77.13011985281146,15.100768507838513,0],[77.15632762771978,15.12293156924145,0],[77.15727893881012,15.140468984062505,0],[77.13540514857428,15.149747780027898,0],[77.16913361263116,15.17134861850919,0],[77.14765652638644,15.223909428692952,0],[77.12512039642286,15.2269393219629,0],[77.16693103150442,15.268584178371954,0],[77.1471355235232,15.27292142951306,0],[77.15157756033477,15.29243496107288,0],[77.1183751944317,15.294850565495073,0],[77.11310098284201,15.333678202455122,0],[77.06372732342051,15.328018269837195,0],[77.04182891432244,15.361922241346571,0],[77.04724841089752,15.390021923350385,0],[77.02922859688131,15.404360258812352,0],[77.03352799313029,15.432889193165982,0],[76.97383655762304,15.499526525302732,0],[76.97453080363009,15.510506497715793,0],[77.03003982431598,15.502647875720244,0],[77.03043236678045,15.63449266577403,0],[77.08318943033707,15.659145353179094,0],[77.12142316890959,15.631084865921311,0],[77.12888367569485,15.665864694249382,0],[77.0786939081483,15.695144032045892,0],[77.0796887221684,15.727510814107985,0],[77.04594479591313,15.740355934073309,0],[77.0671724220834,15.78773558264437,0],[77.06520453504413,15.828193943543386,0],[77.02518549024734,15.837509234097704,0],[77.07103007456324,15.908828219267017,0],[77.15506956000112,15.950033804092275,0],[77.24886641516507,15.964555371463533,0],[77.37947518737178,15.93980204512453,0],[77.42959659769825,15.949063450915457,0],[77.6114816525562,15.918256928315662,0],[77.65928862722001,15.885822213654814,0],[77.72418150202066,15.896137139885488,0],[77.80359918418334,15.874458573846104,0],[77.85859263622297,15.884031337963933,0],[77.88805825139963,15.906406399354958,0],[78.00893796304727,15.862077872746227,0],[78.03196359368899,15.907668402815043,0],[78.0836266062455,15.841247668314486,0],[78.13406942663526,15.836584934605979,0],[78.13560620960708,15.855028721638144,0],[78.17541242366687,15.858399418033331,0],[78.1844975397468,15.910139330844688,0],[78.25168291025327,15.935545803700792,0],[78.26092897399221,16.02613455246149,0],[78.31232515094261,16.01182768726422,0],[78.32661978985035,16.03705463766639,0],[78.4079519399488,16.075124750692993,0],[78.55181541241969,16.043118511377806,0],[78.62729042765639,16.087951793148168,0],[78.68124191307523,16.035106683397192,0],[78.73554349219455,16.00846988232055,0],[78.78319156782747,16.020607535392752,0],[78.83780073866596,16.072173901751274,0],[78.83389168240281,16.14478866290059,0],[78.87219210648996,16.144281365163394,0],[78.89564127350198,16.085894544046752,0],[78.922067694971,16.104627542543316,0],[78.90544277806566,16.183900698615357,0],[78.98575512126745,16.211024948540814,0],[79.00954607753044,16.240523712048326,0],[79.10166813548346,16.223164614883636,0],[79.11975785069039,16.232247298740266,0],[79.15697910636757,16.209596919002376,0],[79.21657550913156,16.227713446398113,0],[79.2343247458586,16.334144190899593,0],[79.21023133052402,16.35853443445791,0],[79.21159427452349,16.447688253167296,0],[79.23338583553557,16.459501306398316,0],[79.21485964217554,16.488207829434376,0],[79.25686600873993,16.566114524162778,0],[79.41866194891462,16.580540557975674,0],[79.44719430556091,16.620006575383055,0],[79.54210821337563,16.63253983558645,0],[79.59893857627092,16.673517113580345,0],[79.63310440593548,16.660716269379783,0],[79.68155372764546,16.6946632779327,0],[79.72290455429648,16.690567531836344,0],[79.7739993518527,16.731064642066638,0],[79.81726906280116,16.692157925368118,0],[79.85106831173684,16.706129277365697,0],[79.87753325849988,16.69758891169666,0],[79.9101094766761,16.634210766793135,0],[79.96307138677713,16.643825550203005,0],[79.99741126798709,16.70238329949872,0],[80.05495314331084,16.744935140124976,0],[80.07059921144602,16.80197888038469,0],[80.04684198284679,16.853626892975935,0],[79.99876147147302,16.865498151441674,0],[80.01738295959252,16.915256923650205,0],[80.04040315754285,16.918364869031613,0],[80.05543804820685,16.971421830255792,0],[80.0914848862418,16.96837837316638,0],[80.09516057953054,16.99065150166199,0],[80.14023685018704,16.99059227321727,0],[80.1872870820284,17.019955020015555,0],[80.1964527662379,17.044033651796223,0],[80.21142152760127,17.01055185765417,0],[80.29357959108647,16.996611307314016,0],[80.31662338584529,16.948613705085915,0],[80.32169886233392,16.879629864561885,0],[80.37406560588936,16.852394453305166,0],[80.38041686955025,16.81773588796103,0],[80.40778035511387,16.84851357975707,0],[80.378367420963,16.851989919255125,0],[80.38403714557256,16.865256472402304,0],[80.46424021970435,16.819977759306067,0],[80.46445492734155,16.79544865651784,0],[80.57024080111637,16.76800901746716,0],[80.61296655586995,16.793540995456155,0],[80.56282630983087,16.833126197165388,0],[80.56821548568546,16.86958636262339,0],[80.59588976752346,16.88490546923972,0],[80.58712000509983,16.904177811162043,0],[80.60205074784173,16.91869593045768,0],[80.5346757614614,16.96169480116598,0],[80.5261034839943,16.947881380575147,0],[80.49922903187635,16.95633461917759,0],[80.49342734098036,16.927710269236687,0],[80.44965059138885,16.95504453409996,0],[80.36340456958197,16.97606555990546,0],[80.40703486361323,17.015796036019964,0],[80.38571852255676,17.068203028944662,0],[80.40903042744722,17.091496958928246,0],[80.43861172958142,17.037860614750684,0],[80.46484161221086,17.030301404907966,0],[80.47135796980112,17.050646193987305,0],[80.5053779614959,17.068739828420192,0],[80.51406032332152,17.12232693487606,0],[80.56316252069205,17.133378047851135,0],[80.5799971531509,17.153344721115396,0],[80.6705547724131,17.10118753990501,0],[80.6537858374383,17.06888764124284,0],[80.73888132595044,17.079588912517725,0],[80.8453094512176,17.039967155263955,0],[80.87722821308029,17.070557406423845,0],[80.86774061542732,17.12313061197018,0],[80.87943805423285,17.16083009448444,0],[80.92399459423426,17.15784625704699,0],[80.91884229086843,17.220007508759092,0],[81.0312318660328,17.190601302953635,0],[81.05460934514285,17.224874201952705,0],[81.07956514092663,17.21554752718153,0],[81.17393257881434,17.23060685120482,0],[81.19036515874753,17.325080250231,0],[81.27398032779053,17.317459168348574,0],[81.32264131487403,17.37454770385533,0],[81.31238226306112,17.408723800536524,0],[81.2052636089203,17.449587930854392,0],[81.1932971511069,17.43562515874459,0],[81.17232707033966,17.44904329029575,0],[81.17554726125294,17.46363637679554,0],[81.14825367493277,17.46365328524514,0],[81.15968076807273,17.484370095760458,0],[81.14214537820648,17.488587538909865,0],[81.12727966430924,17.526422939046814,0],[81.0975631876751,17.504255902501427,0],[81.01989579664288,17.520034335555906,0],[80.96939520565824,17.59805547021994,0],[80.85540134660127,17.601869877477768,0],[80.86149487294928,17.634214634769656,0],[80.91105496686458,17.638017213839476,0],[80.90495630173515,17.6773195039224,0],[80.88576515722775,17.681218776651498,0],[80.88554632269218,17.7356779538086,0],[80.92785046564548,17.761775184951368,0],[80.97342181740467,17.780122161431258,0],[80.9913179694752,17.749917129242355,0],[81.05816501322533,17.73308576590567,0],[81.10426226012035,17.772006361560987,0],[81.08558749965351,17.798023476705406,0],[81.09396506760127,17.80927276778445,0],[81.1661344930637,17.85760038511392,0],[81.26626416304588,17.809522265656543,0],[81.35410973589829,17.812287101926973,0],[81.39185329366532,17.794179719497407,0],[81.39655077642564,17.820232664498796,0],[81.41559671754915,17.81342317282964,0],[81.4739200653939,17.837965743115433,0],[81.49004547236667,17.812694884755295,0],[81.57431611663955,17.837167554102788,0],[81.61654740801522,17.822075774805505,0],[81.66973111831123,17.88655150808584,0],[81.69853263492953,17.90135434618161,0],[81.70917356573365,17.87199602126552,0],[81.72562016709455,17.878863256106225,0],[81.79012862873135,17.92080654907007,0],[81.80989412356217,17.950984258895456,0],[81.96296652877024,17.99925146202487,0],[82.00934719333353,18.03007272109205,0],[82.0073899470173,18.05632328587425,0],[82.03232388675823,18.069318402495124,0],[82.06156410595342,18.055450353830874,0],[82.07663571832208,18.075217357665984,0],[82.1334898708852,18.059890177775785,0],[82.13717597404813,18.043936032085835,0],[82.16883885538843,18.051952952730105,0],[82.1878050041155,18.01473119044789,0],[82.26557511467973,17.99862730720986,0],[82.27261171374461,18.057221006928124,0],[82.30200532479931,18.06915700387936,0],[82.29874289021944,18.055276020442605,0],[82.31984975309254,18.044763364556204,0],[82.32225385948168,18.05990588896602,0],[82.34388304491756,18.057994506829218,0],[82.33879536781573,18.1469222694467,0],[82.36324806097225,18.134808905311452,0],[82.37231683080411,18.148163525540912,0],[82.315452570767,18.184029241010016,0],[82.31084253945632,18.204094774310377,0],[82.33705506115074,18.22430463702147,0],[82.32441241402557,18.23121042593215,0],[82.34466497450485,18.280548197714186,0],[82.3764959480424,18.280678499369355,0],[82.39233587548019,18.297949549630097,0],[82.38896125827819,18.32850743738835,0],[82.35587020423242,18.31592294249725,0],[82.3382183368894,18.326710417287526,0],[82.38554900467885,18.3675052964678,0],[82.36421242085488,18.42153764376364,0],[82.4827531229376,18.548722118959585,0],[82.50433152580904,18.513872642993743,0],[82.53216118907922,18.510988229029113,0],[82.53419021248482,18.477734441807716,0],[82.51942004638741,18.46559665769869,0],[82.53955790659543,18.44360416405268,0],[82.54237186323586,18.45762720530576,0],[82.56139586262016,18.44849009430695,0],[82.53552856610544,18.40617060074866,0],[82.59479558274184,18.389228945421188,0],[82.62122753773126,18.35970828325202,0],[82.6020447069559,18.352276315230004,0],[82.6089416845131,18.32712676721949,0],[82.58130670038547,18.315168905449998,0],[82.5986552473586,18.30418628454842,0],[82.5877853503629,18.27606343812382,0],[82.63768099961469,18.236704469411446,0],[82.65248670862408,18.24999935625655,0],[82.64264991545483,18.302033007188875,0],[82.66676592111304,18.298029228628117,0],[82.77408584995896,18.340316747850103,0],[82.79953837028306,18.40674976006302,0],[82.78216326850475,18.430787767273408,0],[82.80314259159051,18.44924603148968,0],[82.85241611901445,18.419201458679606,0],[82.89499966355014,18.42410257934325,0],[82.8941936657772,18.38156810829743,0],[82.93972706667005,18.360818663975056,0],[82.97047146163065,18.36000612929294,0],[83.02192066417376,18.391703806711366,0],[83.05448881004396,18.37998582121049,0],[83.0770513472463,18.40335434398957,0],[83.05743567641751,18.419372032693413,0],[83.06731161345432,18.43009142161763,0],[83.04253037489464,18.4242258192263,0],[83.02094766411257,18.456241953885,0],[83.09503920991254,18.546642411697725,0],[83.04535418995005,18.544183657617676,0],[83.0297567499635,18.57350780526696,0],[83.05279252028164,18.600683815908102,0],[83.02379024776647,18.589647176406057,0],[83.00047013567062,18.607984925225818,0],[83.01312841724788,18.646054184495718,0],[83.05802360395622,18.66531468177258,0],[83.07279076990847,18.70554002136498,0],[83.13902967653382,18.785364555882687,0],[83.20654786462896,18.751438431810968,0],[83.21245207805006,18.730485462438015,0],[83.22460748819339,18.77508823597076,0],[83.2713546084636,18.764635364366118,0],[83.2843378533943,18.797878159700815,0],[83.33061630700062,18.80634674438537,0],[83.36815090913187,18.844060018586944,0],[83.37832565430378,18.83066285663746,0],[83.40588258232353,18.842515212260118,0],[83.41475137951772,18.87496324524468,0],[83.38191541461696,18.891756434558207,0],[83.39060909679678,18.909608485696445,0],[83.35982531371312,18.91471243870959,0],[83.35248399098884,18.943463124776798,0],[83.37014699082808,18.94171630822935,0],[83.3706042745139,18.926036204084685,0],[83.38737775392421,18.932978499063204,0],[83.35473595941419,18.967296289592216,0],[83.34843771005029,18.92628642966294,0],[83.32649797297846,18.931981963986527,0],[83.33901710825819,18.952778186890686,0],[83.31064622082319,18.998672858863035,0],[83.33878483782374,18.997005094234652,0],[83.3429214878493,19.01813655383436,0],[83.3674780910691,19.01648197380053,0],[83.37261285216368,19.002259182992884,0],[83.40047329344345,19.00939561085171,0],[83.46182906659675,18.954781358288677,0],[83.46783543200405,18.99108306741866,0],[83.44994125016622,19.009658656395214,0],[83.47968020105101,19.00846723135371,0],[83.48334752983665,19.033546663270986,0],[83.46229434839282,19.063766509737217,0],[83.47837203505487,19.079273929265494,0],[83.46797670740925,19.09311796083707,0],[83.48339583852287,19.09225591080874,0],[83.50060405427332,19.06063197165836,0],[83.5117147785553,19.07031544522826,0],[83.51930166710328,19.039064970476506,0],[83.49646640885074,19.035469405941505,0],[83.50093582205628,19.020661556145033,0],[83.53670517465476,19.00949507689774,0],[83.5575673738744,19.056202366911023,0],[83.54904551556909,19.08051767607582,0],[83.5601737719599,19.087068484600305,0],[83.56341923410102,19.057850455992284,0],[83.58445509180623,19.05756587788462,0],[83.5855886269283,19.086555411832435,0],[83.61061415109181,19.096063334751307,0],[83.59912643507205,19.130161458130253,0],[83.62603413423103,19.162666444374565,0],[83.70013891290452,19.025451182077433,0],[83.7300168573052,19.02195539610466,0],[83.70947691596369,19.002636504560833,0],[83.73301270393668,18.98771175259698,0],[83.75385874622478,18.925131045009675,0],[83.78789079889721,18.91586879813724,0],[83.74485346691945,18.987978776516798,0],[83.79468802890219,19.017976999886706,0],[83.82657738914293,18.916283746848197,0],[83.84578768667934,18.91358284711052,0],[83.84600511563492,18.86909737554988,0],[83.89316228089429,18.814473184491888,0],[83.91580486341165,18.827961592737424,0],[83.95016153430693,18.80517726963053,0],[84.03848330119062,18.816432845238865,0],[84.08946253226695,18.756780403325486,0],[84.22630819164294,18.798767107173926,0],[84.26096673491556,18.783220072973496,0],[84.2886615432728,18.804659320670563,0],[84.32125836132172,18.78649242760638,0],[84.3445453519652,18.801797145289022,0],[84.33105524878259,18.81784968033752,0],[84.36384964012555,18.837121915828696,0],[84.33306030469616,18.86051372654042,0],[84.33053324319033,18.883215122001918,0],[84.37422691107933,18.861388378377868,0],[84.38420217676038,18.87413965443552,0],[84.37259142029949,18.878066732090563,0],[84.3602664518661,18.894552687417267,0],[84.39213248371146,18.876296431959183,0],[84.39751805340826,18.890283201571798,0],[84.38514933723806,18.89592062740624,0],[84.37893389378762,18.90421753343028,0],[84.4180181459851,18.89720211717367,0],[84.41857282045677,18.91732080164977,0],[84.43802455510709,18.92046209519158,0],[84.42421983130065,18.947253904344784,0],[84.43107293634641,18.969189415072496,0],[84.45242624307704,18.9759774884571,0],[84.43221884355657,18.995050605636038,0],[84.42108539807393,19.02199144800057,0],[84.47889316638614,18.988459171967587,0],[84.49436735786388,19.029001168229602,0],[84.5728648477027,19.073719981821615,0],[84.58166624194479,19.030088266600657,0],[84.60090112835337,19.02478939419576,0],[84.6183097630628,19.06587300544455,0],[84.66113103362724,19.06303886119204,0],[84.6708523468187,19.076330140920543,0],[84.65897086103317,19.094428001084673,0],[84.62549477035593,19.084913615471017,0],[84.59553003530978,19.132449533745323,0],[84.66731840999395,19.12985673672899,0],[84.6709061117033,19.166042339490055,0],[84.71201126537869,19.158277034629055,0],[84.70279551064782,19.117862121645615,0],[84.76146375584838,19.079122967645915,0],[84.71981886371128,19.0157216688781,0],[84.60362288082635,18.889717084842857,0],[84.55783828444537,18.81775201079948,0],[84.55149765538522,18.790488748693036,0],[84.36839183948517,18.59313162042414,0],[84.35472852832508,18.554914448999533,0],[84.15065238376184,18.37726792875954,0],[84.1268951466724,18.34385307538778,0],[84.12685935165912,18.313365502982016,0],[83.86038897428708,18.174283804187862,0],[83.80993084855209,18.156032297531475,0],[83.79497473166249,18.16839861342333,0],[83.8052638110885,18.154038769933923,0],[83.56937420645674,18.01179941201916,0],[83.54185268919618,17.961176560686265,0],[83.46933536239797,17.91117112614511,0],[83.40707164658643,17.840937999376962,0],[83.41086958980908,17.80935818755649,0],[83.3541446810519,17.75571913078977,0],[83.34594453233673,17.726050323519935,0],[83.29692611646573,17.693713625085763,0],[83.2942973293121,17.674469479258732,0],[83.2418746871876,17.634572501833542,0],[83.2123176904622,17.59073958204096,0],[83.0312304426023,17.51332096323353,0],[82.99206853042716,17.472548040383522,0],[82.59625881664827,17.282790731732828,0],[82.47172852574573,17.198574404587635,0],[82.31930864955538,17.057848913298113,0],[82.28822061025078,17.01598972245108,0],[82.26493057402547,16.93890640718859,0],[82.27055437057635,16.941418591050372,0],[82.27345717266088,16.947594287239305,0],[82.27683411324347,16.95057785300595,0],[82.27788295629507,16.95069570514899,0],[82.27114526033799,16.941296092786143,0],[82.24670793879767,16.91784721797318,0],[82.24303893042745,16.917836642559504,0],[82.24144428279622,16.908036595563807,0],[82.24826681476773,16.876465118051698,0],[82.25982179837668,16.88445101725208,0],[82.31422884084047,16.845879806950006,0],[82.36157112866083,16.854447139514452,0],[82.3577148381043,16.95002676425247,0],[82.326260764071,16.98833498583291,0],[82.35564571590496,16.967794319268787,0],[82.36636497815842,16.91135852673049,0],[82.36527378309182,16.875990518916854,0],[82.34179608779888,16.728436170986974,0],[82.33334496084208,16.716730547690684,0],[82.34492835430132,16.70455298144561,0],[82.32768839253458,16.684920741979113,0],[82.35399544184381,16.705631762503497,0],[82.34644933619533,16.71563789597741,0],[82.36533809327553,16.706654000804484,0],[82.31728810207788,16.662266365722942,0],[82.32905279571041,16.61447518644701,0],[82.31887429817769,16.576826302232323,0],[82.3128227927294,16.668011947006526,0],[82.31214174610973,16.627075349825468,0],[82.30750294761052,16.63992724959896,0],[82.28425914353123,16.626027164593538,0],[82.29882441012603,16.586435836660012,0],[82.26308456280424,16.563019343971813,0],[82.29717528889711,16.56756798080143,0],[82.28999304640169,16.55486595074084,0],[82.29964089238122,16.55819435090913,0],[82.29915454005815,16.572236628455027,0],[82.30087019873557,16.56239000853716,0],[82.31066838400064,16.567738223600912,0],[82.31343646348206,16.5648201075148,0],[82.31367129412905,16.55873520333229,0],[82.31285214325956,16.56348647428633,0],[82.29948432678394,16.5559388979972,0],[82.2349115602389,16.546011452875376,0],[81.9577318897249,16.392374455728024,0],[81.878150961517,16.38263128930679,0],[81.72078750304588,16.30686011134975,0],[81.69063990403257,16.327471792482935,0],[81.48724227562488,16.355066105439814,0],[81.39379109469022,16.342473152222485,0],[81.30535013739032,16.303533814357888,0],[81.24619159465219,16.258865906915794,0],[81.21376366587778,16.20721832862959,0],[81.19136532816341,16.102823684672373,0],[81.14554113649896,16.01294511826379,0],[81.14804521520459,15.973701412912877,0],[81.00477141513305,15.837804229964151,0],[81.02056249362873,15.793007714342252,0],[81.00823733335777,15.797406769653945,0],[81.01210343601848,15.766076623721208,0],[80.99845133031607,15.76969143367473,0],[81.00845941137246,15.752928471116835,0],[80.93721926650868,15.714404116301278,0],[80.82151564087745,15.709338465102453,0],[80.80963824349631,15.72192971536374,0],[80.80922900250995,15.7349651543177,0],[80.79808419069147,15.74241668521122,0],[80.78842964526814,15.757228854429778,0],[80.78771597794827,15.764262862323642,0],[80.79046112015986,15.769858319671304,0],[80.79964928716805,15.776774539133216,0],[80.79121724872792,15.753633850958188,0],[80.81024279525496,15.735262148280643,0],[80.81143002418705,15.727060478311603,0],[80.81671394533271,15.716993848184465,0],[80.82227375505836,15.710418312694568,0],[80.81753163083626,15.749358021512489,0],[80.77962901440526,15.835295984955732,0],[80.80091240451145,15.805791357466978,0],[80.81560721522867,15.810695291784127,0],[80.80702033924199,15.840445715520145,0],[80.77388317809924,15.86626705490639,0],[80.68060701292677,15.885399672943683,0],[80.46402959998031,15.821199768635854,0],[80.36191176134778,15.76336499881492,0],[80.30463308938593,15.711664655327866,0],[80.24313769454825,15.63011151150018,0],[80.2372118427047,15.600669928578832,0],[80.22905441349286,15.60424620262988,0],[80.22062638705218,15.600924560902095,0],[80.23472670275083,15.599052193572023,0],[80.22485411342562,15.533694689015874,0],[80.19422570252405,15.505014629835296,0],[80.20790067411039,15.48021326309005,0],[80.12183479019268,15.367873672361824,0],[80.08474095804786,15.283335438649313,0],[80.0890304397566,15.211933043970394,0],[80.04703949438762,15.082709261914426,0],[80.09772470020819,14.77954790160039,0],[80.142066947483,14.703507051191467,0],[80.17117892150598,14.611659799481787,0],[80.19551323958413,14.585826953966722,0],[80.17164979101689,14.373419380614763,0],[80.13010717495943,14.231160878916178,0],[80.1264131571704,14.164324223173447,0],[80.14977817896958,14.031769437559046,0],[80.25308904964197,13.7859166835283,0],[80.23364962346257,13.658447694367084,0],[80.26853931615045,13.56453746606671,0],[80.24181401229735,13.470646953578493,0],[80.21459856161927,13.49027183092718,0],[80.14514498957571,13.491415239561393,0],[80.13921277556409,13.504273795480911,0],[80.07819007003536,13.48881143484733,0],[80.08125942940346,13.54975122806282,0],[80.05693460264946,13.536636519806759,0],[79.99859971387332,13.54272382394185,0],[80.00051907078242,13.525675412892538,0],[80.04842321278778,13.512250756073453,0],[80.04661829767302,13.49368380513954,0],[80.0159045541351,13.497951506492594,0],[80.00749053647432,13.478640515286779,0],[79.97242033208127,13.469091660507132,0],[79.9733387159497,13.429672476715,0],[79.9345709523961,13.416453212302253,0],[79.96275461762832,13.39135767571092,0],[79.9331146960687,13.351917721262657,0],[79.91597242279576,13.359869173362043,0],[79.86280893845672,13.316920846069292,0],[79.80890213906964,13.317253571831484,0],[79.79173280609734,13.293524142350826,0],[79.76027052904567,13.318204941712503,0],[79.75674668441404,13.295288372731056,0],[79.73065083311292,13.282866243572668,0],[79.79473202035886,13.242103946286031,0],[79.79449303862803,13.226321734553395,0],[79.75499101449697,13.206478158056008,0],[79.7373170823185,13.236534770933778,0],[79.71838574674643,13.21651585026807,0],[79.7027078229124,13.222396148833875,0],[79.71254583103948,13.244665448160623,0],[79.68427382348676,13.24442881549775,0],[79.67829334227886,13.26165360131534,0],[79.69574914253572,13.26727645565562,0],[79.67828642328305,13.297429366967702,0],[79.66538610201516,13.27871651091168,0],[79.6424817359653,13.29014819714952,0],[79.63163779838595,13.269698051399129,0],[79.59559080682116,13.284663931649273,0],[79.58256539388647,13.25734184251395,0],[79.53544706393376,13.274800643158137,0],[79.5407321760495,13.3319189199883,0]],[[82.20179968450788,16.718298659683214,0],[82.23916786465061,16.7162330822221,0],[82.26748429664745,16.694574903945647,0],[82.31379938737642,16.72931927873171,0],[82.30549341888141,16.748175981627504,0],[82.28973097876957,16.726597479235142,0],[82.23919204359326,16.723684306227362,0],[82.21749457529033,16.73272036586331,0],[82.2279557601984,16.76073106092916,0],[82.20542528099749,16.73449960642115,0],[82.18629185586471,16.737058158516803,0],[82.20179968450788,16.718298659683214,0]],[[78.53966312597079,12.698984839800163,0],[78.53622816758974,12.693526679705279,0],[78.54043674101285,12.693380697033724,0],[78.53966312597079,12.698984839800163,0]],[[79.8456676611203,13.327576678871987,0],[79.84698058418347,13.323752422091685,0],[79.85003650308312,13.323990786596914,0],[79.8456676611203,13.327576678871987,0]],[[78.3958383990602,13.351113841681528,0],[78.39495938577602,13.351477630380122,0],[78.39588615779823,13.350488030627387,0],[78.3958383990602,13.351113841681528,0]],[[84.3496761477271,18.788704124405662,0],[84.35327463928608,18.789892993631803,0],[84.34967805984274,18.79191898464782,0],[84.3496761477271,18.788704124405662,0]],[[84.3395915720225,18.789400542926117,0],[84.3292729076778,18.78719874152644,0],[84.33936160672023,18.778691965030735,0],[84.3395915720225,18.789400542926117,0]]],[[[82.31933867941652,16.567711238390153,0],[82.31885731282492,16.566354081395854,0],[82.31815781369761,16.56728715453371,0],[82.31933867941652,16.567711238390153,0]]],[[[82.31948684677438,16.573105477315245,0],[82.31507909048767,16.571601160463707,0],[82.31909736210558,16.5756233736333,0],[82.31948684677438,16.573105477315245,0]]],[[[82.34412220971555,16.60712893532186,0],[82.33591551416227,16.58950763723977,0],[82.33017978854376,16.593035075852274,0],[82.34412220971555,16.60712893532186,0]]],[[[82.33766354025767,16.610613102160027,0],[82.33651283267369,16.609944657667516,0],[82.33094464193925,16.61796603772679,0],[82.33766354025767,16.610613102160027,0]]],[[[83.00938690024267,17.483048699625048,0],[83.00982000027166,17.48400260003593,0],[83.00994029953296,17.483176900334204,0],[83.00938690024267,17.483048699625048,0]]],[[[83.10931899977759,17.542726599815797,0],[83.11020820040152,17.542879599778622,0],[83.10984899998203,17.542402899789376,0],[83.10931899977759,17.542726599815797,0]]],[[[83.11069100035066,17.54415670044861,0],[83.11080880041585,17.543721200376307,0],[83.11050849976235,17.543780099782413,0],[83.11069100035066,17.54415670044861,0]]],[[[83.24052750004313,17.619749999984524,0],[83.24017879962312,17.62008750030712,0],[83.24054999981338,17.62013250016909,0],[83.24052750004313,17.619749999984524,0]]],[[[84.55709219962138,18.80542560006415,0],[84.5566823998221,18.806413699994334,0],[84.5575020995856,18.806172699729764,0],[84.55709219962138,18.80542560006415,0]]],[[[84.57650839954155,18.83624770007766,0],[84.57706290012887,18.835958500380706,0],[84.57662900046597,18.83583799989878,0],[84.57650839954155,18.83624770007766,0]]],[[[84.57677360040705,18.83713939981358,0],[84.57715940018866,18.838031000121298,0],[84.57756920001617,18.837308000167166,0],[84.57677360040705,18.83713939981358,0]]]]},"id":2},{"type":"Feature","properties":{"state":"ARUNACHAL PRADESH","id":3},"geometry":{"type":"Polygon","coordinates":[[[93.38768552338281,26.958473243217565,0],[93.26165995810598,26.95352763314059,0],[93.02185614262999,26.913416558661023,0],[92.9171454025521,26.96293037334719,0],[92.91841052348038,26.98230566758674,0],[92.88660891668026,26.99974539635088,0],[92.7693391510466,27.033424489325544,0],[92.66039990743595,27.038536274708793,0],[92.64462086187785,26.98676610556222,0],[92.58334239816337,26.959540600917414,0],[92.44746824488054,26.95881182118621,0],[92.39832962543571,26.92469065519445,0],[92.36318938908434,26.934543250130904,0],[92.30266188587771,26.92264285054905,0],[92.30296489694805,26.90713961766831,0],[92.27609015607285,26.901996421835563,0],[92.12001854645436,26.888983723615024,0],[92.11811391649573,26.974372924842054,0],[92.07841545535825,27.017361378984297,0],[92.08174568539984,27.040815569148013,0],[92.0441240696647,27.051362379126914,0],[92.02313361936018,27.109551919883565,0],[92.03580448106102,27.134911417290034,0],[92.02672187082996,27.168278959633003,0],[92.05837835824774,27.19030945405712,0],[92.07257126988473,27.233105977638406,0],[92.03800245184175,27.258421995222363,0],[92.067073216094,27.27717028684275,0],[92.10347304493652,27.268664929695696,0],[92.12497536642621,27.28201826081971,0],[92.06458382131211,27.32697937067122,0],[92.04824120209913,27.36313242216749,0],[92.05846986303595,27.399707469534547,0],[92.02216645682658,27.448020492475443,0],[92.01980558393153,27.477381309855264,0],[91.9436443817556,27.459736307920046,0],[91.84860474575954,27.486456290214143,0],[91.82525392169114,27.467852776479216,0],[91.76697175978431,27.464755438454457,0],[91.7146231794204,27.47453934786992,0],[91.69505915650768,27.50532766515445,0],[91.65245214446915,27.48304127207001,0],[91.61229278196106,27.543692505883552,0],[91.58215060587534,27.556764847980354,0],[91.56603236657696,27.583897673254686,0],[91.58437425243451,27.608222539207446,0],[91.56217777079137,27.63185337170992,0],[91.57307366311957,27.660691125468766,0],[91.62854768505358,27.699426997186396,0],[91.64506763291635,27.76944899500612,0],[91.6283073242181,27.810887609341723,0],[91.60755305983055,27.823890520866335,0],[91.57629788749838,27.811863636725118,0],[91.55429151527065,27.854100783264673,0],[91.56988803101076,27.848014171679594,0],[91.57642167097947,27.864365642101784,0],[91.66317784145718,27.85295323669151,0],[91.7098311223525,27.807973329334462,0],[91.76130681976304,27.799957716911063,0],[91.8206756644676,27.815961003373065,0],[91.86218545554775,27.739689767664608,0],[91.92770463826866,27.722594230005072,0],[91.99352554422784,27.771182325283934,0],[92.05142792208207,27.763932939428003,0],[92.21866064280574,27.86951490249328,0],[92.27754015082851,27.869092549109105,0],[92.31277332029154,27.78848854829313,0],[92.38510007051627,27.800629717880383,0],[92.38976450873815,27.821429639931043,0],[92.41629557808216,27.83055467125,0],[92.45626967251434,27.81411983600795,0],[92.50335717683846,27.853950617305696,0],[92.55621080874842,27.824364230752032,0],[92.61531446413153,27.894538160142545,0],[92.65771088711628,27.90190298130195,0],[92.74243231900242,27.99258696554928,0],[92.72070916901951,28.030505160163745,0],[92.66653978352966,28.06375308361908,0],[92.68794854480326,28.1273979646856,0],[92.81476538357175,28.211043155019368,0],[92.83609885307905,28.179097132576388,0],[92.89688002074783,28.20515275161555,0],[92.92284213071036,28.240000359587544,0],[92.96270561451189,28.258557300964725,0],[92.99729842311378,28.229427663783806,0],[93.02826955155791,28.268694272623875,0],[93.02234264697577,28.310385818041436,0],[93.2179575300804,28.326081331412936,0],[93.22422235155345,28.405498876363247,0],[93.18045103919886,28.434875104547658,0],[93.27773551144107,28.501309105934297,0],[93.30162074988338,28.59895155835744,0],[93.3249201173948,28.609178566454073,0],[93.3333633349958,28.639083854821916,0],[93.40601092285594,28.651284174606975,0],[93.44597333167727,28.674722212668495,0],[93.47049553464628,28.65265349713735,0],[93.49614673850351,28.68596664086389,0],[93.52241007423179,28.65907128579864,0],[93.61944740957078,28.653387967190664,0],[93.7398767474803,28.684553166586028,0],[93.7841447779071,28.66336476980645,0],[93.85060106460006,28.70703601325928,0],[93.93562864647934,28.666105798205873,0],[93.96176148002456,28.693595803325636,0],[93.97295441347627,28.743218110044523,0],[94.01030081340697,28.772785817015766,0],[93.9867042927676,28.803755464120506,0],[94.0072433131687,28.840699639834668,0],[94.16445814600677,28.957456726626827,0],[94.1860623790092,29.028730159877277,0],[94.22410190334222,29.08782958829436,0],[94.29365496062128,29.14535274430817,0],[94.36249076890272,29.15260468093379,0],[94.3748772865263,29.18495278589308,0],[94.43812228974905,29.223193496266287,0],[94.55071098226378,29.220750761196932,0],[94.63097645589865,29.341236414801042,0],[94.74130213199754,29.274736897480583,0],[94.79300858572822,29.215298291900048,0],[94.80412874563517,29.162405321874402,0],[94.87866855780071,29.17502522065697,0],[94.9157789065954,29.152072692518303,0],[94.95840574227977,29.156389999524798,0],[95.02244648076966,29.133942678652907,0],[94.97528041235928,29.15654324375725,0],[94.97981912929188,29.173347102792494,0],[94.99276775375724,29.1707640154887,0],[95.09505459661386,29.139594063138155,0],[95.10637501350075,29.118905374349637,0],[95.2417205557501,29.110615035160045,0],[95.24201768088963,29.06355079572258,0],[95.260070410483,29.054075352879018,0],[95.28792169396317,29.062641776031104,0],[95.41065362346272,29.03051613643626,0],[95.44029687349654,29.03660040848819,0],[95.46645443088948,29.066455899561674,0],[95.48098983345629,29.14307413127327,0],[95.53071713697081,29.130485188699534,0],[95.52693259966027,29.215656528540507,0],[95.57220226985571,29.222806301268562,0],[95.58302965190188,29.260614486549873,0],[95.6192634781446,29.24969854707656,0],[95.76570872319259,29.356353181173503,0],[95.77688063150623,29.3616523647093,0],[95.78212686338145,29.341388007917317,0],[95.8309890755929,29.358829566874544,0],[95.86174617582857,29.39511832891929,0],[95.94180874978748,29.387651264562702,0],[96.06731613727823,29.465947313695867,0],[96.14056856357827,29.402050067400136,0],[96.17649964390006,29.345153556961257,0],[96.17991903223515,29.30751052751838,0],[96.23548460183517,29.24189199862761,0],[96.28956722235974,29.244634179799398,0],[96.35430451865186,29.29205331517532,0],[96.3790756889715,29.26710541766192,0],[96.34201237394626,29.178382369414308,0],[96.24495311632433,29.165763494704766,0],[96.21051508024888,29.148092034770237,0],[96.17359182070828,29.09921750606208,0],[96.10205941642506,29.078994946753546,0],[96.14093220438355,29.058280072095762,0],[96.17147461989755,28.99919127964731,0],[96.17179659083445,28.969786740831104,0],[96.14229197652607,28.956672648584107,0],[96.13489786517611,28.935233043177423,0],[96.1608718851156,28.897834156733506,0],[96.22017167674264,28.9297728802681,0],[96.32690615659925,29.02801835807473,0],[96.4231419928666,29.03751021558979,0],[96.5135847970366,29.07395831094373,0],[96.46467360339757,28.98313533073292,0],[96.48122222856531,28.958515722209643,0],[96.50938421227484,28.966365328076648,0],[96.52608511634801,28.882460508237987,0],[96.60898542464952,28.779832304959864,0],[96.579307012067,28.71158983696694,0],[96.46690126020887,28.675184356764632,0],[96.48735636117254,28.638908707144164,0],[96.47447068596391,28.621782087406118,0],[96.4248444095239,28.58210808300636,0],[96.40202919571269,28.580945508852,0],[96.40001364981771,28.559277183866996,0],[96.34475466414571,28.554007608602774,0],[96.31857799421559,28.525961517655723,0],[96.36208100760709,28.4803438791789,0],[96.25340629671388,28.407052418793423,0],[96.31667737473676,28.377567696240902,0],[96.36258106530954,28.386356722811133,0],[96.39547785106303,28.335916705583692,0],[96.41737817782955,28.340944191069823,0],[96.45712775786227,28.41381567179049,0],[96.50537920962368,28.41098100418649,0],[96.57074762308079,28.452324111008284,0],[96.64113604634731,28.457785323508606,0],[96.74084618062115,28.413813016107753,0],[96.77028998703568,28.367028647890354,0],[96.83453698181393,28.360719961049423,0],[96.88967062771503,28.378485621071814,0],[96.9258432595797,28.336852247445268,0],[96.98761189171978,28.303325287711015,0],[97.07530583780976,28.34961423583308,0],[97.10569414131287,28.346958369683765,0],[97.17110345370361,28.28566898746433,0],[97.29526129572163,28.261877631665392,0],[97.40104241134013,28.19225011062255,0],[97.40116325397852,28.181477836315647,0],[97.36384640607834,28.189089454755607,0],[97.32790054364753,28.150209830156548,0],[97.34724292952689,28.110487091317644,0],[97.31043207962631,28.07451657410007,0],[97.32577652188924,28.052698394267757,0],[97.38094594616648,28.059273309170614,0],[97.37568260055667,28.04015611670941,0],[97.41289651394189,28.014836541106856,0],[97.37297955229583,27.9680288801631,0],[97.37359001647337,27.88017707213089,0],[97.30899593841181,27.914991129123738,0],[97.24902118824093,27.899297119434134,0],[97.10399842806602,27.76974868965979,0],[97.09384709087765,27.740088464883648,0],[97.03616235518108,27.742387048815797,0],[96.9830568733355,27.6642821543194,0],[96.94172480817593,27.66074069591543,0],[96.89674609325817,27.609260982492906,0],[96.89671205585688,27.58150370185268,0],[96.9122311484188,27.580533171476816,0],[96.91300766723951,27.543882528432842,0],[96.92982282316252,27.52418227529232,0],[96.90324408158976,27.452726053144218,0],[96.96230620468135,27.40164912039862,0],[96.96212553316498,27.373115275393317,0],[96.99810643926932,27.318978624759165,0],[97.02826671412323,27.307943838959407,0],[97.08850764319261,27.238212264767718,0],[97.09047581632866,27.213618018973467,0],[97.16385422420481,27.142239812840547,0],[97.1385180096543,27.09104666994344,0],[97.10034507466361,27.108358633780664,0],[97.06343882196555,27.091454844554736,0],[97.0302709043138,27.13154928459372,0],[96.98483234615341,27.154298461790766,0],[96.87441286238635,27.180682462783953,0],[96.85476671621058,27.21024353378907,0],[96.88523367316888,27.226467601075605,0],[96.88474046943516,27.2596560395763,0],[96.8470471168175,27.271098076990818,0],[96.8479842385313,27.29027877329903,0],[96.79666005708923,27.34562707266453,0],[96.70488533929469,27.372040410326026,0],[96.69748682693513,27.357658723490943,0],[96.60530908172348,27.365548966137933,0],[96.59571910124195,27.33386687930014,0],[96.5512196160263,27.31845644239066,0],[96.52385143408777,27.286545891373247,0],[96.44064501540579,27.306331231467187,0],[96.38683882527387,27.2846318823203,0],[96.30727464140213,27.294275649925797,0],[96.27102090472664,27.271540279376993,0],[96.2279946872609,27.278683362768284,0],[96.0229614398295,27.1800817419111,0],[95.94595616456176,27.05164781203127,0],[95.87007918668985,27.01270285639956,0],[95.8020304891049,27.014500649451445,0],[95.75500085140648,26.953844934080884,0],[95.74490551181043,26.896329940183318,0],[95.7241410160037,26.882204793870407,0],[95.66699781881573,26.902862264682273,0],[95.63187553930585,26.87363138573704,0],[95.60848871638926,26.812858823592173,0],[95.54312732853462,26.835375974972195,0],[95.50740093183475,26.80879979214659,0],[95.48275926471744,26.74705340009439,0],[95.4590914112844,26.74388473159572,0],[95.43138003311854,26.700698097796863,0],[95.33578689297423,26.674483126582846,0],[95.30395971678688,26.651008932127997,0],[95.25866393155104,26.655752835803234,0],[95.25705857112067,26.676233478027466,0],[95.23348614525685,26.682383562081824,0],[95.23185979402729,26.70892544890788,0],[95.209483118709,26.729094870755162,0],[95.24224977141958,26.78341653421504,0],[95.20845676548107,26.79496001064034,0],[95.20304061580839,26.846564409469515,0],[95.18106437760319,26.8564858901289,0],[95.20839575117624,26.8826825184493,0],[95.22816286142384,26.881025852399496,0],[95.2323036348653,26.902867213694723,0],[95.19173086857369,26.9852413837506,0],[95.1958917055552,27.036284316790923,0],[95.23209747298438,27.043331395776185,0],[95.24685736077993,27.02416482701401,0],[95.35476490892577,27.10390988753811,0],[95.37467166062423,27.092675123816214,0],[95.4206459082063,27.125784625253594,0],[95.453273158521,27.129434230886602,0],[95.46660039622469,27.18163973878154,0],[95.45757852571955,27.208783189351635,0],[95.50917374509228,27.262037485226482,0],[95.5451216369722,27.259986769427652,0],[95.5875730733781,27.222940948799476,0],[95.72020646814892,27.249477522554308,0],[95.80088802433804,27.284267140692826,0],[95.80515756328658,27.272952190474758,0],[95.85930534030364,27.287220901512175,0],[95.85642912399648,27.271059441161842,0],[95.8924314765992,27.255284081686202,0],[95.89721345219374,27.28216372210985,0],[95.96004074086112,27.3109508145681,0],[95.98906289080232,27.356766552714067,0],[96.01794096143165,27.36297831714957,0],[95.96920932687665,27.42815651216703,0],[95.95406097066365,27.420285244095684,0],[95.94116393160543,27.437561839230646,0],[95.90696189239073,27.43110361652597,0],[95.88388636784212,27.397064457849744,0],[95.88330180546382,27.435329218496115,0],[95.85717483936827,27.42100938295419,0],[95.86244585682053,27.410125879304747,0],[95.85102826810169,27.41092970251228,0],[95.85303500555253,27.4575852458602,0],[95.88670550575154,27.497349497596783,0],[95.87664079192413,27.54502922594498,0],[95.83289701982973,27.559198965425622,0],[95.81423642902175,27.574298367782145,0],[95.81829618924102,27.59692710612342,0],[95.79254137469059,27.59849517783016,0],[95.77849732817796,27.618997305658,0],[95.79592633697507,27.63801839865868,0],[95.77105359089774,27.658548162641825,0],[95.78797963680319,27.68195826254333,0],[95.7672079306634,27.68757102661887,0],[95.75160284044745,27.7225077460347,0],[95.77937938884186,27.73370943488827,0],[95.77545392811962,27.753941305632033,0],[95.83749287773288,27.823959281551716,0],[95.87052562347488,27.833179948547567,0],[95.92484204439158,27.88186426479643,0],[95.91586645624648,27.88949277864296,0],[95.93774670922193,27.898200117876083,0],[95.97142493804458,27.96238287124535,0],[95.82157838128154,27.97138867973692,0],[95.60511051490028,27.954875227290184,0],[95.51996661726851,27.881492134485654,0],[95.37941178217466,27.839428946381133,0],[95.3085951828214,27.868260759622512,0],[95.14942722135297,27.819954975521064,0],[94.85219945895675,27.727443602038367,0],[94.84202635959684,27.701433487722788,0],[94.7935670958654,27.695410957877236,0],[94.75414803179277,27.660777555659287,0],[94.6875444759422,27.665680188168206,0],[94.6826001699427,27.646638449359433,0],[94.49873335715172,27.572483021548617,0],[94.47764978443156,27.57636200511931,0],[94.46157715556829,27.555462938675625,0],[94.43152596554381,27.600549884284945,0],[94.36385362911535,27.574564184658158,0],[94.29810265099235,27.602147029788515,0],[94.2772418297116,27.589648098455353,0],[94.25410025148966,27.614441600167037,0],[94.26154364104582,27.636083921420706,0],[94.23807404206676,27.63310408634877,0],[94.20930535841497,27.60515969824081,0],[94.2586997164316,27.555458088901617,0],[94.26825506067321,27.52084104083174,0],[94.15666608656839,27.47485751205001,0],[94.15942434272218,27.461617556061388,0],[94.08944702299472,27.407254057423145,0],[94.05966562491015,27.361741516202656,0],[93.98428990110598,27.323050844136088,0],[93.80608300463783,27.151829573523962,0],[93.79714717648429,27.12890758646205,0],[93.83736670767678,27.107986678256967,0],[93.83073404923988,27.06612572737072,0],[93.78200102849038,27.060771023481138,0],[93.77926082097778,27.04878664457814,0],[93.77311914957997,27.05930774556269,0],[93.76768354937052,27.03983974744099,0],[93.66012104765832,26.96695513823675,0],[93.48910216619522,26.93617683535471,0],[93.38768552338281,26.958473243217565,0]]]},"id":3},{"type":"Feature","properties":{"state":"ASSAM","id":4},"geometry":{"type":"Polygon","coordinates":[[[92.30502204102854,24.910879463441148,0],[92.3394632012039,24.87810456631355,0],[92.34799606531686,24.89162221349049,0],[92.37439541926999,24.874239114468455,0],[92.38736216045004,24.851260380304108,0],[92.48792261912098,24.871309682245446,0],[92.48761740188023,24.94677149102582,0],[92.44926580492206,24.938764814380473,0],[92.46817470083633,24.96302500891681,0],[92.42033351096917,24.96594616344722,0],[92.41634675207246,24.989922997437592,0],[92.43827786735534,25.04386941730569,0],[92.46428547997287,25.037435365798668,0],[92.45697779853668,25.054067753785333,0],[92.48062940585753,25.1083087195101,0],[92.53942328030469,25.099054103340926,0],[92.52177511606315,25.139381500827795,0],[92.62143275564458,25.115026384290676,0],[92.6634752432247,25.176667868917296,0],[92.80291466540446,25.21617257662427,0],[92.76188794888222,25.246528441076737,0],[92.79223196842213,25.282409756057234,0],[92.7865559745668,25.314805908745655,0],[92.78132311169566,25.33367208730987,0],[92.74990207553915,25.344095853613137,0],[92.73801967896213,25.379333434658854,0],[92.71794231553835,25.372626807378534,0],[92.67352933159127,25.41402423161827,0],[92.66164420359188,25.40635461012432,0],[92.6536200925963,25.433523477908587,0],[92.6395612503823,25.417565720261102,0],[92.62564562719278,25.43491650872014,0],[92.62763846671378,25.421967145472667,0],[92.60663102301935,25.413232466130886,0],[92.59684621362001,25.46983677915499,0],[92.56448721777898,25.465123762833933,0],[92.57365409561697,25.49047820530363,0],[92.64283936248239,25.53480936723944,0],[92.66146147659491,25.572186372163983,0],[92.65263715934464,25.59143539313231,0],[92.59481891847426,25.551593177920555,0],[92.57249149751375,25.557350610915176,0],[92.55672592138131,25.570961313057822,0],[92.55416738280444,25.61480362593717,0],[92.50562970068664,25.616311351619938,0],[92.47026180374795,25.67527123759705,0],[92.4380372111307,25.694861085615116,0],[92.4442910822871,25.719695295355482,0],[92.40662072745975,25.7445996545378,0],[92.38177800652423,25.742044004249987,0],[92.3846155338196,25.754881276584495,0],[92.33361009426085,25.72438785952826,0],[92.26450928732382,25.709226196159683,0],[92.22535940508021,25.716351071584455,0],[92.1701956681283,25.66712895180777,0],[92.15614771924649,25.672183134389233,0],[92.14410824248523,25.717136274359778,0],[92.16281218880508,25.743878491803965,0],[92.1510999693976,25.816638806992394,0],[92.1772440031107,25.872749794204687,0],[92.22556189763789,25.90916865607124,0],[92.1547391661313,25.910992476806914,0],[92.15243649565062,25.94431864058203,0],[92.18088445122383,25.985010462682574,0],[92.26346548674599,26.0331297207698,0],[92.26888427902895,26.06817385152475,0],[92.16939970512907,26.077638207743394,0],[92.13261589664515,26.044238695386586,0],[91.98905616440165,26.038529717375734,0],[91.91713168280776,25.996420411859283,0],[91.91469228173462,26.020498891996148,0],[91.86729802308727,26.04201757165344,0],[91.87917065169805,26.09797615385878,0],[91.82539942281463,26.11940576514135,0],[91.7913621779927,26.085231727507676,0],[91.73123895201472,26.059216840820156,0],[91.72010799698963,25.953595971287484,0],[91.67060071553821,25.904151548303883,0],[91.60916012915463,25.939298879459358,0],[91.64059669127515,25.96330369665151,0],[91.62606327800438,25.98668231622667,0],[91.63237543712266,26.019798163200413,0],[91.59753413707233,26.01807438819104,0],[91.57984128659844,26.033247803908964,0],[91.55124658236392,25.976595668868782,0],[91.51807546622565,25.959732401159123,0],[91.5032614079938,25.91374405473703,0],[91.53695469008757,25.93121191737712,0],[91.47480885296163,25.874021112532844,0],[91.51313774964949,25.865712994832652,0],[91.52658590813381,25.891073657806093,0],[91.53043365010437,25.87125398366873,0],[91.44514869272781,25.839737869637464,0],[91.42246672443892,25.85447395981365,0],[91.33535490249105,25.840544226544967,0],[91.2736668338076,25.74589625288976,0],[91.22092979815388,25.721867678335897,0],[91.19198210584634,25.730360391070686,0],[91.178262142369,25.77735163215243,0],[91.20364328640395,25.843214008275282,0],[91.19582973111349,25.861393548176615,0],[91.18012431363894,25.84417144132605,0],[91.14755001066001,25.85049159599548,0],[91.06213439605473,25.82077805673377,0],[91.0488843398461,25.82927284731539,0],[91.07850361310669,25.852737134455133,0],[91.04821959550038,25.849203241519444,0],[91.00601459887338,25.82038332743694,0],[91.0305483879608,25.885801611247576,0],[90.96885495927111,25.88521925785976,0],[90.94743452720466,25.948091944180252,0],[90.91733641550799,25.944407681595663,0],[90.91683638940862,25.914056372962108,0],[90.8845256245477,25.950307904068424,0],[90.83546787024673,25.93660538140882,0],[90.83618787322061,25.948421182544998,0],[90.80905408159008,25.952437319890475,0],[90.76378992413649,25.907796291830042,0],[90.7604271672355,25.92196515768684,0],[90.7385723068787,25.915859930290857,0],[90.7540539833964,25.929513124237783,0],[90.74005886276171,25.93910481044108,0],[90.74799600104124,25.956796531141332,0],[90.71766830873263,25.955119526927938,0],[90.6333172248435,25.920750818747063,0],[90.61792270747218,25.89784109645256,0],[90.6071205914071,25.918704596361394,0],[90.62642440862795,25.936515584437903,0],[90.58353856845922,25.95872238051366,0],[90.51504742287419,25.896397125322025,0],[90.53411233238411,25.959808436154436,0],[90.47873424870053,26.013612944071685,0],[90.4290625413044,25.988809310590693,0],[90.39769371153415,26.01205709799636,0],[90.36848975307363,26.01069028478697,0],[90.32688566389102,25.974065403881387,0],[90.20196211575092,25.960735921664618,0],[90.18463315499598,25.943793853508026,0],[90.15192160878479,25.96580036092793,0],[90.11952017782293,25.958223214931202,0],[90.04290928185799,25.88853704327822,0],[90.01074610571234,25.88438007230492,0],[90.02365904703215,25.86700947660212,0],[89.99724324294179,25.83706573610034,0],[89.94884904097249,25.826426141622566,0],[89.95967011316657,25.78152681406172,0],[89.93728332305226,25.74511896654905,0],[89.89473928327754,25.744968623264025,0],[89.95045252187853,25.655603596116975,0],[90.02886805421953,25.605395312532604,0],[89.97215727117538,25.5734917016925,0],[89.87836220666257,25.550334111849086,0],[89.8679351188292,25.524241699888467,0],[89.88593570498789,25.507920639055786,0],[89.85224885295419,25.46588150762252,0],[89.84931017973575,25.492797218560735,0],[89.8696395030057,25.510906464149837,0],[89.8512733935415,25.538627925488434,0],[89.86603759269164,25.546190504489587,0],[89.88179110592627,25.625857891322763,0],[89.85053330395971,25.71295758927867,0],[89.82836636709554,25.728250403151566,0],[89.84032896998706,25.766729167454812,0],[89.81654470183601,25.81430209726456,0],[89.83528159873254,25.84073439774577,0],[89.83257264629688,25.870605518756644,0],[89.88707699502125,25.945201554176133,0],[89.82538732000086,25.94550448173753,0],[89.84933634474261,25.94910933652594,0],[89.83855874950729,25.967851180524608,0],[89.86683978771894,25.972031722960487,0],[89.87103220007835,25.980702049418294,0],[89.83584123475849,26.01259672789507,0],[89.83594146207344,25.98242419534436,0],[89.82027208356834,25.98764127925883,0],[89.80741699997851,26.044002781493244,0],[89.79772108876767,26.024515885458367,0],[89.79159109033584,26.018153521345592,0],[89.7880383660066,26.01920659965281,0],[89.80183345974089,26.040253235104764,0],[89.77365402397197,26.037637090858514,0],[89.79880980437558,26.059579363187257,0],[89.79485136906966,26.087512545739493,0],[89.78132391704199,26.083442406995598,0],[89.78316109491027,26.10598394010889,0],[89.75616990366218,26.109362723310692,0],[89.76657067561082,26.130477196086453,0],[89.74765904375953,26.157371048721576,0],[89.72048755592567,26.15629625182117,0],[89.73292876858805,26.17752627267314,0],[89.71014230752618,26.1724236392854,0],[89.69860048189341,26.191177011427868,0],[89.71307454460307,26.187716559250028,0],[89.71160000365985,26.202966946650616,0],[89.73323032375248,26.211992096358987,0],[89.70749916960624,26.21227971425161,0],[89.7003935518523,26.218448384854828,0],[89.73215802078349,26.237829900898618,0],[89.70261583503469,26.257863326648568,0],[89.70879147057386,26.271042357560574,0],[89.73557300195738,26.26149303160422,0],[89.71783117910384,26.295817639031274,0],[89.7202791872557,26.307879167308116,0],[89.75812476043686,26.287785754689793,0],[89.75152173644788,26.32086010240612,0],[89.78131405227015,26.32767532734129,0],[89.78347399939808,26.351030776460306,0],[89.81420570609225,26.370485231110454,0],[89.82277435658195,26.350861089014998,0],[89.83316766471975,26.383474558070503,0],[89.85941322858926,26.383503005236296,0],[89.84993587549842,26.402893406146045,0],[89.83033025942412,26.396452303393154,0],[89.8358387758292,26.411392185640924,0],[89.8580194141903,26.41132586776088,0],[89.8499079708964,26.422111665210615,0],[89.87323532781522,26.451324788073343,0],[89.85518351827152,26.488514794727102,0],[89.86448745840367,26.57324330693612,0],[89.882602189702,26.58339310718689,0],[89.87842155358264,26.615533794785318,0],[89.85825113236929,26.623377996697,0],[89.87693426806936,26.6485062156818,0],[89.85894780493356,26.734917835722044,0],[89.96706420070845,26.72347092934534,0],[90.13987973539204,26.753618524095703,0],[90.19452293626887,26.77327133700098,0],[90.18766904501992,26.806811864176115,0],[90.23050001220625,26.858906721733565,0],[90.3002984021664,26.848220357782182,0],[90.34778630038602,26.875294817648264,0],[90.35663477130156,26.900660749703103,0],[90.41660973104518,26.904529314884112,0],[90.54661291873602,26.816639782582453,0],[90.63444320876023,26.79381032514694,0],[90.6465742088529,26.776580424077643,0],[90.67597876651847,26.784094686823696,0],[90.7172775719259,26.768268449326836,0],[90.99187447411721,26.790642259197966,0],[91.05406044615773,26.78098543494138,0],[91.09756274504171,26.821992879396678,0],[91.23688719154316,26.812002621880612,0],[91.33724792627872,26.7808609067841,0],[91.37600584202414,26.795227688372666,0],[91.40764718663034,26.83960256126241,0],[91.49510696869676,26.79120586429579,0],[91.62552430848604,26.820865834298953,0],[91.68979670188132,26.806451491669648,0],[91.8241467408623,26.864043453464504,0],[91.85911185373642,26.913338829889412,0],[91.89173635296258,26.919062682808413,0],[91.98350144825937,26.858191602950793,0],[92.05672471862876,26.847385037224836,0],[92.10265183451222,26.867168389052097,0],[92.11437768715693,26.89357793033869,0],[92.27609015607285,26.901996421835563,0],[92.30296489694805,26.90713961766831,0],[92.30266188587771,26.92264285054905,0],[92.36318938908434,26.934543250130904,0],[92.39832962543571,26.92469065519445,0],[92.44746824488054,26.95881182118621,0],[92.58334239816337,26.959540600917414,0],[92.64462086187785,26.98676610556222,0],[92.66039990743595,27.038536274708793,0],[92.7693391510466,27.033424489325544,0],[92.88660891668026,26.99974539635088,0],[92.91841052348038,26.98230566758674,0],[92.9171454025521,26.96293037334719,0],[93.02185614262999,26.913416558661023,0],[93.32271557106446,26.960009784139224,0],[93.44877062986455,26.950781807425223,0],[93.47064777751635,26.93659723453852,0],[93.58666946435198,26.950470127879502,0],[93.67076930603542,26.97148719322924,0],[93.72240723191352,27.020533972971126,0],[93.76768354937052,27.03983974744099,0],[93.77311914957997,27.05930774556269,0],[93.77926082097778,27.04878664457814,0],[93.78200102849038,27.060771023481138,0],[93.83073404923988,27.06612572737072,0],[93.83736670767678,27.107986678256967,0],[93.79714717648429,27.12890758646205,0],[93.80608300463783,27.151829573523962,0],[93.98428990110598,27.323050844136088,0],[94.05966562491015,27.361741516202656,0],[94.08944702299472,27.407254057423145,0],[94.15942434272218,27.461617556061388,0],[94.15666608656839,27.47485751205001,0],[94.26825506067321,27.52084104083174,0],[94.2586997164316,27.555458088901617,0],[94.20930535841497,27.60515969824081,0],[94.23807404206676,27.63310408634877,0],[94.26154364104582,27.636083921420706,0],[94.25410025148966,27.614441600167037,0],[94.2772418297116,27.589648098455353,0],[94.29810265099235,27.602147029788515,0],[94.36385362911535,27.574564184658158,0],[94.43152596554381,27.600549884284945,0],[94.46157715556829,27.555462938675625,0],[94.47764978443156,27.57636200511931,0],[94.49873335715172,27.572483021548617,0],[94.6826001699427,27.646638449359433,0],[94.6875444759422,27.665680188168206,0],[94.75414803179277,27.660777555659287,0],[94.7935670958654,27.695410957877236,0],[94.84202635959684,27.701433487722788,0],[94.85219945895675,27.727443602038367,0],[94.92351944381839,27.750635473805012,0],[95.3085951828214,27.868260759622512,0],[95.37941178217466,27.839428946381133,0],[95.51996661726851,27.881492134485654,0],[95.60511051490028,27.954875227290184,0],[95.82157838128154,27.97138867973692,0],[95.97118239024994,27.962896339490726,0],[95.93774670922193,27.898200117876083,0],[95.91586645624648,27.88949277864296,0],[95.92484204439158,27.88186426479643,0],[95.87052562347488,27.833179948547567,0],[95.83749287773288,27.823959281551716,0],[95.77545392811962,27.753941305632033,0],[95.77937938884186,27.73370943488827,0],[95.75133161012623,27.721446768885723,0],[95.7672079306634,27.68757102661887,0],[95.78797963680319,27.68195826254333,0],[95.77105359089774,27.658548162641825,0],[95.7961283325482,27.640546269051796,0],[95.77817316150805,27.624821121250996,0],[95.79061648600015,27.600207162839325,0],[95.8154933692328,27.599204239952073,0],[95.81441379001193,27.574081864369784,0],[95.87664079192413,27.54502922594498,0],[95.88670550575154,27.497349497596783,0],[95.85303500555253,27.4575852458602,0],[95.85102826810169,27.41092970251228,0],[95.88330180546382,27.435329218496115,0],[95.88388636784212,27.397064457849744,0],[95.90696189239073,27.43110361652597,0],[95.94116393160543,27.437561839230646,0],[95.95406097066365,27.420285244095684,0],[95.96920932687665,27.42815651216703,0],[96.01771220542297,27.362666705689275,0],[95.98934609729551,27.35699638503184,0],[95.96004074086112,27.3109508145681,0],[95.89721345219374,27.28216372210985,0],[95.8924314765992,27.255284081686202,0],[95.85642912399648,27.271059441161842,0],[95.85930534030364,27.287220901512175,0],[95.80515756328658,27.272952190474758,0],[95.80088802433804,27.284267140692826,0],[95.72020646814892,27.249477522554308,0],[95.5875730733781,27.222940948799476,0],[95.5451216369722,27.259986769427652,0],[95.5088103630841,27.261874704225658,0],[95.45757852571955,27.208783189351635,0],[95.46660039622469,27.18163973878154,0],[95.453273158521,27.129434230886602,0],[95.4206459082063,27.125784625253594,0],[95.37467166062423,27.092675123816214,0],[95.35476490892577,27.10390988753811,0],[95.24685736077993,27.02416482701401,0],[95.23209747298438,27.043331395776185,0],[95.19242129738953,27.03561859883162,0],[95.09527200510534,26.957549353567998,0],[95.01475863572462,26.92202844007391,0],[94.98261821633376,26.912998246091792,0],[94.96123830328561,26.937123844910268,0],[94.93085092778077,26.932559006487626,0],[94.92349123217942,26.946365755174096,0],[94.8735873118297,26.91751623587588,0],[94.81736053126056,26.847768233350564,0],[94.81442898628029,26.819791188975376,0],[94.79495453251965,26.81440574857209,0],[94.80200281750886,26.80080522020427,0],[94.77021727406928,26.789038763739278,0],[94.75832868595882,26.766005745843863,0],[94.74018464013179,26.775983262029737,0],[94.69234522450827,26.731930631091963,0],[94.62030174884568,26.712122406890206,0],[94.60963581737435,26.736937220955575,0],[94.59707146353553,26.73455265297031,0],[94.5938792076695,26.697195117017788,0],[94.57732287463907,26.700660989426712,0],[94.56649402566106,26.68355813970475,0],[94.56235295025022,26.70506863616397,0],[94.53926424023025,26.706184924413098,0],[94.49267442697432,26.665889405190864,0],[94.46028390072976,26.661630130697056,0],[94.46549491977638,26.633060970228616,0],[94.40305656639664,26.610732025273677,0],[94.41357246747083,26.577540105477834,0],[94.39607389804821,26.526868441632892,0],[94.34596790214277,26.503570062473333,0],[94.35284761421414,26.490058784725758,0],[94.325522809295,26.481949454060832,0],[94.3166222684254,26.4583237060215,0],[94.2897476338772,26.479714931034977,0],[94.28369083270626,26.5613526325082,0],[94.18327469395761,26.455278592669526,0],[94.17758126714557,26.382012115857602,0],[94.16015509652232,26.35429370194232,0],[94.17455588026806,26.340460461660232,0],[94.10505415676447,26.319948597559392,0],[94.0746233690719,26.264379828419138,0],[94.04768703514907,26.24936469463035,0],[94.03203289689871,26.197536694025,0],[94.00107849440008,26.17226742849123,0],[93.98738784024398,26.06678636159109,0],[93.95300075666958,26.002965939686792,0],[93.97869537458186,25.916729294654292,0],[93.91599580949413,25.88370126897739,0],[93.88180175433153,25.843349384432116,0],[93.83970250933454,25.856609990101582,0],[93.79547429074692,25.808927800771727,0],[93.77753575864662,25.84981186176478,0],[93.79516979944216,25.906674726706534,0],[93.77659496571695,25.968758628954195,0],[93.76544974933819,25.969751731914403,0],[93.75131325996516,25.932808774221368,0],[93.68152923874446,25.90438642757293,0],[93.71432185680389,25.84451327660181,0],[93.6461362265485,25.82237958275621,0],[93.6174208900405,25.77598830249017,0],[93.54232554871795,25.73217666915365,0],[93.54053681953425,25.699453335444638,0],[93.52195224015111,25.69778728990201,0],[93.49700270740652,25.655119916422933,0],[93.46089576750974,25.63231081532127,0],[93.42737852704583,25.632534438818503,0],[93.35871608075983,25.554632196675257,0],[93.32696927723266,25.546964684767016,0],[93.38543392220258,25.490708275035047,0],[93.39022962416198,25.460402211972568,0],[93.45819314425165,25.430984137172548,0],[93.47361253859519,25.379279885403992,0],[93.4484341048435,25.340635901080756,0],[93.47050329628158,25.30506040541723,0],[93.38111859096202,25.23962861026863,0],[93.34587005495257,25.16980838461145,0],[93.33237064290702,25.093518722987014,0],[93.2999572470306,25.046039354257037,0],[93.2642049487426,25.0493618654614,0],[93.2438827941639,25.0182860808101,0],[93.24438807522067,24.998088318729835,0],[93.25977993625969,25.001591232351803,0],[93.24941795556748,24.972558729732505,0],[93.26176167466275,24.96273316245054,0],[93.2368145856961,24.937163003153874,0],[93.2488367729591,24.914846025357416,0],[93.23519752045293,24.911408227606447,0],[93.22644489700195,24.872834416815056,0],[93.19482668421468,24.85384930076149,0],[93.19680546022855,24.81114228891197,0],[93.14946257348132,24.787373868390944,0],[93.13856740206762,24.80999451102263,0],[93.10942868055643,24.811475012200255,0],[93.10776046557892,24.741441484085826,0],[93.07354683962262,24.70780570835592,0],[93.10415429958374,24.67415667783069,0],[93.07115128138572,24.600642291343178,0],[93.10436159583067,24.582382014922917,0],[93.05818063173562,24.573837223585883,0],[93.0708090121681,24.55804752281295,0],[93.04999425416223,24.544207525022323,0],[93.03255519663041,24.49529743595537,0],[93.04636632104628,24.473565253037023,0],[93.04164133124162,24.413010105503893,0],[93.01195047391116,24.41671517700804,0],[92.9942682759338,24.399112754762868,0],[92.97363611035983,24.408466711362998,0],[92.95926079309464,24.392065912704602,0],[92.90932312743062,24.413074446984865,0],[92.90285914470371,24.391231091995742,0],[92.86092043896097,24.398662547835738,0],[92.82957506059702,24.373755127641203,0],[92.82992429305112,24.40045209558787,0],[92.79934529316212,24.41929002886911,0],[92.7629971727557,24.521131741759774,0],[92.68483592728195,24.346536737137594,0],[92.66136777003763,24.348155821909657,0],[92.64576450837255,24.327781710352134,0],[92.62477012146972,24.33407530129572,0],[92.61230321566951,24.253467629798507,0],[92.55089605769116,24.24722231527852,0],[92.53421229024971,24.18014653573937,0],[92.48392167843085,24.1631680594232,0],[92.46497948904532,24.13613519748404,0],[92.43642196400322,24.153033002735853,0],[92.43572606543646,24.179293006188022,0],[92.41916693569351,24.191938783294336,0],[92.4225375683713,24.25499488679425,0],[92.21287240350804,24.24992683843482,0],[92.2740899175266,24.388317410618512,0],[92.25939508817935,24.439213010573226,0],[92.23015825664825,24.461646389030772,0],[92.2305074873008,24.499980602477898,0],[92.21270872698608,24.50372204639142,0],[92.23114076505938,24.531205552203673,0],[92.25441586684079,24.678029955247496,0],[92.29603185237654,24.736456202109206,0],[92.27916000175217,24.745297096714353,0],[92.28891865205755,24.784485563501864,0],[92.27307794578947,24.827442777459808,0],[92.24146114635809,24.842022753449626,0],[92.24810428831124,24.885493911512615,0],[92.2328731680571,24.90014609006138,0],[92.30502204102854,24.910879463441148,0]],[[89.82451061904186,26.326215975495582,0],[89.80489387217033,26.349712155425273,0],[89.79269317386608,26.34109746538814,0],[89.81445078236605,26.32007791481644,0],[89.82451061904186,26.326215975495582,0]]]},"id":4},{"type":"Feature","properties":{"state":"BIHAR","id":5},"geometry":{"type":"MultiPolygon","coordinates":[[[[84.5252661885239,24.266403211673886,0],[84.50523181272452,24.260494222288987,0],[84.50518785474215,24.279628632066327,0],[84.51000307374761,24.283359046354914,0],[84.5252661885239,24.266403211673886,0]]],[[[85.37091984750067,24.553520057321073,0],[85.39749247851856,24.544798536190747,0],[85.39193366185556,24.530345209458815,0],[85.28808658451973,24.523260681568523,0],[85.28233367411946,24.49166690119752,0],[85.24910921295523,24.49072800522376,0],[85.2258423608579,24.46313128230274,0],[85.16075214488723,24.460339309797394,0],[85.173904508262,24.42062027024745,0],[85.08904625025289,24.37249886128652,0],[85.07323903902349,24.378227232666262,0],[85.08102173667541,24.433035718262673,0],[85.06111093912557,24.405862633005245,0],[85.03116739144231,24.414572792641593,0],[84.97488668246997,24.374713756551838,0],[84.90382953343052,24.37224750140543,0],[84.88228130698693,24.424767441182684,0],[84.88727725990502,24.463283283473164,0],[84.85401395773178,24.466706634949194,0],[84.84009527437183,24.452191299940388,0],[84.83893881511844,24.5126113314109,0],[84.80189110575718,24.530744415796196,0],[84.78609034490364,24.503827588344144,0],[84.6853180098138,24.45512463954679,0],[84.66506653975205,24.390877680648284,0],[84.56819153409334,24.409439898410326,0],[84.57426953645988,24.385233244049157,0],[84.52885430308238,24.377058657512215,0],[84.53144085765224,24.33820769552921,0],[84.49468282489194,24.286006468713673,0],[84.48435418337122,24.301967359873327,0],[84.50528553207656,24.331331434927037,0],[84.48449138871128,24.312670366249613,0],[84.45960703539969,24.33709433305268,0],[84.42440173312086,24.32983751247291,0],[84.43111358224019,24.35652292729614,0],[84.40035696953039,24.364625019063563,0],[84.40657362623338,24.374893546888977,0],[84.38824173670866,24.38929186503223,0],[84.34162310599665,24.39354549747657,0],[84.33452645844382,24.42064203723219,0],[84.32053461098894,24.421071020755804,0],[84.3356028017809,24.43148970981517,0],[84.29737523377173,24.4493913718666,0],[84.29609776642528,24.473477910405272,0],[84.32752831268348,24.492355406395244,0],[84.29683782100051,24.56057640094012,0],[84.27053174142445,24.560014216874524,0],[84.27986414366028,24.54787315877868,0],[84.25679268487839,24.526884557014473,0],[84.23639975147424,24.54932099710673,0],[84.21506331697842,24.532719061677586,0],[84.18723288841453,24.552928884359925,0],[84.17318399204449,24.544700399026397,0],[84.18494689226131,24.519593573056646,0],[84.16974944691513,24.503330159888357,0],[84.15245575035124,24.515174639141872,0],[84.16348836592994,24.533404493469394,0],[84.14427905347851,24.538251716462685,0],[84.14053394025994,24.50053333015826,0],[84.11080911182333,24.47673520321444,0],[84.08562582329978,24.5051822409556,0],[84.09321606962341,24.533645212132946,0],[84.05095032730023,24.58663861831672,0],[84.05202281504015,24.609922409877242,0],[84.00779151216753,24.642891602882095,0],[83.93613238666458,24.549115872272395,0],[83.87314636170359,24.53175042475181,0],[83.80018315536675,24.52953179894189,0],[83.7205663208455,24.503452628861577,0],[83.49860943940462,24.531802204919593,0],[83.5222793987028,24.547662732389757,0],[83.52330589761984,24.60252228075098,0],[83.54797921798244,24.623278788175533,0],[83.50049208700095,24.651251629497676,0],[83.5203797568326,24.677501990981437,0],[83.48512990161134,24.701672108557528,0],[83.4893396242709,24.736328541734043,0],[83.45809720719011,24.731345913618576,0],[83.42783196029605,24.768294795508687,0],[83.39305020687632,24.782733947040754,0],[83.39659404906739,24.832345275069176,0],[83.35743411740302,24.870907419104363,0],[83.36946180623353,24.879872783447514,0],[83.3545785880951,24.905469315289253,0],[83.36145277369086,24.95372234114094,0],[83.343106570429,24.963072120592056,0],[83.34981052423946,25.009248593314563,0],[83.32021588688508,25.01726137207904,0],[83.34335238694301,25.050879523049275,0],[83.35008755307223,25.11327812671304,0],[83.36736957441698,25.12522685340411,0],[83.35130152713272,25.15701131038201,0],[83.35724936245337,25.199661418935058,0],[83.402040216192,25.209064018146673,0],[83.4099122349581,25.246606306474156,0],[83.43622919796694,25.244239068122695,0],[83.45009070947455,25.26103843439226,0],[83.46792305134764,25.25234418939157,0],[83.4903766885913,25.28947980120929,0],[83.50545991557466,25.281039452217108,0],[83.55409430659537,25.308491010023797,0],[83.53990783902485,25.31578641896111,0],[83.57372366312912,25.30612507427381,0],[83.59628112534129,25.32766545242141,0],[83.6488012684734,25.33927080728207,0],[83.65594575394067,25.368363874786816,0],[83.69370738232016,25.36962848872525,0],[83.68205678906658,25.37862442772216,0],[83.70168271099436,25.396159645072487,0],[83.71012300356632,25.386044702958596,0],[83.74059409315316,25.410631684861016,0],[83.76897345760955,25.38635510720927,0],[83.80783535513608,25.409099182232154,0],[83.80156111834768,25.429831216315055,0],[83.8463534260082,25.43435136493212,0],[83.81280962352307,25.44819736304313,0],[83.81655583303991,25.462759456951396,0],[83.85674665502614,25.468569834926722,0],[83.8762126694343,25.518062014129026,0],[83.90208895763598,25.524026333381496,0],[83.92459006095103,25.55431464643046,0],[84.01741176530648,25.614690385050586,0],[84.08127596808231,25.636307958524352,0],[84.0751581391174,25.695271623238543,0],[84.1050619217279,25.721216965750738,0],[84.13990059121049,25.731656990962254,0],[84.1298843943879,25.717788156603607,0],[84.14173712848029,25.716090310027624,0],[84.15466926649981,25.729244664215095,0],[84.19889475217381,25.70207681435157,0],[84.20601142320338,25.669464090555515,0],[84.2768621371233,25.6604118544058,0],[84.30025953481343,25.665394826004825,0],[84.28761123194364,25.677546742598416,0],[84.32434592816212,25.671033278670095,0],[84.33634492912668,25.744233696124592,0],[84.3917004951081,25.745162978846587,0],[84.38439379286365,25.73277470461526,0],[84.40003937052963,25.729369749580094,0],[84.40673788855374,25.69842077203484,0],[84.42767788265729,25.69361704206452,0],[84.42964871765611,25.711615307522035,0],[84.4535093387457,25.714325960785853,0],[84.49933845566679,25.6746822933236,0],[84.52886831440193,25.682492634951323,0],[84.5394358864587,25.726729953560163,0],[84.53518778379696,25.69076966116253,0],[84.55743011526592,25.679511871456246,0],[84.56028289764313,25.736895716441825,0],[84.63465011233927,25.727941860808503,0],[84.60295629647821,25.761935468145772,0],[84.62346825291417,25.770796529471706,0],[84.62457464483015,25.79217147292682,0],[84.55211212051513,25.84018334791385,0],[84.53052169542023,25.831611596314875,0],[84.52321937356912,25.860290287459417,0],[84.54322087061713,25.859955642052956,0],[84.53397997286814,25.876369335320007,0],[84.4275559484082,25.891235120596548,0],[84.41190116426498,25.93077990157034,0],[84.35395342308657,25.958782856207243,0],[84.29691447630142,25.945174301647132,0],[84.20707820842014,25.99983170213176,0],[84.17002718860945,25.987676182593972,0],[84.17245768831422,26.024604700427467,0],[84.10381154481958,26.092736863712677,0],[84.05597251389037,26.099991630353596,0],[84.05011705268046,26.130015527965664,0],[84.02743926804722,26.142401295015514,0],[84.03345396996535,26.160687111366034,0],[84.00938424529782,26.175589504546885,0],[84.01322843443252,26.194020324375714,0],[84.03835019377638,26.200973576881,0],[84.01530178780592,26.223276881135092,0],[84.01922837624187,26.238939551904025,0],[84.08641166638273,26.218750580003867,0],[84.12168889818572,26.258867836365535,0],[84.15116294173225,26.257790224350046,0],[84.16620843118791,26.24094588749452,0],[84.18597354792928,26.312899356940957,0],[84.1766814118139,26.370683199438144,0],[84.07916630558175,26.3825072703529,0],[84.0338607625451,26.411654249887302,0],[84.01683007362425,26.447554214367493,0],[83.99126062315354,26.432238726052752,0],[83.90801985973849,26.447088965186875,0],[83.90808546701481,26.519077139320082,0],[83.94035675745069,26.52524244916247,0],[83.97082509389017,26.50750952626374,0],[83.97612878079164,26.533512603584693,0],[84.00831942897537,26.521941245155034,0],[84.04811966459155,26.5364035998162,0],[84.08908699800759,26.603023055784195,0],[84.08649905612126,26.63914202059546,0],[84.15869925089524,26.636202387971775,0],[84.16029358467131,26.6245051536337,0],[84.28132126629956,26.59959983827678,0],[84.30726715965078,26.61632277243496,0],[84.41970873465334,26.626814967241426,0],[84.41041076794224,26.6702488561367,0],[84.33005561873544,26.6840998536897,0],[84.30586519369588,26.749487853481437,0],[84.25542018337671,26.72662151683988,0],[84.24066899739367,26.738723282858682,0],[84.23257636573442,26.753666903369155,0],[84.25998401685375,26.805027021353826,0],[84.2540945929116,26.85659437395596,0],[84.21948570560787,26.871599484888733,0],[84.16609560729344,26.83376885432436,0],[84.14060834483864,26.85265250460352,0],[84.14640824382806,26.885424402325878,0],[84.11041497671997,26.898598780904198,0],[84.0981361030826,26.875937464278184,0],[84.06026753949146,26.88810318510917,0],[84.05997178175457,26.92018915043513,0],[84.03213565105476,26.941184941197125,0],[84.05483385147583,26.960062575445757,0],[84.04576004166827,26.98223869331807,0],[84.05669918836286,26.989662082796983,0],[84.03730885295437,27.00907735384744,0],[84.0495030849367,27.04327120718558,0],[84.00006266670218,27.06858714602005,0],[84.03033739992004,27.097630435474446,0],[83.94647118202782,27.09082220647715,0],[83.95906417642917,27.136878290853968,0],[83.99418363865205,27.17517232807599,0],[83.97018386659569,27.22399202472086,0],[83.90507203172633,27.257615796907114,0],[83.93247040576557,27.311389006217833,0],[83.91663225422076,27.32653662592413,0],[83.87144003374205,27.307242324508294,0],[83.83657194363403,27.322215097809693,0],[83.86234098838838,27.335684677588077,0],[83.8832502182102,27.374238146362234,0],[83.83311248167084,27.425082514428166,0],[83.84725916708793,27.44563630836142,0],[83.87549305422385,27.435389511000324,0],[83.93347595222589,27.450471187610944,0],[84.02692714474561,27.43354075526184,0],[84.09483785602237,27.48901914261985,0],[84.09769672753654,27.51709274791906,0],[84.14585675180018,27.518657655552992,0],[84.14912963129507,27.48590832895061,0],[84.20542497028502,27.470427081946998,0],[84.2089274263109,27.442600146299736,0],[84.2542609560584,27.45404975220822,0],[84.29238247421712,27.384811550793454,0],[84.6218932193654,27.336927334565228,0],[84.69114438087009,27.21482197120663,0],[84.67449035242664,27.095905735602194,0],[84.64615993451876,27.07564708740651,0],[84.64339421079373,27.04614447120763,0],[84.75674021827162,27.00284599531902,0],[84.77342089235948,27.01773611966224,0],[84.79356053279638,26.995838222961996,0],[84.82540156344697,27.020913246895997,0],[84.89157572619946,26.969675146739238,0],[84.96257975998962,26.960526502695927,0],[84.97850816603719,26.940086030212573,0],[84.96806383852419,26.916144636941258,0],[85.06119730736587,26.886585247537056,0],[85.03085823301174,26.874363944196613,0],[85.02397020486436,26.85437725390348,0],[85.19084225550294,26.869824437250294,0],[85.17673592874776,26.809622470605532,0],[85.21262061005537,26.75799784345187,0],[85.33451094275145,26.74166787743605,0],[85.40773796458694,26.79134586293128,0],[85.45456231214159,26.781784149848114,0],[85.5659833374418,26.84110222520871,0],[85.57555745810043,26.86099254530407,0],[85.58566484995477,26.8473587728455,0],[85.6345541791923,26.872211662641313,0],[85.64242295038622,26.853269073397808,0],[85.7211305851416,26.820357631079727,0],[85.7344790493305,26.79587249704305,0],[85.7233190491067,26.69982273393149,0],[85.73417979810395,26.650760453836448,0],[85.80176817743953,26.624270415711653,0],[85.81773942217674,26.602799665855898,0],[85.85125989889718,26.60867733699616,0],[85.8514192825572,26.56849001151432,0],[85.92910351958983,26.61681499407308,0],[85.94817938092899,26.61396195480825,0],[85.96012208774725,26.65101083212185,0],[86.02758034153383,26.666787180258,0],[86.13876408326746,26.628848759763255,0],[86.13633011212357,26.60633577158942,0],[86.19224048045946,26.61484125925716,0],[86.19629974118166,26.593943285183435,0],[86.21767685060182,26.588479756290802,0],[86.25268757805391,26.617108084126542,0],[86.33289028587522,26.619137374109417,0],[86.49863400811236,26.542096239070712,0],[86.54154944278461,26.53872262923092,0],[86.57025070193009,26.496563180053943,0],[86.69322533025252,26.451198207395322,0],[86.73139799009145,26.42261631369828,0],[86.7664964880583,26.459440822751425,0],[86.83376935323756,26.439098169881387,0],[86.89423019339637,26.46192695771567,0],[86.89167627345898,26.48618895605604,0],[86.92999453136157,26.489684066124504,0],[86.93215913075862,26.516954037688766,0],[87.01535972751554,26.532043804658603,0],[87.04467403985063,26.587234076265315,0],[87.07182249393841,26.585813894207266,0],[87.09165094385638,26.450292247606843,0],[87.16256152219992,26.403895255978345,0],[87.26105184680537,26.409269915742918,0],[87.26601523477706,26.373875004665386,0],[87.31253370418635,26.371568726580836,0],[87.34109251312596,26.34751915550797,0],[87.3584054885574,26.36105398706223,0],[87.36889286571018,26.407937655422998,0],[87.46377165528585,26.43950923972546,0],[87.5477041906464,26.418374857513424,0],[87.61040446388827,26.3807774641456,0],[87.65187737495503,26.39342487739692,0],[87.65020261367809,26.40595727986593,0],[87.6781278538007,26.415834722308638,0],[87.67755794619684,26.435456095625636,0],[87.73393997266201,26.40761062066878,0],[87.76475988038332,26.409882142203625,0],[87.78951460990098,26.469431276053854,0],[87.84882840620607,26.43646348449021,0],[87.88829370576025,26.486759761275916,0],[87.90980831623237,26.45756321555747,0],[87.8987393851946,26.448709595485532,0],[87.92514272501302,26.444838657248194,0],[87.92694196073603,26.417801203738687,0],[87.99191961400199,26.392562878986432,0],[87.9953524952348,26.366007743301996,0],[88.03050431003268,26.364922205816505,0],[88.03449892762075,26.391910395329734,0],[88.09597868152096,26.439987627649888,0],[88.09208430841738,26.463307454501802,0],[88.10697808624961,26.475742492109788,0],[88.09024129283249,26.507252548123397,0],[88.09807437035019,26.537948272801653,0],[88.1300529453401,26.51602452692906,0],[88.17939290604114,26.548254210884384,0],[88.21161029023239,26.53994401267999,0],[88.21095328495439,26.560919986699652,0],[88.22602905010697,26.5562078461112,0],[88.22968332005162,26.535044710210823,0],[88.17988661642208,26.487643107549065,0],[88.2107335843648,26.47309233084901,0],[88.22436018203436,26.481946823718964,0],[88.20982311203487,26.46922530131746,0],[88.2695789371636,26.4204451908602,0],[88.22793765024967,26.392747390616698,0],[88.2322150351793,26.379598202671588,0],[88.27626499187122,26.379437935540427,0],[88.29353284340466,26.350818012862383,0],[88.27890857142437,26.349393877957706,0],[88.27469311964978,26.328571006397407,0],[88.24725272549558,26.328120852003693,0],[88.2106317664722,26.27779141099731,0],[88.14439787907277,26.252241173919245,0],[88.13981542681329,26.227195002116513,0],[88.1144164306403,26.223724623733865,0],[88.07184826187785,26.174202393055413,0],[88.03723404870917,26.178707170307277,0],[87.99987941693946,26.13839577042552,0],[87.9920707408005,26.150960416712373,0],[87.9749021929444,26.14337381446747,0],[87.9813969992067,26.126057111275113,0],[87.96927149035363,26.11762150699497,0],[87.98680325079243,26.10140716754734,0],[87.9636054714341,26.094626262674115,0],[87.98562162130627,26.0776601765277,0],[87.95291250859452,26.076467197256562,0],[87.94550210346834,26.060760797194057,0],[87.92804842596966,26.083067347355833,0],[87.85592510424706,26.03597630538007,0],[87.83843384014106,25.931493138455203,0],[87.8073741504688,25.929852350095878,0],[87.82982778646854,25.87064800988606,0],[87.91469022497067,25.85394686051361,0],[87.88803704733124,25.83066304275285,0],[87.91588479254492,25.816396237206757,0],[87.89945775585308,25.807486036382027,0],[87.9041711338723,25.77113067805008,0],[87.93797262299513,25.773932151368225,0],[87.96570106496777,25.72562045284583,0],[87.99885480059655,25.721903592365962,0],[88.02064558180682,25.695864355716306,0],[88.04865012807312,25.69708705671255,0],[88.0481652854511,25.64622125840106,0],[88.0368009346537,25.64164268821728,0],[88.05526082677088,25.637820995545546,0],[88.02026488362239,25.59114943140123,0],[88.03851174990201,25.569397831947086,0],[88.02582143972738,25.558855295949343,0],[88.03727572102815,25.53832216545681,0],[88.07653494506872,25.508096164032022,0],[88.07338014323051,25.48431189626907,0],[88.0302772692147,25.491537965140733,0],[88.0135212601045,25.51121152751021,0],[87.99577532544426,25.49954454525832,0],[87.99379856556047,25.52241261401872,0],[87.96333390042187,25.539535239937244,0],[87.92772244546474,25.537196092219325,0],[87.90276169091618,25.505324179873593,0],[87.88437067433226,25.52057280433548,0],[87.8693070199995,25.468996512913748,0],[87.83934606656096,25.467841084449226,0],[87.82478098850383,25.43794830353405,0],[87.78725760929142,25.450401146638274,0],[87.77519226541902,25.40890971501843,0],[87.76451315362964,25.413776591142753,0],[87.76587601243497,25.385270258536213,0],[87.79231199642578,25.373548007766818,0],[87.79596012503521,25.326202871182236,0],[87.86142963387444,25.281422197867094,0],[87.8552684397532,25.255269605139183,0],[87.82730342936068,25.23528863084995,0],[87.76718006379298,25.26097656437971,0],[87.71134097817486,25.257643853843117,0],[87.69208287298895,25.31153271874489,0],[87.6119681768586,25.312657698609666,0],[87.58409977493176,25.331438121708175,0],[87.58389011741046,25.349180935518255,0],[87.55169337612233,25.33249974866534,0],[87.54271917113961,25.28094088905847,0],[87.493707200792,25.30751039800863,0],[87.48610082541167,25.29726589821589,0],[87.50048859561183,25.25979220663908,0],[87.47640446106253,25.237849588205215,0],[87.47780695397883,25.19414305204148,0],[87.40098089600663,25.22690486875179,0],[87.37151634347909,25.20624818598645,0],[87.3272895293944,25.22361800745678,0],[87.29540211217993,25.08853698281216,0],[87.25033963510587,25.105734797906404,0],[87.23740061078249,25.085841348284713,0],[87.21428771998086,25.09122988687694,0],[87.14622745337658,25.020006823845414,0],[87.14235860129426,24.91372321290807,0],[87.1555469876337,24.885017580105036,0],[87.14258864136967,24.860599694430757,0],[87.10612206985084,24.855056504542006,0],[87.0743359427382,24.81985441604585,0],[87.09574041547683,24.80271643935436,0],[87.06963578495873,24.74555999982097,0],[87.08073834650565,24.729065253626878,0],[87.05406950390105,24.669339867835745,0],[87.05063763061203,24.608783057723468,0],[87.02304643040456,24.61570491571296,0],[87.02126731512105,24.629462301745086,0],[86.99609930116677,24.620105719202552,0],[86.97758317207483,24.639565711321183,0],[86.95278603875326,24.631473407790374,0],[86.9581992832648,24.64759447730344,0],[86.93759059787838,24.650167547036077,0],[86.94493648071202,24.635828814464126,0],[86.90732234866911,24.588160044522642,0],[86.91457963649147,24.542205452122992,0],[86.88050577376677,24.572192817797884,0],[86.85684003474599,24.554884984276445,0],[86.84264591425543,24.574225273144968,0],[86.80314946223376,24.57032498052568,0],[86.81123738812992,24.59827238881532,0],[86.78900939591219,24.618694222056615,0],[86.75399254854109,24.621297293853257,0],[86.7346880073108,24.579490408906256,0],[86.67023950284879,24.56487827884242,0],[86.60329342390158,24.608380535231884,0],[86.55232157536011,24.53597303354874,0],[86.52935765896686,24.54028473156813,0],[86.50956595993657,24.52219203837092,0],[86.48673137414443,24.464139778751967,0],[86.491279299526,24.428081161762897,0],[86.46649652522119,24.423861938758147,0],[86.4671265521049,24.381073598024795,0],[86.4445350157927,24.36781635015608,0],[86.41213435652887,24.380966647842317,0],[86.34990046173856,24.44738718199251,0],[86.31737720670456,24.44151899939298,0],[86.27601088476935,24.46579896371715,0],[86.30897872218907,24.509763372003714,0],[86.3008403750574,24.560116591040792,0],[86.32320509791245,24.586792081803598,0],[86.25921453736929,24.578671770086245,0],[86.21429898500713,24.613790842551342,0],[86.21445076902197,24.594928388296427,0],[86.18047912163433,24.58367889913,0],[86.1253172484617,24.611484079042697,0],[86.11522185038582,24.64394536220506,0],[86.12835519555439,24.69864740066918,0],[86.09073087312358,24.745997933269162,0],[86.03709077628085,24.74112648103091,0],[86.05510484475587,24.779692606815974,0],[85.94439669568949,24.733570151007427,0],[85.86723357175694,24.804246739668166,0],[85.77828074734562,24.796627712535116,0],[85.73673046234538,24.821060491738656,0],[85.7073595338793,24.779759381463684,0],[85.70825813163586,24.72590921197156,0],[85.68200049898724,24.691919323179736,0],[85.6492139144722,24.684765987372057,0],[85.67619845656395,24.616624810515287,0],[85.6689853599725,24.579956239352715,0],[85.61472677004501,24.580744107846638,0],[85.58076745111262,24.600680986024347,0],[85.56599843197024,24.587254183300594,0],[85.57177105655751,24.561819945245837,0],[85.54074086511713,24.56271913670197,0],[85.54077648070975,24.53051028404202,0],[85.52396281081835,24.521270690007945,0],[85.49153790528366,24.54812689383421,0],[85.43462715010426,24.52852398141056,0],[85.384353389734,24.55549329754978,0],[85.37091984750067,24.553520057321073,0]]]]},"id":5},{"type":"Feature","properties":{"state":"CHANDIGARH","id":6},"geometry":{"type":"Polygon","coordinates":[[[76.77233453315777,30.79414030764548,0],[76.78347686351667,30.77056763037061,0],[76.81864587455443,30.777905569369,0],[76.8053722114887,30.764973637519887,0],[76.83579758266617,30.75580838570634,0],[76.83150076069369,30.73951124638686,0],[76.84822366306437,30.730296269558092,0],[76.83188819504363,30.683230246355254,0],[76.80876356319632,30.667315671444754,0],[76.73931908024359,30.692855632898624,0],[76.73109691246191,30.723557735204988,0],[76.7051833708694,30.742919864313272,0],[76.71075922860459,30.760976358664635,0],[76.77233453315777,30.79414030764548,0]]]},"id":6},{"type":"Feature","properties":{"state":"CHHATTISGARH","id":7},"geometry":{"type":"Polygon","coordinates":[[[81.90044875070838,18.66015641696231,0],[81.89459030208776,18.629539440193813,0],[81.96364109146617,18.59044306596727,0],[81.95057246133328,18.570022346000943,0],[81.91069073400624,18.57063481300735,0],[81.9090093739606,18.53806798989446,0],[81.86824775302404,18.5249210013223,0],[81.85620513742184,18.491401020257346,0],[81.76887429845782,18.417090708087088,0],[81.7500575446311,18.35274996627868,0],[81.65914045436038,18.346560835722503,0],[81.64966366625644,18.336904797137244,0],[81.66222894075541,18.32122610711175,0],[81.59759669607361,18.308908424120695,0],[81.52523930272004,18.257708123550408,0],[81.50700185452486,18.186197694514036,0],[81.52581548938238,18.153401809325473,0],[81.51285516655409,18.098687734272517,0],[81.48040560246186,18.050741363255277,0],[81.48294996835749,17.976815095744847,0],[81.44911419245364,17.931934675678114,0],[81.44463197483987,17.88575362275288,0],[81.39926798412954,17.891916740700378,0],[81.3925717930896,17.79416322152552,0],[81.35410973589829,17.812287101926973,0],[81.26626416304588,17.809522265656543,0],[81.1661344930637,17.85760038511392,0],[81.07357386293712,17.786621488908,0],[81.04661652947348,17.782307305833488,0],[81.00821903468517,17.799366257953643,0],[80.99834018405211,17.916786516629287,0],[80.94925722402765,18.082861606745087,0],[80.97902754653082,18.17541126121588,0],[80.9141701720334,18.141170465477643,0],[80.86666955439968,18.136923397134076,0],[80.8529119955465,18.202001142131092,0],[80.87260795213588,18.21057653617177,0],[80.86593731279108,18.23012786492849,0],[80.8367245819605,18.238919784843134,0],[80.82359192901353,18.23607533138575,0],[80.82406828294421,18.191036339338154,0],[80.7991133319852,18.168169757577555,0],[80.74496541049406,18.170327356147876,0],[80.73720230669439,18.222092916493423,0],[80.79415183525853,18.259628720082045,0],[80.7487237365308,18.30892473044404,0],[80.71967596781684,18.390795118085222,0],[80.73487357466934,18.412840512945156,0],[80.69895283355478,18.421430397014102,0],[80.70531358640167,18.439862022339508,0],[80.65530846550007,18.475862599326593,0],[80.63756920797555,18.522529296051637,0],[80.53450809609802,18.58835321402738,0],[80.51466073815516,18.61933249968212,0],[80.45612350077728,18.62935807744722,0],[80.38845240241348,18.59665664293464,0],[80.37515916018843,18.610656212139595,0],[80.34630356670431,18.595281792508928,0],[80.3007162275405,18.692141880018763,0],[80.2447505348414,18.756607444205383,0],[80.35274143814175,18.81898455541366,0],[80.33524481147346,18.868647891568163,0],[80.27087806768269,18.938475954730976,0],[80.27297737442144,18.991435520717864,0],[80.30312681174104,19.022163321197155,0],[80.29733916399307,19.049005896082278,0],[80.32966769499215,19.070106706981672,0],[80.33307893589742,19.1455238271373,0],[80.39384487509528,19.187797578444638,0],[80.39359000228062,19.245009633267504,0],[80.44602564267637,19.264170938009258,0],[80.48249795577021,19.338135832320763,0],[80.5203309408016,19.347769551474713,0],[80.57307372189652,19.402460035493682,0],[80.61254345357516,19.309518026669128,0],[80.679896851893,19.33033204983032,0],[80.68969921079497,19.28697519023797,0],[80.75573135570976,19.28927290101598,0],[80.8528526517039,19.363899946695728,0],[80.81733060236148,19.383906793601103,0],[80.79584983392697,19.432264823966765,0],[80.87363088757478,19.444987958813602,0],[80.89768431780948,19.480448720620625,0],[80.89496487541075,19.519624789724904,0],[80.85620742875925,19.523002786241857,0],[80.83559325819976,19.5663568345465,0],[80.77510887803207,19.562511916797977,0],[80.76942828401965,19.586669707333517,0],[80.74084593418999,19.606230873889707,0],[80.66533209762612,19.611879169265933,0],[80.67221626208278,19.700715940620732,0],[80.55260700537377,19.765560511032252,0],[80.54630216415211,19.81826573197276,0],[80.4805812827771,19.82750578829981,0],[80.46887768027254,19.81044672062401,0],[80.48496794074221,19.802477227406523,0],[80.48902896917731,19.770410388031983,0],[80.4642583274534,19.795775050975628,0],[80.40169821632963,19.79620072389034,0],[80.40162425721275,19.817037980545873,0],[80.44072110154723,19.810333799891836,0],[80.5058245093918,19.870649757059176,0],[80.49142656835075,19.902013327907618,0],[80.41388306566395,19.907451130849967,0],[80.41125275860638,19.9384938630906,0],[80.45215558922338,19.957604015842804,0],[80.48874716895779,19.930607351122454,0],[80.52989443581009,19.93946732425481,0],[80.54960050252117,19.985971461817243,0],[80.55681165986876,20.071876717113227,0],[80.54400295547912,20.095637392992174,0],[80.5520724749412,20.117961538914848,0],[80.50559450426901,20.14443918517915,0],[80.46014674568589,20.150938195403008,0],[80.43337848083753,20.13533031539239,0],[80.40181765192884,20.147244315818355,0],[80.38853832404634,20.165198980219163,0],[80.42205125630716,20.20679901962791,0],[80.39525946613657,20.245009003661657,0],[80.47913201765279,20.27829662831471,0],[80.51881702577215,20.266166897659147,0],[80.54957593028541,20.308957888233998,0],[80.6263521064593,20.33262641578114,0],[80.59148151013295,20.393070755680757,0],[80.61364196352739,20.43498095119315,0],[80.60217419130727,20.449960607198268,0],[80.62658501194194,20.563812391995093,0],[80.61734825864086,20.58575241044848,0],[80.63186155062434,20.59840242053759,0],[80.58076740500539,20.608364461892954,0],[80.52092818149879,20.58047810752786,0],[80.50441383583683,20.583353382641018,0],[80.49414946109,20.612504166010037,0],[80.49565009105858,20.63684840290923,0],[80.51792679271493,20.65506227156714,0],[80.58765153692248,20.68469974346153,0],[80.55166346252648,20.764034516141653,0],[80.56181318949841,20.824365512978396,0],[80.5460578415614,20.935013082240957,0],[80.46369587053273,20.929198561200447,0],[80.44377248216182,20.99404069691414,0],[80.42426268267376,21.00850269538485,0],[80.45264425358053,21.03883077777869,0],[80.43914724698179,21.096560304105385,0],[80.45811761817075,21.114868953760073,0],[80.44471246150141,21.121960574305778,0],[80.46426127153444,21.175027647605955,0],[80.61378246066872,21.226566247900106,0],[80.67956783984067,21.29883696359189,0],[80.66004516400437,21.334084086549446,0],[80.73775356361922,21.473124205145208,0],[80.72759980947414,21.496197469652763,0],[80.74078155873981,21.539225949105532,0],[80.71999402644758,21.554995456597766,0],[80.7289144698321,21.57257495044133,0],[80.71535574531714,21.585049983046314,0],[80.73094601988677,21.617347652946478,0],[80.71438732483836,21.661549916313984,0],[80.7341365299322,21.694506808456545,0],[80.72614265479172,21.713665667236143,0],[80.75599153847752,21.762064987397288,0],[80.78543263612785,21.740307930865043,0],[80.81973916284048,21.74802319224053,0],[80.85330934989855,21.872571187837288,0],[80.83205265828337,21.890351531127855,0],[80.84769648494586,21.93253314797548,0],[80.82549437998473,21.958420626509433,0],[80.8526730284238,21.957307404128137,0],[80.90793415011044,22.10957297912681,0],[80.94757748148929,22.11826585502565,0],[80.97166282452406,22.083046243108864,0],[80.9694028941329,22.05799117778559,0],[80.99439090387922,22.049241830865217,0],[81.00620484586396,22.06320737754508,0],[81.01133339869804,22.095568943050303,0],[80.97814332309828,22.120105166895673,0],[81.02191295981439,22.1327290327606,0],[81.01665778440949,22.185529098944357,0],[81.03163980577153,22.1996535250688,0],[81.01946268977437,22.221184534476926,0],[81.05006141547696,22.24455051176909,0],[81.07954900373171,22.2393777339564,0],[81.11871815567547,22.291260469353148,0],[81.12121091768351,22.342595518216815,0],[81.10366308435627,22.383367561311445,0],[81.11116413702412,22.43757446554922,0],[81.15511525167287,22.454914618851486,0],[81.17269230702622,22.487908501006846,0],[81.19766649631863,22.48956657437754,0],[81.19946172206924,22.4630331231257,0],[81.23219093418734,22.452155025030702,0],[81.28126928606466,22.50295418717299,0],[81.31372802701082,22.48292119737199,0],[81.326526697481,22.526144135731524,0],[81.38205529093754,22.509818347539365,0],[81.39005988771852,22.452264226508714,0],[81.40670443177751,22.44095099978641,0],[81.42869941274219,22.456888538784625,0],[81.42783864177095,22.47981280584863,0],[81.44736781248157,22.465875592554678,0],[81.45892735569423,22.469292522783675,0],[81.44661681608477,22.469763568870345,0],[81.44260620674747,22.49435086267664,0],[81.4847101406123,22.487830130616043,0],[81.5222305443611,22.53901248236176,0],[81.5700330704822,22.532271912228236,0],[81.5695494138099,22.550729952120136,0],[81.6219425052653,22.538015470632775,0],[81.62902523481897,22.563359328490638,0],[81.65993153746011,22.569455511826387,0],[81.64725446935984,22.61326420309421,0],[81.68331539833586,22.6469066061059,0],[81.71314025080147,22.648089414928673,0],[81.73952840251431,22.675086792869777,0],[81.75262783756897,22.644486516390565,0],[81.77237068373425,22.66820605003616,0],[81.7535927771665,22.72851593886871,0],[81.79439169692454,22.766459904262856,0],[81.76134521366109,22.830287265260704,0],[81.77568307994493,22.874436759584867,0],[81.86162662557311,22.88926100224738,0],[81.86611398771954,22.915810572334415,0],[81.87824026767179,22.909808621259593,0],[81.94630761941882,22.956778674612465,0],[81.95048143348436,22.98292693105478,0],[81.92150179437047,23.0408140082704,0],[81.94225115598631,23.078964985013123,0],[82.03418861820627,23.080047387853114,0],[82.07222470639098,23.118324681335242,0],[82.1222494637722,23.10380144953448,0],[82.16135979397349,23.143114777773135,0],[82.1609190511669,23.16205221014546,0],[82.14435242486744,23.165648138545862,0],[82.14527449706348,23.226715312266514,0],[82.19338085047617,23.277965060878397,0],[82.19396188320965,23.323843596390656,0],[82.1457482681183,23.36117989902784,0],[82.11713741414937,23.355460475014425,0],[82.10341256016018,23.39823569976262,0],[82.06406244356708,23.3929382297105,0],[82.05600389540089,23.376784265252855,0],[82.02189803733722,23.387322009241903,0],[82.0254753363586,23.424881101296297,0],[81.98533428854093,23.41449499639181,0],[81.98040452790482,23.447040443894018,0],[81.95499260400899,23.467170366596292,0],[81.95791100306356,23.500702052910455,0],[81.92328617735042,23.53265940500406,0],[81.83642511391199,23.510907770088295,0],[81.82068932606106,23.515242031996088,0],[81.80906941758363,23.549341284030838,0],[81.75826188020604,23.54987144259507,0],[81.74663713763223,23.569797052512854,0],[81.6996447211248,23.522016788074154,0],[81.65891135999304,23.52899724811294,0],[81.65816506626845,23.504907531587502,0],[81.63727595556429,23.49036446484159,0],[81.61231905381726,23.510212219247354,0],[81.61031649782944,23.555083047258055,0],[81.58402119026897,23.55357599695271,0],[81.57668454332381,23.585344486404946,0],[81.61196901360074,23.59525292041494,0],[81.61456519245442,23.662917866452624,0],[81.65517241715102,23.66313632793084,0],[81.65554932418864,23.682016202444142,0],[81.68407813419375,23.69091960333211,0],[81.6959093193307,23.721320124598865,0],[81.68184924698656,23.75330291944585,0],[81.64466174915195,23.770126102757068,0],[81.65144667857375,23.79905530349077,0],[81.63583598091292,23.83451306175627,0],[81.61322974980055,23.834477509279605,0],[81.60318182034116,23.853710106154587,0],[81.62220707116632,23.870238577263805,0],[81.60423502012699,23.881751794880653,0],[81.6090176134367,23.90320482441384,0],[81.66858229058012,23.924962301793784,0],[81.69043700343194,23.88476313639171,0],[81.70731007403568,23.88235920882768,0],[81.7074906390912,23.861132461083333,0],[81.7319777512663,23.856677880842984,0],[81.72547385680372,23.839824049411,0],[81.79111850733847,23.809346809852265,0],[81.88815751215019,23.835548187840217,0],[81.92893105060091,23.870720453429456,0],[81.957799329187,23.85228404788687,0],[82.00881316613597,23.861078450550398,0],[82.04418049393256,23.841648882203025,0],[82.03841595039401,23.826840528852546,0],[82.05358100748123,23.818375168739987,0],[82.17146241060084,23.818240098372932,0],[82.21178319712426,23.852004937416023,0],[82.20631246427206,23.827411161024063,0],[82.23181318565996,23.805314230661214,0],[82.2606106970382,23.82124053651222,0],[82.33465645007573,23.802546796147848,0],[82.46925805857082,23.81105971232502,0],[82.4974035687983,23.78490092348227,0],[82.52446212040664,23.783741282277234,0],[82.55147454451293,23.790641035761297,0],[82.53307438113596,23.822146916393223,0],[82.58861972421055,23.82143848356804,0],[82.66046585021117,23.855143534622613,0],[82.66844776755792,23.87179080114404,0],[82.65105837821588,23.88947790067476,0],[82.66159014356658,23.90764183581539,0],[82.70350635333716,23.92448739732367,0],[82.75238378964744,23.919789756809912,0],[82.80100484011194,23.960962545860813,0],[82.83698682146085,23.956804337199703,0],[82.94787941110643,23.871422313590646,0],[83.08188900738091,23.870459634561293,0],[83.1414830017781,23.884919680561932,0],[83.15947617952507,23.907384917288624,0],[83.20791857721485,23.92139482254237,0],[83.22361047821526,23.986647835137447,0],[83.2425857300723,24.01158571609744,0],[83.2791097714292,24.018274686814927,0],[83.28211253910861,24.049734209183423,0],[83.32145122484168,24.106016878657982,0],[83.38828911171429,24.09996152623933,0],[83.40664417601867,24.080444210124597,0],[83.43224736115683,24.085980821867246,0],[83.45288940827642,24.041990406693813,0],[83.51616514603622,24.026726027772963,0],[83.51530315648289,23.980689428740988,0],[83.54739020525822,23.937544848361725,0],[83.55344413993336,23.89806817605212,0],[83.58575792235818,23.886402682429097,0],[83.57119005339577,23.862135442454406,0],[83.65949413244459,23.84926345502196,0],[83.66449076423169,23.827655477161034,0],[83.70534703293572,23.820757313535104,0],[83.7460679655416,23.719494894582745,0],[83.72285964863873,23.685864698459326,0],[83.76112381013245,23.651463045087944,0],[83.75191928699063,23.63866555079924,0],[83.77248174411979,23.610898298690472,0],[83.80722347019633,23.587471075577632,0],[83.93769377699134,23.568992070066912,0],[83.93190612990315,23.620413472573105,0],[84.01659327570727,23.634378899507446,0],[84.0077051189798,23.62229590865664,0],[84.03005926051786,23.599995445885874,0],[84.02805603737333,23.545601910743038,0],[84.01464892721525,23.50349838205264,0],[83.97394312391843,23.4598518507375,0],[83.98576242447913,23.42583008323195,0],[83.96700240896327,23.38758452927531,0],[84.00480351154866,23.354009398534885,0],[84.02386153762748,23.376503266343263,0],[84.05083711369404,23.374768451699627,0],[84.07482053371179,23.33312168796844,0],[84.05373419221226,23.24729889855726,0],[84.06316626809011,23.20564955637058,0],[84.03239425976865,23.160484848664375,0],[84.03746900682543,23.139878618468938,0],[84.06640329977633,23.110667936943678,0],[84.09317095544091,23.112781396058676,0],[84.13346048910628,23.083089703932675,0],[84.12554954301595,23.036478171878507,0],[84.14924842193152,22.965673887225705,0],[84.17551352045558,22.976008880388743,0],[84.18580180149404,23.02709172047288,0],[84.21917568195389,22.97913081312749,0],[84.25302502320447,22.97292694564976,0],[84.2778223580129,22.99336938730634,0],[84.28415824516799,22.96339055001668,0],[84.32810688042198,22.981900754584103,0],[84.37289552587846,22.97837587085821,0],[84.3948528867546,22.923151523677436,0],[84.37627371113035,22.907576542043827,0],[84.37260075196123,22.86532229972567,0],[84.3242192678753,22.850942301328182,0],[84.315098033781,22.800652883971765,0],[84.28935948227172,22.7661171455844,0],[84.25964540973487,22.766987235511092,0],[84.23126524676225,22.73996172782459,0],[84.23820264223217,22.691454318423744,0],[84.2241214229085,22.669887393962743,0],[84.15246752978496,22.636800602151588,0],[84.08401621004275,22.638116449364347,0],[84.05412571898195,22.59810720391169,0],[84.00950540988352,22.573048560678433,0],[84.01232771156086,22.527527080928405,0],[83.97466071105382,22.511886037450136,0],[84.04724716200273,22.469220904201585,0],[84.0472466801273,22.438233060304494,0],[84.0102922602893,22.371584391509966,0],[83.92328379687828,22.35841017739107,0],[83.89033477458995,22.3365451371269,0],[83.86426388680158,22.34327541093813,0],[83.75775083364562,22.240339452732282,0],[83.70394559992256,22.24671461579718,0],[83.64951278372942,22.223340377742627,0],[83.5643489288945,22.105995024889157,0],[83.60647507703503,22.066687882430845,0],[83.5867088488486,22.048731164523286,0],[83.54373830906353,22.05696861277314,0],[83.5368078781736,22.027584227542754,0],[83.55615170878977,22.007817512350528,0],[83.53780635267081,21.969382326338437,0],[83.56169152678368,21.948009027415807,0],[83.55672077959477,21.93534507792907,0],[83.60576343337736,21.914543743497724,0],[83.57421175138684,21.87510833912753,0],[83.59088754319835,21.851101343224823,0],[83.57691308967571,21.8312995416072,0],[83.53187111609063,21.83095898974431,0],[83.54104463984854,21.799313650005168,0],[83.49290607056416,21.818366355317686,0],[83.46939424252064,21.787561998980053,0],[83.48931519702656,21.745392932386135,0],[83.45947709098171,21.6985509462502,0],[83.43164652862582,21.69990517437011,0],[83.41869341273335,21.68065386695479,0],[83.48961200158388,21.631464725201987,0],[83.45610775068523,21.609996053429786,0],[83.44264908733606,21.655406799290784,0],[83.38268482587719,21.620129854860483,0],[83.36497339446953,21.57607584271532,0],[83.37316219440788,21.558162378991423,0],[83.33788256102008,21.502100216925733,0],[83.35437149244257,21.448070517218465,0],[83.39892706808881,21.405342658153014,0],[83.40674682367887,21.35142459451503,0],[83.37888191491398,21.34455299038382,0],[83.28405059472334,21.380327896326573,0],[83.2687283608666,21.37858990444717,0],[83.2573441629311,21.320499442870272,0],[83.27926942887699,21.29495571551268,0],[83.27130469134624,21.272939630349843,0],[83.25059078746575,21.282383384459948,0],[83.22295418741481,21.26576910626814,0],[83.19810382273357,21.145443394761156,0],[83.16691470805061,21.13878817647186,0],[83.13149174834173,21.105814831704283,0],[83.0778130877219,21.111949755416042,0],[83.01599705843522,21.146306639229486,0],[82.99039376661206,21.13980904234744,0],[83.00376430731522,21.166930463365123,0],[82.98056268807355,21.170026229277163,0],[82.98808507548526,21.182812135866886,0],[82.96555901006418,21.17533112376157,0],[82.96493439588878,21.19327494579778,0],[82.94384477018214,21.1778536587645,0],[82.94768330724939,21.16177841086889,0],[82.90210681563515,21.166993638481248,0],[82.88217633657855,21.148430397310797,0],[82.85088229799823,21.16863235817568,0],[82.793678623652,21.142545167869148,0],[82.7559068405186,21.166434290341194,0],[82.64061012927561,21.154874042718863,0],[82.64990559427721,21.106467732444894,0],[82.61198325923371,21.07469360181978,0],[82.62879176452984,21.03803584308497,0],[82.55914790718859,20.947937533535857,0],[82.48874282147642,20.909402061862583,0],[82.48668141108163,20.861646426135838,0],[82.46448544168196,20.82899598494649,0],[82.41995469741484,20.8315616622417,0],[82.40544822230781,20.870187684477116,0],[82.36460831112832,20.870671890486395,0],[82.35119265678186,20.889740414930316,0],[82.34171494447712,20.767757147999248,0],[82.37649747826909,20.632410243254636,0],[82.33223444598482,20.561906500767456,0],[82.3576491496275,20.52932593886084,0],[82.38969901346097,20.517603215066195,0],[82.39605870888663,20.459571090321354,0],[82.41763350414352,20.48174238620867,0],[82.4378622198404,20.434391195957087,0],[82.4003790517961,20.34158105634781,0],[82.43781113152076,20.294407652559865,0],[82.41234151205421,20.267042313778127,0],[82.4206182710428,20.204918673319444,0],[82.38579773234306,20.146436516043348,0],[82.39829194301646,20.05817887383084,0],[82.50911247461609,20.018162852223004,0],[82.55010864393824,20.01777251842337,0],[82.5957325430794,19.991570645530764,0],[82.64150663558492,20.006713285792088,0],[82.71544687983456,19.99592670755142,0],[82.7074082020069,19.902040928168187,0],[82.72458445807904,19.875537677861146,0],[82.70555240428726,19.83302310648057,0],[82.65215916311675,19.832165858131138,0],[82.62712747704049,19.793657973855225,0],[82.59181283387078,19.775862726751786,0],[82.57578795366426,19.833394533901085,0],[82.59712711315,19.872692914398446,0],[82.53141886661203,19.87823886416558,0],[82.49733859874094,19.90413039971828,0],[82.44599099610156,19.91019177180674,0],[82.39487055378942,19.888015077000357,0],[82.34395275820133,19.8350890100649,0],[82.303119820727,19.88938556208576,0],[82.26916945773472,19.975261214469402,0],[82.23712351275026,20.003327552565402,0],[82.18425371438904,19.98418972297248,0],[82.17123489684434,20.00551089421322,0],[82.12678599517915,20.014796341091497,0],[82.07046935405576,20.056947942344088,0],[82.03256137736143,20.01572088221285,0],[82.01767639095236,20.04900191165907,0],[81.99534483926215,20.05356630111373,0],[81.94638149203168,20.1051332186225,0],[81.89528017404585,20.048237802830883,0],[81.87597586757963,20.05206211384569,0],[81.84527524331635,19.959532866722437,0],[81.85315559850376,19.918477976620714,0],[81.96813140849984,19.859894903134865,0],[81.98594945058946,19.80108930929101,0],[82.0655475071214,19.790657880051775,0],[82.04475059567466,19.708877122904305,0],[82.05901786181074,19.62817540357444,0],[82.0398829491962,19.59763613998313,0],[82.05071011235268,19.548818793089662,0],[82.02908189220638,19.50774619269021,0],[82.10025490937774,19.516589230631123,0],[82.10282099163939,19.46610643384135,0],[82.12614156323973,19.429085723840377,0],[82.18944309735555,19.427529400665225,0],[82.17883479000417,19.379050751441245,0],[82.14773552608975,19.371818399734696,0],[82.14877795242475,19.352976212484748,0],[82.19412196961564,19.325935318875587,0],[82.15842558324954,19.26516728805482,0],[82.1617055685743,19.202245849276515,0],[82.18613948459969,19.166347501240317,0],[82.17017988653012,19.16115929925655,0],[82.1809319482412,19.15081653124091,0],[82.16609557912547,19.132699087304317,0],[82.17360518155357,19.118410569484297,0],[82.18246927800801,19.131690930463385,0],[82.20581606120865,19.124129833911745,0],[82.20491229370057,19.097140804872282,0],[82.2184151463142,19.097268750759866,0],[82.20225401730703,19.066638980750287,0],[82.2327611728763,19.0179369370662,0],[82.24605395935569,18.91911103638174,0],[82.17614642319131,18.902669453371523,0],[82.16041256127271,18.87891242056978,0],[82.16543542870907,18.798624737411856,0],[82.13349471309061,18.780445741712622,0],[82.13341761701322,18.76536420923178,0],[82.09157954672828,18.765730652777126,0],[82.08497455523302,18.71859313440971,0],[82.03092311190805,18.723787167853697,0],[81.97098466962085,18.698636979566047,0],[81.94894346547669,18.64370988848712,0],[81.90044875070838,18.66015641696231,0]]]},"id":7},{"type":"Feature","properties":{"state":"DADRA & NAGAR HAVELI & DAMAN & DIU","id":8},"geometry":{"type":"MultiPolygon","coordinates":[[[[73.09829775563871,20.358383665783997,0],[73.11125489564972,20.337772789019336,0],[73.10280663653641,20.30177649313453,0],[73.15078107373257,20.318339355440386,0],[73.16630416542282,20.287874188083077,0],[73.1458476413512,20.288581069825586,0],[73.09774470716108,20.229297558543678,0],[73.06364650360258,20.227758802067253,0],[73.04880485323949,20.200859165320527,0],[73.06023621747984,20.161894314306263,0],[73.0735800393101,20.155621157292593,0],[73.07928216793886,20.173239099195037,0],[73.11565911668511,20.152173150667146,0],[73.14187075696448,20.17736352509003,0],[73.13753463601003,20.207585318265185,0],[73.21772181670417,20.185927399509715,0],[73.1853826043063,20.155836699242897,0],[73.18699106101992,20.12944952330022,0],[73.21389880571846,20.118991547278558,0],[73.20952362916037,20.084999534171686,0],[73.18852901253595,20.078103154849885,0],[73.19092213539386,20.049592527130137,0],[73.13638508566457,20.08636710080325,0],[73.11198308521166,20.07117483812859,0],[73.10226259021304,20.091236962168356,0],[73.06369288800677,20.099586652864712,0],[73.05062324136628,20.063743640171673,0],[73.04020389126485,20.066433151236545,0],[73.0007380205226,20.112303459228315,0],[73.0132045254065,20.129560045245775,0],[72.99922155660495,20.14256610155294,0],[72.9918182689915,20.11769696241634,0],[72.97049909403873,20.115608900203718,0],[72.96595355901614,20.22487474332152,0],[72.91171493190154,20.27026068608263,0],[72.93570022963817,20.294623327393236,0],[72.97119254745706,20.269060524847347,0],[72.98117242489663,20.28926521554984,0],[73.01004604439328,20.29120889501594,0],[73.00615238396465,20.312797059298347,0],[73.03429242012467,20.291630363241804,0],[73.04174094765958,20.325988146212904,0],[73.07717279089788,20.323480550460015,0],[73.09829775563871,20.358383665783997,0]],[[72.97477530585296,20.2192688108176,0],[73.00831689514871,20.22895959598781,0],[72.98951201680454,20.238799610168453,0],[72.97477530585296,20.2192688108176,0]]],[[[72.96785048845936,20.33245495350059,0],[72.98256017225614,20.320359750480524,0],[72.97083809191508,20.29685937304364,0],[72.9527718284187,20.31401363262138,0],[72.96785048845936,20.33245495350059,0]]],[[[72.8462685542316,20.478029978364347,0],[72.88654674070291,20.462333963682852,0],[72.89532239809905,20.4443079121871,0],[72.87484325924929,20.445574858424145,0],[72.85725456563961,20.418923975860658,0],[72.90404537369345,20.414977031853542,0],[72.88275834859274,20.39784983289743,0],[72.89615265049633,20.379068890361495,0],[72.80460292475549,20.37227195037626,0],[72.825645916186,20.446401614144275,0],[72.8462685542316,20.478029978364347,0]]],[[[70.92625046338631,20.737272014013573,0],[70.98127595927538,20.722686139559766,0],[70.99948596735847,20.742228687292968,0],[71.00738100693107,20.737522569436482,0],[70.9769567613232,20.702803615573973,0],[70.87092710975682,20.70761770889609,0],[70.88047504136222,20.730103751790576,0],[70.92625046338631,20.737272014013573,0]]],[[[71.15526196193953,20.76105209222606,0],[71.1499137785433,20.759425602062507,0],[71.15132050947749,20.76387504348898,0],[71.15526196193953,20.76105209222606,0]]],[[[71.14639149260091,20.771343404289237,0],[71.14971720769374,20.76190114137234,0],[71.14801772000622,20.758254596130286,0],[71.14639149260091,20.771343404289237,0]]]]},"id":8},{"type":"Feature","properties":{"state":"DELHI","id":9},"geometry":{"type":"Polygon","coordinates":[[[77.24744689616477,28.48041478620798,0],[77.23292011088765,28.457912107575652,0],[77.249301986177,28.42417953746667,0],[77.1744831497835,28.40466759121842,0],[77.16229597478055,28.42893937429316,0],[77.123629407854,28.445455659782763,0],[77.11077756102489,28.471311989852925,0],[77.12073213166714,28.495940198226155,0],[77.09313203271634,28.51410127143355,0],[77.05894956666558,28.51264171815704,0],[77.00665308470721,28.541407168926405,0],[77.01022178247702,28.51434732362815,0],[76.88073797813907,28.505451723702866,0],[76.88712639771217,28.52057298231526,0],[76.84527220623465,28.550503250097183,0],[76.83953310721951,28.582792344190864,0],[76.86430941898814,28.585995922000247,0],[76.8883336061183,28.631955727304145,0],[76.93456956253571,28.618354408855588,0],[76.94299476280091,28.627997454699745,0],[76.92496433415464,28.650146274727035,0],[76.95379990651587,28.667721799529115,0],[76.96782998803621,28.69962869648221,0],[76.9481975178091,28.712987977121117,0],[76.96006046935466,28.732735878216406,0],[76.94449006221866,28.75407274137082,0],[76.95101399691987,28.81818314257263,0],[76.99481415899383,28.839509461371307,0],[77.04023226319573,28.832063139706992,0],[77.08265989172514,28.883499627776043,0],[77.12093054713877,28.85831083388982,0],[77.14031683531778,28.86206011904672,0],[77.14383139935099,28.838283396303073,0],[77.17540486138965,28.858322343998044,0],[77.21480128865049,28.85529933858796,0],[77.22439340723024,28.82532176561599,0],[77.1996613234414,28.796679956773577,0],[77.23414766775659,28.783718368914553,0],[77.22186807408269,28.777390784481764,0],[77.29076729431023,28.722384378139505,0],[77.29151662065287,28.70615317692659,0],[77.33107790428596,28.713101667950927,0],[77.31626515672228,28.641215013948482,0],[77.3425626889042,28.62197338974777,0],[77.29709446019866,28.5659695423721,0],[77.34544406871308,28.51325069086619,0],[77.31410043304082,28.4836065646091,0],[77.29026575562729,28.49653527679805,0],[77.24744689616477,28.48041478620798,0]]]},"id":9},{"type":"Feature","properties":{"state":"GOA","id":10},"geometry":{"type":"MultiPolygon","coordinates":[[[[73.76031550001882,15.344060599869483,0],[73.76014950023168,15.344259800122531,0],[73.76039850002859,15.344243199846183,0],[73.76031550001882,15.344060599869483,0]]],[[[73.7664132000813,15.348611999727622,0],[73.76652169964109,15.349010500103272,0],[73.76666280029438,15.34898670038511,0],[73.7664132000813,15.348611999727622,0]]],[[[73.76424140028504,15.349405800065053,0],[73.76419159992147,15.348833100234424,0],[73.76371850038072,15.349173399606682,0],[73.76424140028504,15.349405800065053,0]]],[[[73.77362039978607,15.349123599999134,0],[73.77337140013506,15.349231499553184,0],[73.77380300025504,15.349314500268527,0],[73.77362039978607,15.349123599999134,0]]],[[[73.77541319992481,15.3494970998104,0],[73.77575350011129,15.34965480042468,0],[73.77585310018263,15.349654800131056,0],[73.77541319992481,15.3494970998104,0]]],[[[73.77143010017625,15.349817900119621,0],[73.77194380017185,15.349372600278219,0],[73.77125490039857,15.349455599904507,0],[73.77143010017625,15.349817900119621,0]]],[[[73.77108080039497,15.349602699696248,0],[73.7707172997653,15.349789699753636,0],[73.77110369985395,15.349726300120022,0],[73.77108080039497,15.349602699696248,0]]],[[[73.7733469995682,15.349610699761179,0],[73.77302779977812,15.349784700064456,0],[73.77341880030801,15.349726699600762,0],[73.7733469995682,15.349610699761179,0]]],[[[73.77434869964702,15.349603199589499,0],[73.77445870011874,15.349876400236754,0],[73.77467860034764,15.349735200149826,0],[73.77434869964702,15.349603199589499,0]]],[[[73.76818940046968,15.351757499605343,0],[73.76839549968095,15.3521298999164,0],[73.76850239962661,15.352105499735671,0],[73.76818940046968,15.351757499605343,0]]],[[[73.76155220002126,15.351787899759888,0],[73.76502159995394,15.352061800296763,0],[73.76734560028866,15.351547199740338,0],[73.76155220002126,15.351787899759888,0]]],[[[73.76900479955306,15.35339159989628,0],[73.76901619960258,15.353585500294079,0],[73.76911169991585,15.35357250026733,0],[73.76900479955306,15.35339159989628,0]]],[[[73.77460850029253,15.35487510034714,0],[73.77457770021257,15.3550136000118,0],[73.7746896997695,15.35499409987631,0],[73.77460850029253,15.35487510034714,0]]],[[[73.774358600179,15.400200600447485,0],[73.77370899988681,15.399753999596385,0],[73.77361620041454,15.400281800325418,0],[73.774358600179,15.400200600447485,0]]],[[[73.67993441807668,15.7211466218603,0],[73.6925314592761,15.728221367439609,0],[73.69638423223775,15.722240991118964,0],[73.67993441807668,15.7211466218603,0]]],[[[74.05599470003894,14.81730939979302,0],[74.0571151998432,14.815425300381442,0],[74.05431809956704,14.81635489990751,0],[74.05599470003894,14.81730939979302,0]]],[[[74.07192248762466,14.819955993445756,0],[74.07217032661192,14.82013110878275,0],[74.07218681521044,14.81996881130902,0],[74.07192248762466,14.819955993445756,0]]],[[[74.06409549986378,14.821210400417526,0],[74.06341579999138,14.819070999723438,0],[74.06226740037462,14.820833899592808,0],[74.06409549986378,14.821210400417526,0]]],[[[74.0674921318113,14.820189412827357,0],[74.06730299674523,14.820412394744015,0],[74.06755104972557,14.820276076955572,0],[74.0674921318113,14.820189412827357,0]]],[[[74.05671799987498,14.820446999981721,0],[74.06162060010686,14.820013000006535,0],[74.05745400003775,14.819015900388726,0],[74.05671799987498,14.820446999981721,0]]],[[[74.06439210005065,14.89154979991854,0],[74.064157299707,14.892740499994876,0],[74.06504580019295,14.892568500096138,0],[74.06439210005065,14.89154979991854,0]]],[[[74.01422563962959,15.008026794121495,0],[74.01150325465018,15.00757859456591,0],[74.01182695335996,15.008665892399888,0],[74.01422563962959,15.008026794121495,0]]],[[[73.956039666558,15.135659086957352,0],[73.87917982568968,15.361898898546386,0],[73.84242643175948,15.358414891977162,0],[73.7836883993288,15.408100116021064,0],[73.78971171643906,15.463804111060636,0],[73.76658872838154,15.492812435447155,0],[73.73221656054379,15.58859118519651,0],[73.73207037506619,15.606945681065731,0],[73.7446696543404,15.605690491699322,0],[73.7228207776669,15.626746576484088,0],[73.6893733374744,15.718005555412823,0],[73.82238918431655,15.740510664804768,0],[73.85570805667606,15.801016638861459,0],[73.8800888365834,15.774320947726364,0],[73.87569505273379,15.751283051553042,0],[73.93872529327608,15.743332259806534,0],[73.95233054886582,15.714401946582196,0],[73.94369516825448,15.696936473276622,0],[73.96376046616317,15.692321784714242,0],[73.96176522845802,15.641684577684146,0],[73.99335854142565,15.610638109671498,0],[74.02079718889013,15.606085184480476,0],[74.03115607815306,15.622611329130711,0],[74.11757519754036,15.652147459862794,0],[74.16441599619564,15.653498534117258,0],[74.18155509383745,15.682145245698994,0],[74.20512752059572,15.651032178593793,0],[74.22377925837233,15.66898264618319,0],[74.2504424952198,15.657257914009483,0],[74.24415959703423,15.626108376697138,0],[74.26429804732378,15.615509077912726,0],[74.24519297338503,15.56660255647945,0],[74.26315336480648,15.563936745554978,0],[74.2826525448831,15.531417680042154,0],[74.25091007630441,15.491593093085655,0],[74.27545115562944,15.449187942768512,0],[74.27587165849297,15.391586771292298,0],[74.3232020973035,15.367679640558856,0],[74.31667023828832,15.330682949627482,0],[74.33587366167373,15.295457122627504,0],[74.27141888186505,15.281233818776194,0],[74.2511693208795,15.258772589001047,0],[74.30161243031378,15.224340708721654,0],[74.31696111806623,15.186260800757061,0],[74.28513444881214,15.149028718015876,0],[74.2726451055247,15.097497567959696,0],[74.29649498528731,15.041207726521012,0],[74.25360515711081,14.998145510394794,0],[74.26432050954693,14.978524688108404,0],[74.25259587234233,14.959093829432263,0],[74.23669983338404,14.966845102547472,0],[74.20154479151901,14.925723680045301,0],[74.16360833592157,14.958480917588407,0],[74.16211852449345,14.912140011314442,0],[74.12422543130542,14.925323968060225,0],[74.08536683964628,14.900317360442404,0],[74.04454478974552,14.916066904384516,0],[74.04104189577622,14.995434584824674,0],[74.02103991418053,15.01716839984659,0],[73.98948234579771,15.018915121032212,0],[73.98835786018422,15.055139935301687,0],[73.97504651990769,15.048941452631782,0],[73.95499011985589,15.071928463549172,0],[73.91283837171221,15.08365107726303,0],[73.92766801730522,15.095321994780194,0],[73.91847874778541,15.106210178664972,0],[73.9413245297698,15.11658693276821,0],[73.93678810048687,15.13216176864079,0],[73.956039666558,15.135659086957352,0]],[[74.08716749563189,15.310789856814722,0],[74.08726734486675,15.310678187545,0],[74.08684960463422,15.311145383048535,0],[74.08716749563189,15.310789856814722,0]],[[74.12352465211175,15.43693799408446,0],[74.12411718622512,15.437424027934664,0],[74.12350773906319,15.436924121441672,0],[74.12352465211175,15.43693799408446,0]]],[[[73.77640089978391,15.349671400256764,0],[73.77655029986707,15.349812499746207,0],[73.77657520019353,15.349712899579762,0],[73.77640089978391,15.349671400256764,0]]],[[[73.78300349996351,15.349908800203327,0],[73.78315390014926,15.350058300197656,0],[73.7830890003641,15.349889600246712,0],[73.78300349996351,15.349908800203327,0]]],[[[73.78491553350874,15.351572761140094,0],[73.78490523396424,15.351734960828583,0],[73.78515583356837,15.351712360499675,0],[73.78491553350874,15.351572761140094,0]]],[[[73.78082479993799,15.35492530012889,0],[73.78233540032562,15.34912359963761,0],[73.7688147002745,15.351987099790758,0],[73.78082479993799,15.35492530012889,0]]],[[[73.77626349970303,15.354599499564321,0],[73.77634609978664,15.354806200398581,0],[73.77635279965784,15.354620600318546,0],[73.77626349970303,15.354599499564321,0]]],[[[73.79431229975609,15.378082299600598,0],[73.7968188995864,15.373160399762217,0],[73.7938308996033,15.374604599748602,0],[73.79431229975609,15.378082299600598,0]]],[[[74.10627553610367,14.76324784146835,0],[74.11694378005292,14.754209424504522,0],[74.10707237833277,14.755772895136731,0],[74.10627553610367,14.76324784146835,0]]],[[[74.08629129992079,14.795647699864706,0],[74.08910609982964,14.795275699888021,0],[74.08858319999074,14.793535899790546,0],[74.08629129992079,14.795647699864706,0]]],[[[74.09369219977587,14.838489799998277,0],[74.09561970025011,14.837163099831212,0],[74.09347750039497,14.835959500161355,0],[74.09369219977587,14.838489799998277,0]]],[[[74.09733699960036,14.84259119962124,0],[74.10142890029988,14.844832200096098,0],[74.10091429954468,14.84154540040929,0],[74.09733699960036,14.84259119962124,0]]],[[[74.09697539954826,14.848147200301776,0],[74.0972986002963,14.84766480031556,0],[74.0967497996398,14.847879100305082,0],[74.09697539954826,14.848147200301776,0]]],[[[74.0947681000848,14.877857100185032,0],[74.0954845000234,14.876312599634383,0],[74.09460400031274,14.876416700463597,0],[74.0947681000848,14.877857100185032,0]]],[[[74.09218162357536,14.880560129423351,0],[74.09239438222305,14.880608342349571,0],[74.09231726038668,14.880489789491719,0],[74.09218162357536,14.880560129423351,0]]],[[[74.09378219604265,14.880921742974254,0],[74.09386309023985,14.881094461722144,0],[74.09387469938673,14.880941093458146,0],[74.09378219604265,14.880921742974254,0]]],[[[74.09404921439967,14.881065544603146,0],[74.09417230916378,14.881216281360937,0],[74.09418354489539,14.881085512143747,0],[74.09404921439967,14.881065544603146,0]]],[[[74.0933243507702,14.881420768216673,0],[74.09351271596152,14.881545365115084,0],[74.09350558547708,14.881405302178068,0],[74.0933243507702,14.881420768216673,0]]],[[[74.09271929981635,14.8818657999234,0],[74.09222640021281,14.88250830013683,0],[74.0934430000293,14.883119399662183,0],[74.09271929981635,14.8818657999234,0]]],[[[74.08506424902217,14.899143510742373,0],[74.08653672910394,14.899612191979678,0],[74.08555029613817,14.89844038038548,0],[74.08506424902217,14.899143510742373,0]]]]},"id":10},{"type":"Feature","properties":{"state":"GUJARAT","id":11},"geometry":{"type":"MultiPolygon","coordinates":[[[[69.98161498064768,21.228227868021914,0],[69.61596368678944,21.624551772483596,0],[69.56618522938864,21.651500898253325,0],[69.37311327463648,21.83214669710289,0],[69.28365791136027,21.89363567251988,0],[69.05468611900994,22.12946685026759,0],[68.95364396421475,22.245205888035645,0],[68.93575780234615,22.311825992814253,0],[68.95738139536773,22.368266806738696,0],[68.97731693478238,22.403736510660327,0],[68.98177477906728,22.40159743294355,0],[68.99637415486016,22.401599865236808,0],[69.00000000114767,22.40409847288667,0],[68.97838542852138,22.403984191243914,0],[69.00631031979522,22.439594682149682,0],[69.06811613922834,22.48138488176633,0],[69.08362199316751,22.474589505064195,0],[69.04971037581309,22.437764618125367,0],[69.0394667633774,22.445710929642413,0],[69.0356449325853,22.39019355189273,0],[69.08184542878014,22.388202815552045,0],[69.11049032463424,22.409944267054588,0],[69.12797693770882,22.39510748516352,0],[69.12116961448042,22.375637591527948,0],[69.13832015617719,22.401541190755623,0],[69.16350344870213,22.404246162549178,0],[69.17548036864946,22.42286829155717,0],[69.19482859962086,22.42184496291254,0],[69.18765635758353,22.402612858205597,0],[69.19979931620497,22.390664638181477,0],[69.16794666371618,22.37351832039285,0],[69.18093234719886,22.37065613568542,0],[69.16335660584525,22.348613089663644,0],[69.15394066325003,22.24873344925955,0],[69.13378965759959,22.22264462507561,0],[69.13640117736861,22.19554718115064,0],[69.15574763683762,22.195135118950077,0],[69.19029735728124,22.243641731173415,0],[69.21281512649266,22.210349084319795,0],[69.23758762867568,22.22270649112614,0],[69.23360039314154,22.24991891644202,0],[69.25281528185141,22.26643643016604,0],[69.27951398086006,22.269935446641828,0],[69.28050996770726,22.267655757958224,0],[69.27994807791417,22.266485985642856,0],[69.28044894987637,22.264653077115685,0],[69.27975151025412,22.263009061472857,0],[69.27958312944564,22.26076932104125,0],[69.27995281612199,22.259351760908253,0],[69.28168082251753,22.2577587545536,0],[69.28261344323509,22.255736454990775,0],[69.28382855675486,22.254580940224336,0],[69.2928017422278,22.286793929538767,0],[69.33605159815959,22.30507428790207,0],[69.33272581387368,22.327830834137483,0],[69.4231875590964,22.316011812174494,0],[69.49028225824534,22.337438784810868,0],[69.49948164571111,22.366325327013143,0],[69.53477533691294,22.370877585666204,0],[69.53731809162292,22.372739265988187,0],[69.53760742592193,22.375945237508688,0],[69.54044202362218,22.377206499354774,0],[69.56132325302711,22.35584045634755,0],[69.57958145602035,22.3673559823113,0],[69.59765943581814,22.346160500107516,0],[69.6173519852679,22.345417425156086,0],[69.62113264030111,22.3718276238212,0],[69.65536624173606,22.359565459632282,0],[69.66090519871615,22.396242069199545,0],[69.70216056243335,22.398692648295924,0],[69.69614788313842,22.452526589516168,0],[69.7306909669246,22.484552117069377,0],[69.74367094813223,22.458941501994477,0],[69.73478304029454,22.449222030181268,0],[69.73537953335166,22.44800249620003,0],[69.74163461689167,22.446386053470768,0],[69.73283018691716,22.442829738202132,0],[69.74603875898774,22.42804629002604,0],[69.75907617652098,22.443302872634067,0],[69.7897193888972,22.413773766213488,0],[69.79758191118816,22.404575556472974,0],[69.79123782103018,22.38357183111758,0],[69.79185152271862,22.38017204134019,0],[69.79653031551656,22.377738750423504,0],[69.83282270720015,22.44707322978171,0],[69.8709965592863,22.42296701098976,0],[69.88779976389438,22.454635386928555,0],[69.93740635270599,22.463268987593246,0],[69.93984891198876,22.48278802612698,0],[69.97925548326747,22.468166275334447,0],[69.98766159492166,22.51046601970191,0],[70.01029611079387,22.499923483917094,0],[70.0731235121646,22.51782590583922,0],[70.09121662943916,22.50816147424232,0],[70.08582957036332,22.49405839059944,0],[70.11629100357663,22.501035661500175,0],[70.11811114884387,22.48703377111981,0],[70.12021143572247,22.48635094155668,0],[70.12414590046997,22.512616331637172,0],[70.18472498485637,22.522164999409966,0],[70.17918217931245,22.567521989066005,0],[70.26350892659977,22.653458810614865,0],[70.27868816812143,22.725271910153033,0],[70.41330861158502,22.81839049104531,0],[70.46232273826658,22.831307174900314,0],[70.49109290428191,22.88988667661326,0],[70.53514913901125,22.912056693829175,0],[70.5396536920423,22.925498277450345,0],[70.480302680308,22.937098001902886,0],[70.43266007552222,22.96706165162884,0],[70.47920591240478,22.974861961750623,0],[70.54165877138482,22.959577556460715,0],[70.5617046324683,23.02900039527183,0],[70.60215755001813,23.03425287356564,0],[70.5971179789495,23.060939882561,0],[70.62932569671577,23.062468017303715,0],[70.6936691910121,23.12014401290079,0],[70.76543915162866,23.145381589901465,0],[70.76761916904886,23.167031806947392,0],[70.79182557441312,23.165100364208932,0],[70.78717653711843,23.150690951562396,0],[70.81607466231547,23.16456928087731,0],[70.8153054067428,23.136852245848893,0],[70.83447930805961,23.128410810194573,0],[70.8285594203565,23.079914765089576,0],[70.83576294694012,23.11187316790532,0],[70.8582185434924,23.12971070620733,0],[70.82756185215197,23.157421557736683,0],[70.84660044860517,23.152400960041415,0],[70.84863828092935,23.169309382730443,0],[70.9015717011582,23.170758176758522,0],[70.95922802612336,23.19481509191871,0],[70.91890155143477,23.19837596029673,0],[70.8905664262876,23.182669947969053,0],[70.86291959045164,23.192359333484937,0],[70.87328819738917,23.203994458946738,0],[70.86019754144097,23.20846812737847,0],[70.89312665942911,23.224702828297772,0],[70.83310029359967,23.249891451629704,0],[70.81224584446484,23.230073642904856,0],[70.76767891310956,23.246104588050606,0],[70.72391346633334,23.217657588054465,0],[70.72800265312382,23.205857700324774,0],[70.6508026635496,23.22389509934323,0],[70.64902331974679,23.192038695861406,0],[70.57896288041766,23.17770881613779,0],[70.50124264363065,23.17811905797391,0],[70.42803121277078,23.21754627343732,0],[70.43630864418904,23.23337674581852,0],[70.42476094624111,23.23725458455928,0],[70.36635946951667,23.219858094834457,0],[70.30192960235271,23.223688577819257,0],[70.26757417635585,23.178462065333616,0],[70.24968116906228,23.17789368749072,0],[70.20876640928903,23.160353826166496,0],[70.20729950314094,23.125617233736506,0],[70.14929481150516,23.036996129692337,0],[70.18861668431826,23.072814228950303,0],[70.21081553909494,23.074633138538733,0],[70.23025408448923,22.97265956167294,0],[70.21604712375932,22.946571943638222,0],[70.16439293461265,22.938281572028313,0],[70.12053864817447,22.963290741238136,0],[70.13340691097595,22.98111103381048,0],[70.13378881591076,23.001569170351452,0],[70.15814293352027,23.032303445451458,0],[70.14820653611605,23.034815636125554,0],[70.11809968767322,22.99126987514065,0],[70.03654577744483,22.95269004967879,0],[70.01675166166635,22.92024254437871,0],[69.96224085964256,22.89358782058002,0],[69.92704755337306,22.8960281497518,0],[69.89874381377237,22.871261185940412,0],[69.80066324034696,22.851059720929815,0],[69.71281389650838,22.805911784144737,0],[69.65125401838127,22.795761856675743,0],[69.64593851741407,22.810003190233573,0],[69.605911023619,22.80295123299658,0],[69.57561946947773,22.81772737695408,0],[69.47734471790979,22.795520083453194,0],[69.45733680206962,22.814278436173062,0],[69.41683357259353,22.81086761684493,0],[69.46997805863315,22.77644853477316,0],[69.49470113635935,22.779867687967513,0],[69.47227428280054,22.773679406364526,0],[69.3812178470793,22.818774644072267,0],[69.19583233419488,22.83802600786635,0],[69.19418321783822,22.85185628110333,0],[69.13124182119331,22.872293250929985,0],[68.81295599144738,23.057927646170018,0],[68.87028131289938,23.027219635849747,0],[68.83672037637749,23.046367696943374,0],[68.84178640826397,23.058577191380156,0],[68.82121164599549,23.05723521714105,0],[68.81515309123084,23.077031042000268,0],[68.8117992786981,23.058780467400503,0],[68.75858853078995,23.080345475296188,0],[68.74985752167841,23.08801018829114,0],[68.76356023351623,23.0875547911615,0],[68.76513848375389,23.079022755757844,0],[68.77003431623773,23.07734199483641,0],[68.77848105154729,23.07755044799766,0],[68.78153682165203,23.08327721449966,0],[68.77233684359835,23.07830963564607,0],[68.76010939658947,23.09976972460888,0],[68.78364487593282,23.120011535996685,0],[68.7544322086506,23.12303067897084,0],[68.74586350716042,23.11001852856302,0],[68.71224607370678,23.15142888469307,0],[68.682776032215,23.152693332386388,0],[68.68260053398203,23.17584560799146,0],[68.6595520486181,23.197699895505387,0],[68.6737176759022,23.20189028950006,0],[68.66917101138573,23.218199274899337,0],[68.62098655119472,23.20572677678308,0],[68.65351776323314,23.231146995410047,0],[68.70199568446017,23.240056088449997,0],[68.71473927710778,23.264120833271658,0],[68.72452027252024,23.25513494081286,0],[68.72417230146112,23.26679232747906,0],[68.70554671179531,23.270722023324016,0],[68.71186612708414,23.28671899432104,0],[68.69930901392092,23.284192828481558,0],[68.71351459474486,23.317955857112654,0],[68.68139915145618,23.31184889601323,0],[68.68498524329958,23.3288546866919,0],[68.66050645651605,23.347454159346718,0],[68.65233618261313,23.303143385501585,0],[68.64002581509313,23.323186223736027,0],[68.65262183136804,23.33555493402436,0],[68.63596471826833,23.338893528398156,0],[68.62037670678922,23.374005167027523,0],[68.54348824834815,23.4202109105575,0],[68.53062857853885,23.445201712163183,0],[68.54626542163732,23.46506133647491,0],[68.52878044295164,23.449913933891462,0],[68.48359327007373,23.5487079546047,0],[68.49290514759107,23.605833639436923,0],[68.5157122417785,23.621401649340616,0],[68.51064021661125,23.639479002180355,0],[68.52901931029555,23.635798343010425,0],[68.53337138173453,23.64923632337844,0],[68.52073204208456,23.649589598851435,0],[68.54291074862967,23.653236962424067,0],[68.56795562602873,23.684944843959506,0],[68.54828935053209,23.691812114785897,0],[68.55718927220586,23.716632714062,0],[68.573304563625,23.721442253258648,0],[68.5872356546298,23.702625050926308,0],[68.59682106407837,23.72405302910821,0],[68.61276790766051,23.71795132901391,0],[68.63215630388015,23.727820207905186,0],[68.61568005593747,23.72586995601745,0],[68.61847946886066,23.738018688659476,0],[68.64884573399885,23.73890157576752,0],[68.63528781200542,23.761017321162246,0],[68.65060268479867,23.792589916214883,0],[68.68148783737462,23.794956041426943,0],[68.70830872119235,23.834273022054717,0],[68.68823481471419,23.846445512241548,0],[68.60264907452834,23.829523848785787,0],[68.57671731272599,23.817283855447393,0],[68.52700274465307,23.74582124418161,0],[68.42097679785012,23.73320877601371,0],[68.38723906019418,23.594790909631215,0],[68.27808122521733,23.559728584635387,0],[68.18400027498791,23.587003073033248,0],[68.2076691365171,23.586156891629397,0],[68.17765528808918,23.619194581166976,0],[68.18632053080502,23.64528114437891,0],[68.20846984265826,23.650670091956663,0],[68.18257100124374,23.655038639607458,0],[68.20665938784578,23.668888781602377,0],[68.18165449355777,23.72163315782757,0],[68.20263908150922,23.766671861849638,0],[68.19953165384923,23.847094489658176,0],[68.20864999890259,23.87546309382096,0],[68.25216519092689,23.89689812744682,0],[68.27574372382435,23.928768745878582,0],[68.32865498262655,23.922346767544255,0],[68.339034835598,23.96695176977626,0],[68.36893287467693,23.984773901838345,0],[68.38966023246788,23.96659376896317,0],[68.7530259907291,23.971310423241594,0],[68.764704346583,24.2958437075929,0],[68.80208351163043,24.311272801699822,0],[68.82877053136897,24.31519238201138,0],[68.86482148021472,24.212780055047922,0],[68.88029183182843,24.21656756990274,0],[68.90675031807912,24.2797860410136,0],[68.94528378389157,24.302492760135554,0],[68.9847412704354,24.22760970791149,0],[69.00532841191097,24.223119658696955,0],[69.09475349044916,24.274494283482287,0],[69.19375350716436,24.236114447374643,0],[69.3127396403665,24.281601873675953,0],[69.49400610708014,24.26778014142676,0],[69.59444602115288,24.2923984647866,0],[69.73121404843693,24.17105660523297,0],[70.0250573149208,24.17128491001085,0],[70.06681013005067,24.199159175692753,0],[70.10986838129497,24.294974709993802,0],[70.32558535976045,24.351876357236936,0],[70.36845917893949,24.350768959097582,0],[70.57312169401342,24.42236230794134,0],[70.60246854048117,24.40812271674506,0],[70.56204197156062,24.354456479430073,0],[70.58453131178516,24.290362479199217,0],[70.57122975731508,24.251734939701524,0],[70.66694316451063,24.219582796888258,0],[70.80545966859978,24.22085410812986,0],[70.90725775531813,24.258779151394595,0],[70.87450508926729,24.294490342210004,0],[70.94767983322699,24.348051732783954,0],[70.98654247988614,24.36470894190719,0],[71.0421337103177,24.35125242464811,0],[71.08188923646222,24.392911603291605,0],[71.12184387168496,24.40566075251626,0],[71.12552648574,24.420078917981726,0],[71.10306730709,24.43569636195815,0],[70.99856518363602,24.444426756806394,0],[71.00520976704365,24.523020742100375,0],[70.98735474419244,24.543420541071985,0],[70.99882236770141,24.621842560670235,0],[71.09648953197129,24.688724658610614,0],[71.28782335918694,24.616229048098894,0],[71.34816852381533,24.660935404849756,0],[71.35863893366876,24.63075172928901,0],[71.37780447619686,24.6259676067976,0],[71.47917032805957,24.67964701830656,0],[71.6075995128294,24.676553632166083,0],[71.65536604646064,24.639188869521355,0],[71.7915287807319,24.677338599557135,0],[71.81038561312668,24.656064279920052,0],[71.80589954976372,24.626750871448802,0],[71.85216726110689,24.609362613451765,0],[71.87175129847469,24.681766680407314,0],[71.9186119236912,24.672113622290368,0],[71.91544280584228,24.64951303958329,0],[71.93987304023726,24.633804578687446,0],[71.98829642817363,24.657532524796412,0],[71.99383487748358,24.695061768224267,0],[72.06132921601603,24.712108768888985,0],[72.08519862058826,24.706411088046803,0],[72.08981676634431,24.658695079553272,0],[72.1245705107371,24.638602584400502,0],[72.15025728466271,24.64366945126843,0],[72.16480966135518,24.621276722776127,0],[72.1965718047117,24.614719426945115,0],[72.23036762902159,24.64060954228184,0],[72.3049851279058,24.617545762351245,0],[72.34733443819422,24.628455974265744,0],[72.33558553734635,24.59858430123141,0],[72.2763436901565,24.607526910967657,0],[72.24639573599018,24.585607133149058,0],[72.29543500520852,24.54662579381394,0],[72.32899109295963,24.552408371709674,0],[72.33093497156945,24.569305006840207,0],[72.35372978792559,24.563761948973227,0],[72.3885790676574,24.5076799274471,0],[72.44108063385582,24.515326068524715,0],[72.43021761970566,24.48017440061297,0],[72.45724301288816,24.414798729492272,0],[72.50042389235071,24.41705461129533,0],[72.49319275086494,24.459083861673307,0],[72.53824382351151,24.51968209471492,0],[72.57594281443033,24.478854709538442,0],[72.68335799608167,24.46387720493977,0],[72.68914572836027,24.4117322818427,0],[72.73086080373666,24.364301029187292,0],[72.84976014048516,24.372041379773403,0],[72.91072688335734,24.337211930101272,0],[72.97511690261062,24.36879972438074,0],[72.95360527437488,24.392331272961503,0],[72.98121427108539,24.434381350884863,0],[72.96796309793525,24.45090730988829,0],[72.99100714964649,24.477601130464077,0],[73.03522840691471,24.463847149584495,0],[73.08676553416593,24.498116870303114,0],[73.10282872216509,24.433008543498406,0],[73.07650293825789,24.39660070367858,0],[73.15257023745204,24.35384277154168,0],[73.19918824652703,24.376510358741708,0],[73.21926204421315,24.36389544851513,0],[73.19856569156453,24.33193331413959,0],[73.17634880740901,24.337878746263325,0],[73.169220863017,24.300304947138645,0],[73.13543796613224,24.30843240157158,0],[73.06545051637238,24.193895686986195,0],[73.12521954225355,24.124860890634903,0],[73.212647882067,24.07585031132945,0],[73.19314122111827,24.040996060635738,0],[73.24279151250724,24.002281941053923,0],[73.31738547069847,24.053207152258693,0],[73.32700553580447,24.109224126264333,0],[73.36199341446681,24.104662321125403,0],[73.36086949523977,24.08128249491873,0],[73.40254798617968,24.044298832639377,0],[73.39787929846989,23.989510301974384,0],[73.4149572100418,23.985780507316786,0],[73.42082620817351,23.930824829338484,0],[73.38746024481222,23.915906224434273,0],[73.36112328396118,23.872699809794078,0],[73.36814215109422,23.822153739436015,0],[73.35184395379211,23.791396262300772,0],[73.37077148256775,23.76525827869203,0],[73.40024792363958,23.785056583823227,0],[73.41801571134273,23.776807140155988,0],[73.47351839935806,23.705232622147914,0],[73.50739416834092,23.703042673980693,0],[73.49660525033899,23.649156995173072,0],[73.50877367284495,23.644387253316786,0],[73.4937654768134,23.632338333941817,0],[73.52308171679726,23.606900250003235,0],[73.57265586293191,23.65376627188684,0],[73.61548049831018,23.652116178237357,0],[73.65565542756967,23.621288519277876,0],[73.63306774522172,23.5286859034431,0],[73.65636475642847,23.507457514189444,0],[73.62720945755339,23.44857133821049,0],[73.64745595429105,23.43645216768535,0],[73.69739915180945,23.456671344558842,0],[73.7208055721983,23.410134592577673,0],[73.7557306878993,23.45432266867355,0],[73.78627736104028,23.430225282702146,0],[73.82870546414877,23.44769257606534,0],[73.89192593316558,23.334111787923437,0],[73.93565696230303,23.33973047470337,0],[73.93800771928692,23.3679377422227,0],[73.95749830849402,23.379544868812477,0],[73.97553432231288,23.37151599620936,0],[73.981395448563,23.33813909879214,0],[74.02865472737906,23.33167217650868,0],[74.03306736996672,23.30599033487166,0],[74.04485577887347,23.308809388063093,0],[74.03816386000615,23.293446572183587,0],[74.10057907829074,23.293811314901095,0],[74.13264018757619,23.266191221519207,0],[74.12147561851371,23.176193231968497,0],[74.17887766025135,23.147279369070674,0],[74.20121409123166,23.189303280068806,0],[74.24079861701709,23.184691648966997,0],[74.2871215546303,23.11712178025609,0],[74.27889032857692,23.092185379027857,0],[74.31133494999717,23.074192159049726,0],[74.32192670250294,23.041222576467952,0],[74.34638471390056,23.025310027631836,0],[74.3654647513702,22.97589618157668,0],[74.3394951685314,22.952888925906866,0],[74.3934081513121,22.896602878237502,0],[74.41847834114667,22.917041754637886,0],[74.44683278379867,22.921081157274994,0],[74.46076389173612,22.906842791409073,0],[74.47604152940329,22.8530959765548,0],[74.46477297319123,22.816391002059962,0],[74.4337834320011,22.80789934475245,0],[74.37906031342366,22.63443338840876,0],[74.26355658680781,22.643972394501983,0],[74.21003311338356,22.564258907198287,0],[74.18329549646589,22.566488043446398,0],[74.18951224373308,22.5535991754248,0],[74.1506681417639,22.521267707112493,0],[74.07463853097606,22.551401854314086,0],[74.03789415255339,22.5345131977129,0],[74.03339314952373,22.489896935271446,0],[74.05436918890491,22.509556432919783,0],[74.08251701984558,22.506784617964655,0],[74.0753250248399,22.464295363462714,0],[74.10415265741435,22.46452711381841,0],[74.0997460864293,22.438040084826405,0],[74.11911208773995,22.418761461752712,0],[74.14920960028056,22.45565830818268,0],[74.16044883934892,22.431210508463998,0],[74.18412587579331,22.441538833167325,0],[74.19340083342715,22.475476275553817,0],[74.2016226677529,22.43451000086534,0],[74.2527856694089,22.432947680343094,0],[74.29117835714545,22.394012421652057,0],[74.25673504713333,22.399652290260697,0],[74.24329440769252,22.376052243848097,0],[74.22370730452994,22.379944166894095,0],[74.2238798311043,22.35636514292176,0],[74.204041380884,22.36670728489942,0],[74.19033380712263,22.32025991264361,0],[74.1278608677537,22.332735857158056,0],[74.10507335924346,22.371814992872743,0],[74.06476597121181,22.354606558184862,0],[74.07156887799918,22.335987708427428,0],[74.05237951978683,22.29409158728745,0],[74.08718277238575,22.242794825610858,0],[74.07217451893878,22.21915719474634,0],[74.12232888136172,22.212396768365867,0],[74.12144213007294,22.167400711671732,0],[74.13385680619152,22.160541413253558,0],[74.12446179332305,22.09790799459374,0],[74.15255727470472,22.10600615603302,0],[74.1786530253256,22.085476711608464,0],[74.13140733702674,22.04783121118447,0],[74.14014938403892,22.040321321647035,0],[74.09214185726987,22.014833661445103,0],[74.0980064897701,21.998314223981197,0],[74.15059495361884,21.986590692706987,0],[74.14647216734195,21.946721742416536,0],[74.04789500699528,21.92499989713372,0],[73.9209637818584,21.861026140034223,0],[73.79595148799592,21.82472740957107,0],[73.82743001696697,21.80990986255913,0],[73.83816065448708,21.788747840868986,0],[73.82486471487603,21.759555345090025,0],[73.89181647046085,21.692148437454897,0],[73.8880148603441,21.653246096192017,0],[73.7805149338587,21.6285920717758,0],[73.81413059989286,21.60109319637212,0],[73.85355659015525,21.497465889568026,0],[73.90422763033607,21.524509230974218,0],[73.95175415886646,21.51269401280568,0],[73.95507552824611,21.54083020169747,0],[73.98227009437409,21.522598038263776,0],[73.97418615520503,21.543276273707775,0],[73.99741860936157,21.53901129941756,0],[74.00583847896705,21.552755804011383,0],[74.13696351785167,21.546863441094576,0],[74.16674144445544,21.56904272589079,0],[74.19584492691183,21.53206256000322,0],[74.22900773528005,21.554462593588205,0],[74.23621739729592,21.539703098766555,0],[74.26317714320714,21.539847233176197,0],[74.27672092047953,21.562253964391832,0],[74.30245845818922,21.566358847442647,0],[74.3032389245715,21.55223269653103,0],[74.33116030251358,21.5524246135944,0],[74.32078812886307,21.498496916183274,0],[74.25356113576159,21.467741786122698,0],[74.21415740272433,21.48168204004338,0],[74.19782423307092,21.458748542787244,0],[74.12517870359528,21.466652880337918,0],[74.10071375354534,21.447631232469963,0],[74.06293158039512,21.474549422392197,0],[74.04462436071434,21.419193911486673,0],[74.00261829267328,21.421413456615888,0],[73.95947419315237,21.395427938203568,0],[73.93893230393387,21.405019789375622,0],[73.94217173560298,21.29927052820135,0],[73.8796131191102,21.265957020996233,0],[73.8228734657824,21.270858320831923,0],[73.81576154634563,21.173960261782522,0],[73.78470072244893,21.183985727524743,0],[73.77230552407606,21.164636920265938,0],[73.740086881983,21.1711165859985,0],[73.7332096928487,21.14235449833524,0],[73.71897392350708,21.139757477249066,0],[73.6674920724188,21.15463164884147,0],[73.6346398144035,21.140881356287068,0],[73.60779225600135,21.158981028131976,0],[73.60645164216496,21.178756293478017,0],[73.57742059352134,21.170753093982412,0],[73.5785195787363,21.150481251042088,0],[73.61763322181132,21.142697032496784,0],[73.61846190664004,21.11845530286255,0],[73.68894883440211,21.10079423225625,0],[73.70314521992236,21.118648869563124,0],[73.72967501682521,21.099870383869202,0],[73.74375858227046,21.11517920278778,0],[73.7299321311178,21.082434000441925,0],[73.78032627246432,21.064526577322578,0],[73.80774103758782,21.08489308922785,0],[73.80012721797112,21.038763321873876,0],[73.869022561717,20.985264769666983,0],[73.90129759322264,20.98230457354032,0],[73.90797625087417,20.95973654680898,0],[73.89231190124023,20.955710672807317,0],[73.88819919241959,20.933591288307596,0],[73.91753820300737,20.907781242237938,0],[73.92372418784117,20.851377786976553,0],[73.9403324629121,20.839454000999194,0],[73.93186149207033,20.760622976077002,0],[73.94266122069703,20.742083694145567,0],[73.91732663049004,20.724849177487926,0],[73.87442112294735,20.729533515709374,0],[73.85517076160812,20.692251282057754,0],[73.81185203884922,20.69203343569317,0],[73.83909090244181,20.65877452289572,0],[73.83839439358911,20.62046312320324,0],[73.77539284381311,20.60022410697926,0],[73.74456137904562,20.56491838082022,0],[73.69537703201217,20.578372712410527,0],[73.65268255862885,20.56487246746073,0],[73.59951497861061,20.636903126954156,0],[73.55079944895392,20.648559477393526,0],[73.52048953037583,20.678847937188323,0],[73.48923489356962,20.65573359499834,0],[73.47464810384226,20.72038787380408,0],[73.44918133873774,20.71718092936942,0],[73.44429722839577,20.681102957699174,0],[73.39255972305003,20.645104041249205,0],[73.42112018772436,20.6258682814971,0],[73.42957612725218,20.59520486092471,0],[73.4731530962597,20.5846352871504,0],[73.47529831374365,20.543328186663192,0],[73.4936242443206,20.538068466618352,0],[73.46986591270606,20.520307169358734,0],[73.41957410564846,20.41306659524629,0],[73.3797679802838,20.393503235476363,0],[73.38272696162386,20.373061950502336,0],[73.40450690870128,20.386098168785352,0],[73.41266720591538,20.360881639870858,0],[73.42770046481428,20.28011963942327,0],[73.41215024364678,20.265513150227278,0],[73.42121134798674,20.20658601574092,0],[73.38930254884784,20.192621692753075,0],[73.3824971494902,20.2117299292834,0],[73.36475366805148,20.195584808063813,0],[73.35649961142798,20.21300288282868,0],[73.34383558490187,20.199382860295618,0],[73.29906433289013,20.2091699099628,0],[73.28305019555343,20.19805228547443,0],[73.27922546657803,20.150144173092784,0],[73.24925218930683,20.12233114700238,0],[73.22495233273794,20.123802626936428,0],[73.22568411706631,20.14014856944792,0],[73.21057221908274,20.12048657490953,0],[73.18776031895737,20.128600559621177,0],[73.18967159571595,20.164261827462532,0],[73.21772181670417,20.185927399509715,0],[73.17794750986529,20.192641831222137,0],[73.16829082759409,20.208231136331904,0],[73.1329910047298,20.2057675551257,0],[73.14187075696448,20.17736352509003,0],[73.11506201811011,20.15189053654946,0],[73.07928216793886,20.173239099195037,0],[73.0735800393101,20.155621157292593,0],[73.06023621747984,20.161894314306263,0],[73.04880485323949,20.200859165320527,0],[73.06364650360258,20.227758802067253,0],[73.09774470716108,20.229297558543678,0],[73.1458476413512,20.288581069825586,0],[73.16630416542282,20.287874188083077,0],[73.15078107373257,20.318339355440386,0],[73.10280663653641,20.30177649313453,0],[73.11125489564972,20.337772789019336,0],[73.09580432161832,20.36132791117146,0],[73.07717279089788,20.323480550460015,0],[73.04174094765958,20.325988146212904,0],[73.03429242012467,20.291630363241804,0],[73.00615238396465,20.312797059298347,0],[73.01004604439328,20.29120889501594,0],[72.98117242489663,20.28926521554984,0],[72.97119254745706,20.269060524847347,0],[72.93794993054621,20.294387562079894,0],[72.9123913595283,20.275350502711188,0],[72.93064431801078,20.244409908928883,0],[72.9649060474327,20.22674335101105,0],[72.9624965363305,20.20965369029924,0],[72.85873660058643,20.22474245857248,0],[72.86118475058248,20.20761056365299,0],[72.83903163350288,20.209126542635378,0],[72.83695244839873,20.18845690255936,0],[72.81603607031721,20.184444407951208,0],[72.82446987721094,20.14202171454488,0],[72.78862388746388,20.149323770945976,0],[72.79411363328744,20.12334056439643,0],[72.7400023545723,20.13481322073369,0],[72.74241779730126,20.24120040807877,0],[72.77881125714958,20.33499906472655,0],[72.83594402612626,20.373315367256232,0],[72.89658871766997,20.379868213241792,0],[72.88275834859274,20.39784983289743,0],[72.90404537369345,20.414977031853542,0],[72.85724967579425,20.41978208431706,0],[72.87484325924929,20.445574858424145,0],[72.89532239809905,20.4443079121871,0],[72.88654674070291,20.462333963682852,0],[72.85812432978771,20.465636556411052,0],[72.88593742017427,20.497677181813227,0],[72.89788607393695,20.58663469799226,0],[72.85293687736261,20.756805745604098,0],[72.82021273458018,20.79379837026198,0],[72.83923622085725,20.805248422485512,0],[72.78017427692956,20.921150922764124,0],[72.8199764124842,20.927503695034506,0],[72.8203662007517,20.95229978808566,0],[72.75465206581876,20.93865886034668,0],[72.72215695480116,21.03773327939122,0],[72.72617841528587,21.061030184301373,0],[72.74893359944582,21.057224080378102,0],[72.74118841245428,21.074457118089317,0],[72.70990942497198,21.07983493955084,0],[72.7024714920405,21.096159100617445,0],[72.68478788044793,21.082973677540917,0],[72.66982347746544,21.115038353673796,0],[72.64153890026235,21.085153062188798,0],[72.61989833420887,21.100748407204872,0],[72.63805831900252,21.2111079093116,0],[72.65735441892967,21.224651914961374,0],[72.62225692862893,21.24259340640955,0],[72.60034101131605,21.28986997820453,0],[72.60116760118844,21.38862422918046,0],[72.67933389970592,21.439955434570823,0],[72.68730213639948,21.452444538424032,0],[72.61312130104086,21.400109721815515,0],[72.57957706264192,21.413856435601783,0],[72.65582446361682,21.469170922527766,0],[72.70283033945948,21.525668795093313,0],[72.74999998147986,21.527518969949828,0],[72.77022324076061,21.562515464279283,0],[72.76006327392834,21.56033232840805,0],[72.75445383873958,21.56627563005556,0],[72.80224034170475,21.58721331313818,0],[72.83014570121261,21.628448991527424,0],[72.8284574925701,21.65091484045513,0],[72.86790648887866,21.64221722379052,0],[72.87723776745474,21.672558608724234,0],[72.96297828549518,21.674034656587928,0],[72.8619065680901,21.68759118057072,0],[72.80129464704721,21.6576851761171,0],[72.73808078293939,21.690970059599444,0],[72.71291031626161,21.67958336435782,0],[72.60809172258266,21.68805508595875,0],[72.54355212668125,21.660507256341937,0],[72.53247146896112,21.71810149760978,0],[72.60717422348473,21.753050573730047,0],[72.61004497816816,21.790179762697292,0],[72.59302452050237,21.804915109445226,0],[72.62043153298055,21.82992539332295,0],[72.61033234142451,21.839683135441565,0],[72.62335263662237,21.883751333689066,0],[72.6481698731675,21.897309763449684,0],[72.69126520222947,21.882581341024544,0],[72.69190307742035,21.941874948567325,0],[72.71941253595348,21.93922411545741,0],[72.74828854445008,21.96746291340424,0],[72.72522339688875,21.996465984953826,0],[72.70780615112545,21.953397868334747,0],[72.63998974124115,21.956825762779804,0],[72.54536124952934,21.91098873793318,0],[72.52796675578857,21.93701622138936,0],[72.54785929479023,21.964388748164893,0],[72.53054446341523,21.955075323248717,0],[72.5258942453071,21.959872578632716,0],[72.53976175301905,21.96175418784365,0],[72.5281350316404,21.98226191128377,0],[72.54854345340186,21.991051215466733,0],[72.54316391576076,22.126342594840903,0],[72.58095837647605,22.199154521311428,0],[72.64996108179221,22.21546297918919,0],[72.65952980293478,22.199426990407375,0],[72.78268456548317,22.157569291561554,0],[72.78275586932023,22.19286689640119,0],[72.85379973759319,22.238852218363146,0],[72.84921907404535,22.27494792815144,0],[72.69895634161172,22.199905674225516,0],[72.62417667637419,22.233910530418296,0],[72.5437345292134,22.223072064858087,0],[72.30003250560925,22.033369204354265,0],[72.26886893768452,21.97060303428553,0],[72.21166860107763,21.962067029315072,0],[72.20419536314078,21.891069329571277,0],[72.24245950512294,21.829811416793518,0],[72.23548003693422,21.812038888121194,0],[72.20282372341215,21.819055414831595,0],[72.28284355258205,21.69695816344648,0],[72.30612665312485,21.62600920785946,0],[72.26995725936608,21.572642105773983,0],[72.23535452519022,21.456008320813023,0],[72.10784189927176,21.302474603295384,0],[72.0826664988485,21.24513505087998,0],[72.11232585565945,21.198858807020223,0],[72.08766895357874,21.191884688723786,0],[72.01779218852556,21.15391148771819,0],[72.01022954580631,21.134670084535273,0],[71.9965979160862,21.14190705444292,0],[71.97390346058522,21.122232000405585,0],[71.89833422269584,21.109941461412287,0],[71.87896920100846,21.08875332097387,0],[71.8130782236746,21.067467656751457,0],[71.79763059472329,21.055218565189243,0],[71.80585534798648,21.038061182889468,0],[71.7166791908609,21.020751908415924,0],[71.68191229773697,20.99654828589803,0],[71.67700642283097,21.001747368250246,0],[71.64708260470485,20.99420334194191,0],[71.63677115713197,20.980710438914144,0],[71.64771159356525,20.974650854660887,0],[71.61714827713945,20.966986520818644,0],[71.6074925646543,20.97795987781315,0],[71.61072965972778,20.966213924974177,0],[71.56558329629212,20.948951876748865,0],[71.51665436501166,20.9481165496312,0],[71.50666799242825,20.918769037693117,0],[71.43998249000911,20.86952080314824,0],[71.37992096776043,20.8742619836753,0],[71.38406653326373,20.856757263673156,0],[71.32172641396195,20.846647211278068,0],[71.20916499059571,20.80085498123176,0],[71.14639149260091,20.771343404289237,0],[71.14584860637201,20.75779628180354,0],[71.08651057344801,20.75554931530563,0],[71.0789611060648,20.736761980674405,0],[71.05060915653723,20.73042352706993,0],[70.99948596735847,20.742228687292968,0],[70.98127595927538,20.722686139559766,0],[70.91949278565228,20.743095342273914,0],[70.87806508301928,20.72853670003071,0],[70.87300542485727,20.70447887104399,0],[70.8441395779775,20.706468069528132,0],[70.82813102805666,20.690112865826826,0],[70.58566558617152,20.781586389702504,0],[70.43771951390981,20.852898943171482,0],[70.25842979777816,20.97204377074687,0],[69.98161498064768,21.228227868021914,0]],[[72.96111834731056,20.332422596076242,0],[72.97083809191508,20.29685937304364,0],[72.97909769225795,20.332235668904797,0],[72.96111834731056,20.332422596076242,0]],[[74.16178124482185,22.4144302266376,0],[74.16514519454967,22.39725437982753,0],[74.17915515468401,22.387993810528396,0],[74.17523343640573,22.418062483684885,0],[74.16178124482185,22.4144302266376,0]]],[[[69.32411493204556,22.30341397945598,0],[69.32461000134151,22.30308902520262,0],[69.32380937592862,22.30306623362775,0],[69.32411493204556,22.30341397945598,0]]],[[[69.31007960022457,22.305038199320656,0],[69.31031199995363,22.30527059988067,0],[69.3103120001997,22.304897099416443,0],[69.31007960022457,22.305038199320656,0]]],[[[69.32773369919204,22.336379000401642,0],[69.32802419989919,22.337192399451503,0],[69.32852220026179,22.336470300107578,0],[69.32773369919204,22.336379000401642,0]]],[[[69.45130925583084,22.358200986580236,0],[69.45245071040497,22.35070050673235,0],[69.43828297220202,22.353853930122593,0],[69.45130925583084,22.358200986580236,0]]],[[[69.18301489942012,22.366873200030685,0],[69.18513970031277,22.364399800083874,0],[69.18479939962936,22.36419229954459,0],[69.18301489942012,22.366873200030685,0]]],[[[69.19480090016495,22.374152299507276,0],[69.19435269971744,22.368018600185394,0],[69.19092480013138,22.369811399998184,0],[69.19480090016495,22.374152299507276,0]]],[[[69.54871731118524,22.372826228587744,0],[69.54608445028067,22.375592900164197,0],[69.55162046456526,22.37289070755686,0],[69.54871731118524,22.372826228587744,0]]],[[[69.33940896325574,22.38597409329667,0],[69.33269586148808,22.372817133938074,0],[69.3233596415718,22.38129129127054,0],[69.33940896325574,22.38597409329667,0]]],[[[69.21676269981864,22.382444000198802,0],[69.21699510072573,22.38290879982341,0],[69.21708639931654,22.38254360029292,0],[69.21676269981864,22.382444000198802,0]]],[[[69.21487030022858,22.383664099625367,0],[69.21296960003026,22.384187000120885,0],[69.2129613003625,22.384527299723768,0],[69.21487030022858,22.383664099625367,0]]],[[[69.19976429997448,22.384519000494805,0],[69.20032039984991,22.387208200399005,0],[69.20185589979714,22.38700899991615,0],[69.19976429997448,22.384519000494805,0]]],[[[69.48265782553747,22.388074212038905,0],[69.48269042804785,22.38631774262596,0],[69.47736935382616,22.38683148212059,0],[69.47923978362846,22.388374453822824,0],[69.48265782553747,22.388074212038905,0]]],[[[69.20508460045235,22.389739700407855,0],[69.20526719999691,22.389631799850044,0],[69.20502650021747,22.38965670020847,0],[69.20508460045235,22.389739700407855,0]]],[[[69.20403049995868,22.389565399780103,0],[69.20357400035496,22.389913999729647,0],[69.2041716000399,22.389664999921585,0],[69.20403049995868,22.389565399780103,0]]],[[[69.47888769157221,22.39795161889963,0],[69.48539700292409,22.389002471556328,0],[69.47615225660638,22.389031213767307,0],[69.47888769157221,22.39795161889963,0]]],[[[69.20542490011226,22.395458399855148,0],[69.20577350072466,22.396537400262954,0],[69.20593120005134,22.396902599953346,0],[69.20542490011226,22.395458399855148,0]]],[[[69.20937569922845,22.400081499903383,0],[69.20954999981913,22.400006800332616,0],[69.20950019965633,22.399932100444197,0],[69.20937569922845,22.400081499903383,0]]],[[[69.20864530055108,22.401127299824207,0],[69.20847099995508,22.401442700404036,0],[69.20871170010457,22.401193700066898,0],[69.20864530055108,22.401127299824207,0]]],[[[69.50709012641127,22.432787175389763,0],[69.55128209255632,22.407653881571825,0],[69.54130106890887,22.394148333783725,0],[69.55826528829382,22.376153623928342,0],[69.54084301099721,22.38055256620561,0],[69.51879696693166,22.37243029952222,0],[69.50709012641127,22.432787175389763,0]]],[[[69.20681929956875,22.403683699961572,0],[69.20823030012417,22.40286199995825,0],[69.20843780055009,22.4023058999851,0],[69.20701849932799,22.403019700740344,0],[69.20681929956875,22.403683699961572,0]]],[[[69.20567390058667,22.404272999787878,0],[69.20586479978519,22.405185999693952,0],[69.20579839957465,22.404123599689076,0],[69.20567390058667,22.404272999787878,0]]],[[[69.1656750006218,22.412971000300093,0],[69.16735399984351,22.412094999534723,0],[69.16677000011343,22.411000000027972,0],[69.1656750006218,22.412971000300093,0]]],[[[69.27841509963213,22.417171200416874,0],[69.28046519982003,22.415926200039856,0],[69.27817440049755,22.416009200014052,0],[69.27841509963213,22.417171200416874,0]]],[[[69.27657250038057,22.419246200488192,0],[69.27799180034272,22.419237899640976,0],[69.27790049971156,22.4186319998405,0],[69.27657250038057,22.419246200488192,0]]],[[[69.07164549967672,22.429629500573782,0],[69.07181149933866,22.42987850020242,0],[69.07179489933135,22.429637800159437,0],[69.07164549967672,22.429629500573782,0]]],[[[69.0527713003283,22.430094300306024,0],[69.05313650035532,22.430393100397033,0],[69.0532277999944,22.43016070012076,0],[69.0527713003283,22.430094300306024,0]]],[[[69.621201246386,22.457336843466546,0],[69.65682751198295,22.42537913853491,0],[69.63649788126762,22.405715812472064,0],[69.59034686796859,22.430723935355445,0],[69.621201246386,22.457336843466546,0]]],[[[69.11039819950724,22.436717699935418,0],[69.11036499961556,22.436941799910276,0],[69.11063059993494,22.436883699463547,0],[69.11039819950724,22.436717699935418,0]]],[[[69.06900609929077,22.438253200277398,0],[69.06907250024089,22.438112100104576,0],[69.06885669984719,22.43797930025058,0],[69.06900609929077,22.438253200277398,0]]],[[[69.73863789602372,22.447679755331592,0],[69.73530942198441,22.449413763553302,0],[69.73890094687876,22.447822726911774,0],[69.73863789602372,22.447679755331592,0]]],[[[69.14319519020665,22.475950957865333,0],[69.14473636418018,22.45044921681406,0],[69.11542192078872,22.466788147176334,0],[69.10833886076381,22.436969205298283,0],[69.08444711518452,22.42215699896222,0],[69.09397292146357,22.460910696322888,0],[69.14319519020665,22.475950957865333,0]]],[[[69.73611241395693,22.44929709386433,0],[69.73759281597093,22.449226017159532,0],[69.73779854755205,22.4489127874672,0],[69.73611241395693,22.44929709386433,0]]],[[[69.29171139470998,22.458718146606678,0],[69.31776363298704,22.472089965616753,0],[69.32645542437109,22.457169755154453,0],[69.29171139470998,22.458718146606678,0]]],[[[69.3079891112702,22.471115463138034,0],[69.30397548830143,22.472445738741406,0],[69.30799858389298,22.471706988150093,0],[69.3079891112702,22.471115463138034,0]]],[[[69.08675149975954,22.48704889986152,0],[69.08703369952703,22.488891499712594,0],[69.08827039969266,22.489671700293023,0],[69.08675149975954,22.48704889986152,0]]],[[[69.31592074124708,22.52286763512761,0],[69.35414530888906,22.523870166981517,0],[69.36346300550358,22.512199150931508,0],[69.34629998654826,22.504299977458018,0],[69.31592074124708,22.52286763512761,0]]],[[[69.40325540029416,22.527270700017535,0],[69.4037865991866,22.528665100197603,0],[69.40396920051886,22.527270699853236,0],[69.40325540029416,22.527270700017535,0]]],[[[68.53254042924787,23.688413247848377,0],[68.5298092227202,23.67568511620725,0],[68.53856712022743,23.685644720069885,0],[68.54742652824599,23.674954379307376,0],[68.52869775901623,23.67399592071193,0],[68.52204239948662,23.65347752016754,0],[68.53254042924787,23.688413247848377,0]]],[[[69.80117609991825,22.488989900205436,0],[69.8010831998778,22.4933757995415,0],[69.8044365999082,22.492936599717307,0],[69.80117609991825,22.488989900205436,0]]],[[[69.94499799969451,22.52411350002955,0],[69.9329467996112,22.51927650045305,0],[69.938367899168,22.532313099918824,0],[69.94499799969451,22.52411350002955,0]]],[[[69.93615052496381,22.5308763612545,0],[69.92732766333268,22.527569912976833,0],[69.9359768022835,22.533739063544783,0],[69.93615052496381,22.5308763612545,0]]],[[[69.9431065995684,22.530989800420926,0],[69.94565839978235,22.53059890020453,0],[69.94507449941611,22.529667900065846,0],[69.9431065995684,22.530989800420926,0]]],[[[69.93153699988315,22.541511599761797,0],[69.919086299364,22.5425498995135,0],[69.93470540024701,22.5350413004337,0],[69.9165293000039,22.53144219959648,0],[69.93059570027425,22.519768700043166,0],[69.91866449999335,22.513359599776276,0],[69.86366559934459,22.52821869976653,0],[69.89097860039385,22.524410600632013,0],[69.91677379993008,22.54883329975835,0],[69.93153699988315,22.541511599761797,0]]],[[[69.95441020032239,22.53422810026644,0],[69.9563488995746,22.53594580018874,0],[69.9573907006045,22.535908499726,0],[69.95441020032239,22.53422810026644,0]]],[[[70.05567638991167,22.542432655297898,0],[70.0482154674828,22.52375091013609,0],[70.03491069687611,22.53558676046304,0],[70.04016152277015,22.552843960585534,0],[70.05567638991167,22.542432655297898,0]]],[[[69.93286619961732,22.538479800049714,0],[69.93261209960018,22.540613599647244,0],[69.9329401999755,22.54057960040241,0],[69.93286619961732,22.538479800049714,0]]],[[[69.95720309977507,22.538822099776826,0],[69.96045180005046,22.54391719994246,0],[69.96398729945653,22.54235690011903,0],[69.95720309977507,22.538822099776826,0]]],[[[69.94435840085858,22.55036170026835,0],[69.95085759995969,22.53662450047411,0],[69.93939319994949,22.53972970065572,0],[69.94435840085858,22.55036170026835,0]]],[[[70.018795400259,22.547997700059316,0],[70.01718680054944,22.55169729971369,0],[70.02432380056497,22.552524600260995,0],[70.018795400259,22.547997700059316,0]]],[[[70.0109886005946,22.551854899700206,0],[69.99642109944841,22.549256700694297,0],[70.01205979941739,22.554201100334694,0],[70.0109886005946,22.551854899700206,0]]],[[[70.01619389921018,22.557399300557282,0],[70.02503190014522,22.557336299909043,0],[70.01298010027753,22.55379330006524,0],[70.01619389921018,22.557399300557282,0]]],[[[70.03988029980253,22.5643674998673,0],[70.04517589969865,22.571361699796732,0],[70.04605229957743,22.570772300216593,0],[70.03988029980253,22.5643674998673,0]]],[[[70.02225209977733,22.586779800019094,0],[70.02554939929679,22.570322800257188,0],[70.00685380005064,22.554606099816578,0],[70.00269720084239,22.556224700198914,0],[70.00491150001818,22.568561300551938,0],[70.00094809948641,22.57230820001659,0],[69.99416259925287,22.549491199708772,0],[69.97507510092362,22.546785800046145,0],[69.97830340020877,22.548544599960145,0],[69.98080589974975,22.55603750030336,0],[69.97580029921988,22.563397599617648,0],[69.97730079929258,22.548646899932177,0],[69.9593624993837,22.550064900154222,0],[69.96672989984356,22.575460999382944,0],[70.02225209977733,22.586779800019094,0]]],[[[69.93204886267172,22.578251416609614,0],[69.93356091689273,22.578178593858716,0],[69.93241806414053,22.5775379194549,0],[69.93204886267172,22.578251416609614,0]]],[[[70.04513579783307,22.593417500404126,0],[70.04663398514471,22.59487250747941,0],[70.04718879611016,22.594297563554974,0],[70.04513579783307,22.593417500404126,0]]],[[[69.96125349973612,22.59847639996988,0],[69.96155490063599,22.600268200091904,0],[69.96245960021672,22.59961120034115,0],[69.96125349973612,22.59847639996988,0]]],[[[69.95791950017491,22.602369100203433,0],[69.9620113994669,22.601041099505515,0],[69.96330430032404,22.6001381992604,0],[69.96327300025058,22.598717099463492,0],[69.96194719987766,22.596560899938435,0],[69.96124470073052,22.596096700124384,0],[69.96314950012149,22.5997136007737,0],[69.95950980016512,22.601651499818484,0],[69.95158660045726,22.59876690002396,0],[69.95791950017491,22.602369100203433,0]]],[[[70.12911577251919,22.98192846408187,0],[70.13234888542169,22.983079675160923,0],[70.13056882123179,22.98001853473134,0],[70.12911577251919,22.98192846408187,0]]],[[[70.45165783482346,22.986675466558218,0],[70.43573971316249,22.984307690063456,0],[70.45631673495956,22.997667022297566,0],[70.45165783482346,22.986675466558218,0]]],[[[70.41107113794872,22.98940836984864,0],[70.41558087858894,23.017152372392754,0],[70.44932771697653,23.04939002451936,0],[70.43120906214303,23.006243879400454,0],[70.41107113794872,22.98940836984864,0]]],[[[70.43964014750038,23.043050885316223,0],[70.42953235133659,23.03269302609619,0],[70.4167533739964,23.023035020923636,0],[70.42804851088975,23.04254058769553,0],[70.43964014750038,23.043050885316223,0]]],[[[70.44919706714349,23.025144839457912,0],[70.45587595215827,23.042853653940906,0],[70.45962540096141,23.04720399022447,0],[70.44919706714349,23.025144839457912,0]]],[[[70.45077844741358,23.043890070166363,0],[70.45340860262681,23.044922677407676,0],[70.45104587440296,23.042454247020743,0],[70.45077844741358,23.043890070166363,0]]],[[[70.46202762660135,23.04266070572585,0],[70.48009337316616,23.061860506307244,0],[70.48344122222353,23.062720591731143,0],[70.46202762660135,23.04266070572585,0]]],[[[70.45757604320066,23.054641155160535,0],[70.45933739658817,23.05458155383126,0],[70.45778541819163,23.053810327155173,0],[70.45757604320066,23.054641155160535,0]]],[[[70.46391530581144,23.05670105240674,0],[70.47013275694596,23.058932239672924,0],[70.46236718879743,23.05452122052794,0],[70.46391530581144,23.05670105240674,0]]],[[[70.25780887608623,23.17064231910241,0],[70.25646397388994,23.173774695929776,0],[70.25764803020547,23.173804260205987,0],[70.25780887608623,23.17064231910241,0]]],[[[70.2558519415617,23.17592931328131,0],[70.25217145967764,23.175484551510085,0],[70.24956959636859,23.176977399235593,0],[70.2558519415617,23.17592931328131,0]]],[[[71.17139413662136,20.765337561222164,0],[71.17043284303645,20.76457375456011,0],[71.17078262087455,20.765094856338468,0],[71.17123233488448,20.76533756156766,0],[71.17139413662136,20.765337561222164,0]]],[[[71.17122519686781,20.76541608374524,0],[71.17241015662466,20.766336935074342,0],[71.17259575230372,20.766122782312777,0],[71.17189619785294,20.765351837773448,0],[71.17122519686781,20.76541608374524,0]]],[[[71.17541099978241,20.766765000126366,0],[71.17615830032913,20.766542700426456,0],[71.17512280007682,20.7665169996821,0],[71.17541099978241,20.766765000126366,0]]],[[[71.2546650219156,20.81171848339452,0],[71.25697975348665,20.81345205399466,0],[71.25675261236721,20.812007714399122,0],[71.2546650219156,20.81171848339452,0]]],[[[71.26192128510952,20.81486368072539,0],[71.26204855319243,20.817000072263962,0],[71.26315324621989,20.816335379283565,0],[71.26192128510952,20.81486368072539,0]]],[[[71.26936340916446,20.819459001973428,0],[71.27104000873182,20.820361513933513,0],[71.27089422931915,20.81938273346707,0],[71.26936340916446,20.819459001973428,0]]],[[[71.30313653470994,20.830978590947403,0],[71.30297274108122,20.832012689589927,0],[71.3049036108284,20.832541901525044,0],[71.30313653470994,20.830978590947403,0]]],[[[71.30901083333076,20.832493803873014,0],[71.30793955490178,20.832633402546364,0],[71.30919324699312,20.83279647828913,0],[71.30901083333076,20.832493803873014,0]]],[[[71.3035913548838,20.83437492357553,0],[71.30378380498173,20.833684042947258,0],[71.30277010571999,20.833941043168643,0],[71.3035913548838,20.83437492357553,0]]],[[[71.45736430042322,20.878135399633493,0],[71.45623550075177,20.878002599807612,0],[71.45613589930367,20.878367800657433,0],[71.45736430042322,20.878135399633493,0]]],[[[71.5281556027003,20.904770430803424,0],[71.53243254274169,20.902936267073464,0],[71.52565642803194,20.903662963770103,0],[71.5281556027003,20.904770430803424,0]]],[[[71.5353179005017,20.903641299559663,0],[71.53409780091941,20.903931800049435,0],[71.53559179985167,20.904089499944,0],[71.5353179005017,20.903641299559663,0]]],[[[71.53669570007226,20.903840500060394,0],[71.53654629957927,20.90410610012632,0],[71.53678699967976,20.903998199438156,0],[71.53669570007226,20.903840500060394,0]]],[[[71.53358319930615,20.904097799316098,0],[71.53369110011455,20.90390690030137,0],[71.53340059995192,20.9038902994044,0],[71.53358319930615,20.904097799316098,0]]],[[[71.51277902362744,20.91107621371896,0],[71.52449811989214,20.904916183551887,0],[71.50990634342479,20.90389796476947,0],[71.51277902362744,20.91107621371896,0]]],[[[71.52060230555082,20.912825510300934,0],[71.52091053507074,20.913575708499618,0],[71.52131732612501,20.913295575562493,0],[71.52060230555082,20.912825510300934,0]]],[[[71.54709559957324,20.913128199857088,0],[71.54603319955692,20.913335700335637,0],[71.54726990005189,20.913343999796833,0],[71.54709559957324,20.913128199857088,0]]],[[[71.54518078043344,20.91343815485952,0],[71.54530642303253,20.91427742848841,0],[71.54564410241134,20.914095784637656,0],[71.54518078043344,20.91343815485952,0]]],[[[71.67510230009678,20.984430500435224,0],[71.6755182000137,20.98412189972474,0],[71.67514709981972,20.984113900442185,0],[71.67510230009678,20.984430500435224,0]]],[[[71.67670839935846,20.987927799805682,0],[71.67508989997845,20.98811869957451,0],[71.67627250050059,20.98951220033955,0],[71.67670839935846,20.987927799805682,0]]],[[[71.676617100588,20.99199480037034,0],[71.6757621993431,20.992857999479263,0],[71.6772332002123,20.99381930008731,0],[71.676617100588,20.99199480037034,0]]],[[[71.68558459976701,20.993696600216442,0],[71.68624689994971,20.993326799910584,0],[71.68508660056703,20.99299349952294,0],[71.68558459976701,20.993696600216442,0]]],[[[71.65828315792803,20.99647155042528,0],[71.65616196999325,20.994692588396074,0],[71.65535416374314,20.995081137948063,0],[71.65828315792803,20.99647155042528,0]]],[[[71.70986690024156,20.997340000317646,0],[71.70941869994064,20.998435600557965,0],[71.7106338000296,20.998152299648886,0],[71.70986690024156,20.997340000317646,0]]],[[[71.6981473007856,20.998435600560903,0],[71.70342610054394,20.996858600083492,0],[71.69644580008023,20.997406399386257,0],[71.6981473007856,20.998435600560903,0]]],[[[71.9164836987093,21.107195860857416,0],[71.91521322384905,21.107155534394128,0],[71.915656084996,21.107715338242564,0],[71.9164836987093,21.107195860857416,0]]],[[[72.01218163374934,21.134033041378217,0],[72.0127022921821,21.133021893386015,0],[72.01099305366178,21.133612184348085,0],[72.01218163374934,21.134033041378217,0]]],[[[72.99550017072347,20.214775055072085,0],[72.97477530585296,20.2192688108176,0],[72.97922539872951,20.23403464100662,0],[73.00831689514871,20.22895959598781,0],[72.99550017072347,20.214775055072085,0]]],[[[72.03315029453577,21.15559126022219,0],[72.03503256300544,21.155560550304962,0],[72.03366121129706,21.15452129064553,0],[72.03315029453577,21.15559126022219,0]]],[[[72.04555200020302,21.16070399989778,0],[72.04718399985727,21.16151999959482,0],[72.04627199991779,21.160319999839313,0],[72.04555200020302,21.16070399989778,0]]],[[[72.06767852951198,21.17735498404272,0],[72.06742845546874,21.176596195811566,0],[72.06675914532657,21.176677279765673,0],[72.06767852951198,21.17735498404272,0]]],[[[72.08360419977306,21.18652260053563,0],[72.08383670028415,21.186167399774586,0],[72.08350829934987,21.186264600096422,0],[72.08360419977306,21.18652260053563,0]]],[[[72.7533152999939,21.56603329954147,0],[72.74892310004695,21.587057000142647,0],[72.77066810031039,21.597352899925987,0],[72.7533152999939,21.56603329954147,0]]],[[[72.74001873135863,21.644758842372326,0],[72.8158983730251,21.65284755643484,0],[72.82555562277915,21.634440129117866,0],[72.79322955985363,21.608448680743003,0],[72.69512373410835,21.58847487630611,0],[72.64220657172488,21.532245340887066,0],[72.57519465884332,21.5323254209226,0],[72.58016544137705,21.585712740164006,0],[72.6004747236841,21.5779326280534,0],[72.59880227913067,21.54866821021969,0],[72.61742312629973,21.546973856410556,0],[72.60695504492944,21.587579026983597,0],[72.62660387339828,21.628827040721266,0],[72.67189992939743,21.645324773309067,0],[72.74001873135863,21.644758842372326,0]]],[[[72.36115810992999,21.595694587897963,0],[72.35017567383179,21.602548017804402,0],[72.35031178536259,21.608432136661243,0],[72.36115810992999,21.595694587897963,0]]],[[[72.74861096815532,21.652849353623235,0],[72.74950947295582,21.656055480883012,0],[72.74947754207781,21.651725149043052,0],[72.74861096815532,21.652849353623235,0]]],[[[72.7488543233461,21.661417452843104,0],[72.74334599818303,21.648077219237628,0],[72.74038485442293,21.64729840068252,0],[72.7488543233461,21.661417452843104,0]]],[[[72.73544927007536,21.653467130630602,0],[72.72531127797825,21.65091560337094,0],[72.73708724900533,21.659715951855596,0],[72.73544927007536,21.653467130630602,0]]],[[[72.76072481652803,21.659696663474364,0],[72.75582577731707,21.6546673199531,0],[72.75062392669209,21.654008801724853,0],[72.76072481652803,21.659696663474364,0]]],[[[72.73398777498251,21.66492817360346,0],[72.72417049301,21.65260722078085,0],[72.71513178638618,21.659678639869863,0],[72.72993879763762,21.661894733429826,0],[72.73398777498251,21.66492817360346,0]]],[[[72.74241924707604,21.65751829025645,0],[72.7445954210146,21.66111501264947,0],[72.74728571474509,21.661178910198373,0],[72.74241924707604,21.65751829025645,0]]],[[[72.72538880730266,21.67038601671411,0],[72.72770892127774,21.66236581883779,0],[72.7166917660515,21.663606439420416,0],[72.72538880730266,21.67038601671411,0]]]]},"id":11},{"type":"Feature","properties":{"state":"HARYANA","id":12},"geometry":{"type":"MultiPolygon","coordinates":[[[[76.44104282581952,28.119878050622876,0],[76.42285252754866,28.114322641599298,0],[76.42927651843974,28.13851237758029,0],[76.44104282581952,28.119878050622876,0]]],[[[76.85219386036222,28.220979626857055,0],[76.80839923561993,28.210863811584577,0],[76.7948108453456,28.148382624598607,0],[76.76244775178121,28.14263914538207,0],[76.74355877232654,28.121030118831076,0],[76.71575823665708,28.127737867521432,0],[76.68735686326607,28.087653238319024,0],[76.65726538217746,28.08929703343847,0],[76.6543909708958,28.034682109844365,0],[76.66815758105172,28.01382922595955,0],[76.58988532138311,27.99785736113069,0],[76.54813569007021,27.96384368198976,0],[76.53595254098033,27.97951511280178,0],[76.54381992860155,28.03420612402009,0],[76.45467434829065,28.042326459764556,0],[76.4625396088931,28.059105594976455,0],[76.50124374659578,28.059687276279657,0],[76.44784091073254,28.088959812795522,0],[76.4636948970689,28.10915873665442,0],[76.4990472234439,28.100198408239915,0],[76.50267623965851,28.118711156853575,0],[76.47204815171672,28.135077650197946,0],[76.47573559317296,28.148583185019643,0],[76.38172722822374,28.133235411429343,0],[76.35656783542139,28.143733279423348,0],[76.34525083280214,28.16939869750221,0],[76.29226591635249,28.179216353991052,0],[76.28070614319039,28.165532551974742,0],[76.30456317392296,28.159322233738735,0],[76.29758292383107,28.149115291399692,0],[76.35986118800656,28.12491869222097,0],[76.33659444120507,28.102607805340366,0],[76.301441763657,28.097869328825297,0],[76.35566968504607,28.070732447816198,0],[76.34236339651964,28.030575723572493,0],[76.3189542674212,28.015530768830025,0],[76.29897753517376,28.022706753284986,0],[76.2935559644042,28.049201820787108,0],[76.26096208499229,28.06752875650599,0],[76.23804263995264,28.049715573789754,0],[76.18040480857202,28.054518994739862,0],[76.21480262674412,28.026582663643662,0],[76.17688975356037,28.02154942890181,0],[76.15778327334364,27.98898217891465,0],[76.18664073209393,27.965478475677603,0],[76.16820689815408,27.903380117232754,0],[76.201464655182,27.892541588187516,0],[76.19380583574672,27.859511696421226,0],[76.22517893023483,27.833256513111376,0],[76.21732662704328,27.81681047144181,0],[76.19959822444724,27.82155792470866,0],[76.17496056889179,27.79807353626386,0],[76.13226702380905,27.824475891619,0],[76.12333438091979,27.851025002464834,0],[76.08888343108222,27.860542391012796,0],[76.08567086829655,27.84470766488415,0],[76.04807723309514,27.834983556171313,0],[75.97137309025517,27.851966256687785,0],[75.98748690164399,27.904163035152823,0],[75.9382765518481,27.91407886115994,0],[75.93235593911939,27.930138395030337,0],[75.95167894775095,27.94772681610736,0],[75.97271509647761,27.932666440008486,0],[75.9999352211049,27.977578491981937,0],[75.96579939487539,27.98361184705702,0],[75.96671818821726,28.000028786008137,0],[75.98993151307477,27.994693620417674,0],[75.99554193027076,28.006893844061867,0],[75.97273427808327,28.023637573997163,0],[75.99462202230688,28.038517701399392,0],[76.01639215810765,28.03050920201583,0],[76.00827666607495,28.058393937224437,0],[76.0253595304529,28.05424113635996,0],[76.04079718702339,28.074057619810972,0],[76.02324251323682,28.085985192356354,0],[75.98441039965536,28.047085182272614,0],[75.98343352707718,28.08135046092374,0],[75.93860331786355,28.087942098725616,0],[75.94556423559919,28.107164588646576,0],[75.99899437281758,28.12277137294257,0],[76.007489918849,28.15314856020817,0],[76.03178535413028,28.167859841198098,0],[76.07068556061427,28.165145191679812,0],[76.07469964163263,28.137137972778667,0],[76.09545334466988,28.15086201952741,0],[76.07191932045748,28.194340366449076,0],[76.04733637503628,28.198142412013514,0],[76.05600282285435,28.22028400366769,0],[76.01610914485096,28.236951813333437,0],[76.02632987239761,28.275032220598096,0],[75.98620615542193,28.293120468747713,0],[75.972456365329,28.318576905245028,0],[75.95783866619061,28.3138291927058,0],[75.91824278594021,28.371999478348126,0],[75.81866950383596,28.409913274340123,0],[75.77679440061273,28.40037279385709,0],[75.7667165225546,28.414227847773716,0],[75.78829449947496,28.453549385712112,0],[75.73566964709708,28.46884126231714,0],[75.73947313156339,28.484761001880383,0],[75.70197990878061,28.491774586523235,0],[75.66579911196449,28.535990874214395,0],[75.6334766218031,28.544437930663033,0],[75.6217086849566,28.6020677856265,0],[75.56151879320986,28.61321459237037,0],[75.54121035063027,28.660488057443192,0],[75.5360961812029,28.745168019925643,0],[75.50326125414078,28.782530959773368,0],[75.52024687472235,28.833987607758228,0],[75.49846806959374,28.84895622765637,0],[75.496599343304,28.89616156866914,0],[75.47339618340872,28.923379821280683,0],[75.5115641623365,28.942061502069947,0],[75.52742040497718,28.971004243179294,0],[75.52199592066835,29.00374538904139,0],[75.44571890981396,29.00832058787959,0],[75.44181916095846,29.057538070709178,0],[75.39125699046909,29.062731320788725,0],[75.40216329275023,29.12790091142126,0],[75.37150023281696,29.138102676829654,0],[75.38125212984431,29.168952063347277,0],[75.40677398750695,29.169747956842627,0],[75.41438070986105,29.184314529929473,0],[75.3968233854048,29.217536737154127,0],[75.41069842695549,29.25547510222547,0],[75.37802291690416,29.256833344401876,0],[75.34984180224473,29.22377363225298,0],[75.32812230698688,29.235313717981974,0],[75.34061148621717,29.28113448054524,0],[75.32204769000589,29.28949192288787,0],[75.2874144841867,29.273324515748367,0],[75.28376811657364,29.24978839018245,0],[75.24468682831882,29.250000681969567,0],[75.23839448858978,29.23023811103201,0],[75.21014258397149,29.234649366440788,0],[75.18800640050092,29.26819080283908,0],[75.16283257125401,29.244016238332158,0],[75.12438994762219,29.239869629153116,0],[75.11961069537142,29.22286515771937,0],[75.07554239415241,29.22968910758613,0],[75.05000077000003,29.286076002685338,0],[74.99922855586338,29.270306240022435,0],[74.96116774044674,29.280582243626263,0],[74.94841219458633,29.301472134010798,0],[74.96089525473495,29.320254025779963,0],[74.93828471003332,29.362033581924823,0],[74.85058115587229,29.403593998547457,0],[74.76220304421842,29.35437636971396,0],[74.65822588203876,29.371966652967252,0],[74.65450904984502,29.332940238581177,0],[74.59928636717126,29.327456369981064,0],[74.60291079502234,29.364909024257468,0],[74.56641304648254,29.420481501408595,0],[74.53662283884971,29.424546368210073,0],[74.53465639074844,29.447716291438834,0],[74.5437688128378,29.46796879198112,0],[74.58466472020412,29.45849083630372,0],[74.62189393484488,29.52224752714206,0],[74.57497238594102,29.564320731830335,0],[74.61594028033947,29.75226630832735,0],[74.5874882365443,29.766907636374217,0],[74.57811433801001,29.74798858497164,0],[74.50670913377728,29.74231325065295,0],[74.47786680244437,29.74680731326614,0],[74.47362110672299,29.76721475557572,0],[74.4835200511276,29.813599187492105,0],[74.54418936053247,29.844394722894837,0],[74.56105618429261,29.86977608289454,0],[74.54382772179635,29.901683601151017,0],[74.50979156717166,29.90842424457672,0],[74.53156547098196,29.94967240398581,0],[74.59725657186507,29.912769852738126,0],[74.65080612872278,29.905083970604874,0],[74.65168691951997,29.92659915022734,0],[74.70687210824688,29.97698597822305,0],[74.73098813693124,29.9614569148799,0],[74.81298068460985,29.992347220704932,0],[74.82105994162468,29.971024983078355,0],[74.85541525767371,29.95649245713147,0],[74.88796150859969,29.966723002357813,0],[74.89720232501719,29.9396900154397,0],[74.92670728425193,29.950488894091475,0],[74.99099251395225,29.86782316990093,0],[75.02254683341268,29.86625331321766,0],[75.04698699618523,29.8850725667947,0],[75.06999331322206,29.877048373117848,0],[75.08643635329328,29.916546851053646,0],[75.09878078005293,29.912781506308498,0],[75.11473637235531,29.87865054338503,0],[75.09009865350231,29.854004916539285,0],[75.11890053542264,29.831582529104097,0],[75.10076163314119,29.80677926733165,0],[75.13511354624694,29.807285593941202,0],[75.15550454837438,29.776880921413856,0],[75.1640750049895,29.82409317275783,0],[75.19148883921814,29.841235019421312,0],[75.21068332812357,29.832402100335624,0],[75.20853844153734,29.792669416042663,0],[75.2263089391784,29.789133763249097,0],[75.24161132362207,29.754636146376477,0],[75.22635225608607,29.728872233010637,0],[75.2103396469465,29.73880713042295,0],[75.20064433979657,29.726480838294364,0],[75.20680376898986,29.687513672161632,0],[75.16756580521596,29.670179499740424,0],[75.18762588583091,29.651794676575513,0],[75.18307305397195,29.628399460853323,0],[75.23538227600685,29.60306509537874,0],[75.2217284544105,29.580282818328534,0],[75.23536718045504,29.542070143851607,0],[75.3094755345716,29.56083467961868,0],[75.31994021151985,29.58741242166957,0],[75.28969589392881,29.607807921410306,0],[75.29573748107035,29.62503374992962,0],[75.31659195900396,29.630615264456,0],[75.3337679065629,29.67347375820552,0],[75.3601690959074,29.662599264166467,0],[75.3457294485041,29.696003366593953,0],[75.3921423885394,29.713164017619512,0],[75.40631598797745,29.761249121006248,0],[75.45397692287749,29.78200067919288,0],[75.45954169322445,29.807513901572445,0],[75.51860352174975,29.775815628207408,0],[75.52303896145324,29.758402978757903,0],[75.56212434544379,29.77022298342192,0],[75.57997520379605,29.739091883284622,0],[75.62745191623252,29.74836025652413,0],[75.64246319685927,29.775091425684895,0],[75.67717455747075,29.776578769053902,0],[75.70644671507326,29.753196360641585,0],[75.72067561012233,29.813543449560672,0],[75.75617472755083,29.804995456119197,0],[75.77883232338269,29.822343591407382,0],[75.8056503714125,29.804723700640608,0],[75.83775517518694,29.813018025564208,0],[75.87025020241293,29.74930270765595,0],[75.90631169041713,29.75333151765365,0],[75.93869236210213,29.730664040544113,0],[75.98441575028065,29.72710784077089,0],[76.02610509923288,29.756152674873228,0],[76.043847289627,29.742677102521434,0],[76.09808481490553,29.810606833200037,0],[76.12395044901236,29.79091164367062,0],[76.14548769677512,29.819079747411475,0],[76.17373978272254,29.81790646962162,0],[76.1978173783363,29.844761768758417,0],[76.22055152372788,29.837843741417768,0],[76.2438162216716,29.852408110718525,0],[76.24675730863942,29.87595111608075,0],[76.19345543162916,29.885622026556725,0],[76.18780626406284,29.92062645355666,0],[76.17197242586282,29.926272375013358,0],[76.18375563305969,29.948300934390616,0],[76.21017583290396,29.93961316239276,0],[76.20241298717852,29.98931766413083,0],[76.23199444819069,30.0152075395012,0],[76.2139622715715,30.031721301891896,0],[76.26530336909185,30.098782291688966,0],[76.19637811350677,30.12345305581531,0],[76.2024370195382,30.13604857509276,0],[76.2242828153494,30.127075914502957,0],[76.20766999899652,30.156993500456654,0],[76.3217633327855,30.095059198214525,0],[76.36023159655602,30.120166088715898,0],[76.33350782645134,30.13816629293501,0],[76.35049026992401,30.146830861610823,0],[76.36220302745595,30.120118583717638,0],[76.40006489241678,30.116670549140302,0],[76.39110779463508,30.13480293260143,0],[76.41009449890835,30.14503551889654,0],[76.38718122214462,30.170593931645925,0],[76.42273748811624,30.19223820496339,0],[76.44058212690219,30.16584074051675,0],[76.42859134257365,30.15054705252223,0],[76.45998318151842,30.129444255589778,0],[76.46254858010256,30.101020376820355,0],[76.50207554383444,30.091918490794562,0],[76.50827791237869,30.07030630469687,0],[76.54375940515713,30.074273576691546,0],[76.64374388783604,30.150211314432426,0],[76.60730860069287,30.191776707763083,0],[76.61419086297332,30.2044333322333,0],[76.64560471687854,30.18806530237223,0],[76.63543324610478,30.169974959427677,0],[76.6571279307143,30.18712151772975,0],[76.65425987268121,30.203465757781117,0],[76.61553489233468,30.211678307776754,0],[76.62750630866111,30.227186301973248,0],[76.59633300738756,30.25520715967523,0],[76.56075196127307,30.22891985877903,0],[76.54567344462448,30.225547123332912,0],[76.55667999001143,30.262438015859704,0],[76.62343087035939,30.26455214694054,0],[76.63541809518512,30.289593287426502,0],[76.68078762604557,30.303131150191923,0],[76.68859423900003,30.32727142436914,0],[76.74609173340224,30.349533723359237,0],[76.74541396618031,30.36782949669576,0],[76.71991201811299,30.363328954410964,0],[76.73124010217893,30.379662023300106,0],[76.71284692607861,30.39020456363138,0],[76.74104725490085,30.42621788549312,0],[76.77429490714398,30.443275748658355,0],[76.78703677780985,30.41621060200696,0],[76.82183414940864,30.41268154961986,0],[76.8467896211742,30.43807877032283,0],[76.85612694752854,30.417646439577364,0],[76.88336462178503,30.40864539325695,0],[76.89826158891375,30.358818676165978,0],[76.93867905972385,30.386094412306846,0],[76.93315076759833,30.40154619419026,0],[76.91235197877803,30.400629611848405,0],[76.91228979301466,30.442907780394574,0],[76.8975522544927,30.437102935379645,0],[76.9138145207027,30.46767046125296,0],[76.89895962423766,30.4887923238645,0],[76.93117076418255,30.500355220833313,0],[76.93201792542098,30.522188065468338,0],[76.88649885556046,30.549829494230757,0],[76.91616122469075,30.553663429686832,0],[76.90965507128608,30.591878888972,0],[76.92601135584584,30.610063776787072,0],[76.87121919082884,30.642122940494247,0],[76.87644722791539,30.68050561358444,0],[76.85301857699835,30.657196904180886,0],[76.83153938616104,30.66475020905561,0],[76.82515611579372,30.68824623749271,0],[76.84944526446776,30.718273024015108,0],[76.83150076069369,30.73951124638686,0],[76.85698714282027,30.794747584255305,0],[76.84669987761458,30.83390559225758,0],[76.81399823969896,30.842986563757194,0],[76.77608647002307,30.905971181782682,0],[76.82240389885757,30.928542868317976,0],[76.86957886339445,30.87312226833993,0],[76.91687215036286,30.90076549701043,0],[76.95125043779481,30.850522847331113,0],[76.94263868074653,30.817429278692558,0],[76.96007429336696,30.827309231804264,0],[77.0125206783997,30.80918595907594,0],[77.0185900847367,30.780303088925574,0],[77.00126652392788,30.77043637686023,0],[77.018614554369,30.765537192379895,0],[77.01751043566168,30.743420039475584,0],[77.09352853480448,30.74233249895037,0],[77.16719489315767,30.683901292735243,0],[77.17377382158996,30.600555039567105,0],[77.12173108064363,30.562937674660887,0],[77.14535888131863,30.536451224785075,0],[77.19503638121824,30.52257167268188,0],[77.21350550487736,30.46840719096145,0],[77.22808637269978,30.48544898824421,0],[77.30872305782621,30.449158245124256,0],[77.35358302153061,30.460747854104394,0],[77.36397667897654,30.43437309452649,0],[77.38755855922948,30.441998778285786,0],[77.40831399525021,30.428721761297627,0],[77.39864188271937,30.41741897663562,0],[77.40954041197242,30.409790297358793,0],[77.45901192351418,30.458100983445544,0],[77.46156229307977,30.434611133880264,0],[77.42381978433579,30.410750926533332,0],[77.44531764608637,30.395998100887127,0],[77.49870993063863,30.40581519513044,0],[77.51979694767391,30.445390850561513,0],[77.54679013355906,30.39600740691621,0],[77.60459126584664,30.36695079829956,0],[77.577980836262,30.33077732846439,0],[77.58309919305273,30.30761476214991,0],[77.53824685191208,30.27796293802968,0],[77.4805325565988,30.184224877466633,0],[77.4256893435837,30.15812013991354,0],[77.42505282220627,30.131454775138657,0],[77.40316014178099,30.111746361954626,0],[77.42386082390061,30.10320646233661,0],[77.3774532585512,30.090022787182516,0],[77.33430343797481,30.053739049072576,0],[77.27778410860999,30.04181110436406,0],[77.27766375745975,30.000237854474125,0],[77.21748381818546,29.92341919867985,0],[77.18576017739517,29.907530844334218,0],[77.20203107305849,29.86890394366189,0],[77.17824932867164,29.84579897426511,0],[77.17919908777883,29.812668731088895,0],[77.11980886361766,29.760078872288542,0],[77.15655277563762,29.692582529856292,0],[77.13151775903142,29.641840096275658,0],[77.10620488308338,29.632331138635234,0],[77.10952945695264,29.597434899546375,0],[77.08395017694671,29.58723894830551,0],[77.12683644312526,29.559452359999195,0],[77.09637137403517,29.519494061601193,0],[77.13330877505418,29.48306326707964,0],[77.12320882392493,29.45537362514498,0],[77.14842371628079,29.434078320007917,0],[77.13325345907272,29.400841093975735,0],[77.1574068597722,29.387306942253765,0],[77.12329539194877,29.3703426997736,0],[77.12952595876723,29.342576652741634,0],[77.16115481557206,29.332360105406305,0],[77.13895394934427,29.26784329929501,0],[77.150002010932,29.23276079841971,0],[77.13141416538453,29.217488691070823,0],[77.14908458289808,29.117647478432303,0],[77.13397386569639,29.096000601404686,0],[77.1637625825614,29.079425750372607,0],[77.16697390155247,29.033816988246677,0],[77.18911940721614,29.02766842678454,0],[77.20274108137976,28.985262513451232,0],[77.1959015109863,28.9393282312026,0],[77.23123365184324,28.92053070307242,0],[77.22810077723345,28.881186117979684,0],[77.19546426427253,28.88620618212732,0],[77.18930304645026,28.867882327573643,0],[77.2099156493239,28.857715801298614,0],[77.17540486138965,28.858322343998044,0],[77.15774857803109,28.8366899555956,0],[77.14241375220017,28.838860828248826,0],[77.14031683531778,28.86206011904672,0],[77.12093054713877,28.85831083388982,0],[77.08265989172514,28.883499627776043,0],[77.04023226319573,28.832063139706992,0],[76.99481415899383,28.839509461371307,0],[76.95101399691987,28.81818314257263,0],[76.94449006221866,28.75407274137082,0],[76.96006046935466,28.732735878216406,0],[76.9481975178091,28.712987977121117,0],[76.96782998803621,28.69962869648221,0],[76.95379990651587,28.667721799529115,0],[76.92496433415464,28.650146274727035,0],[76.94299476280091,28.627997454699745,0],[76.93456956253571,28.618354408855588,0],[76.88784768508316,28.631664714752475,0],[76.86430941898814,28.585995922000247,0],[76.83953310721951,28.582792344190864,0],[76.84240937592509,28.556303975844298,0],[76.88712639771217,28.52057298231526,0],[76.88544726817571,28.501136168905205,0],[76.90792914614157,28.51380771036986,0],[76.95167256076839,28.504221142944097,0],[76.97810198073134,28.521322273065177,0],[77.01022178247702,28.51434732362815,0],[77.00665308470721,28.541407168926405,0],[77.05894956666558,28.51264171815704,0],[77.09313203271634,28.51410127143355,0],[77.12073213166714,28.495940198226155,0],[77.11077756102489,28.471311989852925,0],[77.123629407854,28.445455659782763,0],[77.16229597478055,28.42893937429316,0],[77.1744831497835,28.40466759121842,0],[77.249301986177,28.42417953746667,0],[77.23292011088765,28.457912107575652,0],[77.2432971106465,28.478819954386392,0],[77.29026575562729,28.49653527679805,0],[77.31410043304082,28.4836065646091,0],[77.34511183620188,28.51322964242172,0],[77.37173551935285,28.49843982237303,0],[77.38047109237979,28.470268263103634,0],[77.40809422811923,28.46716867689832,0],[77.4000592298306,28.455641665311255,0],[77.4334333283192,28.454916119540805,0],[77.4355154479206,28.430945449712375,0],[77.47763091714867,28.419055325092152,0],[77.47343911452788,28.396974874119536,0],[77.50482150726606,28.369994451445862,0],[77.47121355702036,28.334820919566447,0],[77.50707256527929,28.30568781863513,0],[77.49269065485663,28.251981234370238,0],[77.55042094309879,28.242355543325218,0],[77.52128480610828,28.224441518838336,0],[77.53026080252701,28.19860773937517,0],[77.49696355714188,28.205349653568067,0],[77.50119358995917,28.181670782396505,0],[77.51747909732188,28.193137064517472,0],[77.54964092432819,28.179752610925284,0],[77.50210136365367,28.16118265905382,0],[77.49135776874714,28.13653704688817,0],[77.51235951123779,28.124842586320028,0],[77.49938136224304,28.094606618884978,0],[77.48210561447296,28.107028723309497,0],[77.47435256047042,28.086717971580857,0],[77.50124177328529,28.058519558698602,0],[77.48364110287854,28.040451362172824,0],[77.51275835179922,28.03188725901288,0],[77.54243136568644,27.989093419272837,0],[77.5187240216252,27.9621251195367,0],[77.54498568411958,27.9533035020307,0],[77.52930132285968,27.925261068235073,0],[77.49223587931137,27.938473340980874,0],[77.47528413883383,27.92925096184436,0],[77.47875588354935,27.894447997328875,0],[77.46091641380359,27.876200595607923,0],[77.4201348658261,27.89044177427843,0],[77.40932334950712,27.874170463434744,0],[77.4218558435377,27.854377339804273,0],[77.34833300014338,27.855547107257653,0],[77.3364257717263,27.834225428585267,0],[77.29647764102587,27.825216327119268,0],[77.28372356759795,27.801046944291684,0],[77.2687570831422,27.814937697660156,0],[77.24173659156759,27.78354183312614,0],[77.2020725733404,27.823758055424033,0],[77.19856906907543,27.798822233235896,0],[77.177023956698,27.78546762124345,0],[77.18943596947746,27.809019695943636,0],[77.1595107952543,27.81633520876883,0],[77.1585527396662,27.787345983880062,0],[77.13521920078105,27.775086133062327,0],[77.12285150415016,27.792624726575088,0],[77.10847900493485,27.78547680863432,0],[77.04479883160528,27.820982162776428,0],[77.0265766421924,27.779239155420118,0],[77.07635331907761,27.76631591345436,0],[77.08566100728169,27.738088984915578,0],[77.05963340423975,27.726483824538203,0],[77.03647323135127,27.748611162547512,0],[77.00009797687399,27.73696928073965,0],[76.9793729331385,27.653598978164485,0],[76.94377016046913,27.673722757625555,0],[76.91557011914786,27.652270970880178,0],[76.88987601458305,27.700749061126007,0],[76.92472621004902,27.699921431962476,0],[76.89254549146804,27.73232665828742,0],[76.91900375218665,27.80414027000617,0],[76.91358440523443,27.83170102555762,0],[76.93570138770718,27.828809806991543,0],[76.94231799593689,27.84261783450464,0],[76.93765904391012,27.89622180594225,0],[76.95057305511148,27.895642333701275,0],[76.95161985175999,27.918025309662546,0],[76.93153807284567,27.922348528543104,0],[76.93060975737143,27.993347866875997,0],[76.97054875155258,28.138428026219284,0],[76.89251948820156,28.183587092144613,0],[76.90676665195592,28.200309465983924,0],[76.85219386036222,28.220979626857055,0]],[[76.92172731375723,30.883085075462958,0],[76.91741350519497,30.88346084524699,0],[76.9242442147527,30.87645451093046,0],[76.92172731375723,30.883085075462958,0]]]]},"id":12},{"type":"Feature","properties":{"state":"HIMACHAL PRADESH","id":13},"geometry":{"type":"MultiPolygon","coordinates":[[[[76.92172731375723,30.883085075462958,0],[76.9242442147527,30.87645451093046,0],[76.91769199045604,30.88645538105047,0],[76.92172731375723,30.883085075462958,0]]],[[[77.0186814557333,30.7425462348947,0],[77.018614554369,30.765537192379895,0],[77.00126652392788,30.77043637686023,0],[77.0185900847367,30.780303088925574,0],[77.0125206783997,30.80918595907594,0],[76.96007429336696,30.827309231804264,0],[76.94263868074653,30.817429278692558,0],[76.95125043779481,30.850522847331113,0],[76.91687215036286,30.90076549701043,0],[76.86957886339445,30.87312226833993,0],[76.8231103246747,30.928182345368963,0],[76.7718699310203,30.906838321881587,0],[76.70849590440568,30.970285753774686,0],[76.67385642872287,30.968709526301044,0],[76.62501075569077,30.99863878886417,0],[76.62904731072325,31.023620112737547,0],[76.61096520114623,31.04582811854715,0],[76.63858480762877,31.107997850875346,0],[76.60200248255401,31.123543188513715,0],[76.61230153059512,31.148031622334155,0],[76.59681874524331,31.177989422874088,0],[76.6454186175141,31.209058806703155,0],[76.64166529599045,31.22302061682698,0],[76.59256762749168,31.21126409703549,0],[76.61190266683505,31.24911899033014,0],[76.58774775791849,31.274196747554356,0],[76.54921025146096,31.25275420421204,0],[76.54292614788709,31.28243382731588,0],[76.5393430569413,31.261045500149233,0],[76.52380080359158,31.258137494051596,0],[76.52743275494339,31.277168663292876,0],[76.49757242341653,31.26986083943007,0],[76.47912581007735,31.308668003654557,0],[76.4399930647926,31.27871576602766,0],[76.46349131764602,31.301952720028773,0],[76.43233011426344,31.326561133235217,0],[76.3762112696049,31.437482499733402,0],[76.36726106860064,31.404371620959353,0],[76.33108586880473,31.401626528925515,0],[76.35353821852388,31.34786455125254,0],[76.3076537170184,31.3423526361161,0],[76.32237810217674,31.321611093078328,0],[76.27555326933168,31.30040481628814,0],[76.26933837211004,31.311922262440852,0],[76.17982460044014,31.306533224796013,0],[76.17882329909655,31.340473608693078,0],[76.14688790072937,31.358982136641632,0],[76.1683067000159,31.410444384844386,0],[76.05585208062315,31.605499097838212,0],[76.01793514493907,31.63313413553602,0],[75.93668049201479,31.81541176821959,0],[75.98649199910804,31.817921652882735,0],[75.91040749408774,31.95011231060417,0],[75.79965669292862,31.993752857332428,0],[75.75083688314899,32.03768235833952,0],[75.72386119031613,32.03258978839785,0],[75.66291821228845,32.075731400893844,0],[75.59473613046266,32.07024912644797,0],[75.60015756757271,32.09243774259261,0],[75.6726814535358,32.159221249774866,0],[75.66191839474241,32.19290603574683,0],[75.62376617781202,32.1900412579873,0],[75.63731649829921,32.222724971164304,0],[75.61846102408845,32.23757389023497,0],[75.77231741266147,32.289358490046254,0],[75.81482903417034,32.33018320816283,0],[75.81120625109058,32.34848639684,0],[75.84381088600925,32.355308274726966,0],[75.87360117875558,32.39568271103433,0],[75.93798921355003,32.397536924870806,0],[75.90277205817455,32.45232682218047,0],[75.83032957199225,32.51324307558407,0],[75.87220512704457,32.5481525715488,0],[75.87821775847124,32.58598480265741,0],[75.89947285273465,32.59245708658669,0],[75.93415215188023,32.64475866799476,0],[75.88583346693407,32.65217604121666,0],[75.9217474996808,32.7471733973642,0],[75.88582031414248,32.782247592037855,0],[75.87908632592088,32.81121082290335,0],[75.79625281264866,32.88425588374585,0],[75.83263817238941,32.924028948436366,0],[75.90384996710942,32.91279282682694,0],[75.95010915701656,32.87283276972594,0],[76.0830157991522,32.95524612909631,0],[76.10720382629665,33.006055808278475,0],[76.24277153150578,33.02081977917317,0],[76.27291364322683,33.037051977644104,0],[76.29040544261188,33.05984561122248,0],[76.28594596388878,33.10238771643392,0],[76.4038967937421,33.18578733269571,0],[76.48064432768368,33.178874814028944,0],[76.5616471688338,33.20953890561025,0],[76.59589107041019,33.205908777294574,0],[76.61257356762535,33.173379815804395,0],[76.6394077269826,33.16165796490903,0],[76.74682014394784,33.178414477220535,0],[76.77583885040079,33.22048968377707,0],[76.77069253713586,33.249436563680895,0],[76.79300151981654,33.25636492043486,0],[76.8200634594457,33.235840261488576,0],[76.84317025525377,33.2467355430543,0],[76.82560550414486,33.21569080567508,0],[76.83445994980313,33.2048470872105,0],[76.81739195923467,33.19413787717078,0],[76.81800030605798,33.157089256779194,0],[76.85506718541426,33.11438434697683,0],[76.88891989327338,33.11722070305955,0],[76.9329894584495,33.02816803329981,0],[77.00948854718149,32.98865614567515,0],[77.04738714483398,32.998621801693524,0],[77.08652434534285,32.972409857069295,0],[77.15051677572492,32.97817456832273,0],[77.16453902406664,32.936481467459416,0],[77.15573528911115,32.91158382770084,0],[77.18797242528971,32.92874435704993,0],[77.20291609567394,32.906545152953115,0],[77.2429925217668,32.89216298107613,0],[77.2542719050652,32.863939732889264,0],[77.27398915789996,32.87385325257829,0],[77.30086131540932,32.84985974600931,0],[77.32189949597638,32.85154289519518,0],[77.33896288214989,32.816783772600715,0],[77.37286715989626,32.82320436344605,0],[77.37458661648205,32.85493975947496,0],[77.40450346906185,32.88274449041331,0],[77.44481045895027,32.879896976896596,0],[77.46920027711396,32.85867742831868,0],[77.50148632177677,32.885579676335055,0],[77.53847276530833,32.886083868907505,0],[77.60310938163491,32.94293164960541,0],[77.67413098253394,32.96118716211836,0],[77.68249187540664,32.98880204167475,0],[77.741011978858,32.96903225107869,0],[77.8106309740548,32.90702606867193,0],[77.78096404948285,32.865787455768334,0],[77.86919330630441,32.82702659472694,0],[77.88419095887551,32.7875480257136,0],[77.92571954541674,32.77199661048146,0],[77.93438786341764,32.72585929106063,0],[77.91861958620427,32.69054094082904,0],[78.01588874595168,32.61960770583173,0],[78.04701674338678,32.6453075090988,0],[78.06088025444046,32.62642401093987,0],[78.08752600830158,32.624653718558775,0],[78.11048847731934,32.66276998570171,0],[78.14719458328472,32.65396330696522,0],[78.14238227650705,32.681827420445224,0],[78.24590090192824,32.6716028904276,0],[78.2605374606401,32.702898356900995,0],[78.30601498172445,32.70711971241842,0],[78.3128504496739,32.73977903610989,0],[78.3880026594452,32.75669133118365,0],[78.40073645700714,32.694200353866364,0],[78.38141561135875,32.65413028485335,0],[78.40966087932553,32.623133037073416,0],[78.31355496485817,32.565912560357916,0],[78.2847297046139,32.46853664620276,0],[78.32913158720949,32.44336535689969,0],[78.3284399524926,32.46501173625783,0],[78.34897453993517,32.4643278558285,0],[78.36513887207252,32.499399155545724,0],[78.39951944689061,32.52460478507451,0],[78.46124808708431,32.503797021776286,0],[78.4655491992483,32.45466181404646,0],[78.49576495534357,32.422020408031706,0],[78.5335054616725,32.415460182397375,0],[78.48478779165254,32.34913626499874,0],[78.48341139415848,32.28138615690134,0],[78.46083985072086,32.24170848540192,0],[78.55947839332919,32.248689177598166,0],[78.58795243826536,32.236100879054526,0],[78.61469130088692,32.208805274320135,0],[78.6137577857423,32.17537160604331,0],[78.59623236985591,32.15776958026737,0],[78.61766581133713,32.11522499724754,0],[78.65660321486624,32.11148386901462,0],[78.7189052243636,32.035724001871806,0],[78.78855243595781,31.99323155153733,0],[78.7781555771545,31.93515530169547,0],[78.75013791738192,31.904482218618938,0],[78.74020750111806,31.837456024794314,0],[78.70985362961426,31.786615139415055,0],[78.74119036727016,31.757609190604786,0],[78.72839171104533,31.741743437101167,0],[78.75401918070877,31.685647659821107,0],[78.79821945458573,31.68181488962245,0],[78.80699232963451,31.64710918310324,0],[78.85334150709464,31.607426412443306,0],[78.73595317464377,31.528537442599458,0],[78.73428418995556,31.484983984818534,0],[78.76663397297952,31.486422091098433,0],[78.81277826649423,31.44973742587855,0],[78.81658575045874,31.419281380537548,0],[78.79200595308377,31.395544158314305,0],[78.85876762230687,31.366373921335992,0],[78.85464742367859,31.323457717704837,0],[78.89241261880049,31.287893388432934,0],[78.92604763354674,31.220069909035814,0],[78.94772517375806,31.21677478478457,0],[78.95753158285136,31.186594265727265,0],[78.98590870680253,31.173832014372373,0],[79.0089141270156,31.110276528473978,0],[78.88543474332123,31.098722500064405,0],[78.83120598296996,31.140595802636494,0],[78.80991373182859,31.19828461324352,0],[78.76517682643593,31.18575595560274,0],[78.6719021465091,31.196880280860665,0],[78.65800636833355,31.185039443929718,0],[78.647039894862,31.214717651846378,0],[78.60934293549568,31.229260102491622,0],[78.57824136051556,31.225259102639924,0],[78.55162324789177,31.199909561546878,0],[78.48375243473409,31.19893720075695,0],[78.45571144827748,31.241019556469364,0],[78.43425150305933,31.254582152173363,0],[78.40695177353793,31.242187900227293,0],[78.3961721896619,31.275309534828743,0],[78.37031584123902,31.286334400450443,0],[78.31115818725966,31.28314416043164,0],[78.30632745253506,31.259893178495474,0],[78.28286695882184,31.26621085359987,0],[78.24695287259091,31.230407145161365,0],[78.22032410265143,31.23394234336825,0],[78.21244284458918,31.21956922589021,0],[78.1602264424958,31.225477469498507,0],[78.10362150031372,31.18538023753054,0],[78.0426405643907,31.178503980014966,0],[78.03034198292453,31.15096770782344,0],[77.9673234875194,31.173366563550356,0],[77.9013114363535,31.151824583755413,0],[77.85123568360153,31.073366526777757,0],[77.81135734768829,31.059100582203687,0],[77.82982264797947,31.02875936085117,0],[77.81145330253767,31.03163261766826,0],[77.80751090216617,31.01621317554583,0],[77.83181792522174,30.99399343154918,0],[77.81437538782147,30.961783924231618,0],[77.8375935320052,30.95317137387316,0],[77.77238443502814,30.974348208286038,0],[77.74900679092009,30.953480023974695,0],[77.76279690307983,30.918180921539417,0],[77.81329921567009,30.921868362319124,0],[77.80568282955417,30.85321365757652,0],[77.7582245229595,30.876797794933342,0],[77.74402067579722,30.84659379831867,0],[77.76127873010758,30.826065717220906,0],[77.7037782361091,30.76516082243272,0],[77.70505038013455,30.742747566189458,0],[77.73319040305483,30.735335208294497,0],[77.75582050592375,30.706924791556347,0],[77.74740736215368,30.679850688137957,0],[77.79252805532445,30.65868673754745,0],[77.78123451258725,30.646668900940675,0],[77.79625782246377,30.613646993200238,0],[77.77111068822245,30.616376095153843,0],[77.77167350886931,30.59690199476092,0],[77.74609904969016,30.603893821575134,0],[77.74315471943042,30.593107131186407,0],[77.7740286113833,30.557841773764835,0],[77.81785387937698,30.56102426606872,0],[77.82681747889386,30.527752157889655,0],[77.8173870255983,30.50632609279139,0],[77.69024619617446,30.448020598522756,0],[77.58618922634876,30.421583771718563,0],[77.57231569085921,30.410450704202308,0],[77.58049866907676,30.377336183630433,0],[77.54679013355906,30.39600740691621,0],[77.51979694767391,30.445390850561513,0],[77.49870993063863,30.40581519513044,0],[77.44531764608637,30.395998100887127,0],[77.42381978433579,30.410750926533332,0],[77.46156229307977,30.434611133880264,0],[77.45901192351418,30.458100983445544,0],[77.40954041197242,30.409790297358793,0],[77.39864188271937,30.41741897663562,0],[77.40831399525021,30.428721761297627,0],[77.38755855922948,30.441998778285786,0],[77.36397667897654,30.43437309452649,0],[77.35358302153061,30.460747854104394,0],[77.30872305782621,30.449158245124256,0],[77.22808637269978,30.48544898824421,0],[77.21350550487736,30.46840719096145,0],[77.19503638121824,30.52257167268188,0],[77.14535888131863,30.536451224785075,0],[77.12173108064363,30.562937674660887,0],[77.17377382158996,30.600555039567105,0],[77.16719489315767,30.683901292735243,0],[77.09352853480448,30.74233249895037,0],[77.047186311223,30.75295451786971,0],[77.04561724912683,30.741326548772037,0],[77.0186814557333,30.7425462348947,0]]]]},"id":13},{"type":"Feature","properties":{"state":"JAMMU AND KASHMIR","id":14},"geometry":{"type":"Polygon","coordinates":[[[74.87798843482429,32.492748509118236,0],[74.81875336357054,32.497913610469716,0],[74.81281856446722,32.479636864675186,0],[74.72745868315732,32.47581530125457,0],[74.68272536337088,32.49223856155969,0],[74.69060917597578,32.532961041744024,0],[74.66288244365893,32.54452164465974,0],[74.67383526673359,32.56797635902694,0],[74.65253985126071,32.562964289447855,0],[74.65877075264574,32.596845390461716,0],[74.63904570117718,32.61464222980695,0],[74.6952686915331,32.661313144804616,0],[74.65349777417471,32.696685252207686,0],[74.70477371094209,32.84194785926658,0],[74.64052170345738,32.81894448260018,0],[74.63462640767067,32.806623870221806,0],[74.65835744930916,32.787654347110745,0],[74.6322933652284,32.77639725935502,0],[74.63425835603184,32.74954060367168,0],[74.61919672774636,32.76068300962713,0],[74.57684232135078,32.74790142487809,0],[74.56289085168953,32.760119076693776,0],[74.51159108559021,32.74550111543167,0],[74.5116188567161,32.76453264665756,0],[74.48607576626652,32.764446332464814,0],[74.45940890506236,32.787742365363485,0],[74.41526113411655,32.78455879478227,0],[74.39100329858542,32.763163396253525,0],[74.35504814748043,32.76699844439766,0],[74.31447969772624,32.796837810744194,0],[74.30339774533218,32.82984050885726,0],[74.21964100399491,32.84881799725412,0],[74.21126446722894,32.87343373076848,0],[74.17880371934544,32.88949593893063,0],[74.06895239903635,32.90955574417259,0],[74.05816284784957,32.93453760557026,0],[73.99968100782759,32.93540005827548,0],[74.00618429031626,32.954906813827655,0],[73.97237063246853,32.96720658989618,0],[73.96464468930381,32.987123694873105,0],[73.82566292545629,33.004011442074074,0],[73.82597043622124,32.977239446735844,0],[73.79043084640416,32.96680925253764,0],[73.79451094844674,33.0035912071862,0],[73.74910670455421,33.03362002634757,0],[73.74283089151947,33.066153763513505,0],[73.63185955978312,33.095298658419544,0],[73.63120112342894,33.139516365306655,0],[73.64868765723003,33.13747236285209,0],[73.66448202074315,33.1613461163419,0],[73.6680089318829,33.20185730282454,0],[73.64762171374448,33.222823095922415,0],[73.63354983171772,33.2076360560682,0],[73.63756334361737,33.23040945765766,0],[73.60651435540264,33.27371327783272,0],[73.61417185387862,33.29289194485872,0],[73.58929589376933,33.32353706010794,0],[73.59802802007884,33.337518733962476,0],[73.5784198167939,33.328623781198345,0],[73.57048791411442,33.342977176456564,0],[73.58376853191983,33.35567573667985,0],[73.56515453635176,33.36625132282688,0],[73.60316012508576,33.41908250913214,0],[73.58670810495838,33.422805304766065,0],[73.59606436715916,33.43898349894095,0],[73.63189207688973,33.447594472328916,0],[73.60206774370985,33.49668321688657,0],[73.61868329889249,33.49535041654688,0],[73.61144706050736,33.51305905635797,0],[73.641772703353,33.52850685927541,0],[73.62441448784257,33.54086823301303,0],[73.62870634121812,33.57105881376259,0],[73.60498348719479,33.58869479872114,0],[73.61190324544856,33.60377953866328,0],[73.56715499790064,33.61773581843554,0],[73.57774324783847,33.638057760222146,0],[73.56745869998029,33.66848606781111,0],[73.60313598839915,33.71508701448186,0],[73.59464599355569,33.751232997663806,0],[73.55992250378652,33.781329071086375,0],[73.59284079574074,33.89379776865943,0],[73.54760974943385,33.93693385740305,0],[73.5164536267698,33.99882632033693,0],[73.49093341200103,34.13966813027794,0],[73.49853890292003,34.21121605418368,0],[73.47283366150823,34.2523021939937,0],[73.48083596851133,34.28942071500627,0],[73.4567092816511,34.27645405570934,0],[73.42994302877047,34.346297677414945,0],[73.40786069190493,34.350280583714806,0],[73.3960600313663,34.373082227423744,0],[73.42773753169202,34.42603761657887,0],[73.42194229025633,34.466051004667136,0],[73.45046286117305,34.56994463803033,0],[73.53217693297803,34.57098407948885,0],[73.55613150035963,34.58983646459266,0],[73.6111498437274,34.58482136437268,0],[73.65026361755305,34.56196425249197,0],[73.65375516460206,34.600528050296035,0],[73.6950002947596,34.65005273785323,0],[73.65905374734889,34.67309720539306,0],[73.72994218105814,34.77222199272998,0],[73.77230683471313,34.79610808559371,0],[73.82177601495012,34.79209879256096,0],[73.83771233968642,34.81315560185806,0],[73.91937364142436,34.81164782469595,0],[73.93046814228482,34.832389831836316,0],[73.96099754378676,34.838559281932945,0],[73.96743558823702,34.86382620647478,0],[74.0299156996265,34.87628112842555,0],[74.03720021091033,34.919227871430216,0],[74.07117044847145,34.93548156966822,0],[74.05932483511707,34.99267553202211,0],[74.10974695698538,35.016074678787376,0],[74.06673749066996,35.046269369970034,0],[74.10143039160391,35.09914150832098,0],[74.21514294042815,35.09371536661844,0],[74.26517309197514,35.04085719129165,0],[74.30523120408216,35.0676273588212,0],[74.38197634912392,35.06781974504227,0],[74.43873920779367,35.13006754905731,0],[74.49944147466223,35.115586258273446,0],[74.5397973230899,35.07497673546422,0],[74.53073034801297,35.046176246920446,0],[74.58509349447884,35.01812156873584,0],[74.5705320847953,34.97563068140366,0],[74.5770112387755,34.91391907350993,0],[74.60422865623299,34.92479921239703,0],[74.66252747416145,34.90677110458488,0],[74.68415196480296,34.87880110198795,0],[74.71145207096826,34.88091771550637,0],[74.7501702154443,34.8449853692726,0],[74.79846098651376,34.85206808452152,0],[74.8721534266751,34.830187123997284,0],[74.91859934973907,34.78511064724025,0],[75.01634377351188,34.84825117413229,0],[75.06403469021507,34.84711096830378,0],[75.064117815232,34.905237445332794,0],[75.07164427708706,34.91920407269665,0],[75.1013017753924,34.91909822296337,0],[75.14197032591,34.874950999076994,0],[75.14423432810638,34.85028375994292,0],[75.22324459427988,34.81752367748506,0],[75.25625087559845,34.77388658352186,0],[75.25826644643715,34.697574238239675,0],[75.23206782608968,34.69081581172369,0],[75.20602526409675,34.643784616224984,0],[75.24150361470849,34.637779126574934,0],[75.2533673064317,34.60412523313463,0],[75.34416398086043,34.56303035090669,0],[75.36556772093836,34.53809961908448,0],[75.34291664724445,34.48943500295342,0],[75.35323747670515,34.468793716125376,0],[75.3275390878774,34.439768425937714,0],[75.37233551779377,34.41259800487956,0],[75.36697494636434,34.39103007824639,0],[75.38570816721743,34.36613997405113,0],[75.37601596945099,34.34195375637426,0],[75.4034977640245,34.28468778210552,0],[75.47485482571409,34.27759131475777,0],[75.49535850036156,34.23239955961935,0],[75.57993399883651,34.21397105992346,0],[75.59336339959849,34.19769410957058,0],[75.64811946379973,34.21200251984474,0],[75.68528726327908,34.199557952050405,0],[75.66794800183365,34.1442893876229,0],[75.71880323153684,34.10325084299918,0],[75.74254436960003,34.07325926792489,0],[75.73703272376153,34.058907691599806,0],[75.76852379525191,34.054918834940395,0],[75.818265226425,34.00750870147217,0],[75.84306145090252,34.00477681995718,0],[75.81962521152647,33.9722086559157,0],[75.83823880595403,33.95495549500748,0],[75.89319509210704,33.969090933247266,0],[75.96654156788901,33.95451604234633,0],[75.97819849578453,33.97219044353949,0],[76.02435759037726,33.98212479495509,0],[76.04947451069377,33.93385618498501,0],[76.03256822160304,33.91965904131383,0],[76.12296411559286,33.88904955003602,0],[76.15997839054843,33.83692114442939,0],[76.1613785829007,33.80185008646471,0],[76.18473622676561,33.800154875267964,0],[76.21257956321737,33.76117696838634,0],[76.26547113068514,33.74637872894211,0],[76.26621319401096,33.67953212487483,0],[76.28465059391469,33.66184434382012,0],[76.22937182131068,33.62982521821488,0],[76.2403371608415,33.604845867054976,0],[76.20544221254984,33.569202175163525,0],[76.22502977235102,33.5475945305289,0],[76.30978030293124,33.571462240580395,0],[76.30651391827506,33.60955725668708,0],[76.35865113016469,33.60368742543214,0],[76.38072626273518,33.5769515126992,0],[76.37992214583822,33.55292401984575,0],[76.41520304975563,33.539082348559546,0],[76.44879416792784,33.56368484843554,0],[76.45916309383284,33.53389383191736,0],[76.5020548462328,33.51597542706343,0],[76.54963716664132,33.46405323246894,0],[76.56948830462366,33.46617338212665,0],[76.58184676320421,33.425785852439006,0],[76.62896476010292,33.434894999386565,0],[76.6592909166339,33.35669694700061,0],[76.69595814865055,33.327955261593466,0],[76.71774625112249,33.328973192291,0],[76.73705094003842,33.261095621073395,0],[76.77941341407362,33.238115087564466,0],[76.74682014394784,33.178414477220535,0],[76.6444355498248,33.161869161282546,0],[76.61257356762535,33.173379815804395,0],[76.59589107041019,33.205908777294574,0],[76.5616471688338,33.20953890561025,0],[76.48064432768368,33.178874814028944,0],[76.4038967937421,33.18578733269571,0],[76.28594596388878,33.10238771643392,0],[76.29040544261188,33.05984561122248,0],[76.27291364322683,33.037051977644104,0],[76.24277153150578,33.02081977917317,0],[76.10720382629665,33.006055808278475,0],[76.0830157991522,32.95524612909631,0],[75.95010915701656,32.87283276972594,0],[75.91886057851993,32.9057642138288,0],[75.83708957687085,32.927772316972984,0],[75.79625281264866,32.88425588374585,0],[75.87908632592088,32.81121082290335,0],[75.88582031414248,32.782247592037855,0],[75.9217474996808,32.7471733973642,0],[75.88583346693407,32.65217604121666,0],[75.93322954169722,32.64710557603868,0],[75.93070716008447,32.63138838103806,0],[75.87894958620426,32.586975251249974,0],[75.87320741789235,32.54947136960896,0],[75.83346623282803,32.50346442436699,0],[75.72925588059478,32.45267442327562,0],[75.74380395620949,32.431601004406325,0],[75.7277482327227,32.431682710052876,0],[75.72275976173684,32.4055988446728,0],[75.59531158010783,32.3770389548254,0],[75.55032591796224,32.34875000733988,0],[75.53224267824477,32.277831456603614,0],[75.50393065187467,32.29131629093569,0],[75.51153197492201,32.3085924108875,0],[75.481915324546,32.32029237910566,0],[75.48910497066584,32.34556277154689,0],[75.43074011093884,32.31506377036323,0],[75.34927676442217,32.34526079408095,0],[75.32777143752772,32.326116685253425,0],[75.32267035712293,32.34352776015121,0],[75.2883023604502,32.354481047626855,0],[75.28974831277569,32.369842267689684,0],[75.25812933852544,32.37141240338954,0],[75.25594392229786,32.38926534164301,0],[75.19395484778225,32.40046901174483,0],[75.1897656434701,32.42580586429477,0],[75.13142076565356,32.40886425505365,0],[75.10135327701106,32.47769454014638,0],[75.08553852762897,32.46876027293896,0],[75.02802275309213,32.4970858011732,0],[75.01930160159003,32.46616216525509,0],[74.95121231338248,32.447488244632765,0],[74.93793505448778,32.47129726207805,0],[74.89745612453324,32.46843799926688,0],[74.87798843482429,32.492748509118236,0]]]},"id":14},{"type":"Feature","properties":{"state":"JHARKHAND","id":15},"geometry":{"type":"MultiPolygon","coordinates":[[[[85.89454222791635,23.15512828786721,0],[85.95761440562278,23.161045541348773,0],[86.04452189850663,23.144237814795684,0],[86.05125660816101,23.105526164972343,0],[86.14625706933549,23.07495905981408,0],[86.1419800414942,23.054249727762684,0],[86.18654213530901,23.004954152105356,0],[86.24849921589603,22.99491030047848,0],[86.30373837528103,23.015998448118722,0],[86.33953328235226,22.98981405951545,0],[86.37275176001758,22.998153256076584,0],[86.39854777943445,22.979893325656825,0],[86.41925887302587,23.00027406873578,0],[86.50114751292422,22.993590349615648,0],[86.52119420391897,22.970709654412087,0],[86.54560616297128,22.99027827579774,0],[86.52598000937843,22.94760525879622,0],[86.50258033313591,22.95187339020198,0],[86.48913337729775,22.937242760303384,0],[86.47631807326103,22.951175428434567,0],[86.43534008538519,22.925185170924152,0],[86.46713797616805,22.89992692083894,0],[86.45077168303555,22.86153527087979,0],[86.4349712214908,22.860512396932208,0],[86.43884570901108,22.83102329044984,0],[86.41760869683442,22.783676331647623,0],[86.46018220328122,22.761910604136652,0],[86.51132507949589,22.704995768335834,0],[86.54419525601651,22.721602891363613,0],[86.63805490845553,22.662978450301296,0],[86.6331227722602,22.611269083711157,0],[86.65902930788292,22.575065103442316,0],[86.75849984408882,22.57787602011215,0],[86.78928736636315,22.5490032137582,0],[86.80160356683294,22.488831792745007,0],[86.79117365707731,22.477425674411826,0],[86.749871307046,22.482947635255375,0],[86.75100765906392,22.456706028668624,0],[86.7645310718903,22.42726294626777,0],[86.84635415578889,22.39908308736895,0],[86.83157150286216,22.328780885713975,0],[86.8877901537328,22.297459435265214,0],[86.88646724898447,22.257354859382254,0],[86.82395562744676,22.26675523783245,0],[86.81825161502123,22.25372020189918,0],[86.81359205704412,22.267390985377922,0],[86.80399246350743,22.243584584133416,0],[86.7922617480433,22.26630195959088,0],[86.79486176888558,22.243169356998745,0],[86.81202298088695,22.24122682676492,0],[86.80241458222179,22.217549780346822,0],[86.77907332911616,22.21691551345537,0],[86.7949051436298,22.227787729858104,0],[86.77767528439473,22.236594184273947,0],[86.77641357459815,22.217864633608652,0],[86.7497791259162,22.21169001319976,0],[86.6843381435388,22.22241150021294,0],[86.66958667471897,22.242536526250337,0],[86.6548305644336,22.23593377110541,0],[86.64438065263677,22.268488993654003,0],[86.5930834411043,22.27855906127263,0],[86.58225478984514,22.301645244244238,0],[86.53276352615282,22.300959197575416,0],[86.49691479832094,22.347200735020124,0],[86.44483267655306,22.32865568135517,0],[86.43720160481598,22.304156516222825,0],[86.35814374274294,22.349212676913517,0],[86.28130084049688,22.44866173713068,0],[86.11663147485645,22.487003814653757,0],[86.04544360478671,22.567507353938552,0],[86.02402711866158,22.544624570494395,0],[86.0265297528272,22.524021805191143,0],[85.97340341023676,22.50585495898726,0],[85.957123369168,22.464818738429415,0],[85.9846131899288,22.435446992959385,0],[86.01500148236885,22.428729387406303,0],[86.02719527552757,22.38621181967672,0],[85.99802444826291,22.341599560651456,0],[86.02671191518093,22.334863999262126,0],[86.01370332666139,22.31306941246451,0],[86.04720588658881,22.308956291867975,0],[86.01425097235537,22.29728709990959,0],[85.97387588303103,22.247078536080565,0],[86.03143202900509,22.190850991620476,0],[85.99676151532,22.13244801973003,0],[86.00738430460645,22.117092866067814,0],[85.94359421224496,22.020356166320987,0],[85.9161534698353,22.00877684335763,0],[85.90689305759624,21.97012924049136,0],[85.89576630552538,21.98441332842159,0],[85.82437069751413,21.975448685251084,0],[85.76299343733747,21.99614397285292,0],[85.79343735980402,22.08181011436576,0],[85.83586325899103,22.080157497738263,0],[85.80742544050794,22.116111851815976,0],[85.74939229230716,22.073566311464923,0],[85.68487266047578,22.054226888971463,0],[85.65162369665836,22.09543854780369,0],[85.59718249475361,22.07912369925737,0],[85.54297961526946,22.090473057209817,0],[85.42114551248427,22.158783843067557,0],[85.37106901383004,22.160991709352444,0],[85.36440691591334,22.123714073219315,0],[85.32309224140951,22.127499204977756,0],[85.28130168410866,22.090428146891263,0],[85.23629254666328,22.009803315375517,0],[85.18057088040439,22.073232847759858,0],[85.16761594212907,22.069505633764607,0],[85.17386555122154,22.05137882851091,0],[85.15479887522025,22.078830190017097,0],[85.12006542651828,22.070176816139448,0],[85.09487508768154,22.108356384345655,0],[85.03908939783886,22.11561655393119,0],[84.98694954681866,22.082823007643764,0],[84.98339347564804,22.095524752533493,0],[85.03166550621421,22.13309007964052,0],[85.02909834493161,22.163494244990684,0],[85.05265812187535,22.182456883283255,0],[85.07820346687886,22.257390858313332,0],[85.07061453790794,22.2736522219454,0],[85.1159970279204,22.29409326451613,0],[85.11809583037979,22.31759460711561,0],[85.09073587314072,22.318580377992063,0],[85.09574879846535,22.34474060435905,0],[85.07667016580793,22.35620683326469,0],[85.08652562988759,22.399422793397186,0],[85.06028820891464,22.449559802478223,0],[85.07800349635946,22.4775492216034,0],[85.05967677553438,22.486445170158262,0],[84.95935151083299,22.44305367973892,0],[84.95666837313931,22.458225406651884,0],[84.9102262592303,22.42328316946369,0],[84.8855763786867,22.421079394506595,0],[84.88239470522323,22.44846619509349,0],[84.8385531734862,22.430925671375583,0],[84.81252397188979,22.45293129722292,0],[84.75931545882852,22.447465723979185,0],[84.7497429101619,22.418989039093347,0],[84.66805755326516,22.418064443137244,0],[84.62864814053182,22.434552975295652,0],[84.53620151638268,22.427374491206642,0],[84.48243519364846,22.413273041430948,0],[84.4842642377997,22.388507982003137,0],[84.4006862207254,22.34646231020802,0],[84.3703188035441,22.355731769671213,0],[84.29414483350958,22.341196324543972,0],[84.2514559502963,22.37807794540776,0],[84.19834488572211,22.376133246327054,0],[84.14131530923044,22.42410506384926,0],[84.14068433605946,22.47391506263886,0],[84.00921117743577,22.52557739691918,0],[84.00931699417487,22.57273860362976,0],[84.05412571898195,22.59810720391169,0],[84.08401621004275,22.638116449364347,0],[84.15246752978496,22.636800602151588,0],[84.22612372763112,22.671773871983003,0],[84.23820264223217,22.691454318423744,0],[84.23126524676225,22.73996172782459,0],[84.25964540973487,22.766987235511092,0],[84.28935948227172,22.7661171455844,0],[84.33361677948294,22.860568469583892,0],[84.37260075196123,22.86532229972567,0],[84.39368273638678,22.942450899787815,0],[84.37289552587846,22.97837587085821,0],[84.32810688042198,22.981900754584103,0],[84.28415824516799,22.96339055001668,0],[84.2778223580129,22.99336938730634,0],[84.25302502320447,22.97292694564976,0],[84.2187098166228,22.979289190607247,0],[84.18580180149404,23.02709172047288,0],[84.17551352045558,22.976008880388743,0],[84.14924842193152,22.965673887225705,0],[84.12554954301595,23.036478171878507,0],[84.13346048910628,23.083089703932675,0],[84.09317095544091,23.112781396058676,0],[84.06640329977633,23.110667936943678,0],[84.03746900682543,23.139878618468938,0],[84.03239425976865,23.160484848664375,0],[84.06316626809011,23.20564955637058,0],[84.05373419221226,23.24729889855726,0],[84.07482053371179,23.33312168796844,0],[84.05083711369404,23.374768451699627,0],[84.02386153762748,23.376503266343263,0],[84.00480351154866,23.354009398534885,0],[83.96700240896327,23.38758452927531,0],[83.98576242447913,23.42583008323195,0],[83.97394312391843,23.4598518507375,0],[84.01464892721525,23.50349838205264,0],[84.02805603737333,23.545601910743038,0],[84.03005926051786,23.599995445885874,0],[84.0077051189798,23.62229590865664,0],[84.01659327570727,23.634378899507446,0],[83.93190612990315,23.620413472573105,0],[83.93769377699134,23.568992070066912,0],[83.80722347019633,23.587471075577632,0],[83.77532010746367,23.60895421018655,0],[83.75191928699063,23.63866555079924,0],[83.76112381013245,23.651463045087944,0],[83.72285964863873,23.685864698459326,0],[83.7460679655416,23.719494894582745,0],[83.70534703293572,23.820757313535104,0],[83.66449076423169,23.827655477161034,0],[83.65949413244459,23.84926345502196,0],[83.57119005339577,23.862135442454406,0],[83.58575792235818,23.886402682429097,0],[83.55344413993336,23.89806817605212,0],[83.54739020525822,23.937544848361725,0],[83.51530315648289,23.980689428740988,0],[83.51572245651056,24.027163561852728,0],[83.45288940827642,24.041990406693813,0],[83.43224736115683,24.085980821867246,0],[83.3293463715909,24.101318727368803,0],[83.35406210536726,24.124906739583775,0],[83.3829918831448,24.19791803203269,0],[83.37873193200895,24.230360727285,0],[83.40910181850361,24.266328175591674,0],[83.40716673904564,24.288782150445332,0],[83.38003278286594,24.313131717041514,0],[83.4572661530939,24.3645495108154,0],[83.43441854544899,24.400752584268893,0],[83.40507019009414,24.40478448362303,0],[83.40489410662406,24.43599857417491,0],[83.38551214745057,24.45126683562306,0],[83.39694270890904,24.49690107545666,0],[83.50463299559479,24.525580467537797,0],[83.7205663208455,24.503452628861577,0],[83.80018315536675,24.52953179894189,0],[83.87314636170359,24.53175042475181,0],[83.93613238666458,24.549115872272395,0],[84.00779151216753,24.642891602882095,0],[84.05202281504015,24.609922409877242,0],[84.05095032730023,24.58663861831672,0],[84.09321606962341,24.533645212132946,0],[84.08562582329978,24.5051822409556,0],[84.11080911182333,24.47673520321444,0],[84.14053394025994,24.50053333015826,0],[84.14427905347851,24.538251716462685,0],[84.16348836592994,24.533404493469394,0],[84.15245575035124,24.515174639141872,0],[84.16974944691513,24.503330159888357,0],[84.18494689226131,24.519593573056646,0],[84.17318399204449,24.544700399026397,0],[84.18723288841453,24.552928884359925,0],[84.21506331697842,24.532719061677586,0],[84.23639975147424,24.54932099710673,0],[84.25679268487839,24.526884557014473,0],[84.27986414366028,24.54787315877868,0],[84.27053174142445,24.560014216874524,0],[84.29683782100051,24.56057640094012,0],[84.32752831268348,24.492355406395244,0],[84.29609776642528,24.473477910405272,0],[84.29737523377173,24.4493913718666,0],[84.3356028017809,24.43148970981517,0],[84.32053461098894,24.421071020755804,0],[84.33452645844382,24.42064203723219,0],[84.34162310599665,24.39354549747657,0],[84.38824173670866,24.38929186503223,0],[84.40657362623338,24.374893546888977,0],[84.40035696953039,24.364625019063563,0],[84.43111358224019,24.35652292729614,0],[84.42440173312086,24.32983751247291,0],[84.45960703539969,24.33709433305268,0],[84.48449138871128,24.312670366249613,0],[84.50528553207656,24.331331434927037,0],[84.48435418337122,24.301967359873327,0],[84.49590425736174,24.286068673270602,0],[84.53144085765224,24.33820769552921,0],[84.52782047881747,24.375735325976358,0],[84.5723590339023,24.3826200088906,0],[84.56819153409334,24.409439898410326,0],[84.66506653975205,24.390877680648284,0],[84.6853180098138,24.45512463954679,0],[84.78609034490364,24.503827588344144,0],[84.80189110575718,24.530744415796196,0],[84.83893881511844,24.5126113314109,0],[84.84009527437183,24.452191299940388,0],[84.85401395773178,24.466706634949194,0],[84.88727725990502,24.463283283473164,0],[84.88228130698693,24.424767441182684,0],[84.90382953343052,24.37224750140543,0],[84.97488668246997,24.374713756551838,0],[85.03116739144231,24.414572792641593,0],[85.06111093912557,24.405862633005245,0],[85.08102173667541,24.433035718262673,0],[85.07323903902349,24.378227232666262,0],[85.08904625025289,24.37249886128652,0],[85.173904508262,24.42062027024745,0],[85.16075214488723,24.460339309797394,0],[85.2258423608579,24.46313128230274,0],[85.24910921295523,24.49072800522376,0],[85.28233367411946,24.49166690119752,0],[85.28808658451973,24.523260681568523,0],[85.39193366185556,24.530345209458815,0],[85.39749247851856,24.544798536190747,0],[85.37077620195278,24.555349780315648,0],[85.384353389734,24.55549329754978,0],[85.43462715010426,24.52852398141056,0],[85.49166123315304,24.548099684136734,0],[85.52396281081835,24.521270690007945,0],[85.54077648070975,24.53051028404202,0],[85.54074086511713,24.56271913670197,0],[85.57177105655751,24.561819945245837,0],[85.56599843197024,24.587254183300594,0],[85.58076745111262,24.600680986024347,0],[85.61472677004501,24.580744107846638,0],[85.66738285644466,24.57889235250263,0],[85.67619845656395,24.616624810515287,0],[85.6492139144722,24.684765987372057,0],[85.68200049898724,24.691919323179736,0],[85.70825813163586,24.72590921197156,0],[85.7073595338793,24.779759381463684,0],[85.73673046234538,24.821060491738656,0],[85.77828074734562,24.796627712535116,0],[85.86723357175694,24.804246739668166,0],[85.94439669568949,24.733570151007427,0],[86.05510484475587,24.779692606815974,0],[86.03709077628085,24.74112648103091,0],[86.09073087312358,24.745997933269162,0],[86.12835519555439,24.69864740066918,0],[86.11522185038582,24.64394536220506,0],[86.1253172484617,24.611484079042697,0],[86.18047912163433,24.58367889913,0],[86.21445076902197,24.594928388296427,0],[86.21429898500713,24.613790842551342,0],[86.25921453736929,24.578671770086245,0],[86.32320509791245,24.586792081803598,0],[86.3008403750574,24.560116591040792,0],[86.30897872218907,24.509763372003714,0],[86.27601088476935,24.46579896371715,0],[86.31737720670456,24.44151899939298,0],[86.34990046173856,24.44738718199251,0],[86.41213435652887,24.380966647842317,0],[86.44489976498541,24.36782978857861,0],[86.4719266014718,24.3933479009032,0],[86.46649652522119,24.423861938758147,0],[86.491279299526,24.428081161762897,0],[86.48673137414443,24.464139778751967,0],[86.50956595993657,24.52219203837092,0],[86.52935765896686,24.54028473156813,0],[86.55232157536011,24.53597303354874,0],[86.60329342390158,24.608380535231884,0],[86.67023950284879,24.56487827884242,0],[86.7346880073108,24.579490408906256,0],[86.75399254854109,24.621297293853257,0],[86.78900939591219,24.618694222056615,0],[86.81123738812992,24.59827238881532,0],[86.80314946223376,24.57032498052568,0],[86.84264591425543,24.574225273144968,0],[86.85684003474599,24.554884984276445,0],[86.88050577376677,24.572192817797884,0],[86.91457963649147,24.542205452122992,0],[86.90732234866911,24.588160044522642,0],[86.94493648071202,24.635828814464126,0],[86.93759059787838,24.650167547036077,0],[86.9581992832648,24.64759447730344,0],[86.95278603875326,24.631473407790374,0],[86.97758317207483,24.639565711321183,0],[86.99609930116677,24.620105719202552,0],[87.02126731512105,24.629462301745086,0],[87.02304643040456,24.61570491571296,0],[87.05063763061203,24.608783057723468,0],[87.05406950390105,24.669339867835745,0],[87.08073834650565,24.729065253626878,0],[87.06963578495873,24.74555999982097,0],[87.09574041547683,24.80271643935436,0],[87.0743359427382,24.81985441604585,0],[87.10612206985084,24.855056504542006,0],[87.14258864136967,24.860599694430757,0],[87.1555469876337,24.885017580105036,0],[87.14235860129426,24.91372321290807,0],[87.14622745337658,25.020006823845414,0],[87.21428771998086,25.09122988687694,0],[87.23740061078249,25.085841348284713,0],[87.25033963510587,25.105734797906404,0],[87.29540211217993,25.08853698281216,0],[87.3272895293944,25.22361800745678,0],[87.37151634347909,25.20624818598645,0],[87.40098089600663,25.22690486875179,0],[87.47780695397883,25.19414305204148,0],[87.47640446106253,25.237849588205215,0],[87.50048859561183,25.25979220663908,0],[87.48610082541167,25.29726589821589,0],[87.493707200792,25.30751039800863,0],[87.54271917113961,25.28094088905847,0],[87.55169337612233,25.33249974866534,0],[87.58389011741046,25.349180935518255,0],[87.58409977493176,25.331438121708175,0],[87.6119681768586,25.312657698609666,0],[87.69208287298895,25.31153271874489,0],[87.71134097817486,25.257643853843117,0],[87.7866353150422,25.247388670964362,0],[87.77436444406871,25.121363929645923,0],[87.80579044701972,25.072652256424703,0],[87.85727514644415,25.054630927474445,0],[87.89936035222553,25.006784673403644,0],[87.94053828201613,24.990854794998832,0],[87.96282530328605,24.934534048011226,0],[87.95292795765722,24.90776353423177,0],[87.89132784218391,24.856035716212812,0],[87.9002712231394,24.82409897318304,0],[87.86912154560814,24.82463782066687,0],[87.88160440107922,24.80536817352534,0],[87.86923324157196,24.775025635757327,0],[87.83740162899848,24.76578526006286,0],[87.83623697178042,24.790209694218905,0],[87.81639409990863,24.75968905206579,0],[87.90835194494781,24.72161752117931,0],[87.88774914838287,24.67998724594053,0],[87.916608987264,24.665753013362647,0],[87.91414166487921,24.637709481464587,0],[87.88791677418165,24.630343965075078,0],[87.9057715669407,24.629275707842506,0],[87.90603424989007,24.61500545181972,0],[87.87583229094852,24.61522944623098,0],[87.91076750648425,24.61043437689318,0],[87.91327683057378,24.59346380865975,0],[87.8919315253458,24.584181613233458,0],[87.88926820403654,24.565051878236503,0],[87.84940778588178,24.553835090595953,0],[87.81217993772509,24.578559486946112,0],[87.7712177141729,24.58301938618717,0],[87.80858811587106,24.546694770532596,0],[87.79414325671254,24.501137431854666,0],[87.8012633553883,24.493720126549825,0],[87.80933950341054,24.51451757460056,0],[87.81168329913612,24.490768294164287,0],[87.82815100103998,24.498615402003317,0],[87.81070416722368,24.476363413234125,0],[87.8237723744726,24.458456634994082,0],[87.80313621395602,24.454001613698743,0],[87.78883141514757,24.41654955714133,0],[87.8112768936583,24.41783382509036,0],[87.7939501316122,24.39928587985537,0],[87.80110276811115,24.382217192538825,0],[87.76440261400457,24.339328163560747,0],[87.76160237843308,24.308467138890542,0],[87.72930167163223,24.28842170903558,0],[87.713673802734,24.2943992421171,0],[87.70589117040143,24.261436386285908,0],[87.6591662595988,24.236119625797574,0],[87.63877708804294,24.254382792200776,0],[87.63437456327297,24.241652894955244,0],[87.64662673355255,24.231526370000818,0],[87.63860585919768,24.21398942516826,0],[87.69860658781369,24.187812746385934,0],[87.69442344308068,24.150242426220423,0],[87.57614515600504,24.16128221385809,0],[87.61023024754597,24.13253369088248,0],[87.57659710370113,24.11225723088188,0],[87.58022134255641,24.086368767833953,0],[87.5599202633233,24.081968871931902,0],[87.49761673712605,24.118973272175758,0],[87.48983001129271,24.09011482548363,0],[87.5107493698659,24.082246570101912,0],[87.49061421789892,24.070594312425687,0],[87.5119804730687,24.035835708249316,0],[87.4761290522485,24.012270224563935,0],[87.43833789199579,24.013554152021914,0],[87.46039431806342,23.98382908322071,0],[87.36042394523803,24.01309177950251,0],[87.32816606261443,23.998665060821,0],[87.31917414280014,24.008481708577396,0],[87.33712301229632,24.034309489185972,0],[87.28745819633677,24.028862464649933,0],[87.24539607070643,24.045064757077732,0],[87.23288775876078,24.023743739354373,0],[87.25050341899976,23.997036405801175,0],[87.26415581831577,24.00060796053033,0],[87.26153166920747,23.96757522175413,0],[87.29324905132299,23.95863468138656,0],[87.28354465826646,23.92090681357595,0],[87.29503314978888,23.90234104445547,0],[87.26914962124364,23.874583957242976,0],[87.25828128230056,23.906312373522756,0],[87.24512321151714,23.908201707274532,0],[87.25493865924533,23.84703532798063,0],[87.23869859545898,23.826427577478857,0],[87.21654050460029,23.83170588275826,0],[87.23368389305821,23.8571338465985,0],[87.18858242763487,23.84315484622793,0],[87.19610450158287,23.8578100553746,0],[87.13306427931897,23.87019069965748,0],[87.13002032153003,23.8539117048084,0],[87.1670157325597,23.824526350795768,0],[87.1504878446708,23.797564768873002,0],[87.12177621272498,23.79665468959494,0],[86.97323922618097,23.86877268406418,0],[86.94515317967365,23.846883672932513,0],[86.91555783539557,23.882431647098976,0],[86.88024322003557,23.862324713025878,0],[86.89029676767161,23.82050223254309,0],[86.87421553131014,23.84730970180061,0],[86.82653562146744,23.813939767012993,0],[86.80476079975325,23.836846608816433,0],[86.80335745966934,23.801299005335576,0],[86.82836602071245,23.760195304650477,0],[86.79903755694947,23.689032490969904,0],[86.7473354826624,23.67878659797344,0],[86.71494770218477,23.698875560173423,0],[86.59757012013809,23.673756569275735,0],[86.53539741859159,23.6312369183621,0],[86.46180672391557,23.630299514565742,0],[86.44708442008144,23.598135930528127,0],[86.3881588697987,23.573948700176945,0],[86.36510775861915,23.532689589373867,0],[86.3751946107405,23.510342510021097,0],[86.36241990521125,23.484248618478965,0],[86.37946276805873,23.47363977014453,0],[86.3640901387765,23.471688954013967,0],[86.35145896305812,23.44209371402743,0],[86.3057663461916,23.434824556534846,0],[86.31055333683845,23.411359252707427,0],[86.26409278589163,23.430768434303765,0],[86.24739348206366,23.41113516823916,0],[86.22987118656106,23.430822794752178,0],[86.2455679151675,23.45931724332372,0],[86.23261660056822,23.462243059799405,0],[86.2283833000036,23.44288243946104,0],[86.17828830798126,23.469841651310077,0],[86.14882496681275,23.465257284435904,0],[86.15834686646767,23.55998047876242,0],[86.08086736359819,23.56567893327103,0],[86.07742904649379,23.579212687961704,0],[86.0420643787335,23.586881388330056,0],[86.01627777353349,23.547317205691993,0],[86.05383642660841,23.487056708849174,0],[85.9532410809318,23.470944852584115,0],[85.88715156027074,23.48431322858402,0],[85.86248992730478,23.461518330594995,0],[85.86389238524097,23.431355858689216,0],[85.88258247345398,23.430584223804654,0],[85.90254287587499,23.3971147471283,0],[85.87081251246697,23.38881423092191,0],[85.88306784851056,23.350782124053488,0],[85.81967347271504,23.268120116525292,0],[85.83860565464407,23.246834408898636,0],[85.83658095505808,23.220526153836392,0],[85.8638145322666,23.22238179244757,0],[85.88252317636129,23.19872900239913,0],[85.89454222791635,23.15512828786721,0]],[[84.52572751416167,24.266586502448707,0],[84.51000307374761,24.283359046354914,0],[84.50518785474215,24.279628632066327,0],[84.50523181272452,24.260494222288987,0],[84.52572751416167,24.266586502448707,0]]],[[[87.82776119070645,24.48074057948526,0],[87.83111406300941,24.483688512651643,0],[87.83165304147006,24.480181155683617,0],[87.82776119070645,24.48074057948526,0]]]]},"id":15},{"type":"Feature","properties":{"state":"KARNATAKA","id":16},"geometry":{"type":"MultiPolygon","coordinates":[[[[74.48029899977578,14.010433199942275,0],[74.4824320996891,14.007196200166707,0],[74.4790955002685,14.008416299875966,0],[74.48029899977578,14.010433199942275,0]]],[[[74.32314679979531,14.010126099974954,0],[74.32316339965429,14.010997599983112,0],[74.32360330006586,14.010707100067139,0],[74.32314679979531,14.010126099974954,0]]],[[[74.3248150996875,14.02028530001587,0],[74.32958760006763,14.015778399803862,0],[74.32487319960538,14.014317600179286,0],[74.3248150996875,14.02028530001587,0]]],[[[74.48690579971236,14.024617899848462,0],[74.48565249958514,14.022302200018776,0],[74.48430789961509,14.022692300140772,0],[74.48690579971236,14.024617899848462,0]]],[[[74.4853703004112,14.025257000257803,0],[74.48566079985135,14.025373200327472,0],[74.48536200015204,14.02519060010027,0],[74.4853703004112,14.025257000257803,0]]],[[[74.47900420044874,14.082302899682626,0],[74.47843149979244,14.082311199945506,0],[74.47897100039589,14.082468899816046,0],[74.47900420044874,14.082302899682626,0]]],[[[74.47021020007446,14.083101899565559,0],[74.47023840044537,14.084520799948193,0],[74.47164669985222,14.08424040011864,0],[74.47021020007446,14.083101899565559,0]]],[[[74.48022430008506,14.087224800378651,0],[74.48050649998032,14.08691770025678,0],[74.47963500013309,14.087681300055399,0],[74.48022430008506,14.087224800378651,0]]],[[[74.40228400008561,14.315674999882688,0],[74.40075500016876,14.31205599958439,0],[74.39776300034536,14.312914000359202,0],[74.40228400008561,14.315674999882688,0]]],[[[74.38715639959713,14.41835330030807,0],[74.38772909996096,14.416983799638007,0],[74.38655880007258,14.417299199706898,0],[74.38715639959713,14.41835330030807,0]]],[[[74.31883080027974,14.516965600383193,0],[74.3190880996442,14.517214600406088,0],[74.3190466002933,14.516799600030856,0],[74.31883080027974,14.516965600383193,0]]],[[[74.31947820003286,14.51895760038773,0],[74.3194947997803,14.519239799776562,0],[74.31964419953594,14.519082100351204,0],[74.31947820003286,14.51895760038773,0]]],[[[74.30866330015049,14.526037499877026,0],[74.30965100030808,14.525888099857244,0],[74.30876289972531,14.52563909981998,0],[74.30866330015049,14.526037499877026,0]]],[[[74.27293999966076,14.624559999812776,0],[74.27299499984657,14.624979999654602,0],[74.27317000033295,14.62457999975676,0],[74.27293999966076,14.624559999812776,0]]],[[[74.27347999955592,14.63672500005288,0],[74.27348499961879,14.637050000130703,0],[74.27362499972203,14.636995000264536,0],[74.27347999955592,14.63672500005288,0]]],[[[74.27738999983204,14.66060999957252,0],[74.27581499961123,14.66077499994134,0],[74.27749500033055,14.661224999653578,0],[74.27738999983204,14.66060999957252,0]]],[[[74.25410499979061,14.704155000075026,0],[74.25425499989589,14.704345000020632,0],[74.25431000027469,14.704200000439235,0],[74.25410499979061,14.704155000075026,0]]],[[[74.25299000018865,14.704259999558936,0],[74.25233999997754,14.704885000047224,0],[74.25325999984794,14.704355000301776,0],[74.25299000018865,14.704259999558936,0]]],[[[74.24109323063425,14.711923719161723,0],[74.23889478100797,14.708753814252713,0],[74.2376497719839,14.710016787116784,0],[74.24109323063425,14.711923719161723,0]]],[[[74.25412841332839,14.724079564130529,0],[74.25685526757961,14.722004594737882,0],[74.25521270591064,14.720653194450232,0],[74.25412841332839,14.724079564130529,0]]],[[[74.14918829991701,14.7247736995799,0],[74.14850260024228,14.725051499687284,0],[74.14856709973598,14.725212300295869,0],[74.14918829991701,14.7247736995799,0]]],[[[74.14698479974467,14.72647759998241,0],[74.14850780023691,14.725242400084323,0],[74.14584899996021,14.725426199863922,0],[74.14698479974467,14.72647759998241,0]]],[[[74.16517279995918,14.735077400003348,0],[74.16408809957467,14.734162600416262,0],[74.1646499996584,14.735313699680397,0],[74.16517279995918,14.735077400003348,0]]],[[[74.15812955133254,14.738381792423398,0],[74.15238575409094,14.740021433363927,0],[74.15338874936796,14.742213086855074,0],[74.15812955133254,14.738381792423398,0]]],[[[74.22915890016714,14.740768299564902,0],[74.22928930002885,14.740804599743807,0],[74.22924699979099,14.74071319998431,0],[74.22915890016714,14.740768299564902,0]]],[[[74.12763904052129,14.758107891972163,0],[74.12976619432263,14.758375106979456,0],[74.12927495047283,14.757476405545129,0],[74.12763904052129,14.758107891972163,0]]],[[[74.14561108290006,14.763094739196072,0],[74.13843975151862,14.760862847970124,0],[74.13908534552588,14.763117991339781,0],[74.14561108290006,14.763094739196072,0]]],[[[74.08690389956159,14.792666699900224,0],[74.08708649992629,14.7930900002837,0],[74.08721929995245,14.79266669974243,0],[74.08690389956159,14.792666699900224,0]]],[[[74.07176980017057,14.818763400411772,0],[74.07041159987119,14.820110299627395,0],[74.07217080001573,14.818971899628174,0],[74.07176980017057,14.818763400411772,0]]],[[[74.06630939976347,14.820257800203713,0],[74.06664599994413,14.820043100305947,0],[74.06628620032028,14.81989810002831,0],[74.06630939976347,14.820257800203713,0]]],[[[74.11009297128989,14.84577261575091,0],[74.10823781546328,14.84238103093035,0],[74.10728376264875,14.843468375452932,0],[74.11009297128989,14.84577261575091,0]]],[[[74.10775177552821,14.86519468263071,0],[74.10646943862389,14.865610321270273,0],[74.10774712758594,14.865547184932332,0],[74.10775177552821,14.86519468263071,0]]],[[[74.10191721208965,14.87825455605977,0],[74.10172635928893,14.87630189521687,0],[74.10002298082965,14.876746384280604,0],[74.10191721208965,14.87825455605977,0]]],[[[74.09527319978385,14.879531700029245,0],[74.09453150034791,14.880366300320409,0],[74.09546130024084,14.879766199678231,0],[74.09527319978385,14.879531700029245,0]]],[[[74.29509304781303,15.82472412205034,0],[74.3117635006249,15.793262790441046,0],[74.26647480081083,15.797795486795534,0],[74.26176928182687,15.829738763963025,0],[74.29509304781303,15.82472412205034,0]]],[[[74.67277199960328,13.195926999594501,0],[74.67246599964244,13.196403000163127,0],[74.67292499981706,13.19640299977356,0],[74.67277199960328,13.195926999594501,0]]],[[[74.67427670043877,13.19705060025726,0],[74.67394679982247,13.197227499638096,0],[74.67410170033361,13.197381000046716,0],[74.67427670043877,13.19705060025726,0]]],[[[74.67136440023084,13.197612200265201,0],[74.67149810034438,13.197953700322142,0],[74.67183090015155,13.197699000079215,0],[74.67136440023084,13.197612200265201,0]]],[[[74.67054809973237,13.198733300012313,0],[74.67091279986994,13.199742299904015,0],[74.67170470042316,13.199292300007132,0],[74.67054809973237,13.198733300012313,0]]],[[[74.67369000006244,13.376892000003709,0],[74.6736390004464,13.377198000244775,0],[74.6738600002601,13.376875000052275,0],[74.67369000006244,13.376892000003709,0]]],[[[74.67127129966963,13.382241399850576,0],[74.67419220027635,13.380291099851942,0],[74.67395389978289,13.377039999609508,0],[74.67127129966963,13.382241399850576,0]]],[[[74.6654784002413,13.45213069969043,0],[74.66499999962092,13.453182000189576,0],[74.66564570010269,13.453003700149988,0],[74.6654784002413,13.45213069969043,0]]],[[[74.65118064175616,13.655226956623281,0],[74.65144767024837,13.65534902764076,0],[74.65140570863652,13.655192624671916,0],[74.65118064175616,13.655226956623281,0]]],[[[74.6511837239791,13.655948141273734,0],[74.6514812700219,13.656089285459938,0],[74.65130579421363,13.655787924615293,0],[74.6511837239791,13.655948141273734,0]]],[[[74.65244099973603,13.65699429955526,0],[74.65191809987707,13.657143700237597,0],[74.65221689992994,13.657708100147568,0],[74.65244099973603,13.65699429955526,0]]],[[[74.65264850042588,13.65836380017568,0],[74.65229160022649,13.65858790031553,0],[74.65220860046554,13.65938469991171,0],[74.65264850042588,13.65836380017568,0]]],[[[74.63816499980251,13.677229700084473,0],[74.6381400996238,13.677661299938599,0],[74.6383973997815,13.67782729970047,0],[74.63816499980251,13.677229700084473,0]]],[[[74.64246440009612,13.680516499558232,0],[74.64259720047404,13.68010979968054,0],[74.6423399002749,13.680333899724639,0],[74.64246440009612,13.680516499558232,0]]],[[[74.64312009999779,13.680981300080434,0],[74.64327779992533,13.681313299787838,0],[74.64339400014515,13.681089199820194,0],[74.64312009999779,13.680981300080434,0]]],[[[74.63622280029675,13.684434100207922,0],[74.63657970008465,13.68515620011695,0],[74.63677890036794,13.684683100459983,0],[74.63622280029675,13.684434100207922,0]]],[[[74.6241696995851,13.68554719974747,0],[74.6247132999541,13.685303799993413,0],[74.62417539961372,13.685213299884879,0],[74.6241696995851,13.68554719974747,0]]],[[[74.62903150007988,13.776334799645143,0],[74.62868559984858,13.776507399651335,0],[74.62866440016174,13.776664400287467,0],[74.62903150007988,13.776334799645143,0]]],[[[74.61575949970917,13.827408699566606,0],[74.6155494001754,13.827143300457584,0],[74.6154957998784,13.82723500033015,0],[74.61575949970917,13.827408699566606,0]]],[[[74.61488279957031,13.828058300140347,0],[74.61468989963117,13.828237799844082,0],[74.61501009988959,13.828159399629557,0],[74.61488279957031,13.828058300140347,0]]],[[[74.61511190044604,13.828170599940755,0],[74.6154540997541,13.828331200411563,0],[74.61539950043239,13.828054999650684,0],[74.61511190044604,13.828170599940755,0]]],[[[74.53927149992315,13.887658400160225,0],[74.53906090033142,13.887743399687983,0],[74.53907870040193,13.887843200310156,0],[74.53927149992315,13.887658400160225,0]]],[[[74.53881989955737,13.888482299871129,0],[74.53854389990238,13.888803600086407,0],[74.53895479999647,13.888572200138489,0],[74.53881989955737,13.888482299871129,0]]],[[[74.58105989992744,13.889738800353395,0],[74.58138480017682,13.889943000266927,0],[74.58128010036005,13.889635499884811,0],[74.58105989992744,13.889738800353395,0]]],[[[74.5259406995831,13.97328240018164,0],[74.52608180032023,13.973763800405548,0],[74.52626440010916,13.973315600023689,0],[74.5259406995831,13.97328240018164,0]]],[[[74.52391549967894,13.974834499998876,0],[74.52417280041746,13.97517479998505,0],[74.52413129964619,13.974817899820657,0],[74.52391549967894,13.974834499998876,0]]],[[[74.50903360023048,13.981632199807395,0],[74.50924110014739,13.981657099904886,0],[74.50919960007676,13.98154920041548,0],[74.50903360023048,13.981632199807395,0]]],[[[74.50969359979439,13.981782599876402,0],[74.50970129991087,13.982067600025482,0],[74.50987080027231,13.982009800316996,0],[74.50969359979439,13.981782599876402,0]]],[[[74.50923329968757,13.982013699742748,0],[74.5093719998681,13.982169599945266,0],[74.50937969954437,13.981990600233383,0],[74.50923329968757,13.982013699742748,0]]],[[[74.50544799960946,13.99744370009169,0],[74.50560569960946,13.997692699671026,0],[74.50574680020506,13.997319200212294,0],[74.50544799960946,13.99744370009169,0]]],[[[74.50581320045121,13.998871299988739,0],[74.50590449954358,13.999128600155336,0],[74.50600409953603,13.998995800363787,0],[74.50581320045121,13.998871299988739,0]]],[[[74.50646889988676,13.99932779962263,0],[74.50676770017672,14.000116300020704,0],[74.5068340999072,13.99928629962446,0],[74.50646889988676,13.99932779962263,0]]],[[[74.50581320037978,14.000705600410422,0],[74.50535669999977,14.000996099785864,0],[74.50591279981606,14.000755400130878,0],[74.50581320037978,14.000705600410422,0]]],[[[74.49208929473807,14.017489465695663,0],[74.49190903179498,14.017977609455077,0],[74.49218661828387,14.017828370594353,0],[74.49208929473807,14.017489465695663,0]]],[[[74.48847450028839,14.019272700300766,0],[74.4883417000158,14.01987860025722,0],[74.48891439955713,14.019604699957634,0],[74.48847450028839,14.019272700300766,0]]],[[[74.58007321760533,13.925400828775237,0],[74.51398208201687,13.986858474561325,0],[74.46892708770261,14.188676636098302,0],[74.44165544193525,14.224565860573108,0],[74.39766941023706,14.40817907818071,0],[74.3547320398625,14.522171392183708,0],[74.31021727033786,14.521365373976657,0],[74.31472695373981,14.545724290915253,0],[74.29299900880227,14.596489915960362,0],[74.2735809666575,14.62748342687857,0],[74.27043460561697,14.626982701745158,0],[74.2864391559852,14.634214520974076,0],[74.28429531924739,14.663565096485556,0],[74.2567550011121,14.707563321297282,0],[74.26279811015657,14.719808400233694,0],[74.23423922899325,14.748426556145773,0],[74.20380795802882,14.736389374102137,0],[74.20403263900735,14.719276904633336,0],[74.09277326937136,14.804001945419317,0],[74.12426054609601,14.805003401583011,0],[74.12510493092249,14.837887128978537,0],[74.0964751451935,14.89744915659851,0],[74.08578216532771,14.900904374253326,0],[74.12422543130542,14.925323968060225,0],[74.16211852449345,14.912140011314442,0],[74.16360833592157,14.958480917588407,0],[74.20154479151901,14.925723680045301,0],[74.23669983338404,14.966845102547472,0],[74.25259587234233,14.959093829432263,0],[74.26432050954693,14.978524688108404,0],[74.25360515711081,14.998145510394794,0],[74.29649498528731,15.041207726521012,0],[74.2726451055247,15.097497567959696,0],[74.28513444881214,15.149028718015876,0],[74.31696111806623,15.186260800757061,0],[74.30161243031378,15.224340708721654,0],[74.2511693208795,15.258772589001047,0],[74.27141888186505,15.281233818776194,0],[74.33587366167373,15.295457122627504,0],[74.31667023828832,15.330682949627482,0],[74.3232020973035,15.367679640558856,0],[74.27587165849297,15.391586771292298,0],[74.27545115562944,15.449187942768512,0],[74.25091007630441,15.491593093085655,0],[74.2826525448831,15.531417680042154,0],[74.26315336480648,15.563936745554978,0],[74.24519297338503,15.56660255647945,0],[74.26429804732378,15.615509077912726,0],[74.24415959703423,15.626108376697138,0],[74.2504424952198,15.657257914009483,0],[74.22377925837233,15.66898264618319,0],[74.20512752059572,15.651032178593793,0],[74.18193009313065,15.68221204364323,0],[74.16441599619564,15.653498534117258,0],[74.13554402508458,15.648371586587558,0],[74.08809647005297,15.672472900874292,0],[74.12577089556714,15.68096717386703,0],[74.12216561793005,15.720731146230806,0],[74.16155659535116,15.751294459902347,0],[74.2014333710755,15.758620707337462,0],[74.20896721590368,15.781269107499854,0],[74.23350130669498,15.786994514440348,0],[74.23821989217547,15.74406115088082,0],[74.26831881883555,15.754736722542413,0],[74.28573580063573,15.741591364186895,0],[74.36749294997396,15.78581694593679,0],[74.36034758261162,15.816859862840895,0],[74.38308536430995,15.849104937044238,0],[74.3382090127758,15.854918742469447,0],[74.36325649043964,15.87492056702699,0],[74.36469511464739,15.893861789895542,0],[74.36861485484376,15.894359620910596,0],[74.38814029486285,15.854252569996547,0],[74.40617067997027,15.855376466346542,0],[74.38686531560687,15.904981268307475,0],[74.4308304243295,15.956582434031231,0],[74.4632268186714,16.042835828661104,0],[74.42969441247607,16.059151456102136,0],[74.38099126362877,16.035483277001426,0],[74.36904879062793,16.0392199314343,0],[74.37733522557487,16.05512048681791,0],[74.36132818925478,16.053835894535496,0],[74.37221852401208,16.078210304215965,0],[74.42761928501935,16.11196505135324,0],[74.48289974252373,16.090111165410427,0],[74.47983240336742,16.147125071397348,0],[74.50706695837745,16.191599619439106,0],[74.50310188322194,16.22540569460921,0],[74.480479513464,16.250125657448855,0],[74.46862055008148,16.24018543093198,0],[74.4176107229779,16.258000652659312,0],[74.41439483521533,16.282651091262036,0],[74.34559691558019,16.29376251286125,0],[74.35046026515984,16.27536673536262,0],[74.32493375931116,16.271756260832962,0],[74.32082574272003,16.28447545276132,0],[74.34254818772196,16.29802733814872,0],[74.31660662995539,16.326561546636054,0],[74.32703463266898,16.342509469014512,0],[74.31719263492727,16.381003744521188,0],[74.33586937991612,16.39374156813575,0],[74.35340990742404,16.366418743038896,0],[74.3636943097465,16.405091321274185,0],[74.3350543440837,16.40140737901087,0],[74.33259155862481,16.454758760282385,0],[74.28927516797073,16.462970503776905,0],[74.2908950072999,16.50490207551119,0],[74.26077014758341,16.480096595599345,0],[74.24737277532068,16.496913200761487,0],[74.27821623293002,16.504914507669156,0],[74.26444253759642,16.54044410437937,0],[74.30137135169836,16.529269534050204,0],[74.30614265031743,16.503692898630675,0],[74.3157134070923,16.554454677652792,0],[74.35624656084485,16.559747326683677,0],[74.35792549078357,16.538342024108648,0],[74.37983255979674,16.528592265020176,0],[74.39662592659639,16.5832675181963,0],[74.46671146006058,16.606822362718358,0],[74.45478238469134,16.64729547929441,0],[74.46874253100685,16.66380297978508,0],[74.48903382785032,16.63014483538907,0],[74.54448899559362,16.635468675328347,0],[74.54349270234276,16.595318582946458,0],[74.56689424753424,16.585388588968442,0],[74.55484612547035,16.564511924919486,0],[74.56853673854863,16.553868713548283,0],[74.62863325300572,16.577731931475668,0],[74.64001367508473,16.610453803786747,0],[74.68698181900493,16.60678801014561,0],[74.65347815143228,16.63882945111051,0],[74.68955034601989,16.67702566116829,0],[74.69101948805587,16.71554155029834,0],[74.73209174467391,16.718324017032614,0],[74.7719695844538,16.750682255274285,0],[74.849820434773,16.772755603123642,0],[74.92014360852947,16.772499202137922,0],[74.90151566246004,16.862550215846515,0],[74.96036076715126,16.880947233556153,0],[74.9635785539934,16.909711327083254,0],[74.92177566053029,16.929861659846974,0],[74.93170715757086,16.9447552089243,0],[74.9645443823122,16.926776346975142,0],[74.96435506351163,16.947633234110235,0],[74.99290892777563,16.952070429809794,0],[75.02658570255244,16.944136297799865,0],[75.02523483967842,16.928002337213897,0],[75.08933369997567,16.95158216015709,0],[75.09630858521491,16.913743264813043,0],[75.11748241444224,16.913444669113133,0],[75.13648321186113,16.874487897526414,0],[75.18898739984249,16.875280257240284,0],[75.1818474893659,16.84340231732681,0],[75.21420223843339,16.84169921605015,0],[75.23766094201224,16.86794085127427,0],[75.26471971792044,16.862799814864502,0],[75.28202992495272,16.88029047648855,0],[75.27960265609993,16.956556358501718,0],[75.35005086461487,16.95781647280973,0],[75.39213506510168,16.980090668294075,0],[75.42787797625371,16.96649455259113,0],[75.46555223206789,16.988365009899145,0],[75.48907765897383,16.944422722652206,0],[75.52931415993646,16.96939982867423,0],[75.56765208586155,16.96574587286566,0],[75.57309716202593,17.009606460159528,0],[75.60688752270026,17.00456581533971,0],[75.60786302980082,16.970997075937415,0],[75.63393196771591,16.97025916245381,0],[75.64475709330517,16.95407880124647,0],[75.67032095799708,16.962051968960026,0],[75.66969398973228,17.038160278813386,0],[75.64099845053468,17.03758144737538,0],[75.67671537207127,17.06541586599799,0],[75.67228865061014,17.115995838830553,0],[75.6503469434203,17.11569233525124,0],[75.62537655371713,17.17400031904868,0],[75.66191164739169,17.214577575107455,0],[75.65771605219102,17.263207729583755,0],[75.60373432591538,17.30550335537936,0],[75.61002516829052,17.345040313338878,0],[75.58084537066247,17.351223008418827,0],[75.57414260690426,17.383299150969513,0],[75.6135163078392,17.391915138485448,0],[75.60660106888822,17.420372382159776,0],[75.63297968032826,17.4772144248216,0],[75.67587588916683,17.45594314893272,0],[75.6907294189067,17.40947357949594,0],[75.73359475575027,17.420093012299514,0],[75.79294053266608,17.369697405315485,0],[75.81366013568535,17.372759995523005,0],[75.82144066005165,17.421222633438166,0],[75.85108406334663,17.41052526948631,0],[75.8608781353184,17.38559497529853,0],[75.88418844284888,17.417959582228168,0],[75.89058185686459,17.35652229906653,0],[75.93081941756228,17.322572751569016,0],[76.01433236419842,17.35353328405994,0],[76.06053521607383,17.355307741753577,0],[76.07913002648559,17.331602428491006,0],[76.11895334555386,17.3705042906816,0],[76.16261784682771,17.34522010011129,0],[76.17631499092651,17.300787458550744,0],[76.17031474878421,17.352624210748687,0],[76.24208711709268,17.378837116444327,0],[76.25072752541041,17.360432779796508,0],[76.27200913616971,17.360591867658684,0],[76.27636043556949,17.334574176254893,0],[76.31766342717262,17.332375663656578,0],[76.31434413241065,17.34838984758995,0],[76.34529924235329,17.35444812311065,0],[76.35401167796326,17.31431645858301,0],[76.38315992367305,17.314525717534043,0],[76.41218865804058,17.351067743812305,0],[76.4091205415936,17.371387755746994,0],[76.3634265446506,17.37766806477277,0],[76.37151040095765,17.43642362392162,0],[76.33326247131217,17.433901018518153,0],[76.33068729928183,17.470193578765056,0],[76.37551612686414,17.490219880131825,0],[76.3457645765577,17.492529839698403,0],[76.34657184981877,17.51257942023916,0],[76.36721912621356,17.519452912284525,0],[76.36274038135039,17.537372596252645,0],[76.34069251565009,17.542474571834937,0],[76.33128653621506,17.59741857008818,0],[76.41968493161421,17.603710071625727,0],[76.4291913507653,17.64495339606334,0],[76.48974872422627,17.660499210271155,0],[76.48722764489011,17.714763621386183,0],[76.52390216299928,17.71515206735492,0],[76.52327570557321,17.75979729460508,0],[76.57270774264545,17.760539543749804,0],[76.57029543869787,17.70540567912835,0],[76.58219995036362,17.705270301112517,0],[76.61533111890355,17.770396479827014,0],[76.66418880486349,17.687560216834026,0],[76.69083990552251,17.681004800040398,0],[76.69964593420387,17.727249098819883,0],[76.72827082433025,17.73756074332356,0],[76.714091360082,17.78094002430609,0],[76.76203848097681,17.787017029033162,0],[76.79039367437097,17.8263341098549,0],[76.76749953162874,17.852127361942674,0],[76.73848209813484,17.856681603876176,0],[76.73997194119018,17.899701159096765,0],[76.76816082558383,17.901152134356977,0],[76.77504962289564,17.877712932536326,0],[76.80666940428074,17.870575240486147,0],[76.8102157120517,17.887041353564154,0],[76.83972490898584,17.899374231122476,0],[76.88426795423932,17.89429289713018,0],[76.90126471671692,17.917242290709844,0],[76.91898117335784,17.91595377656524,0],[76.90564382134653,18.00970960028447,0],[76.91431527847463,18.035361158029485,0],[76.95230517436434,18.040219260800427,0],[76.94521382755839,18.083200776895346,0],[76.96634972639994,18.098201176015966,0],[76.92049956199077,18.11818282374469,0],[76.95193446854316,18.188099338804715,0],[76.99060911452784,18.189987793638192,0],[77.00111405570085,18.160899453728945,0],[77.02330396366986,18.158509523074965,0],[77.03317774404091,18.181992785130674,0],[77.06395800255261,18.150652083527696,0],[77.11154309459542,18.155833479968777,0],[77.09759872993148,18.196723570260954,0],[77.15152194723417,18.21704488264286,0],[77.17481189253554,18.28486178874631,0],[77.2130133264022,18.28032030383044,0],[77.19871246634943,18.315452184072925,0],[77.2190671884373,18.325730498048333,0],[77.22583090869831,18.365219965827666,0],[77.24639102861374,18.370765612726,0],[77.23368514549382,18.388200596137587,0],[77.24176795733487,18.41260713126933,0],[77.31505972503005,18.44276745991304,0],[77.31616409866355,18.422135750407012,0],[77.33429220908536,18.4221118716826,0],[77.36563593089423,18.451564090412756,0],[77.37283283513611,18.401102708659458,0],[77.414155649388,18.39225149717748,0],[77.39486983063091,18.36845465803098,0],[77.40014855979064,18.347446443130032,0],[77.35672435923047,18.32020207380772,0],[77.36578968361962,18.30712476275559,0],[77.43766476208843,18.31031382214438,0],[77.44757803889297,18.269995222066907,0],[77.46503748299047,18.262536027917907,0],[77.51155752423212,18.28204933922022,0],[77.51263137636408,18.309598494840195,0],[77.60541723902496,18.28134902121163,0],[77.57177963552489,18.244001909830242,0],[77.58531465804056,18.219820318247145,0],[77.56346054390222,18.196128998304427,0],[77.5968428812803,18.155947615199153,0],[77.59880370976005,18.09333132210934,0],[77.54763567265917,18.056131123988518,0],[77.58859021582126,18.01215627959004,0],[77.6059338410347,18.020232987500314,0],[77.62778743746898,17.996787186498103,0],[77.64890562613623,17.998877619153113,0],[77.65585519956058,17.968839263099436,0],[77.64948494777988,17.950015251899046,0],[77.63301285339426,17.967382101655016,0],[77.6245445387792,17.959602860277805,0],[77.61903861456432,17.904058633692436,0],[77.58606317422131,17.907835700759396,0],[77.59907651087772,17.873087294026224,0],[77.57639878422893,17.87541940481606,0],[77.55402610826707,17.82006789238756,0],[77.52822142647062,17.82789782450654,0],[77.50655738670517,17.785952675593737,0],[77.56914953350409,17.766491971706724,0],[77.56853424195195,17.748906356765247,0],[77.5459638817738,17.726840732762255,0],[77.45243015667117,17.694703385504628,0],[77.4431189974521,17.58396319035514,0],[77.49406572304692,17.56835788467523,0],[77.50689876192796,17.542278968229358,0],[77.52838340489238,17.57536553886469,0],[77.55055929877007,17.551733836366026,0],[77.59379986833899,17.564513139453872,0],[77.5968992899896,17.534303174289416,0],[77.66200957713995,17.52282274693381,0],[77.69244753484813,17.49743021089048,0],[77.68840212738473,17.475196078752113,0],[77.65736485693104,17.480918485469093,0],[77.65689230680273,17.50646110415411,0],[77.64478522890796,17.477566232770435,0],[77.6152311006759,17.47289068091676,0],[77.614271363218,17.445946412005704,0],[77.57618607401221,17.45616763516293,0],[77.57586181683065,17.430714422518186,0],[77.53730103208355,17.443746850513048,0],[77.51299842604674,17.430870327428163,0],[77.51417375863048,17.41418124081439,0],[77.53784414030655,17.406092762975508,0],[77.52980190689144,17.370711345138098,0],[77.48381852043093,17.354997425776528,0],[77.47909594752792,17.37072119311745,0],[77.45360624463851,17.373989925841407,0],[77.45601107372727,17.331236328226595,0],[77.43792590753687,17.291918842550885,0],[77.45853522374998,17.278997290395168,0],[77.42041860869807,17.23762484783984,0],[77.38018764838098,17.222530490090016,0],[77.4037478603618,17.20989210268448,0],[77.39389361274556,17.194396589161816,0],[77.37227170717345,17.19556283077006,0],[77.36372430799284,17.158781726899782,0],[77.40665836419682,17.124511231416736,0],[77.46362279293002,17.109996776508883,0],[77.50253161575162,17.01410452679642,0],[77.47951622971499,16.996017536714046,0],[77.46943530286775,16.919197383766537,0],[77.45401588611176,16.913897662569642,0],[77.45708296453653,16.830179831084944,0],[77.47650134938388,16.788368064395097,0],[77.43949882485894,16.789131621275214,0],[77.42606788189876,16.722873754512335,0],[77.47404962743076,16.71655883148766,0],[77.46980168185524,16.687030048522708,0],[77.41886044332516,16.66857230720242,0],[77.43434356453855,16.641382053385918,0],[77.4761106733518,16.6501071099479,0],[77.45364779146064,16.616747170206526,0],[77.46739659923188,16.598836894675625,0],[77.42375767470797,16.568880956518903,0],[77.39287453023053,16.569974416713485,0],[77.41901714099235,16.548924430185597,0],[77.4191167881742,16.522378339903252,0],[77.37778880650062,16.513704827852024,0],[77.3690127889651,16.488671381056047,0],[77.29871290946188,16.496161538537304,0],[77.29399660797644,16.476670325515006,0],[77.23576101892733,16.472743948680684,0],[77.2882110210002,16.408701572800485,0],[77.34909706281843,16.38384543545689,0],[77.42094837332444,16.366230530280756,0],[77.48969095626272,16.38501479744656,0],[77.57272040208629,16.340934148404337,0],[77.59392262328146,16.34389359722767,0],[77.59780965893069,16.293112552703757,0],[77.56320584555702,16.301635528466026,0],[77.53689792568352,16.26680401911016,0],[77.5048148318349,16.275800925816505,0],[77.4900660498157,16.255180484852076,0],[77.49234301659794,16.22929729607822,0],[77.51565742448221,16.227789533259482,0],[77.50114912941362,16.22171778934492,0],[77.48615199117204,16.16298424496021,0],[77.48979304219483,16.11961931410077,0],[77.51327558201969,16.108023768205886,0],[77.49365800066059,16.086343574800793,0],[77.50687535063398,16.07963554792376,0],[77.49400140577488,16.036987862104116,0],[77.51405206542994,16.008076306735276,0],[77.51343815886004,15.926792457029952,0],[77.42959659769825,15.949063450915457,0],[77.38010099305312,15.93976592869359,0],[77.24886641516507,15.964555371463533,0],[77.18528820314498,15.956742453903903,0],[77.08457368277992,15.918641091404515,0],[77.03261663061932,15.856915147405545,0],[77.02518549024734,15.837509234097704,0],[77.06547088021593,15.827349012681328,0],[77.0490980006087,15.73025816900711,0],[77.0796887221684,15.727510814107985,0],[77.0786939081483,15.695144032045892,0],[77.12888367569485,15.665864694249382,0],[77.12142316890959,15.631084865921311,0],[77.08318943033707,15.659145353179094,0],[77.03043236678045,15.63449266577403,0],[77.03003982431598,15.502647875720244,0],[76.97453080363009,15.510506497715793,0],[76.97401775096782,15.498234112744306,0],[77.03352799313029,15.432889193165982,0],[77.02922859688131,15.404360258812352,0],[77.04724841089752,15.390021923350385,0],[77.04182891432244,15.361922241346571,0],[77.06372732342051,15.328018269837195,0],[77.11310098284201,15.333678202455122,0],[77.1183751944317,15.294850565495073,0],[77.15157756033477,15.29243496107288,0],[77.1471355235232,15.27292142951306,0],[77.16693103150442,15.268584178371954,0],[77.12512039642286,15.2269393219629,0],[77.14765652638644,15.223909428692952,0],[77.16913361263116,15.17134861850919,0],[77.13540514857428,15.149747780027898,0],[77.15727893881012,15.140468984062505,0],[77.15632762771978,15.12293156924145,0],[77.13011985281146,15.100768507838513,0],[77.11292918908693,15.034056399633883,0],[77.08474759606008,15.030708691774363,0],[77.08245132091311,15.006080550646068,0],[77.04411746859769,15.009842723568172,0],[77.04956248978945,15.033076094113374,0],[77.00407818136267,15.033832919144274,0],[76.98522220159718,15.015188754279817,0],[76.91836590775335,15.03552304569618,0],[76.877162730434,15.030207564741902,0],[76.86588508500708,15.059684568173571,0],[76.83601587911215,15.079234455304745,0],[76.80023501245893,15.095832062061465,0],[76.77669378481878,15.078400631596606,0],[76.79013024678882,15.020714739772071,0],[76.76056909634933,14.989857617673618,0],[76.76653874546592,14.975616820367492,0],[76.82850353772209,14.956457302325811,0],[76.86745880979356,14.969822332531296,0],[76.86962148310607,14.937710050940323,0],[76.86384369289244,14.895581906749973,0],[76.84547946604492,14.88929404594825,0],[76.85397732846307,14.809444241385714,0],[76.83736813692664,14.810564108874168,0],[76.83674836982716,14.790774784077582,0],[76.78268687343267,14.78593803431945,0],[76.80294369514411,14.74188421270045,0],[76.77527089024005,14.680960038515662,0],[76.76499495562355,14.602123661737755,0],[76.78184267160329,14.5964960318765,0],[76.80628218850313,14.531064889333734,0],[76.85560253637483,14.50959144415795,0],[76.86796159542179,14.474038376743824,0],[76.90068809033373,14.489208135234918,0],[76.97481429956748,14.485330367817834,0],[76.95980001825579,14.450213377485243,0],[76.94479080704743,14.450896294868338,0],[76.94271474541613,14.399336267576704,0],[76.91582982936131,14.420692548893546,0],[76.8848178681601,14.395708726398126,0],[76.88464149580018,14.347542000874903,0],[76.95672445137743,14.294346460964015,0],[76.92489740032009,14.273783642039593,0],[76.9400558634026,14.24460736794341,0],[77.05246313952186,14.245502994460008,0],[77.08117243528815,14.214152106182492,0],[77.1077580576063,14.21990882771616,0],[77.11564319093696,14.292479744273777,0],[77.13570109088855,14.336871424026747,0],[77.15734284512594,14.342098453561421,0],[77.23820067742068,14.317360015378572,0],[77.28656671215082,14.340098991982282,0],[77.283536942377,14.282736537806862,0],[77.36382063115039,14.275827233137372,0],[77.35948595780717,14.234006508299817,0],[77.39198848357441,14.198901949203018,0],[77.41939050933091,14.211624813200602,0],[77.4088315193737,14.259850699090949,0],[77.38736490119969,14.27086553848971,0],[77.3770728418785,14.30479546847246,0],[77.39280356166844,14.335832366344514,0],[77.44622179346055,14.317466537376585,0],[77.45027981140952,14.28070676854087,0],[77.48181377340956,14.291608889993308,0],[77.50386270962325,14.26374808651049,0],[77.49278835691138,14.231006354495308,0],[77.51707191681857,14.184402318676021,0],[77.50350595642189,14.157117859549846,0],[77.3937191747251,14.174245151365083,0],[77.37894360549478,14.135841476077305,0],[77.35136912539117,14.12997948031439,0],[77.34746656461088,14.103635562230847,0],[77.39061313451937,14.126640050236276,0],[77.40092041868516,14.118712557312435,0],[77.36054494362718,14.062559847331752,0],[77.34050490036849,14.060191208546268,0],[77.33230263367,14.030688204003926,0],[77.39015779625576,14.01669619283219,0],[77.38164316521133,13.976233714336809,0],[77.42588838957919,13.98611283202735,0],[77.43788136060974,13.975521624391517,0],[77.43536386151246,13.947514810722659,0],[77.41208582774809,13.945558783170052,0],[77.43504143786927,13.915006558544178,0],[77.40001940639884,13.888288523057199,0],[77.3978762427388,13.906183236662073,0],[77.35763295052736,13.903374392401663,0],[77.34783880029148,13.915963661621886,0],[77.37128653982253,13.9527513929851,0],[77.34948791033048,13.958140155887495,0],[77.36109104263011,13.990812067088799,0],[77.33622037664249,13.995367688109086,0],[77.32223051077783,14.029994571638303,0],[77.2749975281059,14.011283746724569,0],[77.27035776774217,14.034482642240453,0],[77.24535408868952,14.011944362241223,0],[77.14922270222515,14.001162940653675,0],[77.12740193562153,14.047014346849497,0],[77.07892157808614,14.042639036224129,0],[77.02768361646866,14.061746448382172,0],[77.02980113825801,14.088173015690947,0],[77.01467369498346,14.100002111501219,0],[77.02332919379806,14.176687659282315,0],[76.96060465876077,14.181771253413492,0],[76.9475661945654,14.198175404695602,0],[76.94237118678619,14.17333046633731,0],[76.89453436648705,14.167811338300275,0],[76.88591403816545,14.13823818986441,0],[76.92498110736766,14.137108574569345,0],[76.97757013721696,14.071288751352746,0],[76.97173951732046,14.058016025190474,0],[76.93238471765939,14.053924810359675,0],[76.93113463479705,14.030200854578474,0],[76.99949266991018,13.990338845970209,0],[76.99376586766319,13.962564092668206,0],[77.04165706436814,13.933433165526257,0],[77.04729283111243,13.906599690178851,0],[77.0230293663481,13.902595297301145,0],[77.01422324341166,13.860308891451416,0],[76.97802124591053,13.826866589323686,0],[76.99850330192996,13.745573542882438,0],[77.01650198353897,13.738509244512944,0],[77.02447249530718,13.779223565158027,0],[77.04337069570124,13.777793741952458,0],[77.06470043444845,13.743832259669444,0],[77.0856343634269,13.742435860782399,0],[77.09044299505402,13.76714005572898,0],[77.17305215264605,13.762009766614366,0],[77.17850750397444,13.782684709099962,0],[77.15751776500402,13.806030289349327,0],[77.1686849865592,13.829619535527131,0],[77.12819900142141,13.856458388067763,0],[77.16857987344319,13.86449056233033,0],[77.16193418327475,13.906624851845525,0],[77.18470963875566,13.925185883475569,0],[77.18138913811082,13.8698434839607,0],[77.20043077149516,13.863037152151728,0],[77.21312689497036,13.886189961107883,0],[77.21985048451934,13.867717254286342,0],[77.23562186950896,13.904136341011451,0],[77.24826875527101,13.901211006817887,0],[77.2566945590182,13.846522347424463,0],[77.31149502975498,13.86658283092886,0],[77.32538145708385,13.833237754918864,0],[77.36243040468376,13.854246004444915,0],[77.38189802679193,13.839362785858572,0],[77.43251995862613,13.843216486520436,0],[77.42256774715779,13.799091894627946,0],[77.4645908446916,13.806076807231225,0],[77.45533407109436,13.682261569403865,0],[77.4921148744163,13.68980929122639,0],[77.48503987178911,13.714782507134098,0],[77.51416855785186,13.713210850683744,0],[77.5252363535182,13.691002969905245,0],[77.53663704181366,13.730601300417478,0],[77.52726531595249,13.753810392099016,0],[77.54744186397808,13.75290068431283,0],[77.56056748272883,13.722406552955546,0],[77.59997230068302,13.75075954331113,0],[77.62771677665877,13.734600203931981,0],[77.64223398224144,13.74680192871327,0],[77.61884390354018,13.75496210764291,0],[77.62107225931177,13.768438519235442,0],[77.68007825404578,13.786777671163502,0],[77.67171819920769,13.760480765591065,0],[77.70329454573796,13.769788583831158,0],[77.71736273922323,13.741074236416855,0],[77.71930866924482,13.800274866845122,0],[77.78153461826778,13.81829318600798,0],[77.7822687468809,13.844080533060376,0],[77.83707244467317,13.86974097678243,0],[77.81349244934874,13.91462319452382,0],[77.8265883128599,13.944724611681103,0],[77.89569453933315,13.941042035593924,0],[77.89581780442056,13.9203619123981,0],[77.92676699998498,13.90532678167492,0],[77.97203526935222,13.96011870708963,0],[77.98752580500394,13.955498159864774,0],[77.98661724332952,13.903002967225499,0],[77.94907877287136,13.886448963602808,0],[77.95298242821156,13.827353715975882,0],[77.97610283311919,13.829492341221792,0],[78.00048377642622,13.872928339246776,0],[78.02122962807438,13.863827494061672,0],[78.04132885583012,13.860265296885444,0],[78.04619277333606,13.862133163547126,0],[78.04886525102664,13.89609228892005,0],[78.07899864949866,13.881155064085162,0],[78.08190598657184,13.861240944190762,0],[78.11477620981857,13.862888292623067,0],[78.12363446627513,13.845353767966209,0],[78.11375301985508,13.807467956683883,0],[78.12640103010611,13.78637675365305,0],[78.09152337014145,13.74227686035724,0],[78.12079984389895,13.715617975502358,0],[78.11322010060718,13.692735261586233,0],[78.06907612383381,13.697808478138585,0],[78.087108711414,13.64306624608636,0],[78.16757823065281,13.655825034897093,0],[78.16822381480773,13.63285169252534,0],[78.20419665617483,13.628421534534395,0],[78.1929720149315,13.564846535925215,0],[78.23634010349006,13.598581763879492,0],[78.25860489911386,13.583005823066777,0],[78.40200141358382,13.587970969947364,0],[78.37531632082072,13.508954048002487,0],[78.3816754705427,13.39698321142226,0],[78.36507712826447,13.361798964303484,0],[78.40868340632505,13.342883023525667,0],[78.37714794635754,13.33197097043085,0],[78.40110419838334,13.315469505145291,0],[78.44038473276147,13.328429447936132,0],[78.44420565889445,13.308111015858136,0],[78.4834016125729,13.321171050433344,0],[78.47930994302524,13.301290302759272,0],[78.53217871106324,13.266937844241678,0],[78.53932266332201,13.28787030386224,0],[78.56163761516721,13.28851447770365,0],[78.56554907977124,13.312003334410404,0],[78.58736419635409,13.280642532506262,0],[78.5664014972656,13.220854901528158,0],[78.5787021693798,13.212992155785399,0],[78.55006029533146,13.200181376122973,0],[78.5760595851113,13.186691794406055,0],[78.5797651669244,13.167361591975169,0],[78.55011349515227,13.16418891068774,0],[78.54464535984076,13.142003409508881,0],[78.51704501581042,13.13159035831865,0],[78.53850595597643,13.105730185974426,0],[78.50947043747507,13.091495112782061,0],[78.51425156802587,13.061855408597353,0],[78.4621958661754,13.04321409664984,0],[78.46746125490439,12.975022485179561,0],[78.43533014081079,12.981039789211481,0],[78.43797268944826,12.963985423763463,0],[78.41116305888643,12.945268010388695,0],[78.41881751550814,12.921724779450285,0],[78.43801608483412,12.929013924657747,0],[78.46669669102937,12.905409652871276,0],[78.4647711162672,12.86676365897587,0],[78.44557971055453,12.911796037345972,0],[78.38869573258917,12.906858139105958,0],[78.35587500921888,12.940740720997466,0],[78.33973117035514,12.903184630537543,0],[78.32353285239218,12.901783355975747,0],[78.3203300156692,12.887259404371044,0],[78.33707990390795,12.882364585136816,0],[78.31362685361609,12.876453247992096,0],[78.31244642021561,12.858518184206869,0],[78.25219797857675,12.860551001436113,0],[78.23095281233756,12.76065858960815,0],[78.13423755103206,12.781965723035052,0],[78.05333343245512,12.85385362189091,0],[78.02386568890869,12.856500915989884,0],[78.02898787055418,12.845185703850122,0],[78.00391701111295,12.8255957613293,0],[78.00975275738007,12.805739117472747,0],[77.98852109137647,12.808192580415152,0],[77.95233599661238,12.857116812135674,0],[77.93999455872714,12.853142646269125,0],[77.94067831668767,12.823344374356875,0],[77.92055651286836,12.82815719682468,0],[77.94177714358257,12.871636642267774,0],[77.92772290109116,12.874916340679485,0],[77.92932457922363,12.890915582916188,0],[77.79910659076096,12.851537276147223,0],[77.80853720820845,12.796725512100721,0],[77.77878477528215,12.767762764040206,0],[77.79342029130092,12.74943661880497,0],[77.76333149641339,12.736892003227574,0],[77.77445125766783,12.72421439880672,0],[77.76175198319159,12.697583510655862,0],[77.73746218827955,12.697745073168685,0],[77.73992821636669,12.672989632503628,0],[77.71159049149733,12.683137577800808,0],[77.7042282156877,12.66140443616221,0],[77.67865464361074,12.660388908599936,0],[77.67638432073298,12.679471564823578,0],[77.65991011182697,12.683839990539203,0],[77.59887312472311,12.667157640910462,0],[77.60623212292106,12.62891246464753,0],[77.5910191138893,12.615243012215824,0],[77.58035001318594,12.551589645536344,0],[77.58720216942686,12.51475473174202,0],[77.6163264909843,12.50918036618887,0],[77.58368012299631,12.478795449453049,0],[77.60742358288563,12.475123835312438,0],[77.62608818546097,12.496308980140745,0],[77.63462541075566,12.48759931938117,0],[77.61680736463268,12.368199513669534,0],[77.55133675340356,12.291206723264612,0],[77.4875979473718,12.280495234471037,0],[77.4711182020913,12.243510490599979,0],[77.48263395634532,12.230204477429456,0],[77.47203879968245,12.207893619108626,0],[77.4927112292011,12.197332070739428,0],[77.61075476258058,12.20614420382601,0],[77.73004094384856,12.180630004174331,0],[77.77556287161426,12.11844127950869,0],[77.6963691871204,12.015767477476407,0],[77.67569007772764,11.951978848651326,0],[77.5379839102043,11.932385395097835,0],[77.49480070362652,11.94384700933565,0],[77.48620035215134,11.88741029543475,0],[77.46162796029314,11.899983508036437,0],[77.46661466082077,11.847081040029908,0],[77.4272411131138,11.760870368761699,0],[77.39445553117716,11.78763319113999,0],[77.36484641478549,11.790403376889481,0],[77.33514883211551,11.77123077967869,0],[77.29385437869021,11.808998278288152,0],[77.24987603454552,11.813012677877587,0],[77.23860169449803,11.794652748194059,0],[77.11074656172818,11.773472452799309,0],[77.11770643426861,11.7210720829059,0],[77.08021797981691,11.735981982772454,0],[77.05642675163196,11.76977576260851,0],[77.06691990853807,11.78798003317973,0],[77.03510161601136,11.769779006785265,0],[77.02987993578748,11.804674974630903,0],[76.9829906362635,11.81184892068423,0],[76.96992269874781,11.776859735738828,0],[76.95393963042035,11.792052136285731,0],[76.90800360805723,11.795245400430051,0],[76.90037698131327,11.783917387688245,0],[76.88834944183617,11.733643169438434,0],[76.83500509953953,11.655416385404955,0],[76.8535828688083,11.596970958077135,0],[76.75691864287305,11.61843693493995,0],[76.5767463446765,11.614495549633002,0],[76.55995453017499,11.622469488478087,0],[76.55055826136453,11.674193534361878,0],[76.51167532387801,11.704978590199428,0],[76.45821172018081,11.664329351118925,0],[76.4167262119653,11.671742629039425,0],[76.4034440648215,11.711289842062321,0],[76.42744311425598,11.726311596316382,0],[76.41423241239285,11.758848091653984,0],[76.3397380341287,11.739004333456636,0],[76.28022314753169,11.811607498905792,0],[76.2237191747058,11.808204884340936,0],[76.2074736402705,11.861536607487999,0],[76.19038625329746,11.87121343577071,0],[76.11994405453204,11.85046789553085,0],[76.11230336852428,11.978655106862858,0],[76.00319854811907,11.931391669049402,0],[75.8704492572609,11.952580852006905,0],[75.82725702213048,11.987683623461205,0],[75.79396097928253,12.055029459224025,0],[75.80255087308488,12.078562814501325,0],[75.75348465086789,12.084131209565742,0],[75.71473128718497,12.070442779331074,0],[75.70326259596538,12.108171381385525,0],[75.66198166095155,12.099182935567116,0],[75.63605392856344,12.149174938222446,0],[75.57719735806288,12.15775426635557,0],[75.53261306472893,12.201446219587336,0],[75.53968964160184,12.216807342723614,0],[75.47940295943782,12.295413386484233,0],[75.41355989657072,12.291201905529293,0],[75.43215016121223,12.308994768497621,0],[75.41040451174946,12.347193195849085,0],[75.4219284737155,12.372663630806214,0],[75.3726109253603,12.400253656199393,0],[75.36563038525159,12.456745246512908,0],[75.41331558464671,12.458567037357138,0],[75.42495023703586,12.469511646193384,0],[75.41736014942055,12.498438538607575,0],[75.38223084805799,12.50201575708095,0],[75.36081761955269,12.464968383370298,0],[75.33660426614873,12.464082325572118,0],[75.33299720711794,12.498331291485506,0],[75.31502839384513,12.497110672427903,0],[75.3040976551691,12.523281857676855,0],[75.2739579177388,12.535598155123528,0],[75.27288658592502,12.568968930668182,0],[75.29053690087379,12.582609026301261,0],[75.31539325717456,12.572537155351537,0],[75.32701338979965,12.592393810376679,0],[75.27634946395354,12.618507455774704,0],[75.23749739081545,12.569758049497198,0],[75.22031833447855,12.569102548844292,0],[75.20114222895819,12.587733180653627,0],[75.20174189341338,12.630022552268331,0],[75.16068309816204,12.622126921633635,0],[75.13850696168166,12.643436386909668,0],[75.16203353233901,12.671956426199761,0],[75.15200259301923,12.68324057362544,0],[75.11145748108552,12.681819228701732,0],[75.08600914031358,12.704034562725125,0],[75.08516610629994,12.674760818921555,0],[75.04664200095785,12.66756567389153,0],[75.05245776429834,12.720081100063425,0],[75.00098652255942,12.716393164403504,0],[75.0133996247118,12.727954546811203,0],[74.9832672784667,12.737196293698723,0],[75.00944829926642,12.767512328461157,0],[75.0031625583221,12.791667309485575,0],[74.93292612431007,12.78054246635762,0],[74.8823125609203,12.754048560044696,0],[74.86423511908224,12.761308838089198,0],[74.82442737910449,12.849057475860544,0],[74.7163655298454,13.312579386705309,0],[74.69358563021572,13.343707349985644,0],[74.69542987702276,13.455179415350836,0],[74.66851133432752,13.640168011874398,0],[74.64555248823547,13.681957929226519,0],[74.62580583215845,13.79685435528443,0],[74.60992991389371,13.865551620940286,0],[74.58007321760533,13.925400828775237,0]]],[[[74.67546300002003,13.193131200169026,0],[74.67524290000368,13.193911900444393,0],[74.67558899964034,13.193804399608883,0],[74.67546300002003,13.193131200169026,0]]],[[[74.67520259965424,13.194551800005312,0],[74.67548270024841,13.19508570021794,0],[74.67532710044411,13.194479499973104,0],[74.67520259965424,13.194551800005312,0]]],[[[74.72071200025195,13.242424100321793,0],[74.72096060003415,13.243458800163015,0],[74.72114810005874,13.242434700204333,0],[74.72071200025195,13.242424100321793,0]]],[[[74.72099370035548,13.272509700022805,0],[74.72100520031205,13.27307760014569,0],[74.7212628997803,13.272524500222454,0],[74.72099370035548,13.272509700022805,0]]],[[[74.70035874545457,13.279919494345032,0],[74.69911774394227,13.280701492591213,0],[74.7000187446004,13.281007493883804,0],[74.70035874545457,13.279919494345032,0]]],[[[74.70030330162594,13.281394489483136,0],[74.69984430038839,13.283349489736382,0],[74.70020130015125,13.283689489595869,0],[74.70030330162594,13.281394489483136,0]]],[[[74.69018869995595,13.332258100133355,0],[74.69196649995092,13.331251199561615,0],[74.69092810024446,13.330736100060378,0],[74.69018869995595,13.332258100133355,0]]],[[[74.69026628674045,13.33300847321293,0],[74.69067446001476,13.333126728602386,0],[74.69035021023697,13.332871144639732,0],[74.69026628674045,13.33300847321293,0]]],[[[74.6891225002962,13.339606899722483,0],[74.68683109991319,13.337135700008396,0],[74.68792470000585,13.340920399876245,0],[74.6891225002962,13.339606899722483,0]]],[[[74.68231280012527,13.343609700058957,0],[74.68683619995167,13.34222999982613,0],[74.68588540028621,13.341224799889186,0],[74.68231280012527,13.343609700058957,0]]],[[[74.68109689982067,13.344645500268532,0],[74.68178280023245,13.344328299597843,0],[74.6817826997717,13.343757899634245,0],[74.68109689982067,13.344645500268532,0]]],[[[74.68218740020684,13.344764099838233,0],[74.68195290004797,13.34499150016896,0],[74.68220690032452,13.344995600192673,0],[74.68218740020684,13.344764099838233,0]]],[[[74.68180600047549,13.347265499621168,0],[74.68131630001176,13.347312100284178,0],[74.6812688996853,13.34770479979685,0],[74.68180600047549,13.347265499621168,0]]],[[[74.68162799976972,13.348194199949797,0],[74.68238269989774,13.348298700257471,0],[74.68318279959487,13.346698999606076,0],[74.68162799976972,13.348194199949797,0]]],[[[74.68266599983144,13.360096000259276,0],[74.68288700030715,13.360266000158385,0],[74.68288700029323,13.36011299978691,0],[74.68266599983144,13.360096000259276,0]]],[[[74.68244183428148,13.360562117361635,0],[74.68259483386463,13.360647117681735,0],[74.68252683389606,13.360409117031134,0],[74.68244183428148,13.360562117361635,0]]],[[[74.68176950025584,13.36099470021272,0],[74.68151669982159,13.361138400367203,0],[74.68158620029767,13.3612224995745,0],[74.68176950025584,13.36099470021272,0]]],[[[74.67477639998593,13.375839100057561,0],[74.67528070026127,13.37522209965232,0],[74.67463940000938,13.375687599779875,0],[74.67477639998593,13.375839100057561,0]]],[[[74.67434870041541,13.377277200261867,0],[74.67514990000294,13.376063300107804,0],[74.6738075998101,13.37648159957975,0],[74.67434870041541,13.377277200261867,0]]],[[[74.6748459999886,13.377249000374654,0],[74.67496500010638,13.377503999999485,0],[74.6750669996643,13.377265999997688,0],[74.6748459999886,13.377249000374654,0]]],[[[74.68196032178585,13.384219006830607,0],[74.68623557855227,13.378373144901325,0],[74.68326360051209,13.380456917344308,0],[74.68196032178585,13.384219006830607,0]]],[[[78.39554023878844,13.350603788955077,0],[78.3958383990602,13.351113841681528,0],[78.39588615779823,13.350488030627387,0],[78.39554023878844,13.350603788955077,0]]],[[[77.5267893215441,17.78448237240285,0],[77.52357229140567,17.782521696269075,0],[77.52128800845476,17.782959516644773,0],[77.5267893215441,17.78448237240285,0]]],[[[77.27503035432736,18.47772646632401,0],[77.29994739572017,18.47417744508329,0],[77.29428777833215,18.458751997811277,0],[77.26747356653343,18.45461269616001,0],[77.27503035432736,18.47772646632401,0]]]]},"id":16},{"type":"Feature","properties":{"state":"KERALA","id":17},"geometry":{"type":"Polygon","coordinates":[[[76.84878538443992,10.368228671524651,0],[76.83031344193104,10.303626844759192,0],[76.84871568729562,10.285278130780977,0],[76.87313532955186,10.298484464812693,0],[76.90300470284156,10.24029635466743,0],[76.98244620596101,10.220120441492154,0],[77.0510811496227,10.2621093506837,0],[77.0428767353973,10.283767207449001,0],[77.17662319723682,10.358441163352706,0],[77.23584135345735,10.352006559578056,0],[77.22774714078142,10.315416050312189,0],[77.26292596104257,10.26333191713845,0],[77.2597230541654,10.230274146836187,0],[77.28193702121729,10.236555908095632,0],[77.29495562937306,10.217898372946557,0],[77.26777640889796,10.1216136129819,0],[77.23824087820448,10.130077315044476,0],[77.20126488819842,10.10582144635644,0],[77.26189970815035,10.029725211940633,0],[77.25319359880604,10.012812329391856,0],[77.27285475897803,9.964194674976731,0],[77.24654236116686,9.951396481919673,0],[77.21825256413639,9.904294420412688,0],[77.21245005623973,9.876884814608584,0],[77.23718402887434,9.851380753827538,0],[77.22177782043006,9.822451409317,0],[77.24666602740314,9.797886555582044,0],[77.22266345555444,9.787791771583313,0],[77.22390836476747,9.730373356996909,0],[77.20355571489125,9.722106368440398,0],[77.20671616193056,9.694656359593427,0],[77.16586297776273,9.612862729394958,0],[77.20895729121247,9.61344352909778,0],[77.2343017960153,9.581545289732379,0],[77.26971372245994,9.572769119017948,0],[77.31781874300329,9.602504872702136,0],[77.3394908228815,9.573313942378482,0],[77.36112810173644,9.60226174757239,0],[77.35026320108511,9.567081123250414,0],[77.3655637357638,9.53508952579618,0],[77.38517837437624,9.519231526134803,0],[77.4005073190377,9.52736384058234,0],[77.4123964159938,9.508977437036696,0],[77.39261336426901,9.459350174376736,0],[77.36600016317061,9.46008217615659,0],[77.34940585542313,9.441175442947776,0],[77.3252883197036,9.337114705121502,0],[77.2999727455002,9.336653035051267,0],[77.29953742591475,9.310911975024174,0],[77.28298734442669,9.30133272879695,0],[77.28171242812782,9.21657005588485,0],[77.25142608128255,9.188635883562094,0],[77.26681439088225,9.152460789615544,0],[77.21240695730471,9.100482392391164,0],[77.19745574796009,9.0469727272809,0],[77.16746703957021,9.045299483948742,0],[77.14655534579188,9.02181524291926,0],[77.1962881472613,8.954583135116499,0],[77.19279559048032,8.926195977051407,0],[77.25657091157032,8.87756684306389,0],[77.26275777008678,8.841992211130057,0],[77.2297088773029,8.784587518339732,0],[77.1973285616667,8.768898273993626,0],[77.19246385173535,8.744440972723014,0],[77.17001187049463,8.741794720663757,0],[77.20671673817378,8.684195526389981,0],[77.20069269281457,8.669076370077912,0],[77.28384684447087,8.546728597207935,0],[77.26170763281202,8.506152368543065,0],[77.24012424788874,8.4970536893549,0],[77.21430904701522,8.5128132580823,0],[77.20238409007592,8.501190418575671,0],[77.2280999866615,8.447252374793427,0],[77.20659986842112,8.44470257253388,0],[77.18167096371596,8.395794284746055,0],[77.15110730216692,8.384471721058413,0],[77.15301721080064,8.355144173433665,0],[77.17429424707996,8.358632820563425,0],[77.16694343814166,8.342746849349505,0],[77.18061379348778,8.323517887314924,0],[77.13979333170253,8.329867880077847,0],[77.09598197555086,8.293018226221937,0],[76.97894570976945,8.382004712060953,0],[76.63143318749437,8.836529686244381,0],[76.5467305468789,8.9039050878447,0],[76.49913169761993,9.058222517836528,0],[76.3302476079751,9.44124847984652,0],[76.24120356600191,9.967648086850522,0],[76.1003279886815,10.381474912890383,0],[75.91010100155074,10.786134817749224,0],[75.84670199083234,11.06286783032474,0],[75.73036974615314,11.35934193429868,0],[75.68160519501158,11.44962127633007,0],[75.61678020894769,11.476408937148445,0],[75.5361801642799,11.693606205116389,0],[75.54423234686328,11.704542141858848,0],[75.53003670928334,11.703569904136488,0],[75.45369676970168,11.770275043831278,0],[75.38575851526811,11.8563380221637,0],[75.35568235121461,11.859804394473942,0],[75.2503328669412,12.008188888953773,0],[75.229109692464,12.022605801182968,0],[75.20105633813537,12.006088967048639,0],[75.05806452801917,12.351703985857599,0],[74.97381370928922,12.50038961463392,0],[74.86458510670477,12.760191657974856,0],[75.0031625583221,12.791667309485575,0],[75.00944829926642,12.767512328461157,0],[74.9832672784667,12.737196293698723,0],[75.0133996247118,12.727954546811203,0],[75.00098652255942,12.716393164403504,0],[75.05245776429834,12.720081100063425,0],[75.04664200095785,12.66756567389153,0],[75.08516610629994,12.674760818921555,0],[75.08600914031358,12.704034562725125,0],[75.11145748108552,12.681819228701732,0],[75.15200259301923,12.68324057362544,0],[75.16203353233901,12.671956426199761,0],[75.13850696168166,12.643436386909668,0],[75.16068309816204,12.622126921633635,0],[75.20174189341338,12.630022552268331,0],[75.20114222895819,12.587733180653627,0],[75.22031833447855,12.569102548844292,0],[75.23749739081545,12.569758049497198,0],[75.27634946395354,12.618507455774704,0],[75.32701338979965,12.592393810376679,0],[75.31539325717456,12.572537155351537,0],[75.29053690087379,12.582609026301261,0],[75.27288658592502,12.568968930668182,0],[75.2739579177388,12.535598155123528,0],[75.3040976551691,12.523281857676855,0],[75.31502839384513,12.497110672427903,0],[75.33299720711794,12.498331291485506,0],[75.33660426614873,12.464082325572118,0],[75.36081761955269,12.464968383370298,0],[75.38223084805799,12.50201575708095,0],[75.41736014942055,12.498438538607575,0],[75.42495023703586,12.469511646193384,0],[75.41331558464671,12.458567037357138,0],[75.36563038525159,12.456745246512908,0],[75.3726109253603,12.400253656199393,0],[75.4219284737155,12.372663630806214,0],[75.41040451174946,12.347193195849085,0],[75.43215016121223,12.308994768497621,0],[75.41392414327628,12.290669446835588,0],[75.47940295943782,12.295413386484233,0],[75.53968964160184,12.216807342723614,0],[75.53261306472893,12.201446219587336,0],[75.59255669453312,12.147847716046828,0],[75.63605392856344,12.149174938222446,0],[75.66198166095155,12.099182935567116,0],[75.70326259596538,12.108171381385525,0],[75.71473128718497,12.070442779331074,0],[75.75348465086789,12.084131209565742,0],[75.80255087308488,12.078562814501325,0],[75.80107064946445,12.037006041639382,0],[75.85885945068775,11.959418226993666,0],[76.00319854811907,11.931391669049402,0],[76.11230336852428,11.978655106862858,0],[76.11994405453204,11.85046789553085,0],[76.19038625329746,11.87121343577071,0],[76.2074736402705,11.861536607487999,0],[76.2237191747058,11.808204884340936,0],[76.28022314753169,11.811607498905792,0],[76.3397380341287,11.739004333456636,0],[76.41423241239285,11.758848091653984,0],[76.42744304685137,11.72597708121795,0],[76.40346212453122,11.707759670056975,0],[76.44342803655246,11.643623441660084,0],[76.38809582025328,11.629667432978037,0],[76.37798143491737,11.601909715168544,0],[76.33587650597171,11.595736197778432,0],[76.30238378639058,11.5712255785978,0],[76.27890633384835,11.60094213014802,0],[76.2345198776641,11.572147176627919,0],[76.25150541683172,11.537776621207493,0],[76.23848168569907,11.52626690557003,0],[76.24757339939063,11.468540696837694,0],[76.28443504315662,11.482920295792901,0],[76.32547051637785,11.453328887673178,0],[76.34222596010174,11.467592623964725,0],[76.39767727586229,11.435022981744238,0],[76.41870494775067,11.441783227288735,0],[76.41507825807643,11.422627319589557,0],[76.4620823123655,11.387469769628321,0],[76.51775232671352,11.371563304050076,0],[76.50818455364379,11.354123437719952,0],[76.54785726256084,11.358885575932543,0],[76.54575558734895,11.300310348954296,0],[76.52217783414264,11.271338081847489,0],[76.45308789700815,11.239367345760394,0],[76.43862275167656,11.198961220438987,0],[76.45844286579643,11.187681468766325,0],[76.4723663942115,11.20875070649119,0],[76.50328008541551,11.21160895323752,0],[76.53385100178963,11.196753563591322,0],[76.60090082352471,11.206594471642594,0],[76.629722639955,11.194173749762504,0],[76.69826981685144,11.239601638830674,0],[76.73141614173447,11.215585792982312,0],[76.72903856726418,11.191039661071411,0],[76.70023854042357,11.181819436856314,0],[76.68955640619328,11.159574427216372,0],[76.72875405326928,11.130451640561155,0],[76.74829611524082,11.135837326352538,0],[76.74612893072907,11.054823560623516,0],[76.77815990419296,11.0420909826082,0],[76.80085956679508,11.053965554178774,0],[76.76659984996546,11.029093007969873,0],[76.71088737635284,11.038721692695924,0],[76.65909484294237,10.930496453370468,0],[76.74078741926505,10.890970033098434,0],[76.82831543962097,10.871909633566437,0],[76.85378353108626,10.838958580918433,0],[76.84817226464531,10.818804550395912,0],[76.90068203525841,10.807304936233123,0],[76.90721024873707,10.782688013818879,0],[76.89294007194637,10.721460458499456,0],[76.86758909334955,10.694775139603752,0],[76.88247547619416,10.639707105055425,0],[76.81418242951246,10.63585618476848,0],[76.81009734326422,10.624180958039863,0],[76.83842517073873,10.595988933031565,0],[76.84309609456224,10.53728530548947,0],[76.81637855633517,10.423519040575812,0],[76.84878538443992,10.368228671524651,0]],[[75.53685990558903,11.762683141989065,0],[75.54145967444909,11.73888891236074,0],[75.52668793968758,11.726633676900532,0],[75.53100342533598,11.708263012005238,0],[75.55534065860174,11.721468829673126,0],[75.53685990558903,11.762683141989065,0]]]},"id":17},{"type":"Feature","properties":{"state":"LADAKH","id":18},"geometry":{"type":"Polygon","coordinates":[[[77.27309737977649,32.87355953361575,0],[77.2542719050652,32.863939732889264,0],[77.2429925217668,32.89216298107613,0],[77.20291609567394,32.906545152953115,0],[77.18797242528971,32.92874435704993,0],[77.17044410873851,32.91066855961557,0],[77.15573528911115,32.91158382770084,0],[77.16453902406664,32.936481467459416,0],[77.15024958021368,32.97830091227707,0],[77.08652434534285,32.972409857069295,0],[77.04738714483398,32.998621801693524,0],[77.00948854718149,32.98865614567515,0],[76.92868861037904,33.03165495412206,0],[76.90870650457967,33.094567070389935,0],[76.88510057957652,33.1213777901413,0],[76.85506718541426,33.11438434697683,0],[76.81669571113532,33.160339110980246,0],[76.84317025525377,33.2467355430543,0],[76.8200634594457,33.235840261488576,0],[76.79915101509243,33.256242527312544,0],[76.75647608455756,33.24845531992098,0],[76.73705094003842,33.261095621073395,0],[76.71774625112249,33.328973192291,0],[76.67102083134581,33.34184772960103,0],[76.62896476010292,33.434894999386565,0],[76.58184676320421,33.425785852439006,0],[76.56948830462366,33.46617338212665,0],[76.54963716664132,33.46405323246894,0],[76.5020548462328,33.51597542706343,0],[76.45916309383284,33.53389383191736,0],[76.44994591619718,33.56299894734171,0],[76.41520304975563,33.539082348559546,0],[76.37992214583822,33.55292401984575,0],[76.38072626273518,33.5769515126992,0],[76.35865113016469,33.60368742543214,0],[76.30651391827506,33.60955725668708,0],[76.30978030293124,33.571462240580395,0],[76.22502977235102,33.5475945305289,0],[76.20544221254984,33.569202175163525,0],[76.2403371608415,33.604845867054976,0],[76.22937182131068,33.62982521821488,0],[76.28465059391469,33.66184434382012,0],[76.26621319401096,33.67953212487483,0],[76.26547113068514,33.74637872894211,0],[76.21257956321737,33.76117696838634,0],[76.18473622676561,33.800154875267964,0],[76.1613785829007,33.80185008646471,0],[76.15997839054843,33.83692114442939,0],[76.12296411559286,33.88904955003602,0],[76.03256822160304,33.91965904131383,0],[76.04947451069377,33.93385618498501,0],[76.02435759037726,33.98212479495509,0],[75.97819849578453,33.97219044353949,0],[75.96654156788901,33.95451604234633,0],[75.89319509210704,33.969090933247266,0],[75.83823880595403,33.95495549500748,0],[75.81962521152647,33.9722086559157,0],[75.84306145090252,34.00477681995718,0],[75.818265226425,34.00750870147217,0],[75.76852379525191,34.054918834940395,0],[75.73703272376153,34.058907691599806,0],[75.74254436960003,34.07325926792489,0],[75.71880323153684,34.10325084299918,0],[75.66794800183365,34.1442893876229,0],[75.68528726327908,34.199557952050405,0],[75.64811946379973,34.21200251984474,0],[75.59336339959849,34.19769410957058,0],[75.57993399883651,34.21397105992346,0],[75.49535850036156,34.23239955961935,0],[75.47485482571409,34.27759131475777,0],[75.4034977640245,34.28468778210552,0],[75.37601596945099,34.34195375637426,0],[75.38570816721743,34.36613997405113,0],[75.36697494636434,34.39103007824639,0],[75.37233551779377,34.41259800487956,0],[75.3275390878774,34.439768425937714,0],[75.35323747670515,34.468793716125376,0],[75.34291664724445,34.48943500295342,0],[75.36556772093836,34.53809961908448,0],[75.34416398086043,34.56303035090669,0],[75.2533673064317,34.60412523313463,0],[75.24150361470849,34.637779126574934,0],[75.20602526409675,34.643784616224984,0],[75.23206782608968,34.69081581172369,0],[75.25826644643715,34.697574238239675,0],[75.25625087559845,34.77388658352186,0],[75.22324459427988,34.81752367748506,0],[75.14423432810638,34.85028375994292,0],[75.14197032591,34.874950999076994,0],[75.1013017753924,34.91909822296337,0],[75.07164427708706,34.91920407269665,0],[75.064117815232,34.905237445332794,0],[75.06403469021507,34.84711096830378,0],[75.01634377351188,34.84825117413229,0],[74.91859934973907,34.78511064724025,0],[74.8721534266751,34.830187123997284,0],[74.79846098651376,34.85206808452152,0],[74.7501702154443,34.8449853692726,0],[74.71145207096826,34.88091771550637,0],[74.68415196480296,34.87880110198795,0],[74.66252747416145,34.90677110458488,0],[74.60422865623299,34.92479921239703,0],[74.5770112387755,34.91391907350993,0],[74.5705320847953,34.97563068140366,0],[74.58509349447884,35.01812156873584,0],[74.53073034801297,35.046176246920446,0],[74.5397973230899,35.07497673546422,0],[74.49944147466223,35.115586258273446,0],[74.43873920779367,35.13006754905731,0],[74.38197634912392,35.06781974504227,0],[74.30523120408216,35.0676273588212,0],[74.26517309197514,35.04085719129165,0],[74.21514294042815,35.09371536661844,0],[74.15610562352698,35.090877320169064,0],[74.1058609500979,35.125722497762624,0],[74.11227211696612,35.14852713349626,0],[74.03381399014182,35.146862275394454,0],[74.00282805906392,35.183647823768446,0],[73.95684471119613,35.16804498404292,0],[73.92454905511723,35.20389702490758,0],[73.86118917004228,35.2071441448163,0],[73.80832785427826,35.2394964058775,0],[73.72023359272116,35.21441989556963,0],[73.70798409678127,35.222483589441914,0],[73.72497501591351,35.27304851337682,0],[73.69484255499296,35.318405774279306,0],[73.69543898998957,35.369070274662846,0],[73.7270230948012,35.418988669232355,0],[73.79203858092826,35.45421966514864,0],[73.77850494301595,35.522894258630664,0],[73.72961415398022,35.52949253412728,0],[73.72125591060943,35.54921952375943,0],[73.65883845469243,35.54762856384659,0],[73.628388404515,35.569045233106046,0],[73.56159722271661,35.54638867064633,0],[73.52792425038066,35.56730188305628,0],[73.50150525180514,35.557569449499155,0],[73.47736080568374,35.57190167324873,0],[73.39812355026359,35.55708280294217,0],[73.36348210006435,35.59722367077872,0],[73.26867792421196,35.62438607466383,0],[73.13291516498806,35.71077731410987,0],[73.12650045357906,35.776226829399874,0],[73.14866407224991,35.831183366663545,0],[73.08388280952666,35.87746264552785,0],[73.0288243808268,35.84705807372833,0],[72.98707777434002,35.859810612648786,0],[72.91844227966982,35.83905731457336,0],[72.89244750217222,35.844540859679924,0],[72.89112688130388,35.87373739515665,0],[72.83931703257373,35.867128353482464,0],[72.8191576727771,35.88172031555716,0],[72.78428867157484,35.84145437026222,0],[72.76143859711048,35.83230394788597,0],[72.726579143447,35.853051952433326,0],[72.68438379242463,35.82252516019245,0],[72.6281396482155,35.857857931957206,0],[72.58510091898123,35.85937260895072,0],[72.55823539249411,35.89766474268416,0],[72.51847361744167,35.90548266954138,0],[72.51307732713133,35.938673015676976,0],[72.5348863493741,35.95063852403992,0],[72.53867268135834,35.985120108134616,0],[72.55996380227799,35.98695711330198,0],[72.58352529663149,36.017073964960574,0],[72.56875932378775,36.04462277619036,0],[72.53574004465327,36.047291272965474,0],[72.51668047148195,36.06733485634094,0],[72.52761512305742,36.11022323459882,0],[72.56170494997335,36.139890004078204,0],[72.53577643214906,36.17552029356765,0],[72.5807167651628,36.25262308473529,0],[72.61886809048943,36.26927963626266,0],[72.68483394089195,36.24388259667907,0],[72.68056050110906,36.27103386370023,0],[72.75917766219794,36.298578631073006,0],[72.81608189899251,36.35643561530073,0],[72.85366629353219,36.36634879521649,0],[72.87554436013929,36.394560737511334,0],[72.85966942977755,36.435560495250186,0],[72.90814949500567,36.46092210989989,0],[72.97935897967538,36.457319995203,0],[72.97791320784377,36.51152501221884,0],[73.0519453482977,36.532966367092335,0],[73.09716682702546,36.605994291307766,0],[73.07410571151848,36.628783866829316,0],[73.06764565325672,36.70062256271171,0],[73.1164408200539,36.68419542782839,0],[73.1706714129415,36.72403081921213,0],[73.20139620751112,36.69552922333642,0],[73.2380143108076,36.711520654961,0],[73.29411981942599,36.70422666297939,0],[73.34783175615837,36.71639960916537,0],[73.3515758469503,36.735004084321865,0],[73.4214422122896,36.74298328717417,0],[73.49763291916159,36.71313559602536,0],[73.57930167434068,36.72238069841331,0],[73.589994585556,36.69452375612035,0],[73.62158150669725,36.69034012006615,0],[73.68926930622133,36.68756878112271,0],[73.70985361271534,36.71233334749391,0],[73.77478392803617,36.702089623188435,0],[73.7955511701838,36.71884169616823,0],[73.87670868987352,36.704687176503356,0],[73.88335772181071,36.74528501770669,0],[73.86798889062075,36.76631694209065,0],[73.83698687316486,36.79513383734181,0],[73.80151307063001,36.794215121427484,0],[73.79757326802644,36.81819791785148,0],[73.75883597567703,36.816154865315966,0],[73.705509598582,36.83781156122834,0],[73.70618722410374,36.857953284795926,0],[73.66700745523815,36.88088069587852,0],[73.67109330528261,36.91169833616329,0],[73.7287250897271,36.89799025225201,0],[73.7513224944502,36.90968651369516,0],[73.80071991632359,36.887495871335766,0],[73.820442789677,36.90309102773681,0],[73.85926115450113,36.89731861029616,0],[73.89302041328614,36.87546052638496,0],[73.91490226436608,36.882982623223924,0],[73.96149925408768,36.83926671939754,0],[74.04652144827178,36.81082176010727,0],[74.08551677989847,36.84150731913885,0],[74.13345904913861,36.847903451058045,0],[74.15575025862489,36.91050768035201,0],[74.24897082292057,36.89360566410873,0],[74.41986969474738,36.99450233911415,0],[74.52031071372713,36.99583201134737,0],[74.54255070567164,36.96135483413861,0],[74.56410133942393,36.95789724941937,0],[74.58041834827743,37.021011851594935,0],[74.56812173497066,37.0517600087055,0],[74.68117049299403,37.086713808891076,0],[74.70739054437101,37.087288350881934,0],[74.74713668568305,37.02011358984212,0],[74.769054813293,37.0412219195212,0],[74.8389018196267,37.035843454223404,0],[74.8347858508493,37.005264269235575,0],[74.91557906681324,36.920259474439604,0],[75.01567141310832,36.99072294948749,0],[75.10915168266698,36.96189897864888,0],[75.2109562495656,37.050016805432946,0],[75.32078391579049,37.064281103756144,0],[75.34657316214893,37.05272103854361,0],[75.35442738877958,36.98848285666375,0],[75.41844787269477,36.972395898735066,0],[75.40692084163041,36.908033447514875,0],[75.44981846801072,36.88892910218557,0],[75.46326656331846,36.83031329438914,0],[75.61272425552026,36.77527024657631,0],[75.74442368631189,36.607697649871604,0],[75.80702153976438,36.56342369040055,0],[75.8524324315016,36.558341235116146,0],[75.94503801322207,36.51160577536842,0],[76.0711538630449,36.48424232307085,0],[76.16395310401366,36.40645164510091,0],[76.26650195845231,36.358842963425865,0],[76.35392723348227,36.36944723487807,0],[76.4374999092617,36.31035342354019,0],[76.44850030738405,36.272011678598425,0],[76.43678302976896,36.25782946787868,0],[76.48098103284536,36.21973462172426,0],[76.59409381825067,36.17832092520254,0],[76.65592379861029,36.19218419121971,0],[76.71111692784876,36.14012669836729,0],[76.72009158232956,36.09769526800673,0],[76.78375022649615,36.07192793634444,0],[76.81368762214146,36.040628777781244,0],[76.73213644814246,35.95463610086389,0],[76.78299468502509,35.90520033904929,0],[76.8074801427322,35.84974556642572,0],[76.86114806078125,35.835952568768725,0],[76.93561244441095,35.78902238351356,0],[77.00100395085254,35.77556010476613,0],[77.11565988152363,35.79810513035286,0],[77.1521902190962,35.76863520794942,0],[77.17635571773275,35.768134603891895,0],[77.17967968512366,35.73021848812137,0],[77.21301340371504,35.73325194867624,0],[77.25834485553423,35.70432018390436,0],[77.28743720385602,35.7225905361672,0],[77.32106790992941,35.701048099437195,0],[77.33554901345921,35.71975389119631,0],[77.36586677366746,35.715187188849534,0],[77.41155654082544,35.65625662236635,0],[77.43793594670825,35.656143670474414,0],[77.44012627078432,35.602134106757426,0],[77.47188083054749,35.58427018988375,0],[77.46522216970723,35.55004742067441,0],[77.48276395456145,35.52962072393613,0],[77.43052180173,35.51367047935135,0],[77.38865839346009,35.539437398060734,0],[77.33204428357897,35.530346073360015,0],[77.3852390728719,35.47386032711133,0],[77.44366367506596,35.45945584246848,0],[77.49613500821069,35.47777672690857,0],[77.62862370063733,35.46503854729373,0],[77.65309523187695,35.48118008962288,0],[77.68515861321985,35.46682393549716,0],[77.72877176653121,35.47733448188647,0],[77.73586585791692,35.521098264836226,0],[77.78631851474873,35.487980226015,0],[77.82924083215502,35.505095511333955,0],[77.91207715534868,35.46109003464741,0],[77.92931592630775,35.49030750012094,0],[77.98525189910845,35.44830296336838,0],[77.93926583546325,35.50690904233673,0],[77.96793558629086,35.57176587968789,0],[77.95780845609472,35.60486753160106,0],[78.00139710208079,35.58236907632934,0],[78.05556140089794,35.58178741029454,0],[78.08435169877309,35.552018626440066,0],[78.13676575056142,35.53656839685655,0],[78.16491206701309,35.55173612985947,0],[78.1698250859828,35.624998211375,0],[78.19743751896742,35.622838508643554,0],[78.21204885930615,35.665999576357514,0],[78.26561150631584,35.647419330308324,0],[78.28450706408204,35.66449021830407,0],[78.27695029295123,35.71837413963103,0],[78.40386366145306,35.735849330071034,0],[78.44267157831341,35.783642770868376,0],[78.53416402004919,35.762512781396424,0],[78.64643064161201,35.821067133887624,0],[78.67331106271783,35.85420353692476,0],[78.78622026967768,35.86887834233578,0],[78.8390708557496,35.85611608524145,0],[78.92512110715968,35.86751021229245,0],[78.96920489747426,35.890168998473186,0],[79.03224771557694,35.84771722167682,0],[79.16467252908285,35.83818619934389,0],[79.21275983387457,35.8778655693435,0],[79.20449494995924,35.92770244577784,0],[79.23089883918774,35.97216418631757,0],[79.35803111216833,35.99173278685313,0],[79.4103534555518,35.985977349983166,0],[79.4401998129321,35.89408335785394,0],[79.53622797068888,35.87963863128423,0],[79.7510905897153,35.79691898983378,0],[79.89895948179878,35.77510864093626,0],[79.96769554738376,35.825181181355504,0],[80.01569235268933,35.82616357856605,0],[80.12889651619597,35.65673282800038,0],[80.21308208520455,35.638657266590236,0],[80.31171197213942,35.58795612627231,0],[80.31462835969842,35.53607617558542,0],[80.34508361147006,35.46117218167008,0],[80.29848467263422,35.416988317016134,0],[80.29747554933599,35.35286837764616,0],[80.24265702387112,35.20801550973247,0],[80.18503256934862,35.130628277778634,0],[80.18689509400906,35.00799859376606,0],[80.12723516230292,34.87254927333089,0],[80.07499516334299,34.80541788310842,0],[80.06531123639259,34.69285774577914,0],[79.9446624961576,34.6609008589829,0],[79.87825965397698,34.67485900528171,0],[79.77660426282954,34.610383780962074,0],[79.79437565329123,34.58054060419386,0],[79.76977587542392,34.537777807501314,0],[79.82104480432602,34.51445548009954,0],[79.81610383549828,34.483093383616385,0],[79.79143873084911,34.466753603305975,0],[79.59839275456183,34.48675898357368,0],[79.52215475550531,34.46362185065823,0],[79.53162878906623,34.40875415916933,0],[79.56893697497497,34.400589779815434,0],[79.56851109545816,34.32019671505306,0],[79.59696180926277,34.278003937797656,0],[79.59213872620731,34.23582011669533,0],[79.54005834405308,34.19130732209025,0],[79.51314184673336,34.20093783565821,0],[79.49368608402794,34.18468074635768,0],[79.4959542414474,34.12444899576334,0],[79.42111312070251,34.075939795823196,0],[79.41452918077964,34.04171328039398,0],[79.43744996917576,34.01264765727701,0],[79.41550566006603,33.99900597145548,0],[79.37366769663073,34.0267541252779,0],[79.2829437555704,34.02760674296486,0],[79.17292876664257,34.058291511211486,0],[79.14800750876717,34.05506943487259,0],[79.13823049531199,34.017515962188064,0],[79.11265090497778,34.00894457181399,0],[79.00114894135554,34.03360822483652,0],[78.95320932565438,34.01313125013681,0],[78.9183170982964,33.963921795831475,0],[79.01318592646128,33.78293562578228,0],[79.06045450203011,33.77583472685514,0],[79.01610614175891,33.70226392408028,0],[79.04631867830881,33.67383453867118,0],[79.07799577200421,33.686081917301095,0],[79.10015061404052,33.616324027732496,0],[78.90286043522408,33.62201120145986,0],[78.91452461707311,33.606006327989284,0],[78.906259813874,33.57370954615545,0],[78.94377379075837,33.526069091188184,0],[78.92707797246707,33.454288014513715,0],[78.97842196780265,33.3364096521721,0],[79.10769133123048,33.289112026880254,0],[79.22368286816462,33.29628463294264,0],[79.44611257180766,33.257734694979796,0],[79.44304461117254,33.200360784907645,0],[79.37321698760151,33.10637983855979,0],[79.38032263276045,33.027669841086535,0],[79.32490312238654,33.012241536767675,0],[79.44606441960494,32.91181075131907,0],[79.557076718536,32.767718214746814,0],[79.5881462317425,32.766059453112845,0],[79.61186084698113,32.735036056658224,0],[79.42929013029953,32.5235308211204,0],[79.38453337000831,32.52279768159949,0],[79.37299037205182,32.56048243667836,0],[79.30525553639548,32.585823290140496,0],[79.25975137682451,32.522654213375795,0],[79.18208627272833,32.473757321924715,0],[79.12504496894444,32.46502265410719,0],[79.13516531665722,32.432298560681296,0],[79.09367983195565,32.37713438011152,0],[79.04540841868354,32.387406392624776,0],[79.00354542119736,32.37488102116408,0],[78.97118501662315,32.335693587770095,0],[78.80670178532397,32.444248133982,0],[78.75915778442331,32.56778926108714,0],[78.78236340038445,32.59581052831272,0],[78.74333982023323,32.654977708317304,0],[78.75069655205878,32.692763033099226,0],[78.7087113607257,32.65613374108673,0],[78.64836957967607,32.64385770741254,0],[78.6052592071504,32.591090245086434,0],[78.56551380272859,32.614845958313666,0],[78.45128282411056,32.57759855285173,0],[78.32082571917881,32.44402938934769,0],[78.2846922179525,32.4688657649543,0],[78.3133582197778,32.56555626626555,0],[78.40966087932553,32.623133037073416,0],[78.38141561135875,32.65413028485335,0],[78.40073645700714,32.694200353866364,0],[78.3880026594452,32.75669133118365,0],[78.3128504496739,32.73977903610989,0],[78.30601498172445,32.70711971241842,0],[78.2605374606401,32.702898356900995,0],[78.24590090192824,32.6716028904276,0],[78.14238227650705,32.681827420445224,0],[78.14719458328472,32.65396330696522,0],[78.11048847731934,32.66276998570171,0],[78.08752600830158,32.624653718558775,0],[78.06088025444046,32.62642401093987,0],[78.04701674338678,32.6453075090988,0],[78.0167786331776,32.619405639768615,0],[77.91913642488686,32.68991410944116,0],[77.93438786341764,32.72585929106063,0],[77.92571954541674,32.77199661048146,0],[77.88419095887551,32.7875480257136,0],[77.86919330630441,32.82702659472694,0],[77.78529033468078,32.86082240662447,0],[77.7839816371763,32.882850892392526,0],[77.81123859137917,32.90629562237439,0],[77.71314949539445,32.98246316812554,0],[77.68249187540664,32.98880204167475,0],[77.67413098253394,32.96118716211836,0],[77.60310938163491,32.94293164960541,0],[77.53847276530833,32.886083868907505,0],[77.50148632177677,32.885579676335055,0],[77.46920027711396,32.85867742831868,0],[77.44481045895027,32.879896976896596,0],[77.40610668496893,32.88351058542152,0],[77.36018642809445,32.817586023079606,0],[77.33856775123307,32.816909919092936,0],[77.32336374659472,32.85041186703863,0],[77.27309737977649,32.87355953361575,0]]]},"id":18},{"type":"Feature","properties":{"state":"LAKSHADWEEP","id":19},"geometry":{"type":"MultiPolygon","coordinates":[[[[72.28852044742487,10.045279695309647,0],[72.28534111409286,10.046024602853738,0],[72.29036558081117,10.052856630228492,0],[72.28852044742487,10.045279695309647,0]]],[[[72.33823750043813,10.102055999699976,0],[72.33484840058328,10.104169199498857,0],[72.337397699819,10.104873500086333,0],[72.33823750043813,10.102055999699976,0]]],[[[72.33157692980983,10.13267989183055,0],[72.3271839907257,10.129537415078126,0],[72.32792159487954,10.138406779528673,0],[72.33157692980983,10.13267989183055,0]]],[[[72.64045408978248,10.578966441349328,0],[72.64952689483849,10.563262290179287,0],[72.61703642652365,10.541889939582548,0],[72.64045408978248,10.578966441349328,0]]],[[[72.53411220026443,10.781142800326913,0],[72.53508970006835,10.785449000144181,0],[72.53730200066961,10.783816499700322,0],[72.53411220026443,10.781142800326913,0]]],[[[72.16853101731326,10.81498646655422,0],[72.16848047777692,10.812504874067011,0],[72.16457114388325,10.812862408634732,0],[72.16853101731326,10.81498646655422,0]]],[[[72.20595256304479,10.878236976811873,0],[72.17952951662095,10.8285505225223,0],[72.16991681496542,10.817910949290903,0],[72.19446759066989,10.871052302250742,0],[72.20595256304479,10.878236976811873,0]]],[[[72.2872259696482,10.946633996179413,0],[72.29256259990058,10.936691018307606,0],[72.28509313571867,10.936159782013553,0],[72.2872259696482,10.946633996179413,0]]],[[[72.32666504435933,10.950852102867053,0],[72.31521699531798,10.94332803875217,0],[72.3268342358059,10.951254461903902,0],[72.32666504435933,10.950852102867053,0]]],[[[72.33312854441289,10.951739265003004,0],[72.33016436380606,10.951381660224994,0],[72.33328850434705,10.95253031257981,0],[72.33312854441289,10.951739265003004,0]]],[[[72.3345917650007,10.955012117588357,0],[72.33369553441158,10.952788023705589,0],[72.33281241985851,10.954663802564978,0],[72.3345917650007,10.955012117588357,0]]],[[[72.33528691183443,10.956341174877524,0],[72.33385467347996,10.95879544708505,0],[72.33411080465737,10.959017054798352,0],[72.33528691183443,10.956341174877524,0]]],[[[72.71856844834286,11.115027764042207,0],[72.71925438550677,11.128366717831438,0],[72.733528630735,11.13611445332167,0],[72.72891930249499,11.1222027413525,0],[72.71856844834286,11.115027764042207,0]]],[[[72.18902065636962,11.60040380738101,0],[72.18627869851782,11.598578251895463,0],[72.18511934746515,11.601521013750697,0],[72.18902065636962,11.60040380738101,0]]],[[[72.71723434034288,11.694463721878536,0],[72.70541252833111,11.68248890588235,0],[72.71635655948941,11.703662302447603,0],[72.71723434034288,11.694463721878536,0]]],[[[73.0101882444074,8.277002272364095,0],[73.01188575534066,8.276722525460995,0],[73.01145033947319,8.275849788542867,0],[73.0101882444074,8.277002272364095,0]]],[[[73.04849203808693,8.265904368283099,0],[73.02448316332689,8.26686146536742,0],[73.01885458948769,8.269879809617823,0],[73.01764118975473,8.275331729495555,0],[73.04762763301989,8.27513605917851,0],[73.06350480325084,8.293544012895552,0],[73.06851764206868,8.30880313867988,0],[73.07480236177645,8.320319084194065,0],[73.0782878408525,8.323967977298496,0],[73.0658529103132,8.284624620069781,0],[73.04849203808693,8.265904368283099,0]]],[[[73.01383881579561,8.301687845546033,0],[73.01357088893144,8.302049381755372,0],[73.01388864012725,8.301977199061033,0],[73.01383881579561,8.301687845546033,0]]],[[[73.63043128822974,10.06788449331537,0],[73.63141653049003,10.06856709174212,0],[73.63163544879696,10.068363646415557,0],[73.63043128822974,10.06788449331537,0]]],[[[73.63148038167614,10.068657505592679,0],[73.63164914502256,10.068924223088521,0],[73.63177687402128,10.068752408900416,0],[73.63148038167614,10.068657505592679,0]]],[[[73.63281684770374,10.068485718847574,0],[73.6326671199028,10.069517941808746,0],[73.6330358156876,10.06957068235634,0],[73.63281684770374,10.068485718847574,0]]],[[[73.63351168721526,10.071854967480588,0],[73.6346904452088,10.071523471669254,0],[73.63378269903528,10.071089497689576,0],[73.63351168721526,10.071854967480588,0]]],[[[73.6279680217482,10.074036913959553,0],[73.6265265638179,10.071803681601612,0],[73.62605675709513,10.072517951152875,0],[73.6279680217482,10.074036913959553,0]]],[[[73.63086604319447,10.072860621265521,0],[73.63073673724637,10.073405595767468,0],[73.6311314530504,10.073533186696585,0],[73.63086604319447,10.072860621265521,0]]],[[[73.64783290373234,10.063829272315614,0],[73.6349059777614,10.070953895565223,0],[73.65110086842107,10.101647798437826,0],[73.64724045599192,10.076210983856635,0],[73.64783290373234,10.063829272315614,0]]],[[[73.65196806438504,10.1084240088168,0],[73.65251554807008,10.108889568853767,0],[73.65242428157782,10.108301907534116,0],[73.65196806438504,10.1084240088168,0]]],[[[73.65990756851006,10.128928428492994,0],[73.6640648762547,10.139420171061186,0],[73.66128093729952,10.129579273595558,0],[73.65990756851006,10.128928428492994,0]]],[[[73.66114570484132,10.807370336594836,0],[73.69932559380327,10.816097739020943,0],[73.70163874707363,10.814026922703865,0],[73.66114570484132,10.807370336594836,0]]],[[[72.76201446115806,11.1832325133734,0],[72.77932586754356,11.24234501110817,0],[72.79007604401346,11.260149044375867,0],[72.77694938231367,11.217148690576737,0],[72.76201446115806,11.1832325133734,0]]],[[[73.00701792082332,11.46981958899343,0],[72.99805078106517,11.496967857833086,0],[72.99972297128066,11.498270416547255,0],[73.0098194691588,11.487349743798744,0],[73.00701792082332,11.46981958899343,0]]]]},"id":19},{"type":"Feature","properties":{"state":"MADHYA PRADESH","id":20},"geometry":{"type":"MultiPolygon","coordinates":[[[[76.78151052839368,21.55737799414249,0],[76.78932647424968,21.536378532602573,0],[76.76344368277816,21.520767421929975,0],[76.79560916288371,21.489582823216768,0],[76.78401994889042,21.462373530874167,0],[76.74442806584518,21.43986527243428,0],[76.73950877201099,21.41055720161311,0],[76.62174730307333,21.33229136043521,0],[76.6628990719363,21.275964911643765,0],[76.66164256773405,21.24070726753516,0],[76.64183032638357,21.23713380179096,0],[76.62348868382388,21.185038857650756,0],[76.56726240900726,21.199394353349554,0],[76.53025674557334,21.18193240892799,0],[76.4931678027393,21.19386324726223,0],[76.4560893505365,21.108395308037938,0],[76.41069574245824,21.10243629823642,0],[76.41319441681935,21.088422422296606,0],[76.37476648882453,21.07255310672766,0],[76.28013163027842,21.070688525419904,0],[76.2603849958135,21.09058301044466,0],[76.16740076567744,21.07948439608782,0],[76.17088709958188,21.103933060754198,0],[76.13792808829118,21.119853127772462,0],[76.1424684235254,21.135152847971828,0],[76.11140975068885,21.161147094558824,0],[76.12926069367127,21.175821784339345,0],[76.17168618728809,21.166560396299246,0],[76.17639598828298,21.18399521241276,0],[76.16565907548114,21.22161589176709,0],[76.1420361546725,21.22816347741811,0],[76.15936112497539,21.25597499637482,0],[76.12974038088058,21.286704633088288,0],[76.09659931255872,21.371769485570834,0],[76.04858570507575,21.349733718728668,0],[75.96305971805768,21.389709877411228,0],[75.9106581478306,21.382574498080885,0],[75.88561357653526,21.39470910152627,0],[75.83336373232822,21.37663652938056,0],[75.72847084957107,21.38868364789625,0],[75.67009030901208,21.374579340037748,0],[75.62302546771764,21.375023480454505,0],[75.60693955685265,21.39184408645136,0],[75.54372432653153,21.368527981885524,0],[75.52005437330926,21.387016428522795,0],[75.38243838150922,21.379542432245103,0],[75.35716192214369,21.400865320256337,0],[75.29874023803802,21.38556727092433,0],[75.29532572610205,21.41357319402119,0],[75.21470147334642,21.40957448685782,0],[75.10716478146716,21.46269494342046,0],[75.05331544558949,21.564824491838113,0],[75.01502122633242,21.56967738410329,0],[74.90168331540825,21.62923801370862,0],[74.86276380374802,21.634455049825306,0],[74.82885826494956,21.609793323901656,0],[74.78287391796654,21.61069032180221,0],[74.55420471177806,21.681362357895576,0],[74.54736731226963,21.719602685869237,0],[74.50558819531302,21.726306144675515,0],[74.51395220105759,21.765687822374655,0],[74.49821065100043,21.790088695114996,0],[74.52405036569371,21.911164167767428,0],[74.48873036684341,21.95616939506147,0],[74.43938963379759,21.976723952300954,0],[74.432330609713,21.999403509393805,0],[74.45218095844899,22.004652889095862,0],[74.43163991524378,22.030269373328757,0],[74.38711616707863,22.019978941306338,0],[74.34842159729034,21.977000660290283,0],[74.30763607326992,21.971755609565403,0],[74.28117565885282,21.933112149423156,0],[74.19308029175022,21.925971128404584,0],[74.14416560783893,21.95312690293942,0],[74.15059495361884,21.986590692706987,0],[74.0980064897701,21.998314223981197,0],[74.09214185726987,22.014833661445103,0],[74.14014938403892,22.040321321647035,0],[74.13140733702674,22.04783121118447,0],[74.1786530253256,22.085476711608464,0],[74.15255727470472,22.10600615603302,0],[74.12446179332305,22.09790799459374,0],[74.13385680619152,22.160541413253558,0],[74.12144213007294,22.167400711671732,0],[74.12232888136172,22.212396768365867,0],[74.07217451893878,22.21915719474634,0],[74.08718277238575,22.242794825610858,0],[74.05237951978683,22.29409158728745,0],[74.07156887799918,22.335987708427428,0],[74.06476597121181,22.354606558184862,0],[74.10507335924346,22.371814992872743,0],[74.1278608677537,22.332735857158056,0],[74.19033380712263,22.32025991264361,0],[74.204041380884,22.36670728489942,0],[74.2238798311043,22.35636514292176,0],[74.22370730452994,22.379944166894095,0],[74.24329440769252,22.376052243848097,0],[74.25673504713333,22.399652290260697,0],[74.29117835714545,22.394012421652057,0],[74.2527856694089,22.432947680343094,0],[74.2016226677529,22.43451000086534,0],[74.19340083342715,22.475476275553817,0],[74.18412587579331,22.441538833167325,0],[74.16044883934892,22.431210508463998,0],[74.14920960028056,22.45565830818268,0],[74.11911208773995,22.418761461752712,0],[74.0997460864293,22.438040084826405,0],[74.10415265741435,22.46452711381841,0],[74.0753250248399,22.464295363462714,0],[74.08251701984558,22.506784617964655,0],[74.0529795723515,22.508932752384386,0],[74.04080011044039,22.486545997219306,0],[74.02938198960824,22.507954366538577,0],[74.04149124477784,22.5422541451422,0],[74.07463853097606,22.551401854314086,0],[74.14775420947979,22.51387825486194,0],[74.18951224373308,22.5535991754248,0],[74.18329549646589,22.566488043446398,0],[74.21003311338356,22.564258907198287,0],[74.26355658680781,22.643972394501983,0],[74.37906031342366,22.63443338840876,0],[74.4337834320011,22.80789934475245,0],[74.46477297319123,22.816391002059962,0],[74.47643252535171,22.85481594717788,0],[74.44683278379867,22.921081157274994,0],[74.3934081513121,22.896602878237502,0],[74.3394951685314,22.952888925906866,0],[74.36532327261972,22.976966216775953,0],[74.31890113405484,23.058661226962368,0],[74.38620200932348,23.111517900663344,0],[74.43225481311894,23.104897485997494,0],[74.46384382851132,23.08179297569865,0],[74.5058633447599,23.085141287240315,0],[74.54551386552693,23.10984404599337,0],[74.53937328430412,23.129301620785586,0],[74.606614557182,23.142559156462564,0],[74.67154413723298,23.199959906880657,0],[74.71509893527583,23.19071356049606,0],[74.74213614463162,23.208912306004223,0],[74.7475218707461,23.22665309082928,0],[74.69206576894841,23.21915161554808,0],[74.71511387631357,23.236683171241825,0],[74.69995542111069,23.26836555178573,0],[74.67676057188724,23.273807076211025,0],[74.63855545868736,23.255409299006686,0],[74.57436578885262,23.2951696168551,0],[74.54666907389155,23.27712100812132,0],[74.51403680830799,23.32804555350233,0],[74.53526751299403,23.330819825633043,0],[74.53981656263211,23.361865607002635,0],[74.5689406798047,23.376301729589954,0],[74.57235018043549,23.420666732175373,0],[74.599067383025,23.428749694235503,0],[74.60388661617925,23.457264961831527,0],[74.65188366574354,23.46227970745452,0],[74.70349169214536,23.50500767696236,0],[74.72923917997393,23.496617884496043,0],[74.73528812191438,23.520565224100803,0],[74.76151042889144,23.52114087181408,0],[74.77368370532754,23.544372478902442,0],[74.79410939030588,23.550880899783508,0],[74.80329609429391,23.53308419524542,0],[74.84683135121868,23.551860919444188,0],[74.90294364290595,23.625101047443774,0],[74.93653873124276,23.628770654354685,0],[74.89946070324359,23.682201764395284,0],[74.92159275911764,23.69465215069165,0],[74.92022851538259,23.719179995911773,0],[74.93637530743852,23.72958043518488,0],[74.92452104621805,23.75638566027038,0],[74.94040447533754,23.76474314456964,0],[74.92433999442363,23.796621011765268,0],[74.90370765598402,23.794306209341556,0],[74.91383614474896,23.84168312392482,0],[74.9026182512921,23.872951330768654,0],[74.91650835152672,23.9317468261603,0],[74.95914300834465,23.97216124903645,0],[74.98229816813837,24.025410746811126,0],[74.93934139387027,24.053920292096716,0],[74.9035212049223,24.109303718865696,0],[74.87975457134844,24.17360773656302,0],[74.91034114799595,24.210105696484913,0],[74.89710402987068,24.227289323431997,0],[74.86757730349674,24.243086095706992,0],[74.77482711145288,24.23871084721594,0],[74.74711030852389,24.25346854999308,0],[74.78132298363039,24.28917461127447,0],[74.78117957356287,24.338337924014475,0],[74.85509859257012,24.424138704280093,0],[74.85387255993247,24.444528846911034,0],[74.81375258427317,24.436740214748852,0],[74.8153452026689,24.46847482806409,0],[74.77713848011584,24.460501141950964,0],[74.70872701133196,24.48647346361356,0],[74.75553492491584,24.5348825785154,0],[74.74351284972775,24.571458815960206,0],[74.78642991188157,24.585930842847443,0],[74.7794000904905,24.61544032422245,0],[74.81413857538267,24.6501817757493,0],[74.81458497449833,24.66575253526419,0],[74.771936754821,24.66148074873594,0],[74.78761281385687,24.70417719957266,0],[74.77960457752948,24.732451955802116,0],[74.80396734279351,24.733966961521755,0],[74.79977777165338,24.779068127937038,0],[74.88907852421198,24.63383188140589,0],[74.94308994139789,24.637804261346943,0],[74.9622783148112,24.656424318547028,0],[74.96018634156894,24.677765221299854,0],[75.00172000140553,24.686418351612847,0],[74.99238703062301,24.731745785212283,0],[75.01603296847328,24.732120346630577,0],[75.00148875371183,24.77452409755605,0],[74.91453343793388,24.769200583824993,0],[74.86043496017643,24.79848678002143,0],[74.84937285295422,24.77613446170387,0],[74.83869548753948,24.798036756989006,0],[74.86151878937468,24.804136507147096,0],[74.86084822667705,24.82246074514872,0],[74.825286201492,24.900149177118916,0],[74.83322425569831,24.95971560435446,0],[74.85756455828471,24.96389115371799,0],[74.86947949214483,24.924974085160795,0],[74.88069658388252,24.93735996380926,0],[74.9024472937408,24.930004453719565,0],[74.91553142980801,24.887594242430293,0],[74.95260596629348,24.880682428354454,0],[74.95866224809816,24.858186741319948,0],[75.03304755620172,24.844409392923396,0],[75.0765343602825,24.880681019647266,0],[75.11693027909644,24.878261553311035,0],[75.11356115315944,24.966810289907105,0],[75.1685694729385,25.00593052018567,0],[75.15499522420339,25.033991152347127,0],[75.33215975463939,25.041494518428415,0],[75.35035153604527,25.017534247166623,0],[75.31176607604357,24.995372352344056,0],[75.33691279168663,24.955395834077056,0],[75.31844725724022,24.894155995910808,0],[75.3143322586604,24.885950923272688,0],[75.31273625270222,24.885137009435997,0],[75.30487313759299,24.92865613532939,0],[75.2738923493702,24.96404139004382,0],[75.26708448354165,24.94714755591603,0],[75.2940673409001,24.90754505326114,0],[75.26730846977313,24.899435757911796,0],[75.26343429295144,24.874855322351426,0],[75.3080504262818,24.856043784026017,0],[75.3266393870513,24.874874873898168,0],[75.37363166141408,24.867743061712623,0],[75.4161257575221,24.886081155753637,0],[75.42575513268356,24.869066552539483,0],[75.31159531565916,24.801176325077886,0],[75.27293702294314,24.842836170477533,0],[75.2240912360558,24.843924303428526,0],[75.25232027396953,24.813105402771956,0],[75.21520041231271,24.802118147316857,0],[75.18440043296798,24.748553837049634,0],[75.21944324364587,24.702554937164802,0],[75.22838307501488,24.717619569088928,0],[75.26490160352569,24.71750978026555,0],[75.45645518999294,24.680449972030583,0],[75.53343449948053,24.712049385827942,0],[75.58297213898331,24.713264919572392,0],[75.61078618243192,24.68040740222408,0],[75.64596206656243,24.68491568165735,0],[75.68342069448833,24.725118608412057,0],[75.75683310700536,24.76155338920945,0],[75.8021670251743,24.756463424720273,0],[75.83360564947616,24.731845497260807,0],[75.8249399591382,24.6674538550675,0],[75.84776378643542,24.663019071619107,0],[75.84875663104161,24.647400767779665,0],[75.82484714059537,24.613454027834337,0],[75.83546216116729,24.59494977100291,0],[75.8492394329285,24.610875474117226,0],[75.87115475189549,24.60666372378797,0],[75.87836611303224,24.583385347077275,0],[75.91446110737851,24.572252211196012,0],[75.9036682645253,24.548927352853774,0],[75.92055011851843,24.52166031773151,0],[75.88785509230046,24.50807049136251,0],[75.91163902403909,24.491912348200284,0],[75.90905969965014,24.45500927289911,0],[75.8387902086798,24.414179315615197,0],[75.80986084213451,24.434042903749464,0],[75.8134732876806,24.462024616899004,0],[75.7894035903124,24.471531102873858,0],[75.74760011475996,24.424183430909324,0],[75.75530707476456,24.406527760884366,0],[75.72775101947548,24.39051564919624,0],[75.73983814132109,24.332147874708046,0],[75.76646553295856,24.298018008779636,0],[75.81072719949877,24.296090354748998,0],[75.81352444778904,24.24537003032414,0],[75.83023174947165,24.23375906828354,0],[75.7756288298768,24.207729381484544,0],[75.74601164149226,24.12126918713226,0],[75.77864206440378,24.11925913806838,0],[75.79285969040065,24.09184740226944,0],[75.83569651621714,24.092115986302286,0],[75.83672339344925,24.05706342731428,0],[75.7816945435476,24.042528898394593,0],[75.76533980986672,23.99267510973467,0],[75.74224794761606,23.992729902231986,0],[75.7411302632822,23.97693869502664,0],[75.71751808669909,23.966858494246956,0],[75.70173168094219,23.96659278480336,0],[75.67433848960192,24.01767599923124,0],[75.59552478104632,23.98999991596637,0],[75.52105110709238,24.02502082832964,0],[75.47468014814551,23.982840066857072,0],[75.46205640471027,23.914762644965656,0],[75.56322289363167,23.857577110978138,0],[75.57932713826169,23.83511311589309,0],[75.55930239173625,23.818179449719214,0],[75.58901210741506,23.809781808710405,0],[75.58344774109447,23.794823048179417,0],[75.65450321171843,23.79840380869884,0],[75.68671870976685,23.755939339446144,0],[75.70183557297504,23.786386352686023,0],[75.69011585178517,23.813246400643262,0],[75.72159141680946,23.811792710084163,0],[75.71895265782467,23.84066682022717,0],[75.73640589979142,23.85624582287393,0],[75.7015740178459,23.872833091897753,0],[75.70608716373415,23.899095456088038,0],[75.75270084479608,23.88734521004411,0],[75.76454188344022,23.85173981377697,0],[75.7812494524789,23.84872712300422,0],[75.79384657840284,23.86700645027284,0],[75.85302471068745,23.887481061702243,0],[75.88710079536816,23.879114693683256,0],[75.93751493096924,23.89668939724501,0],[75.98136306620376,23.928969925030444,0],[75.98485420333178,23.974028044704294,0],[75.96345518052225,24.01870691902058,0],[75.99701945528254,24.01768841503828,0],[76.03680892506749,24.062896684625144,0],[76.12679233850731,24.08873045790008,0],[76.11738274723295,24.193987743751645,0],[76.14842625165991,24.232025081342687,0],[76.13671672050558,24.270805459815634,0],[76.162545128386,24.28472516949337,0],[76.1855157479076,24.329276456971225,0],[76.20472719924686,24.300904578706152,0],[76.19458985082352,24.273192850138958,0],[76.2125548480663,24.209939898664807,0],[76.28232090869184,24.20730766587075,0],[76.28736038929046,24.22986047934401,0],[76.32291445946531,24.245544861006117,0],[76.357209673518,24.23974483340079,0],[76.41168258173768,24.20050619923636,0],[76.41621642809147,24.22063441743575,0],[76.45226628314177,24.20936353316184,0],[76.47050989587407,24.226150428929028,0],[76.50453498489495,24.20308699823867,0],[76.52742392502492,24.156734339989963,0],[76.57772749487292,24.17917435010852,0],[76.56427346844504,24.190945212557118,0],[76.59523182114344,24.22332083798926,0],[76.58354484708673,24.242865759991503,0],[76.61119853450099,24.238652050694977,0],[76.61764581029033,24.258829526829633,0],[76.66513163697834,24.261934338874667,0],[76.6927736471946,24.28648191644219,0],[76.70273036261112,24.24319933218401,0],[76.67588520727952,24.19084669274541,0],[76.69831261383517,24.168467276493274,0],[76.75792049908684,24.1682567191403,0],[76.80128691470969,24.116672853936517,0],[76.85458873514715,24.13582546071412,0],[76.90060015101828,24.12743238935067,0],[76.91629281900691,24.18785504948741,0],[76.93576765486395,24.183726593243847,0],[76.94739735702879,24.20131054900982,0],[76.8626149777339,24.27331940271081,0],[76.84105415905567,24.322414536589566,0],[76.83188493253917,24.35796811555603,0],[76.8513851842951,24.370524921923174,0],[76.83737851189632,24.40970862183058,0],[76.85308321246349,24.465891995246718,0],[76.81638907217193,24.53358330375858,0],[76.86192147553066,24.5492985701276,0],[76.88430756627035,24.521450766518136,0],[76.90186605276024,24.545850773167196,0],[76.91789651244348,24.543475084254066,0],[76.91842040387559,24.480691129709648,0],[76.97760954861329,24.46138379855044,0],[77.02897280257517,24.496079630583974,0],[77.0368941073346,24.527899521623397,0],[77.05470958693232,24.526276575050726,0],[77.0713312170821,24.572763261510687,0],[77.06498584789561,24.643844295978354,0],[77.03166632950241,24.71131602351325,0],[77.00166339001957,24.71603928282667,0],[76.95396500280826,24.760360338890795,0],[76.90749360549547,24.731594409997975,0],[76.88947784178967,24.747256293048203,0],[76.856129839865,24.742486390423743,0],[76.84751990852536,24.769271455307717,0],[76.801996779053,24.81013373027207,0],[76.79987775928814,24.82401330356196,0],[76.82508008770485,24.835548342730203,0],[76.8978861666356,24.838225623015337,0],[76.94856325345415,24.869071535229065,0],[76.91305455273009,24.88784408009208,0],[76.92041550546632,24.91677420455153,0],[76.8904878865681,24.919689153472238,0],[76.8626886308062,24.95980182069973,0],[76.85677892504008,25.002475882764255,0],[76.87603780561051,25.007064041094402,0],[76.87615870008374,25.04140029747618,0],[76.9682050477678,25.051100898363647,0],[76.99906906007982,25.07484605552063,0],[77.084828898961,25.054239462464274,0],[77.12257161087112,25.066653914136626,0],[77.14772128281209,25.095110457115233,0],[77.16712426430836,25.084609798868183,0],[77.17442477961883,25.11180896971065,0],[77.27001084742439,25.116093995684828,0],[77.3107799312539,25.079832772455052,0],[77.39437600867835,25.119922271072188,0],[77.40661691537704,25.111686448306518,0],[77.390581970043,25.12338629478719,0],[77.39300110830816,25.15922951884104,0],[77.40014331155167,25.183880633873688,0],[77.42661597277672,25.188074275196616,0],[77.41169646304195,25.224010531455985,0],[77.3550910040599,25.263477993847733,0],[77.37395138611251,25.274521233828256,0],[77.37785241714953,25.315719670086093,0],[77.3676070081975,25.328597478855965,0],[77.34212153825047,25.32177073535404,0],[77.36668503868698,25.36031076178131,0],[77.3505010910412,25.384068841600307,0],[77.37096896592035,25.408493188589574,0],[77.3154588405794,25.431469269364698,0],[77.29380340554107,25.42429500503454,0],[77.23394351360935,25.37870090909423,0],[77.2339469288144,25.333772557162355,0],[77.22336866115108,25.318790919345695,0],[77.20554795282709,25.32647850396729,0],[77.20941757106019,25.306305135975062,0],[77.08367338942543,25.336557703473446,0],[77.07005094042977,25.318492856259507,0],[77.04589734287026,25.321439036004207,0],[77.03169039637777,25.294387369055375,0],[76.97373847571917,25.30040586818182,0],[76.94661777363221,25.28233248949117,0],[76.92327420520841,25.28545529789676,0],[76.92940825568978,25.30318635985154,0],[76.901538950786,25.32363473981096,0],[76.85728476790725,25.33278463133213,0],[76.77756516866322,25.3156086257243,0],[76.73380988974779,25.35198933779477,0],[76.67239434110915,25.348090928496738,0],[76.63976299775561,25.383532858534007,0],[76.62278748848769,25.37678285755873,0],[76.59846553363899,25.39232966943828,0],[76.58627281287745,25.43355891279785,0],[76.55597622282404,25.452030124085187,0],[76.55546400421525,25.48256511749317,0],[76.51661387243932,25.526674191726176,0],[76.50375872829208,25.57977214373495,0],[76.50383834342855,25.67320138838758,0],[76.47945107752618,25.684203412581784,0],[76.47342575156668,25.709918508608677,0],[76.52376724130617,25.729831792005015,0],[76.52101139746614,25.793599490815577,0],[76.58277452777139,25.871045334106995,0],[76.62322237252597,25.870553304846034,0],[76.64026441235663,25.907609917972028,0],[76.7163319756411,25.9011592719049,0],[76.75661520031858,25.921010901631927,0],[76.74885573896714,25.940469479539033,0],[76.78902757707104,25.941092521263098,0],[76.8067797520381,25.989808110228704,0],[76.88484731684066,26.048039207197093,0],[76.89977543767795,26.092504907461038,0],[76.99761369829328,26.129066691278584,0],[77.02913608257307,26.17119366574436,0],[77.09675126698968,26.183237852152786,0],[77.13604283872436,26.233453645654304,0],[77.21283792701824,26.233771787366347,0],[77.27105472893089,26.26758047094628,0],[77.32897014914556,26.34255133743575,0],[77.36836846033775,26.36415119257868,0],[77.44467691057629,26.361761537824673,0],[77.43734918029352,26.403276922812413,0],[77.53838080884142,26.411296540608568,0],[77.67371648295793,26.502834284593032,0],[77.7270112586124,26.502316803346194,0],[77.74590956792073,26.538754162354955,0],[77.82201133043613,26.549578237566042,0],[77.83567937129293,26.576031305197922,0],[77.82732613297031,26.59604698372801,0],[77.89427913679857,26.614711521219302,0],[77.90425941521714,26.659063513502172,0],[77.95317634739482,26.65893875111072,0],[78.0004319209461,26.69485677688437,0],[78.09267365050945,26.67625543035934,0],[78.09593010859268,26.727801713851957,0],[78.12352702663071,26.74688223667614,0],[78.10196749166775,26.76764011393997,0],[78.11326453372115,26.7948421487566,0],[78.18347292116978,26.783652774535476,0],[78.17233129742935,26.82388660723492,0],[78.22524852570848,26.83064702700819,0],[78.26913685688586,26.81384289549588,0],[78.28251343406441,26.854435371116807,0],[78.35831746240379,26.8695616490243,0],[78.39904844206049,26.818480024229864,0],[78.434292711893,26.825705232671375,0],[78.46169745720948,26.78818562449194,0],[78.52323039425079,26.780314591750344,0],[78.57685860676813,26.748966517137042,0],[78.61299837083956,26.75243036086882,0],[78.6284461303298,26.773229164116405,0],[78.67052861878302,26.762406748995414,0],[78.6953674197663,26.791930141591887,0],[78.72494233328501,26.79669937737913,0],[78.73312627591655,26.77453222805878,0],[78.75359691493114,26.787012182028263,0],[78.77101823877081,26.75908087883618,0],[78.82039470460562,26.759887781367922,0],[78.87236229817462,26.697786782530063,0],[78.91256389837838,26.706834264534088,0],[78.95605594752939,26.691680366526867,0],[78.94548794183348,26.654821623890157,0],[78.98333691545753,26.67687854029754,0],[79.0070463935578,26.67130924524281,0],[78.99346017141245,26.64190719361151,0],[79.0170629022836,26.601035952504922,0],[78.98758789294898,26.586322692472102,0],[79.00774363803475,26.54386968935303,0],[79.02833796507454,26.54668762870104,0],[79.03966091509305,26.515114231824057,0],[79.06812686816615,26.49662105418386,0],[79.05261636464635,26.453738261461925,0],[79.1351777969084,26.440131045940625,0],[79.125983698707,26.411253583324797,0],[79.09520640554938,26.41263598247215,0],[79.08424407541666,26.36232046433537,0],[79.13883078085449,26.337513365365176,0],[79.1155273384144,26.32047747884395,0],[79.11859820213945,26.300336377957166,0],[79.1019288316798,26.30681526112044,0],[79.09064824053591,26.270027930835536,0],[79.0770085190104,26.280620472276063,0],[79.04564409577931,26.260307334061487,0],[79.06969513479794,26.24569658738815,0],[79.06344474484588,26.22590465001549,0],[79.03459853834174,26.225370480589124,0],[79.01944220943857,26.24760914855887,0],[78.98935560861956,26.234975982138952,0],[79.02582147322393,26.22009804851138,0],[79.02583037544927,26.191765391849124,0],[78.9936657103081,26.196891734735626,0],[78.98311385666247,26.18435831007133,0],[79.00446865689312,26.169215608775044,0],[79.00489540226584,26.148049811745107,0],[78.9669558057838,26.150142603749487,0],[78.94887043930028,26.12867977014793,0],[79.01206315147223,26.083184846718886,0],[78.94826299328584,26.02774923373532,0],[78.95681428786898,25.996538018711654,0],[78.93317921490147,25.979331876286114,0],[78.93895646532572,25.94268709003461,0],[78.88463912186938,25.91392951637183,0],[78.88737906606957,25.86849481512433,0],[78.87305664502118,25.875138834582692,0],[78.85240623833496,25.85664649488371,0],[78.85140719237386,25.83846246206468,0],[78.87257846586981,25.835092957496066,0],[78.87244444153201,25.801378959511194,0],[78.85714756507988,25.79181523966673,0],[78.84555115599132,25.82155485771576,0],[78.81843532574268,25.829007305210812,0],[78.80626639607074,25.81309286447103,0],[78.82831017509174,25.81433816374749,0],[78.82861660332604,25.79570756128488,0],[78.80828756594697,25.800971159957076,0],[78.7828829041021,25.75848296922798,0],[78.75285582425607,25.750002434219503,0],[78.7633317013021,25.719929726853795,0],[78.79991169127592,25.7050682345569,0],[78.81670423566977,25.67632145709682,0],[78.81176271307449,25.620782511681618,0],[78.74214936605146,25.596993189052622,0],[78.71732912611432,25.605329195674496,0],[78.65867489651059,25.559886657099515,0],[78.62419297215163,25.56737836110873,0],[78.63079678576007,25.578932543939903,0],[78.61813623861099,25.58366257134506,0],[78.58774171581781,25.556600204726,0],[78.49333850137843,25.578697780645918,0],[78.46469369187774,25.54550860371189,0],[78.44359920633015,25.563203625118877,0],[78.41934049753287,25.532964094650623,0],[78.43130656359301,25.473629613038977,0],[78.41648543726734,25.47647809895965,0],[78.37766068687363,25.436810593433677,0],[78.35454453229623,25.45197906556687,0],[78.34053029262844,25.399520659843777,0],[78.30531204500599,25.376751133703863,0],[78.30080118948787,25.35993153957531,0],[78.32805789302388,25.35254293404903,0],[78.34379321406843,25.328455828346378,0],[78.31173418638521,25.303300589733542,0],[78.35458581882926,25.292254388128878,0],[78.35011060145723,25.277327302568086,0],[78.37251418094846,25.25990687375495,0],[78.3597999942071,25.242193213390976,0],[78.41095197922414,25.21266596452544,0],[78.39138210543226,25.201191318126632,0],[78.39607777383863,25.18721644354468,0],[78.45826147275385,25.163723406057628,0],[78.42729984556397,25.15398815374332,0],[78.44681992701194,25.12177498086302,0],[78.4068218657881,25.12893421217516,0],[78.38345217633693,25.101719902727066,0],[78.33863497425996,25.086581359370726,0],[78.34737274189811,25.021531464719544,0],[78.33385237466955,24.995499619972115,0],[78.16897049043038,24.86261990956423,0],[78.21667858800733,24.808594448516637,0],[78.23574459515366,24.771748212310953,0],[78.22614323589004,24.746912008009904,0],[78.27669667016376,24.662993114418125,0],[78.26267358078307,24.64600180015652,0],[78.27798347228028,24.614757584303295,0],[78.26446944475231,24.552202345606492,0],[78.2294432270863,24.537533976402166,0],[78.22582203592884,24.520112280105707,0],[78.24601648053131,24.509539049207817,0],[78.24589046463345,24.486139174721355,0],[78.27497912449572,24.4739234360872,0],[78.26968957764203,24.44693918814006,0],[78.36578652707979,24.385976220990273,0],[78.32908350679826,24.327127833145493,0],[78.38490071837032,24.270007350769784,0],[78.43108665469342,24.284031890517955,0],[78.49361913876598,24.381384013197135,0],[78.51838035224317,24.387818753329608,0],[78.52988419144839,24.368095180571316,0],[78.586004323394,24.353742298595858,0],[78.60364634016634,24.314499724526748,0],[78.62844280995566,24.30393796650348,0],[78.62580303303629,24.280590646572453,0],[78.66004569425276,24.267594697918597,0],[78.6686337117398,24.240037326778772,0],[78.70305791231682,24.22692324242294,0],[78.73416604068312,24.252405124209897,0],[78.75042419503845,24.233886952179613,0],[78.76189156186625,24.25953690052416,0],[78.78554454373337,24.183496633129618,0],[78.80553136556406,24.17818023585476,0],[78.81494615020394,24.206804480885328,0],[78.82674810272961,24.19544634219182,0],[78.88185411539206,24.217009155591843,0],[78.8843741432595,24.250000012829577,0],[78.91607017583684,24.26762632109786,0],[78.9096377035989,24.29799495448783,0],[78.97145395161297,24.347605838460975,0],[78.99364771610641,24.422750151746683,0],[78.98576122608273,24.441683678437023,0],[78.94748376899784,24.43662189407072,0],[78.91420947462197,24.459617737540263,0],[78.92057591409977,24.499718890690946,0],[78.93621897460679,24.4794226330001,0],[78.97152153440005,24.494241776316233,0],[78.9472554057408,24.50240402994233,0],[78.95321011349567,24.546895855528,0],[78.88323256049101,24.641293527999956,0],[78.78378711776436,24.588560325052363,0],[78.75203016911783,24.600179873653662,0],[78.74392792295006,24.654059854532544,0],[78.7809998926241,24.706075740182154,0],[78.77039767951706,24.78840079312698,0],[78.7898390509095,24.810977868382036,0],[78.77003672137529,24.85901974967489,0],[78.67655975638843,24.898631170599916,0],[78.66339325882832,24.938442399446835,0],[78.63173100561107,24.957694061386878,0],[78.65261670155715,25.05059246939728,0],[78.6281449977571,25.08619918422008,0],[78.60244947057942,25.094421527624867,0],[78.60067793848219,25.15539204794862,0],[78.57020280155433,25.22387845925666,0],[78.55553723794824,25.21141931603874,0],[78.57790185247643,25.25481884670154,0],[78.53361472985468,25.26837053855204,0],[78.53091967617672,25.284651045836394,0],[78.51055996888081,25.276776867809236,0],[78.50343369098906,25.289526550618472,0],[78.45085363884327,25.26210792477333,0],[78.43503084571681,25.284164041231428,0],[78.45379264070586,25.301266188127077,0],[78.4729453826157,25.28550224482736,0],[78.50230006017762,25.320899425075858,0],[78.50989696756835,25.295552821739626,0],[78.53119302184096,25.300018260117973,0],[78.55306755978823,25.31964191738737,0],[78.53199895680314,25.356578073248183,0],[78.58329054413382,25.346973991421194,0],[78.58876850685766,25.365968386719178,0],[78.5628905994783,25.377261675518046,0],[78.56650465377227,25.393534378067084,0],[78.59019353840344,25.38602682846469,0],[78.60966672839176,25.41602236644841,0],[78.63581652370846,25.40069484116497,0],[78.64135672959135,25.43349391420414,0],[78.65983459897375,25.441660058973962,0],[78.68171241277068,25.43322199629828,0],[78.68986585613354,25.445748033764435,0],[78.71142753781781,25.42810269284441,0],[78.67489877354264,25.399567324904275,0],[78.66600953921855,25.41581419724208,0],[78.65894873734572,25.38528664009266,0],[78.69960431150913,25.38188864766294,0],[78.72412234759065,25.343967256271398,0],[78.774587784571,25.353104129308267,0],[78.77365965097954,25.37616764152322,0],[78.75692273888905,25.38544405121779,0],[78.76798487146469,25.400031093639097,0],[78.7481452118592,25.390988985647287,0],[78.74973994507127,25.411059536852008,0],[78.82137363763889,25.422578067441304,0],[78.8029707356478,25.437162341901953,0],[78.76235969764014,25.426900351706905,0],[78.73182734417368,25.458058689591734,0],[78.73345646853768,25.489426033448915,0],[78.74283442038116,25.49877971705654,0],[78.7678288649149,25.46942807314088,0],[78.79669323671631,25.482763254251477,0],[78.8186873861204,25.470979591986048,0],[78.8091703180941,25.45341377515492,0],[78.82060803891567,25.467744202018615,0],[78.84089036830656,25.461499106554648,0],[78.85488794505311,25.447694885053675,0],[78.82072537750855,25.438690983447035,0],[78.84656065253667,25.42868725566859,0],[78.86617108324371,25.465668643653864,0],[78.83341373254231,25.502638239273733,0],[78.88438203647662,25.515579242226842,0],[78.87429491845106,25.54094948636929,0],[78.89339595503225,25.555314489075503,0],[78.916944290831,25.552497761988374,0],[78.92222175784096,25.536053757221076,0],[78.93649501973273,25.55683272117985,0],[78.95178990636293,25.548787095149464,0],[78.91990066335295,25.515401063554812,0],[78.94215612506073,25.492449782011143,0],[78.92670938790371,25.490894397856255,0],[78.94390609255176,25.48292559323325,0],[78.93781527534509,25.4650369617097,0],[78.90887279000992,25.44242051967128,0],[78.93826513939624,25.422248944969173,0],[78.9509355157386,25.44054960979184,0],[78.96699666530638,25.43462317368854,0],[78.96992913171083,25.39011367219847,0],[78.9893319081832,25.37404080236929,0],[78.95915885439379,25.371511095727897,0],[78.93871245246909,25.346976728787944,0],[78.89641838944661,25.37411097868038,0],[78.93829494098625,25.37482544744647,0],[78.95330007502545,25.39994946094259,0],[78.88024274142695,25.385892763370002,0],[78.84574305991866,25.355554607878048,0],[78.84104190135598,25.34496930823769,0],[78.84993972574208,25.334937442792093,0],[78.84615710141892,25.32697936482946,0],[78.84261369628291,25.336551943653255,0],[78.8192991059953,25.306940563985904,0],[78.79232158672069,25.308087941381423,0],[78.79766132819874,25.289174445610968,0],[78.81715426972873,25.30668242713532,0],[78.82856614107308,25.30273714283954,0],[78.80947222837345,25.27060227521861,0],[78.8496535634109,25.228785357180318,0],[78.87989556489839,25.28597630277034,0],[78.86261630156304,25.31445203999337,0],[78.88200407103815,25.343636917571075,0],[78.91184157786546,25.33256074852448,0],[78.92254325473205,25.342898127558794,0],[78.92793402903507,25.324128958069515,0],[78.96061563893208,25.3450834132537,0],[78.95742755397599,25.30223808847658,0],[78.9799245683142,25.279046550979864,0],[78.95551291771784,25.28275859230926,0],[78.94514376529044,25.259419587486807,0],[78.91702579775087,25.27358499181462,0],[78.89977457681061,25.243116020931183,0],[78.87950203745163,25.25225524966529,0],[78.87035586578577,25.226426796330298,0],[78.89058475279259,25.21442429750096,0],[78.87063510784849,25.187013760869075,0],[78.8819084183308,25.156894047915358,0],[78.95385808982253,25.218962618305255,0],[79.00587346103379,25.19504719606315,0],[79.00118617805767,25.23369814633434,0],[78.97484431086677,25.240493364448238,0],[78.99437462419773,25.2731633601263,0],[79.013221583764,25.27404990434827,0],[79.02177340299362,25.24157192351079,0],[79.0636834404519,25.22175784718397,0],[79.05966608782563,25.19040899452479,0],[79.05232919103373,25.20744458153105,0],[79.03091379162281,25.18448069679822,0],[79.03076321898284,25.138479594492285,0],[79.05080560477319,25.13398412438672,0],[79.0906302594445,25.190807496162,0],[79.12609355556783,25.161219920516366,0],[79.12402073162326,25.11077965289602,0],[79.17424334892192,25.10828431746479,0],[79.18729029237765,25.126379257123205,0],[79.1766040430431,25.141348440796538,0],[79.19220958616123,25.146213911751897,0],[79.21502946746648,25.11140657843824,0],[79.24514335659029,25.113849669083397,0],[79.24921980403211,25.140297664002357,0],[79.2241593877647,25.146047710102334,0],[79.24919517552823,25.15954386703221,0],[79.2648887316081,25.15172511200463,0],[79.2599048060735,25.125257745858317,0],[79.28254879809774,25.117537092752695,0],[79.32313373732957,25.14982951391274,0],[79.30850833085968,25.198286713247146,0],[79.28461661546757,25.191187745104294,0],[79.27925208328499,25.244729462102878,0],[79.32852704948061,25.221322820945172,0],[79.3383634887059,25.19795855858265,0],[79.3518943111986,25.212156622055403,0],[79.33275710291628,25.22827956468135,0],[79.34357579768869,25.227056656908154,0],[79.34736219644284,25.266695388807797,0],[79.31651766876278,25.255957650479136,0],[79.29378741286654,25.283583629870826,0],[79.2818248257078,25.26182115147714,0],[79.26303827622732,25.27218482752497,0],[79.27051669420166,25.309716205199877,0],[79.29988612610076,25.33763448304054,0],[79.35223110516972,25.329882227882266,0],[79.33614729252447,25.288096315623594,0],[79.35830979338023,25.284236761813503,0],[79.36289908114091,25.261696360639352,0],[79.3685920852898,25.292456358578878,0],[79.40761389579953,25.273915945533325,0],[79.4088128605592,25.256091101715516,0],[79.43745276615162,25.25487695336711,0],[79.46721898819011,25.283296950963614,0],[79.49445900710367,25.266905686127924,0],[79.46246231704414,25.264666536743906,0],[79.43265685693648,25.220637103994616,0],[79.44883408856873,25.21507357244446,0],[79.44037072586485,25.198819535919107,0],[79.412078788742,25.200318919651604,0],[79.41163188810545,25.182697725109442,0],[79.38990413077363,25.170108491762452,0],[79.38394535504858,25.142706590152937,0],[79.40573954513177,25.106359438447942,0],[79.42613403206082,25.119055257969855,0],[79.42129653164172,25.135432488826005,0],[79.43919727634393,25.127802165833007,0],[79.43892060175654,25.101221190176336,0],[79.47724054536062,25.127451228046375,0],[79.46502460479297,25.088045616074307,0],[79.49150417728941,25.07965421234517,0],[79.52489457361511,25.096973104387033,0],[79.51794748722786,25.127034917436553,0],[79.56935874270356,25.1718020073817,0],[79.59568617261023,25.143367726967185,0],[79.60698576863595,25.15276863128266,0],[79.60113884921742,25.12748676702876,0],[79.62270632981829,25.14060983123812,0],[79.67322173699952,25.12035806064863,0],[79.68335752976995,25.135154721355992,0],[79.74849927150932,25.139351349358897,0],[79.85123676453577,25.094200222981783,0],[79.86169028567355,25.096738186922984,0],[79.8516169482985,25.1285494015299,0],[79.88153014484799,25.14204698085635,0],[79.86645554823261,25.14982080779286,0],[79.85601976616782,25.194052323330368,0],[79.86858931424023,25.216490590944655,0],[79.85137847796267,25.23555896095974,0],[79.90748826158114,25.250889863882442,0],[79.91755484867227,25.22682516707768,0],[79.94833035283719,25.268662392785487,0],[80.00511496219062,25.26571022099813,0],[79.99894342813202,25.285972928258527,0],[80.02221273543027,25.29761615534582,0],[80.01779181731871,25.322532416128933,0],[80.03341502432448,25.342023561280566,0],[80.07266988185685,25.336947018521997,0],[80.08878083623878,25.355854665339695,0],[80.13109688892645,25.334230132037497,0],[80.16896182419627,25.376858861784168,0],[80.19493151537976,25.378157730749987,0],[80.20237186929859,25.414036540232477,0],[80.22082092978785,25.396743494405595,0],[80.25341922621706,25.400834372451328,0],[80.26383817713193,25.424019525991092,0],[80.31541104511166,25.388871224185767,0],[80.31079988479799,25.286407039673367,0],[80.35142658001047,25.277157289060614,0],[80.38357647694482,25.23728895259531,0],[80.40334384586582,25.244034334240595,0],[80.43166591814452,25.17761714118737,0],[80.35455745842296,25.13835749330295,0],[80.3760823188524,25.11635924434755,0],[80.348430156047,25.086652099854515,0],[80.35533461624827,25.055634926860094,0],[80.31139771129439,25.044234336863628,0],[80.2858128221508,25.056029035161256,0],[80.2736229611124,25.02597324001359,0],[80.33054719020953,24.992326151652474,0],[80.36294905584137,25.02359720740909,0],[80.37849388501483,25.004350970813327,0],[80.39563767034154,25.010208527943693,0],[80.37365890139874,25.05591155928491,0],[80.38800374716875,25.050914355272674,0],[80.40062308914482,25.069572486259478,0],[80.40871689909964,25.055253344569408,0],[80.41610608135888,25.07317548867196,0],[80.43303201690576,25.065758334638137,0],[80.44844659851019,25.07864274849427,0],[80.47514698226283,25.037940506856298,0],[80.50193662188933,25.036630498447366,0],[80.47435333606448,25.030529460481898,0],[80.4489492652426,25.040551195300782,0],[80.43309154264162,25.023622605218996,0],[80.45483668949099,25.004244077846863,0],[80.43678603437131,25.001481128514,0],[80.4372433396661,24.994328739088242,0],[80.46285460039807,25.002533368279863,0],[80.4561446972286,24.981636009814917,0],[80.4786560883791,24.973953169623815,0],[80.49930225274403,25.006214614816752,0],[80.54928281849652,25.002104929178646,0],[80.54606860805654,25.032417627036413,0],[80.50057917771811,25.04153121441479,0],[80.50662752074645,25.083974236684362,0],[80.479531524561,25.096345006116117,0],[80.51419415143178,25.096771874440535,0],[80.52159734624679,25.076045810845745,0],[80.5522284866403,25.06282081090453,0],[80.56844663646739,25.08687703815241,0],[80.6131362314931,25.06569556163831,0],[80.59228629879796,25.090197273689025,0],[80.6071866638602,25.117904950106336,0],[80.59499839331104,25.127196724943293,0],[80.60189558219666,25.15042985332104,0],[80.61161288842531,25.127700139837557,0],[80.62851022547333,25.133397104827896,0],[80.63822688775308,25.116867373058806,0],[80.60808185468174,25.098432977795262,0],[80.65596734581216,25.084713664574803,0],[80.66173639844905,25.067605426948774,0],[80.68501265199947,25.076607265084668,0],[80.67973689983481,25.04845714726604,0],[80.72072118350891,25.064008883358717,0],[80.77576060563237,25.054824048945648,0],[80.78363355232662,25.075948873222934,0],[80.72545121154714,25.091431089148024,0],[80.72735156285995,25.118552525459044,0],[80.70438937446512,25.12837487559707,0],[80.73024161999544,25.146318755148492,0],[80.74195269202812,25.123633303707518,0],[80.77878026152827,25.14226097698071,0],[80.78637635307567,25.12944239557129,0],[80.80839654688282,25.13678688382479,0],[80.82988602937098,25.10006317144959,0],[80.84910392888548,25.16260169047299,0],[80.83814296801098,25.180347044005185,0],[80.8687925757438,25.174510944686286,0],[80.88466179942964,25.1879388718315,0],[80.91291198802193,25.159083141489,0],[80.86843875559906,25.115679643018158,0],[80.87804056089766,25.065469249170363,0],[80.83178167946275,25.03287366640603,0],[80.85173592546028,24.988248612788848,0],[80.79220770470451,24.96486844583949,0],[80.82004982192832,24.932905699577393,0],[80.81199113169001,24.922547772146114,0],[80.89171672209635,24.945106813804973,0],[80.90707641217696,24.935052139859078,0],[80.89914848767432,24.948622075251997,0],[80.94600409816091,24.96626518793336,0],[80.95717766733242,24.91785348794261,0],[80.97385133414464,24.934192403226415,0],[81.0230692373659,24.927620834267,0],[81.01626664126172,24.951503049485183,0],[81.02557884942584,24.940053571070518,0],[81.03373058171823,24.952611690524964,0],[81.08450719085617,24.949907916236853,0],[81.09630217381113,24.921189355504296,0],[81.13960425651061,24.88752742196283,0],[81.16801198161521,24.955229177751406,0],[81.20719407018949,24.930432066564226,0],[81.19291001452164,24.9253521640447,0],[81.21963743167903,24.928619159810797,0],[81.208924056068,24.992617518016193,0],[81.2638211158095,25.05276452767911,0],[81.26667214798594,25.084389693460732,0],[81.25213728662942,25.102076604668458,0],[81.2775161556192,25.166000224119244,0],[81.31343014406141,25.163735687026318,0],[81.32147216983893,25.112765853166202,0],[81.31956335922163,25.156782581701876,0],[81.33451637129367,25.169294778990544,0],[81.39992097604528,25.119219167021672,0],[81.43852473389852,25.130334664928753,0],[81.44765769446246,25.107172156759333,0],[81.41371001858423,25.10791838127171,0],[81.40727000433643,25.104914315896014,0],[81.4911345206462,25.072323733052414,0],[81.51809823175941,25.100738449104522,0],[81.49032172564523,25.109445046635987,0],[81.48005486981937,25.132549202512482,0],[81.49638401804873,25.128980018805866,0],[81.49950980557159,25.148681735710632,0],[81.52724380519078,25.138091067494884,0],[81.53650006592841,25.160547875479605,0],[81.5146033891205,25.184337372946825,0],[81.57356839418074,25.192061856044727,0],[81.59562128610145,25.18182193018086,0],[81.58846342403982,25.1657697330927,0],[81.62621054352468,25.16046671700652,0],[81.62332026949825,25.141039386336573,0],[81.59806434114621,25.131335708854806,0],[81.60831668123825,25.096054939870125,0],[81.62408163425611,25.120036954662243,0],[81.6408635263836,25.098492440679436,0],[81.60035062447605,25.07384629853049,0],[81.61143405281393,25.056501524085963,0],[81.66654251802542,25.075111047576016,0],[81.6897522959941,25.038947808153914,0],[81.73150766077175,25.04864190708185,0],[81.79221272767269,25.00440737592753,0],[81.83481528754054,25.016972070614365,0],[81.89131354943935,24.988868175240352,0],[81.8955614439075,25.00951808504427,0],[81.90726969279481,25.00567297038834,0],[81.91964503419325,24.928124865398786,0],[81.90283632700164,24.891675305016115,0],[81.96526618499193,24.827039505309273,0],[82.01693993383256,24.845980123833662,0],[82.09765407435785,24.816148662056847,0],[82.11560920465644,24.784436319381285,0],[82.1386615173011,24.799462793667754,0],[82.16702113271049,24.785441922464013,0],[82.17890183673218,24.795066298117217,0],[82.16965117512989,24.798048481232616,0],[82.16665055136043,24.80087503495532,0],[82.17818164590852,24.810887701184182,0],[82.20359157899588,24.81920468036584,0],[82.18425728625577,24.79563299340021,0],[82.216150385821,24.794140990254267,0],[82.21792244967799,24.776675613630747,0],[82.19654510006802,24.778059546789756,0],[82.20325678956996,24.7583395247833,0],[82.17745434788273,24.732325321167625,0],[82.21403870117186,24.734425061292335,0],[82.22130446365283,24.722327776680373,0],[82.20656922428991,24.747194593831164,0],[82.2288404995835,24.745582810324617,0],[82.22645826158409,24.761237113459373,0],[82.2451604583723,24.74441055269009,0],[82.24613640564702,24.769659051378355,0],[82.25093426732194,24.76993031362662,0],[82.25011060192038,24.697452958238582,0],[82.22971131235293,24.681787208188,0],[82.23971135795601,24.661273102778967,0],[82.26087401751157,24.661312353066922,0],[82.26875843238598,24.683404960680157,0],[82.30314305582482,24.667102963842066,0],[82.29680412308238,24.605840433354683,0],[82.3386389388823,24.620364477167307,0],[82.3647673483568,24.59719821048638,0],[82.41611021129403,24.59119843778567,0],[82.40620446993584,24.681119460964183,0],[82.43048557729924,24.70258537296964,0],[82.45302834058651,24.688537017890066,0],[82.45023837479764,24.674409680244054,0],[82.52295222075574,24.676269734340995,0],[82.53963448327396,24.647851436221327,0],[82.67084677849907,24.697026690075347,0],[82.70088847811243,24.676018682627845,0],[82.70670183710821,24.636274862269158,0],[82.77430165391108,24.641774716476927,0],[82.77954809177662,24.613935868478446,0],[82.76546192048835,24.59577096027049,0],[82.80303099891256,24.59768504149886,0],[82.80754497098837,24.548994384898503,0],[82.7555201267877,24.537446750607817,0],[82.75163908959493,24.549906842664175,0],[82.71918269672331,24.552469986502995,0],[82.73102748832336,24.53508337835811,0],[82.72063409486817,24.514032362382213,0],[82.74356322850934,24.49534678726881,0],[82.72989485640647,24.472651467041388,0],[82.73921034646781,24.427643921811676,0],[82.71320701805998,24.380235763587052,0],[82.72383565855169,24.368177150255264,0],[82.76938289777074,24.37069824941318,0],[82.77321848144547,24.307362663680703,0],[82.75901327930899,24.23635416054253,0],[82.73481365188621,24.217780431647782,0],[82.74443692075731,24.165480435029437,0],[82.72807757877881,24.135142942247583,0],[82.68288502236348,24.154591872965003,0],[82.66430478670613,24.12916004173502,0],[82.70507358430089,24.097739316398094,0],[82.68512061139224,24.076214861750753,0],[82.77401947308628,24.076304332444614,0],[82.75070454121779,24.011978142959894,0],[82.8041829084135,24.00352473544475,0],[82.81261164700857,23.959869432187578,0],[82.75446091214891,23.934188060871655,0],[82.75238378964744,23.919789756809912,0],[82.70350635333716,23.92448739732367,0],[82.66159014356658,23.90764183581539,0],[82.65123457039131,23.88675565710609,0],[82.66812837393333,23.870892514803238,0],[82.63533783200401,23.837707948134014,0],[82.53307438113596,23.822146916393223,0],[82.55147454451293,23.790641035761297,0],[82.52339760925238,23.783677385498727,0],[82.4974035687983,23.78490092348227,0],[82.46925805857082,23.81105971232502,0],[82.33465645007573,23.802546796147848,0],[82.2606106970382,23.82124053651222,0],[82.23181318565996,23.805314230661214,0],[82.20631246427206,23.827411161024063,0],[82.21178319712426,23.852004937416023,0],[82.17146241060084,23.818240098372932,0],[82.05358100748123,23.818375168739987,0],[82.03841595039401,23.826840528852546,0],[82.04418049393256,23.841648882203025,0],[82.00881316613597,23.861078450550398,0],[81.957799329187,23.85228404788687,0],[81.92147425428615,23.87091252147054,0],[81.89902909810138,23.84086041024253,0],[81.81558008592832,23.806364976734976,0],[81.72547385680372,23.839824049411,0],[81.7319777512663,23.856677880842984,0],[81.7074906390912,23.861132461083333,0],[81.70731007403568,23.88235920882768,0],[81.69043700343194,23.88476313639171,0],[81.66858229058012,23.924962301793784,0],[81.6090176134367,23.90320482441384,0],[81.60423502012699,23.881751794880653,0],[81.62220707116632,23.870238577263805,0],[81.60318182034116,23.853710106154587,0],[81.61322974980055,23.834477509279605,0],[81.63583598091292,23.83451306175627,0],[81.65144667857375,23.79905530349077,0],[81.64466174915195,23.770126102757068,0],[81.68184924698656,23.75330291944585,0],[81.6959093193307,23.721320124598865,0],[81.68407813419375,23.69091960333211,0],[81.65554932418864,23.682016202444142,0],[81.65517241715102,23.66313632793084,0],[81.61456519245442,23.662917866452624,0],[81.61196901360074,23.59525292041494,0],[81.57668454332381,23.585344486404946,0],[81.58402119026897,23.55357599695271,0],[81.61031649782944,23.555083047258055,0],[81.61231905381726,23.510212219247354,0],[81.63727595556429,23.49036446484159,0],[81.65816506626845,23.504907531587502,0],[81.65891135999304,23.52899724811294,0],[81.6996447211248,23.522016788074154,0],[81.74663713763223,23.569797052512854,0],[81.75826188020604,23.54987144259507,0],[81.80906941758363,23.549341284030838,0],[81.82068932606106,23.515242031996088,0],[81.83642511391199,23.510907770088295,0],[81.92328617735042,23.53265940500406,0],[81.95791100306356,23.500702052910455,0],[81.95499260400899,23.467170366596292,0],[81.98040452790482,23.447040443894018,0],[81.98533428854093,23.41449499639181,0],[82.0254753363586,23.424881101296297,0],[82.02189803733722,23.387322009241903,0],[82.05600389540089,23.376784265252855,0],[82.06406244356708,23.3929382297105,0],[82.10341256016018,23.39823569976262,0],[82.11713741414937,23.355460475014425,0],[82.1457482681183,23.36117989902784,0],[82.19396188320965,23.323843596390656,0],[82.19338085047617,23.277965060878397,0],[82.14527449706348,23.226715312266514,0],[82.14435242486744,23.165648138545862,0],[82.1609190511669,23.16205221014546,0],[82.16135979397349,23.143114777773135,0],[82.1222494637722,23.10380144953448,0],[82.07222470639098,23.118324681335242,0],[82.03418861820627,23.080047387853114,0],[81.94225115598631,23.078964985013123,0],[81.92150179437047,23.0408140082704,0],[81.95048143348436,22.98292693105478,0],[81.94630761941882,22.956778674612465,0],[81.87824026767179,22.909808621259593,0],[81.86611398771954,22.915810572334415,0],[81.86162662557311,22.88926100224738,0],[81.77568307994493,22.874436759584867,0],[81.76134521366109,22.830287265260704,0],[81.79439169692454,22.766459904262856,0],[81.7535927771665,22.72851593886871,0],[81.77237068373425,22.66820605003616,0],[81.75262783756897,22.644486516390565,0],[81.73952840251431,22.675086792869777,0],[81.71314025080147,22.648089414928673,0],[81.68331539833586,22.6469066061059,0],[81.64725446935984,22.61326420309421,0],[81.65993153746011,22.569455511826387,0],[81.62902523481897,22.563359328490638,0],[81.6219425052653,22.538015470632775,0],[81.5695494138099,22.550729952120136,0],[81.5700330704822,22.532271912228236,0],[81.5222305443611,22.53901248236176,0],[81.4847101406123,22.487830130616043,0],[81.44260620674747,22.49435086267664,0],[81.44661681608477,22.469763568870345,0],[81.45892735569423,22.469292522783675,0],[81.44736781248157,22.465875592554678,0],[81.42783864177095,22.47981280584863,0],[81.42869941274219,22.456888538784625,0],[81.40670443177751,22.44095099978641,0],[81.39005988771852,22.452264226508714,0],[81.38205529093754,22.509818347539365,0],[81.326526697481,22.526144135731524,0],[81.31372802701082,22.48292119737199,0],[81.28126928606466,22.50295418717299,0],[81.23219093418734,22.452155025030702,0],[81.19946172206924,22.4630331231257,0],[81.19766649631863,22.48956657437754,0],[81.17269230702622,22.487908501006846,0],[81.15511525167287,22.454914618851486,0],[81.11116413702412,22.43757446554922,0],[81.10366308435627,22.383367561311445,0],[81.12121091768351,22.342595518216815,0],[81.11871815567547,22.291260469353148,0],[81.07954900373171,22.2393777339564,0],[81.05006141547696,22.24455051176909,0],[81.01946268977437,22.221184534476926,0],[81.03163980577153,22.1996535250688,0],[81.01665778440949,22.185529098944357,0],[81.02191295981439,22.1327290327606,0],[80.97814332309828,22.120105166895673,0],[81.01133339869804,22.095568943050303,0],[81.00526647931189,22.061545068665115,0],[80.99439090387922,22.049241830865217,0],[80.97004191872956,22.057408308159562,0],[80.95697924021458,22.1104180300683,0],[80.9219517491988,22.119950545919014,0],[80.8826941740729,22.059034475726538,0],[80.8526730284238,21.957307404128137,0],[80.82549437998473,21.958420626509433,0],[80.84769648494586,21.93253314797548,0],[80.83212020925035,21.907967406542234,0],[80.85330970957237,21.872764309640615,0],[80.84018170662368,21.80214730674677,0],[80.81973916284048,21.74802319224053,0],[80.78543263612785,21.740307930865043,0],[80.75599153847752,21.762064987397288,0],[80.72614265479172,21.713665667236143,0],[80.7341365299322,21.694506808456545,0],[80.71438732483836,21.661549916313984,0],[80.73094601988677,21.617347652946478,0],[80.71535574531714,21.585049983046314,0],[80.7289144698321,21.57257495044133,0],[80.71999402644758,21.554995456597766,0],[80.74078155873981,21.539225949105532,0],[80.72759980947414,21.496197469652763,0],[80.73743856309753,21.47129551733392,0],[80.70573905551707,21.43088379988202,0],[80.67777882920838,21.34880584790238,0],[80.65292088340223,21.327504641093544,0],[80.59919610840501,21.32712259420636,0],[80.52762243832456,21.39487045656084,0],[80.45755687642392,21.40268427088092,0],[80.44863171108689,21.372053862315866,0],[80.4122359804587,21.376717499504828,0],[80.39603515283257,21.40810715607519,0],[80.42215511691363,21.44053950368129,0],[80.37719491734934,21.522246583070334,0],[80.25344717121675,21.62475449412648,0],[80.19277827671372,21.635450508448265,0],[80.1546169874931,21.606471028028757,0],[80.1197089485316,21.609879014554664,0],[80.06668629853752,21.55420236906076,0],[80.03286540282346,21.556213991890193,0],[79.99680581245936,21.533618652688574,0],[79.97148278603102,21.557717651428284,0],[79.93590047791403,21.556244436811628,0],[79.91846485461772,21.524544508402702,0],[79.89124462580557,21.51818663087068,0],[79.83124911933055,21.546924809126896,0],[79.79207068555964,21.586589748044602,0],[79.73762859454911,21.603856261148312,0],[79.66093595704903,21.576895447013904,0],[79.65205337797828,21.555984729014156,0],[79.54061071279465,21.54268012523831,0],[79.542507653744,21.568226777288228,0],[79.51202842494189,21.583973369374643,0],[79.50371304882663,21.614593196874566,0],[79.51723102764636,21.62574716365267,0],[79.49620610025833,21.674224969900404,0],[79.42219784010301,21.691822329098162,0],[79.39248710601451,21.674119688794782,0],[79.35236806670152,21.678057370203508,0],[79.23376859066734,21.72217564141224,0],[79.22402043682604,21.64880378942846,0],[79.14831286667892,21.661174909421938,0],[79.14330039601796,21.636964054329034,0],[79.10052730954263,21.61760342462032,0],[79.1072063779197,21.605026730145866,0],[79.09395815803678,21.598112150768536,0],[79.01236897104663,21.599446180156885,0],[78.99801229496629,21.618573534072954,0],[78.91676193755325,21.590918289078925,0],[78.91375072106906,21.5709853689978,0],[78.93186327615625,21.561760103335402,0],[78.90679754336192,21.553259066449098,0],[78.94439272199337,21.515875187434855,0],[78.93669236387038,21.48576665501374,0],[78.89925857148661,21.50046160623513,0],[78.89083658830862,21.485262478162372,0],[78.80025692068766,21.490155181748847,0],[78.77612971784303,21.464583302927647,0],[78.75084851897138,21.492983918238163,0],[78.72846587025045,21.46229299619317,0],[78.68891015474522,21.48197081864098,0],[78.58533516755216,21.48672166436912,0],[78.57014515736651,21.514255442937813,0],[78.51164494226559,21.528690113300346,0],[78.44965456194086,21.49551822615861,0],[78.42423804673567,21.544436262256035,0],[78.42711509990902,21.599337833275165,0],[78.3726373268853,21.61344506596157,0],[78.38161544695944,21.592037515477823,0],[78.36306166814778,21.57520380971452,0],[78.34274980502116,21.589055500209998,0],[78.30705045765114,21.569573430126958,0],[78.30297156932433,21.58374189126742,0],[78.26647537874814,21.59173257654499,0],[78.27385586067653,21.569254835387763,0],[78.18188671267126,21.557343078615954,0],[78.1762141744975,21.499754949796863,0],[77.94118880936517,21.385771621209443,0],[77.8832740181041,21.37603832692101,0],[77.8011548550632,21.40959506363523,0],[77.79676753445705,21.38901064599182,0],[77.75073757617169,21.38311186808054,0],[77.737107645379,21.362202347741583,0],[77.70998854623016,21.357447151103848,0],[77.69199149026845,21.39756499684429,0],[77.66990847545402,21.368923474460832,0],[77.65398213475665,21.391168244733404,0],[77.61191803626727,21.392403131513962,0],[77.60558306278844,21.362592014395393,0],[77.563873191711,21.369145793446123,0],[77.56146127466941,21.39645658800322,0],[77.53171921221956,21.41914605108369,0],[77.51452376936535,21.375939625875468,0],[77.48805752134594,21.374358709617727,0],[77.47359805809356,21.45444653938841,0],[77.44218726072761,21.469910790674618,0],[77.42555741802224,21.537740366489146,0],[77.45488619448444,21.55384258107673,0],[77.57522762762656,21.526458460704678,0],[77.6114816374213,21.53882062610738,0],[77.59529227720249,21.559431451661826,0],[77.57711479358517,21.55517063221886,0],[77.5755170087098,21.620639181068704,0],[77.54249012599188,21.705583538138182,0],[77.47946723963457,21.754146721989706,0],[77.47909410317317,21.769986863302233,0],[77.40417411254116,21.752423398387315,0],[77.28046720626827,21.758579609213015,0],[77.28721698383191,21.721921799747093,0],[77.2269108646583,21.716792617980868,0],[77.21042437891381,21.68964514266547,0],[77.17603374629813,21.725754714447856,0],[77.16512276620468,21.710737823922013,0],[77.07321867802484,21.719454034845725,0],[76.90161701470328,21.596843937379088,0],[76.85448658214479,21.613315026170447,0],[76.83290586501771,21.588954268934213,0],[76.79576284778628,21.5942230346004,0],[76.78151052839368,21.55737799414249,0]],[[75.20847360217167,24.894300437623215,0],[75.22263662825513,24.844093587164,0],[75.25067064820986,24.880508415783247,0],[75.22162554751593,24.873780700903637,0],[75.20847360217167,24.894300437623215,0]],[[79.42591135042161,25.058588882530852,0],[79.38089520262946,25.122433003292752,0],[79.36381662220948,25.125645688662562,0],[79.37419632192609,25.14260365280965,0],[79.35819875859619,25.143288832560895,0],[79.35058425188063,25.116984711244967,0],[79.37969120848012,25.10122228192327,0],[79.37980606820253,25.064792281685506,0],[79.35113318422304,25.068882857207203,0],[79.35610712680935,25.040469407762675,0],[79.36780488962371,25.05436902797775,0],[79.39495818794695,25.032119891765372,0],[79.42204204359612,25.041574682051763,0],[79.42591135042161,25.058588882530852,0]],[[79.36537829120037,25.171113182187185,0],[79.35952062202038,25.18855296602374,0],[79.35446584992127,25.175891802890153,0],[79.36537829120037,25.171113182187185,0]]],[[[74.17394648971232,22.41827054422175,0],[74.17966364103063,22.39684368075111,0],[74.17915515468401,22.387993810528396,0],[74.15711751017196,22.412332872875435,0],[74.17394648971232,22.41827054422175,0]]],[[[80.47349964537023,25.063050682213042,0],[80.48305555917831,25.067243292152693,0],[80.48516574915634,25.05463061583285,0],[80.47349964537023,25.063050682213042,0]]],[[[80.44468051501802,25.1279962406672,0],[80.46077043065065,25.114710916837872,0],[80.437136062724,25.115771909623923,0],[80.44468051501802,25.1279962406672,0]]]]},"id":20},{"type":"Feature","properties":{"state":"MAHARASHTRA","id":21},"geometry":{"type":"MultiPolygon","coordinates":[[[[73.28310209974143,16.957386200018693,0],[73.28339230012872,16.957857200238703,0],[73.28355570007146,16.95768169986281,0],[73.28310209974143,16.957386200018693,0]]],[[[73.28554276389868,16.98932460501296,0],[73.28548236009208,16.989505733547404,0],[73.28558813725586,16.98947586876576,0],[73.28554276389868,16.98932460501296,0]]],[[[73.11922153261153,17.765985366652803,0],[73.12016890541716,17.76655021557393,0],[73.11947519048408,17.765520371074007,0],[73.11922153261153,17.765985366652803,0]]],[[[73.10127211947888,17.804713143604946,0],[73.1015684981118,17.80411700994739,0],[73.10136224748116,17.804056476355637,0],[73.10127211947888,17.804713143604946,0]]],[[[73.0877965997068,17.80742449954588,0],[73.08737800046981,17.807686900083752,0],[73.08776630009076,17.807808499747896,0],[73.0877965997068,17.80742449954588,0]]],[[[73.08365759979317,17.81453840019749,0],[73.08535219984195,17.81691570041748,0],[73.08490930005357,17.815249199752476,0],[73.08365759979317,17.81453840019749,0]]],[[[72.97845419030347,18.103449948510548,0],[72.97689583194523,18.103983945900165,0],[72.97806786141219,18.104672438274374,0],[72.97845419030347,18.103449948510548,0]]],[[[72.96354409974406,18.300834199723,0],[72.96584729979047,18.29883990032885,0],[72.96310400015521,18.299654500047946,0],[72.96354409974406,18.300834199723,0]]],[[[72.9327059002304,18.322698200358168,0],[72.93264780014238,18.321527899898893,0],[72.93193400025761,18.321743699715633,0],[72.9327059002304,18.322698200358168,0]]],[[[73.03367106366095,17.98650496326267,0],[73.00849708430619,18.01065860165141,0],[73.02129499460831,18.027453316677647,0],[72.99037561694252,18.05576622907854,0],[72.99683319829992,18.08421386162629,0],[72.97256508102762,18.126165066311177,0],[72.98865887015437,18.157899983381114,0],[72.98093260752985,18.196286015341794,0],[72.95639543553692,18.219636398507564,0],[72.93177840615748,18.22042031599769,0],[72.93804808099465,18.283722080418855,0],[72.97302078567964,18.266164202453602,0],[72.98648136649905,18.282278812441746,0],[72.9538670857371,18.334963673121575,0],[72.91297867292398,18.361627967419086,0],[72.92594592995572,18.383438515330415,0],[72.90703551862693,18.402989270147224,0],[72.8937324531413,18.4717912109553,0],[72.91109224507717,18.5025591481873,0],[72.90531621009403,18.5385559785581,0],[72.92115796570937,18.550552897138353,0],[72.87813915040368,18.63081433418234,0],[72.86124985077245,18.629699446688278,0],[72.85105234872151,18.698832381571762,0],[72.86921504667839,18.8107913205351,0],[72.91448933548304,18.800324646299387,0],[72.9451516278966,18.826382469902896,0],[72.95713253487406,18.799230218235625,0],[72.99594317606906,18.77301780962052,0],[72.97827223920957,18.80759590914986,0],[72.99929189499866,18.80920050982689,0],[72.97508759728966,18.839501449561105,0],[72.9953865856626,18.87151067145339,0],[72.9609940855838,18.841038618424026,0],[72.91834791053792,18.855407596427508,0],[72.90407301254946,18.904435194397482,0],[72.93706077814345,18.9093319637613,0],[72.9408106000988,18.9444896824751,0],[72.95917130454015,18.957162262763273,0],[72.94710896584735,18.986850246921357,0],[72.88530043125049,18.981478205341574,0],[72.87824291965957,19.021936442878424,0],[72.85432057803304,18.997203427255265,0],[72.84337231332805,18.930294657743236,0],[72.81195123052392,18.895127663811923,0],[72.80356021647849,18.89881462317306,0],[72.82559494579486,18.919446160830514,0],[72.82360580795805,18.94124944406838,0],[72.81217937798534,18.955271001735895,0],[72.79331517999559,18.939408251297106,0],[72.79249653705706,18.949906451397396,0],[72.817461126299,19.025563783158216,0],[72.83260246186023,19.023681010108596,0],[72.83863137739894,19.046523181207114,0],[72.81701339796933,19.04147410080414,0],[72.83322334260298,19.084831055981983,0],[72.81163060822348,19.14523104883756,0],[72.7860730224757,19.13352079562813,0],[72.79548422100291,19.194667729892295,0],[72.7814100533208,19.19543057505257,0],[72.77865496899992,19.278924847752222,0],[72.78692804746306,19.307684235931305,0],[72.82995145097347,19.334621363734225,0],[72.800190670347,19.32384711666505,0],[72.74469336591457,19.37803633278272,0],[72.75992691706469,19.392709666807363,0],[72.74954767814275,19.489269328780008,0],[72.71973195273338,19.500766466290443,0],[72.71109041686508,19.540783503494897,0],[72.70890928815635,19.598764185720157,0],[72.72534332214332,19.609571404797787,0],[72.69913400971237,19.661478808710754,0],[72.70814365730068,19.703810729679756,0],[72.67270238507534,19.72176625374017,0],[72.68284783872113,19.793488519629754,0],[72.67131674623032,19.813643073544462,0],[72.66768322881622,19.80132425730228,0],[72.65398062751346,19.810937677585603,0],[72.64593502875681,19.864445730946617,0],[72.6802716776335,19.864896242227616,0],[72.67880257181433,19.920742148138093,0],[72.66421602373936,19.933488839161814,0],[72.72197582684618,19.970623773489375,0],[72.70788379712803,20.070025490456946,0],[72.74658519423882,20.116141611977685,0],[72.73767114197962,20.13433578991207,0],[72.79411363328744,20.12334056439643,0],[72.78862388746388,20.149323770945976,0],[72.82446987721094,20.14202171454488,0],[72.81603607031721,20.184444407951208,0],[72.83695244839873,20.18845690255936,0],[72.83903163350288,20.209126542635378,0],[72.86118475058248,20.20761056365299,0],[72.85873660058643,20.22474245857248,0],[72.96198416094703,20.210046446542794,0],[72.96193714711863,20.18346001780491,0],[72.97687886395775,20.178649989353975,0],[72.96358397303402,20.126037208087986,0],[72.9773554719916,20.11278003069388,0],[72.99750427307872,20.142762568946456,0],[73.01093644516637,20.134601757572153,0],[73.0007380205226,20.112303459228315,0],[73.04020389126485,20.066433151236545,0],[73.05062324136628,20.063743640171673,0],[73.06369288800677,20.099586652864712,0],[73.10226259021304,20.091236962168356,0],[73.10606108972146,20.074165107317256,0],[73.11198308521166,20.07117483812859,0],[73.13638508566457,20.08636710080325,0],[73.17822188300524,20.047018149362522,0],[73.19092213539386,20.049592527130137,0],[73.18852901253595,20.078103154849885,0],[73.20970279175006,20.085329423218646,0],[73.21792669707382,20.136645682442207,0],[73.22704208612154,20.12296441858539,0],[73.25335667774209,20.12566153622272,0],[73.27922546657803,20.150144173092784,0],[73.28305019555343,20.19805228547443,0],[73.29802749068081,20.208590580338036,0],[73.34383558490187,20.199382860295618,0],[73.35649961142798,20.21300288282868,0],[73.36475366805148,20.195584808063813,0],[73.3824971494902,20.2117299292834,0],[73.38867233614351,20.192773285173832,0],[73.41651483588069,20.198286005431807,0],[73.41846744471947,20.330516441017394,0],[73.4060489641318,20.38470239233011,0],[73.38419249589278,20.372036668715225,0],[73.3797679802838,20.393503235476363,0],[73.41957410564846,20.41306659524629,0],[73.46986591270606,20.520307169358734,0],[73.4936242443206,20.538068466618352,0],[73.47529831374365,20.543328186663192,0],[73.4731530962597,20.5846352871504,0],[73.42957612725218,20.59520486092471,0],[73.42112018772436,20.6258682814971,0],[73.39255972305003,20.645104041249205,0],[73.44429722839577,20.681102957699174,0],[73.44918133873774,20.71718092936942,0],[73.47464810384226,20.72038787380408,0],[73.48923489356962,20.65573359499834,0],[73.52048953037583,20.678847937188323,0],[73.55079944895392,20.648559477393526,0],[73.59951497861061,20.636903126954156,0],[73.65268255862885,20.56487246746073,0],[73.69537703201217,20.578372712410527,0],[73.74456137904562,20.56491838082022,0],[73.77539284381311,20.60022410697926,0],[73.83839439358911,20.62046312320324,0],[73.83909090244181,20.65877452289572,0],[73.81185203884922,20.69203343569317,0],[73.85517076160812,20.692251282057754,0],[73.87442112294735,20.729533515709374,0],[73.91732663049004,20.724849177487926,0],[73.94266122069703,20.742083694145567,0],[73.93186149207033,20.760622976077002,0],[73.9403324629121,20.839454000999194,0],[73.92372418784117,20.851377786976553,0],[73.91753820300737,20.907781242237938,0],[73.88819919241959,20.933591288307596,0],[73.89231190124023,20.955710672807317,0],[73.90797625087417,20.95973654680898,0],[73.90129759322264,20.98230457354032,0],[73.869022561717,20.985264769666983,0],[73.80012721797112,21.038763321873876,0],[73.80774103758782,21.08489308922785,0],[73.76021185520841,21.069400648798236,0],[73.7299321311178,21.082434000441925,0],[73.74375858227046,21.11517920278778,0],[73.72967501682521,21.099870383869202,0],[73.70314521992236,21.118648869563124,0],[73.68894883440211,21.10079423225625,0],[73.61846190664004,21.11845530286255,0],[73.61763322181132,21.142697032496784,0],[73.5785195787363,21.150481251042088,0],[73.57742059352134,21.170753093982412,0],[73.60645164216496,21.178756293478017,0],[73.60779225600135,21.158981028131976,0],[73.6346398144035,21.140881356287068,0],[73.6674920724188,21.15463164884147,0],[73.71897392350708,21.139757477249066,0],[73.7332096928487,21.14235449833524,0],[73.740086881983,21.1711165859985,0],[73.77230552407606,21.164636920265938,0],[73.78470072244893,21.183985727524743,0],[73.81576154634563,21.173960261782522,0],[73.8228734657824,21.270858320831923,0],[73.8796131191102,21.265957020996233,0],[73.94217173560298,21.29927052820135,0],[73.93893230393387,21.405019789375622,0],[73.95947419315237,21.395427938203568,0],[74.00261829267328,21.421413456615888,0],[74.04462436071434,21.419193911486673,0],[74.06293158039512,21.474549422392197,0],[74.10071375354534,21.447631232469963,0],[74.12517870359528,21.466652880337918,0],[74.19782423307092,21.458748542787244,0],[74.21415740272433,21.48168204004338,0],[74.25356113576159,21.467741786122698,0],[74.32078812886307,21.498496916183274,0],[74.33233172013091,21.54348183801276,0],[74.29552639041675,21.56907383489767,0],[74.26333080824126,21.539898866737587,0],[74.23621739729592,21.539703098766555,0],[74.22900773528005,21.554462593588205,0],[74.19584492691183,21.53206256000322,0],[74.1758645504776,21.568998393038026,0],[74.15760622714072,21.568928398039372,0],[74.13696351785167,21.546863441094576,0],[74.00583847896705,21.552755804011383,0],[73.99741860936157,21.53901129941756,0],[73.97418615520503,21.543276273707775,0],[73.97743361344197,21.521684404707372,0],[73.95507552824611,21.54083020169747,0],[73.95175415886646,21.51269401280568,0],[73.90422763033607,21.524509230974218,0],[73.85355659015525,21.497465889568026,0],[73.81413059989286,21.60109319637212,0],[73.7805149338587,21.6285920717758,0],[73.8880148603441,21.653246096192017,0],[73.89460203497254,21.676266481456654,0],[73.88061281066895,21.71559017423029,0],[73.8246663844771,21.75993460612743,0],[73.83294513601659,21.800947859243234,0],[73.79594193356702,21.824551280719962,0],[73.81212225117253,21.83922025048413,0],[73.87160822633425,21.841507485984792,0],[74.12822356086986,21.949778304525005,0],[74.15743292678519,21.950822096798284,0],[74.19308029175022,21.925971128404584,0],[74.28117565885282,21.933112149423156,0],[74.30763607326992,21.971755609565403,0],[74.34842159729034,21.977000660290283,0],[74.38711616707863,22.019978941306338,0],[74.43163991524378,22.030269373328757,0],[74.45218095844899,22.004652889095862,0],[74.432330609713,21.999403509393805,0],[74.43938963379759,21.976723952300954,0],[74.48873036684341,21.95616939506147,0],[74.52421040201196,21.91058199978332,0],[74.49821065100043,21.790088695114996,0],[74.51395220105759,21.765687822374655,0],[74.50558819531302,21.726306144675515,0],[74.54736731226963,21.719602685869237,0],[74.55420471177806,21.681362357895576,0],[74.57986850535346,21.68332680134833,0],[74.58208162120549,21.664989049822026,0],[74.78287391796654,21.61069032180221,0],[74.82885826494956,21.609793323901656,0],[74.86276380374802,21.634455049825306,0],[74.90168331540825,21.62923801370862,0],[75.01502122633242,21.56967738410329,0],[75.05331544558949,21.564824491838113,0],[75.1258300965832,21.449261230476278,0],[75.2189154419732,21.40833953144771,0],[75.29532572610205,21.41357319402119,0],[75.29874023803802,21.38556727092433,0],[75.35716192214369,21.400865320256337,0],[75.38243838150922,21.379542432245103,0],[75.52005437330926,21.387016428522795,0],[75.54372432653153,21.368527981885524,0],[75.60693955685265,21.39184408645136,0],[75.62302546771764,21.375023480454505,0],[75.67009030901208,21.374579340037748,0],[75.72847084957107,21.38868364789625,0],[75.83336373232822,21.37663652938056,0],[75.89003032013956,21.39470884673369,0],[75.9106581478306,21.382574498080885,0],[75.96305971805768,21.389709877411228,0],[76.04897616899807,21.349720440012298,0],[76.09659931255872,21.371769485570834,0],[76.12974038088058,21.286704633088288,0],[76.15936112497539,21.25597499637482,0],[76.1420361546725,21.22816347741811,0],[76.16565907548114,21.22161589176709,0],[76.17639598828298,21.18399521241276,0],[76.17168618728809,21.166560396299246,0],[76.12926069367127,21.175821784339345,0],[76.1134803422826,21.15539395475708,0],[76.1424684235254,21.135152847971828,0],[76.13792808829118,21.119853127772462,0],[76.17088709958188,21.103933060754198,0],[76.16740076567744,21.07948439608782,0],[76.2603849958135,21.09058301044466,0],[76.28013163027842,21.070688525419904,0],[76.37476648882453,21.07255310672766,0],[76.41319441681935,21.088422422296606,0],[76.41069574245824,21.10243629823642,0],[76.45555999019275,21.108070317296878,0],[76.49337310603094,21.19394435722031,0],[76.53025674557334,21.18193240892799,0],[76.56726240900726,21.199394353349554,0],[76.62348868382388,21.185038857650756,0],[76.64183032638357,21.23713380179096,0],[76.66164256773405,21.24070726753516,0],[76.6628990719363,21.275964911643765,0],[76.62174730307333,21.33229136043521,0],[76.73950877201099,21.41055720161311,0],[76.74442806584518,21.43986527243428,0],[76.78401994889042,21.462373530874167,0],[76.79560916288371,21.489582823216768,0],[76.76344368277816,21.520767421929975,0],[76.78932647424968,21.536378532602573,0],[76.78141248624917,21.564720931706596,0],[76.79526213207896,21.593910790404003,0],[76.83290586501771,21.588954268934213,0],[76.85448658214479,21.613315026170447,0],[76.90161701470328,21.596843937379088,0],[77.07321867802484,21.719454034845725,0],[77.16512276620468,21.710737823922013,0],[77.17603374629813,21.725754714447856,0],[77.21042437891381,21.68964514266547,0],[77.2269108646583,21.716792617980868,0],[77.28721698383191,21.721921799747093,0],[77.28988792922092,21.76034491321509,0],[77.40417411254116,21.752423398387315,0],[77.47909410317317,21.769986863302233,0],[77.47946723963457,21.754146721989706,0],[77.54322566737795,21.704277488165154,0],[77.5755170087098,21.620639181068704,0],[77.57711479358517,21.55517063221886,0],[77.59529227720249,21.559431451661826,0],[77.6114816374213,21.53882062610738,0],[77.57522762762656,21.526458460704678,0],[77.45488619448444,21.55384258107673,0],[77.42555741802224,21.537740366489146,0],[77.44218726072761,21.469910790674618,0],[77.47359805809356,21.45444653938841,0],[77.48805752134594,21.374358709617727,0],[77.51452376936535,21.375939625875468,0],[77.53171921221956,21.41914605108369,0],[77.56146127466941,21.39645658800322,0],[77.56349647017316,21.369309551130467,0],[77.58711110748706,21.362839557355386,0],[77.60784820603801,21.364937327558998,0],[77.60496558173463,21.390734555864753,0],[77.65312709153892,21.39145650606199,0],[77.66990847545402,21.368923474460832,0],[77.69199149026845,21.39756499684429,0],[77.70998854623016,21.357447151103848,0],[77.737107645379,21.362202347741583,0],[77.75004117177933,21.38282745964883,0],[77.79676753445705,21.38901064599182,0],[77.8011548550632,21.40959506363523,0],[77.8832740181041,21.37603832692101,0],[77.94118880936517,21.385771621209443,0],[78.1762141744975,21.499754949796863,0],[78.18188671267126,21.557343078615954,0],[78.27385586067653,21.569254835387763,0],[78.26647537874814,21.59173257654499,0],[78.30297156932433,21.58374189126742,0],[78.30705045765114,21.569573430126958,0],[78.34274980502116,21.589055500209998,0],[78.36306166814778,21.57520380971452,0],[78.38161544695944,21.592037515477823,0],[78.3726373268853,21.61344506596157,0],[78.38742502263675,21.614838974192278,0],[78.42718750494913,21.599206778520337,0],[78.42423804673567,21.544436262256035,0],[78.44965456194086,21.49551822615861,0],[78.51164494226559,21.528690113300346,0],[78.57014515736651,21.514255442937813,0],[78.58533516755216,21.48672166436912,0],[78.68891015474522,21.48197081864098,0],[78.72846587025045,21.46229299619317,0],[78.75084851897138,21.492983918238163,0],[78.77612971784303,21.464583302927647,0],[78.80025692068766,21.490155181748847,0],[78.89083658830862,21.485262478162372,0],[78.89925857148661,21.50046160623513,0],[78.93669236387038,21.48576665501374,0],[78.94439272199337,21.515875187434855,0],[78.90679754336192,21.553259066449098,0],[78.93186327615625,21.561760103335402,0],[78.91375072106906,21.5709853689978,0],[78.91435210717809,21.58898616365849,0],[78.97552187763756,21.617637858219975,0],[78.99801229496629,21.618573534072954,0],[79.01236897104663,21.599446180156885,0],[79.09395815803678,21.598112150768536,0],[79.1072063779197,21.605026730145866,0],[79.10052730954263,21.61760342462032,0],[79.14330039601796,21.636964054329034,0],[79.14831286667892,21.661174909421938,0],[79.22402043682604,21.64880378942846,0],[79.23118579770917,21.72228400603531,0],[79.35236806670152,21.678057370203508,0],[79.39248710601451,21.674119688794782,0],[79.42219784010301,21.691822329098162,0],[79.49620610025833,21.674224969900404,0],[79.51723102764636,21.62574716365267,0],[79.50371304882663,21.614593196874566,0],[79.51202842494189,21.583973369374643,0],[79.542507653744,21.568226777288228,0],[79.54061071279465,21.54268012523831,0],[79.65205337797828,21.555984729014156,0],[79.66093595704903,21.576895447013904,0],[79.73762859454911,21.603856261148312,0],[79.79207068555964,21.586589748044602,0],[79.83124911933055,21.546924809126896,0],[79.89124462580557,21.51818663087068,0],[79.91846485461772,21.524544508402702,0],[79.93590047791403,21.556244436811628,0],[79.97148278603102,21.557717651428284,0],[79.99680581245936,21.533618652688574,0],[80.03286540282346,21.556213991890193,0],[80.06668629853752,21.55420236906076,0],[80.1197089485316,21.609879014554664,0],[80.1546169874931,21.606471028028757,0],[80.19277827671372,21.635450508448265,0],[80.25344717121675,21.62475449412648,0],[80.37719491734934,21.522246583070334,0],[80.42215511691363,21.44053950368129,0],[80.39603515283257,21.40810715607519,0],[80.4122359804587,21.376717499504828,0],[80.44863171108689,21.372053862315866,0],[80.45755687642392,21.40268427088092,0],[80.52762243832456,21.39487045656084,0],[80.59919610840501,21.32712259420636,0],[80.66242703797026,21.334625636420622,0],[80.68156367753265,21.313567158451928,0],[80.61378246066872,21.226566247900106,0],[80.46426127153444,21.175027647605955,0],[80.44471246150141,21.121960574305778,0],[80.45819406086056,21.1138708091166,0],[80.43914724698179,21.096560304105385,0],[80.45264425358053,21.03883077777869,0],[80.42418586169015,21.008863979290794,0],[80.44377248216182,20.99404069691414,0],[80.46363338462606,20.92924833412582,0],[80.54613009618164,20.93484604708258,0],[80.56181318949841,20.824365512978396,0],[80.55166346252648,20.764034516141653,0],[80.58765153692248,20.68469974346153,0],[80.49845436688572,20.639422973206056,0],[80.49674972501725,20.60239608618624,0],[80.52154198696863,20.580446907833903,0],[80.58076740500539,20.608364461892954,0],[80.63186627163114,20.598388882601867,0],[80.61734825864086,20.58575241044848,0],[80.62658501194194,20.563812391995093,0],[80.60217419130727,20.449960607198268,0],[80.61364196352739,20.43498095119315,0],[80.59148151013295,20.393070755680757,0],[80.6263521064593,20.33262641578114,0],[80.54957593028541,20.308957888233998,0],[80.51881702577215,20.266166897659147,0],[80.47913201765279,20.27829662831471,0],[80.39525946613657,20.245009003661657,0],[80.42205125630716,20.20679901962791,0],[80.38853832404634,20.165198980219163,0],[80.40181765192884,20.147244315818355,0],[80.43337848083753,20.13533031539239,0],[80.46014674568589,20.150938195403008,0],[80.50559450426901,20.14443918517915,0],[80.5520724749412,20.117961538914848,0],[80.54400295547912,20.095637392992174,0],[80.55681165986876,20.071876717113227,0],[80.54960050252117,19.985971461817243,0],[80.52989443581009,19.93946732425481,0],[80.48874716895779,19.930607351122454,0],[80.45215558922338,19.957604015842804,0],[80.41125275860638,19.9384938630906,0],[80.41388306566395,19.907451130849967,0],[80.49142656835075,19.902013327907618,0],[80.5058245093918,19.870649757059176,0],[80.44072110154723,19.810333799891836,0],[80.40162425721275,19.817037980545873,0],[80.40169821632963,19.79620072389034,0],[80.4642583274534,19.795775050975628,0],[80.48902896917731,19.770410388031983,0],[80.48496794074221,19.802477227406523,0],[80.46887768027254,19.81044672062401,0],[80.4805812827771,19.82750578829981,0],[80.54630216415211,19.81826573197276,0],[80.55260700537377,19.765560511032252,0],[80.67221626208278,19.700715940620732,0],[80.66533209762612,19.611879169265933,0],[80.74084593418999,19.606230873889707,0],[80.76942828401965,19.586669707333517,0],[80.77510887803207,19.562511916797977,0],[80.83559325819976,19.5663568345465,0],[80.85620742875925,19.523002786241857,0],[80.89496487541075,19.519624789724904,0],[80.89768431780948,19.480448720620625,0],[80.87363088757478,19.444987958813602,0],[80.79584983392697,19.432264823966765,0],[80.81733060236148,19.383906793601103,0],[80.8528526517039,19.363899946695728,0],[80.75573135570976,19.28927290101598,0],[80.68969921079497,19.28697519023797,0],[80.679896851893,19.33033204983032,0],[80.61254345357516,19.309518026669128,0],[80.57307372189652,19.402460035493682,0],[80.5203309408016,19.347769551474713,0],[80.48249795577021,19.338135832320763,0],[80.44602564267637,19.264170938009258,0],[80.39359000228062,19.245009633267504,0],[80.39384487509528,19.187797578444638,0],[80.33307893589742,19.1455238271373,0],[80.32966769499215,19.070106706981672,0],[80.29733916399307,19.049005896082278,0],[80.30312681174104,19.022163321197155,0],[80.27297737442144,18.991435520717864,0],[80.2735111502985,18.9330749581831,0],[80.32721784413278,18.879694952301364,0],[80.35431073034381,18.826456215528925,0],[80.27678796364901,18.766592558025796,0],[80.24769667984545,18.76419675040063,0],[80.27241795900106,18.723505227837407,0],[80.2522324985061,18.706806675528867,0],[80.21096230740908,18.704707934637263,0],[80.1965690185287,18.680795451828722,0],[80.15770799598768,18.70097975784299,0],[80.11812187011265,18.68051679265935,0],[80.0527969519027,18.725058817533753,0],[80.01854428419645,18.770382977034803,0],[79.96415410068816,18.773825003259,0],[79.9205236610222,18.811082929840612,0],[79.91578230544728,18.829912549649606,0],[79.96160503121484,18.86662660296444,0],[79.9402631514642,19.032563840936042,0],[79.92791936759284,19.049318054187584,0],[79.87110277654975,19.041016936907706,0],[79.8584295721302,19.10241622734811,0],[79.94589510505737,19.16949262426906,0],[79.92450569438812,19.225717881490667,0],[79.96587244023422,19.30303874174285,0],[79.95908049470825,19.33594022579938,0],[79.97793712760755,19.400357408039568,0],[79.94481948357821,19.469814403439635,0],[79.86458394968639,19.510513651078874,0],[79.77860655074976,19.599666499871034,0],[79.74308000888271,19.608626251421637,0],[79.70899970440138,19.584478292085645,0],[79.62943026901353,19.57397132538655,0],[79.59615396936678,19.50727732242485,0],[79.55293237396707,19.524168599132214,0],[79.53992721349299,19.554661262453198,0],[79.51861081963321,19.543109248970353,0],[79.51858859767984,19.520182827188407,0],[79.471424890333,19.500191724764733,0],[79.36573002849127,19.576331394783814,0],[79.31393055191386,19.56642080598087,0],[79.30684049358665,19.596556016634597,0],[79.24355707047559,19.61668894374072,0],[79.25312426274441,19.593287158797033,0],[79.24002308982766,19.535240211256273,0],[79.20385114222663,19.494083474039527,0],[79.22358933629334,19.469074903776846,0],[79.19031193258444,19.45898473628043,0],[79.09803451388636,19.532026770563665,0],[79.04601146037496,19.548325712828902,0],[78.99803139159448,19.54008433923624,0],[78.98125194182883,19.560839381248854,0],[78.94044360064088,19.55186830141301,0],[78.97283491656712,19.5823876591252,0],[78.95562022051573,19.600171196595035,0],[78.95555844309365,19.655791000857008,0],[78.90353571532505,19.67000907672625,0],[78.88672681448001,19.655071367772862,0],[78.85192030391192,19.658360820662725,0],[78.85992308609563,19.68949128111417,0],[78.84096345363591,19.761890085002673,0],[78.80216094023291,19.756533796915516,0],[78.78236598459874,19.77840969923134,0],[78.74005701694222,19.78313315217339,0],[78.71916067553227,19.76664824531213,0],[78.69256254342301,19.791026671887046,0],[78.55200650745974,19.824084590915458,0],[78.51501832446353,19.818933384970354,0],[78.49023814945386,19.792684456333323,0],[78.47245903863504,19.81733826870827,0],[78.422951936927,19.817626700970784,0],[78.38645831182139,19.845359360758927,0],[78.38067127785762,19.880436197043533,0],[78.33208817113957,19.884900375288268,0],[78.33177892679342,19.91337383623956,0],[78.30702790900732,19.91429755898284,0],[78.28607513413802,19.84793714252418,0],[78.33641446993397,19.8379232418834,0],[78.33402456070729,19.8145917208565,0],[78.35744171828566,19.80543413041168,0],[78.36467465027448,19.781231544851973,0],[78.34313414577775,19.713250020146475,0],[78.31182129492713,19.691050463532378,0],[78.27618587502464,19.69241534619996,0],[78.262649047738,19.66506424239773,0],[78.29046249488108,19.64600101202544,0],[78.3055669121005,19.60706653748166,0],[78.3036889129454,19.569320561416816,0],[78.27431076480092,19.553974587329634,0],[78.29322965891416,19.54223359026061,0],[78.30434095742429,19.45613704887655,0],[78.27043943460363,19.456155143858393,0],[78.19506524461526,19.40675371697493,0],[78.17619001952588,19.412262465767167,0],[78.18767298801099,19.39459295034051,0],[78.17214822758821,19.349298865102455,0],[78.19373885314411,19.31488612571829,0],[78.17532099617266,19.237578550117956,0],[78.14454691125309,19.229400732031834,0],[78.11703804364804,19.248637272514692,0],[78.0891496252096,19.23936818921789,0],[78.07909687597353,19.254834328455033,0],[78.05567524907696,19.23712171172232,0],[78.04161357724128,19.243428142210476,0],[78.04250627410606,19.270603767116118,0],[77.9451218980345,19.34245296943762,0],[77.86345878365593,19.304196348209818,0],[77.86557552014644,19.283821549787614,0],[77.90756357478179,19.268228379074994,0],[77.87140505514245,19.25502036914571,0],[77.84772102291915,19.189594953679205,0],[77.86049421300599,19.180354254607654,0],[77.83406293140412,19.134308249717343,0],[77.85039502620205,19.088556895098197,0],[77.809934258313,19.104733974100583,0],[77.80034943311612,19.05112157171786,0],[77.76481199057818,19.062655286412557,0],[77.76199629618495,19.031852645657573,0],[77.77149715594321,18.979159066370602,0],[77.82175777593501,18.978507767036373,0],[77.81924931764321,18.94585994068967,0],[77.858591644031,18.94911097679295,0],[77.84325423222454,18.908693375431536,0],[77.8853844487807,18.904200157939208,0],[77.90323203949458,18.866625519477928,0],[77.93006076600457,18.858726335024627,0],[77.94853606345063,18.829836471664972,0],[77.83995480264771,18.80482151193462,0],[77.78728825198249,18.682639975552995,0],[77.76815202528995,18.70585935775031,0],[77.75350376565859,18.70099198210321,0],[77.72997424724697,18.666936908438934,0],[77.75034273783642,18.589215471542,0],[77.73849960730972,18.55678870935454,0],[77.6558604002904,18.53089895133,0],[77.64791314787225,18.554931356048968,0],[77.5963694221154,18.548941380658047,0],[77.58590690075313,18.503996131884882,0],[77.60470685344573,18.496366809279216,0],[77.6031260550623,18.47684752440811,0],[77.57636930143421,18.486784646738183,0],[77.57286101931965,18.469814926196527,0],[77.548563405339,18.46858131114255,0],[77.58529734099561,18.44679230495409,0],[77.52751602175817,18.442111241059926,0],[77.5567560639847,18.41714334005582,0],[77.5223411842831,18.346467110141926,0],[77.57139614369704,18.30882914542036,0],[77.55126227286877,18.291693180007563,0],[77.51253648050464,18.30955828045243,0],[77.51155752423212,18.28204933922022,0],[77.46503748299047,18.262536027917907,0],[77.44757803889297,18.269995222066907,0],[77.43766476208843,18.31031382214438,0],[77.36578968361962,18.30712476275559,0],[77.35672435923047,18.32020207380772,0],[77.40014855979064,18.347446443130032,0],[77.39486983063091,18.36845465803098,0],[77.41409431002194,18.393107539601175,0],[77.37283283513611,18.401102708659458,0],[77.36563593089423,18.451564090412756,0],[77.33411444219826,18.422076196906747,0],[77.31616409866355,18.422135750407012,0],[77.31496517012614,18.44275161132464,0],[77.24176795733487,18.41260713126933,0],[77.23368514549382,18.388200596137587,0],[77.24639102861374,18.370765612726,0],[77.22583090869831,18.365219965827666,0],[77.2190671884373,18.325730498048333,0],[77.19871246634943,18.315452184072925,0],[77.2130133264022,18.28032030383044,0],[77.17481189253554,18.28486178874631,0],[77.15152194723417,18.21704488264286,0],[77.09759872993148,18.196723570260954,0],[77.11154309459542,18.155833479968777,0],[77.06395800255261,18.150652083527696,0],[77.03317774404091,18.181992785130674,0],[77.02330396366986,18.158509523074965,0],[77.00111405570085,18.160899453728945,0],[76.99060911452784,18.189987793638192,0],[76.95193446854316,18.188099338804715,0],[76.92049956199077,18.11818282374469,0],[76.96634972639994,18.098201176015966,0],[76.94521382755839,18.083200776895346,0],[76.95230517436434,18.040219260800427,0],[76.91431527847463,18.035361158029485,0],[76.90564382134653,18.00970960028447,0],[76.91898117335784,17.91595377656524,0],[76.90126471671692,17.917242290709844,0],[76.88426795423932,17.89429289713018,0],[76.83972490898584,17.899374231122476,0],[76.8102157120517,17.887041353564154,0],[76.80666940428074,17.870575240486147,0],[76.77504962289564,17.877712932536326,0],[76.76816082558383,17.901152134356977,0],[76.73997194119018,17.899701159096765,0],[76.73848209813484,17.856681603876176,0],[76.76749953162874,17.852127361942674,0],[76.79039367437097,17.8263341098549,0],[76.76203848097681,17.787017029033162,0],[76.714091360082,17.78094002430609,0],[76.72827082433025,17.73756074332356,0],[76.69964593420387,17.727249098819883,0],[76.69083990552251,17.681004800040398,0],[76.66418880486349,17.687560216834026,0],[76.61533111890355,17.770396479827014,0],[76.58219995036362,17.705270301112517,0],[76.57029543869787,17.70540567912835,0],[76.57270774264545,17.760539543749804,0],[76.52327570557321,17.75979729460508,0],[76.52390216299928,17.71515206735492,0],[76.48722764489011,17.714763621386183,0],[76.48974872422627,17.660499210271155,0],[76.4291913507653,17.64495339606334,0],[76.41968493161421,17.603710071625727,0],[76.33128653621506,17.59741857008818,0],[76.34069251565009,17.542474571834937,0],[76.36274038135039,17.537372596252645,0],[76.36721912621356,17.519452912284525,0],[76.34657184981877,17.51257942023916,0],[76.3457645765577,17.492529839698403,0],[76.37551612686414,17.490219880131825,0],[76.33068729928183,17.470193578765056,0],[76.33326247131217,17.433901018518153,0],[76.37151040095765,17.43642362392162,0],[76.3634265446506,17.37766806477277,0],[76.4091205415936,17.371387755746994,0],[76.41218865804058,17.351067743812305,0],[76.38315992367305,17.314525717534043,0],[76.35401167796326,17.31431645858301,0],[76.34529924235329,17.35444812311065,0],[76.31434413241065,17.34838984758995,0],[76.31766342717262,17.332375663656578,0],[76.27636043556949,17.334574176254893,0],[76.27200913616971,17.360591867658684,0],[76.25072752541041,17.360432779796508,0],[76.24208711709268,17.378837116444327,0],[76.17031474878421,17.352624210748687,0],[76.17631499092651,17.300787458550744,0],[76.16261784682771,17.34522010011129,0],[76.11895334555386,17.3705042906816,0],[76.07913002648559,17.331602428491006,0],[76.06053521607383,17.355307741753577,0],[76.01433236419842,17.35353328405994,0],[75.93081941756228,17.322572751569016,0],[75.89058185686459,17.35652229906653,0],[75.88418844284888,17.417959582228168,0],[75.8608781353184,17.38559497529853,0],[75.85108406334663,17.41052526948631,0],[75.82144066005165,17.421222633438166,0],[75.81366013568535,17.372759995523005,0],[75.79294053266608,17.369697405315485,0],[75.73359475575027,17.420093012299514,0],[75.6907294189067,17.40947357949594,0],[75.67587588916683,17.45594314893272,0],[75.63297968032826,17.4772144248216,0],[75.60660106888822,17.420372382159776,0],[75.6135163078392,17.391915138485448,0],[75.57414260690426,17.383299150969513,0],[75.58084537066247,17.351223008418827,0],[75.61002516829052,17.345040313338878,0],[75.60373432591538,17.30550335537936,0],[75.65771605219102,17.263207729583755,0],[75.66191164739169,17.214577575107455,0],[75.62537655371713,17.17400031904868,0],[75.6503469434203,17.11569233525124,0],[75.67228865061014,17.115995838830553,0],[75.67671537207127,17.06541586599799,0],[75.64099845053468,17.03758144737538,0],[75.66969398973228,17.038160278813386,0],[75.67032095799708,16.962051968960026,0],[75.64475709330517,16.95407880124647,0],[75.63393196771591,16.97025916245381,0],[75.60786302980082,16.970997075937415,0],[75.60688752270026,17.00456581533971,0],[75.57309716202593,17.009606460159528,0],[75.56765208586155,16.96574587286566,0],[75.52931415993646,16.96939982867423,0],[75.48907765897383,16.944422722652206,0],[75.46555223206789,16.988365009899145,0],[75.42787797625371,16.96649455259113,0],[75.39213506510168,16.980090668294075,0],[75.35005086461487,16.95781647280973,0],[75.27960265609993,16.956556358501718,0],[75.28202992495272,16.88029047648855,0],[75.26471971792044,16.862799814864502,0],[75.23766094201224,16.86794085127427,0],[75.21420223843339,16.84169921605015,0],[75.1818474893659,16.84340231732681,0],[75.18898739984249,16.875280257240284,0],[75.13648321186113,16.874487897526414,0],[75.11748241444224,16.913444669113133,0],[75.09630858521491,16.913743264813043,0],[75.08933369997567,16.95158216015709,0],[75.02523483967842,16.928002337213897,0],[75.02658570255244,16.944136297799865,0],[74.99290892777563,16.952070429809794,0],[74.96435506351163,16.947633234110235,0],[74.9645443823122,16.926776346975142,0],[74.93170715757086,16.9447552089243,0],[74.92177566053029,16.929861659846974,0],[74.9635785539934,16.909711327083254,0],[74.96036076715126,16.880947233556153,0],[74.90151566246004,16.862550215846515,0],[74.92014360852947,16.772499202137922,0],[74.849820434773,16.772755603123642,0],[74.7719695844538,16.750682255274285,0],[74.73209174467391,16.718324017032614,0],[74.69101948805587,16.71554155029834,0],[74.68955034601989,16.67702566116829,0],[74.65347815143228,16.63882945111051,0],[74.68698181900493,16.60678801014561,0],[74.64001367508473,16.610453803786747,0],[74.62863325300572,16.577731931475668,0],[74.56853673854863,16.553868713548283,0],[74.55484612547035,16.564511924919486,0],[74.56689424753424,16.585388588968442,0],[74.54349270234276,16.595318582946458,0],[74.54448899559362,16.635468675328347,0],[74.48903382785032,16.63014483538907,0],[74.46874253100685,16.66380297978508,0],[74.45478238469134,16.64729547929441,0],[74.46671146006058,16.606822362718358,0],[74.39662592659639,16.5832675181963,0],[74.37983255979674,16.528592265020176,0],[74.35792549078357,16.538342024108648,0],[74.35624656084485,16.559747326683677,0],[74.3157134070923,16.554454677652792,0],[74.30614265031743,16.503692898630675,0],[74.30165132705511,16.52902012824078,0],[74.28313833078738,16.52458927946429,0],[74.27054415666227,16.54796389429684,0],[74.27801196743111,16.504455327409616,0],[74.24737277532068,16.496913200761487,0],[74.26077014758341,16.480096595599345,0],[74.2908950072999,16.50490207551119,0],[74.28927516797073,16.462970503776905,0],[74.33259155862481,16.454758760282385,0],[74.3350543440837,16.40140737901087,0],[74.3636943097465,16.405091321274185,0],[74.35340990742404,16.366418743038896,0],[74.33586937991612,16.39374156813575,0],[74.31719263492727,16.381003744521188,0],[74.32703463266898,16.342509469014512,0],[74.31660662995539,16.326561546636054,0],[74.34254818772196,16.29802733814872,0],[74.32082574272003,16.28447545276132,0],[74.32493375931116,16.271756260832962,0],[74.35046026515984,16.27536673536262,0],[74.34559691558019,16.29376251286125,0],[74.41439483521533,16.282651091262036,0],[74.4176107229779,16.258000652659312,0],[74.46862055008148,16.24018543093198,0],[74.480479513464,16.250125657448855,0],[74.50310188322194,16.22540569460921,0],[74.50706695837745,16.191599619439106,0],[74.47983240336742,16.147125071397348,0],[74.48289974252373,16.090111165410427,0],[74.42761928501935,16.11196505135324,0],[74.37221852401208,16.078210304215965,0],[74.36132818925478,16.053835894535496,0],[74.37733522557487,16.05512048681791,0],[74.36904879062793,16.0392199314343,0],[74.38099126362877,16.035483277001426,0],[74.42969441247607,16.059151456102136,0],[74.4632268186714,16.042835828661104,0],[74.4308304243295,15.956582434031231,0],[74.38686531560687,15.904981268307475,0],[74.40617067997027,15.855376466346542,0],[74.38814029486285,15.854252569996547,0],[74.36861485484376,15.894359620910596,0],[74.3382090127758,15.854918742469447,0],[74.38308536430995,15.849104937044238,0],[74.36034758261162,15.816859862840895,0],[74.36749294997396,15.78581694593679,0],[74.28573580063573,15.741591364186895,0],[74.26831881883555,15.754736722542413,0],[74.23821989217547,15.74406115088082,0],[74.23350130669498,15.786994514440348,0],[74.20896721590368,15.781269107499854,0],[74.2014333710755,15.758620707337462,0],[74.16155659535116,15.751294459902347,0],[74.12216561793005,15.720731146230806,0],[74.12577089556714,15.68096717386703,0],[74.08809647005297,15.672472900874292,0],[74.11388550584547,15.646127430377081,0],[74.03115607815306,15.622611329130711,0],[74.02079718889013,15.606085184480476,0],[73.99051556148444,15.612231215730489,0],[73.96176522845802,15.641684577684146,0],[73.96376046616317,15.692321784714242,0],[73.94369516825448,15.696936473276622,0],[73.95233054886582,15.714401946582196,0],[73.93872529327608,15.743332259806534,0],[73.87569505273379,15.751283051553042,0],[73.8800888365834,15.774320947726364,0],[73.85626694176719,15.80097838716335,0],[73.82095490540912,15.739855167711045,0],[73.78497403973562,15.726125249592657,0],[73.74283615900367,15.736574932107622,0],[73.67687902957394,15.725892327920313,0],[73.64986204595287,15.744899963118147,0],[73.65761437496197,15.7470653183535,0],[73.66435422291049,15.7531018545564,0],[73.65625801808358,15.795760403333658,0],[73.58872356977436,15.908031067675687,0],[73.51010881932145,15.94045978744057,0],[73.48436094422638,16.03371254569734,0],[73.46721627014037,16.053727765839454,0],[73.45642784982932,16.052679264808646,0],[73.4649036310074,16.066976800412125,0],[73.46474999127965,16.076162078834457,0],[73.45816691340478,16.08603496044719,0],[73.46492054987692,16.086936990157266,0],[73.43964352884817,16.191333496402645,0],[73.38668038271028,16.358423621570868,0],[73.36892009237548,16.362925641869644,0],[73.35866967020661,16.44166044876649,0],[73.31087063590198,16.54143945757569,0],[73.34525135626056,16.572583951362237,0],[73.31742066184128,16.601666994334156,0],[73.35519457553598,16.618950630522832,0],[73.33045054967066,16.61985885187067,0],[73.3391063170518,16.637805438346714,0],[73.32301832281524,16.638616683028282,0],[73.32971591035307,16.6873948912812,0],[73.30538960092478,16.730277129456056,0],[73.30444198882238,16.765871818607057,0],[73.3191381124357,16.795338389088553,0],[73.28913856723291,16.844292136123396,0],[73.28743007909401,16.880895917836035,0],[73.30300254990068,16.89141053276748,0],[73.27857608472885,16.8930367166919,0],[73.29971793557071,16.981884014496814,0],[73.27928005690099,16.993400051272285,0],[73.27123598944306,16.98509218373903,0],[73.28405330033584,17.011096228193598,0],[73.25536795360067,17.027712700900143,0],[73.25821254838993,17.048774978064433,0],[73.27703102115548,17.036300758539674,0],[73.28670819987465,17.054251232928046,0],[73.28247406466107,17.10720307660355,0],[73.26764734753571,17.114743592694197,0],[73.25289690575133,17.189390410651367,0],[73.23162620474139,17.1991438019718,0],[73.24695694227334,17.2049027577404,0],[73.24341448750816,17.22516243061746,0],[73.19063850518101,17.299308883164123,0],[73.22265123036745,17.306325116725855,0],[73.22924747933396,17.282477703915955,0],[73.25877070709026,17.286030133730726,0],[73.23555637841618,17.288107997426707,0],[73.23876281028758,17.317041471435733,0],[73.21890237105447,17.32855015309466,0],[73.21989955984574,17.333104935363018,0],[73.22925690977303,17.333981999598866,0],[73.22944738200155,17.33516118274077,0],[73.2055811315619,17.38733029048666,0],[73.18333128689221,17.384076696210354,0],[73.16769643293622,17.403052709297288,0],[73.1986512903594,17.43908560312878,0],[73.18452756789692,17.44313818122779,0],[73.19218043706515,17.46995737362185,0],[73.17392559260318,17.516907269266838,0],[73.1376023042418,17.554174680040934,0],[73.1526472450597,17.59937446127941,0],[73.11362784584259,17.689813450328135,0],[73.13515862104474,17.71610474222673,0],[73.12588905419946,17.752846207256678,0],[73.11081033122277,17.790186905972057,0],[73.10659325052427,17.793018650587292,0],[73.10314949717959,17.802982060060387,0],[73.0985845159039,17.80821928301095,0],[73.08935798019385,17.812340519317527,0],[73.07500240440204,17.882525679766736,0],[73.03080605150369,17.942814537427576,0],[73.03367106366095,17.98650496326267,0]],[[74.29116737399276,15.832137855570316,0],[74.2616613379067,15.829591049307325,0],[74.26647480081083,15.797795486795534,0],[74.3094356219276,15.791184873924545,0],[74.29116737399276,15.832137855570316,0]],[[77.27342333062514,18.474560905930076,0],[77.26747356653343,18.45461269616001,0],[77.29952866344735,18.464879610529543,0],[77.29628993786856,18.47710157315115,0],[77.27342333062514,18.474560905930076,0]]],[[[72.81234829968592,18.705888399657432,0],[72.81492440021624,18.70337630004752,0],[72.81313650029823,18.70249269991467,0],[72.81234829968592,18.705888399657432,0]]],[[[72.84134689960976,18.70571109954139,0],[72.84276770021087,18.707807200211654,0],[72.84150470006578,18.70558490035874,0],[72.84134689960976,18.70571109954139,0]]],[[[72.8996969306853,18.83202069229559,0],[72.8995546493476,18.829905635000646,0],[72.89832850090202,18.83140926460542,0],[72.8996969306853,18.83202069229559,0]]],[[[72.89716430010681,18.834204999852545,0],[72.8965398004746,18.833523099590874,0],[72.89644040016418,18.834397399858847,0],[72.89716430010681,18.834204999852545,0]]],[[[72.82771320041365,18.901985900188695,0],[72.82671669959387,18.90185160035738,0],[72.82783720007518,18.903003500333742,0],[72.82771320041365,18.901985900188695,0]]],[[[72.84739210033288,18.91909500038243,0],[72.84829680031432,18.91835629961306,0],[72.84726759962888,18.918422700392384,0],[72.84739210033288,18.91909500038243,0]]],[[[72.85126629967455,18.948576299676407,0],[72.85203820003275,18.94748899991792,0],[72.85126629974691,18.94758030007499,0],[72.85126629967455,18.948576299676407,0]]],[[[72.8998906999446,18.961504900287544,0],[72.90618490022136,18.95940809985124,0],[72.9027869001779,18.956904699812593,0],[72.8998906999446,18.961504900287544,0]]],[[[72.92498349976677,18.962557399540017,0],[72.94248940008491,18.96664189992469,0],[72.93403539992475,18.95272060015109,0],[72.92498349976677,18.962557399540017,0]]],[[[72.8108315051644,19.079799822561505,0],[72.80744807606833,19.074510070488476,0],[72.80887987411619,19.079243445217127,0],[72.8108315051644,19.079799822561505,0]]],[[[72.77446037048684,19.134058188408652,0],[72.77346965995893,19.132874990003792,0],[72.7729792490722,19.133502385176328,0],[72.77446037048684,19.134058188408652,0]]],[[[72.7829072999664,19.133134100278482,0],[72.7811137000069,19.134809999620128,0],[72.78294179992119,19.134685599767785,0],[72.7829072999664,19.133134100278482,0]]],[[[72.76650225234492,19.239457405318387,0],[72.76741914345673,19.24224520744824,0],[72.76799794729916,19.24195281045332,0],[72.76650225234492,19.239457405318387,0]]],[[[72.75795959988213,19.26710240027354,0],[72.75867510008347,19.26722400025081,0],[72.75809100030233,19.266679200427912,0],[72.75795959988213,19.26710240027354,0]]],[[[72.76378209972783,19.284802299567758,0],[72.76436800032096,19.284564699559393,0],[72.7634508999485,19.284174299718266,0],[72.76378209972783,19.284802299567758,0]]],[[[72.76945323942901,19.309482018976347,0],[72.77054797168854,19.30931060796509,0],[72.77032981679405,19.308862844363215,0],[72.76945323942901,19.309482018976347,0]]],[[[72.77179832643782,19.309006784313258,0],[72.77278730870755,19.310714441637245,0],[72.77245235419613,19.308333217149567,0],[72.77179832643782,19.309006784313258,0]]],[[[72.79494838739903,19.320459736075655,0],[72.79241239348907,19.321559775971668,0],[72.79510004563504,19.320906040161667,0],[72.79494838739903,19.320459736075655,0]]],[[[72.76252490045255,19.335726599774826,0],[72.76341389960938,19.335522900004612,0],[72.76267820045888,19.335173600383424,0],[72.76252490045255,19.335726599774826,0]]],[[[72.75611938596857,19.345469269566628,0],[72.75467470747611,19.34632963560592,0],[72.75714453295029,19.349696634880644,0],[72.75611938596857,19.345469269566628,0]]],[[[72.72827690003761,19.467160300417092,0],[72.73646900045577,19.465674600171624,0],[72.73353080002484,19.459109299903453,0],[72.72827690003761,19.467160300417092,0]]],[[[73.45927739995236,15.886938400328036,0],[73.4585368996793,15.887365399594541,0],[73.45887410025514,15.887633199922924,0],[73.45927739995236,15.886938400328036,0]]],[[[73.45779900024453,15.887150599638078,0],[73.45796479986012,15.887471699673412,0],[73.457957899655,15.887158200311715,0],[73.45779900024453,15.887150599638078,0]]],[[[73.46308419966284,15.88973579962026,0],[73.46360710041235,15.88696360042529,0],[73.46196540022916,15.88990229997463,0],[73.46308419966284,15.88973579962026,0]]],[[[73.45666660016228,15.887996499567354,0],[73.45496679962945,15.888905800389356,0],[73.45530450045692,15.889809499890475,0],[73.45666660016228,15.887996499567354,0]]],[[[73.46563069990196,15.894716199712487,0],[73.46517009986007,15.895444499807915,0],[73.46529830035547,15.895733599683899,0],[73.46563069990196,15.894716199712487,0]]],[[[73.46568880041869,15.898538300291149,0],[73.46522730027266,15.899157000462335,0],[73.4649759997498,15.899599900113136,0],[73.46562910027497,15.899418200015276,0],[73.46568880041869,15.898538300291149,0]]],[[[73.46637929996409,15.92516019974209,0],[73.46558250012771,15.92506889969223,0],[73.46588129989051,15.925732899818229,0],[73.46637929996409,15.92516019974209,0]]],[[[73.46341620036262,15.9297750002842,0],[73.46264430033034,15.930414100135856,0],[73.46281860039896,15.930613299921392,0],[73.46341620036262,15.9297750002842,0]]],[[[73.46300590001337,15.93142099961825,0],[73.46296079955077,15.931487900019757,0],[73.46303879970093,15.93146819989424,0],[73.46300590001337,15.93142099961825,0]]],[[[73.46338300017771,15.932812800310693,0],[73.46359880015852,15.931576100425177,0],[73.46289330033984,15.932547200425569,0],[73.46338300017771,15.932812800310693,0]]],[[[73.4592266999015,15.985859899726014,0],[73.45869990027659,15.98515999965364,0],[73.45841319964079,15.98545329970136,0],[73.4592266999015,15.985859899726014,0]]],[[[73.45932679986986,15.986506499706449,0],[73.45986690033504,15.98636649961564,0],[73.45958680014294,15.98617319993046,0],[73.45932679986986,15.986506499706449,0]]],[[[73.46114730023557,15.986799700073558,0],[73.46030039976252,15.986506499663259,0],[73.46066049992402,15.987159700125204,0],[73.46114730023557,15.986799700073558,0]]],[[[73.45847979986785,15.987019699539108,0],[73.45896000037398,15.986679799865234,0],[73.4585265004124,15.986586400193108,0],[73.45847979986785,15.987019699539108,0]]],[[[73.45626160020127,15.98758449966291,0],[73.45656870001885,15.98758450042491,0],[73.4563362999237,15.987293999861736,0],[73.45626160020127,15.98758449966291,0]]],[[[73.46327929998363,15.989206699677222,0],[73.46349269999259,15.988693500086601,0],[73.46307260039057,15.988786799808004,0],[73.46327929998363,15.989206699677222,0]]],[[[73.4641861995427,15.991021200289346,0],[73.46475980040967,15.990841300319238,0],[73.46431959966343,15.990708000342837,0],[73.4641861995427,15.991021200289346,0]]],[[[73.46448965931134,15.992179222080125,0],[73.46407588253422,15.992321048768698,0],[73.46477891952006,15.992939095447294,0],[73.46448965931134,15.992179222080125,0]]],[[[73.45651640033721,15.993666300273695,0],[73.456939599694,15.993386200410837,0],[73.45650539989472,15.993380700201968,0],[73.45651640033721,15.993666300273695,0]]],[[[73.45730229968247,15.99402340005334,0],[73.45787380040231,15.99340270046098,0],[73.45734630046917,15.993550999906288,0],[73.45730229968247,15.99402340005334,0]]],[[[73.45513149983711,15.993918999956351,0],[73.45552720004231,15.993583900150696,0],[73.45513150013306,15.99355649983177,0],[73.45513149983711,15.993918999956351,0]]],[[[73.45590089997135,15.993896999767523,0],[73.4563020996912,15.993583899758432,0],[73.45589539989138,15.993562000127811,0],[73.45590089997135,15.993896999767523,0]]],[[[73.45479629983815,15.99438039986946,0],[73.45499410013902,15.993913499869446,0],[73.4546973003755,15.994023399588153,0],[73.45479629983815,15.99438039986946,0]]],[[[73.45794428637367,15.994887483293533,0],[73.45814317009066,15.994502371086147,0],[73.45785246039064,15.994555957136207,0],[73.45794428637367,15.994887483293533,0]]],[[[73.46015639955402,16.023433899741523,0],[73.4601958996061,16.023823699586877,0],[73.46026959987319,16.023408700282854,0],[73.46015639955402,16.023433899741523,0]]],[[[73.45700860018218,16.041227400179544,0],[73.46158190040501,16.04012350045624,0],[73.46036180004705,16.038969799599798,0],[73.45700860018218,16.041227400179544,0]]],[[[73.46460669956784,16.047065000374275,0],[73.46486209966785,16.046086199889892,0],[73.4642002999492,16.046417100340413,0],[73.46460669956784,16.047065000374275,0]]],[[[73.46116889956251,16.051825299572666,0],[73.46155949962134,16.051306500111338,0],[73.46133330002765,16.05130139992183,0],[73.46116889956251,16.051825299572666,0]]],[[[73.46361400625494,16.074004200098194,0],[73.4635935549496,16.073624475031686,0],[73.46341915085226,16.073817530396937,0],[73.46361400625494,16.074004200098194,0]]],[[[73.46372283394983,16.074438785612966,0],[73.46399610588938,16.07415154454848,0],[73.46361220133763,16.074239164299513,0],[73.46372283394983,16.074438785612966,0]]],[[[73.45778879983268,16.087549699648903,0],[73.45768919975686,16.08812240011339,0],[73.45827019952164,16.089218000407918,0],[73.45778879983268,16.087549699648903,0]]],[[[73.44476609984295,16.09853890043988,0],[73.44401080018717,16.09903690042788,0],[73.44415189965477,16.09926930019965,0],[73.44476609984295,16.09853890043988,0]]],[[[73.44406059995377,16.099800500451934,0],[73.44235910020224,16.10238180016234,0],[73.44289030014707,16.102730400116453,0],[73.44406059995377,16.099800500451934,0]]],[[[73.44180300024998,16.103045799616666,0],[73.44163700019188,16.10419120029284,0],[73.44195239953076,16.10302920039345,0],[73.44180300024998,16.103045799616666,0]]],[[[73.67108960036688,15.72870510019444,0],[73.67107390033793,15.72899589963044,0],[73.67123080043079,15.728993300335018,0],[73.67108960036688,15.72870510019444,0]]],[[[73.64847300014641,15.730918900015602,0],[73.64846220009953,15.731319099645585,0],[73.64864420035669,15.731261299989832,0],[73.64847300014641,15.730918900015602,0]]],[[[73.64982500044702,15.746624999811646,0],[73.65009499996134,15.74561499992768,0],[73.64902000014513,15.746044999738814,0],[73.64982500044702,15.746624999811646,0]]],[[[73.65241349957542,15.745925499558462,0],[73.65303190014373,15.74651669998237,0],[73.65340160011156,15.746160600456884,0],[73.65241349957542,15.745925499558462,0]]],[[[73.64262589958885,15.747326300367511,0],[73.64307300016566,15.747084399891248,0],[73.64284439962188,15.747010500254325,0],[73.64262589958885,15.747326300367511,0]]],[[[73.65383999967051,15.748434999638734,0],[73.65358500021509,15.748369999863977,0],[73.65331999986977,15.748725000178455,0],[73.65383999967051,15.748434999638734,0]]],[[[73.46680739557364,15.893685391582693,0],[73.46690822562212,15.894527609851432,0],[73.46718610452714,15.893904441034817,0],[73.46680739557364,15.893685391582693,0]]],[[[73.46614704688865,15.895287313213856,0],[73.46637740527264,15.895698085944169,0],[73.46658655950255,15.895258980443492,0],[73.46614704688865,15.895287313213856,0]]],[[[73.466749299869,15.898170699603716,0],[73.46681169999769,15.89858359999018,0],[73.46709339968739,15.898162300297537,0],[73.466749299869,15.898170699603716,0]]],[[[73.47184400018664,15.904868000271536,0],[73.47202800000808,15.904683999933381,0],[73.4717980000558,15.904729999789245,0],[73.47184400018664,15.904868000271536,0]]],[[[73.4666919997183,15.904798999735645,0],[73.46722099992706,15.905029000432284,0],[73.46687600014178,15.90459200022452,0],[73.4666919997183,15.904798999735645,0]]],[[[73.57887749964424,15.909830099935647,0],[73.5787779002821,15.910153800035093,0],[73.57910159954439,15.909954600178486,0],[73.57887749964424,15.909830099935647,0]]],[[[73.47241900017285,15.91427500024485,0],[73.47313200009835,15.914527999713744,0],[73.47246499951719,15.91404500033798,0],[73.47241900017285,15.91427500024485,0]]],[[[73.46642040027457,15.926162900001504,0],[73.46633880024123,15.926859199618706,0],[73.46672540029894,15.926252199767797,0],[73.46642040027457,15.926162900001504,0]]],[[[73.47899347350527,15.970758139885357,0],[73.47934802767371,15.970533889948554,0],[73.4790119690158,15.970523471553502,0],[73.47899347350527,15.970758139885357,0]]],[[[73.47949528308563,15.970902494098194,0],[73.47997887307444,15.971765125757742,0],[73.47956164105483,15.97084945963151,0],[73.47949528308563,15.970902494098194,0]]],[[[73.47958459958443,15.971482499871637,0],[73.47904509963128,15.97211329982337,0],[73.47940199989365,15.972478500348084,0],[73.47958459958443,15.971482499871637,0]]],[[[73.4755470001056,15.990979999754517,0],[73.4759839998352,15.991601000144806,0],[73.47616800025646,15.991209999957878,0],[73.4755470001056,15.990979999754517,0]]],[[[73.47086440043047,15.993635500361753,0],[73.47161129985143,15.993442199886172,0],[73.47113779957488,15.9931556001258,0],[73.47086440043047,15.993635500361753,0]]],[[[73.47197140041975,15.994208799641683,0],[73.4722314999645,15.993855499652541,0],[73.47194470004274,15.993842199549755,0],[73.47197140041975,15.994208799641683,0]]],[[[73.4705310001371,15.994415400204975,0],[73.47099779976853,15.994122099869063,0],[73.47058430045159,15.993968800083318,0],[73.4705310001371,15.994415400204975,0]]],[[[73.46977739992879,15.994262099982615,0],[73.4702975996698,15.994122099906257,0],[73.46991079952538,15.993962100139669,0],[73.46977739992879,15.994262099982615,0]]],[[[73.47098440003576,15.995081900309389,0],[73.47121119996741,15.994562000107381,0],[73.47082440013904,15.994735300122695,0],[73.47098440003576,15.995081900309389,0]]],[[[73.4716313003791,15.99500859960641,0],[73.4718713996712,15.994675299763552,0],[73.47153130008537,15.994755299867064,0],[73.4716313003791,15.99500859960641,0]]],[[[73.47001749957465,15.995788500156529,0],[73.46973740029881,15.995015300341988,0],[73.4696907001638,15.995695100422935,0],[73.47001749957465,15.995788500156529,0]]],[[[73.47105109960765,15.99575509974007,0],[73.47129119964383,15.99541520027484,0],[73.4709644003925,15.995488500470014,0],[73.47105109960765,15.99575509974007,0]]],[[[73.46971740031495,15.997068199755137,0],[73.4699640998052,15.996708300302021,0],[73.46963070002975,15.996794900122252,0],[73.46971740031495,15.997068199755137,0]]],[[[73.471376174712,15.99736251620578,0],[73.47140216772416,15.998208084777756,0],[73.47167393440964,15.997426542232642,0],[73.471376174712,15.99736251620578,0]]]]},"id":21},{"type":"Feature","properties":{"state":"MANIPUR","id":22},"geometry":{"type":"Polygon","coordinates":[[[93.7593915289839,24.00366361477215,0],[93.62335428993974,24.010919161369607,0],[93.59165772044082,23.96059050486828,0],[93.55977306662811,23.98207125457439,0],[93.55010773216843,23.95916092836425,0],[93.50476027501382,23.9421866861003,0],[93.46350492220216,23.973374188313958,0],[93.41694640487734,24.071407442217648,0],[93.34882395732592,24.104740321310263,0],[93.35380679833226,24.09053351660883,0],[93.32854753043213,24.08115267030451,0],[93.33211983751079,24.053132701747305,0],[93.28720023635798,24.05265905412897,0],[93.25365294853053,24.02123327365518,0],[93.2634082901572,24.058378053906708,0],[93.24942156246237,24.08076141157742,0],[93.22043535902887,24.083581204652138,0],[93.20995872833934,24.048372833071387,0],[93.16728895233128,24.05170761481613,0],[93.16583477334493,24.073770678633103,0],[93.14048700345873,24.08809281560327,0],[93.09945455264463,24.043368189188385,0],[93.07854718451465,24.101850720622103,0],[93.04660138367693,24.090133715357776,0],[92.97260852002717,24.112737445369977,0],[93.00603181311398,24.16196337315425,0],[92.99924321560455,24.19664817449994,0],[93.01481028870651,24.199913124588978,0],[93.02391961932238,24.233611132874092,0],[93.00722799793716,24.249131437363,0],[93.00706470471701,24.282764637729816,0],[93.04054144320322,24.34198302903776,0],[93.01806207848075,24.34975509057287,0],[93.02502901588592,24.392026389432516,0],[93.00886331444603,24.412401784144777,0],[93.0430885216172,24.416504841375055,0],[93.03292386001183,24.428750438201895,0],[93.04636632104628,24.473565253037023,0],[93.03255519663041,24.49529743595537,0],[93.04999425416223,24.544207525022323,0],[93.0708090121681,24.55804752281295,0],[93.05828421018359,24.57405847364546,0],[93.10436159583067,24.582382014922917,0],[93.07115128138572,24.600642291343178,0],[93.10415429958374,24.67415667783069,0],[93.07354683962262,24.70780570835592,0],[93.10776046557892,24.741441484085826,0],[93.10942868055643,24.811475012200255,0],[93.13856740206762,24.80999451102263,0],[93.14946257348132,24.787373868390944,0],[93.19695398009237,24.811358871283364,0],[93.19482668421468,24.85384930076149,0],[93.22644489700195,24.872834416815056,0],[93.23519752045293,24.911408227606447,0],[93.2488367729591,24.914846025357416,0],[93.2368145856961,24.937163003153874,0],[93.26176167466275,24.96273316245054,0],[93.24941795556748,24.972558729732505,0],[93.25977993625969,25.001591232351803,0],[93.24438807522067,24.998088318729835,0],[93.2438827941639,25.0182860808101,0],[93.2642049487426,25.0493618654614,0],[93.2999572470306,25.046039354257037,0],[93.34133202623686,25.11358914661042,0],[93.34587005495257,25.16980838461145,0],[93.38111859096202,25.23962861026863,0],[93.42752374433694,25.283240724656892,0],[93.47065151404296,25.305080889899486,0],[93.47145077854488,25.27185107704297,0],[93.50641506360444,25.269319453834928,0],[93.50104837994185,25.24253244859656,0],[93.552600936234,25.247383780192436,0],[93.58818704165635,25.20105560068625,0],[93.61034523276969,25.203573149979395,0],[93.68689521064874,25.36039208055774,0],[93.70995686275862,25.35753174666659,0],[93.80514215083679,25.46397420402564,0],[93.8002905518557,25.496886046199762,0],[93.76123341914663,25.495900747877624,0],[93.76535516809585,25.538069344923862,0],[93.88794354343227,25.565355187714943,0],[93.96025948507302,25.550550767047266,0],[94.00747284212814,25.567158502314637,0],[94.01288460573436,25.59223987390142,0],[94.06719485465915,25.552120643372934,0],[94.0849747620885,25.554327778362094,0],[94.0848146258497,25.530212804164492,0],[94.1372692001723,25.518047133764224,0],[94.15675625993705,25.55153004706253,0],[94.19208612584792,25.548413741381786,0],[94.18642599665594,25.523679551369597,0],[94.20849552159346,25.496179038633496,0],[94.28472552935379,25.507998429195684,0],[94.2976938926405,25.484708745005907,0],[94.41653644400358,25.536483674389768,0],[94.42523227768702,25.586792655826557,0],[94.46856060848587,25.61418867802186,0],[94.50513614604958,25.613640103309056,0],[94.5700088917359,25.691463811443768,0],[94.59507562089459,25.68516968308735,0],[94.57233439720129,25.641286616741723,0],[94.58901268067136,25.640585253018873,0],[94.59357888406535,25.635231051279092,0],[94.55120620767323,25.58000486280855,0],[94.56683808889093,25.54885435899094,0],[94.55387726241372,25.503881471762572,0],[94.61602618036648,25.46258980976201,0],[94.67536613464682,25.445816631768736,0],[94.6670982076206,25.414644399219252,0],[94.63460245834104,25.395006474763385,0],[94.6345530909656,25.357923015826657,0],[94.58479409022674,25.26654444597387,0],[94.57564007041104,25.2141237690923,0],[94.60583305983616,25.181291412674934,0],[94.73660614532947,25.13477889990112,0],[94.7448900619527,25.08064179870032,0],[94.73858358113387,25.023560977197292,0],[94.69659121840196,24.968470015722488,0],[94.7123159617372,24.931719796711626,0],[94.68794996888374,24.888055214784938,0],[94.63185538118817,24.839455217128595,0],[94.61860732518373,24.779795054380116,0],[94.62854601988364,24.75505410866099,0],[94.60162624729828,24.709483695682916,0],[94.58512448621144,24.705419956832085,0],[94.57943168762408,24.72370843431636,0],[94.54966357599187,24.712769789402355,0],[94.55006582778839,24.65892821129974,0],[94.52920722058316,24.618023636453614,0],[94.46153978110443,24.557953392917636,0],[94.42520368348208,24.48612175143493,0],[94.40307612819696,24.475293774991595,0],[94.39763410497487,24.40728616047642,0],[94.36713086208121,24.39461835029757,0],[94.38011200159195,24.374635317384023,0],[94.35400427506552,24.334471421773817,0],[94.32716244153391,24.327664177834972,0],[94.31532235585823,24.252676996692077,0],[94.29271339751057,24.236018824760535,0],[94.28318777065684,24.179349822041512,0],[94.25986506270313,24.16226049842045,0],[94.25154041079293,24.08190782314396,0],[94.18685796240354,23.941281585532106,0],[94.16535188004043,23.92964002823266,0],[94.15396903202515,23.85315236876559,0],[94.12067231994406,23.832848422707514,0],[94.08430454877076,23.88142688760189,0],[93.93046025258673,23.95025042627925,0],[93.80738300502999,23.927075243318274,0],[93.7593915289839,24.00366361477215,0]]]},"id":22},{"type":"Feature","properties":{"state":"MEGHALAYA","id":23},"geometry":{"type":"Polygon","coordinates":[[[91.06964299770819,25.198409980303023,0],[90.84982373128355,25.157641459612012,0],[90.78035747151955,25.18611500024252,0],[90.73327645800988,25.154911423398467,0],[90.70998019868327,25.168121316114586,0],[90.69857054120088,25.156721717750305,0],[90.68570748853995,25.174468959034435,0],[90.66600653511216,25.16580391707986,0],[90.66342006239354,25.19785159291598,0],[90.64093507748495,25.174529427775695,0],[90.50863949211664,25.175354620613415,0],[90.44107645432084,25.14450844765655,0],[90.37045908269828,25.16284026354884,0],[90.3302389001293,25.193815951310736,0],[90.11811361702703,25.223456688065646,0],[90.05451780386814,25.261363753955354,0],[89.98076189632012,25.28085218606457,0],[89.96665478793531,25.30369351948971,0],[89.94924119223948,25.292714005982017,0],[89.9069979153574,25.307733923461797,0],[89.87660389956311,25.285328327526067,0],[89.83118302384075,25.29602889158972,0],[89.84139532390067,25.31478910454765,0],[89.82143527160574,25.355517277567813,0],[89.8254345224139,25.413346600024834,0],[89.8430091983293,25.4564635313328,0],[89.87168965741209,25.477348473640895,0],[89.87286993497617,25.50741562723328,0],[89.88593570498789,25.507920639055786,0],[89.8679351188292,25.524241699888467,0],[89.87716801998602,25.54898919783084,0],[89.97215727117538,25.5734917016925,0],[90.02886805421953,25.605395312532604,0],[89.95045252187853,25.655603596116975,0],[89.89473928327754,25.744968623264025,0],[89.93728332305226,25.74511896654905,0],[89.95967011316657,25.78152681406172,0],[89.94884904097249,25.826426141622566,0],[89.96160083844013,25.81960442927787,0],[89.96396873990433,25.832660066261553,0],[90.01487982425009,25.85078657145111,0],[90.02342685366042,25.870046742727915,0],[90.00735188650755,25.88096973176904,0],[90.02452208898625,25.896047234345076,0],[90.04290928185799,25.88853704327822,0],[90.1159826080859,25.95701931953738,0],[90.15192160878479,25.96580036092793,0],[90.18463315499598,25.943793853508026,0],[90.20196211575092,25.960735921664618,0],[90.32688566389102,25.974065403881387,0],[90.36848975307363,26.01069028478697,0],[90.39769371153415,26.01205709799636,0],[90.4290625413044,25.988809310590693,0],[90.47873424870053,26.013612944071685,0],[90.53411233238411,25.959808436154436,0],[90.51504742287419,25.896397125322025,0],[90.58353856845922,25.95872238051366,0],[90.62642440862795,25.936515584437903,0],[90.6071205914071,25.918704596361394,0],[90.61792270747218,25.89784109645256,0],[90.6333172248435,25.920750818747063,0],[90.71766830873263,25.955119526927938,0],[90.74799600104124,25.956796531141332,0],[90.74005886276171,25.93910481044108,0],[90.7540539833964,25.929513124237783,0],[90.7385723068787,25.915859930290857,0],[90.7604271672355,25.92196515768684,0],[90.76378992413649,25.907796291830042,0],[90.80905408159008,25.952437319890475,0],[90.83618787322061,25.948421182544998,0],[90.83546787024673,25.93660538140882,0],[90.8845256245477,25.950307904068424,0],[90.91683638940862,25.914056372962108,0],[90.91733641550799,25.944407681595663,0],[90.94743452720466,25.948091944180252,0],[90.96885495927111,25.88521925785976,0],[91.0305483879608,25.885801611247576,0],[91.00601459887338,25.82038332743694,0],[91.04821959550038,25.849203241519444,0],[91.07850361310669,25.852737134455133,0],[91.0488843398461,25.82927284731539,0],[91.06213439605473,25.82077805673377,0],[91.14755001066001,25.85049159599548,0],[91.18012431363894,25.84417144132605,0],[91.19582973111349,25.861393548176615,0],[91.20364328640395,25.843214008275282,0],[91.178262142369,25.77735163215243,0],[91.19198210584634,25.730360391070686,0],[91.22092979815388,25.721867678335897,0],[91.2736668338076,25.74589625288976,0],[91.33535490249105,25.840544226544967,0],[91.42246672443892,25.85447395981365,0],[91.44514869272781,25.839737869637464,0],[91.53043365010437,25.87125398366873,0],[91.52658590813381,25.891073657806093,0],[91.51313774964949,25.865712994832652,0],[91.47480885296163,25.874021112532844,0],[91.53695469008757,25.93121191737712,0],[91.5032614079938,25.91374405473703,0],[91.51807546622565,25.959732401159123,0],[91.55124658236392,25.976595668868782,0],[91.57984128659844,26.033247803908964,0],[91.59753413707233,26.01807438819104,0],[91.63237543712266,26.019798163200413,0],[91.62606327800438,25.98668231622667,0],[91.64059669127515,25.96330369665151,0],[91.60916012915463,25.939298879459358,0],[91.67060071553821,25.904151548303883,0],[91.72010799698963,25.953595971287484,0],[91.73123895201472,26.059216840820156,0],[91.7913621779927,26.085231727507676,0],[91.82539942281463,26.11940576514135,0],[91.87917065169805,26.09797615385878,0],[91.86729802308727,26.04201757165344,0],[91.91469228173462,26.020498891996148,0],[91.91713168280776,25.996420411859283,0],[91.98905616440165,26.038529717375734,0],[92.13261589664515,26.044238695386586,0],[92.16939970512907,26.077638207743394,0],[92.26888427902895,26.06817385152475,0],[92.26346548674599,26.0331297207698,0],[92.18088445122383,25.985010462682574,0],[92.15243649565062,25.94431864058203,0],[92.1547391661313,25.910992476806914,0],[92.22556189763789,25.90916865607124,0],[92.1772440031107,25.872749794204687,0],[92.1510999693976,25.816638806992394,0],[92.16281218880508,25.743878491803965,0],[92.14410824248523,25.717136274359778,0],[92.15614771924649,25.672183134389233,0],[92.1701956681283,25.66712895180777,0],[92.22535940508021,25.716351071584455,0],[92.26450928732382,25.709226196159683,0],[92.33361009426085,25.72438785952826,0],[92.3846155338196,25.754881276584495,0],[92.38177800652423,25.742044004249987,0],[92.40662072745975,25.7445996545378,0],[92.4442910822871,25.719695295355482,0],[92.4380372111307,25.694861085615116,0],[92.47026180374795,25.67527123759705,0],[92.50562970068664,25.616311351619938,0],[92.55416738280444,25.61480362593717,0],[92.55672592138131,25.570961313057822,0],[92.57249149751375,25.557350610915176,0],[92.59481891847426,25.551593177920555,0],[92.65263715934464,25.59143539313231,0],[92.66146147659491,25.572186372163983,0],[92.64283936248239,25.53480936723944,0],[92.57365409561697,25.49047820530363,0],[92.56448721777898,25.465123762833933,0],[92.59684621362001,25.46983677915499,0],[92.60663102301935,25.413232466130886,0],[92.62763846671378,25.421967145472667,0],[92.62564562719278,25.43491650872014,0],[92.6395612503823,25.417565720261102,0],[92.6536200925963,25.433523477908587,0],[92.66164420359188,25.40635461012432,0],[92.67352933159127,25.41402423161827,0],[92.71794231553835,25.372626807378534,0],[92.73801967896213,25.379333434658854,0],[92.74990207553915,25.344095853613137,0],[92.78132311169566,25.33367208730987,0],[92.7865559745668,25.314805908745655,0],[92.79223196842213,25.282409756057234,0],[92.76188794888222,25.246528441076737,0],[92.80291466540446,25.21617257662427,0],[92.6634752432247,25.176667868917296,0],[92.62143275564458,25.115026384290676,0],[92.52177511606315,25.139381500827795,0],[92.53942328030469,25.099054103340926,0],[92.48096591667435,25.108575653722877,0],[92.45697779853668,25.054067753785333,0],[92.46428547997287,25.037435365798668,0],[92.44253053391746,25.045241341021683,0],[92.42148522483815,25.0277953611317,0],[92.34148165486198,25.04853038870929,0],[92.34855354235201,25.073491425795215,0],[92.33491451992049,25.078445355256846,0],[92.3106320249768,25.06902054685222,0],[92.22755038617795,25.093705302102663,0],[92.19616822708309,25.108031383683734,0],[92.21938319687165,25.11700536744114,0],[92.18932539496181,25.13628745947928,0],[92.18392811620946,25.117921072994342,0],[92.15959222659434,25.126603278407774,0],[92.16571321206088,25.13594709977094,0],[92.13583686666895,25.13873799167887,0],[92.13288205421418,25.160147121992118,0],[92.07385106064169,25.18494824076528,0],[92.00376164951365,25.18616382463685,0],[91.97166901939435,25.16758094727262,0],[91.91625510384097,25.18134828422131,0],[91.77460711313776,25.16312953047141,0],[91.75603067185057,25.177497514723186,0],[91.74764114051507,25.140151415513213,0],[91.70378279125849,25.160016878633925,0],[91.69179629936333,25.13711757406346,0],[91.63791423582313,25.12254453618799,0],[91.62150832471474,25.143406601616682,0],[91.60209036904806,25.142721175061453,0],[91.60973450201253,25.177048439036355,0],[91.57705817536359,25.17196272994701,0],[91.5572143550979,25.149756082841122,0],[91.4710164224097,25.13358696275933,0],[91.4686310405879,25.151794039871472,0],[91.28656836023049,25.185350280445533,0],[91.26801341807904,25.20724405315294,0],[91.25163095029862,25.195168594050095,0],[91.06964299770819,25.198409980303023,0]]]},"id":23},{"type":"Feature","properties":{"state":"MIZORAM","id":24},"geometry":{"type":"Polygon","coordinates":[[[92.86352980710339,22.062364372202453,0],[92.69910555128416,22.155049683612027,0],[92.68962938945133,22.071881628420975,0],[92.6880380442748,22.10372635969674,0],[92.68176563479224,22.103460474251296,0],[92.67974816839154,22.011552715391414,0],[92.65161265072274,22.0159088987373,0],[92.63494020313516,21.983219735537247,0],[92.60321990126211,21.977625102061253,0],[92.61276069047358,21.990114922798796,0],[92.59261632920139,22.037438211968833,0],[92.60265905232491,22.061100550273675,0],[92.56262006767207,22.12802368120933,0],[92.57849806260208,22.14340736571529,0],[92.60574637909168,22.123392340330074,0],[92.60922646482756,22.164018640265102,0],[92.59522573182058,22.175390146817815,0],[92.58116581653131,22.32176385942349,0],[92.55207663845758,22.40897357125653,0],[92.55128148932326,22.513296356222234,0],[92.52167127424795,22.559884306311744,0],[92.53937466799417,22.58914842293027,0],[92.52872447457864,22.66515215124646,0],[92.51319590004002,22.73278520921057,0],[92.47384417445117,22.746208516716933,0],[92.44923604383997,22.895008987119354,0],[92.43373077561542,22.885791059614473,0],[92.42026517877795,22.91834509949313,0],[92.40109920448266,22.911952692040877,0],[92.3975862213673,22.929698804724588,0],[92.37177858684004,22.936171143586822,0],[92.39238450315082,23.056450741019265,0],[92.35801185772253,23.103270177995913,0],[92.3681996526201,23.127264335015905,0],[92.346784691252,23.2356734238748,0],[92.4041904428727,23.240657245833855,0],[92.38116455849004,23.285102869020943,0],[92.38568301034606,23.30620336421331,0],[92.36436410856366,23.322918332748632,0],[92.37905780987782,23.361827770269926,0],[92.35642535635068,23.37234696264552,0],[92.35740103853313,23.410698266657022,0],[92.31713375651894,23.471654445092756,0],[92.31339816431543,23.556355638395015,0],[92.30184776228624,23.592431871129442,0],[92.28725916812323,23.596038789647718,0],[92.29603907337842,23.62108136033203,0],[92.27303032282731,23.64166469633263,0],[92.29094235168053,23.69083117134053,0],[92.26549056835279,23.7250070903167,0],[92.26030052574174,23.813379414246793,0],[92.28583943181826,23.81580340746172,0],[92.27434482827051,23.848869184671113,0],[92.29255494147964,23.870161928449907,0],[92.32338039677977,23.867147188179473,0],[92.31538172552122,23.880922221846433,0],[92.33208311054209,23.909310826394293,0],[92.31128060302727,23.958099547630457,0],[92.330711694249,23.990055618905355,0],[92.31422174278812,24.04751429261725,0],[92.33659988477706,24.14817928870817,0],[92.32447654877173,24.2060919646201,0],[92.29574709164166,24.22733203523151,0],[92.29302129249895,24.24840984468046,0],[92.4225375683713,24.25499488679425,0],[92.41889658140009,24.19269723473617,0],[92.43642196400322,24.153033002735853,0],[92.47867923290123,24.14202221283939,0],[92.483714928919,24.163032754841755,0],[92.53421229024971,24.18014653573937,0],[92.55089605769116,24.24722231527852,0],[92.61230321566951,24.253467629798507,0],[92.62477012146972,24.33407530129572,0],[92.64576450837255,24.327781710352134,0],[92.66136777003763,24.348155821909657,0],[92.68483592728195,24.346536737137594,0],[92.76321916365764,24.52114990303798,0],[92.79934529316212,24.41929002886911,0],[92.82992429305112,24.40045209558787,0],[92.82935324743248,24.373849851709657,0],[92.86092043896097,24.398662547835738,0],[92.90285914470371,24.391231091995742,0],[92.90932312743062,24.413074446984865,0],[92.95790037697734,24.39206661747532,0],[93.0088263138557,24.411836200351107,0],[93.02502901588592,24.392026389432516,0],[93.01780520058857,24.35049522922732,0],[93.04054144320322,24.34198302903776,0],[93.00426547858542,24.25972165428273,0],[93.0219352779834,24.21778434134881,0],[92.9993982189321,24.197127330037937,0],[93.00603181311398,24.16196337315425,0],[92.97289359958255,24.112488981590666,0],[93.04660138367693,24.090133715357776,0],[93.07854718451465,24.101850720622103,0],[93.09945455264463,24.043368189188385,0],[93.14056276348832,24.08809671958467,0],[93.16583477334493,24.073770678633103,0],[93.16728895233128,24.05170761481613,0],[93.20995872833934,24.048372833071387,0],[93.22043535902887,24.083581204652138,0],[93.25055378305517,24.08034797649807,0],[93.2634082901572,24.058378053906708,0],[93.25365294853053,24.02123327365518,0],[93.28720023635798,24.05265905412897,0],[93.3375075384013,24.0411686543586,0],[93.32888897436469,23.984799553090728,0],[93.35076391534515,23.941649953353902,0],[93.39427643447426,23.924276657535383,0],[93.38496383460055,23.848127475483853,0],[93.40326233301414,23.80704562443074,0],[93.391553959059,23.75669197051795,0],[93.41095264105927,23.72940377839127,0],[93.4072748455633,23.70724376690727,0],[93.43690617302809,23.687040715959537,0],[93.41650156625658,23.64762863665141,0],[93.42856114458228,23.588281221917647,0],[93.409815319457,23.563648662775964,0],[93.41853631442133,23.54000709523388,0],[93.39472258810432,23.503759565996894,0],[93.38801284338963,23.446377600359487,0],[93.40164726385484,23.383748554785384,0],[93.38763068633381,23.359396960751962,0],[93.3557726187552,23.351891917048093,0],[93.37288270256013,23.329417939736718,0],[93.36261471196605,23.279137560721917,0],[93.38861304280765,23.21691821921964,0],[93.36823432706484,23.14409871616532,0],[93.38561298539432,23.133835432408485,0],[93.35566459410346,23.11605216719997,0],[93.33926061454494,23.073833779217697,0],[93.35205975791631,23.07039713771371,0],[93.29353538030018,23.006439601186006,0],[93.22946170043367,23.01164986058361,0],[93.20986536301591,23.04853955816274,0],[93.18460949093156,23.059540720250027,0],[93.15609191641737,23.04318060409591,0],[93.13626500524052,23.06064764563333,0],[93.12581260096998,23.04072272038198,0],[93.12016702630095,23.002441711180186,0],[93.14062747833724,22.989955345886077,0],[93.13803911318367,22.950564520645557,0],[93.16453698314436,22.910493530070013,0],[93.1311738875158,22.90609346233365,0],[93.1105468906609,22.81805312198345,0],[93.09471769953039,22.806186371151085,0],[93.10735593153116,22.752615438533386,0],[93.09545940392238,22.67248789368278,0],[93.14031375214016,22.592265173826405,0],[93.10655038717071,22.527025056089716,0],[93.12820711693368,22.52365335347138,0],[93.13870432521716,22.454516202417786,0],[93.18529009930623,22.42815307630734,0],[93.20178944855952,22.262566382007943,0],[93.1420954291342,22.245464089587422,0],[93.16146139318217,22.197096397802504,0],[93.15082749266196,22.176260318747676,0],[93.12356239790915,22.173546027279997,0],[93.1110425138968,22.2040283720521,0],[93.03804509262702,22.19479771364207,0],[93.0491001518829,22.168902209235917,0],[93.0371953275478,22.144378643553196,0],[93.05957592897204,22.10125220930583,0],[93.00453237286663,22.10359273205849,0],[92.9948135133694,22.032192373130655,0],[93.00741352942032,21.982325471274017,0],[92.98056133827616,21.980058240765985,0],[92.95224920550932,22.029710341124723,0],[92.927245767554,22.015636108170504,0],[92.9357773679857,22.00569695945789,0],[92.90354451684995,21.940077565850693,0],[92.8913304495238,22.011252737380914,0],[92.86506479657176,22.023692211645635,0],[92.86352980710339,22.062364372202453,0]]]},"id":24},{"type":"Feature","properties":{"state":"NAGALAND","id":25},"geometry":{"type":"Polygon","coordinates":[[[94.18712483308438,25.533356467677137,0],[94.19208612584792,25.548413741381786,0],[94.15675625993705,25.55153004706253,0],[94.14038265062116,25.51920985617532,0],[94.10812890048489,25.52169726574716,0],[94.0848146258497,25.530212804164492,0],[94.09409548946684,25.53710445862715,0],[94.081703124338,25.55681272470962,0],[94.06719485465915,25.552120643372934,0],[94.01288460573436,25.59223987390142,0],[94.00747284212814,25.567158502314637,0],[93.96025948507302,25.550550767047266,0],[93.88794354343227,25.565355187714943,0],[93.76535516809585,25.538069344923862,0],[93.76123341914663,25.495900747877624,0],[93.8002905518557,25.496886046199762,0],[93.80514215083679,25.46397420402564,0],[93.70995686275862,25.35753174666659,0],[93.68695345083722,25.360467282302775,0],[93.68148901312557,25.328104479630127,0],[93.66476929231418,25.325724809395414,0],[93.64619848868685,25.266374405230643,0],[93.5959222517261,25.19865102059548,0],[93.55628630441139,25.24581403590056,0],[93.5017191087572,25.242052454918024,0],[93.50641506360444,25.269319453834928,0],[93.47145077854488,25.27185107704297,0],[93.4718867186569,25.303509422738305,0],[93.4484341048435,25.340635901080756,0],[93.47361253859519,25.379279885403992,0],[93.45819314425165,25.430984137172548,0],[93.39022962416198,25.460402211972568,0],[93.38543392220258,25.490708275035047,0],[93.32696927723266,25.546964684767016,0],[93.35871608075983,25.554632196675257,0],[93.42737852704583,25.632534438818503,0],[93.46089576750974,25.63231081532127,0],[93.49700270740652,25.655119916422933,0],[93.52195224015111,25.69778728990201,0],[93.54053681953425,25.699453335444638,0],[93.54232554871795,25.73217666915365,0],[93.6174208900405,25.77598830249017,0],[93.6461362265485,25.82237958275621,0],[93.71432185680389,25.84451327660181,0],[93.68152923874446,25.90438642757293,0],[93.75131325996516,25.932808774221368,0],[93.76544974933819,25.969751731914403,0],[93.79516979944216,25.906674726706534,0],[93.77753575864662,25.84981186176478,0],[93.79547429074692,25.808927800771727,0],[93.83970250933454,25.856609990101582,0],[93.88180175433153,25.843349384432116,0],[93.91599580949413,25.88370126897739,0],[93.97869537458186,25.916729294654292,0],[93.95300075666958,26.002965939686792,0],[93.98738784024398,26.06678636159109,0],[94.00107849440008,26.17226742849123,0],[94.03203289689871,26.197536694025,0],[94.04768703514907,26.24936469463035,0],[94.0746233690719,26.264379828419138,0],[94.10505415676447,26.319948597559392,0],[94.17455588026806,26.340460461660232,0],[94.16015509652232,26.35429370194232,0],[94.17758126714557,26.382012115857602,0],[94.17173381300083,26.42978495353956,0],[94.25633679106599,26.541223415248844,0],[94.2847850505567,26.561069051220073,0],[94.2897476338772,26.479714931034977,0],[94.3166222684254,26.4583237060215,0],[94.325522809295,26.481949454060832,0],[94.35284761421414,26.490058784725758,0],[94.34596790214277,26.503570062473333,0],[94.39607389804821,26.526868441632892,0],[94.41357246747083,26.577540105477834,0],[94.40305656639664,26.610732025273677,0],[94.46549491977638,26.633060970228616,0],[94.46028390072976,26.661630130697056,0],[94.49267442697432,26.665889405190864,0],[94.53926424023025,26.706184924413098,0],[94.56235295025022,26.70506863616397,0],[94.56649402566106,26.68355813970475,0],[94.57732287463907,26.700660989426712,0],[94.5938792076695,26.697195117017788,0],[94.59707146353553,26.73455265297031,0],[94.60963581737435,26.736937220955575,0],[94.62030174884568,26.712122406890206,0],[94.69234522450827,26.731930631091963,0],[94.74018464013179,26.775983262029737,0],[94.75832868595882,26.766005745843863,0],[94.77021727406928,26.789038763739278,0],[94.80200281750886,26.80080522020427,0],[94.79495453251965,26.81440574857209,0],[94.81442898628029,26.819791188975376,0],[94.81736053126056,26.847768233350564,0],[94.8735873118297,26.91751623587588,0],[94.92222210185479,26.945729875594484,0],[94.93085092778077,26.932559006487626,0],[94.96123830328561,26.937123844910268,0],[94.98261821633376,26.912998246091792,0],[95.01475863572462,26.92202844007391,0],[95.09527200510534,26.957549353567998,0],[95.19400418146688,27.035222997266093,0],[95.19173086857369,26.9852413837506,0],[95.2323036348653,26.902867213694723,0],[95.22816286142384,26.881025852399496,0],[95.20839575117624,26.8826825184493,0],[95.18106437760319,26.8564858901289,0],[95.20304061580839,26.846564409469515,0],[95.20845676548107,26.79496001064034,0],[95.24224977141958,26.78341653421504,0],[95.209483118709,26.729094870755162,0],[95.23185979402729,26.70892544890788,0],[95.23376425053023,26.68208403409373,0],[95.20959620968398,26.648846827469068,0],[95.14892756204773,26.61586720375363,0],[95.15419426966649,26.58314239569003,0],[95.10754536134664,26.541538110320293,0],[95.11453827438555,26.51851071281604,0],[95.06197521643598,26.45018299933549,0],[95.08445224810842,26.447054900556505,0],[95.10386290386009,26.420658682522102,0],[95.09977243071927,26.393731589358023,0],[95.13213667504814,26.37784122829281,0],[95.12729752082305,26.253980669472263,0],[95.11459852202447,26.23288937804041,0],[95.14268026747443,26.211634223935707,0],[95.12195509698795,26.18523313127766,0],[95.11786895540781,26.101077380835264,0],[95.18588808769877,26.073099057320768,0],[95.1261070170849,25.985750997957798,0],[95.08949618217281,25.95048507103146,0],[95.03135204926906,25.93114610942659,0],[95.01177407358091,25.897777459267907,0],[95.00918643349362,25.866610201213383,0],[95.04996599709452,25.799991162275205,0],[95.04051961491527,25.741839948689513,0],[94.9972336501771,25.724980052612047,0],[94.935979883754,25.66761134549403,0],[94.91508900182744,25.607680898571633,0],[94.88171373186832,25.591049071475677,0],[94.89850393134886,25.565327647499704,0],[94.84632869128627,25.56215689431708,0],[94.8063848197376,25.491903032075722,0],[94.7815133184058,25.480249751475593,0],[94.75142055774943,25.493889678781237,0],[94.71807727072927,25.469486357608666,0],[94.68361892753698,25.466430226719563,0],[94.67536613464682,25.445816631768736,0],[94.61602618036648,25.46258980976201,0],[94.55434649916923,25.502736252756595,0],[94.56683808889093,25.54885435899094,0],[94.55120620767323,25.58000486280855,0],[94.59378398708309,25.63666239000106,0],[94.57292920725006,25.637826844315924,0],[94.59658794203482,25.682734120557107,0],[94.57289170993683,25.691811096093044,0],[94.50513614604958,25.613640103309056,0],[94.46856060848587,25.61418867802186,0],[94.42492040015392,25.586515881113026,0],[94.41653644400358,25.536483674389768,0],[94.31544682917209,25.49092580955798,0],[94.2976938926405,25.484708745005907,0],[94.28472552935379,25.507998429195684,0],[94.21889047774579,25.491769300099612,0],[94.18712483308438,25.533356467677137,0]]]},"id":25},{"type":"Feature","properties":{"state":"ODISHA","id":26},"geometry":{"type":"MultiPolygon","coordinates":[[[[82.4827531229376,18.548722118959585,0],[82.36421242085488,18.42153764376364,0],[82.38554900467885,18.3675052964678,0],[82.33812914009489,18.32803034832971,0],[82.35587020423242,18.31592294249725,0],[82.38896125827819,18.32850743738835,0],[82.39233587548019,18.297949549630097,0],[82.3764959480424,18.280678499369355,0],[82.34466497450485,18.280548197714186,0],[82.32441241402557,18.23121042593215,0],[82.33705506115074,18.22430463702147,0],[82.31084253945632,18.204094774310377,0],[82.315452570767,18.184029241010016,0],[82.37231683080411,18.148163525540912,0],[82.36324806097225,18.134808905311452,0],[82.33879536781573,18.1469222694467,0],[82.3357899576017,18.10585867819188,0],[82.35148417061698,18.075400156754057,0],[82.32013333797758,18.044788538654167,0],[82.29874289021944,18.055276020442605,0],[82.30200532479931,18.06915700387936,0],[82.27261171374461,18.057221006928124,0],[82.26800739893727,18.000003077895204,0],[82.1878050041155,18.01473119044789,0],[82.16883885538843,18.051952952730105,0],[82.13717597404813,18.043936032085835,0],[82.1334898708852,18.059890177775785,0],[82.07663571832208,18.075217357665984,0],[82.06156410595342,18.055450353830874,0],[82.03232388675823,18.069318402495124,0],[82.0073899470173,18.05632328587425,0],[82.00934719333353,18.03007272109205,0],[81.96296652877024,17.99925146202487,0],[81.80989412356217,17.950984258895456,0],[81.79012862873135,17.92080654907007,0],[81.72562016709455,17.878863256106225,0],[81.70917356573365,17.87199602126552,0],[81.69853263492953,17.90135434618161,0],[81.66973111831123,17.88655150808584,0],[81.61723240776733,17.822299571937474,0],[81.57431611663955,17.837167554102788,0],[81.49004547236667,17.812694884755295,0],[81.47425984410194,17.837978476256136,0],[81.39100343275389,17.816510883445336,0],[81.4001968355225,17.893568981088745,0],[81.44463197483987,17.88575362275288,0],[81.44911419245364,17.931934675678114,0],[81.48294996835749,17.976815095744847,0],[81.48040560246186,18.050741363255277,0],[81.51285516655409,18.098687734272517,0],[81.52581548938238,18.153401809325473,0],[81.50700185452486,18.186197694514036,0],[81.52523930272004,18.257708123550408,0],[81.59759669607361,18.308908424120695,0],[81.66222894075541,18.32122610711175,0],[81.64966366625644,18.336904797137244,0],[81.65914045436038,18.346560835722503,0],[81.7500575446311,18.35274996627868,0],[81.76887429845782,18.417090708087088,0],[81.85620513742184,18.491401020257346,0],[81.86824775302404,18.5249210013223,0],[81.9090093739606,18.53806798989446,0],[81.91069073400624,18.57063481300735,0],[81.95057246133328,18.570022346000943,0],[81.96364109146617,18.59044306596727,0],[81.89459030208776,18.629539440193813,0],[81.8937694495158,18.657459098513602,0],[81.94894346547669,18.64370988848712,0],[81.97098466962085,18.698636979566047,0],[82.03092311190805,18.723787167853697,0],[82.08497455523302,18.71859313440971,0],[82.09157954672828,18.765730652777126,0],[82.13341761701322,18.76536420923178,0],[82.13349471309061,18.780445741712622,0],[82.16543542870907,18.798624737411856,0],[82.16041256127271,18.87891242056978,0],[82.17614642319131,18.902669453371523,0],[82.24605395935569,18.91911103638174,0],[82.2327611728763,19.0179369370662,0],[82.20225401730703,19.066638980750287,0],[82.2184151463142,19.097268750759866,0],[82.20491229370057,19.097140804872282,0],[82.20581606120865,19.124129833911745,0],[82.18246927800801,19.131690930463385,0],[82.17360518155357,19.118410569484297,0],[82.16609557912547,19.132699087304317,0],[82.1809319482412,19.15081653124091,0],[82.17017988653012,19.16115929925655,0],[82.18613948459969,19.166347501240317,0],[82.1617055685743,19.202245849276515,0],[82.15842558324954,19.26516728805482,0],[82.19412196961564,19.325935318875587,0],[82.14877795242475,19.352976212484748,0],[82.14773552608975,19.371818399734696,0],[82.17883479000417,19.379050751441245,0],[82.18944309735555,19.427529400665225,0],[82.12614156323973,19.429085723840377,0],[82.10282099163939,19.46610643384135,0],[82.10025490937774,19.516589230631123,0],[82.02908189220638,19.50774619269021,0],[82.05071011235268,19.548818793089662,0],[82.0398829491962,19.59763613998313,0],[82.05901786181074,19.62817540357444,0],[82.04475059567466,19.708877122904305,0],[82.0655475071214,19.790657880051775,0],[81.98594945058946,19.80108930929101,0],[81.96813140849984,19.859894903134865,0],[81.85315559850376,19.918477976620714,0],[81.84527524331635,19.959532866722437,0],[81.87091696527423,20.044171530672745,0],[81.89528017404585,20.048237802830883,0],[81.94638149203168,20.1051332186225,0],[81.99534483926215,20.05356630111373,0],[82.01767639095236,20.04900191165907,0],[82.03256137736143,20.01572088221285,0],[82.07046935405576,20.056947942344088,0],[82.12678599517915,20.014796341091497,0],[82.17123489684434,20.00551089421322,0],[82.18425371438904,19.98418972297248,0],[82.23712351275026,20.003327552565402,0],[82.26916945773472,19.975261214469402,0],[82.303119820727,19.88938556208576,0],[82.34395275820133,19.8350890100649,0],[82.39487055378942,19.888015077000357,0],[82.44599099610156,19.91019177180674,0],[82.60342963102501,19.86698998782872,0],[82.57578795366426,19.833394533901085,0],[82.59181283387078,19.775862726751786,0],[82.62712747704049,19.793657973855225,0],[82.65215916311675,19.832165858131138,0],[82.70733049065977,19.835038692611942,0],[82.72458445807904,19.875537677861146,0],[82.7074082020069,19.902040928168187,0],[82.71544687983456,19.99592670755142,0],[82.64150663558492,20.006713285792088,0],[82.5957325430794,19.991570645530764,0],[82.55010864393824,20.01777251842337,0],[82.50911247461609,20.018162852223004,0],[82.39829194301646,20.05817887383084,0],[82.38579773234306,20.146436516043348,0],[82.4206182710428,20.204918673319444,0],[82.41234151205421,20.267042313778127,0],[82.43781113152076,20.294407652559865,0],[82.4003790517961,20.34158105634781,0],[82.4378622198404,20.434391195957087,0],[82.41763350414352,20.48174238620867,0],[82.39605870888663,20.459571090321354,0],[82.38969901346097,20.517603215066195,0],[82.3576491496275,20.52932593886084,0],[82.33223444598482,20.561906500767456,0],[82.37649747826909,20.632410243254636,0],[82.34171494447712,20.767757147999248,0],[82.35119265678186,20.889740414930316,0],[82.36460831112832,20.870671890486395,0],[82.40544822230781,20.870187684477116,0],[82.41995469741484,20.8315616622417,0],[82.46448544168196,20.82899598494649,0],[82.48668141108163,20.861646426135838,0],[82.48874282147642,20.909402061862583,0],[82.55914790718859,20.947937533535857,0],[82.62879176452984,21.03803584308497,0],[82.61198325923371,21.07469360181978,0],[82.64990559427721,21.106467732444894,0],[82.64061012927561,21.154874042718863,0],[82.7559068405186,21.166434290341194,0],[82.793678623652,21.142545167869148,0],[82.85088229799823,21.16863235817568,0],[82.88217633657855,21.148430397310797,0],[82.90210681563515,21.166993638481248,0],[82.94768330724939,21.16177841086889,0],[82.94384477018214,21.1778536587645,0],[82.96493439588878,21.19327494579778,0],[82.96555901006418,21.17533112376157,0],[82.98808507548526,21.182812135866886,0],[82.98056268807355,21.170026229277163,0],[83.00376430731522,21.166930463365123,0],[82.99039376661206,21.13980904234744,0],[83.01599705843522,21.146306639229486,0],[83.0778130877219,21.111949755416042,0],[83.13149174834173,21.105814831704283,0],[83.16691470805061,21.13878817647186,0],[83.19810382273357,21.145443394761156,0],[83.22295418741481,21.26576910626814,0],[83.25059078746575,21.282383384459948,0],[83.27130469134624,21.272939630349843,0],[83.27926942887699,21.29495571551268,0],[83.2573441629311,21.320499442870272,0],[83.2687283608666,21.37858990444717,0],[83.37888191491398,21.34455299038382,0],[83.40674682367887,21.35142459451503,0],[83.39892706808881,21.405342658153014,0],[83.35437149244257,21.448070517218465,0],[83.33788256102008,21.502100216925733,0],[83.37316219440788,21.558162378991423,0],[83.36497339446953,21.57607584271532,0],[83.38268482587719,21.620129854860483,0],[83.44264908733606,21.655406799290784,0],[83.45610775068523,21.609996053429786,0],[83.48961200158388,21.631464725201987,0],[83.41869341273335,21.68065386695479,0],[83.43164652862582,21.69990517437011,0],[83.45947709098171,21.6985509462502,0],[83.48931519702656,21.745392932386135,0],[83.46939424252064,21.787561998980053,0],[83.49290607056416,21.818366355317686,0],[83.54104463984854,21.799313650005168,0],[83.53187111609063,21.83095898974431,0],[83.57691308967571,21.8312995416072,0],[83.59088754319835,21.851101343224823,0],[83.57421175138684,21.87510833912753,0],[83.60592330804626,21.91411844636206,0],[83.55672077959477,21.93534507792907,0],[83.56169152678368,21.948009027415807,0],[83.53901075745217,21.965988162198514,0],[83.55615170878977,22.007817512350528,0],[83.53672064204888,22.0434846178441,0],[83.54780863689525,22.059152387194896,0],[83.5867088488486,22.048731164523286,0],[83.60647507703503,22.066687882430845,0],[83.56258137444571,22.103020906173942,0],[83.64951278372942,22.223340377742627,0],[83.70394559992256,22.24671461579718,0],[83.75775083364562,22.240339452732282,0],[83.86426388680158,22.34327541093813,0],[83.89033477458995,22.3365451371269,0],[83.92328379687828,22.35841017739107,0],[84.0102922602893,22.371584391509966,0],[84.0472466801273,22.438233060304494,0],[84.04724716200273,22.469220904201585,0],[83.98022746453287,22.502215336264115,0],[83.98288724147152,22.52310104939468,0],[84.05971491327114,22.516431821988515,0],[84.11348994821141,22.475686422929567,0],[84.14068433605946,22.47391506263886,0],[84.14092516939955,22.42561895713269,0],[84.15613272312554,22.407735093035313,0],[84.19895533110632,22.375814898460817,0],[84.2514559502963,22.37807794540776,0],[84.29533489702321,22.34102483677987,0],[84.42813267438457,22.353265782072885,0],[84.4349594690193,22.374165212423968,0],[84.48463004185741,22.388847436353302,0],[84.48243519364846,22.413273041430948,0],[84.53620151638268,22.427374491206642,0],[84.62864814053182,22.434552975295652,0],[84.66805755326516,22.418064443137244,0],[84.7497429101619,22.418989039093347,0],[84.75931545882852,22.447465723979185,0],[84.81252397188979,22.45293129722292,0],[84.8385531734862,22.430925671375583,0],[84.88239470522323,22.44846619509349,0],[84.8855763786867,22.421079394506595,0],[84.9102262592303,22.42328316946369,0],[84.95666837313931,22.458225406651884,0],[84.95935151083299,22.44305367973892,0],[85.06337176305372,22.485538699962593,0],[85.07800349635946,22.4775492216034,0],[85.06055272037084,22.447124899904537,0],[85.08786816142462,22.388466624637815,0],[85.07667016580793,22.35620683326469,0],[85.09574879846535,22.34474060435905,0],[85.09073587314072,22.318580377992063,0],[85.11809583037979,22.31759460711561,0],[85.1159970279204,22.29409326451613,0],[85.07061453790794,22.2736522219454,0],[85.07820346687886,22.257390858313332,0],[85.05265812187535,22.182456883283255,0],[85.02909834493161,22.163494244990684,0],[85.03166550621421,22.13309007964052,0],[84.98339347564804,22.095524752533493,0],[84.98694954681866,22.082823007643764,0],[85.03908939783886,22.11561655393119,0],[85.09487508768154,22.108356384345655,0],[85.12006542651828,22.070176816139448,0],[85.15479887522025,22.078830190017097,0],[85.17386555122154,22.05137882851091,0],[85.16761594212907,22.069505633764607,0],[85.18057088040439,22.073232847759858,0],[85.23629254666328,22.009803315375517,0],[85.28130168410866,22.090428146891263,0],[85.32309224140951,22.127499204977756,0],[85.36440691591334,22.123714073219315,0],[85.37106901383004,22.160991709352444,0],[85.42114551248427,22.158783843067557,0],[85.54297961526946,22.090473057209817,0],[85.59718249475361,22.07912369925737,0],[85.65162369665836,22.09543854780369,0],[85.68487266047578,22.054226888971463,0],[85.74939229230716,22.073566311464923,0],[85.80742544050794,22.116111851815976,0],[85.83586325899103,22.080157497738263,0],[85.79343735980402,22.08181011436576,0],[85.76299343733747,21.99614397285292,0],[85.82437069751413,21.975448685251084,0],[85.89576630552538,21.98441332842159,0],[85.90689305759624,21.97012924049136,0],[85.9161534698353,22.00877684335763,0],[85.94359421224496,22.020356166320987,0],[86.00738430460645,22.117092866067814,0],[85.99676151532,22.13244801973003,0],[86.03143202900509,22.190850991620476,0],[85.97387588303103,22.247078536080565,0],[86.01425097235537,22.29728709990959,0],[86.04720588658881,22.308956291867975,0],[86.01370332666139,22.31306941246451,0],[86.02671191518093,22.334863999262126,0],[85.99802444826291,22.341599560651456,0],[86.02719527552757,22.38621181967672,0],[86.01500148236885,22.428729387406303,0],[85.9846131899288,22.435446992959385,0],[85.957123369168,22.464818738429415,0],[85.97340341023676,22.50585495898726,0],[86.0265297528272,22.524021805191143,0],[86.02402711866158,22.544624570494395,0],[86.04544360478671,22.567507353938552,0],[86.11663147485645,22.487003814653757,0],[86.28130084049688,22.44866173713068,0],[86.35754880629692,22.34976589464381,0],[86.4303437325022,22.30746157660861,0],[86.44229286334982,22.3068120039399,0],[86.44526857464825,22.328923673755682,0],[86.4967787252348,22.34723193153378,0],[86.53276352615282,22.300959197575416,0],[86.58225478984514,22.301645244244238,0],[86.5930834411043,22.27855906127263,0],[86.64413267648571,22.268673650866315,0],[86.65425352321414,22.23626798501016,0],[86.72496197931783,22.21802008638292,0],[86.71971071610365,22.147281480360817,0],[86.79384530085625,22.157484373212924,0],[86.80641413921673,22.119705271219104,0],[86.82462135483472,22.118921867410496,0],[86.83373819772484,22.098699813082735,0],[86.96470709211675,22.08574049802773,0],[87.02669564422173,22.037085657326706,0],[87.03035344305296,21.985343132390874,0],[86.99972183382093,21.913245487498493,0],[87.03301892408672,21.870379005827207,0],[87.09793169437258,21.86692165271824,0],[87.09709967300776,21.913937528702878,0],[87.16140260494976,21.934920250279433,0],[87.17041372063096,21.979937904970583,0],[87.24947953008967,21.935975373421922,0],[87.23426084887224,21.90105381964096,0],[87.27737790894255,21.805005192109697,0],[87.2969822107177,21.811554414650153,0],[87.33857154814925,21.78476463268883,0],[87.35551645992251,21.792173266017624,0],[87.36966036607673,21.765432937616946,0],[87.38506268800705,21.776767118593085,0],[87.44401161910272,21.769230545112826,0],[87.44477815828277,21.734032052359616,0],[87.4691843927843,21.73251654105165,0],[87.46037040048037,21.651397278793723,0],[87.48601481422662,21.632235846687813,0],[87.48478695509021,21.611261207910506,0],[87.41074663222086,21.5859382468371,0],[87.36986953652114,21.553401372724185,0],[87.24999693755223,21.556783563801357,0],[87.11850188623939,21.517097099911435,0],[86.97927973991114,21.40976326533378,0],[86.85559843370861,21.258537747119295,0],[86.82935312130782,21.208646982362268,0],[86.85628655202453,21.205603746768148,0],[86.84153570344743,21.175081371657562,0],[86.84789739263253,21.095502876521973,0],[86.98124296686176,20.855204200047964,0],[86.96741138188011,20.791393865880018,0],[86.94416349717436,20.766477947357874,0],[86.99248225306717,20.770227986187667,0],[87.00003841082642,20.697836803989976,0],[87.05824806623733,20.716757008945976,0],[86.77525049136231,20.52075271126496,0],[86.73426721557689,20.464100824108943,0],[86.7243808916469,20.393845313764075,0],[86.73924321799727,20.400813672633383,0],[86.74644839553793,20.378607577180254,0],[86.77657265470438,20.405053709175874,0],[86.78091074769107,20.378619190321178,0],[86.7972668086491,20.375756304485733,0],[86.7889380597274,20.374621777296507,0],[86.78185418602384,20.365863347815832,0],[86.77879210228822,20.356615574554063,0],[86.79805565045226,20.363973115153822,0],[86.77971655838786,20.336445774559564,0],[86.6798382669704,20.264218050163635,0],[86.66925188041537,20.275719674012617,0],[86.68018686285484,20.259944510744567,0],[86.52382556448359,20.173447218978325,0],[86.43396453363941,20.052140721929568,0],[86.41402415292914,19.997315796266808,0],[86.37799744358485,19.966833492533812,0],[86.4116045915939,19.975751604051354,0],[86.3915874303237,19.95655868766869,0],[86.3096195443479,19.94127226211085,0],[86.14373698626288,19.87350760786803,0],[85.78103080785853,19.780938190743413,0],[85.34674581058536,19.58455025925684,0],[84.9302098073237,19.27620655748874,0],[84.8178046409282,19.165598592000322,0],[84.76626550322474,19.07814362515841,0],[84.70279551064782,19.117862121645615,0],[84.71201126537869,19.158277034629055,0],[84.6709061117033,19.166042339490055,0],[84.66731840999395,19.12985673672899,0],[84.59553003530978,19.132449533745323,0],[84.62549477035593,19.084913615471017,0],[84.65897086103317,19.094428001084673,0],[84.6708523468187,19.076330140920543,0],[84.66113103362724,19.06303886119204,0],[84.6183097630628,19.06587300544455,0],[84.60090112835337,19.02478939419576,0],[84.58166624194479,19.030088266600657,0],[84.5728648477027,19.073719981821615,0],[84.49436735786388,19.029001168229602,0],[84.47889316638614,18.988459171967587,0],[84.42108539807393,19.02199144800057,0],[84.45242624307704,18.9759774884571,0],[84.43107293634641,18.969189415072496,0],[84.42421983130065,18.947253904344784,0],[84.43802455510709,18.92046209519158,0],[84.41857282045677,18.91732080164977,0],[84.4180181459851,18.89720211717367,0],[84.37893389378762,18.90421753343028,0],[84.39751805340826,18.890283201571798,0],[84.39213248371146,18.876296431959183,0],[84.3602664518661,18.894552687417267,0],[84.38420217676038,18.87413965443552,0],[84.37422691107933,18.861388378377868,0],[84.33053324319033,18.883215122001918,0],[84.33306030469616,18.86051372654042,0],[84.36384964012555,18.837121915828696,0],[84.33105524878259,18.81784968033752,0],[84.3445453519652,18.801797145289022,0],[84.32125836132172,18.78649242760638,0],[84.2886615432728,18.804659320670563,0],[84.26096673491556,18.783220072973496,0],[84.22630819164294,18.798767107173926,0],[84.08946253226695,18.756780403325486,0],[84.03848330119062,18.816432845238865,0],[83.95016153430693,18.80517726963053,0],[83.91580486341165,18.827961592737424,0],[83.89316228089429,18.814473184491888,0],[83.84600511563492,18.86909737554988,0],[83.84578768667934,18.91358284711052,0],[83.82657738914293,18.916283746848197,0],[83.79468802890219,19.017976999886706,0],[83.74485346691945,18.987978776516798,0],[83.75895522812942,18.950613089297843,0],[83.78445601904149,18.933595271269354,0],[83.77824341544371,18.911363388780146,0],[83.75385874622478,18.925131045009675,0],[83.73301270393668,18.98771175259698,0],[83.7096351567566,19.002155612711487,0],[83.7300168573052,19.02195539610466,0],[83.70013891290452,19.025451182077433,0],[83.62603413423103,19.162666444374565,0],[83.59912643507205,19.130161458130253,0],[83.61061415109181,19.096063334751307,0],[83.5855886269283,19.086555411832435,0],[83.58445509180623,19.05756587788462,0],[83.56341923410102,19.057850455992284,0],[83.5601737719599,19.087068484600305,0],[83.54904551556909,19.08051767607582,0],[83.5575673738744,19.056202366911023,0],[83.53670517465476,19.00949507689774,0],[83.50093582205628,19.020661556145033,0],[83.49646640885074,19.035469405941505,0],[83.51930166710328,19.039064970476506,0],[83.5117147785553,19.07031544522826,0],[83.50060405427332,19.06063197165836,0],[83.48339583852287,19.09225591080874,0],[83.46797670740925,19.09311796083707,0],[83.47837203505487,19.079273929265494,0],[83.46229434839282,19.063766509737217,0],[83.48334752983665,19.033546663270986,0],[83.47968020105101,19.00846723135371,0],[83.44994125016622,19.009658656395214,0],[83.46783543200405,18.99108306741866,0],[83.46182906659675,18.954781358288677,0],[83.40047329344345,19.00939561085171,0],[83.37261285216368,19.002259182992884,0],[83.3674780910691,19.01648197380053,0],[83.3429214878493,19.01813655383436,0],[83.33878483782374,18.997005094234652,0],[83.31064622082319,18.998672858863035,0],[83.33901710825819,18.952778186890686,0],[83.32649797297846,18.931981963986527,0],[83.34843771005029,18.92628642966294,0],[83.35473595941419,18.967296289592216,0],[83.38737775392421,18.932978499063204,0],[83.3706042745139,18.926036204084685,0],[83.37014699082808,18.94171630822935,0],[83.35248399098884,18.943463124776798,0],[83.35982531371312,18.91471243870959,0],[83.39060909679678,18.909608485696445,0],[83.38191541461696,18.891756434558207,0],[83.41475137951772,18.87496324524468,0],[83.40588258232353,18.842515212260118,0],[83.37832565430378,18.83066285663746,0],[83.36815090913187,18.844060018586944,0],[83.33061630700062,18.80634674438537,0],[83.2843378533943,18.797878159700815,0],[83.2713546084636,18.764635364366118,0],[83.22460748819339,18.77508823597076,0],[83.21245207805006,18.730485462438015,0],[83.20654786462896,18.751438431810968,0],[83.13902967653382,18.785364555882687,0],[83.07279076990847,18.70554002136498,0],[83.05802360395622,18.66531468177258,0],[83.01312841724788,18.646054184495718,0],[83.00047013567062,18.607984925225818,0],[83.02379024776647,18.589647176406057,0],[83.05279252028164,18.600683815908102,0],[83.0297567499635,18.57350780526696,0],[83.04535418995005,18.544183657617676,0],[83.09503920991254,18.546642411697725,0],[83.02094766411257,18.456241953885,0],[83.04253037489464,18.4242258192263,0],[83.06731161345432,18.43009142161763,0],[83.05743567641751,18.419372032693413,0],[83.0770513472463,18.40335434398957,0],[83.05448881004396,18.37998582121049,0],[83.02192066417376,18.391703806711366,0],[82.97047146163065,18.36000612929294,0],[82.93972706667005,18.360818663975056,0],[82.8941936657772,18.38156810829743,0],[82.89499966355014,18.42410257934325,0],[82.85241611901445,18.419201458679606,0],[82.80314259159051,18.44924603148968,0],[82.78216326850475,18.430787767273408,0],[82.79953837028306,18.40674976006302,0],[82.77408584995896,18.340316747850103,0],[82.66676592111304,18.298029228628117,0],[82.64264991545483,18.302033007188875,0],[82.65248670862408,18.24999935625655,0],[82.63798309522117,18.23665219169835,0],[82.5877853503629,18.27606343812382,0],[82.5986552473586,18.30418628454842,0],[82.58130670038547,18.315168905449998,0],[82.6089416845131,18.32712676721949,0],[82.6020447069559,18.352276315230004,0],[82.62122753773126,18.35970828325202,0],[82.59479558274184,18.389228945421188,0],[82.53532369403851,18.406560878756093,0],[82.56163264806331,18.4469295187593,0],[82.54237186323586,18.45762720530576,0],[82.53955790659543,18.44360416405268,0],[82.51942004638741,18.46559665769869,0],[82.53419021248482,18.477734441807716,0],[82.53203482580572,18.51115650089596,0],[82.50433152580904,18.513872642993743,0],[82.4827531229376,18.548722118959585,0]]],[[[84.3292729076778,18.78719874152644,0],[84.3395915720225,18.789400542926117,0],[84.33936160672023,18.778691965030735,0],[84.3292729076778,18.78719874152644,0]]],[[[84.35327463928608,18.789892993631803,0],[84.3496761477271,18.788704124405662,0],[84.34967805984274,18.79191898464782,0],[84.35327463928608,18.789892993631803,0]]],[[[86.77978507212053,20.3595586773659,0],[86.78453634159325,20.363963912146964,0],[86.78006295189154,20.358129037908288,0],[86.77978507212053,20.3595586773659,0]]],[[[86.79053972082536,20.38176966709354,0],[86.79149849871055,20.38640577863887,0],[86.79211918800365,20.38170242865602,0],[86.79053972082536,20.38176966709354,0]]],[[[86.78722063140255,20.385410691856812,0],[86.79017655797031,20.432553531693433,0],[86.8000489156974,20.443119607505484,0],[86.79322492156619,20.49324209225611,0],[86.8082439813577,20.4531185177039,0],[86.78722063140255,20.385410691856812,0]]],[[[86.79676267578847,20.40039105560293,0],[86.80704762631945,20.372367768851625,0],[86.79890888703181,20.36451645708594,0],[86.79676267578847,20.40039105560293,0]]],[[[87.0117472325261,20.71230776356955,0],[87.0066739816963,20.71217367006443,0],[87.01317850621267,20.717172524546836,0],[87.0117472325261,20.71230776356955,0]]],[[[87.0017314402119,20.711523292544975,0],[87.00733717208861,20.719334451675024,0],[87.00812260874996,20.719520647115942,0],[87.0017314402119,20.711523292544975,0]]],[[[87.05756177629422,20.73050568830982,0],[87.05330199859033,20.730407665660678,0],[87.05745194573697,20.73216381776591,0],[87.05756177629422,20.73050568830982,0]]],[[[87.07633630187296,20.734261845894277,0],[87.06955476257828,20.733469559676234,0],[87.07788766487829,20.743929581807006,0],[87.07633630187296,20.734261845894277,0]]],[[[87.05134527557838,20.738301142361237,0],[87.05157532583858,20.736891469304663,0],[87.05074002078348,20.737944403206477,0],[87.05134527557838,20.738301142361237,0]]],[[[87.07096323672802,20.736342407916247,0],[87.0702202845009,20.739487213010992,0],[87.07226114012438,20.74898763034066,0],[87.07096323672802,20.736342407916247,0]]],[[[87.05658764546713,20.74546949787605,0],[87.05793213809265,20.744637746321988,0],[87.04937804283696,20.744030490824855,0],[87.05658764546713,20.74546949787605,0]]],[[[87.09726036012123,20.748392490459874,0],[87.09787931064473,20.747407225498918,0],[87.09675584705512,20.748076518062096,0],[87.09726036012123,20.748392490459874,0]]],[[[87.10035862788497,20.748919310662025,0],[87.0996872485251,20.750505502132427,0],[87.10168118124389,20.75150731911493,0],[87.10035862788497,20.748919310662025,0]]],[[[87.08502184067147,20.764622932775353,0],[87.09752390339646,20.754916261559877,0],[87.07250404843745,20.75477502584981,0],[87.08502184067147,20.764622932775353,0]]],[[[87.06899139126456,20.79371660530441,0],[87.07600938546092,20.772018512081875,0],[87.07477736023793,20.767401714787145,0],[87.06899139126456,20.79371660530441,0]]],[[[86.97845431311913,20.778806374234676,0],[86.98372877273488,20.78133248296899,0],[86.98043374232587,20.777220813356937,0],[86.97845431311913,20.778806374234676,0]]],[[[86.98979967527632,20.801916659945572,0],[86.98611439265633,20.80297811421166,0],[86.99006386272804,20.80298290677054,0],[86.98979967527632,20.801916659945572,0]]],[[[87.42789133311958,21.583710914565767,0],[87.41656085461969,21.569999707426692,0],[87.41371485954463,21.560165114920174,0],[87.41899651217209,21.57872352880757,0],[87.42789133311958,21.583710914565767,0]]]]},"id":26},{"type":"Feature","properties":{"state":"PUDUCHERRY","id":27},"geometry":{"type":"MultiPolygon","coordinates":[[[[79.72280115830281,10.937789980818046,0],[79.72210998380649,10.934744807748993,0],[79.72076578533982,10.936841136498291,0],[79.72280115830281,10.937789980818046,0]]],[[[75.53826154612571,11.709608298516065,0],[75.5361801642799,11.693606205116389,0],[75.52886264674527,11.702275025707618,0],[75.53826154612571,11.709608298516065,0]]],[[[75.53854539324004,11.761560419852499,0],[75.55534065860174,11.721468829673126,0],[75.53100342533598,11.708263012005238,0],[75.5265559001177,11.726059404942651,0],[75.54145967444909,11.73888891236074,0],[75.53854539324004,11.761560419852499,0]]],[[[79.67631947282163,11.813657480448756,0],[79.69004100010487,11.802987000270862,0],[79.6796234055768,11.796933688219207,0],[79.67631947282163,11.813657480448756,0]]],[[[79.69454800037339,11.823372000102164,0],[79.70422250430158,11.813135487045177,0],[79.69338499970263,11.813716000216024,0],[79.69454800037339,11.823372000102164,0]]],[[[79.64974149041373,11.844382039395741,0],[79.66132999956109,11.83954199998384,0],[79.67046699973231,11.814910999794538,0],[79.64061533413319,11.823642391284773,0],[79.64974149041373,11.844382039395741,0]]],[[[79.69722499977503,11.874058999709671,0],[79.69893199967255,11.86136499996197,0],[79.69605300013467,11.860395999945103,0],[79.69722499977503,11.874058999709671,0]]],[[[79.62312960931659,11.891440433880614,0],[79.66222762833908,11.867065863600343,0],[79.6576284699021,11.85286887500868,0],[79.62650576316678,11.85492785951822,0],[79.62861030099654,11.870503252817613,0],[79.6018149778219,11.858406392914107,0],[79.59968193406192,11.88353477214258,0],[79.62312960931659,11.891440433880614,0]]],[[[79.68752599993874,11.970251999734806,0],[79.677080357456,11.947930094977188,0],[79.65430517192561,11.953287888191856,0],[79.66261288746661,11.969198441441376,0],[79.68752599993874,11.970251999734806,0]]],[[[79.62664889356384,12.031650422421464,0],[79.65025498359884,12.021157870461678,0],[79.63539560090905,11.995304823320838,0],[79.64253839642492,11.942641897970537,0],[79.65690713545614,11.948171291956658,0],[79.67147499922568,11.931537419029736,0],[79.64044644024031,11.902114018418608,0],[79.61795074290109,11.924876656372058,0],[79.62664889356384,12.031650422421464,0]]],[[[79.6946817564474,12.034425949345932,0],[79.71989751648462,11.99211936643295,0],[79.65697860511382,11.991228856417726,0],[79.66045475372043,12.011136815753417,0],[79.6946817564474,12.034425949345932,0]]],[[[79.80652376362521,10.881045634111048,0],[79.81031109273907,10.878458411285655,0],[79.80721763658364,10.877797672843142,0],[79.80652376362521,10.881045634111048,0]]],[[[79.83924413388668,11.004054772348288,0],[79.8538164468593,10.983221369667339,0],[79.85128871300358,10.834400883736011,0],[79.830949678265,10.827825860943408,0],[79.80737085863127,10.864349029766547,0],[79.82500123322019,10.865020449345169,0],[79.81115805236138,10.881225256180658,0],[79.8290485192614,10.883223424394037,0],[79.78409306130182,10.888795264945198,0],[79.79014773101414,10.908646079152811,0],[79.75612166758901,10.89043357082574,0],[79.75603059021398,10.894960326221419,0],[79.76406703429642,10.899965846939438,0],[79.75730596143788,10.896396669820696,0],[79.75739016809504,10.90820521842569,0],[79.7633255774051,10.913920152638621,0],[79.72436673537695,10.929132080657821,0],[79.7368714937367,10.95702676210895,0],[79.72981839666328,10.950522031765503,0],[79.71994401806003,10.95163414124011,0],[79.71951832513197,10.956750112170022,0],[79.72408672232604,10.96981241869498,0],[79.76432321005896,10.959701788980052,0],[79.7473084543951,11.002607152157152,0],[79.78717086283145,10.997281241684847,0],[79.79746004925309,10.982053307686183,0],[79.81418612008106,11.00284821493541,0],[79.83924413388668,11.004054772348288,0]],[[79.72163421279143,10.955643645925687,0],[79.72031595913826,10.954192518382584,0],[79.72158923688,10.954010184004396,0],[79.72163421279143,10.955643645925687,0]],[[79.76450396533066,10.9118452149267,0],[79.7626240839488,10.901685603616814,0],[79.76601929792973,10.901015487936952,0],[79.76450396533066,10.9118452149267,0]],[[79.76951829126122,10.903717521123498,0],[79.7692743644367,10.903917863895058,0],[79.76920110988337,10.903743458192006,0],[79.76951829126122,10.903717521123498,0]],[[79.77013934298164,10.902285021656827,0],[79.77061283034902,10.902798316240286,0],[79.77010829043009,10.902849120996828,0],[79.77013934298164,10.902285021656827,0]],[[79.77027896501423,10.900657345673645,0],[79.76635680127818,10.900579478266964,0],[79.7670616932958,10.898586224012988,0],[79.77027896501423,10.900657345673645,0]],[[79.77175346936747,10.900966372057914,0],[79.771392539037,10.90015675412637,0],[79.77179799525958,10.900067425315436,0],[79.77175346936747,10.900966372057914,0]],[[79.7712925921929,10.898935566357581,0],[79.77162831838254,10.899221769886552,0],[79.7712585806428,10.899205265343763,0],[79.7712925921929,10.898935566357581,0]],[[79.7618054919107,10.905020296163807,0],[79.76139621043768,10.904779803011827,0],[79.76182657464841,10.904526233202139,0],[79.7618054919107,10.905020296163807,0]],[[79.75865865540513,10.900983987024143,0],[79.7583134284275,10.900361553908578,0],[79.75838860514953,10.900081314798218,0],[79.75865865540513,10.900983987024143,0]],[[79.75906706127306,10.900403495054007,0],[79.75876556175888,10.900565609294329,0],[79.7587766954057,10.900355538216354,0],[79.75906706127306,10.900403495054007,0]],[[79.75722744974723,10.89532604296844,0],[79.7573878505715,10.895780012797744,0],[79.7569519188398,10.8952286517226,0],[79.75722744974723,10.89532604296844,0]]],[[[79.73945991006025,10.920420078964485,0],[79.73851500844523,10.920001422677775,0],[79.73889698759304,10.921460366379103,0],[79.73945991006025,10.920420078964485,0]]],[[[79.74699134358684,10.992157568609894,0],[79.74795185344307,10.990423746391746,0],[79.74678737208637,10.990369214403824,0],[79.74699134358684,10.992157568609894,0]]],[[[79.73934199981564,11.842368999912582,0],[79.77305329408529,11.822366183721863,0],[79.79787800040961,11.824886000180541,0],[79.79863052179378,11.839376109679996,0],[79.80709833522326,11.83392921491599,0],[79.79584100013801,11.785522000251314,0],[79.76638610458514,11.79236409920263,0],[79.75092100035091,11.775610000187491,0],[79.71305436002662,11.790679713629434,0],[79.73565800021464,11.808848000369231,0],[79.73934199981564,11.842368999912582,0]]],[[[79.79413800039833,11.884102999847224,0],[79.79325699991449,11.884625000319234,0],[79.79417499989566,11.884588999772788,0],[79.79413800039833,11.884102999847224,0]]],[[[79.75260799753748,12.005462139161438,0],[79.75989893441233,11.989437853706656,0],[79.72308153417303,11.975522505106833,0],[79.74425700007814,11.964489000418643,0],[79.75002531668159,11.919807713473357,0],[79.78611699965612,11.960454000365608,0],[79.80548899958706,11.95340800034113,0],[79.81503900032763,11.97948500024491,0],[79.84077712809645,11.956328146409955,0],[79.80804947986024,11.837512804503627,0],[79.80126199994933,11.85503700031114,0],[79.76674399992136,11.84043999980683,0],[79.76861832563735,11.87604188144857,0],[79.74286691772056,11.848585618106883,0],[79.74009599974076,11.864944999650973,0],[79.71883329457381,11.852738445034035,0],[79.70944600001171,11.889413000224325,0],[79.67477517283295,11.88130424269552,0],[79.69603599973017,11.89479200009175,0],[79.69631999980648,11.918989000309407,0],[79.71874099976374,11.919081000441798,0],[79.71129217930965,11.890818397058283,0],[79.74067629225914,11.905609756713238,0],[79.71745576678468,11.928578936097233,0],[79.72139074109754,11.945382976060502,0],[79.70706869171471,11.94710510870972,0],[79.7117869997983,11.931723999865511,0],[79.69117923583849,11.9516584697179,0],[79.71514400000363,11.967238999872077,0],[79.71283400019402,11.986282000083893,0],[79.75260799753748,12.005462139161438,0]],[[79.77537099979922,11.9043439998534,0],[79.77232299964523,11.875478000443662,0],[79.78524299957255,11.862853999552607,0],[79.7930190000317,11.877108999770076,0],[79.79711499975299,11.894063999661263,0],[79.79636299995582,11.899781000390345,0],[79.77537099979922,11.9043439998534,0]]],[[[79.78871499987406,12.019063000111325,0],[79.80580009040385,12.023984418917285,0],[79.8043299745489,12.019217739983997,0],[79.78871499987406,12.019063000111325,0]]],[[[79.86157337091352,12.016373745446606,0],[79.84054599992876,12.012760000127052,0],[79.85005255123535,12.050914426530207,0],[79.87342800721936,12.041437612261232,0],[79.86157337091352,12.016373745446606,0]]],[[[82.2318671525907,16.755446693609468,0],[82.21749457529033,16.73272036586331,0],[82.26981613225155,16.721726379069242,0],[82.30549341888141,16.748175981627504,0],[82.31040253511821,16.718697931418994,0],[82.26674301303359,16.694585581399586,0],[82.18635807635239,16.730000999032942,0],[82.2318671525907,16.755446693609468,0]]]]},"id":27},{"type":"Feature","properties":{"state":"PUNJAB","id":28},"geometry":{"type":"Polygon","coordinates":[[[75.73736674958525,29.814092104418624,0],[75.71417118740256,29.80184689049931,0],[75.70644671507326,29.753196360641585,0],[75.67717455747075,29.776578769053902,0],[75.64246319685927,29.775091425684895,0],[75.62745191623252,29.74836025652413,0],[75.58009929464018,29.739091339030463,0],[75.56212434544379,29.77022298342192,0],[75.52303896145324,29.758402978757903,0],[75.51860352174975,29.775815628207408,0],[75.45667045851086,29.806600082374676,0],[75.45397692287749,29.78200067919288,0],[75.40631598797745,29.761249121006248,0],[75.39226640707875,29.71328575819442,0],[75.3457294485041,29.696003366593953,0],[75.3601690959074,29.662599264166467,0],[75.3337679065629,29.67347375820552,0],[75.31659195900396,29.630615264456,0],[75.29573748107035,29.62503374992962,0],[75.28969589392881,29.607807921410306,0],[75.31994021151985,29.58741242166957,0],[75.3094755345716,29.56083467961868,0],[75.23536718045504,29.542070143851607,0],[75.2217284544105,29.580282818328534,0],[75.23538227600685,29.60306509537874,0],[75.18307305397195,29.628399460853323,0],[75.18762588583091,29.651794676575513,0],[75.16756580521596,29.670179499740424,0],[75.20680376898986,29.687513672161632,0],[75.20064433979657,29.726480838294364,0],[75.2103396469465,29.73880713042295,0],[75.22635225608607,29.728872233010637,0],[75.24161132362207,29.754636146376477,0],[75.2263089391784,29.789133763249097,0],[75.20853844153734,29.792669416042663,0],[75.21068332812357,29.832402100335624,0],[75.19148883921814,29.841235019421312,0],[75.1640750049895,29.82409317275783,0],[75.15550454837438,29.776880921413856,0],[75.13511354624694,29.807285593941202,0],[75.10076163314119,29.80677926733165,0],[75.11889061720582,29.83194804281483,0],[75.08975595721824,29.85862584982371,0],[75.11473637235531,29.87865054338503,0],[75.08880354126563,29.917188153740764,0],[75.06999331322206,29.877048373117848,0],[75.04698699618523,29.8850725667947,0],[75.02254683341268,29.86625331321766,0],[74.99099251395225,29.86782316990093,0],[74.92670728425193,29.950488894091475,0],[74.89720232501719,29.9396900154397,0],[74.88796150859969,29.966723002357813,0],[74.85541525767371,29.95649245713147,0],[74.82105994162468,29.971024983078355,0],[74.81298068460985,29.992347220704932,0],[74.73098813693124,29.9614569148799,0],[74.70687210824688,29.97698597822305,0],[74.64176148840073,29.904539625335797,0],[74.55903137385343,29.92728040439703,0],[74.53156547098196,29.94967240398581,0],[73.89512141612248,29.974077895406108,0],[73.8865346869135,30.01249408913318,0],[73.90405320154343,30.050122319905316,0],[73.97564844940214,30.1209908752383,0],[73.9743317956013,30.189112421847767,0],[73.95653388098933,30.276071123291345,0],[73.93086710870575,30.32006846505001,0],[73.87977595887492,30.359722015249012,0],[73.97378803523206,30.44382443979632,0],[73.92625874031995,30.438930277903506,0],[73.93445389061701,30.490277129178438,0],[73.9641297013044,30.45647613680976,0],[73.96365797890074,30.48485221879444,0],[73.98199123382086,30.50401845364678,0],[74.01998903437169,30.51417029663442,0],[74.0120267929102,30.533592490909246,0],[74.03101009377806,30.526926936596883,0],[74.03922041917556,30.542617387243844,0],[74.05730646279102,30.518689710743075,0],[74.07227991878537,30.52290965921656,0],[74.09094792495416,30.549421519065746,0],[74.07342036301976,30.55467685125865,0],[74.1021283799204,30.579231926258455,0],[74.09603699341811,30.611607235198345,0],[74.11806563762404,30.607906363980337,0],[74.12736185051978,30.634796399440994,0],[74.14782013690368,30.631060568617343,0],[74.19332162847792,30.66517431857509,0],[74.23265785815956,30.724556429892242,0],[74.28646024302411,30.735695883166752,0],[74.26017369538037,30.773095051788857,0],[74.30196721539865,30.779368809586074,0],[74.29487555125,30.794506992303926,0],[74.32038523462946,30.846626511749143,0],[74.38208903926696,30.860433952420568,0],[74.36076587852945,30.873703769423912,0],[74.36590541531822,30.892932488990056,0],[74.42271799102052,30.90777871608848,0],[74.41033544559508,30.92348943407914,0],[74.42874679549631,30.93122551883018,0],[74.41386535823949,30.929648730065953,0],[74.41640488140314,30.940334604730676,0],[74.54615956199628,30.99241636795173,0],[74.54247779896039,31.017368541265434,0],[74.56823380915245,31.054688965293177,0],[74.59679977131414,31.03766257393573,0],[74.67116134293339,31.05362739522935,0],[74.69593050003515,31.074159652399896,0],[74.68910331109147,31.12802073483335,0],[74.65896841774382,31.133971151597724,0],[74.63623178432016,31.118259048063326,0],[74.63087718799935,31.132710347309754,0],[74.60305052834897,31.13360087580208,0],[74.61066736911717,31.099295957331666,0],[74.57126867886436,31.08142183138629,0],[74.55149659644533,31.08638518518483,0],[74.54835510039486,31.121927358351197,0],[74.51036333653666,31.131900952092806,0],[74.52596332520717,31.21176657415657,0],[74.51700738178924,31.22791951116331,0],[74.53273077962814,31.249690928187366,0],[74.52060281218647,31.26892221804354,0],[74.54202661242158,31.303774590251866,0],[74.52633454401179,31.311972755646796,0],[74.54886208574726,31.33482516821922,0],[74.5516530986375,31.36435210787395,0],[74.58348208704089,31.379039044824236,0],[74.60246003217846,31.420509456692344,0],[74.65461026491235,31.42600820154489,0],[74.63859514425373,31.444378084214105,0],[74.65213787345095,31.457301198042128,0],[74.62754639438134,31.476901790218943,0],[74.63647893507829,31.484762508885098,0],[74.60976763508972,31.49987021956146,0],[74.58728422357309,31.49629101348282,0],[74.57521291292895,31.501165986156813,0],[74.58433187650962,31.520922185264318,0],[74.61289831764428,31.52734045625498,0],[74.61560038618794,31.56898312495353,0],[74.55531664299589,31.6078403922079,0],[74.53496074930437,31.677598719119725,0],[74.48659647325046,31.714998933684566,0],[74.50370384453453,31.740477622134,0],[74.55940688236319,31.757879837280335,0],[74.5579057907392,31.804769749366603,0],[74.60786214786279,31.890385962709637,0],[74.63630900451959,31.884221787503996,0],[74.66670525897813,31.92273447006908,0],[74.7192389901294,31.923689700199827,0],[74.72016503734092,31.94142789869672,0],[74.75657217832278,31.943699869316337,0],[74.75559337077414,31.955754205063222,0],[74.81910005671051,31.958749484204464,0],[74.82887294159269,31.99861666224783,0],[74.87997801700836,32.03203976640097,0],[74.86892089591699,32.04160983817831,0],[74.87954987905353,32.05379683818734,0],[74.92795787771725,32.06645975631884,0],[75.012364529904,32.03574542134554,0],[75.0687013186459,32.06719096559481,0],[75.10489529354423,32.058569709237695,0],[75.12290531239697,32.08138206434424,0],[75.17424345677065,32.067468614480106,0],[75.1984973602731,32.082670988153545,0],[75.20245773155801,32.120237380682056,0],[75.21582668010285,32.1211039256224,0],[75.22370379968655,32.09816263123354,0],[75.23544084304511,32.10350436885556,0],[75.23141719213106,32.091610552543095,0],[75.26130958801697,32.10138057402947,0],[75.28535460619403,32.151494734938126,0],[75.3224201259653,32.179498517710385,0],[75.31638085595891,32.208036949874995,0],[75.37243433454965,32.22605309885016,0],[75.38185508485905,32.268954119300915,0],[75.3204964877164,32.297389977792086,0],[75.3411980093507,32.34547541690289,0],[75.42999148278753,32.31499649862749,0],[75.48910497066584,32.34556277154689,0],[75.481915324546,32.32029237910566,0],[75.51153197492201,32.3085924108875,0],[75.50393065187467,32.29131629093569,0],[75.53224267824477,32.277831456603614,0],[75.53928516803367,32.33521646368888,0],[75.55978013857342,32.3569793890826,0],[75.72275976173684,32.4055988446728,0],[75.7277482327227,32.431682710052876,0],[75.74380395620949,32.431601004406325,0],[75.72979366550159,32.45320152754749,0],[75.77693830756445,32.46511672240308,0],[75.83578557719446,32.51156257447362,0],[75.90277205817455,32.45232682218047,0],[75.93798921355003,32.397536924870806,0],[75.87360117875558,32.39568271103433,0],[75.84381088600925,32.355308274726966,0],[75.81120625109058,32.34848639684,0],[75.81482903417034,32.33018320816283,0],[75.77231741266147,32.289358490046254,0],[75.61846102408845,32.23757389023497,0],[75.63731649829921,32.222724971164304,0],[75.62376617781202,32.1900412579873,0],[75.66191839474241,32.19290603574683,0],[75.6726814535358,32.159221249774866,0],[75.60015756757271,32.09243774259261,0],[75.5948241369228,32.069469392707106,0],[75.66291821228845,32.075731400893844,0],[75.72386119031613,32.03258978839785,0],[75.75083688314899,32.03768235833952,0],[75.79965669292862,31.993752857332428,0],[75.91040749408774,31.95011231060417,0],[75.98649199910804,31.817921652882735,0],[75.93668049201479,31.81541176821959,0],[76.01793514493907,31.63313413553602,0],[76.05585208062315,31.605499097838212,0],[76.1683067000159,31.410444384844386,0],[76.14688790072937,31.358982136641632,0],[76.17882329909655,31.340473608693078,0],[76.17982460044014,31.306533224796013,0],[76.26933837211004,31.311922262440852,0],[76.27555326933168,31.30040481628814,0],[76.32237810217674,31.321611093078328,0],[76.3076537170184,31.3423526361161,0],[76.35353821852388,31.34786455125254,0],[76.33108586880473,31.401626528925515,0],[76.36726106860064,31.404371620959353,0],[76.3747499573418,31.438191905153815,0],[76.43233011426344,31.326561133235217,0],[76.46349131764602,31.301952720028773,0],[76.4399930647926,31.27871576602766,0],[76.47912581007735,31.308668003654557,0],[76.49757242341653,31.26986083943007,0],[76.52743275494339,31.277168663292876,0],[76.52380080359158,31.258137494051596,0],[76.5393430569413,31.261045500149233,0],[76.54292614788709,31.28243382731588,0],[76.54921025146096,31.25275420421204,0],[76.58774775791849,31.274196747554356,0],[76.61190266683505,31.24911899033014,0],[76.59256762749168,31.21126409703549,0],[76.64166529599045,31.22302061682698,0],[76.6454186175141,31.209058806703155,0],[76.59681874524331,31.177989422874088,0],[76.61230153059512,31.148031622334155,0],[76.60200248255401,31.123543188513715,0],[76.63858480762877,31.107997850875346,0],[76.61096520114623,31.04582811854715,0],[76.62904731072325,31.023620112737547,0],[76.62501075569077,30.99863878886417,0],[76.73714209294437,30.949607079744375,0],[76.81399823969896,30.842986563757194,0],[76.84669987761458,30.83390559225758,0],[76.85698714282027,30.794747584255305,0],[76.8374535869328,30.754149185383522,0],[76.8156055221952,30.752707004753994,0],[76.8135151717739,30.780167292381922,0],[76.78347686351667,30.77056763037061,0],[76.7715079787482,30.795208561501163,0],[76.71075922860459,30.760976358664635,0],[76.7051833708694,30.742919864313272,0],[76.73109691246191,30.723557735204988,0],[76.73931908024359,30.692855632898624,0],[76.77687329783333,30.67034948973384,0],[76.8074634931937,30.666995459431114,0],[76.8274470407896,30.682133561018155,0],[76.84986037487451,30.65684045301714,0],[76.87644722791539,30.68050561358444,0],[76.87121919082884,30.642122940494247,0],[76.92601135584584,30.610063776787072,0],[76.90965507128608,30.591878888972,0],[76.91616122469075,30.553663429686832,0],[76.88649885556046,30.549829494230757,0],[76.93201792542098,30.522188065468338,0],[76.93117076418255,30.500355220833313,0],[76.89895962423766,30.4887923238645,0],[76.9138145207027,30.46767046125296,0],[76.8975522544927,30.437102935379645,0],[76.91228979301466,30.442907780394574,0],[76.91235197877803,30.400629611848405,0],[76.941461497855,30.395352268127297,0],[76.89826158891375,30.358818676165978,0],[76.88336462178503,30.40864539325695,0],[76.85612694752854,30.417646439577364,0],[76.8467896211742,30.43807877032283,0],[76.82183414940864,30.41268154961986,0],[76.78703677780985,30.41621060200696,0],[76.77429490714398,30.443275748658355,0],[76.74104725490085,30.42621788549312,0],[76.71284692607861,30.39020456363138,0],[76.73124010217893,30.379662023300106,0],[76.71991201811299,30.363328954410964,0],[76.74541396618031,30.36782949669576,0],[76.74609173340224,30.349533723359237,0],[76.68859423900003,30.32727142436914,0],[76.68078762604557,30.303131150191923,0],[76.63541809518512,30.289593287426502,0],[76.62343087035939,30.26455214694054,0],[76.55667999001143,30.262438015859704,0],[76.54567344462448,30.225547123332912,0],[76.59633300738756,30.25520715967523,0],[76.62750630866111,30.227186301973248,0],[76.61553489233468,30.211678307776754,0],[76.65425987268121,30.203465757781117,0],[76.6571279307143,30.18712151772975,0],[76.63543324610478,30.169974959427677,0],[76.64560471687854,30.18806530237223,0],[76.61419086297332,30.2044333322333,0],[76.60730860069287,30.191776707763083,0],[76.64374388783604,30.150211314432426,0],[76.54375940515713,30.074273576691546,0],[76.50827791237869,30.07030630469687,0],[76.50207554383444,30.091918490794562,0],[76.46254858010256,30.101020376820355,0],[76.45998318151842,30.129444255589778,0],[76.42859134257365,30.15054705252223,0],[76.44058212690219,30.16584074051675,0],[76.42273748811624,30.19223820496339,0],[76.38718122214462,30.170593931645925,0],[76.41009449890835,30.14503551889654,0],[76.39110779463508,30.13480293260143,0],[76.40006489241678,30.116670549140302,0],[76.36220302745595,30.120118583717638,0],[76.35049026992401,30.146830861610823,0],[76.33350782645134,30.13816629293501,0],[76.36023159655602,30.120166088715898,0],[76.3217633327855,30.095059198214525,0],[76.20766999899652,30.156993500456654,0],[76.2242828153494,30.127075914502957,0],[76.2024370195382,30.13604857509276,0],[76.19637811350677,30.12345305581531,0],[76.26530336909185,30.098782291688966,0],[76.2139622715715,30.031721301891896,0],[76.23199444819069,30.0152075395012,0],[76.20241298717852,29.98931766413083,0],[76.21017583290396,29.93961316239276,0],[76.18375563305969,29.948300934390616,0],[76.17197242586282,29.926272375013358,0],[76.18780626406284,29.92062645355666,0],[76.19345543162916,29.885622026556725,0],[76.24675730863942,29.87595111608075,0],[76.2438162216716,29.852408110718525,0],[76.22055152372788,29.837843741417768,0],[76.1978173783363,29.844761768758417,0],[76.17373978272254,29.81790646962162,0],[76.14548769677512,29.819079747411475,0],[76.12395044901236,29.79091164367062,0],[76.09808481490553,29.810606833200037,0],[76.043847289627,29.742677102521434,0],[76.026779136835,29.756256396118605,0],[75.98441575028065,29.72710784077089,0],[75.93869236210213,29.730664040544113,0],[75.90631169041713,29.75333151765365,0],[75.87025020241293,29.74930270765595,0],[75.83522528012094,29.814347899540532,0],[75.81582916978353,29.804160225394003,0],[75.77943248513282,29.822289876277114,0],[75.75617472755083,29.804995456119197,0],[75.73736674958525,29.814092104418624,0]]]},"id":28},{"type":"Feature","properties":{"state":"RAJASTHAN","id":29},"geometry":{"type":"MultiPolygon","coordinates":[[[[73.97553432231288,23.37151599620936,0],[73.93800771928692,23.3679377422227,0],[73.93565696230303,23.33973047470337,0],[73.89192593316558,23.334111787923437,0],[73.82870546414877,23.44769257606534,0],[73.78627736104028,23.430225282702146,0],[73.7557306878993,23.45432266867355,0],[73.7208055721983,23.410134592577673,0],[73.69739915180945,23.456671344558842,0],[73.64745595429105,23.43645216768535,0],[73.62720945755339,23.44857133821049,0],[73.65636475642847,23.507457514189444,0],[73.63306774522172,23.5286859034431,0],[73.65565542756967,23.621288519277876,0],[73.61548049831018,23.652116178237357,0],[73.57265586293191,23.65376627188684,0],[73.52308171679726,23.606900250003235,0],[73.4937654768134,23.632338333941817,0],[73.50877367284495,23.644387253316786,0],[73.49660525033899,23.649156995173072,0],[73.50739416834092,23.703042673980693,0],[73.47351839935806,23.705232622147914,0],[73.44773183703556,23.752868908313907,0],[73.41288635493424,23.77939699856538,0],[73.37027152812215,23.765468280311104,0],[73.35184395379211,23.791396262300772,0],[73.36855208063405,23.83188303592279,0],[73.35388399840701,23.853331382999574,0],[73.38746024481222,23.915906224434273,0],[73.42047621712712,23.926825162089226,0],[73.4149572100418,23.985780507316786,0],[73.39787929846989,23.989510301974384,0],[73.40469533983301,24.041034528581932,0],[73.36086949523977,24.08128249491873,0],[73.36199341446681,24.104662321125403,0],[73.3273005608768,24.10929191858556,0],[73.31725773684045,24.053049083952313,0],[73.28310582774117,24.01887262628117,0],[73.23987853848415,24.003430828777503,0],[73.19314122111827,24.040996060635738,0],[73.21322567589318,24.078040509617523,0],[73.15892028307192,24.098326188309397,0],[73.07664711803989,24.17911992643468,0],[73.078453613384,24.219374046701468,0],[73.09871264520169,24.226159145315297,0],[73.08787063458544,24.234919080217548,0],[73.12433012849809,24.271664698917256,0],[73.13543796613224,24.30843240157158,0],[73.169220863017,24.300304947138645,0],[73.17634880740901,24.337878746263325,0],[73.19856569156453,24.33193331413959,0],[73.21926204421315,24.36389544851513,0],[73.19918824652703,24.376510358741708,0],[73.15257023745204,24.35384277154168,0],[73.07650293825789,24.39660070367858,0],[73.11214510726629,24.45991822627515,0],[73.10892658887897,24.485788171309334,0],[73.08765858641024,24.497755946816266,0],[73.03522840691471,24.463847149584495,0],[72.99100714964649,24.477601130464077,0],[72.96796309793525,24.45090730988829,0],[72.98121427108539,24.434381350884863,0],[72.94930053306648,24.398184337410203,0],[72.97755127600382,24.374639387853467,0],[72.91072688335734,24.337211930101272,0],[72.84976014048516,24.372041379773403,0],[72.73086080373666,24.364301029187292,0],[72.68914572836027,24.4117322818427,0],[72.68335799608167,24.46387720493977,0],[72.57594281443033,24.478854709538442,0],[72.53824382351151,24.51968209471492,0],[72.49319275086494,24.459083861673307,0],[72.50042389235071,24.41705461129533,0],[72.45724301288816,24.414798729492272,0],[72.43021761970566,24.48017440061297,0],[72.44108063385582,24.515326068524715,0],[72.3885790676574,24.5076799274471,0],[72.35372978792559,24.563761948973227,0],[72.33093497156945,24.569305006840207,0],[72.32899109295963,24.552408371709674,0],[72.29543500520852,24.54662579381394,0],[72.24639573599018,24.585607133149058,0],[72.2763436901565,24.607526910967657,0],[72.33558553734635,24.59858430123141,0],[72.34733443819422,24.628455974265744,0],[72.3049851279058,24.617545762351245,0],[72.23036762902159,24.64060954228184,0],[72.1965718047117,24.614719426945115,0],[72.16480966135518,24.621276722776127,0],[72.15025728466271,24.64366945126843,0],[72.1245705107371,24.638602584400502,0],[72.08981676634431,24.658695079553272,0],[72.08519862058826,24.706411088046803,0],[72.06132921601603,24.712108768888985,0],[71.99383487748358,24.695061768224267,0],[71.98829642817363,24.657532524796412,0],[71.93987304023726,24.633804578687446,0],[71.91544280584228,24.64951303958329,0],[71.9186119236912,24.672113622290368,0],[71.87175129847469,24.681766680407314,0],[71.85216726110689,24.609362613451765,0],[71.80589954976372,24.626750871448802,0],[71.81038561312668,24.656064279920052,0],[71.7915287807319,24.677338599557135,0],[71.65536604646064,24.639188869521355,0],[71.6075995128294,24.676553632166083,0],[71.47917032805957,24.67964701830656,0],[71.37780447619686,24.6259676067976,0],[71.35863893366876,24.63075172928901,0],[71.34816852381533,24.660935404849756,0],[71.28782335918694,24.616229048098894,0],[71.10717723475759,24.679707287191796,0],[71.06529909544292,24.717460937300007,0],[71.02648014318743,24.80884939307762,0],[70.93762775979013,24.93855841881087,0],[70.88867057709743,25.148173493262604,0],[70.75158096643474,25.27781544952651,0],[70.73679534074579,25.33255728630982,0],[70.66481386113475,25.396882653078826,0],[70.67845329463414,25.525196238230336,0],[70.66713607277404,25.531338643034353,0],[70.67393366966175,25.67584185887706,0],[70.66007425167258,25.702152567242887,0],[70.6088517550358,25.71497322116903,0],[70.53015486258417,25.68348035061268,0],[70.38700215750762,25.673831536881917,0],[70.26865201398138,25.71360020120755,0],[70.24724135070815,25.761605257256388,0],[70.1744548146342,25.82836583221034,0],[70.09976322789849,25.93826304739475,0],[70.08338721965677,26.08328898504366,0],[70.14142471602736,26.156215101738105,0],[70.17504729751164,26.251528463014466,0],[70.16350941157431,26.294930853185484,0],[70.18536272777014,26.374334459871086,0],[70.17417637884058,26.551443370252663,0],[70.1171964186136,26.586880575302416,0],[70.05623329344274,26.600568522660584,0],[69.88676690254117,26.578870098370928,0],[69.79189593090194,26.59831131343278,0],[69.72249271370653,26.653310647647125,0],[69.51030972695143,26.743503765400998,0],[69.48442566921284,26.804835289189867,0],[69.51331289007925,27.00998351466062,0],[69.58684103926976,27.183322778649945,0],[69.86248468008117,27.401807498679958,0],[69.93389090904341,27.497830759763044,0],[70.02589969963184,27.56291993466194,0],[70.13239619594734,27.80595556294311,0],[70.22701157338452,27.90137058034869,0],[70.29618493608345,27.936015539673473,0],[70.37219234913721,28.01183214485653,0],[70.50582063866622,28.037038001566057,0],[70.58946000765594,28.010439695980565,0],[70.6773991829831,27.921846194077325,0],[70.68437192759325,27.828185800286146,0],[70.73976792447606,27.741921845971003,0],[70.75931607291224,27.72126581964305,0],[70.8718394310662,27.705597885464897,0],[70.9631992688137,27.729377536019246,0],[71.20553536628532,27.8354174787109,0],[71.38306322643356,27.872630067673004,0],[71.66643338345203,27.877756409422553,0],[71.89834425460967,27.961210443086124,0],[71.9273612585468,28.121740076444205,0],[72.00429031802994,28.218656613437286,0],[72.13224352223673,28.31309839432764,0],[72.20613068311621,28.39426882054276,0],[72.29923759914585,28.669754062980292,0],[72.39070263664227,28.770357249902446,0],[72.73308526951477,28.948087888790415,0],[72.94584049957601,29.027947566812745,0],[73.00435759044241,29.15295413384825,0],[73.0844285258285,29.23626562506862,0],[73.28209722938989,29.572031894776092,0],[73.39692523430344,29.94599769769999,0],[73.59700188022335,30.018977276930308,0],[73.80656041516231,30.068029040353956,0],[73.97256071280688,30.198148088682384,0],[73.97564844940214,30.1209908752383,0],[73.90405320154343,30.050122319905316,0],[73.8865346869135,30.01249408913318,0],[73.89512141612248,29.974077895406108,0],[74.52715909385786,29.94293944016153,0],[74.50979156717166,29.90842424457672,0],[74.54382772179635,29.901683601151017,0],[74.56105618429261,29.86977608289454,0],[74.54418936053247,29.844394722894837,0],[74.4835200511276,29.813599187492105,0],[74.47362110672299,29.76721475557572,0],[74.47786680244437,29.74680731326614,0],[74.50670913377728,29.74231325065295,0],[74.57811433801001,29.74798858497164,0],[74.5874882365443,29.766907636374217,0],[74.61594028033947,29.75226630832735,0],[74.57497238594102,29.564320731830335,0],[74.62189393484488,29.52224752714206,0],[74.58466472020412,29.45849083630372,0],[74.5437688128378,29.46796879198112,0],[74.53465639074844,29.447716291438834,0],[74.53662283884971,29.424546368210073,0],[74.56641304648254,29.420481501408595,0],[74.60291079502234,29.364909024257468,0],[74.59928636717126,29.327456369981064,0],[74.65450904984502,29.332940238581177,0],[74.65822588203876,29.371966652967252,0],[74.76220304421842,29.35437636971396,0],[74.85058115587229,29.403593998547457,0],[74.93828471003332,29.362033581924823,0],[74.96089525473495,29.320254025779963,0],[74.94841219458633,29.301472134010798,0],[74.96116774044674,29.280582243626263,0],[74.99922855586338,29.270306240022435,0],[75.05000077000003,29.286076002685338,0],[75.07554239415241,29.22968910758613,0],[75.11961069537142,29.22286515771937,0],[75.12438994762219,29.239869629153116,0],[75.16283257125401,29.244016238332158,0],[75.18800640050092,29.26819080283908,0],[75.21014258397149,29.234649366440788,0],[75.23839448858978,29.23023811103201,0],[75.24468682831882,29.250000681969567,0],[75.28376811657364,29.24978839018245,0],[75.2874144841867,29.273324515748367,0],[75.32204769000589,29.28949192288787,0],[75.34061148621717,29.28113448054524,0],[75.32812230698688,29.235313717981974,0],[75.34984180224473,29.22377363225298,0],[75.37802291690416,29.256833344401876,0],[75.41069842695549,29.25547510222547,0],[75.3968233854048,29.217536737154127,0],[75.41438070986105,29.184314529929473,0],[75.40677398750695,29.169747956842627,0],[75.38125212984431,29.168952063347277,0],[75.37150023281696,29.138102676829654,0],[75.40216329275023,29.12790091142126,0],[75.39125699046909,29.062731320788725,0],[75.44181916095846,29.057538070709178,0],[75.44571890981396,29.00832058787959,0],[75.52199592066835,29.00374538904139,0],[75.52742040497718,28.971004243179294,0],[75.5115641623365,28.942061502069947,0],[75.47339618340872,28.923379821280683,0],[75.496599343304,28.89616156866914,0],[75.49846806959374,28.84895622765637,0],[75.52024687472235,28.833987607758228,0],[75.50326125414078,28.782530959773368,0],[75.5360961812029,28.745168019925643,0],[75.54121035063027,28.660488057443192,0],[75.56151879320986,28.61321459237037,0],[75.6217086849566,28.6020677856265,0],[75.6334766218031,28.544437930663033,0],[75.66579911196449,28.535990874214395,0],[75.70197990878061,28.491774586523235,0],[75.73947313156339,28.484761001880383,0],[75.73566964709708,28.46884126231714,0],[75.78829449947496,28.453549385712112,0],[75.7667165225546,28.414227847773716,0],[75.77679440061273,28.40037279385709,0],[75.81866950383596,28.409913274340123,0],[75.91824278594021,28.371999478348126,0],[75.95783866619061,28.3138291927058,0],[75.972456365329,28.318576905245028,0],[75.98620615542193,28.293120468747713,0],[76.02632987239761,28.275032220598096,0],[76.01610914485096,28.236951813333437,0],[76.05600282285435,28.22028400366769,0],[76.04733637503628,28.198142412013514,0],[76.07191932045748,28.194340366449076,0],[76.09545334466988,28.15086201952741,0],[76.07469964163263,28.137137972778667,0],[76.07068556061427,28.165145191679812,0],[76.03178535413028,28.167859841198098,0],[76.007489918849,28.15314856020817,0],[75.99899437281758,28.12277137294257,0],[75.94556423559919,28.107164588646576,0],[75.93860331786355,28.087942098725616,0],[75.98343352707718,28.08135046092374,0],[75.98441039965536,28.047085182272614,0],[76.02324251323682,28.085985192356354,0],[76.04079718702339,28.074057619810972,0],[76.0253595304529,28.05424113635996,0],[76.00827666607495,28.058393937224437,0],[76.01639215810765,28.03050920201583,0],[75.99462202230688,28.038517701399392,0],[75.97273427808327,28.023637573997163,0],[75.99554193027076,28.006893844061867,0],[75.98993151307477,27.994693620417674,0],[75.96671818821726,28.000028786008137,0],[75.96579939487539,27.98361184705702,0],[75.9999352211049,27.977578491981937,0],[75.97271509647761,27.932666440008486,0],[75.95167894775095,27.94772681610736,0],[75.93235593911939,27.930138395030337,0],[75.9382765518481,27.91407886115994,0],[75.98748690164399,27.904163035152823,0],[75.97137309025517,27.851966256687785,0],[76.04807723309514,27.834983556171313,0],[76.08567086829655,27.84470766488415,0],[76.08888343108222,27.860542391012796,0],[76.12333438091979,27.851025002464834,0],[76.13226702380905,27.824475891619,0],[76.17496056889179,27.79807353626386,0],[76.19959822444724,27.82155792470866,0],[76.21732662704328,27.81681047144181,0],[76.22517893023483,27.833256513111376,0],[76.19380583574672,27.859511696421226,0],[76.201464655182,27.892541588187516,0],[76.16820689815408,27.903380117232754,0],[76.18664073209393,27.965478475677603,0],[76.15778327334364,27.98898217891465,0],[76.17688975356037,28.02154942890181,0],[76.21480262674412,28.026582663643662,0],[76.18040480857202,28.054518994739862,0],[76.23804263995264,28.049715573789754,0],[76.26096208499229,28.06752875650599,0],[76.2935559644042,28.049201820787108,0],[76.29897753517376,28.022706753284986,0],[76.3189542674212,28.015530768830025,0],[76.34236339651964,28.030575723572493,0],[76.35566968504607,28.070732447816198,0],[76.301441763657,28.097869328825297,0],[76.33659444120507,28.102607805340366,0],[76.35986118800656,28.12491869222097,0],[76.29758292383107,28.149115291399692,0],[76.30456317392296,28.159322233738735,0],[76.28070614319039,28.165532551974742,0],[76.29226591635249,28.179216353991052,0],[76.34525083280214,28.16939869750221,0],[76.35656783542139,28.143733279423348,0],[76.38172722822374,28.133235411429343,0],[76.47573559317296,28.148583185019643,0],[76.47204815171672,28.135077650197946,0],[76.50267623965851,28.118711156853575,0],[76.4990472234439,28.100198408239915,0],[76.4636948970689,28.10915873665442,0],[76.44784091073254,28.088959812795522,0],[76.50124374659578,28.059687276279657,0],[76.4625396088931,28.059105594976455,0],[76.45467434829065,28.042326459764556,0],[76.54381992860155,28.03420612402009,0],[76.53595254098033,27.97951511280178,0],[76.54813569007021,27.96384368198976,0],[76.58988532138311,27.99785736113069,0],[76.66815758105172,28.01382922595955,0],[76.6543909708958,28.034682109844365,0],[76.65715852226316,28.089170708874395,0],[76.68735686326607,28.087653238319024,0],[76.71575823665708,28.127737867521432,0],[76.74355877232654,28.121030118831076,0],[76.76244775178121,28.14263914538207,0],[76.7948108453456,28.148382624598607,0],[76.80839923561993,28.210863811584577,0],[76.87490155937337,28.217769125384926,0],[76.87099520446506,28.206589039481603,0],[76.90676665195592,28.200309465983924,0],[76.89162434480917,28.19029162283925,0],[76.90653915718156,28.171885568095,0],[76.97054875155258,28.138428026219284,0],[76.93060975737143,27.993347866875997,0],[76.93153807284567,27.922348528543104,0],[76.95161985175999,27.918025309662546,0],[76.95057305511148,27.895642333701275,0],[76.93765904391012,27.89622180594225,0],[76.94231799593689,27.84261783450464,0],[76.93570138770718,27.828809806991543,0],[76.91358440523443,27.83170102555762,0],[76.91900375218665,27.80414027000617,0],[76.89268167210064,27.733457411796987,0],[76.92472621004902,27.699921431962476,0],[76.88987601458305,27.700749061126007,0],[76.91082817764675,27.654673874908053,0],[76.93335727683517,27.656030988413086,0],[76.94377016046913,27.673722757625555,0],[76.9793729331385,27.653598978164485,0],[77.00009797687399,27.73696928073965,0],[77.03647323135127,27.748611162547512,0],[77.05963340423975,27.726483824538203,0],[77.08566100728169,27.738088984915578,0],[77.07635331907761,27.76631591345436,0],[77.0265766421924,27.779239155420118,0],[77.04479883160528,27.820982162776428,0],[77.10847900493485,27.78547680863432,0],[77.12285150415016,27.792624726575088,0],[77.13521920078105,27.775086133062327,0],[77.1585527396662,27.787345983880062,0],[77.1595107952543,27.81633520876883,0],[77.18943596947746,27.809019695943636,0],[77.16909672912871,27.79089837932432,0],[77.177023956698,27.78546762124345,0],[77.19856906907543,27.798822233235896,0],[77.2020725733404,27.823758055424033,0],[77.2366998776332,27.78451610089914,0],[77.2687570831422,27.814937697660156,0],[77.30286281145133,27.79405263044273,0],[77.31945152897683,27.73666922795295,0],[77.30393243665776,27.710789100413617,0],[77.34115064645277,27.703367288308268,0],[77.35258300940902,27.651237427333875,0],[77.31705933660382,27.606751580119557,0],[77.3582180561239,27.588960773785647,0],[77.33727283794109,27.56976106762646,0],[77.34916377310674,27.543152372582004,0],[77.33999299602696,27.526619628603335,0],[77.38739095297746,27.51289275484167,0],[77.40154866794528,27.476504528356106,0],[77.43781399441689,27.456318362770393,0],[77.42110203327803,27.422017974035548,0],[77.43997671861177,27.390330437473352,0],[77.5071883521859,27.377090044977646,0],[77.57878339371754,27.322663907823205,0],[77.62270954920552,27.336185602008495,0],[77.62189835679021,27.313048310787604,0],[77.59866735181424,27.297204238996017,0],[77.6168288150218,27.286449975777465,0],[77.61642945925404,27.257802411095668,0],[77.65282116876492,27.234842651619473,0],[77.64671430772798,27.21021833762652,0],[77.68113044882598,27.19440378939301,0],[77.65840253277734,27.170105942510766,0],[77.61995681251707,27.173550356855547,0],[77.59784505401593,27.117999836460474,0],[77.51774112710801,27.102459551902125,0],[77.50544316681301,27.09229787006393,0],[77.52635890314505,27.084619201495343,0],[77.51934591895699,27.066619534040676,0],[77.57168983362477,27.07186827777853,0],[77.5632078246596,27.02937067947006,0],[77.57919158016877,27.03820693529504,0],[77.63002813178085,27.01020747661215,0],[77.6422149279246,27.02566599481958,0],[77.6655834743007,27.01725204962152,0],[77.67976650861141,27.047083460615063,0],[77.71194098011594,26.99710471588004,0],[77.73005912223849,26.99388829755316,0],[77.73768667625062,27.029751049455484,0],[77.75951813263045,27.017984485169723,0],[77.743474326695,26.983166146888586,0],[77.67624690068004,26.973220007315344,0],[77.67216729058282,26.959969909421105,0],[77.66088302355597,26.971218363980945,0],[77.58319683077055,26.92416095106935,0],[77.49025638473707,26.900491434211226,0],[77.42728377250843,26.86408671794383,0],[77.42211860754028,26.84096817229125,0],[77.44585932956893,26.814667111760777,0],[77.43268565470613,26.767837956861996,0],[77.4543777490791,26.778009072572345,0],[77.47036962725677,26.76465673606183,0],[77.45456349437927,26.74187324756023,0],[77.5025627553395,26.768734012314404,0],[77.48746605911293,26.78815407267374,0],[77.50117235411162,26.84445423087823,0],[77.52071283763425,26.84152079147786,0],[77.52568621207278,26.81887162584444,0],[77.60837048383536,26.839120756020556,0],[77.61033876872067,26.828577183876188,0],[77.68665126419515,26.87524947194381,0],[77.72261000536129,26.87431826322695,0],[77.72491825165152,26.910381777680243,0],[77.7605990264682,26.93262140250333,0],[77.8502424588319,26.912828972645073,0],[77.89648912935533,26.883997607614884,0],[77.9089018802492,26.89061783347325,0],[77.90636012905247,26.917778842645035,0],[77.94840529452729,26.893577663052977,0],[78.01458636708665,26.90291119715911,0],[78.03547614642615,26.870795083278242,0],[78.02647410925893,26.84953415550739,0],[78.05597390381702,26.86839159519832,0],[78.04880661976682,26.910132686015068,0],[78.11119752165727,26.895877079500288,0],[78.10175988055312,26.917828521878384,0],[78.12181705062427,26.922578761979533,0],[78.11177454190472,26.939758571024388,0],[78.12451038850428,26.94928490471595,0],[78.21013598991988,26.93122564249156,0],[78.22420301742123,26.946461500639945,0],[78.23862040394432,26.926644602263675,0],[78.25495888535117,26.935310006464388,0],[78.27225734296242,26.919185411246772,0],[78.23264465875623,26.874275865707965,0],[78.2086212686235,26.86886238957177,0],[78.19698024475139,26.882175975797058,0],[78.22227999747746,26.831322410732987,0],[78.1687225211363,26.820394936687777,0],[78.18400156457,26.783821202325218,0],[78.10596133524716,26.78888285826433,0],[78.10345406178706,26.76332194370097,0],[78.12352702663071,26.74688223667614,0],[78.09593010859268,26.727801713851957,0],[78.09267365050945,26.67625543035934,0],[78.0004319209461,26.69485677688437,0],[77.95317634739482,26.65893875111072,0],[77.90425941521714,26.659063513502172,0],[77.89427913679857,26.614711521219302,0],[77.82732613297031,26.59604698372801,0],[77.83567937129293,26.576031305197922,0],[77.82201133043613,26.549578237566042,0],[77.74590956792073,26.538754162354955,0],[77.7270112586124,26.502316803346194,0],[77.67371648295793,26.502834284593032,0],[77.53838080884142,26.411296540608568,0],[77.43734918029352,26.403276922812413,0],[77.44467691057629,26.361761537824673,0],[77.36836846033775,26.36415119257868,0],[77.32897014914556,26.34255133743575,0],[77.27105472893089,26.26758047094628,0],[77.21283792701824,26.233771787366347,0],[77.13604283872436,26.233453645654304,0],[77.09675126698968,26.183237852152786,0],[77.02913608257307,26.17119366574436,0],[76.99761369829328,26.129066691278584,0],[76.89977543767795,26.092504907461038,0],[76.88484731684066,26.048039207197093,0],[76.8067797520381,25.989808110228704,0],[76.78902757707104,25.941092521263098,0],[76.74885573896714,25.940469479539033,0],[76.75661520031858,25.921010901631927,0],[76.7163319756411,25.9011592719049,0],[76.64026441235663,25.907609917972028,0],[76.62322237252597,25.870553304846034,0],[76.58277452777139,25.871045334106995,0],[76.52101139746614,25.793599490815577,0],[76.52376724130617,25.729831792005015,0],[76.47342575156668,25.709918508608677,0],[76.47945107752618,25.684203412581784,0],[76.50383834342855,25.67320138838758,0],[76.50375872829208,25.57977214373495,0],[76.51661387243932,25.526674191726176,0],[76.55546400421525,25.48256511749317,0],[76.55597622282404,25.452030124085187,0],[76.58627281287745,25.43355891279785,0],[76.59846553363899,25.39232966943828,0],[76.62278748848769,25.37678285755873,0],[76.63976299775561,25.383532858534007,0],[76.66949719002552,25.349103369802602,0],[76.70028246155726,25.351626529906046,0],[76.72932380122401,25.32856908366928,0],[76.77880602811936,25.31556205608095,0],[76.85728476790725,25.33278463133213,0],[76.901538950786,25.32363473981096,0],[76.92940825568978,25.30318635985154,0],[76.92327420520841,25.28545529789676,0],[76.9422462599338,25.28215991848122,0],[76.97373847571917,25.30040586818182,0],[77.03169039637777,25.294387369055375,0],[77.04589734287026,25.321439036004207,0],[77.07005094042977,25.318492856259507,0],[77.08367338942543,25.336557703473446,0],[77.20941757106019,25.306305135975062,0],[77.20554795282709,25.32647850396729,0],[77.22336866115108,25.318790919345695,0],[77.2339469288144,25.333772557162355,0],[77.23394351360935,25.37870090909423,0],[77.29380340554107,25.42429500503454,0],[77.3154588405794,25.431469269364698,0],[77.37096896592035,25.408493188589574,0],[77.3505010910412,25.384068841600307,0],[77.36668503868698,25.36031076178131,0],[77.34212153825047,25.32177073535404,0],[77.3676070081975,25.328597478855965,0],[77.37785241714953,25.315719670086093,0],[77.37395138611251,25.274521233828256,0],[77.3550910040599,25.263477993847733,0],[77.41169646304195,25.224010531455985,0],[77.42661597277672,25.188074275196616,0],[77.40014331155167,25.183880633873688,0],[77.39300110830816,25.15922951884104,0],[77.390581970043,25.12338629478719,0],[77.40661691537704,25.111686448306518,0],[77.39437600867835,25.119922271072188,0],[77.3107799312539,25.079832772455052,0],[77.27001084742439,25.116093995684828,0],[77.17442477961883,25.11180896971065,0],[77.16712426430836,25.084609798868183,0],[77.14772128281209,25.095110457115233,0],[77.12257161087112,25.066653914136626,0],[77.084828898961,25.054239462464274,0],[76.99906906007982,25.07484605552063,0],[76.9682050477678,25.051100898363647,0],[76.87615870008374,25.04140029747618,0],[76.87603780561051,25.007064041094402,0],[76.85677892504008,25.002475882764255,0],[76.8626886308062,24.95980182069973,0],[76.8904878865681,24.919689153472238,0],[76.92041550546632,24.91677420455153,0],[76.91305455273009,24.88784408009208,0],[76.94856325345415,24.869071535229065,0],[76.8978861666356,24.838225623015337,0],[76.82508008770485,24.835548342730203,0],[76.79987775928814,24.82401330356196,0],[76.801996779053,24.81013373027207,0],[76.84751990852536,24.769271455307717,0],[76.856129839865,24.742486390423743,0],[76.88947784178967,24.747256293048203,0],[76.90749360549547,24.731594409997975,0],[76.95396500280826,24.760360338890795,0],[77.00166339001957,24.71603928282667,0],[77.03166632950241,24.71131602351325,0],[77.06498584789561,24.643844295978354,0],[77.0713312170821,24.572763261510687,0],[77.05470958693232,24.526276575050726,0],[77.0368941073346,24.527899521623397,0],[77.02897280257517,24.496079630583974,0],[76.97760954861329,24.46138379855044,0],[76.91842040387559,24.480691129709648,0],[76.91789651244348,24.543475084254066,0],[76.90186605276024,24.545850773167196,0],[76.88430756627035,24.521450766518136,0],[76.86192147553066,24.5492985701276,0],[76.81638907217193,24.53358330375858,0],[76.85308321246349,24.465891995246718,0],[76.83737851189632,24.40970862183058,0],[76.8513851842951,24.370524921923174,0],[76.83188493253917,24.35796811555603,0],[76.84105415905567,24.322414536589566,0],[76.8626149777339,24.27331940271081,0],[76.94739735702879,24.20131054900982,0],[76.93576765486395,24.183726593243847,0],[76.91629281900691,24.18785504948741,0],[76.90060015101828,24.12743238935067,0],[76.85458873514715,24.13582546071412,0],[76.80128691470969,24.116672853936517,0],[76.75792049908684,24.1682567191403,0],[76.69831261383517,24.168467276493274,0],[76.67588520727952,24.19084669274541,0],[76.70273036261112,24.24319933218401,0],[76.6927736471946,24.28648191644219,0],[76.66513163697834,24.261934338874667,0],[76.61764581029033,24.258829526829633,0],[76.61119853450099,24.238652050694977,0],[76.58354484708673,24.242865759991503,0],[76.59523182114344,24.22332083798926,0],[76.56427346844504,24.190945212557118,0],[76.57772749487292,24.17917435010852,0],[76.52742392502492,24.156734339989963,0],[76.50453498489495,24.20308699823867,0],[76.47050989587407,24.226150428929028,0],[76.45226628314177,24.20936353316184,0],[76.41621642809147,24.22063441743575,0],[76.41168258173768,24.20050619923636,0],[76.357209673518,24.23974483340079,0],[76.32291445946531,24.245544861006117,0],[76.28736038929046,24.22986047934401,0],[76.28232090869184,24.20730766587075,0],[76.2125548480663,24.209939898664807,0],[76.19458985082352,24.273192850138958,0],[76.20472719924686,24.300904578706152,0],[76.1855157479076,24.329276456971225,0],[76.162545128386,24.28472516949337,0],[76.13671672050558,24.270805459815634,0],[76.14842625165991,24.232025081342687,0],[76.11738274723295,24.193987743751645,0],[76.12679233850731,24.08873045790008,0],[76.03680892506749,24.062896684625144,0],[75.99701945528254,24.01768841503828,0],[75.96345518052225,24.01870691902058,0],[75.98485420333178,23.974028044704294,0],[75.98136306620376,23.928969925030444,0],[75.93751493096924,23.89668939724501,0],[75.88710079536816,23.879114693683256,0],[75.85302471068745,23.887481061702243,0],[75.79384657840284,23.86700645027284,0],[75.7812494524789,23.84872712300422,0],[75.76454188344022,23.85173981377697,0],[75.75270084479608,23.88734521004411,0],[75.70608716373415,23.899095456088038,0],[75.7015740178459,23.872833091897753,0],[75.73640589979142,23.85624582287393,0],[75.71895265782467,23.84066682022717,0],[75.72159141680946,23.811792710084163,0],[75.69011585178517,23.813246400643262,0],[75.70183557297504,23.786386352686023,0],[75.68671870976685,23.755939339446144,0],[75.65450321171843,23.79840380869884,0],[75.58344774109447,23.794823048179417,0],[75.58901210741506,23.809781808710405,0],[75.55930239173625,23.818179449719214,0],[75.57932713826169,23.83511311589309,0],[75.56322289363167,23.857577110978138,0],[75.46205640471027,23.914762644965656,0],[75.47468014814551,23.982840066857072,0],[75.52105110709238,24.02502082832964,0],[75.59552478104632,23.98999991596637,0],[75.67433848960192,24.01767599923124,0],[75.70173168094219,23.96659278480336,0],[75.71751808669909,23.966858494246956,0],[75.7411302632822,23.97693869502664,0],[75.74224794761606,23.992729902231986,0],[75.76533980986672,23.99267510973467,0],[75.7816945435476,24.042528898394593,0],[75.83672339344925,24.05706342731428,0],[75.83569651621714,24.092115986302286,0],[75.79285969040065,24.09184740226944,0],[75.75095921258317,24.143326995812366,0],[75.77744450805878,24.20998251314622,0],[75.83023174947165,24.23375906828354,0],[75.81352444778904,24.24537003032414,0],[75.81072719949877,24.296090354748998,0],[75.76646553295856,24.298018008779636,0],[75.73983814132109,24.332147874708046,0],[75.72775101947548,24.39051564919624,0],[75.75530707476456,24.406527760884366,0],[75.74760011475996,24.424183430909324,0],[75.7894035903124,24.471531102873858,0],[75.8134732876806,24.462024616899004,0],[75.80986084213451,24.434042903749464,0],[75.8387902086798,24.414179315615197,0],[75.90905969965014,24.45500927289911,0],[75.91163902403909,24.491912348200284,0],[75.88785509230046,24.50807049136251,0],[75.92055011851843,24.52166031773151,0],[75.9036682645253,24.548927352853774,0],[75.91446110737851,24.572252211196012,0],[75.87836611303224,24.583385347077275,0],[75.87115475189549,24.60666372378797,0],[75.8492394329285,24.610875474117226,0],[75.83546216116729,24.59494977100291,0],[75.82484714059537,24.613454027834337,0],[75.84875663104161,24.647400767779665,0],[75.84776378643542,24.663019071619107,0],[75.8249399591382,24.6674538550675,0],[75.83360564947616,24.731845497260807,0],[75.8021670251743,24.756463424720273,0],[75.75683310700536,24.76155338920945,0],[75.68342069448833,24.725118608412057,0],[75.64596206656243,24.68491568165735,0],[75.61078618243192,24.68040740222408,0],[75.58297213898331,24.713264919572392,0],[75.53343449948053,24.712049385827942,0],[75.45645518999294,24.680449972030583,0],[75.26490160352569,24.71750978026555,0],[75.22838307501488,24.717619569088928,0],[75.21944324364587,24.702554937164802,0],[75.18440043296798,24.748553837049634,0],[75.21520041231271,24.802118147316857,0],[75.25232027396953,24.813105402771956,0],[75.2240912360558,24.843924303428526,0],[75.27293702294314,24.842836170477533,0],[75.31159531565916,24.801176325077886,0],[75.42575513268356,24.869066552539483,0],[75.4161257575221,24.886081155753637,0],[75.37363166141408,24.867743061712623,0],[75.3266393870513,24.874874873898168,0],[75.3080504262818,24.856043784026017,0],[75.26343429295144,24.874855322351426,0],[75.26730846977313,24.899435757911796,0],[75.2940673409001,24.90754505326114,0],[75.26708448354165,24.94714755591603,0],[75.2738923493702,24.96404139004382,0],[75.30487313759299,24.92865613532939,0],[75.31273625270222,24.885137009435997,0],[75.31844725724022,24.894155995910808,0],[75.33691279168663,24.955395834077056,0],[75.31176607604357,24.995372352344056,0],[75.35035153604527,25.017534247166623,0],[75.33215975463939,25.041494518428415,0],[75.22511948002989,25.034095718843208,0],[75.16708103107923,25.048414192010902,0],[75.15136029617055,25.026183079432187,0],[75.1685694729385,25.00593052018567,0],[75.11356115315944,24.966810289907105,0],[75.11693027909644,24.878261553311035,0],[75.0765343602825,24.880681019647266,0],[75.03304755620172,24.844409392923396,0],[74.95866224809816,24.858186741319948,0],[74.95260596629348,24.880682428354454,0],[74.92389567284037,24.878302264836265,0],[74.90294221276048,24.929507965490348,0],[74.88069658388252,24.93735996380926,0],[74.86947949214483,24.924974085160795,0],[74.85903526203018,24.96223475581752,0],[74.84263438254953,24.968849333826864,0],[74.825286201492,24.900149177118916,0],[74.85876038319454,24.838507406503137,0],[74.86151878937468,24.804136507147096,0],[74.83869548753948,24.798036756989006,0],[74.84937285295422,24.77613446170387,0],[74.86043496017643,24.79848678002143,0],[74.91453343793388,24.769200583824993,0],[75.00148875371183,24.77452409755605,0],[75.01603296847328,24.732120346630577,0],[74.99238703062301,24.731745785212283,0],[75.00172000140553,24.686418351612847,0],[74.96018634156894,24.677765221299854,0],[74.9622783148112,24.656424318547028,0],[74.94308994139789,24.637804261346943,0],[74.88907852421198,24.63383188140589,0],[74.79977777165338,24.779068127937038,0],[74.80396734279351,24.733966961521755,0],[74.77960457752948,24.732451955802116,0],[74.78761281385687,24.70417719957266,0],[74.771936754821,24.66148074873594,0],[74.81458497449833,24.66575253526419,0],[74.81413857538267,24.6501817757493,0],[74.7794000904905,24.61544032422245,0],[74.78642991188157,24.585930842847443,0],[74.74351284972775,24.571458815960206,0],[74.75553492491584,24.5348825785154,0],[74.70872701133196,24.48647346361356,0],[74.77713848011584,24.460501141950964,0],[74.8153452026689,24.46847482806409,0],[74.81375258427317,24.436740214748852,0],[74.85387255993247,24.444528846911034,0],[74.85509859257012,24.424138704280093,0],[74.78117957356287,24.338337924014475,0],[74.78132298363039,24.28917461127447,0],[74.74711030852389,24.25346854999308,0],[74.77482711145288,24.23871084721594,0],[74.86757730349674,24.243086095706992,0],[74.89710402987068,24.227289323431997,0],[74.91034114799595,24.210105696484913,0],[74.87975457134844,24.17360773656302,0],[74.9035212049223,24.109303718865696,0],[74.93934139387027,24.053920292096716,0],[74.98229816813837,24.025410746811126,0],[74.95914300834465,23.97216124903645,0],[74.91650835152672,23.9317468261603,0],[74.9026182512921,23.872951330768654,0],[74.91383614474896,23.84168312392482,0],[74.90370765598402,23.794306209341556,0],[74.92433999442363,23.796621011765268,0],[74.94040447533754,23.76474314456964,0],[74.92452104621805,23.75638566027038,0],[74.93637530743852,23.72958043518488,0],[74.92022851538259,23.719179995911773,0],[74.92159275911764,23.69465215069165,0],[74.89946070324359,23.682201764395284,0],[74.93653873124276,23.628770654354685,0],[74.90294364290595,23.625101047443774,0],[74.84683135121868,23.551860919444188,0],[74.80329609429391,23.53308419524542,0],[74.79410939030588,23.550880899783508,0],[74.77368370532754,23.544372478902442,0],[74.76151042889144,23.52114087181408,0],[74.73528812191438,23.520565224100803,0],[74.72923917997393,23.496617884496043,0],[74.70349169214536,23.50500767696236,0],[74.65188366574354,23.46227970745452,0],[74.60388661617925,23.457264961831527,0],[74.599067383025,23.428749694235503,0],[74.57235018043549,23.420666732175373,0],[74.5689406798047,23.376301729589954,0],[74.53981656263211,23.361865607002635,0],[74.53526751299403,23.330819825633043,0],[74.51403680830799,23.32804555350233,0],[74.54666907389155,23.27712100812132,0],[74.57436578885262,23.2951696168551,0],[74.63855545868736,23.255409299006686,0],[74.67676057188724,23.273807076211025,0],[74.69995542111069,23.26836555178573,0],[74.71511387631357,23.236683171241825,0],[74.69206576894841,23.21915161554808,0],[74.7475218707461,23.22665309082928,0],[74.74421391255446,23.210939122195434,0],[74.71509893527583,23.19071356049606,0],[74.67154413723298,23.199959906880657,0],[74.606614557182,23.142559156462564,0],[74.53937328430412,23.129301620785586,0],[74.54551386552693,23.10984404599337,0],[74.5058633447599,23.085141287240315,0],[74.46384382851132,23.08179297569865,0],[74.43225481311894,23.104897485997494,0],[74.38620200932348,23.111517900663344,0],[74.31890113405484,23.058661226962368,0],[74.27889032857692,23.092185379027857,0],[74.2871215546303,23.11712178025609,0],[74.24079861701709,23.184691648966997,0],[74.20121409123166,23.189303280068806,0],[74.17887766025135,23.147279369070674,0],[74.12147561851371,23.176193231968497,0],[74.13264018757619,23.266191221519207,0],[74.08592958441112,23.298038829502293,0],[74.03816386000615,23.293446572183587,0],[74.04485577887347,23.308809388063093,0],[74.03306736996672,23.30599033487166,0],[74.02865472737906,23.33167217650868,0],[73.981395448563,23.33813909879214,0],[73.97553432231288,23.37151599620936,0]],[[76.42285252754866,28.114322641599298,0],[76.44104282581952,28.119878050622876,0],[76.42927651843974,28.13851237758029,0],[76.42285252754866,28.114322641599298,0]]],[[[75.20847360217167,24.894300437623215,0],[75.22162554751593,24.873780700903637,0],[75.25067064820986,24.880508415783247,0],[75.22263662825513,24.844093587164,0],[75.20073248798276,24.867840601240278,0],[75.20847360217167,24.894300437623215,0]]]]},"id":29},{"type":"Feature","properties":{"state":"SIKKIM","id":30},"geometry":{"type":"Polygon","coordinates":[[[88.91920237689007,27.32796608150154,0],[88.903289240424,27.27258612889272,0],[88.80309608291151,27.247836216063902,0],[88.78676036901858,27.18198600790552,0],[88.76460813876552,27.17701750085758,0],[88.73862480130656,27.135399560708482,0],[88.69153224844528,27.178392134828066,0],[88.66025948862355,27.160552035122304,0],[88.59222674318727,27.191263515241083,0],[88.52106261653726,27.173453870899646,0],[88.53235354671044,27.15006048246298,0],[88.43294659000125,27.079259570144377,0],[88.32154083207854,27.104746730883672,0],[88.30229352830635,27.129290169310856,0],[88.23002325073925,27.11898050232163,0],[88.19462679219927,27.134849881360008,0],[88.15178073536653,27.109576443197394,0],[88.09670584583795,27.132801164329358,0],[88.07916613644117,27.201087298689064,0],[88.04309471048006,27.21947206299052,0],[88.01233168263863,27.215928406810853,0],[88.032046635857,27.286390214706994,0],[88.06692781438161,27.33577475670916,0],[88.04157328020094,27.372931077075442,0],[88.05071357253597,27.412984657683545,0],[88.07505689364115,27.433222685870984,0],[88.0440843224067,27.495810703796284,0],[88.08183179517475,27.58422090815999,0],[88.14469098843821,27.665354647188828,0],[88.15617447139614,27.736110255809887,0],[88.17836971331072,27.746184624875937,0],[88.19717192802415,27.79117232742309,0],[88.17359118712852,27.820595470183488,0],[88.2019009287819,27.84249548302915,0],[88.13501398400486,27.881619917726017,0],[88.11958089448744,27.91600455623149,0],[88.13786256844122,27.937154477014623,0],[88.12939117252225,27.94937164344662,0],[88.14521402937534,27.96408473347983,0],[88.20640127025797,27.941668373451122,0],[88.20796035007521,27.96165979713144,0],[88.23717377049259,27.970847933590075,0],[88.25108464801116,27.942350999572575,0],[88.35226590761802,27.989948470876055,0],[88.39906563464235,27.978036794326275,0],[88.43059328150841,28.008086764135864,0],[88.46781649417306,28.01713505694092,0],[88.49561890108522,28.053931379874204,0],[88.52351398035673,28.034985787201983,0],[88.55080433383594,28.037571690906315,0],[88.55254617523038,28.08141611635712,0],[88.61934447790581,28.098076248683512,0],[88.60996104612525,28.12869131526871,0],[88.67206385417254,28.072340964322194,0],[88.7562864410044,28.0759731718586,0],[88.83627832747399,28.0148145259063,0],[88.83693675618585,27.92878043534674,0],[88.87001863446518,27.915602459593842,0],[88.88767375925981,27.85617988893227,0],[88.88045136475992,27.82918447733784,0],[88.85583007011765,27.81533219762501,0],[88.86517176468689,27.742736028149594,0],[88.83798351651626,27.706287315034544,0],[88.84838624659979,27.668007916841013,0],[88.81526016771016,27.646092926637706,0],[88.79129471984633,27.575103178444728,0],[88.76376709535079,27.564849986015698,0],[88.7928153204547,27.528898580080988,0],[88.77699017006674,27.46845594349044,0],[88.80619567795677,27.406796973309095,0],[88.83767073227031,27.379156049077494,0],[88.86095047069254,27.386537496120837,0],[88.88401515482771,27.342515219725417,0],[88.91920237689007,27.32796608150154,0]]]},"id":30},{"type":"Feature","properties":{"state":"TAMIL NADU","id":31},"geometry":{"type":"MultiPolygon","coordinates":[[[[77.58039299298777,8.138186658013671,0],[77.55876400463474,8.119289893866355,0],[77.56433086044181,8.092336644684305,0],[77.55093297364918,8.077961801983054,0],[77.31579675487696,8.121837131568947,0],[77.09607082284764,8.293168044413797,0],[77.13979333170253,8.329867880077847,0],[77.18061379348778,8.323517887314924,0],[77.16694343814166,8.342746849349505,0],[77.17429424707996,8.358632820563425,0],[77.15301721080064,8.355144173433665,0],[77.15110730216692,8.384471721058413,0],[77.18167096371596,8.395794284746055,0],[77.20659986842112,8.44470257253388,0],[77.2280999866615,8.447252374793427,0],[77.20238409007592,8.501190418575671,0],[77.21430904701522,8.5128132580823,0],[77.24012424788874,8.4970536893549,0],[77.26170763281202,8.506152368543065,0],[77.28384684447087,8.546728597207935,0],[77.20069269281457,8.669076370077912,0],[77.20671673817378,8.684195526389981,0],[77.17001187049463,8.741794720663757,0],[77.19246385173535,8.744440972723014,0],[77.1973285616667,8.768898273993626,0],[77.2297088773029,8.784587518339732,0],[77.26275777008678,8.841992211130057,0],[77.25657091157032,8.87756684306389,0],[77.19279559048032,8.926195977051407,0],[77.1962881472613,8.954583135116499,0],[77.14655534579188,9.02181524291926,0],[77.16746703957021,9.045299483948742,0],[77.19745574796009,9.0469727272809,0],[77.21240695730471,9.100482392391164,0],[77.26681439088225,9.152460789615544,0],[77.25142608128255,9.188635883562094,0],[77.28171242812782,9.21657005588485,0],[77.28298734442669,9.30133272879695,0],[77.29953742591475,9.310911975024174,0],[77.2999727455002,9.336653035051267,0],[77.3252883197036,9.337114705121502,0],[77.34940585542313,9.441175442947776,0],[77.36600016317061,9.46008217615659,0],[77.39261336426901,9.459350174376736,0],[77.4123964159938,9.508977437036696,0],[77.4005073190377,9.52736384058234,0],[77.38517837437624,9.519231526134803,0],[77.3655637357638,9.53508952579618,0],[77.35026320108511,9.567081123250414,0],[77.36112810173644,9.60226174757239,0],[77.3394908228815,9.573313942378482,0],[77.31781874300329,9.602504872702136,0],[77.26971372245994,9.572769119017948,0],[77.2343017960153,9.581545289732379,0],[77.20895729121247,9.61344352909778,0],[77.16586297776273,9.612862729394958,0],[77.20671616193056,9.694656359593427,0],[77.20355571489125,9.722106368440398,0],[77.22390836476747,9.730373356996909,0],[77.22266345555444,9.787791771583313,0],[77.24666602740314,9.797886555582044,0],[77.22177782043006,9.822451409317,0],[77.23718402887434,9.851380753827538,0],[77.21245005623973,9.876884814608584,0],[77.21825256413639,9.904294420412688,0],[77.24654236116686,9.951396481919673,0],[77.27285475897803,9.964194674976731,0],[77.25319359880604,10.012812329391856,0],[77.26189970815035,10.029725211940633,0],[77.20132563426719,10.10620995530698,0],[77.23824087820448,10.130077315044476,0],[77.26777640889796,10.1216136129819,0],[77.29371959993381,10.221491665392856,0],[77.28089310455172,10.236849180544718,0],[77.2597230541654,10.230274146836187,0],[77.26292596104257,10.26333191713845,0],[77.22774714078142,10.315416050312189,0],[77.23564592482263,10.35225130715888,0],[77.17662319723682,10.358441163352706,0],[77.0428767353973,10.283767207449001,0],[77.0510811496227,10.2621093506837,0],[76.98244620596101,10.220120441492154,0],[76.91159803781579,10.235286967393225,0],[76.87342194428875,10.276335870492131,0],[76.87313532955186,10.298484464812693,0],[76.84871568729562,10.285278130780977,0],[76.83031344193104,10.303626844759192,0],[76.84878538443992,10.368228671524651,0],[76.81637855633517,10.423519040575812,0],[76.84309609456224,10.53728530548947,0],[76.83826712335573,10.59666730409516,0],[76.81009734326422,10.624180958039863,0],[76.81418242951246,10.63585618476848,0],[76.88247547619416,10.639707105055425,0],[76.86758909334955,10.694775139603752,0],[76.89294007194637,10.721460458499456,0],[76.90721024873707,10.782688013818879,0],[76.90068203525841,10.807304936233123,0],[76.84817226464531,10.818804550395912,0],[76.85378353108626,10.838958580918433,0],[76.82831543962097,10.871909633566437,0],[76.74078741926505,10.890970033098434,0],[76.65909484294237,10.930496453370468,0],[76.71088737635284,11.038721692695924,0],[76.76659984996546,11.029093007969873,0],[76.80085956679508,11.053965554178774,0],[76.77815990419296,11.0420909826082,0],[76.74612893072907,11.054823560623516,0],[76.74829611524082,11.135837326352538,0],[76.72875405326928,11.130451640561155,0],[76.68955640619328,11.159574427216372,0],[76.70023854042357,11.181819436856314,0],[76.72903856726418,11.191039661071411,0],[76.73141614173447,11.215585792982312,0],[76.69826981685144,11.239601638830674,0],[76.629722639955,11.194173749762504,0],[76.60090082352471,11.206594471642594,0],[76.53385100178963,11.196753563591322,0],[76.51048204439199,11.211637590300922,0],[76.4723663942115,11.20875070649119,0],[76.45844286579643,11.187681468766325,0],[76.43862275167656,11.198961220438987,0],[76.45308789700815,11.239367345760394,0],[76.52217783414264,11.271338081847489,0],[76.54575558734895,11.300310348954296,0],[76.54785726256084,11.358885575932543,0],[76.50818455364379,11.354123437719952,0],[76.51775232671352,11.371563304050076,0],[76.4620823123655,11.387469769628321,0],[76.41507825807643,11.422627319589557,0],[76.41870494775067,11.441783227288735,0],[76.39767727586229,11.435022981744238,0],[76.34222596010174,11.467592623964725,0],[76.32547051637785,11.453328887673178,0],[76.28443504315662,11.482920295792901,0],[76.24757339939063,11.468540696837694,0],[76.23848168569907,11.52626690557003,0],[76.25150541683172,11.537776621207493,0],[76.23308452548332,11.57077357895285,0],[76.27890633384835,11.60094213014802,0],[76.30238378639058,11.5712255785978,0],[76.33587650597171,11.595736197778432,0],[76.35457774459263,11.589311032771553,0],[76.38809582025328,11.629667432978037,0],[76.43248048074872,11.63129031228257,0],[76.44405702430983,11.647194178024675,0],[76.43136225032923,11.666363368934515,0],[76.45821172018081,11.664329351118925,0],[76.51111127285007,11.704978424075955,0],[76.55055826136453,11.674193534361878,0],[76.55995453017499,11.622469488478087,0],[76.5767463446765,11.614495549633002,0],[76.75691864287305,11.61843693493995,0],[76.84693557228019,11.594470660586095,0],[76.858124540077,11.614029850504325,0],[76.83500509953953,11.655416385404955,0],[76.88834944183617,11.733643169438434,0],[76.90800360805723,11.795245400430051,0],[76.95393963042035,11.792052136285731,0],[76.96992269874781,11.776859735738828,0],[76.9821486230318,11.811503601779537,0],[77.01294023997144,11.814615034763857,0],[77.03874926843135,11.7938466917762,0],[77.02886476375666,11.774674732742586,0],[77.06294256564887,11.790396713427702,0],[77.05642675163196,11.76977576260851,0],[77.08021797981691,11.735981982772454,0],[77.11770643426861,11.7210720829059,0],[77.11074656172818,11.773472452799309,0],[77.23860169449803,11.794652748194059,0],[77.24987603454552,11.813012677877587,0],[77.29385437869021,11.808998278288152,0],[77.33514883211551,11.77123077967869,0],[77.36484641478549,11.790403376889481,0],[77.39445553117716,11.78763319113999,0],[77.4272411131138,11.760870368761699,0],[77.46661466082077,11.847081040029908,0],[77.46162796029314,11.899983508036437,0],[77.48620035215134,11.88741029543475,0],[77.49480070362652,11.94384700933565,0],[77.5379839102043,11.932385395097835,0],[77.67569007772764,11.951978848651326,0],[77.6963691871204,12.015767477476407,0],[77.77556287161426,12.11844127950869,0],[77.72769811657543,12.181530323375652,0],[77.61075476258058,12.20614420382601,0],[77.4927112292011,12.197332070739428,0],[77.47203879968245,12.207893619108626,0],[77.48263395634532,12.230204477429456,0],[77.47201659608675,12.249869601496474,0],[77.4875979473718,12.280495234471037,0],[77.55133675340356,12.291206723264612,0],[77.61680736463268,12.368199513669534,0],[77.63462541075566,12.48759931938117,0],[77.62608818546097,12.496308980140745,0],[77.60742358288563,12.475123835312438,0],[77.58368012299631,12.478795449453049,0],[77.6163264909843,12.50918036618887,0],[77.58720216942686,12.51475473174202,0],[77.58035001318594,12.551589645536344,0],[77.5910191138893,12.615243012215824,0],[77.60623212292106,12.62891246464753,0],[77.59887312472311,12.667157640910462,0],[77.65991011182697,12.683839990539203,0],[77.67638432073298,12.679471564823578,0],[77.67865464361074,12.660388908599936,0],[77.7042282156877,12.66140443616221,0],[77.71159049149733,12.683137577800808,0],[77.73992821636669,12.672989632503628,0],[77.73518192450615,12.694021753934187,0],[77.76392390229748,12.699636411756126,0],[77.77445125766783,12.72421439880672,0],[77.7624159861204,12.735314227361465,0],[77.79274397739968,12.747863545768785,0],[77.77884454103213,12.768006849128701,0],[77.80853720820845,12.796725512100721,0],[77.80988158260773,12.831531832627686,0],[77.79246277821767,12.842703748525182,0],[77.83601344204543,12.870329681660042,0],[77.89034388495725,12.8696551425974,0],[77.92932457922363,12.890915582916188,0],[77.94132498474173,12.868739653716194,0],[77.91856715622477,12.830575519260375,0],[77.94067831668767,12.823344374356875,0],[77.93999455872714,12.853142646269125,0],[77.95233599661238,12.857116812135674,0],[77.99520259248389,12.805857587399407,0],[78.01511005509538,12.81336617243314,0],[78.00371017881129,12.8247821088844,0],[78.02898787055418,12.845185703850122,0],[78.02386568890869,12.856500915989884,0],[78.05355914207378,12.853790336659662,0],[78.13423755103206,12.781965723035052,0],[78.230951227994,12.760659714739548,0],[78.24100785966259,12.729943121923705,0],[78.20574759438935,12.706403229132391,0],[78.21058901626591,12.686076694320993,0],[78.27108606373365,12.705057993837798,0],[78.30099437102918,12.665869266514294,0],[78.37142516932082,12.627106440444697,0],[78.46491842568003,12.624011122473334,0],[78.46789965383199,12.67589208593206,0],[78.49933412061046,12.675085473030558,0],[78.50306925791052,12.716769517159147,0],[78.52001350754479,12.712013424525948,0],[78.48908796292969,12.74198039697921,0],[78.51669320884554,12.724373347257606,0],[78.52092381464624,12.736130916797281,0],[78.52507155656619,12.715418843076822,0],[78.54428019733949,12.710937799798026,0],[78.52960839121826,12.71021841755296,0],[78.5349053066088,12.6911246404171,0],[78.54090825170275,12.690674796949017,0],[78.55587556411638,12.700157272269548,0],[78.55562811598206,12.755785069349955,0],[78.5925210231232,12.782675628430585,0],[78.63343561473904,12.931746021245008,0],[78.65701386271893,12.93210639602822,0],[78.62089681364854,12.991240368808114,0],[78.65552037665611,13.015248065261346,0],[78.65621469696197,13.031169391758038,0],[78.70527143115692,13.015238622203755,0],[78.71451634266917,13.068678315253528,0],[78.75177602798402,13.054941810272966,0],[78.79430397202174,13.06658392716909,0],[78.81313985492193,13.08914229746549,0],[78.84203642531884,13.078613090819632,0],[78.89158114230113,13.097087331182683,0],[78.89164302045273,13.033058363927946,0],[78.93710704943923,13.030426710982915,0],[78.90367541322529,13.047705617313605,0],[78.92394154765493,13.08080906760052,0],[78.99500118186604,13.086608660112248,0],[79.0633976343588,13.053107344489332,0],[79.08090729458986,13.025727124776578,0],[79.11448180769194,13.039272142376769,0],[79.16312114183421,13.020270373670332,0],[79.1929964597769,13.046695498527724,0],[79.18043969740707,13.048849546383346,0],[79.19209993293842,13.056146237741295,0],[79.17829799290445,13.059186230124267,0],[79.19212109037504,13.067431588614523,0],[79.18065877855527,13.084242357422196,0],[79.23442666616435,13.105228877630765,0],[79.2328729697486,13.13937022289865,0],[79.21003004253869,13.148458091150138,0],[79.2349291525047,13.170843516592413,0],[79.24527305714642,13.13827581727682,0],[79.25745613868833,13.160736267934398,0],[79.28033943235458,13.152868728130214,0],[79.28401760579978,13.122769889239743,0],[79.31246370612998,13.126141605585847,0],[79.29430542158079,13.109598980533825,0],[79.30718986094338,13.105521888941507,0],[79.34130595580432,13.136820444899524,0],[79.34510870522345,13.121266432489387,0],[79.36050482395814,13.123537546043242,0],[79.35611537046508,13.16457928782823,0],[79.38003813325672,13.162926321765946,0],[79.36952220369005,13.172914319503722,0],[79.38772672107467,13.177528977061323,0],[79.37403254511902,13.189257135023187,0],[79.43842768099005,13.188175122936816,0],[79.45328951308886,13.2384878577817,0],[79.43086644634793,13.229847966690748,0],[79.43767925171966,13.24288878305519,0],[79.41849621649439,13.242960107941904,0],[79.40841812333316,13.265269615819339,0],[79.43373232841861,13.274987036230737,0],[79.44542222931291,13.301251735428236,0],[79.42003527171218,13.289546840933676,0],[79.38188801281359,13.307487805689819,0],[79.4354289909173,13.351709701916711,0],[79.45625511681797,13.33857074014987,0],[79.49970838390333,13.347787400619785,0],[79.49738387323887,13.332038045042136,0],[79.53730509892186,13.33864706825479,0],[79.53460244299323,13.275396888567647,0],[79.57926643232273,13.257793137662697,0],[79.59605682534851,13.284853812174868,0],[79.63163779838595,13.269698051399129,0],[79.6424817359653,13.29014819714952,0],[79.66538610201516,13.27871651091168,0],[79.68240228786982,13.295914563559117,0],[79.69574914253572,13.26727645565562,0],[79.67829334227886,13.26165360131534,0],[79.68427382348676,13.24442881549775,0],[79.71254583103948,13.244665448160623,0],[79.7027078229124,13.222396148833875,0],[79.71838574674643,13.21651585026807,0],[79.7373170823185,13.236534770933778,0],[79.75984325859633,13.20744317218179,0],[79.79449303862803,13.226321734553395,0],[79.79473202035886,13.242103946286031,0],[79.73371243767076,13.2888170986481,0],[79.75674668441404,13.295288372731056,0],[79.76082907092139,13.318480339731268,0],[79.79173280609734,13.293524142350826,0],[79.80890213906964,13.317253571831484,0],[79.86280893845672,13.316920846069292,0],[79.91597242279576,13.359869173362043,0],[79.93800714295625,13.35552285916161,0],[79.96275461762832,13.39135767571092,0],[79.9345709523961,13.416453212302253,0],[79.9733387159497,13.429672476715,0],[79.97242033208127,13.469091660507132,0],[80.00749053647432,13.478640515286779,0],[80.0159045541351,13.497951506492594,0],[80.04661829767302,13.49368380513954,0],[80.04842321278778,13.512250756073453,0],[80.00051907078242,13.525675412892538,0],[79.99859971387332,13.54272382394185,0],[80.05693460264946,13.536636519806759,0],[80.08125942940346,13.54975122806282,0],[80.07819007003536,13.48881143484733,0],[80.13921277556409,13.504273795480911,0],[80.14514498957571,13.491415239561393,0],[80.21459856161927,13.49027183092718,0],[80.24181401229735,13.470646953578493,0],[80.26874886071906,13.564628197834447,0],[80.32601849756374,13.441682192027491,0],[80.34526866638939,13.279892706372278,0],[80.29843770115667,13.137487910895493,0],[80.29494841401822,13.092914810176886,0],[80.31078654801921,13.108155086406429,0],[80.2867937131893,13.064361771271836,0],[80.25939514685368,12.93455016666122,0],[80.25515313480518,12.782702012685844,0],[80.1570943938861,12.46825081707198,0],[80.03424937181587,12.301754643348655,0],[79.87342800721936,12.041437612261232,0],[79.85005255123535,12.050914426530207,0],[79.84054599992876,12.012760000127052,0],[79.8568919863831,12.006258199589318,0],[79.84077712809645,11.956328146409955,0],[79.81503900032763,11.97948500024491,0],[79.80548899958706,11.95340800034113,0],[79.78611699965612,11.960454000365608,0],[79.76042162442825,11.943562066438508,0],[79.76307433127366,11.928026004780502,0],[79.75002531668159,11.919807713473357,0],[79.74425700007814,11.964489000418643,0],[79.7230751171901,11.97509271243541,0],[79.76077227224555,11.990518092240418,0],[79.7468467515119,12.007550730516988,0],[79.69117923583849,11.9516584697179,0],[79.7117869997983,11.931723999865511,0],[79.70706869171471,11.94710510870972,0],[79.72139074109754,11.945382976060502,0],[79.71745576678468,11.928578936097233,0],[79.74067629225914,11.905609756713238,0],[79.71129217930965,11.890818397058283,0],[79.71874099976374,11.919081000441798,0],[79.69631999980648,11.918989000309407,0],[79.69603599973017,11.89479200009175,0],[79.67453827191855,11.891955518801453,0],[79.67598824019888,11.881210076647378,0],[79.70944600001171,11.889413000224325,0],[79.71907751879465,11.852576938172211,0],[79.73250345390522,11.865841315566476,0],[79.7526459998754,11.849691999736379,0],[79.76452799958804,11.876678000139501,0],[79.76960599958666,11.838301000327267,0],[79.78375751732047,11.855983742988737,0],[79.80789899997768,11.844688000035747,0],[79.79787800040961,11.824886000180541,0],[79.77305329408529,11.822366183721863,0],[79.73737999981314,11.844288000301841,0],[79.73565800021464,11.808848000369231,0],[79.71264675795437,11.791599336036601,0],[79.75080600034363,11.775617999871855,0],[79.76638610458514,11.79236409920263,0],[79.79583963417278,11.785522192194183,0],[79.75703537612648,11.556148514415696,0],[79.84259907827719,11.350742487210704,0],[79.8538164468593,10.983221369667339,0],[79.84044826569314,11.004005498306453,0],[79.81418612008106,11.00284821493541,0],[79.79746004925309,10.982053307686183,0],[79.78717086283145,10.997281241684847,0],[79.74828067787242,11.002886837337584,0],[79.76432321005896,10.959701788980052,0],[79.72408672232604,10.96981241869498,0],[79.72023556876597,10.967978848945123,0],[79.71948316830387,10.95544826869859,0],[79.71994401806003,10.95163414124011,0],[79.72981839666328,10.950522031765503,0],[79.7368714937367,10.95702676210895,0],[79.72436673537695,10.929132080657821,0],[79.7633255774051,10.913920152638621,0],[79.75739016809504,10.90820521842569,0],[79.75730596143788,10.896396669820696,0],[79.76131812343847,10.901926350042375,0],[79.76406703429642,10.899965846939438,0],[79.75603059021398,10.894960326221419,0],[79.75612166758901,10.89043357082574,0],[79.79014773101414,10.908646079152811,0],[79.78409306130182,10.888795264945198,0],[79.8290485192614,10.883223424394037,0],[79.81115805236138,10.881225256180658,0],[79.8250231572014,10.865046569370046,0],[79.80840034382956,10.855084692890962,0],[79.8278766048988,10.850130814225139,0],[79.830949678265,10.827825860943408,0],[79.85249660644037,10.827209231382263,0],[79.85329734360253,10.679417214579555,0],[79.84101759917215,10.67629743766929,0],[79.85333622963132,10.676480180099963,0],[79.8804435268232,10.304685315125639,0],[79.86031895286604,10.282407741988576,0],[79.81675702319852,10.275838023856519,0],[79.81331728109498,10.288743294243062,0],[79.81392718831471,10.27561593511438,0],[79.78009251514912,10.272469795636148,0],[79.78338512674652,10.296058594204995,0],[79.74872250180803,10.314376505556261,0],[79.77753702545014,10.284615471600219,0],[79.76766409967144,10.27180566712653,0],[79.53074251885344,10.309166178984047,0],[79.54413041528,10.32488531890908,0],[79.51292433853325,10.313138093210824,0],[79.3959000399758,10.3186351553355,0],[79.29846141121436,10.263298499446075,0],[79.26827221943235,10.232808731564093,0],[79.27735043978137,10.213294500504789,0],[79.24153667313811,10.184870408366844,0],[79.2293523309828,10.107465003998136,0],[79.22312471139834,10.106006681315431,0],[79.21988739182942,10.112630193277079,0],[79.21948147272049,10.113055236130204,0],[79.21910269626541,10.112598762932999,0],[79.2271485501803,10.07358412819368,0],[79.24806710022958,10.070874266271522,0],[79.23928665778881,10.057799262173363,0],[79.2661117561183,10.039233637244804,0],[79.13887080059658,9.920861248838134,0],[79.14701344528423,9.911435636692522,0],[79.1255031267786,9.90370565993736,0],[79.12403564756715,9.88356195768423,0],[79.11844617173574,9.890654537097564,0],[79.11126567380336,9.892837579737149,0],[79.12083183219444,9.855308246864121,0],[79.08495513403133,9.834650471996472,0],[79.09390347676444,9.829362544614051,0],[79.0586181926486,9.77245137162926,0],[79.02987391460377,9.761463311216241,0],[79.01591177881855,9.732318979194716,0],[79.01597275381894,9.740392802002548,0],[79.01315044146936,9.744840091640112,0],[78.9598148300682,9.630934333935713,0],[78.9336402721339,9.606175053378438,0],[78.91522635191917,9.499031152941994,0],[78.89834092755845,9.4898959799119,0],[78.93633699462963,9.408284934136656,0],[79.06925777797454,9.295749504994735,0],[79.21118673742298,9.283265804660026,0],[79.2659284458555,9.292744172973807,0],[79.3099153887425,9.327646844315632,0],[79.32934201332056,9.320096212735457,0],[79.31471714960772,9.281188349600376,0],[79.32400378246618,9.26357729919756,0],[79.41643758414664,9.187098900701235,0],[79.43584297058621,9.164171887641613,0],[79.43601045924332,9.158480211192595,0],[79.29939364833463,9.246764196107772,0],[79.21983108437335,9.257336983771475,0],[79.20919806128455,9.28240316494239,0],[79.08072139703589,9.261205992926708,0],[78.97892567179137,9.274851832236848,0],[78.86109901014095,9.25540191484183,0],[78.7326027953361,9.211889350887903,0],[78.7172551989158,9.18954266279324,0],[78.66380176429757,9.193615235776116,0],[78.64220843488513,9.174678864713508,0],[78.65707490148353,9.157693786595294,0],[78.57824975891859,9.130999665908362,0],[78.53090273383096,9.138077814281456,0],[78.40922781614452,9.111646587862024,0],[78.21504443336201,8.96603792640253,0],[78.18664195238256,8.923590914271971,0],[78.15808082668278,8.796964934717458,0],[78.18705554508355,8.764139952190567,0],[78.19913448943878,8.787475300096373,0],[78.19825272049523,8.76108014621039,0],[78.1629937513682,8.74134552142472,0],[78.12563863501747,8.665088376868308,0],[78.13797262104404,8.585963799695714,0],[78.1219000690971,8.515695110155,0],[78.1305894301146,8.496909021579418,0],[78.06388973760396,8.417985279146004,0],[78.05689638979639,8.379411279677367,0],[78.06742521028502,8.373269248343021,0],[77.8029245358212,8.240165762804011,0],[77.78131024645886,8.201040720741364,0],[77.74471211407881,8.176915939085283,0],[77.58039299298777,8.138186658013671,0]],[[79.67631947282163,11.813657480448756,0],[79.68073080932498,11.79712460328142,0],[79.69028589307199,11.808950533625982,0],[79.67631947282163,11.813657480448756,0]],[[79.69893199967255,11.86136499996197,0],[79.69722299980324,11.87404999964916,0],[79.69605300013467,11.860395999945103,0],[79.69893199967255,11.86136499996197,0]],[[79.70142403397494,11.823358442877112,0],[79.69338499970263,11.813716000216024,0],[79.70422250430158,11.813135487045177,0],[79.70142403397494,11.823358442877112,0]],[[79.73851655098414,10.919975392578726,0],[79.73945991006025,10.920420078964485,0],[79.73889698759304,10.921460366379103,0],[79.73851655098414,10.919975392578726,0]],[[79.8107300367231,10.880157734134249,0],[79.8062035247185,10.879684622760205,0],[79.8095379646334,10.87741106741079,0],[79.8107300367231,10.880157734134249,0]],[[79.74789317403526,10.992184968410061,0],[79.74678737208637,10.990369214403824,0],[79.74784933894989,10.990353793230515,0],[79.74789317403526,10.992184968410061,0]],[[79.72280115830281,10.937789980818046,0],[79.72073168634272,10.93567861504789,0],[79.72260848324204,10.934773151554538,0],[79.72280115830281,10.937789980818046,0]],[[79.69198497439629,12.033332673619974,0],[79.66045475372043,12.011136815753417,0],[79.65697860511382,11.991228856417726,0],[79.71989751648462,11.99211936643295,0],[79.69198497439629,12.033332673619974,0]],[[79.78881400038479,12.027125000334703,0],[79.80152400008969,12.016889999687386,0],[79.80580009040385,12.023984418917285,0],[79.78881400038479,12.027125000334703,0]],[[79.64253839642492,11.942641897970537,0],[79.65025498359884,12.021157870461678,0],[79.62516409623672,12.03169513886614,0],[79.61795074290109,11.924876656372058,0],[79.63011196824449,11.902148597231921,0],[79.67021176555727,11.918846153543592,0],[79.6690752954785,11.93795979947097,0],[79.64253839642492,11.942641897970537,0]],[[79.68376013300623,11.972502182417134,0],[79.66261288746661,11.969198441441376,0],[79.65430517192561,11.953287888191856,0],[79.677080357456,11.947930094977188,0],[79.68376013300623,11.972502182417134,0]],[[79.64877348205474,11.881029176598938,0],[79.59968193406192,11.88353477214258,0],[79.6018149778219,11.858406392914107,0],[79.62861030099654,11.870503252817613,0],[79.62650576316678,11.85492785951822,0],[79.6576284699021,11.85286887500868,0],[79.64877348205474,11.881029176598938,0]],[[79.64681302270729,11.842558568428759,0],[79.64679053480634,11.816342860898308,0],[79.67046699973231,11.814910999794538,0],[79.66132999956109,11.83954199998384,0],[79.64681302270729,11.842558568428759,0]]],[[[78.2052015633821,8.84147203114354,0],[78.21578727670638,8.842005242782419,0],[78.21921643163802,8.83389990798025,0],[78.2052015633821,8.84147203114354,0]]],[[[78.227090228434,8.87118939827661,0],[78.22592179850429,8.8663473082406,0],[78.22193651187948,8.87259979959802,0],[78.227090228434,8.87118939827661,0]]],[[[78.27333835308669,8.94249119627312,0],[78.26978553103704,8.942467349566563,0],[78.27362332635008,8.944477561904979,0],[78.27333835308669,8.94249119627312,0]]],[[[78.2522611197964,8.95197672421669,0],[78.25206742291387,8.956424624775151,0],[78.25529815871285,8.954111271087404,0],[78.2522611197964,8.95197672421669,0]]],[[[78.49274322233795,9.086424731635006,0],[78.49011662183186,9.09348693800818,0],[78.49564636911195,9.09019858125099,0],[78.49274322233795,9.086424731635006,0]]],[[[78.5376504555049,9.102126084120192,0],[78.53857187744396,9.106131722596693,0],[78.53939973219809,9.105843648595444,0],[78.5376504555049,9.102126084120192,0]]],[[[78.57934269811695,9.112824415931158,0],[78.58054375878096,9.101358639572435,0],[78.57095495429867,9.101131516403235,0],[78.57934269811695,9.112824415931158,0]]],[[[78.69634774590848,9.151311642736577,0],[78.69485680132135,9.155023188686574,0],[78.69675170473884,9.155666740639932,0],[78.69634774590848,9.151311642736577,0]]],[[[78.69806858927963,9.158523356682341,0],[78.69888299815636,9.158301196810188,0],[78.69809122000099,9.157967785796592,0],[78.69806858927963,9.158523356682341,0]]],[[[78.70189781897211,9.185822480230494,0],[78.70308129139767,9.185484525152358,0],[78.70424920971705,9.184079009046616,0],[78.70189781897211,9.185822480230494,0]]],[[[78.53808183539523,12.699108230429468,0],[78.54043674101285,12.693380697033724,0],[78.53622816758974,12.693526679705279,0],[78.53808183539523,12.699108230429468,0]]],[[[78.75377136811767,9.153043205001834,0],[78.75372169583845,9.154137884779146,0],[78.7550545283458,9.154075426578814,0],[78.75377136811767,9.153043205001834,0]]],[[[78.73148754199556,9.152778486292071,0],[78.72812739982447,9.153544559674692,0],[78.731603603783,9.15584158683789,0],[78.73148754199556,9.152778486292071,0]]],[[[78.75252609303297,9.15560751813773,0],[78.75088772126598,9.156479211019251,0],[78.75191462089505,9.157026893335631,0],[78.75252609303297,9.15560751813773,0]]],[[[78.81951924597278,9.165193378436507,0],[78.81866212123501,9.16071511133449,0],[78.81692339905125,9.160365272695323,0],[78.81951924597278,9.165193378436507,0]]],[[[78.82902045426967,9.170431487095764,0],[78.8239509824465,9.166524000870075,0],[78.82853914929666,9.173683445510108,0],[78.82902045426967,9.170431487095764,0]]],[[[78.96914449568217,9.182399708654968,0],[78.96994394669248,9.183304637433436,0],[78.96983659067699,9.182165362565346,0],[78.96914449568217,9.182399708654968,0]]],[[[78.94338406125689,9.187697468747249,0],[78.93078296582804,9.18151777406729,0],[78.92353872020928,9.183318054688606,0],[78.8972644928959,9.179674299557197,0],[78.94338406125689,9.187697468747249,0]]],[[[78.97050410097,9.18604040384501,0],[78.97018148291076,9.18444631225296,0],[78.96892879343736,9.186153860185918,0],[78.9686153927819,9.186129852073158,0],[78.96809039999174,9.185738349656166,0],[78.96722080477504,9.183092512577868,0],[78.9670922328477,9.187627599848188,0],[78.97050410097,9.18604040384501,0]]],[[[78.91013209898472,9.18598839263343,0],[78.91040728716351,9.186462253271294,0],[78.91048050877346,9.186002782334516,0],[78.91013209898472,9.18598839263343,0]]],[[[79.06961549688256,9.210672720795573,0],[79.08745969681269,9.191956896403893,0],[79.05676835857405,9.198019958982895,0],[79.06961549688256,9.210672720795573,0]]],[[[79.14056427396419,9.213064515635493,0],[79.13899092215185,9.213788670714289,0],[79.14153391739579,9.214253828856958,0],[79.14056427396419,9.213064515635493,0]]],[[[79.12286002166009,9.21453442965741,0],[79.12382425605801,9.214683677559279,0],[79.12406075987532,9.214448794623777,0],[79.12286002166009,9.21453442965741,0]]],[[[79.13411272476091,9.215982818242894,0],[79.12912475777249,9.214585045084565,0],[79.13298577413022,9.216164565880254,0],[79.13411272476091,9.215982818242894,0]]],[[[79.12312392538001,9.216178705206676,0],[79.12252346489211,9.217650476360655,0],[79.12348957184439,9.217960006743327,0],[79.12312392538001,9.216178705206676,0]]],[[[79.45451474054526,9.147400208017498,0],[79.45009312800262,9.147952628338274,0],[79.45235438205643,9.149778515397777,0],[79.45451474054526,9.147400208017498,0]]],[[[79.44453496996037,9.1523433930456,0],[79.44578596861403,9.15205836202801,0],[79.44470300873282,9.151032363756308,0],[79.44453496996037,9.1523433930456,0]]],[[[79.44618273344813,9.157284231092792,0],[79.44362139739911,9.15648451078685,0],[79.44447692459794,9.158039516784727,0],[79.44618273344813,9.157284231092792,0]]],[[[79.18106415622388,9.249930042355468,0],[79.22364618274703,9.24715065500563,0],[79.19933005066116,9.230202836848573,0],[79.17931051633103,9.238198739134246,0],[79.18106415622388,9.249930042355468,0]]],[[[79.23538964367141,9.243652936248019,0],[79.23566161623033,9.240235122954234,0],[79.2327458398202,9.243454758405543,0],[79.23538964367141,9.243652936248019,0]]],[[[79.48889671608579,9.118942061856675,0],[79.49491681435602,9.12538669705191,0],[79.49698143688495,9.123930320160198,0],[79.48889671608579,9.118942061856675,0]]],[[[79.48857620761659,9.12660476903338,0],[79.48733920168516,9.12771728843628,0],[79.48886328097453,9.128191442439867,0],[79.48857620761659,9.12660476903338,0]]],[[[79.48130777830788,9.128627709629729,0],[79.48112627577603,9.130060881119752,0],[79.47972517570011,9.129894030828746,0],[79.48130777830788,9.128627709629729,0]]],[[[79.48218675671909,9.13233900274519,0],[79.48333821110297,9.13423733815775,0],[79.48228218860656,9.131837213122523,0],[79.48218675671909,9.13233900274519,0]]],[[[79.47369471668681,9.135008603996885,0],[79.46998379867048,9.138698528560075,0],[79.46980662562042,9.139403791410425,0],[79.47361382468064,9.138399188559504,0],[79.47369471668681,9.135008603996885,0]]],[[[79.46509473171595,9.142935681189508,0],[79.4675330927228,9.143233503135637,0],[79.46778708661452,9.14039438876723,0],[79.46509473171595,9.142935681189508,0]]],[[[79.45378186754465,9.14549707287628,0],[79.45442747598939,9.143996090601114,0],[79.45397256452326,9.143670694428533,0],[79.45378186754465,9.14549707287628,0]]],[[[79.4552333413516,9.146739951058407,0],[79.4557520727047,9.147634976829965,0],[79.45643426443037,9.146703583476791,0],[79.4552333413516,9.146739951058407,0]]],[[[79.75694855189504,10.89547199584173,0],[79.75744530044358,10.895750496975165,0],[79.7569519188398,10.8952286517226,0],[79.75694855189504,10.89547199584173,0]]],[[[79.7712585806428,10.899205265343763,0],[79.77180304798658,10.898938335932982,0],[79.7712925921929,10.898935566357581,0],[79.7712585806428,10.899205265343763,0]]],[[[79.76635680127818,10.900579478266964,0],[79.77027896501423,10.900657345673645,0],[79.7670616932958,10.898586224012988,0],[79.76635680127818,10.900579478266964,0]]],[[[79.75876556175888,10.900565609294329,0],[79.75906706127306,10.900403495054007,0],[79.7587766954057,10.900355538216354,0],[79.75876556175888,10.900565609294329,0]]],[[[79.77179799525958,10.900067425315436,0],[79.7712211365501,10.90084063123409,0],[79.77175346936747,10.900966372057914,0],[79.77179799525958,10.900067425315436,0]]],[[[79.7583134284275,10.900361553908578,0],[79.75865865540513,10.900983987024143,0],[79.75838860514953,10.900081314798218,0],[79.7583134284275,10.900361553908578,0]]],[[[79.77013934298164,10.902285021656827,0],[79.77061283034902,10.902798316240286,0],[79.77071461912753,10.902228343825012,0],[79.77013934298164,10.902285021656827,0]]],[[[79.7692743644367,10.903917863895058,0],[79.76951829126122,10.903717521123498,0],[79.76920110988337,10.903743458192006,0],[79.7692743644367,10.903917863895058,0]]],[[[79.76139621043768,10.904779803011827,0],[79.76182657464841,10.904526233202139,0],[79.76161700523059,10.904550964147592,0],[79.76139621043768,10.904779803011827,0]]],[[[79.76450396533066,10.9118452149267,0],[79.76797463332136,10.902680344665399,0],[79.76601929792973,10.901015487936952,0],[79.7626240839488,10.901685603616814,0],[79.76450396533066,10.9118452149267,0]]],[[[79.72003052356936,10.954877373048946,0],[79.72163421279143,10.955643645925687,0],[79.72158923688,10.954010184004396,0],[79.72003052356936,10.954877373048946,0]]],[[[79.76797999994953,11.900403999813227,0],[79.79711499975299,11.894063999661263,0],[79.7930190000317,11.877108999770076,0],[79.78143700000273,11.862757999737333,0],[79.76797999994953,11.900403999813227,0]],[[79.79325699991449,11.884625000319234,0],[79.79413800039833,11.884102999847224,0],[79.79417499989566,11.884588999772788,0],[79.79325699991449,11.884625000319234,0]]],[[[79.8456676611203,13.327576678871987,0],[79.84407317712625,13.321710568068047,0],[79.84267505826044,13.322576734913534,0],[79.8456676611203,13.327576678871987,0]]]]},"id":31},{"type":"Feature","properties":{"state":"TELANGANA","id":32},"geometry":{"type":"Polygon","coordinates":[[[79.21107978372223,16.35558624364365,0],[79.2343247458586,16.334144190899593,0],[79.21517100666384,16.226289321179912,0],[79.15697910636757,16.209596919002376,0],[79.11975785069039,16.232247298740266,0],[79.10166813548346,16.223164614883636,0],[79.00954607753044,16.240523712048326,0],[78.98575512126745,16.211024948540814,0],[78.90544277806566,16.183900698615357,0],[78.922067694971,16.104627542543316,0],[78.89564127350198,16.085894544046752,0],[78.87219210648996,16.144281365163394,0],[78.83389168240281,16.14478866290059,0],[78.84033481887084,16.078453382279996,0],[78.78993399634217,16.02343912565078,0],[78.73554349219455,16.00846988232055,0],[78.68124191307523,16.035106683397192,0],[78.62729042765639,16.087951793148168,0],[78.55181541241969,16.043118511377806,0],[78.4079519399488,16.075124750692993,0],[78.32661978985035,16.03705463766639,0],[78.31232515094261,16.01182768726422,0],[78.26092897399221,16.02613455246149,0],[78.25168291025327,15.935545803700792,0],[78.18205383725692,15.907674658833637,0],[78.17541242366687,15.858399418033331,0],[78.09904827890776,15.836328349020166,0],[78.04689207518877,15.875224898329478,0],[78.04501563529743,15.904464215735882,0],[78.03196359368899,15.907668402815043,0],[78.00893796304727,15.862077872746227,0],[77.88805825139963,15.906406399354958,0],[77.85859263622297,15.884031337963933,0],[77.80359918418334,15.874458573846104,0],[77.72418150202066,15.896137139885488,0],[77.65928862722001,15.885822213654814,0],[77.6114816525562,15.918256928315662,0],[77.51343815886004,15.926792457029952,0],[77.51405206542994,16.008076306735276,0],[77.49400140577488,16.036987862104116,0],[77.50687535063398,16.07963554792376,0],[77.49365800066059,16.086343574800793,0],[77.51327558201969,16.108023768205886,0],[77.48979304219483,16.11961931410077,0],[77.48615199117204,16.16298424496021,0],[77.50114912941362,16.22171778934492,0],[77.51565742448221,16.227789533259482,0],[77.49234301659794,16.22929729607822,0],[77.4900660498157,16.255180484852076,0],[77.5048148318349,16.275800925816505,0],[77.53689792568352,16.26680401911016,0],[77.56320584555702,16.301635528466026,0],[77.59771903933076,16.29280516537794,0],[77.5953829866655,16.342199409326113,0],[77.48969095626272,16.38501479744656,0],[77.42094837332444,16.366230530280756,0],[77.34909706281843,16.38384543545689,0],[77.2882110210002,16.408701572800485,0],[77.23576101892733,16.472743948680684,0],[77.29399660797644,16.476670325515006,0],[77.29871290946188,16.496161538537304,0],[77.3690127889651,16.488671381056047,0],[77.37778880650062,16.513704827852024,0],[77.4191167881742,16.522378339903252,0],[77.41901714099235,16.548924430185597,0],[77.39287453023053,16.569974416713485,0],[77.42375767470797,16.568880956518903,0],[77.46739659923188,16.598836894675625,0],[77.45364779146064,16.616747170206526,0],[77.4761106733518,16.6501071099479,0],[77.43434356453855,16.641382053385918,0],[77.41886044332516,16.66857230720242,0],[77.46980168185524,16.687030048522708,0],[77.47404962743076,16.71655883148766,0],[77.43846202076945,16.711679224134105,0],[77.42606788189876,16.722873754512335,0],[77.43949882485894,16.789131621275214,0],[77.47650134938388,16.788368064395097,0],[77.45708296453653,16.830179831084944,0],[77.45401588611176,16.913897662569642,0],[77.46943530286775,16.919197383766537,0],[77.47951622971499,16.996017536714046,0],[77.50253161575162,17.01410452679642,0],[77.46362279293002,17.109996776508883,0],[77.40665836419682,17.124511231416736,0],[77.36372430799284,17.158781726899782,0],[77.37227170717345,17.19556283077006,0],[77.39389361274556,17.194396589161816,0],[77.4037478603618,17.20989210268448,0],[77.38018764838098,17.222530490090016,0],[77.42041860869807,17.23762484783984,0],[77.45853522374998,17.278997290395168,0],[77.43792590753687,17.291918842550885,0],[77.45601107372727,17.331236328226595,0],[77.45360624463851,17.373989925841407,0],[77.47909594752792,17.37072119311745,0],[77.48381852043093,17.354997425776528,0],[77.52980190689144,17.370711345138098,0],[77.53784414030655,17.406092762975508,0],[77.51417375863048,17.41418124081439,0],[77.51299842604674,17.430870327428163,0],[77.53730103208355,17.443746850513048,0],[77.57586181683065,17.430714422518186,0],[77.57618607401221,17.45616763516293,0],[77.614271363218,17.445946412005704,0],[77.6152311006759,17.47289068091676,0],[77.64478522890796,17.477566232770435,0],[77.65689230680273,17.50646110415411,0],[77.65736485693104,17.480918485469093,0],[77.68840212738473,17.475196078752113,0],[77.69239554919166,17.49687905437503,0],[77.66200957713995,17.52282274693381,0],[77.5968992899896,17.534303174289416,0],[77.59379986833899,17.564513139453872,0],[77.55055929877007,17.551733836366026,0],[77.52838340489238,17.57536553886469,0],[77.50689876192796,17.542278968229358,0],[77.49406572304692,17.56835788467523,0],[77.4431189974521,17.58396319035514,0],[77.45243015667117,17.694703385504628,0],[77.5459638817738,17.726840732762255,0],[77.56853424195195,17.748906356765247,0],[77.56914953350409,17.766491971706724,0],[77.50655738670517,17.785952675593737,0],[77.52822142647062,17.82789782450654,0],[77.55402610826707,17.82006789238756,0],[77.57639878422893,17.87541940481606,0],[77.59907651087772,17.873087294026224,0],[77.58606317422131,17.907835700759396,0],[77.61903861456432,17.904058633692436,0],[77.6245445387792,17.959602860277805,0],[77.63301285339426,17.967382101655016,0],[77.64948494777988,17.950015251899046,0],[77.65585519956058,17.968839263099436,0],[77.64890562613623,17.998877619153113,0],[77.62778743746898,17.996787186498103,0],[77.6059338410347,18.020232987500314,0],[77.58859021582126,18.01215627959004,0],[77.54763567265917,18.056131123988518,0],[77.59880370976005,18.09333132210934,0],[77.5968428812803,18.155947615199153,0],[77.56346054390222,18.196128998304427,0],[77.58531465804056,18.219820318247145,0],[77.57177963552489,18.244001909830242,0],[77.60542160745739,18.281281170138797,0],[77.55140128136115,18.291912915917603,0],[77.57047950614441,18.318112544269688,0],[77.52273411071974,18.345398188673645,0],[77.5567560639847,18.41714334005582,0],[77.52751602175817,18.442111241059926,0],[77.58529734099561,18.44679230495409,0],[77.548563405339,18.46858131114255,0],[77.57286101931965,18.469814926196527,0],[77.57636930143421,18.486784646738183,0],[77.6031260550623,18.47684752440811,0],[77.60470685344573,18.496366809279216,0],[77.58590690075313,18.503996131884882,0],[77.5963694221154,18.548941380658047,0],[77.64791314787225,18.554931356048968,0],[77.6558604002904,18.53089895133,0],[77.73849960730972,18.55678870935454,0],[77.75034273783642,18.589215471542,0],[77.72997424724697,18.666936908438934,0],[77.75350376565859,18.70099198210321,0],[77.76815202528995,18.70585935775031,0],[77.78728825198249,18.682639975552995,0],[77.83995480264771,18.80482151193462,0],[77.9482753520025,18.829097124544848,0],[77.94890092557333,18.84328916582152,0],[77.90323203949458,18.866625519477928,0],[77.8853844487807,18.904200157939208,0],[77.84325423222454,18.908693375431536,0],[77.858591644031,18.94911097679295,0],[77.81924931764321,18.94585994068967,0],[77.82175777593501,18.978507767036373,0],[77.77149715594321,18.979159066370602,0],[77.76179020842964,19.033001761328904,0],[77.76481199057818,19.062655286412557,0],[77.80034943311612,19.05112157171786,0],[77.809934258313,19.104733974100583,0],[77.85039502620205,19.088556895098197,0],[77.83406293140412,19.134308249717343,0],[77.86049421300599,19.180354254607654,0],[77.84772102291915,19.189594953679205,0],[77.87140505514245,19.25502036914571,0],[77.90756357478179,19.268228379074994,0],[77.86557552014644,19.283821549787614,0],[77.86345878365593,19.304196348209818,0],[77.9451218980345,19.34245296943762,0],[78.04250627410606,19.270603767116118,0],[78.04161357724128,19.243428142210476,0],[78.05567524907696,19.23712171172232,0],[78.07909687597353,19.254834328455033,0],[78.0891496252096,19.23936818921789,0],[78.11703804364804,19.248637272514692,0],[78.14454691125309,19.229400732031834,0],[78.17532099617266,19.237578550117956,0],[78.19373885314411,19.31488612571829,0],[78.17214822758821,19.349298865102455,0],[78.18767298801099,19.39459295034051,0],[78.17619001952588,19.412262465767167,0],[78.19506524461526,19.40675371697493,0],[78.27043943460363,19.456155143858393,0],[78.30434095742429,19.45613704887655,0],[78.29322965891416,19.54223359026061,0],[78.27431076480092,19.553974587329634,0],[78.3036889129454,19.569320561416816,0],[78.3055669121005,19.60706653748166,0],[78.29046249488108,19.64600101202544,0],[78.262649047738,19.66506424239773,0],[78.27618587502464,19.69241534619996,0],[78.31182129492713,19.691050463532378,0],[78.34313414577775,19.713250020146475,0],[78.36467465027448,19.781231544851973,0],[78.35744171828566,19.80543413041168,0],[78.33402456070729,19.8145917208565,0],[78.33641446993397,19.8379232418834,0],[78.28607513413802,19.84793714252418,0],[78.30702790900732,19.91429755898284,0],[78.33177892679342,19.91337383623956,0],[78.33208817113957,19.884900375288268,0],[78.38067127785762,19.880436197043533,0],[78.38645831182139,19.845359360758927,0],[78.422951936927,19.817626700970784,0],[78.47245903863504,19.81733826870827,0],[78.49023814945386,19.792684456333323,0],[78.51501832446353,19.818933384970354,0],[78.55200650745974,19.824084590915458,0],[78.69256254342301,19.791026671887046,0],[78.71916067553227,19.76664824531213,0],[78.74005701694222,19.78313315217339,0],[78.78236598459874,19.77840969923134,0],[78.80216094023291,19.756533796915516,0],[78.84096345363591,19.761890085002673,0],[78.85992308609563,19.68949128111417,0],[78.85192030391192,19.658360820662725,0],[78.88672681448001,19.655071367772862,0],[78.90353571532505,19.67000907672625,0],[78.95555844309365,19.655791000857008,0],[78.95562022051573,19.600171196595035,0],[78.97283491656712,19.5823876591252,0],[78.94044360064088,19.55186830141301,0],[78.98125194182883,19.560839381248854,0],[78.99803139159448,19.54008433923624,0],[79.04601146037496,19.548325712828902,0],[79.09803451388636,19.532026770563665,0],[79.18972080679966,19.4591346328,0],[79.22358933629334,19.469074903776846,0],[79.20385114222663,19.494083474039527,0],[79.24002308982766,19.535240211256273,0],[79.25312426274441,19.593287158797033,0],[79.24355707047559,19.61668894374072,0],[79.30684049358665,19.596556016634597,0],[79.31393055191386,19.56642080598087,0],[79.36573002849127,19.576331394783814,0],[79.471424890333,19.500191724764733,0],[79.51858859767984,19.520182827188407,0],[79.51861081963321,19.543109248970353,0],[79.53992721349299,19.554661262453198,0],[79.55293237396707,19.524168599132214,0],[79.59615396936678,19.50727732242485,0],[79.62791950263261,19.57317082239206,0],[79.70899970440138,19.584478292085645,0],[79.75344827729593,19.60753391198209,0],[79.81482669097247,19.575419747750473,0],[79.86458394968639,19.510513651078874,0],[79.91486568999683,19.495840622180925,0],[79.94644345056857,19.467823277100145,0],[79.97971729401094,19.38940479814889,0],[79.95908049470825,19.33594022579938,0],[79.96587244023422,19.30303874174285,0],[79.92474234415678,19.22729925462077,0],[79.94566854872718,19.16893659439813,0],[79.8584295721302,19.10241622734811,0],[79.87110277654975,19.041016936907706,0],[79.92791936759284,19.049318054187584,0],[79.9402631514642,19.032563840936042,0],[79.96160503121484,18.86662660296444,0],[79.91578230544728,18.829912549649606,0],[79.92104789865571,18.810230709051456,0],[79.96415410068816,18.773825003259,0],[80.01854428419645,18.770382977034803,0],[80.0527969519027,18.725058817533753,0],[80.11812187011265,18.68051679265935,0],[80.15770799598768,18.70097975784299,0],[80.1965690185287,18.680795451828722,0],[80.21277170585809,18.705717739854563,0],[80.27994810245505,18.72074011361786,0],[80.34733642290423,18.59455921704666,0],[80.48851610537227,18.631039736835323,0],[80.63756920797555,18.522529296051637,0],[80.65530846550007,18.475862599326593,0],[80.70531358640167,18.439862022339508,0],[80.6964438084916,18.423917398250293,0],[80.73487357466934,18.412840512945156,0],[80.71967596781684,18.390795118085222,0],[80.7487237365308,18.30892473044404,0],[80.79406311758525,18.260085285408227,0],[80.73720230669439,18.222092916493423,0],[80.73690309318225,18.177164567578075,0],[80.7991133319852,18.168169757577555,0],[80.82406828294421,18.191036339338154,0],[80.82359192901353,18.23607533138575,0],[80.8367245819605,18.238919784843134,0],[80.86593731279108,18.23012786492849,0],[80.87260795213588,18.21057653617177,0],[80.8529119955465,18.202001142131092,0],[80.86666955439968,18.136923397134076,0],[80.9141701720334,18.141170465477643,0],[80.97902754653082,18.17541126121588,0],[80.94925722402765,18.082861606745087,0],[80.99834018405211,17.916786516629287,0],[81.00821903468517,17.799366257953643,0],[81.04661652947348,17.782307305833488,0],[81.08558749965351,17.798023476705406,0],[81.10426226012035,17.772006361560987,0],[81.05816501322533,17.73308576590567,0],[80.9913179694752,17.749917129242355,0],[80.97342181740467,17.780122161431258,0],[80.88554632269218,17.7356779538086,0],[80.88576515722775,17.681218776651498,0],[80.90495630173515,17.6773195039224,0],[80.91105496686458,17.638017213839476,0],[80.86149487294928,17.634214634769656,0],[80.85540134660127,17.601869877477768,0],[80.96939520565824,17.59805547021994,0],[81.01482639959028,17.522126210193008,0],[81.0975631876751,17.504255902501427,0],[81.12727966430924,17.526422939046814,0],[81.14214537820648,17.488587538909865,0],[81.15968076807273,17.484370095760458,0],[81.14825367493277,17.46365328524514,0],[81.17554726125294,17.46363637679554,0],[81.18931312698221,17.437148171482043,0],[81.20269707368664,17.433953169831096,0],[81.2052636089203,17.449587930854392,0],[81.3194799510009,17.39534538733522,0],[81.32264131487403,17.37454770385533,0],[81.27425868004937,17.317607338738124,0],[81.19036515874753,17.325080250231,0],[81.17393257881434,17.23060685120482,0],[81.07956514092663,17.21554752718153,0],[81.05460934514285,17.224874201952705,0],[81.0312318660328,17.190601302953635,0],[80.91884229086843,17.220007508759092,0],[80.92399459423426,17.15784625704699,0],[80.87943805423285,17.16083009448444,0],[80.86774061542732,17.12313061197018,0],[80.87722821308029,17.070557406423845,0],[80.8453094512176,17.039967155263955,0],[80.73888132595044,17.079588912517725,0],[80.6537858374383,17.06888764124284,0],[80.6705547724131,17.10118753990501,0],[80.5799971531509,17.153344721115396,0],[80.56316252069205,17.133378047851135,0],[80.51406032332152,17.12232693487606,0],[80.5053779614959,17.068739828420192,0],[80.47135796980112,17.050646193987305,0],[80.46484161221086,17.030301404907966,0],[80.43861172958142,17.037860614750684,0],[80.40903042744722,17.091496958928246,0],[80.38571852255676,17.068203028944662,0],[80.40703486361323,17.015796036019964,0],[80.36340456958197,16.97606555990546,0],[80.44965059138885,16.95504453409996,0],[80.49342734098036,16.927710269236687,0],[80.49922903187635,16.95633461917759,0],[80.5261034839943,16.947881380575147,0],[80.5346757614614,16.96169480116598,0],[80.60205074784173,16.91869593045768,0],[80.58712000509983,16.904177811162043,0],[80.59588976752346,16.88490546923972,0],[80.56821548568546,16.86958636262339,0],[80.56282630983087,16.833126197165388,0],[80.61296655586995,16.793540995456155,0],[80.57024080111637,16.76800901746716,0],[80.46445492734155,16.79544865651784,0],[80.46424021970435,16.819977759306067,0],[80.38403714557256,16.865256472402304,0],[80.378367420963,16.851989919255125,0],[80.40778035511387,16.84851357975707,0],[80.38041686955025,16.81773588796103,0],[80.37406560588936,16.852394453305166,0],[80.32169886233392,16.879629864561885,0],[80.31662338584529,16.948613705085915,0],[80.29357959108647,16.996611307314016,0],[80.21142152760127,17.01055185765417,0],[80.1964527662379,17.044033651796223,0],[80.1872870820284,17.019955020015555,0],[80.14023685018704,16.99059227321727,0],[80.09516057953054,16.99065150166199,0],[80.0914848862418,16.96837837316638,0],[80.05543804820685,16.971421830255792,0],[80.04040315754285,16.918364869031613,0],[80.01738295959252,16.915256923650205,0],[79.99876147147302,16.865498151441674,0],[80.04684198284679,16.853626892975935,0],[80.07059921144602,16.80197888038469,0],[80.05495314331084,16.744935140124976,0],[79.99741126798709,16.70238329949872,0],[79.96307138677713,16.643825550203005,0],[79.9101094766761,16.634210766793135,0],[79.87753325849988,16.69758891169666,0],[79.85106831173684,16.706129277365697,0],[79.81726906280116,16.692157925368118,0],[79.7739993518527,16.731064642066638,0],[79.72290455429648,16.690567531836344,0],[79.68155372764546,16.6946632779327,0],[79.63310440593548,16.660716269379783,0],[79.59893857627092,16.673517113580345,0],[79.54210821337563,16.63253983558645,0],[79.44719430556091,16.620006575383055,0],[79.41866194891462,16.580540557975674,0],[79.25909587235438,16.567217470941337,0],[79.21907286421589,16.5100229432851,0],[79.21499133671126,16.482374477607337,0],[79.23338583553557,16.459501306398316,0],[79.21159427452349,16.447688253167296,0],[79.21107978372223,16.35558624364365,0]],[[77.52398859241747,17.785185037106526,0],[77.52128800845476,17.782959516644773,0],[77.5267893215441,17.78448237240285,0],[77.52398859241747,17.785185037106526,0]]]},"id":32},{"type":"Feature","properties":{"state":"TRIPURA","id":33},"geometry":{"type":"Polygon","coordinates":[[[91.83581462221382,23.093324090786624,0],[91.80602757060198,23.063028389266954,0],[91.77407041439092,23.069084554106272,0],[91.78008226400864,23.028531393157078,0],[91.76854227643723,23.040934728329265,0],[91.71002196970782,22.98195093171224,0],[91.64545948138887,22.985021559105,0],[91.61769188047123,22.9386407374862,0],[91.60008453611424,22.95492616817583,0],[91.61379638629828,22.958371455527463,0],[91.60610450696709,22.97190863091701,0],[91.576762542956,22.965218997316267,0],[91.54248651444668,22.999457074745944,0],[91.55035650921782,23.03840858228192,0],[91.5304896694939,23.03830841873691,0],[91.52983207430579,23.0916619790599,0],[91.50314575591206,23.13049096574865,0],[91.51531805121532,23.144988361184282,0],[91.49088179224536,23.157603634117397,0],[91.49174123007079,23.17755964137158,0],[91.507540481265,23.183684344405677,0],[91.4707566844043,23.1964197602432,0],[91.48443081535024,23.20918086065932,0],[91.45061332149548,23.219413373591195,0],[91.4702728573508,23.22763056911937,0],[91.44523565056852,23.24707435569403,0],[91.45421040097365,23.260370828443197,0],[91.41831298805175,23.25538784808396,0],[91.40893863513958,23.285193558194617,0],[91.41132441591186,23.25566447644604,0],[91.39756115323397,23.265124652071634,0],[91.40874482509813,23.24761622136375,0],[91.39255325314952,23.24589254430977,0],[91.40091122235572,23.229114399267456,0],[91.38647096920884,23.227555606873253,0],[91.37989631520549,23.184512912276535,0],[91.41738626488032,23.064813640473307,0],[91.39585504556128,23.05604060901931,0],[91.36979107319598,23.07037137317125,0],[91.32333456585646,23.158013804439793,0],[91.32660682325903,23.252286584606605,0],[91.3002237281788,23.29245208869728,0],[91.31315488494302,23.30633819222716,0],[91.28985282713955,23.318524493533236,0],[91.32008596811743,23.360088305248297,0],[91.29107061424608,23.350657051267643,0],[91.29432948461641,23.374678299200284,0],[91.2797511387498,23.376598231391696,0],[91.24934241641951,23.490170955008622,0],[91.20076362180811,23.52002354370241,0],[91.21294567347277,23.550414121976583,0],[91.19445076539357,23.547177647803306,0],[91.1771299627853,23.59319834887602,0],[91.16249868157195,23.595043785691377,0],[91.15630381404127,23.670717389300766,0],[91.19942169519427,23.646578890216496,0],[91.20852857077321,23.686401214073577,0],[91.15424271544892,23.688392931901895,0],[91.14919851804191,23.711525058212935,0],[91.16619209357928,23.74897263092691,0],[91.2103748937268,23.749155688860565,0],[91.2190282536107,23.736426459350014,0],[91.22636469605058,23.75113835973056,0],[91.22641636850452,23.790926414081454,0],[91.25411536052574,23.837795280037117,0],[91.22961558263285,23.880594421488453,0],[91.2461844629324,23.913080148577514,0],[91.23301899382076,23.92695719331143,0],[91.27621368738606,23.92252498980972,0],[91.26423052333851,23.944219373340253,0],[91.2846882030837,23.982099853030757,0],[91.28767960562284,23.96800652125665,0],[91.29979408487961,23.97211965237896,0],[91.30364125427936,23.997905181949037,0],[91.37952657892966,23.97532618570275,0],[91.37333590060041,24.002645284236827,0],[91.39659846557807,24.049620144615595,0],[91.37461056266247,24.10777038909498,0],[91.47316465995695,24.10175274256627,0],[91.58607295623912,24.072600981637272,0],[91.59454000953187,24.09653371000406,0],[91.63793269931564,24.102922464222523,0],[91.63444594670118,24.13805495737277,0],[91.66012813109678,24.189535140973263,0],[91.64774989707493,24.218488992980284,0],[91.6651592676771,24.233529306329107,0],[91.68828058840757,24.162085405769343,0],[91.75937265745422,24.141527418640635,0],[91.74502847804341,24.246974819147812,0],[91.81635591232838,24.209938092807516,0],[91.84470713016789,24.225770570911944,0],[91.85517932691434,24.21238627067916,0],[91.84543951625214,24.19138178428322,0],[91.87398836136633,24.17447005622696,0],[91.88462657083346,24.138601729405867,0],[91.9057525777796,24.13860024454904,0],[91.94081865665909,24.268091503469606,0],[91.91998876371832,24.33746094465175,0],[91.95680147255841,24.35663423695854,0],[91.99595060758675,24.322054485336867,0],[91.96691513006542,24.379773782556914,0],[91.9857870450302,24.376890716600652,0],[91.99643974006287,24.393667241112812,0],[92.04403239139823,24.37487220585836,0],[92.12190120960334,24.382242932653575,0],[92.13679962758953,24.424959848700183,0],[92.16912822947538,24.427766325565095,0],[92.15049633209932,24.49522333148054,0],[92.16948717483169,24.531752608694827,0],[92.2305074873008,24.499980602477898,0],[92.23015825664825,24.461646389030772,0],[92.25939508817935,24.439213010573226,0],[92.2740899175266,24.388317410618512,0],[92.21287240350804,24.24992683843482,0],[92.29829566998461,24.252655608365032,0],[92.29552049586545,24.227665604567832,0],[92.31438664787179,24.22389666345791,0],[92.33178436078114,24.182730427667728,0],[92.31422174278812,24.04751429261725,0],[92.330711694249,23.990055618905355,0],[92.31128060302727,23.958099547630457,0],[92.3124342846806,23.93131589133582,0],[92.33117530018998,23.92060119766444,0],[92.31538172552122,23.880922221846433,0],[92.32528398878942,23.86972113735639,0],[92.29255494147964,23.870161928449907,0],[92.27434482827051,23.848869184671113,0],[92.28653378483736,23.81920777441739,0],[92.26030052574174,23.813379414246793,0],[92.26548059510336,23.724766648274482,0],[92.23916937559378,23.718427862475348,0],[92.2226239593811,23.652825855525364,0],[92.2066035825954,23.66100423741665,0],[92.20703015110684,23.700615207984313,0],[92.1777070096959,23.707560445756783,0],[92.16973393188314,23.739681588207826,0],[92.14448798232655,23.733395275741476,0],[92.09969410456216,23.676708598854148,0],[92.08302943732018,23.680053329443076,0],[92.07918096812305,23.64845241614958,0],[92.06333561294053,23.645015388671958,0],[92.00040811716282,23.67069681453421,0],[91.97826835320922,23.733083529495627,0],[91.95066804411928,23.72623383266499,0],[91.95789426132991,23.694406447985582,0],[91.93401838389461,23.684555154491164,0],[91.97038529684848,23.47828285962831,0],[91.93666222367935,23.46660237835684,0],[91.94260805422459,23.434976537896592,0],[91.8997113285233,23.440600248171187,0],[91.84498944982133,23.404685385264056,0],[91.82514208716607,23.352343250721237,0],[91.76240934633833,23.302936027813484,0],[91.8100907535338,23.165072894020067,0],[91.8134557191374,23.099200671248422,0],[91.83581462221382,23.093324090786624,0]]]},"id":33},{"type":"Feature","properties":{"state":"UTTAR PRADESH","id":34},"geometry":{"type":"MultiPolygon","coordinates":[[[[78.56835656133607,25.22471733379842,0],[78.60067793848219,25.15539204794862,0],[78.60216676103845,25.094936034209432,0],[78.6281449977571,25.08619918422008,0],[78.65261670155715,25.05059246939728,0],[78.63173100561107,24.957694061386878,0],[78.66339325882832,24.938442399446835,0],[78.67655975638843,24.898631170599916,0],[78.77003672137529,24.85901974967489,0],[78.7898390509095,24.810977868382036,0],[78.77039767951706,24.78840079312698,0],[78.7809998926241,24.706075740182154,0],[78.74392792295006,24.654059854532544,0],[78.75203016911783,24.600179873653662,0],[78.78378711776436,24.588560325052363,0],[78.83461067628956,24.60455547926719,0],[78.84330151037422,24.623290294907104,0],[78.85976527912155,24.617640576573855,0],[78.8680162366582,24.63998963218553,0],[78.8831090264603,24.641397319432766,0],[78.95321011349567,24.546895855528,0],[78.9472554057408,24.50240402994233,0],[78.97152153440005,24.494241776316233,0],[78.93621897460679,24.4794226330001,0],[78.92057591409977,24.499718890690946,0],[78.91420947462197,24.459617737540263,0],[78.94748376899784,24.43662189407072,0],[78.98576122608273,24.441683678437023,0],[78.99364771610641,24.422750151746683,0],[78.97145395161297,24.347605838460975,0],[78.9096377035989,24.29799495448783,0],[78.91607017583684,24.26762632109786,0],[78.8843741432595,24.250000012829577,0],[78.88466501198943,24.21994773714808,0],[78.82674810272961,24.19544634219182,0],[78.81494615020394,24.206804480885328,0],[78.80620547558891,24.17829339771668,0],[78.78554454373337,24.183496633129618,0],[78.76189156186625,24.25953690052416,0],[78.75042419503845,24.233886952179613,0],[78.73416604068312,24.252405124209897,0],[78.70305791231682,24.22692324242294,0],[78.6686337117398,24.240037326778772,0],[78.66004569425276,24.267594697918597,0],[78.62580303303629,24.280590646572453,0],[78.62844280995566,24.30393796650348,0],[78.60364634016634,24.314499724526748,0],[78.586004323394,24.353742298595858,0],[78.52988419144839,24.368095180571316,0],[78.51838035224317,24.387818753329608,0],[78.50047772047051,24.389073608831804,0],[78.47429432125034,24.356335537375294,0],[78.47758138916338,24.338484380712543,0],[78.44389064403873,24.319345489643016,0],[78.41163498636726,24.27163286816526,0],[78.38566891162948,24.269668748176844,0],[78.3480462270914,24.299577785946997,0],[78.32920091143242,24.329448068369263,0],[78.36578652707979,24.385976220990273,0],[78.26968957764203,24.44693918814006,0],[78.27497912449572,24.4739234360872,0],[78.24589046463345,24.486139174721355,0],[78.24601648053131,24.509539049207817,0],[78.2254184559564,24.52137196770386,0],[78.2294432270863,24.537533976402166,0],[78.26446944475231,24.552202345606492,0],[78.27798347228028,24.614757584303295,0],[78.26267358078307,24.64600180015652,0],[78.27677609432972,24.66251010315532,0],[78.22614323589004,24.746912008009904,0],[78.23599027298513,24.770010207711824,0],[78.21993285330723,24.802376826874593,0],[78.1975979908873,24.839782191185115,0],[78.17326860672627,24.84669368355652,0],[78.1690569721253,24.86933646095577,0],[78.33385237466955,24.995499619972115,0],[78.34737274189811,25.021531464719544,0],[78.33863497425996,25.086581359370726,0],[78.38345217633693,25.101719902727066,0],[78.4068218657881,25.12893421217516,0],[78.44755479665176,25.12362065764898,0],[78.42729984556397,25.15398815374332,0],[78.45824719011257,25.16460807981283,0],[78.39545292744235,25.187943221005163,0],[78.39138210543226,25.201191318126632,0],[78.41095197922414,25.21266596452544,0],[78.3597999942071,25.242193213390976,0],[78.37251418094846,25.25990687375495,0],[78.35011060145723,25.277327302568086,0],[78.35458581882926,25.292254388128878,0],[78.31173418638521,25.303300589733542,0],[78.34379321406843,25.328455828346378,0],[78.32805789302388,25.35254293404903,0],[78.30053267520107,25.36037373032922,0],[78.34091274878139,25.400125558359445,0],[78.35454453229623,25.45197906556687,0],[78.37766068687363,25.436810593433677,0],[78.41648543726734,25.47647809895965,0],[78.43130656359301,25.473629613038977,0],[78.41680998161121,25.50170032538179,0],[78.42991552834691,25.552372765645625,0],[78.44888385200126,25.56358912412199,0],[78.46469369187774,25.54550860371189,0],[78.49333850137843,25.578697780645918,0],[78.58943833396145,25.55681726576279,0],[78.61813623861099,25.58366257134506,0],[78.63079678576007,25.578932543939903,0],[78.62419297215163,25.56737836110873,0],[78.65867489651059,25.559886657099515,0],[78.71732912611432,25.605329195674496,0],[78.74214936605146,25.596993189052622,0],[78.81176271307449,25.620782511681618,0],[78.81670423566977,25.67632145709682,0],[78.79991169127592,25.7050682345569,0],[78.7633317013021,25.719929726853795,0],[78.75285582425607,25.750002434219503,0],[78.7828829041021,25.75848296922798,0],[78.80828756594697,25.800971159957076,0],[78.82861660332604,25.79570756128488,0],[78.82831017509174,25.81433816374749,0],[78.80626639607074,25.81309286447103,0],[78.81843532574268,25.829007305210812,0],[78.84555115599132,25.82155485771576,0],[78.85714756507988,25.79181523966673,0],[78.87244444153201,25.801378959511194,0],[78.87257846586981,25.835092957496066,0],[78.85140719237386,25.83846246206468,0],[78.85240623833496,25.85664649488371,0],[78.87305664502118,25.875138834582692,0],[78.88737906606957,25.86849481512433,0],[78.88463912186938,25.91392951637183,0],[78.93895646532572,25.94268709003461,0],[78.93317921490147,25.979331876286114,0],[78.95681428786898,25.996538018711654,0],[78.94826299328584,26.02774923373532,0],[79.01206315147223,26.083184846718886,0],[78.94887043930028,26.12867977014793,0],[78.9669558057838,26.150142603749487,0],[79.00489540226584,26.148049811745107,0],[79.00446865689312,26.169215608775044,0],[78.98311385666247,26.18435831007133,0],[78.9936657103081,26.196891734735626,0],[79.02583037544927,26.191765391849124,0],[79.02582147322393,26.22009804851138,0],[78.98935560861956,26.234975982138952,0],[79.01944220943857,26.24760914855887,0],[79.03459853834174,26.225370480589124,0],[79.06344474484588,26.22590465001549,0],[79.06969513479794,26.24569658738815,0],[79.04564409577931,26.260307334061487,0],[79.0770085190104,26.280620472276063,0],[79.09064824053591,26.270027930835536,0],[79.1019288316798,26.30681526112044,0],[79.11859820213945,26.300336377957166,0],[79.1155273384144,26.32047747884395,0],[79.13883078085449,26.337513365365176,0],[79.08424407541666,26.36232046433537,0],[79.09520640554938,26.41263598247215,0],[79.125983698707,26.411253583324797,0],[79.1351777969084,26.440131045940625,0],[79.05261636464635,26.453738261461925,0],[79.06812686816615,26.49662105418386,0],[79.03966091509305,26.515114231824057,0],[79.02833796507454,26.54668762870104,0],[79.00774363803475,26.54386968935303,0],[78.98758789294898,26.586322692472102,0],[79.0170629022836,26.601035952504922,0],[78.99346017141245,26.64190719361151,0],[79.00377897414339,26.673738965178345,0],[78.94548794183348,26.654821623890157,0],[78.95605594752939,26.691680366526867,0],[78.91256389837838,26.706834264534088,0],[78.87236229817462,26.697786782530063,0],[78.81899030943731,26.760941767615478,0],[78.77101823877081,26.75908087883618,0],[78.75359691493114,26.787012182028263,0],[78.72719277902034,26.776470201671547,0],[78.722902914675,26.79726798179457,0],[78.68452504087142,26.788753751554946,0],[78.67052861878302,26.762406748995414,0],[78.6284461303298,26.773229164116405,0],[78.61299837083956,26.75243036086882,0],[78.57685860676813,26.748966517137042,0],[78.52323039425079,26.780314591750344,0],[78.46169745720948,26.78818562449194,0],[78.434292711893,26.825705232671375,0],[78.39904844206049,26.818480024229864,0],[78.36264776359778,26.869237339885082,0],[78.28251343406441,26.854435371116807,0],[78.2724572771791,26.815925074450142,0],[78.25996132239291,26.81416774390552,0],[78.21958750364489,26.832668683502483,0],[78.19682352651265,26.879522432083483,0],[78.23264465875623,26.874275865707965,0],[78.27179774402353,26.917571126332195,0],[78.22420301742123,26.946461500639945,0],[78.21013598991988,26.93122564249156,0],[78.1719915960259,26.948172735581704,0],[78.11855668739572,26.94697263169512,0],[78.12181705062427,26.922578761979533,0],[78.10163813767733,26.916983305067046,0],[78.11119752165727,26.895877079500288,0],[78.04880661976682,26.910132686015068,0],[78.05597390381702,26.86839159519832,0],[78.02647410925893,26.84953415550739,0],[78.03547614642615,26.870795083278242,0],[78.01458636708665,26.90291119715911,0],[77.94840529452729,26.893577663052977,0],[77.90636012905247,26.917778842645035,0],[77.9089018802492,26.89061783347325,0],[77.89648912935533,26.883997607614884,0],[77.8502424588319,26.912828972645073,0],[77.75985265005153,26.932458894729677,0],[77.72491825165152,26.910381777680243,0],[77.72261000536129,26.87431826322695,0],[77.68665126419515,26.87524947194381,0],[77.61033876872067,26.828577183876188,0],[77.60837048383536,26.839120756020556,0],[77.52568621207278,26.81887162584444,0],[77.52071283763425,26.84152079147786,0],[77.50117235411162,26.84445423087823,0],[77.48746605911293,26.78815407267374,0],[77.50276954776527,26.76931144626732,0],[77.48522603587477,26.748014274836066,0],[77.45456349437927,26.74187324756023,0],[77.4669082076499,26.773734004426583,0],[77.43134269849243,26.77107881483317,0],[77.44585932956893,26.814667111760777,0],[77.42211860754028,26.84096817229125,0],[77.42728377250843,26.86408671794383,0],[77.49025638473707,26.900491434211226,0],[77.58319683077055,26.92416095106935,0],[77.66088302355597,26.971218363980945,0],[77.67216729058282,26.959969909421105,0],[77.67624690068004,26.973220007315344,0],[77.743474326695,26.983166146888586,0],[77.76295728592669,27.00684545896424,0],[77.73768667625062,27.029751049455484,0],[77.73005912223849,26.99388829755316,0],[77.71194098011594,26.99710471588004,0],[77.67976650861141,27.047083460615063,0],[77.6655834743007,27.01725204962152,0],[77.6422149279246,27.02566599481958,0],[77.63002813178085,27.01020747661215,0],[77.57919158016877,27.03820693529504,0],[77.5632078246596,27.02937067947006,0],[77.57168983362477,27.07186827777853,0],[77.51934591895699,27.066619534040676,0],[77.52635890314505,27.084619201495343,0],[77.50544316681301,27.09229787006393,0],[77.51774112710801,27.102459551902125,0],[77.59784505401593,27.117999836460474,0],[77.61995681251707,27.173550356855547,0],[77.65840253277734,27.170105942510766,0],[77.68113044882598,27.19440378939301,0],[77.64671430772798,27.21021833762652,0],[77.65282116876492,27.234842651619473,0],[77.61642945925404,27.257802411095668,0],[77.6168288150218,27.286449975777465,0],[77.59866735181424,27.297204238996017,0],[77.62189835679021,27.313048310787604,0],[77.62270954920552,27.336185602008495,0],[77.57878339371754,27.322663907823205,0],[77.5071883521859,27.377090044977646,0],[77.43952940169227,27.390715735666763,0],[77.42110203327803,27.422017974035548,0],[77.43781399441689,27.456318362770393,0],[77.40154866794528,27.476504528356106,0],[77.38739095297746,27.51289275484167,0],[77.33999299602696,27.526619628603335,0],[77.34916377310674,27.543152372582004,0],[77.33727283794109,27.56976106762646,0],[77.3582180561239,27.588960773785647,0],[77.31705933660382,27.606751580119557,0],[77.35258300940902,27.651237427333875,0],[77.34115064645277,27.703367288308268,0],[77.30383654289169,27.71108728157648,0],[77.31937609728412,27.733486383795857,0],[77.31043630988913,27.788082482804782,0],[77.2829387584432,27.79978911509606,0],[77.29647764102587,27.825216327119268,0],[77.33117891707904,27.831051911595065,0],[77.34833300014338,27.855547107257653,0],[77.4218558435377,27.854377339804273,0],[77.40932334950712,27.874170463434744,0],[77.4201348658261,27.89044177427843,0],[77.4505343970968,27.871027051840223,0],[77.47217472994865,27.883592691396228,0],[77.48473866573318,27.934946737762594,0],[77.53660916375769,27.933980245315258,0],[77.54423040614759,27.962212623850338,0],[77.51697272467379,27.971151084096558,0],[77.54243136568644,27.989093419272837,0],[77.51275835179922,28.03188725901288,0],[77.48364110287854,28.040451362172824,0],[77.50124177328529,28.058519558698602,0],[77.47426168923606,28.08743545313066,0],[77.48261973923202,28.107186236846154,0],[77.49938136224304,28.094606618884978,0],[77.51235951123779,28.124842586320028,0],[77.49135776874714,28.13653704688817,0],[77.50210136365367,28.16118265905382,0],[77.54964092432819,28.179752610925284,0],[77.51747909732188,28.193137064517472,0],[77.50119358995917,28.181670782396505,0],[77.49696355714188,28.205349653568067,0],[77.53026080252701,28.19860773937517,0],[77.52128480610828,28.224441518838336,0],[77.55042094309879,28.242355543325218,0],[77.49269065485663,28.251981234370238,0],[77.50707256527929,28.30568781863513,0],[77.47121355702036,28.334820919566447,0],[77.50482150726606,28.369994451445862,0],[77.47343911452788,28.396974874119536,0],[77.47763091714867,28.419055325092152,0],[77.4355154479206,28.430945449712375,0],[77.4334333283192,28.454916119540805,0],[77.38047109237979,28.470268263103634,0],[77.37173551935285,28.49843982237303,0],[77.3516344887139,28.500080021101482,0],[77.34737245654665,28.52054573101975,0],[77.29997277118343,28.55975676528003,0],[77.29837898013317,28.58015053710871,0],[77.34241620427976,28.60888489301573,0],[77.31626515672228,28.641215013948482,0],[77.33107790428596,28.713101667950927,0],[77.29151662065287,28.70615317692659,0],[77.29076729431023,28.722384378139505,0],[77.22186807408269,28.777390784481764,0],[77.23414766775659,28.783718368914553,0],[77.19928200343988,28.7976952306046,0],[77.22439340723024,28.82532176561599,0],[77.18868235608566,28.88007743047537,0],[77.22666779219499,28.880086514393277,0],[77.23449637943577,28.910804561579155,0],[77.19644716807282,28.938209556093884,0],[77.20274108137976,28.985262513451232,0],[77.18911940721614,29.02766842678454,0],[77.16697390155247,29.033816988246677,0],[77.1637625825614,29.079425750372607,0],[77.13408170488471,29.09514796997394,0],[77.14908458289808,29.117647478432303,0],[77.13141416538453,29.217488691070823,0],[77.150002010932,29.23276079841971,0],[77.13895394934427,29.26784329929501,0],[77.16115481557206,29.332360105406305,0],[77.12952595876723,29.342576652741634,0],[77.12329539194877,29.3703426997736,0],[77.1574068597722,29.387306942253765,0],[77.13325345907272,29.400841093975735,0],[77.14842371628079,29.434078320007917,0],[77.12320882392493,29.45537362514498,0],[77.13330877505418,29.48306326707964,0],[77.09637137403517,29.519494061601193,0],[77.12683644312526,29.559452359999195,0],[77.0839493721284,29.5890431457641,0],[77.10952945695264,29.597434899546375,0],[77.10620488308338,29.632331138635234,0],[77.13151775903142,29.641840096275658,0],[77.15655277563762,29.692582529856292,0],[77.11980886361766,29.760078872288542,0],[77.17939971113614,29.8130750246498,0],[77.17824932867164,29.84579897426511,0],[77.20203107305849,29.86890394366189,0],[77.18797320687507,29.911358505546723,0],[77.21748381818546,29.92341919867985,0],[77.27766375745975,30.000237854474125,0],[77.27778410860999,30.04181110436406,0],[77.33430343797481,30.053739049072576,0],[77.3774532585512,30.090022787182516,0],[77.42386082390061,30.10320646233661,0],[77.40316014178099,30.111746361954626,0],[77.42505282220627,30.131454775138657,0],[77.42975665166334,30.163981955821736,0],[77.45694392319527,30.16234393081349,0],[77.47540314561122,30.179118644675928,0],[77.53824685191208,30.27796293802968,0],[77.58629437859949,30.31270209140233,0],[77.577980836262,30.33077732846439,0],[77.60459126584664,30.36695079829956,0],[77.57603663253236,30.397385603006445,0],[77.59042510350564,30.406275764119073,0],[77.65664750103615,30.40093945227963,0],[77.72184873314329,30.330206844946808,0],[77.8465256656354,30.271640993705745,0],[77.96169728192709,30.2423693222051,0],[77.91893521810381,30.211278737106372,0],[77.86041554550752,30.11319254704352,0],[77.82805373742636,30.08591740508573,0],[77.80119497673886,30.095477361070813,0],[77.77113865570232,30.048021868789466,0],[77.78198444326497,30.018627533848687,0],[77.74371430956239,29.983355881976333,0],[77.76038122366856,29.964454202371503,0],[77.73047164572218,29.931694976938523,0],[77.74777630422524,29.911165939866112,0],[77.7141329438486,29.870218410179213,0],[77.74188930481412,29.851845489288344,0],[77.75157931733534,29.810679553904574,0],[77.77467393909744,29.791021717586673,0],[77.76952930547442,29.74533812177916,0],[77.78267802444927,29.736237864424993,0],[77.76973103665324,29.717602345961776,0],[77.81048343659428,29.702371126022484,0],[77.79905361133349,29.68619142027725,0],[77.83004879949115,29.668299457799606,0],[77.88264662644278,29.702427576968585,0],[77.91253331168691,29.6959219247385,0],[77.92644352717478,29.71421959212473,0],[77.94702238786988,29.71248411524094,0],[77.9398945134284,29.696083132209576,0],[77.9837870229824,29.643637076345403,0],[77.97768975670301,29.61344546546191,0],[77.94842095190658,29.61691446883177,0],[77.93330234202466,29.60051485380287,0],[77.96710367385121,29.580139909231306,0],[77.99516496378348,29.59579577755605,0],[78.02159921027005,29.580852302854634,0],[78.01828370222073,29.598199084374276,0],[78.05747174786987,29.630686886647137,0],[78.0866882475392,29.625032654068615,0],[78.08146288420181,29.635142170159583,0],[78.13053796878528,29.65253757419728,0],[78.17162224664898,29.69157045352107,0],[78.19603035958703,29.69267623086195,0],[78.20392179961956,29.737265235589692,0],[78.25975163201088,29.738336740911535,0],[78.33565855313056,29.796605637213762,0],[78.50096428268536,29.732904815838364,0],[78.51654239515864,29.719401685192945,0],[78.53267397803111,29.638749852812875,0],[78.61773224512258,29.55802672548875,0],[78.7996728721579,29.464574881455402,0],[78.94233227321992,29.438570889272327,0],[78.84986804106063,29.344817125162628,0],[78.82473279090253,29.367130794406282,0],[78.79591068983737,29.311765210590877,0],[78.79344746380856,29.328166786536332,0],[78.76655142223666,29.337401127708205,0],[78.75031816411739,29.317354633424777,0],[78.73366884399336,29.32190354530843,0],[78.73445342333613,29.302939730153383,0],[78.71858795410655,29.30664065049283,0],[78.80737036478453,29.23667882617607,0],[78.85833880417208,29.24184119654664,0],[78.87448010896293,29.23024848583496,0],[78.87521611353947,29.20516822301457,0],[78.90875010087235,29.178561821098736,0],[78.91875811692503,29.135534517251173,0],[78.90633439388462,29.125014021372145,0],[78.95644526110829,29.11988797232419,0],[78.9823433621691,29.14304600650981,0],[79.00816992253765,29.111911064109407,0],[79.02669875577658,29.112417071396013,0],[79.04063222376523,29.12766689973057,0],[79.01692063937423,29.13077211546995,0],[79.01782105656119,29.1538402922682,0],[79.03740072797343,29.144823152805614,0],[79.03583965538229,29.16939207643099,0],[79.11189924918608,29.127924205383184,0],[79.12686664958534,29.13268487137895,0],[79.15350075676416,29.115184654239236,0],[79.14250307517729,29.066947263206877,0],[79.17510755421429,29.046246638182506,0],[79.16235008539176,29.029209857984775,0],[79.17105591382759,29.01186936249833,0],[79.21173319451552,29.027564913310208,0],[79.30726594150694,28.966467617109963,0],[79.31190223188224,28.97705823731053,0],[79.36470161182942,28.968074908683622,0],[79.37235911463304,28.987471547968113,0],[79.38529836701896,28.951769512575932,0],[79.40803027518633,28.951929011351808,0],[79.42794521926079,28.919784722161058,0],[79.42556999352163,28.866419218849646,0],[79.52178107145498,28.864744930792728,0],[79.55647897959064,28.8992599437353,0],[79.58426957397556,28.879180226764625,0],[79.57348979972168,28.854646516610302,0],[79.5843616263607,28.846272736930956,0],[79.65604910746416,28.86976969963707,0],[79.70666930110941,28.841009202792588,0],[79.74907083327984,28.871768329345265,0],[79.81802424030789,28.887806182036954,0],[79.84960064067062,28.859297248694975,0],[79.83073915678918,28.855229725398782,0],[79.83677971479055,28.83991746775724,0],[79.82381700013073,28.83901018158894,0],[79.83717240106246,28.832349691439575,0],[79.80875760809892,28.80001489435164,0],[79.8493409876226,28.79963756929163,0],[79.8463039720242,28.82317616546474,0],[79.86318918907605,28.840216755641684,0],[79.88822178716858,28.83655786810898,0],[79.91552188372806,28.804273922538552,0],[79.87848904412955,28.814834288803976,0],[79.87305770459459,28.797283075587703,0],[79.90135952848624,28.781975746448165,0],[79.9398196792237,28.787716827998583,0],[79.92407852238023,28.773163146471894,0],[79.95416485794783,28.722833134487146,0],[80.03013183790034,28.748634161470132,0],[80.06173597884609,28.7831950297678,0],[80.06809913899926,28.802844622505205,0],[80.05178880921069,28.820372316016652,0],[80.0653611191873,28.83689950966834,0],[80.07481909319131,28.824486821141374,0],[80.1180516223278,28.828979808780783,0],[80.21598577659897,28.755568213156415,0],[80.2565807240281,28.754251766818765,0],[80.25651912289028,28.72924844814234,0],[80.31712168819956,28.70014296244921,0],[80.32572698221313,28.666477585471675,0],[80.36099535912435,28.635262687239788,0],[80.45193976521062,28.628856612761577,0],[80.4686772033093,28.583530216418897,0],[80.51762378603622,28.551960232200035,0],[80.53059534214546,28.572620836994723,0],[80.50592642746956,28.67083629093824,0],[80.53952968033016,28.690756411744353,0],[80.59051998920725,28.680036686383286,0],[80.58944836695817,28.64803716733997,0],[80.66762539846827,28.64218933348161,0],[80.6774668101064,28.604445991202784,0],[80.69575067967942,28.603485742475794,0],[80.69044598896437,28.587595895131315,0],[80.71453267488016,28.568404828796833,0],[80.76860067118456,28.565907169673025,0],[80.78919453355928,28.5245187193646,0],[80.86594896566268,28.48958385812923,0],[80.86152161840137,28.504393573875657,0],[80.89609396698523,28.507019421944772,0],[80.91541461107478,28.457637151317236,0],[80.91414818078728,28.468427711482814,0],[80.93051753117692,28.457774754063543,0],[80.94256800832227,28.46888969919278,0],[80.93202126538678,28.45889065540352,0],[80.95172675215139,28.44764015238398,0],[80.98016738569515,28.455241628352635,0],[80.96464346134921,28.444837683161293,0],[80.9788341444038,28.43415188226969,0],[81.01675713764791,28.45128884290158,0],[81.01260932942446,28.43781974888886,0],[81.03420343795169,28.42817916512838,0],[81.01753177021152,28.41547259252627,0],[81.03383359321857,28.398898357024947,0],[81.03567336900913,28.413577411676048,0],[81.07973896619026,28.385059652078755,0],[81.21059687760693,28.360833495936937,0],[81.23448227993234,28.324738624341755,0],[81.23263861656224,28.289148133655267,0],[81.32094381780092,28.19755431114409,0],[81.32134719956645,28.168885656216766,0],[81.30200419006587,28.164762662250354,0],[81.32805946350332,28.148081655200635,0],[81.31803071345357,28.1336716463293,0],[81.3710763242842,28.14349157791672,0],[81.37351487648401,28.177300702169852,0],[81.44668362943604,28.161015665618528,0],[81.44993367679433,28.140850619562453,0],[81.48400523282062,28.118565967159277,0],[81.47827632854802,28.08271316954664,0],[81.62398513676237,28.001601001013917,0],[81.69844070533497,27.988191085257224,0],[81.88495849183232,27.856950582216143,0],[81.92584984415964,27.859831336711803,0],[81.96832425065617,27.929120762994053,0],[82.06996083774081,27.923645819395592,0],[82.12138236443035,27.865846270901482,0],[82.20830675107342,27.84357880328645,0],[82.44867031220356,27.6793150570731,0],[82.70765284483626,27.722916407878074,0],[82.71150068678843,27.665290109023456,0],[82.73660162740579,27.64345277567751,0],[82.73511538183317,27.60993289874388,0],[82.75576695321416,27.587799188287978,0],[82.73554694044982,27.50235207381607,0],[82.9292879938328,27.501189849501554,0],[82.95409237740452,27.467732553344586,0],[83.03457411764566,27.44872299122182,0],[83.18794799528993,27.454315519390928,0],[83.2721515822888,27.383348648681967,0],[83.27242714732597,27.352628147103665,0],[83.31758751760918,27.330163641768625,0],[83.35923388073289,27.34326157872854,0],[83.40934186039902,27.412806052186834,0],[83.3839104538044,27.436276617228472,0],[83.40173927931382,27.45753906602844,0],[83.38817515478173,27.479755211281898,0],[83.61425345090416,27.469443319183387,0],[83.83084256985632,27.369788698349243,0],[83.8640783899084,27.3471571995682,0],[83.83657194363403,27.322215097809693,0],[83.85933806079366,27.308065525183718,0],[83.92213729568681,27.32374681532727,0],[83.93407383642388,27.29974633863778,0],[83.90507203172633,27.257615796907114,0],[83.97018386659569,27.22399202472086,0],[83.99418363865205,27.17517232807599,0],[83.95906417642917,27.136878290853968,0],[83.94647118202782,27.09082220647715,0],[84.03033739992004,27.097630435474446,0],[84.00006266670218,27.06858714602005,0],[84.0495030849367,27.04327120718558,0],[84.03730885295437,27.00907735384744,0],[84.05669918836286,26.989662082796983,0],[84.04576004166827,26.98223869331807,0],[84.05483385147583,26.960062575445757,0],[84.03213565105476,26.941184941197125,0],[84.05997178175457,26.92018915043513,0],[84.06026753949146,26.88810318510917,0],[84.0981361030826,26.875937464278184,0],[84.11041497671997,26.898598780904198,0],[84.14640824382806,26.885424402325878,0],[84.14060834483864,26.85265250460352,0],[84.16609560729344,26.83376885432436,0],[84.21948570560787,26.871599484888733,0],[84.2540945929116,26.85659437395596,0],[84.25998401685375,26.805027021353826,0],[84.23257636573442,26.753666903369155,0],[84.24066899739367,26.738723282858682,0],[84.25542018337671,26.72662151683988,0],[84.30586519369588,26.749487853481437,0],[84.33005561873544,26.6840998536897,0],[84.41041076794224,26.6702488561367,0],[84.41970873465334,26.626814967241426,0],[84.30726715965078,26.61632277243496,0],[84.28132126629956,26.59959983827678,0],[84.16029358467131,26.6245051536337,0],[84.15869925089524,26.636202387971775,0],[84.08649905612126,26.63914202059546,0],[84.08908699800759,26.603023055784195,0],[84.04811966459155,26.5364035998162,0],[84.00831942897537,26.521941245155034,0],[83.97612878079164,26.533512603584693,0],[83.97082509389017,26.50750952626374,0],[83.94035675745069,26.52524244916247,0],[83.90808546701481,26.519077139320082,0],[83.90801985973849,26.447088965186875,0],[83.99126062315354,26.432238726052752,0],[84.01683007362425,26.447554214367493,0],[84.0338607625451,26.411654249887302,0],[84.07916630558175,26.3825072703529,0],[84.1766814118139,26.370683199438144,0],[84.18597354792928,26.312899356940957,0],[84.16620843118791,26.24094588749452,0],[84.15116294173225,26.257790224350046,0],[84.12168889818572,26.258867836365535,0],[84.08641166638273,26.218750580003867,0],[84.01922837624187,26.238939551904025,0],[84.01530178780592,26.223276881135092,0],[84.03835019377638,26.200973576881,0],[84.01322843443252,26.194020324375714,0],[84.00938424529782,26.175589504546885,0],[84.03345396996535,26.160687111366034,0],[84.02743926804722,26.142401295015514,0],[84.05011705268046,26.130015527965664,0],[84.05597251389037,26.099991630353596,0],[84.10381154481958,26.092736863712677,0],[84.17245768831422,26.024604700427467,0],[84.17002718860945,25.987676182593972,0],[84.20707820842014,25.99983170213176,0],[84.29691447630142,25.945174301647132,0],[84.35395342308657,25.958782856207243,0],[84.41190116426498,25.93077990157034,0],[84.4275559484082,25.891235120596548,0],[84.53397997286814,25.876369335320007,0],[84.54322087061713,25.859955642052956,0],[84.52321937356912,25.860290287459417,0],[84.53052169542023,25.831611596314875,0],[84.55211212051513,25.84018334791385,0],[84.62457464483015,25.79217147292682,0],[84.62346825291417,25.770796529471706,0],[84.60295629647821,25.761935468145772,0],[84.6346601196169,25.728266846032792,0],[84.56028289764313,25.736895716441825,0],[84.55743011526592,25.679511871456246,0],[84.53518778379696,25.69076966116253,0],[84.5394358864587,25.726729953560163,0],[84.52886831440193,25.682492634951323,0],[84.49933845566679,25.6746822933236,0],[84.4535093387457,25.714325960785853,0],[84.42964871765611,25.711615307522035,0],[84.42767788265729,25.69361704206452,0],[84.40673788855374,25.69842077203484,0],[84.40003937052963,25.729369749580094,0],[84.38439379286365,25.73277470461526,0],[84.3917004951081,25.745162978846587,0],[84.33634492912668,25.744233696124592,0],[84.32434592816212,25.671033278670095,0],[84.28761123194364,25.677546742598416,0],[84.30025953481343,25.665394826004825,0],[84.2768621371233,25.6604118544058,0],[84.20601142320338,25.669464090555515,0],[84.19889475217381,25.70207681435157,0],[84.15466926649981,25.729244664215095,0],[84.14173712848029,25.716090310027624,0],[84.1298843943879,25.717788156603607,0],[84.13990059121049,25.731656990962254,0],[84.1050619217279,25.721216965750738,0],[84.0751581391174,25.695271623238543,0],[84.08127596808231,25.636307958524352,0],[84.01741176530648,25.614690385050586,0],[83.92459006095103,25.55431464643046,0],[83.90208895763598,25.524026333381496,0],[83.8762126694343,25.518062014129026,0],[83.85674665502614,25.468569834926722,0],[83.81655583303991,25.462759456951396,0],[83.81280962352307,25.44819736304313,0],[83.8463534260082,25.43435136493212,0],[83.80156111834768,25.429831216315055,0],[83.80783535513608,25.409099182232154,0],[83.76897345760955,25.38635510720927,0],[83.74059409315316,25.410631684861016,0],[83.71012300356632,25.386044702958596,0],[83.70168271099436,25.396159645072487,0],[83.68205678906658,25.37862442772216,0],[83.69370738232016,25.36962848872525,0],[83.65594575394067,25.368363874786816,0],[83.6488012684734,25.33927080728207,0],[83.59628112534129,25.32766545242141,0],[83.57372366312912,25.30612507427381,0],[83.57205662797743,25.31466412307743,0],[83.53990783902485,25.31578641896111,0],[83.55409430659537,25.308491010023797,0],[83.50545991557466,25.281039452217108,0],[83.4903766885913,25.28947980120929,0],[83.46792305134764,25.25234418939157,0],[83.45009070947455,25.26103843439226,0],[83.43622919796694,25.244239068122695,0],[83.4099122349581,25.246606306474156,0],[83.402040216192,25.209064018146673,0],[83.35724936245337,25.199661418935058,0],[83.35130152713272,25.15701131038201,0],[83.36736957441698,25.12522685340411,0],[83.35008755307223,25.11327812671304,0],[83.34335238694301,25.050879523049275,0],[83.32021588688508,25.01726137207904,0],[83.34981052423946,25.009248593314563,0],[83.343106570429,24.963072120592056,0],[83.36145277369086,24.95372234114094,0],[83.3545785880951,24.905469315289253,0],[83.36946180623353,24.879872783447514,0],[83.35752819671445,24.87054181286973,0],[83.39659404906739,24.832345275069176,0],[83.39305020687632,24.782733947040754,0],[83.42783196029605,24.768294795508687,0],[83.45809720719011,24.731345913618576,0],[83.4893396242709,24.736328541734043,0],[83.48512990161134,24.701672108557528,0],[83.5203797568326,24.677501990981437,0],[83.50049208700095,24.651251629497676,0],[83.54795971295569,24.622877033044617,0],[83.52352761390597,24.60313177485217,0],[83.5300964785025,24.56732196642606,0],[83.49712169351317,24.53909567092467,0],[83.50329035711795,24.525429435605886,0],[83.39651846386194,24.495961670913786,0],[83.38551214745057,24.45126683562306,0],[83.40489410662406,24.43599857417491,0],[83.40507019009414,24.40478448362303,0],[83.43441854544899,24.400752584268893,0],[83.4572661530939,24.3645495108154,0],[83.38003278286594,24.313131717041514,0],[83.40716673904564,24.288782150445332,0],[83.40910181850361,24.266328175591674,0],[83.37873193200895,24.230360727285,0],[83.3829918831448,24.19791803203269,0],[83.35406210536726,24.124906739583775,0],[83.29945529081806,24.07892886438454,0],[83.2791097714292,24.018274686814927,0],[83.2425857300723,24.01158571609744,0],[83.22361047821526,23.986647835137447,0],[83.20791857721485,23.92139482254237,0],[83.08188900738091,23.870459634561293,0],[82.93662479331277,23.877068333504003,0],[82.83698682146085,23.956804337199703,0],[82.81257763733635,23.959895561794994,0],[82.8041829084135,24.00352473544475,0],[82.75070454121779,24.011978142959894,0],[82.77401947308628,24.076304332444614,0],[82.71389944606325,24.076249723747058,0],[82.665238004032,24.12448735111085,0],[82.68288502236348,24.154591872965003,0],[82.72807757877881,24.135142942247583,0],[82.74443692075731,24.165480435029437,0],[82.73471474384557,24.21731095334894,0],[82.75929491173227,24.237057075366938,0],[82.7736380017695,24.343422126655224,0],[82.76400625969819,24.37626934716174,0],[82.72596926279927,24.367940772868053,0],[82.71320701805998,24.380235763587052,0],[82.73921034646781,24.427643921811676,0],[82.72989485640647,24.472651467041388,0],[82.74356322850934,24.49534678726881,0],[82.72063409486817,24.514032362382213,0],[82.73102748832336,24.53508337835811,0],[82.71918269672331,24.552469986502995,0],[82.75163908959493,24.549906842664175,0],[82.7555201267877,24.537446750607817,0],[82.80754497098837,24.548994384898503,0],[82.80303099891256,24.59768504149886,0],[82.76546192048835,24.59577096027049,0],[82.77954809177662,24.613935868478446,0],[82.77430165391108,24.641774716476927,0],[82.70670183710821,24.636274862269158,0],[82.70088847811243,24.676018682627845,0],[82.67084677849907,24.697026690075347,0],[82.53963448327396,24.647851436221327,0],[82.52295222075574,24.676269734340995,0],[82.45023837479764,24.674409680244054,0],[82.45302834058651,24.688537017890066,0],[82.42944794169446,24.702585690633413,0],[82.40620446993584,24.681119460964183,0],[82.41611021129403,24.59119843778567,0],[82.3647673483568,24.59719821048638,0],[82.3386389388823,24.620364477167307,0],[82.29680412308238,24.605840433354683,0],[82.30314305582482,24.667102963842066,0],[82.26875843238598,24.683404960680157,0],[82.26087401751157,24.661312353066922,0],[82.23971135795601,24.661273102778967,0],[82.22971131235293,24.681787208188,0],[82.25011060192038,24.697452958238582,0],[82.25093426732194,24.76993031362662,0],[82.2451604583723,24.74441055269009,0],[82.22645826158409,24.761237113459373,0],[82.2288404995835,24.745582810324617,0],[82.20656922428991,24.747194593831164,0],[82.22130446365283,24.722327776680373,0],[82.21403870117186,24.734425061292335,0],[82.17745434788273,24.732325321167625,0],[82.20325678956996,24.7583395247833,0],[82.19654510006802,24.778059546789756,0],[82.20944487267258,24.771525777916516,0],[82.21792244967799,24.776675613630747,0],[82.216150385821,24.794140990254267,0],[82.18425728625577,24.79563299340021,0],[82.20359157899588,24.81920468036584,0],[82.16665055136043,24.80087503495532,0],[82.17890183673218,24.795066298117217,0],[82.16702113271049,24.785441922464013,0],[82.1386615173011,24.799462793667754,0],[82.11560920465644,24.784436319381285,0],[82.09765407435785,24.816148662056847,0],[82.01693993383256,24.845980123833662,0],[81.96526618499193,24.827039505309273,0],[81.90283632700164,24.891675305016115,0],[81.91964503419325,24.928124865398786,0],[81.90726969279481,25.00567297038834,0],[81.8955614439075,25.00951808504427,0],[81.89131354943935,24.988868175240352,0],[81.83481528754054,25.016972070614365,0],[81.79221272767269,25.00440737592753,0],[81.73150766077175,25.04864190708185,0],[81.6897522959941,25.038947808153914,0],[81.66654251802542,25.075111047576016,0],[81.61143405281393,25.056501524085963,0],[81.60035062447605,25.07384629853049,0],[81.6408635263836,25.098492440679436,0],[81.62408163425611,25.120036954662243,0],[81.60831668123825,25.096054939870125,0],[81.59806434114621,25.131335708854806,0],[81.62332026949825,25.141039386336573,0],[81.62621054352468,25.16046671700652,0],[81.58846342403982,25.1657697330927,0],[81.59562128610145,25.18182193018086,0],[81.578574223484,25.19085385039709,0],[81.5146033891205,25.184337372946825,0],[81.53650006592841,25.160547875479605,0],[81.52724380519078,25.138091067494884,0],[81.49950980557159,25.148681735710632,0],[81.49638401804873,25.128980018805866,0],[81.48005486981937,25.132549202512482,0],[81.49032172564523,25.109445046635987,0],[81.51809823175941,25.100738449104522,0],[81.4911345206462,25.072323733052414,0],[81.40727000433643,25.104914315896014,0],[81.44765769446246,25.107172156759333,0],[81.43852473389852,25.130334664928753,0],[81.39992097604528,25.119219167021672,0],[81.33451637129367,25.169294778990544,0],[81.31956335922163,25.156782581701876,0],[81.33107909937068,25.114628640495205,0],[81.32147216983893,25.112765853166202,0],[81.31343014406141,25.163735687026318,0],[81.2775161556192,25.166000224119244,0],[81.25213728662942,25.102076604668458,0],[81.26667214798594,25.084389693460732,0],[81.2638211158095,25.05276452767911,0],[81.208924056068,24.992617518016193,0],[81.21963743167903,24.928619159810797,0],[81.19291001452164,24.9253521640447,0],[81.20719407018949,24.930432066564226,0],[81.16801198161521,24.955229177751406,0],[81.13960425651061,24.88752742196283,0],[81.09630217381113,24.921189355504296,0],[81.08450719085617,24.949907916236853,0],[81.03373058171823,24.952611690524964,0],[81.02557884942584,24.940053571070518,0],[81.01626664126172,24.951503049485183,0],[81.0230692373659,24.927620834267,0],[80.97385133414464,24.934192403226415,0],[80.95717766733242,24.91785348794261,0],[80.94600409816091,24.96626518793336,0],[80.89914848767432,24.948622075251997,0],[80.90707641217696,24.935052139859078,0],[80.89171672209635,24.945106813804973,0],[80.81199113169001,24.922547772146114,0],[80.82004982192832,24.932905699577393,0],[80.79220770470451,24.96486844583949,0],[80.85173592546028,24.988248612788848,0],[80.83178167946275,25.03287366640603,0],[80.87804056089766,25.065469249170363,0],[80.86843875559906,25.115679643018158,0],[80.91291198802193,25.159083141489,0],[80.88466179942964,25.1879388718315,0],[80.8687925757438,25.174510944686286,0],[80.83814296801098,25.180347044005185,0],[80.84910392888548,25.16260169047299,0],[80.82988602937098,25.10006317144959,0],[80.80839654688282,25.13678688382479,0],[80.78637635307567,25.12944239557129,0],[80.77878026152827,25.14226097698071,0],[80.74195269202812,25.123633303707518,0],[80.73024161999544,25.146318755148492,0],[80.70438937446512,25.12837487559707,0],[80.72735156285995,25.118552525459044,0],[80.72545121154714,25.091431089148024,0],[80.78363355232662,25.075948873222934,0],[80.77576060563237,25.054824048945648,0],[80.72072118350891,25.064008883358717,0],[80.67973689983481,25.04845714726604,0],[80.68501265199947,25.076607265084668,0],[80.66173639844905,25.067605426948774,0],[80.65596734581216,25.084713664574803,0],[80.60808185468174,25.098432977795262,0],[80.63822688775308,25.116867373058806,0],[80.62851022547333,25.133397104827896,0],[80.61033846773091,25.12901357586867,0],[80.60654219610737,25.15035828347547,0],[80.59228629879796,25.090197273689025,0],[80.6131362314931,25.06569556163831,0],[80.56844663646739,25.08687703815241,0],[80.54580021353556,25.06440182148838,0],[80.52159734624679,25.076045810845745,0],[80.5181317299931,25.09470303443882,0],[80.48272223385393,25.100211026311474,0],[80.50662752074645,25.083974236684362,0],[80.50057917771811,25.04153121441479,0],[80.54606860805654,25.032417627036413,0],[80.54947573452401,25.002466208086,0],[80.49930225274403,25.006214614816752,0],[80.4786560883791,24.973953169623815,0],[80.4561446972286,24.981636009814917,0],[80.46285460039807,25.002533368279863,0],[80.43702554475172,24.994522891051254,0],[80.45487235148718,25.00572905630617,0],[80.43309161836781,25.023735490635257,0],[80.45444992378927,25.04222295189647,0],[80.47435333606448,25.030529460481898,0],[80.50187663143727,25.037248818255254,0],[80.47514698226283,25.037940506856298,0],[80.44964589746156,25.07849322718902,0],[80.41610608135888,25.07317548867196,0],[80.40871689909964,25.055253344569408,0],[80.40062308914482,25.069572486259478,0],[80.38800374716875,25.050914355272674,0],[80.37365890139874,25.05591155928491,0],[80.3964404356369,25.011946234446928,0],[80.38731549527029,25.0043144205588,0],[80.36294905584137,25.02359720740909,0],[80.33099299323457,24.99219992136281,0],[80.2736229611124,25.02597324001359,0],[80.29053768200689,25.05953892852472,0],[80.31139771129439,25.044234336863628,0],[80.35533461624827,25.055634926860094,0],[80.348430156047,25.086652099854515,0],[80.3760823188524,25.11635924434755,0],[80.35455745842296,25.13835749330295,0],[80.43166591814452,25.17761714118737,0],[80.40334384586582,25.244034334240595,0],[80.38357647694482,25.23728895259531,0],[80.35142658001047,25.277157289060614,0],[80.31079988479799,25.286407039673367,0],[80.31541104511166,25.388871224185767,0],[80.26383817713193,25.424019525991092,0],[80.25341922621706,25.400834372451328,0],[80.22082092978785,25.396743494405595,0],[80.20237186929859,25.414036540232477,0],[80.19493151537976,25.378157730749987,0],[80.16896182419627,25.376858861784168,0],[80.13109688892645,25.334230132037497,0],[80.08878083623878,25.355854665339695,0],[80.07266988185685,25.336947018521997,0],[80.03341502432448,25.342023561280566,0],[80.01779181731871,25.322532416128933,0],[80.02221273543027,25.29761615534582,0],[79.99894342813202,25.285972928258527,0],[80.00511496219062,25.26571022099813,0],[79.94833035283719,25.268662392785487,0],[79.91755484867227,25.22682516707768,0],[79.90748826158114,25.250889863882442,0],[79.85137847796267,25.23555896095974,0],[79.86858931424023,25.216490590944655,0],[79.85601976616782,25.194052323330368,0],[79.86645554823261,25.14982080779286,0],[79.88153014484799,25.14204698085635,0],[79.8516169482985,25.1285494015299,0],[79.86153175210762,25.096210079459,0],[79.74849927150932,25.139351349358897,0],[79.68335752976995,25.135154721355992,0],[79.67322173699952,25.12035806064863,0],[79.62270632981829,25.14060983123812,0],[79.60113884921742,25.12748676702876,0],[79.60698576863595,25.15276863128266,0],[79.59568617261023,25.143367726967185,0],[79.56935874270356,25.1718020073817,0],[79.51794748722786,25.127034917436553,0],[79.52489457361511,25.096973104387033,0],[79.49150417728941,25.07965421234517,0],[79.46502460479297,25.088045616074307,0],[79.47724054536062,25.127451228046375,0],[79.43892060175654,25.101221190176336,0],[79.43919727634393,25.127802165833007,0],[79.42129653164172,25.135432488826005,0],[79.42613403206082,25.119055257969855,0],[79.40573954513177,25.106359438447942,0],[79.38394535504858,25.142706590152937,0],[79.38990413077363,25.170108491762452,0],[79.41163188810545,25.182697725109442,0],[79.412078788742,25.200318919651604,0],[79.44037072586485,25.198819535919107,0],[79.44883408856873,25.21507357244446,0],[79.43265685693648,25.220637103994616,0],[79.46246231704414,25.264666536743906,0],[79.49445900710367,25.266905686127924,0],[79.46721898819011,25.283296950963614,0],[79.43745276615162,25.25487695336711,0],[79.4088128605592,25.256091101715516,0],[79.40761389579953,25.273915945533325,0],[79.3685920852898,25.292456358578878,0],[79.36289908114091,25.261696360639352,0],[79.35830979338023,25.284236761813503,0],[79.33614729252447,25.288096315623594,0],[79.35223110516972,25.329882227882266,0],[79.29988612610076,25.33763448304054,0],[79.27051669420166,25.309716205199877,0],[79.26446587214235,25.268945185554504,0],[79.28267871636409,25.262161881320203,0],[79.29378741286654,25.283583629870826,0],[79.31651766876278,25.255957650479136,0],[79.35086215673644,25.263920125914627,0],[79.34357579768869,25.227056656908154,0],[79.33275710291628,25.22827956468135,0],[79.3518943111986,25.212156622055403,0],[79.3383634887059,25.19795855858265,0],[79.32852704948061,25.221322820945172,0],[79.27925208328499,25.244729462102878,0],[79.28461661546757,25.191187745104294,0],[79.30850833085968,25.198286713247146,0],[79.32313373732957,25.14982951391274,0],[79.31365393888953,25.13623523146524,0],[79.26590232428528,25.121470723100323,0],[79.2648887316081,25.15172511200463,0],[79.24459751440315,25.159049925926627,0],[79.2241593877647,25.146047710102334,0],[79.24921980403211,25.140297664002357,0],[79.24543596272308,25.11397573653479,0],[79.21502946746648,25.11140657843824,0],[79.19220958616123,25.146213911751897,0],[79.17618005619244,25.140059978639993,0],[79.18599551616141,25.114933111229515,0],[79.13188654705013,25.109014105036167,0],[79.11600257736947,25.139648884472603,0],[79.12609355556783,25.161219920516366,0],[79.0906302594445,25.190807496162,0],[79.05080560477319,25.13398412438672,0],[79.02938069980546,25.14028656324907,0],[79.03091379162281,25.18448069679822,0],[79.05232919103373,25.20744458153105,0],[79.04858708527021,25.19345489106146,0],[79.05966608782563,25.19040899452479,0],[79.0636834404519,25.22175784718397,0],[79.02177340299362,25.24157192351079,0],[79.013221583764,25.27404990434827,0],[78.99437462419773,25.2731633601263,0],[78.97484431086677,25.240493364448238,0],[79.00118617805767,25.23369814633434,0],[79.00587346103379,25.19504719606315,0],[78.95385808982253,25.218962618305255,0],[78.88039591558068,25.15761630618171,0],[78.87063510784849,25.187013760869075,0],[78.89058475279259,25.21442429750096,0],[78.86953198051528,25.231107414528115,0],[78.88092163214559,25.254010952407207,0],[78.89977457681061,25.243116020931183,0],[78.91702579775087,25.27358499181462,0],[78.94514376529044,25.259419587486807,0],[78.95551291771784,25.28275859230926,0],[78.9799245683142,25.279046550979864,0],[78.95742755397599,25.30223808847658,0],[78.96061563893208,25.3450834132537,0],[78.92793402903507,25.324128958069515,0],[78.92254325473205,25.342898127558794,0],[78.91184157786546,25.33256074852448,0],[78.88200407103815,25.343636917571075,0],[78.86261630156304,25.31445203999337,0],[78.87989556489839,25.28597630277034,0],[78.8496535634109,25.228785357180318,0],[78.80947222837345,25.27060227521861,0],[78.82856614107308,25.30273714283954,0],[78.7877818324387,25.29600705798165,0],[78.79823662711817,25.313936220153288,0],[78.8192991059953,25.306940563985904,0],[78.84261369628291,25.336551943653255,0],[78.84615710141892,25.32697936482946,0],[78.84574305991866,25.355554607878048,0],[78.88024274142695,25.385892763370002,0],[78.95330007502545,25.39994946094259,0],[78.93829494098625,25.37482544744647,0],[78.89641838944661,25.37411097868038,0],[78.93871245246909,25.346976728787944,0],[78.95915885439379,25.371511095727897,0],[78.9893319081832,25.37404080236929,0],[78.96992913171083,25.39011367219847,0],[78.96699666530638,25.43462317368854,0],[78.9509355157386,25.44054960979184,0],[78.93826513939624,25.422248944969173,0],[78.90887279000992,25.44242051967128,0],[78.94390609255176,25.48292559323325,0],[78.91990066335295,25.515401063554812,0],[78.9528472587584,25.53753005068752,0],[78.9393661555508,25.557219615589432,0],[78.92336586593466,25.535936033258704,0],[78.91120343799672,25.55516226722476,0],[78.88264871523494,25.55396148931569,0],[78.88438203647662,25.515579242226842,0],[78.83495948265337,25.505820589306403,0],[78.86617108324371,25.465668643653864,0],[78.84415030245378,25.427752493752298,0],[78.82072537750855,25.438690983447035,0],[78.85488794505311,25.447694885053675,0],[78.84089036830656,25.461499106554648,0],[78.82060803891567,25.467744202018615,0],[78.8091703180941,25.45341377515492,0],[78.8182494683458,25.47165195243419,0],[78.79156106907949,25.483419437080183,0],[78.7678288649149,25.46942807314088,0],[78.73634974506865,25.493815500287436,0],[78.73182734417368,25.458058689591734,0],[78.76235969764014,25.426900351706905,0],[78.8029707356478,25.437162341901953,0],[78.82137363763889,25.422578067441304,0],[78.74973994507127,25.411059536852008,0],[78.7481452118592,25.390988985647287,0],[78.76798487146469,25.400031093639097,0],[78.75692273888905,25.38544405121779,0],[78.77365965097954,25.37616764152322,0],[78.774587784571,25.353104129308267,0],[78.72412234759065,25.343967256271398,0],[78.69960431150913,25.38188864766294,0],[78.65894873734572,25.38528664009266,0],[78.66600953921855,25.41581419724208,0],[78.67489877354264,25.399567324904275,0],[78.71142753781781,25.42810269284441,0],[78.68986585613354,25.445748033764435,0],[78.68171241277068,25.43322199629828,0],[78.65983459897375,25.441660058973962,0],[78.64135672959135,25.43349391420414,0],[78.63581652370846,25.40069484116497,0],[78.60966672839176,25.41602236644841,0],[78.59019353840344,25.38602682846469,0],[78.56650465377227,25.393534378067084,0],[78.5628905994783,25.377261675518046,0],[78.58876850685766,25.365968386719178,0],[78.58329054413382,25.346973991421194,0],[78.53199895680314,25.356578073248183,0],[78.55306755978823,25.31964191738737,0],[78.53119302184096,25.300018260117973,0],[78.50989696756835,25.295552821739626,0],[78.50230006017762,25.320899425075858,0],[78.4729453826157,25.28550224482736,0],[78.44033896206163,25.295468251016537,0],[78.45049128312428,25.26210807147985,0],[78.50392508831352,25.28963076575981,0],[78.57204325619648,25.259574185841682,0],[78.55553723794824,25.21141931603874,0],[78.56835656133607,25.22471733379842,0]],[[80.46097030494343,25.114877478947857,0],[80.44438308260493,25.127770192248907,0],[80.437136062724,25.115771909623923,0],[80.46097030494343,25.114877478947857,0]],[[80.48305555917831,25.067243292152693,0],[80.47463940758222,25.061225634927165,0],[80.48516574915634,25.05463061583285,0],[80.48305555917831,25.067243292152693,0]]],[[[79.36741142685014,25.14387506999109,0],[79.38719057175128,25.08569657470922,0],[79.42591135042161,25.058588882530852,0],[79.40960169501743,25.033862775335553,0],[79.36903882004931,25.054315887172923,0],[79.35610712680935,25.040469407762675,0],[79.35113318422304,25.068882857207203,0],[79.37980606820253,25.064792281685506,0],[79.37969120848012,25.10122228192327,0],[79.35036972844334,25.11809944897643,0],[79.36741142685014,25.14387506999109,0]]],[[[79.3725558793964,25.180015905819218,0],[79.35446584992127,25.175891802890153,0],[79.35952062202038,25.18855296602374,0],[79.3725558793964,25.180015905819218,0]]]]},"id":34},{"type":"Feature","properties":{"state":"UTTARAKHAND","id":35},"geometry":{"type":"Polygon","coordinates":[[[78.94311786649212,29.43468920470922,0],[78.70037204945447,29.505733844007473,0],[78.54080652548684,29.627089815948516,0],[78.50675837455964,29.72943892315364,0],[78.33565855313056,29.796605637213762,0],[78.25975163201088,29.738336740911535,0],[78.20392179961956,29.737265235589692,0],[78.19603035958703,29.69267623086195,0],[78.17162224664898,29.69157045352107,0],[78.13053796878528,29.65253757419728,0],[78.08146288420181,29.635142170159583,0],[78.0866882475392,29.625032654068615,0],[78.05747174786987,29.630686886647137,0],[78.01828370222073,29.598199084374276,0],[78.02159921027005,29.580852302854634,0],[77.99516496378348,29.59579577755605,0],[77.96710367385121,29.580139909231306,0],[77.93330234202466,29.60051485380287,0],[77.94842095190658,29.61691446883177,0],[77.97768975670301,29.61344546546191,0],[77.9837870229824,29.643637076345403,0],[77.9398945134284,29.696083132209576,0],[77.94702238786988,29.71248411524094,0],[77.92644352717478,29.71421959212473,0],[77.91253331168691,29.6959219247385,0],[77.88264662644278,29.702427576968585,0],[77.83004879949115,29.668299457799606,0],[77.79905361133349,29.68619142027725,0],[77.81048343659428,29.702371126022484,0],[77.77113226151955,29.714409262794437,0],[77.78267802444927,29.736237864424993,0],[77.76952930547442,29.74533812177916,0],[77.77467393909744,29.791021717586673,0],[77.75157931733534,29.810679553904574,0],[77.74188930481412,29.851845489288344,0],[77.7141329438486,29.870218410179213,0],[77.74777630422524,29.911165939866112,0],[77.73047164572218,29.931694976938523,0],[77.76038122366856,29.964454202371503,0],[77.74371430956239,29.983355881976333,0],[77.78198444326497,30.018627533848687,0],[77.77113865570232,30.048021868789466,0],[77.80119497673886,30.095477361070813,0],[77.82805373742636,30.08591740508573,0],[77.86041554550752,30.11319254704352,0],[77.91893521810381,30.211278737106372,0],[77.96169728192709,30.2423693222051,0],[77.8465256656354,30.271640993705745,0],[77.72184873314329,30.330206844946808,0],[77.65664750103615,30.40093945227963,0],[77.57603663253236,30.397385603006445,0],[77.57231569085921,30.410450704202308,0],[77.81852474834236,30.508069158281316,0],[77.81785387937698,30.56102426606872,0],[77.7740286113833,30.557841773764835,0],[77.74287260433059,30.593849475152556,0],[77.77167350886931,30.59690199476092,0],[77.77111068822245,30.616376095153843,0],[77.79625782246377,30.613646993200238,0],[77.78123451258725,30.646668900940675,0],[77.79208861904057,30.660165787602764,0],[77.74740736215368,30.679850688137957,0],[77.75582050592375,30.706924791556347,0],[77.73319040305483,30.735335208294497,0],[77.70505038013455,30.742747566189458,0],[77.7037782361091,30.76516082243272,0],[77.76127873010758,30.826065717220906,0],[77.74402067579722,30.84659379831867,0],[77.7582245229595,30.876797794933342,0],[77.80568282955417,30.85321365757652,0],[77.81329921567009,30.921868362319124,0],[77.76279690307983,30.918180921539417,0],[77.74900679092009,30.953480023974695,0],[77.77238443502814,30.974348208286038,0],[77.81398061446502,30.95383182224931,0],[77.8375935320052,30.95317137387316,0],[77.81437538782147,30.961783924231618,0],[77.83181792522174,30.99399343154918,0],[77.80751090216617,31.01621317554583,0],[77.81145330253767,31.03163261766826,0],[77.82982264797947,31.02875936085117,0],[77.81135734768829,31.059100582203687,0],[77.85123568360153,31.073366526777757,0],[77.9013114363535,31.151824583755413,0],[77.9673234875194,31.173366563550356,0],[78.03034198292453,31.15096770782344,0],[78.0426405643907,31.178503980014966,0],[78.10362150031372,31.18538023753054,0],[78.1602264424958,31.225477469498507,0],[78.21244284458918,31.21956922589021,0],[78.22032410265143,31.23394234336825,0],[78.24695287259091,31.230407145161365,0],[78.28286695882184,31.26621085359987,0],[78.30632745253506,31.259893178495474,0],[78.31115818725966,31.28314416043164,0],[78.37031584123902,31.286334400450443,0],[78.3961721896619,31.275309534828743,0],[78.40695177353793,31.242187900227293,0],[78.43425150305933,31.254582152173363,0],[78.45571144827748,31.241019556469364,0],[78.48375243473409,31.19893720075695,0],[78.55162324789177,31.199909561546878,0],[78.57824136051556,31.225259102639924,0],[78.60934293549568,31.229260102491622,0],[78.647039894862,31.214717651846378,0],[78.65800636833355,31.185039443929718,0],[78.6719021465091,31.196880280860665,0],[78.76517682643593,31.18575595560274,0],[78.80991373182859,31.19828461324352,0],[78.83120598296996,31.140595802636494,0],[78.88543474332123,31.098722500064405,0],[79.00891700775549,31.10992404057424,0],[78.98590870680253,31.173832014372373,0],[78.95753158285136,31.186594265727265,0],[78.94772517375806,31.21677478478457,0],[78.92604763354674,31.220069909035814,0],[78.91170307530169,31.252999889475873,0],[78.93706960980985,31.260616611730722,0],[78.94759144478884,31.319515146320065,0],[79.01083236182365,31.357082979934702,0],[79.0679338694924,31.46152623024214,0],[79.14356660318235,31.42546649268813,0],[79.19221186204831,31.362814225037148,0],[79.24647535399816,31.33003947173106,0],[79.23921284880204,31.314206729596968,0],[79.27185560312219,31.283185725972952,0],[79.25186584767705,31.243017480669373,0],[79.29262284951496,31.221218236697986,0],[79.31748135791959,31.136720734302436,0],[79.39880309729324,31.107786474103598,0],[79.40772734328773,31.076991473702087,0],[79.42456785439265,31.071074484322068,0],[79.4247603685409,31.030491986216923,0],[79.51903486928121,31.02670598615479,0],[79.5525472016253,30.96006766512676,0],[79.60345524426255,30.932654533948888,0],[79.66359506272762,30.966530853749305,0],[79.66498822141146,30.982921535106097,0],[79.7171110960765,30.975996618197367,0],[79.75300753192396,31.007865027773963,0],[79.81636702565314,30.97393458103727,0],[79.8627145480691,30.97535708246823,0],[79.89025578792419,30.91863661395521,0],[79.91038712944452,30.915067839374604,0],[79.92909648297447,30.882433359571074,0],[79.96215289739088,30.8900200331917,0],[80.04203392189568,30.835816163489618,0],[80.05601755137941,30.841506236786607,0],[80.11090848491597,30.779295111276774,0],[80.17777080733698,30.804054575658743,0],[80.21490913993526,30.749061571651836,0],[80.2396635191054,30.7620588586786,0],[80.25051071194943,30.73713692143192,0],[80.23642214144112,30.69038376567978,0],[80.1997118893098,30.683047101302144,0],[80.1971583383326,30.662092240251624,0],[80.22116854458638,30.6418156423941,0],[80.21167076278932,30.622419945918427,0],[80.22683022187984,30.578944968572255,0],[80.25776006998987,30.558835943861485,0],[80.28306715758188,30.57219338992645,0],[80.38559198207714,30.515049869168365,0],[80.41557934702699,30.52533452272552,0],[80.53907844162086,30.449196884864595,0],[80.59800884154505,30.478766267700138,0],[80.75196889019603,30.393503887548103,0],[80.8215708237318,30.31555756520214,0],[81.00554528723224,30.263092169653135,0],[81.03320801831158,30.246389546460218,0],[81.02710021689168,30.228455013322076,0],[81.04660553683375,30.210873549852156,0],[80.9500073407634,30.17825899345243,0],[80.91828113879099,30.189834428689675,0],[80.91971866840908,30.214195647653032,0],[80.90273266705697,30.215380752427567,0],[80.86776400369097,30.1738658117404,0],[80.8747716636085,30.12648564521241,0],[80.76103175383791,30.049516989228344,0],[80.74677142932991,30.005780351776718,0],[80.71896496702355,30.00057859733477,0],[80.67454792638357,29.957214675876713,0],[80.6018482519247,29.958126873442534,0],[80.57410987448276,29.924037693312574,0],[80.55312165812698,29.85133584234508,0],[80.50667699496907,29.823020302882135,0],[80.49385650496939,29.795804935437655,0],[80.43502786140024,29.80597352541365,0],[80.40694746092619,29.794740769889582,0],[80.39737336515972,29.75890821857114,0],[80.36586612700218,29.74841529875917,0],[80.38416981782575,29.675090429281703,0],[80.42025791187869,29.63833330392953,0],[80.40793903305077,29.595971862765285,0],[80.37848556469446,29.5610532855787,0],[80.34247042132418,29.552773492123084,0],[80.35788160920677,29.53276741038047,0],[80.34966954308952,29.51920845963587,0],[80.2869353117981,29.476976731357457,0],[80.30178427653055,29.4527761154087,0],[80.24224020799761,29.442875812306923,0],[80.24215147554108,29.411376068085172,0],[80.27511661572748,29.393009368638054,0],[80.28005758543554,29.34702347059668,0],[80.31688103378544,29.315249090911717,0],[80.29057222918945,29.231561974952662,0],[80.29737552632243,29.204926396980788,0],[80.28595003646903,29.195846114695353,0],[80.2487972941652,29.22122848300286,0],[80.2405377627548,29.202542969189935,0],[80.2720523310004,29.141296262134635,0],[80.23304356631961,29.118487504154796,0],[80.18319036017822,29.13718471883438,0],[80.1428679042325,29.09952308287976,0],[80.12450460515387,29.0130694941399,0],[80.13541855309559,29.00739607183163,0],[80.11792428264242,28.981547500115063,0],[80.10054704906716,28.98690383562539,0],[80.05846925094441,28.91662610044723,0],[80.0653611191873,28.83689950966834,0],[80.05178880921069,28.820372316016652,0],[80.0680217761825,28.801111867505565,0],[80.02518305380275,28.746473419527206,0],[79.95416485794783,28.722833134487146,0],[79.92407852238023,28.773163146471894,0],[79.9398196792237,28.787716827998583,0],[79.90135952848624,28.781975746448165,0],[79.87305770459459,28.797283075587703,0],[79.87848904412955,28.814834288803976,0],[79.91552188372806,28.804273922538552,0],[79.88808855480521,28.83661874723225,0],[79.86318918907605,28.840216755641684,0],[79.8463039720242,28.82317616546474,0],[79.8493409876226,28.79963756929163,0],[79.8101916502751,28.798298379613623,0],[79.83717240106246,28.832349691439575,0],[79.82381700013073,28.83901018158894,0],[79.83677971479055,28.83991746775724,0],[79.83010613697803,28.85427114448734,0],[79.84960064067062,28.859297248694975,0],[79.81802424030789,28.887806182036954,0],[79.74907083327984,28.871768329345265,0],[79.70666930110941,28.841009202792588,0],[79.65604910746416,28.86976969963707,0],[79.5843616263607,28.846272736930956,0],[79.57348979972168,28.854646516610302,0],[79.58426957397556,28.879180226764625,0],[79.55647897959064,28.8992599437353,0],[79.52178107145498,28.864744930792728,0],[79.42556999352163,28.866419218849646,0],[79.42794521926079,28.919784722161058,0],[79.40803027518633,28.951929011351808,0],[79.38529836701896,28.951769512575932,0],[79.37235911463304,28.987471547968113,0],[79.36470161182942,28.968074908683622,0],[79.31190223188224,28.97705823731053,0],[79.30726594150694,28.966467617109963,0],[79.21173319451552,29.027564913310208,0],[79.17105591382759,29.01186936249833,0],[79.16235008539176,29.029209857984775,0],[79.17510755421429,29.046246638182506,0],[79.14250307517729,29.066947263206877,0],[79.15350075676416,29.115184654239236,0],[79.03943743722913,29.168568367853908,0],[79.03740072797343,29.144823152805614,0],[79.01782105656119,29.1538402922682,0],[79.01692063937423,29.13077211546995,0],[79.04063222376523,29.12766689973057,0],[79.02669875577658,29.112417071396013,0],[79.00816992253765,29.111911064109407,0],[78.9823433621691,29.14304600650981,0],[78.95644526110829,29.11988797232419,0],[78.90633439388462,29.125014021372145,0],[78.91875811692503,29.135534517251173,0],[78.90875010087235,29.178561821098736,0],[78.87521611353947,29.20516822301457,0],[78.87448010896293,29.23024848583496,0],[78.85833880417208,29.24184119654664,0],[78.80737036478453,29.23667882617607,0],[78.71836839550555,29.303422750851226,0],[78.76655142223666,29.337401127708205,0],[78.79344746380856,29.328166786536332,0],[78.78955082333864,29.315296382690022,0],[78.79591068983737,29.311765210590877,0],[78.82581175841015,29.36784119190426,0],[78.84986804106063,29.344817125162628,0],[78.94311786649212,29.43468920470922,0]]]},"id":35},{"type":"Feature","properties":{"state":"WEST BENGAL","id":36},"geometry":{"type":"MultiPolygon","coordinates":[[[[88.01036996045889,21.559298359671242,0],[88.01594499624191,21.54728573029452,0],[88.01280756634904,21.547211405646856,0],[88.01036996045889,21.559298359671242,0]]],[[[88.0451467791394,21.695431423539077,0],[88.04451172572742,21.699066291366147,0],[88.0454296254249,21.699396382832525,0],[88.0451467791394,21.695431423539077,0]]],[[[88.05016934320435,21.700252100572925,0],[88.05133115660084,21.696229130631874,0],[88.0494138045964,21.694489713826876,0],[88.05016934320435,21.700252100572925,0]]],[[[88.04470325021454,21.702285994716284,0],[88.04231546831326,21.703440819387932,0],[88.04276651131501,21.70896820115559,0],[88.04470325021454,21.702285994716284,0]]],[[[88.05427448185928,21.704331538425947,0],[88.05371071659333,21.710879004654473,0],[88.05574963669184,21.711394684124695,0],[88.05427448185928,21.704331538425947,0]]],[[[88.13583708741571,21.875334278525706,0],[88.17100246487847,21.809315116825676,0],[88.17125190345108,21.740096350738114,0],[88.15324198107247,21.681956512335255,0],[88.13419491397858,21.678479161257815,0],[88.14507628541813,21.63897728100039,0],[88.11868139022599,21.625403889882467,0],[88.05729184222187,21.639388292939728,0],[88.04135183001198,21.649532168933483,0],[88.04138478748743,21.67570508529759,0],[88.05100700729594,21.687617554243904,0],[88.05692954686656,21.70971537624586,0],[88.05521334144379,21.720945065958574,0],[88.07649069049553,21.751757330596035,0],[88.10157812322336,21.83210489724046,0],[88.13583708741571,21.875334278525706,0]]],[[[88.08251502364641,21.842277264885432,0],[88.07235950089655,21.8583102922521,0],[88.08121148690743,21.879849265151826,0],[88.09672051081724,21.86126960984077,0],[88.08251502364641,21.842277264885432,0]]],[[[88.10276451588813,21.867816399788506,0],[88.08397344583136,21.90940598932599,0],[88.08561954888319,21.914371596112478,0],[88.11978998106694,21.890979666461053,0],[88.10276451588813,21.867816399788506,0]]],[[[88.1263399989734,21.947451029322114,0],[88.14545223564122,21.924710012324486,0],[88.12671759241346,21.933896601705868,0],[88.11894437442753,21.92835255238616,0],[88.11693441465131,21.923982520468467,0],[88.1450150353138,21.917337249712293,0],[88.1300128786855,21.899131490793227,0],[88.08985743198093,21.92654890445844,0],[88.1263399989734,21.947451029322114,0]]],[[[88.13762898060398,22.018239478958325,0],[88.1252325589375,21.995984347028006,0],[88.0854075231748,22.006918458916886,0],[88.12233272414322,22.02061286020706,0],[88.13762898060398,22.018239478958325,0]]],[[[87.94906756959605,22.26096210933639,0],[88.00674892179806,22.202628672687233,0],[88.03477680431887,22.20893233649357,0],[88.0737047432492,22.187131218344774,0],[88.13588614175164,22.1847780345958,0],[88.19010883875328,22.116266961173654,0],[88.183412591652,22.094450828849553,0],[88.08626533909133,22.023377556562327,0],[88.05569287825804,22.020181446066484,0],[87.9680839314162,21.854770635208727,0],[87.88326654918292,21.79334983474203,0],[87.80507404929463,21.703417983586835,0],[87.74906748799147,21.700805870740897,0],[87.70849171776666,21.663863278711478,0],[87.65140874025221,21.64850565236753,0],[87.64393317640948,21.663105772333036,0],[87.6319523744151,21.64780293153697,0],[87.48478695509021,21.611261207910506,0],[87.48601481422662,21.632235846687813,0],[87.46037040048037,21.651397278793723,0],[87.4691843927843,21.73251654105165,0],[87.44477815828277,21.734032052359616,0],[87.4455532640697,21.76816428859271,0],[87.38506268800705,21.776767118593085,0],[87.36966036607673,21.765432937616946,0],[87.35551645992251,21.792173266017624,0],[87.33857154814925,21.78476463268883,0],[87.2969822107177,21.811554414650153,0],[87.27678280329451,21.805501563399105,0],[87.23438147535917,21.900638326136416,0],[87.24981263672564,21.934972661676923,0],[87.23180514919358,21.957043489332463,0],[87.17041372063096,21.979937904970583,0],[87.16140260494976,21.934920250279433,0],[87.09709967300776,21.913937528702878,0],[87.09793169437258,21.86692165271824,0],[87.03560296891176,21.86917034687028,0],[86.99972183382093,21.913245487498493,0],[87.03035344305296,21.985343132390874,0],[87.02669564422173,22.037085657326706,0],[86.95795966392282,22.088552598239627,0],[86.83373819772484,22.098699813082735,0],[86.82462135483472,22.118921867410496,0],[86.80641413921673,22.119705271219104,0],[86.79384530085625,22.157484373212924,0],[86.71971071610365,22.147281480360817,0],[86.72496197931783,22.21802008638292,0],[86.77641357459815,22.217864633608652,0],[86.77767528439473,22.236594184273947,0],[86.7949051436298,22.227787729858104,0],[86.77907332911616,22.21691551345537,0],[86.80241458222179,22.217549780346822,0],[86.81202298088695,22.24122682676492,0],[86.79486176888558,22.243169356998745,0],[86.7922617480433,22.26630195959088,0],[86.80399246350743,22.243584584133416,0],[86.81359205704412,22.267390985377922,0],[86.81825161502123,22.25372020189918,0],[86.82395562744676,22.26675523783245,0],[86.88632464651589,22.257238556439024,0],[86.8877901537328,22.297459435265214,0],[86.83211073862367,22.32722783714911,0],[86.84635415578889,22.39908308736895,0],[86.76186591561513,22.431704146160584,0],[86.749871307046,22.482947635255375,0],[86.79256790513783,22.477755949479313,0],[86.80238804602739,22.503040403897664,0],[86.76595152480425,22.57511599617132,0],[86.65902930788292,22.575065103442316,0],[86.6331227722602,22.611269083711157,0],[86.63805490845553,22.662978450301296,0],[86.54419525601651,22.721602891363613,0],[86.51132507949589,22.704995768335834,0],[86.46018220328122,22.761910604136652,0],[86.41760869683442,22.783676331647623,0],[86.43884570901108,22.83102329044984,0],[86.4349712214908,22.860512396932208,0],[86.45077168303555,22.86153527087979,0],[86.46713797616805,22.89992692083894,0],[86.43534008538519,22.925185170924152,0],[86.47631807326103,22.951175428434567,0],[86.48913337729775,22.937242760303384,0],[86.50258033313591,22.95187339020198,0],[86.52598000937843,22.94760525879622,0],[86.54560616297128,22.99027827579774,0],[86.52119420391897,22.970709654412087,0],[86.50114751292422,22.993590349615648,0],[86.41925887302587,23.00027406873578,0],[86.39854777943445,22.979893325656825,0],[86.37275176001758,22.998153256076584,0],[86.33953328235226,22.98981405951545,0],[86.30373837528103,23.015998448118722,0],[86.24849921589603,22.99491030047848,0],[86.18502557858604,23.005383632327664,0],[86.1419800414942,23.054249727762684,0],[86.14625706933549,23.07495905981408,0],[86.05125660816101,23.105526164972343,0],[86.04452189850663,23.144237814795684,0],[85.95761440562278,23.161045541348773,0],[85.89454222791635,23.15512828786721,0],[85.88252317636129,23.19872900239913,0],[85.8638145322666,23.22238179244757,0],[85.83658095505808,23.220526153836392,0],[85.83860565464407,23.246834408898636,0],[85.81971709654206,23.26888309050829,0],[85.88306784851056,23.350782124053488,0],[85.87081251246697,23.38881423092191,0],[85.90254287587499,23.3971147471283,0],[85.88258247345398,23.430584223804654,0],[85.86389238524097,23.431355858689216,0],[85.87000123680606,23.474945537050885,0],[86.05383642660841,23.487056708849174,0],[86.01627777353349,23.547317205691993,0],[86.0420643787335,23.586881388330056,0],[86.07742904649379,23.579212687961704,0],[86.08086736359819,23.56567893327103,0],[86.15834686646767,23.55998047876242,0],[86.14882496681275,23.465257284435904,0],[86.17828830798126,23.469841651310077,0],[86.2283833000036,23.44288243946104,0],[86.23261660056822,23.462243059799405,0],[86.2455679151675,23.45931724332372,0],[86.22987118656106,23.430822794752178,0],[86.24739348206366,23.41113516823916,0],[86.26409278589163,23.430768434303765,0],[86.31055333683845,23.411359252707427,0],[86.3057663461916,23.434824556534846,0],[86.35145896305812,23.44209371402743,0],[86.3640901387765,23.471688954013967,0],[86.37946276805873,23.47363977014453,0],[86.36241990521125,23.484248618478965,0],[86.3751946107405,23.510342510021097,0],[86.36510775861915,23.532689589373867,0],[86.3881588697987,23.573948700176945,0],[86.44708442008144,23.598135930528127,0],[86.46180672391557,23.630299514565742,0],[86.53539741859159,23.6312369183621,0],[86.59757012013809,23.673756569275735,0],[86.71494770218477,23.698875560173423,0],[86.7473354826624,23.67878659797344,0],[86.79903755694947,23.689032490969904,0],[86.82836602071245,23.760195304650477,0],[86.80335745966934,23.801299005335576,0],[86.80476079975325,23.836846608816433,0],[86.82653562146744,23.813939767012993,0],[86.87421553131014,23.84730970180061,0],[86.89029676767161,23.82050223254309,0],[86.88024322003557,23.862324713025878,0],[86.91555783539557,23.882431647098976,0],[86.94515317967365,23.846883672932513,0],[86.97323922618097,23.86877268406418,0],[87.12177621272498,23.79665468959494,0],[87.1504878446708,23.797564768873002,0],[87.1670157325597,23.824526350795768,0],[87.13002032153003,23.8539117048084,0],[87.13306427931897,23.87019069965748,0],[87.19610450158287,23.8578100553746,0],[87.18858242763487,23.84315484622793,0],[87.23368389305821,23.8571338465985,0],[87.21654050460029,23.83170588275826,0],[87.23869859545898,23.826427577478857,0],[87.25493865924533,23.84703532798063,0],[87.24512321151714,23.908201707274532,0],[87.26914962124364,23.874583957242976,0],[87.29503314978888,23.90234104445547,0],[87.28354465826646,23.92090681357595,0],[87.29324905132299,23.95863468138656,0],[87.26153166920747,23.96757522175413,0],[87.26415581831577,24.00060796053033,0],[87.25050341899976,23.997036405801175,0],[87.23288775876078,24.023743739354373,0],[87.24539607070643,24.045064757077732,0],[87.28745819633677,24.028862464649933,0],[87.33712301229632,24.034309489185972,0],[87.31917414280014,24.008481708577396,0],[87.32816606261443,23.998665060821,0],[87.36042394523803,24.01309177950251,0],[87.46039431806342,23.98382908322071,0],[87.43833789199579,24.013554152021914,0],[87.4761290522485,24.012270224563935,0],[87.5119804730687,24.035835708249316,0],[87.49061421789892,24.070594312425687,0],[87.5107493698659,24.082246570101912,0],[87.48983001129271,24.09011482548363,0],[87.49761673712605,24.118973272175758,0],[87.5599202633233,24.081968871931902,0],[87.58022134255641,24.086368767833953,0],[87.57659710370113,24.11225723088188,0],[87.61023024754597,24.13253369088248,0],[87.57614515600504,24.16128221385809,0],[87.69442344308068,24.150242426220423,0],[87.69860658781369,24.187812746385934,0],[87.63860585919768,24.21398942516826,0],[87.64662673355255,24.231526370000818,0],[87.63437456327297,24.241652894955244,0],[87.63877708804294,24.254382792200776,0],[87.6591662595988,24.236119625797574,0],[87.70589117040143,24.261436386285908,0],[87.713673802734,24.2943992421171,0],[87.72930167163223,24.28842170903558,0],[87.76160237843308,24.308467138890542,0],[87.76440261400457,24.339328163560747,0],[87.80110276811115,24.382217192538825,0],[87.7939501316122,24.39928587985537,0],[87.8112768936583,24.41783382509036,0],[87.78883141514757,24.41654955714133,0],[87.80313621395602,24.454001613698743,0],[87.8237723744726,24.458456634994082,0],[87.81070416722368,24.476363413234125,0],[87.82815100103998,24.498615402003317,0],[87.81168329913612,24.490768294164287,0],[87.80933950341054,24.51451757460056,0],[87.8012633553883,24.493720126549825,0],[87.79414325671254,24.501137431854666,0],[87.80858811587106,24.546694770532596,0],[87.7712177141729,24.58301938618717,0],[87.81217993772509,24.578559486946112,0],[87.84940778588178,24.553835090595953,0],[87.88926820403654,24.565051878236503,0],[87.8919315253458,24.584181613233458,0],[87.91327683057378,24.59346380865975,0],[87.91076750648425,24.61043437689318,0],[87.87583229094852,24.61522944623098,0],[87.90603424989007,24.61500545181972,0],[87.9057715669407,24.629275707842506,0],[87.88791677418165,24.630343965075078,0],[87.91414166487921,24.637709481464587,0],[87.916608987264,24.665753013362647,0],[87.88774914838287,24.67998724594053,0],[87.90835194494781,24.72161752117931,0],[87.81639409990863,24.75968905206579,0],[87.83623697178042,24.790209694218905,0],[87.83740162899848,24.76578526006286,0],[87.86923324157196,24.775025635757327,0],[87.88160440107922,24.80536817352534,0],[87.86912154560814,24.82463782066687,0],[87.9002712231394,24.82409897318304,0],[87.89132784218391,24.856035716212812,0],[87.95292795765722,24.90776353423177,0],[87.96282530328605,24.934534048011226,0],[87.94053828201613,24.990854794998832,0],[87.89936035222553,25.006784673403644,0],[87.85727514644415,25.054630927474445,0],[87.80579044701972,25.072652256424703,0],[87.77436444406871,25.121363929645923,0],[87.79091648487976,25.230159221600715,0],[87.77625127331964,25.25658332809633,0],[87.82730342936068,25.23528863084995,0],[87.86240844034988,25.27410580247887,0],[87.85543497214299,25.296885084460847,0],[87.79596012503521,25.326202871182236,0],[87.79231199642578,25.373548007766818,0],[87.76966261486582,25.37897665005968,0],[87.76432490048211,25.41314004685804,0],[87.77519226541902,25.40890971501843,0],[87.78725760929142,25.450401146638274,0],[87.82268371907735,25.437080997543987,0],[87.83934606656096,25.467841084449226,0],[87.86323181256977,25.464112536351923,0],[87.88437067433226,25.52057280433548,0],[87.90276169091618,25.505324179873593,0],[87.92772244546474,25.537196092219325,0],[87.96333390042187,25.539535239937244,0],[87.99379856556047,25.52241261401872,0],[87.99577532544426,25.49954454525832,0],[88.0135212601045,25.51121152751021,0],[88.04926137075165,25.4860133796117,0],[88.07338014323051,25.48431189626907,0],[88.07653494506872,25.508096164032022,0],[88.03727572102815,25.53832216545681,0],[88.02582143972738,25.558855295949343,0],[88.03851174990201,25.569397831947086,0],[88.02026488362239,25.59114943140123,0],[88.05526082677088,25.637820995545546,0],[88.0368009346537,25.64164268821728,0],[88.0481652854511,25.64622125840106,0],[88.04814151029447,25.69789919583374,0],[88.02064558180682,25.695864355716306,0],[87.99885480059655,25.721903592365962,0],[87.96570106496777,25.72562045284583,0],[87.93797262299513,25.773932151368225,0],[87.9041711338723,25.77113067805008,0],[87.89945775585308,25.807486036382027,0],[87.91588479254492,25.816396237206757,0],[87.88803704733124,25.83066304275285,0],[87.91469022497067,25.85394686051361,0],[87.82982778646854,25.87064800988606,0],[87.8073741504688,25.929852350095878,0],[87.81958565324992,25.933942156803727,0],[87.83310944018622,25.92790811254627,0],[87.83843384014106,25.931493138455203,0],[87.85592510424706,26.03597630538007,0],[87.92804842596966,26.083067347355833,0],[87.94550210346834,26.060760797194057,0],[87.95291250859452,26.076467197256562,0],[87.98562162130627,26.0776601765277,0],[87.9636054714341,26.094626262674115,0],[87.98680325079243,26.10140716754734,0],[87.96927149035363,26.11762150699497,0],[87.9813969992067,26.126057111275113,0],[87.9749021929444,26.14337381446747,0],[87.9920707408005,26.150960416712373,0],[87.99987941693946,26.13839577042552,0],[88.03723404870917,26.178707170307277,0],[88.07184826187785,26.174202393055413,0],[88.1144164306403,26.223724623733865,0],[88.13981542681329,26.227195002116513,0],[88.14439787907277,26.252241173919245,0],[88.2106317664722,26.27779141099731,0],[88.24725272549558,26.328120852003693,0],[88.27469311964978,26.328571006397407,0],[88.29379580957949,26.35172972410116,0],[88.27626499187122,26.379437935540427,0],[88.2322150351793,26.379598202671588,0],[88.22793765024967,26.392747390616698,0],[88.2695789371636,26.4204451908602,0],[88.20982311203487,26.46922530131746,0],[88.22436018203436,26.481946823718964,0],[88.2107335843648,26.47309233084901,0],[88.17988661642208,26.487643107549065,0],[88.22968332005162,26.535044710210823,0],[88.22548756132896,26.55674524238581,0],[88.21095328495439,26.560919986699652,0],[88.21161029023239,26.53994401267999,0],[88.17939290604114,26.548254210884384,0],[88.1300529453401,26.51602452692906,0],[88.10349250651292,26.538523702924348,0],[88.11257806349181,26.571809061374555,0],[88.13038023323236,26.573834181054515,0],[88.14209847543272,26.625754654277138,0],[88.16029940032429,26.636439053888136,0],[88.18785161526435,26.771805897594213,0],[88.16776025196762,26.837505703809192,0],[88.17396633218794,26.865316832120275,0],[88.13635761456091,26.89852014314928,0],[88.14470390672916,26.922477956960673,0],[88.12013473954612,26.950707714213507,0],[88.13440408976346,26.98623990625709,0],[88.09214284201421,27.00469557601562,0],[88.07768601406426,27.0354221510964,0],[88.03784521633504,27.036322954407858,0],[88.02102123480866,27.087829109742692,0],[87.99088352527349,27.10560855783445,0],[88.01922224014572,27.171051014034553,0],[88.01425664034204,27.212914407036784,0],[88.06466005207707,27.21431199983285,0],[88.09630732276084,27.133135042736512,0],[88.15178073536653,27.109576443197394,0],[88.18100790726125,27.13247321174803,0],[88.23344219043531,27.11888768752108,0],[88.27900613337015,27.13187059570629,0],[88.31533734163705,27.126151295099454,0],[88.32154083207854,27.104746730883672,0],[88.43294659000125,27.079259570144377,0],[88.53235354671044,27.15006048246298,0],[88.52076551263912,27.172889597475887,0],[88.54298248225096,27.183183856207346,0],[88.59286262901671,27.191218560907195,0],[88.66025948862355,27.160552035122304,0],[88.68505956262754,27.179879580671205,0],[88.72896199450193,27.136268794861195,0],[88.80203326536099,27.139495204492206,0],[88.8424790763042,27.11115268036371,0],[88.86770770924912,27.112442620058886,0],[88.8811718797973,27.0619966139167,0],[88.87713217225699,26.944359153119738,0],[88.92168375750937,26.993927235766158,0],[88.95247525798325,26.968406944856216,0],[88.94392382482532,26.93414734819413,0],[88.9803462152234,26.917185946179135,0],[89.02157248725153,26.94068589046731,0],[89.05089595488423,26.91596994972672,0],[89.04885848007127,26.89911450763092,0],[89.0956988296436,26.891673151557605,0],[89.10069402025081,26.842526213529236,0],[89.13448349106223,26.80763888329201,0],[89.26239526180018,26.813777934070163,0],[89.31849532672774,26.851319989879464,0],[89.37898177000716,26.862178266802555,0],[89.3897707823289,26.84185405235464,0],[89.4394791936187,26.840335188403856,0],[89.46952633198612,26.80269296371064,0],[89.56016942459314,26.812860154747487,0],[89.56590098904421,26.79935342659215,0],[89.64986891341927,26.776738559181258,0],[89.64352240170861,26.748541214946375,0],[89.61744849567118,26.72930689423935,0],[89.62377905069462,26.718448907761996,0],[89.65787419010591,26.71865294856937,0],[89.67175549726818,26.739809586385157,0],[89.72408387897286,26.72228838368651,0],[89.75280468200248,26.73531300061621,0],[89.77137167017251,26.70100426946398,0],[89.86242538692501,26.701466378596763,0],[89.87693426806936,26.6485062156818,0],[89.85825113236929,26.623377996697,0],[89.87842155358264,26.615533794785318,0],[89.882602189702,26.58339310718689,0],[89.86448745840367,26.57324330693612,0],[89.85518351827152,26.488514794727102,0],[89.87323532781522,26.451324788073343,0],[89.8499079708964,26.422111665210615,0],[89.8580194141903,26.41132586776088,0],[89.8358387758292,26.411392185640924,0],[89.83033025942412,26.396452303393154,0],[89.84993587549842,26.402893406146045,0],[89.85941322858926,26.383503005236296,0],[89.83316766471975,26.383474558070503,0],[89.82277435658195,26.350861089014998,0],[89.81420570609225,26.370485231110454,0],[89.78347399939808,26.351030776460306,0],[89.78131405227015,26.32767532734129,0],[89.75152173644788,26.32086010240612,0],[89.75812476043686,26.287785754689793,0],[89.71981309775718,26.307319907925763,0],[89.73853927345297,26.269943541328917,0],[89.72202042463319,26.257459077786145,0],[89.70585268523074,26.270430174998317,0],[89.70261583503469,26.257863326648568,0],[89.73215802078349,26.237829900898618,0],[89.7003935518523,26.218448384854828,0],[89.73323032375248,26.211992096358987,0],[89.71160000365985,26.202966946650616,0],[89.71307454460307,26.187716559250028,0],[89.69860048189341,26.191177011427868,0],[89.70923729150016,26.172807760603142,0],[89.72557663508513,26.1779783542512,0],[89.73655049828535,26.172789382549702,0],[89.70137806989575,26.151754834607075,0],[89.68131880820611,26.16358619377504,0],[89.70205997283516,26.17397664837502,0],[89.67347177911326,26.201428100089505,0],[89.69150420843106,26.211671108520076,0],[89.67941017355524,26.214790047259225,0],[89.68605056824383,26.23065956257124,0],[89.66199652993792,26.21922016214186,0],[89.63443996664812,26.229410090594747,0],[89.64999613964007,26.190205658943455,0],[89.63018178006108,26.19576213667321,0],[89.62781306306145,26.183909091451007,0],[89.65866104005403,26.176226940595733,0],[89.64609624465525,26.164436323354646,0],[89.63249271115751,26.18077515792399,0],[89.60745579270113,26.179141274025035,0],[89.61975992798669,26.167758722932934,0],[89.591398046239,26.15761312178498,0],[89.59659704614776,26.135032411684982,0],[89.60423969178693,26.117454212797707,0],[89.62534602079343,26.12859662389769,0],[89.63035752534088,26.118272463915694,0],[89.59388269266663,26.102161313335095,0],[89.60862236714235,26.088393079153963,0],[89.62995876407099,26.10704346641872,0],[89.64990095515418,26.062484142086856,0],[89.62051104487529,26.053277315466197,0],[89.60539913519187,26.063753460500507,0],[89.612826184277,26.05264389406277,0],[89.57872223205821,26.026261729483174,0],[89.5851796779526,25.97589844957891,0],[89.5689067803327,25.967756466711048,0],[89.56596873792819,25.980342215317425,0],[89.55524804658863,25.9652523456463,0],[89.53825288127109,25.973185278589472,0],[89.54089599301575,26.005901428040215,0],[89.4616481006343,25.998371774450625,0],[89.42747699232126,26.01314740415478,0],[89.43358889939476,26.030419873252452,0],[89.42384338653795,26.04692011767894,0],[89.39085705999928,26.02292122896789,0],[89.3927929144038,26.00719060361536,0],[89.34906210077236,26.010350728349863,0],[89.3004372020276,26.05043223219671,0],[89.2757560148502,26.04908017452311,0],[89.28105458431767,26.06561544869488,0],[89.2544073626574,26.06412077136924,0],[89.26679880861204,26.092637288903067,0],[89.25162275376525,26.091350361605986,0],[89.2294373443964,26.123853613861026,0],[89.15538056002774,26.13861082010399,0],[89.15728018381327,26.163196336447047,0],[89.13461188059415,26.18117091320674,0],[89.14940570105301,26.20905013336781,0],[89.14094249733692,26.235840787130428,0],[89.10010470034041,26.279467655675244,0],[89.10471117799429,26.31579978751532,0],[89.12212669550867,26.28714615987817,0],[89.13630774534967,26.320106874368935,0],[89.08360128384372,26.32202313968005,0],[89.1013432036491,26.33653384977599,0],[89.09831593876312,26.35892970384715,0],[89.07970787296416,26.36282232851454,0],[89.0962910416684,26.390941677671446,0],[89.0874088529375,26.39764731398731,0],[89.03598258357844,26.394895691894806,0],[89.00593630479553,26.42141105298191,0],[88.99403962971242,26.412818628954806,0],[88.98326600288092,26.446509254575954,0],[88.95584156520121,26.460208138909003,0],[88.96535558563616,26.451490060734955,0],[88.9461688607964,26.447938460913214,0],[88.94476665674325,26.42559166591036,0],[88.92619277152073,26.432050523796992,0],[88.92655973935379,26.406788242356484,0],[88.90478891439781,26.40845895753844,0],[88.91744062215409,26.403161132352093,0],[88.91857857343359,26.3598571770205,0],[88.95842952089708,26.361681017442884,0],[88.95239536399178,26.33223159133854,0],[88.96141061291313,26.352295647382995,0],[88.98721889564247,26.348320907725384,0],[88.9855462185147,26.33276379889213,0],[89.00096802664694,26.32974749011362,0],[88.98265767098614,26.309497083437314,0],[88.99573826073187,26.29023779572326,0],[89.00685174096364,26.304390038698536,0],[89.01840626620725,26.28981309608036,0],[89.02158614164011,26.30901899776694,0],[89.02008376711977,26.289094241471993,0],[89.04512381455402,26.275136389054946,0],[89.04586873384201,26.29535105406639,0],[89.0594668527793,26.293434710980083,0],[89.05068565549587,26.241653384033615,0],[88.95731684594229,26.240296477698394,0],[88.92628083152451,26.283778077115652,0],[88.89826902698246,26.2886438758469,0],[88.86138512301447,26.272663264770546,0],[88.87786454979235,26.23337795240338,0],[88.84172564400222,26.230719679638494,0],[88.81294211070957,26.25599022253122,0],[88.8191100624441,26.294494219164662,0],[88.79356444412134,26.30997000421097,0],[88.69973822526282,26.28416566011123,0],[88.67947970603015,26.258904845131337,0],[88.66622666382455,26.262656828712068,0],[88.67513057153414,26.320072043438746,0],[88.74650833890192,26.322385462562128,0],[88.7338666757486,26.328655275789536,0],[88.74530076211427,26.34785946331774,0],[88.70276387875101,26.334394469564486,0],[88.68101203916096,26.379407854483762,0],[88.7022701539924,26.388443579877087,0],[88.62377143974373,26.434787711939858,0],[88.62289046221923,26.4710785162262,0],[88.59475359232505,26.470637171794667,0],[88.5929521556635,26.44981408341306,0],[88.5609291725411,26.45646254643971,0],[88.55676396585226,26.484799190414478,0],[88.52648165263209,26.48137885309077,0],[88.52139336047874,26.510507221403838,0],[88.48975087669383,26.510358941598938,0],[88.48500966197064,26.54068531822759,0],[88.43596995680939,26.54502675756147,0],[88.41518823383271,26.633173402836373,0],[88.37603924308937,26.594695565075785,0],[88.35939394796041,26.530069569465667,0],[88.33154087781384,26.490203097293612,0],[88.35216971399177,26.448076764591743,0],[88.3732274014946,26.48839436757331,0],[88.40500847265236,26.48580876834983,0],[88.41975933706364,26.465746060288083,0],[88.48524556165684,26.460256697000645,0],[88.5233519799076,26.36082389855096,0],[88.48236202374405,26.349702817822347,0],[88.45772338940644,26.376659938329052,0],[88.43557756472963,26.335766697143363,0],[88.40435057112079,26.329834806685618,0],[88.41493867216442,26.314822871182116,0],[88.38466121741273,26.313258650544316,0],[88.34966801764568,26.28224986443351,0],[88.35050996528106,26.220422701547612,0],[88.26934200222236,26.186483729102633,0],[88.24182606260223,26.18908333819995,0],[88.17727617937682,26.148056594997662,0],[88.15837967010442,26.079826432206882,0],[88.18334549967336,26.072885595214302,0],[88.16953672851189,26.045199473236774,0],[88.18320767634667,26.026777040877413,0],[88.13971266206455,26.012916974940257,0],[88.11517845770845,25.962776130378188,0],[88.12237449068434,25.948372613107274,0],[88.085960238293,25.915982814147085,0],[88.10301679447433,25.88924967999357,0],[88.09417237183848,25.87336604944421,0],[88.1106796763292,25.867887910057714,0],[88.10116606551469,25.82897556030109,0],[88.12011364177685,25.812435023806536,0],[88.11447678765416,25.7979408449552,0],[88.14425893983736,25.793637747083455,0],[88.15149473897473,25.77555092232157,0],[88.18377310617284,25.80169017654821,0],[88.20950959822235,25.786808749021187,0],[88.23626701910273,25.80944018159822,0],[88.2695536734202,25.80817673072535,0],[88.26650662994422,25.782448742147526,0],[88.32094996165121,25.73747217260627,0],[88.37425189415626,25.717066194759337,0],[88.37149168354752,25.696539013756105,0],[88.4051833981325,25.684220000775916,0],[88.40168556558173,25.67256158947776,0],[88.4538153944521,25.66493750781412,0],[88.44435187572022,25.59692239663121,0],[88.49991542222047,25.58394929225327,0],[88.49350521933255,25.558847088514444,0],[88.52349200062807,25.535160623042703,0],[88.53309225114745,25.54209917356437,0],[88.53995281293838,25.508296083717696,0],[88.55235623016529,25.520786866802528,0],[88.59550672647507,25.50587588149307,0],[88.6090868965171,25.516302177274557,0],[88.62247656189608,25.496955332552247,0],[88.64836400395833,25.49639892274835,0],[88.64705172688579,25.47781931722962,0],[88.69949536456286,25.471194147296227,0],[88.70751659026472,25.49986744745157,0],[88.74214975497789,25.504994634006998,0],[88.74004047140205,25.48930422888464,0],[88.74503098765892,25.487853282893038,0],[88.76884572584595,25.498540638113596,0],[88.75869005551887,25.525244491382512,0],[88.8108929029808,25.522936106489347,0],[88.81366388744809,25.48797600242564,0],[88.82965698416085,25.490254740838424,0],[88.83933121690325,25.458338518619843,0],[88.83000128400411,25.416944580952652,0],[88.81229503486956,25.410543570279117,0],[88.8408559451799,25.39763409253881,0],[88.84018487535721,25.363760364439447,0],[88.88512253655304,25.32561572000693,0],[88.90629470420522,25.337689830405896,0],[88.92946144193422,25.304083301009936,0],[89.00889752281634,25.303068130764444,0],[89.00790428155538,25.264903555717733,0],[88.98682124547612,25.274450838773497,0],[88.95616020655365,25.254940990807754,0],[88.96177124645082,25.20907053546225,0],[88.93643700180856,25.210522455458634,0],[88.9488193387621,25.17657901639057,0],[88.9325868580934,25.18088296396656,0],[88.92307563028899,25.164908858545505,0],[88.91098289604885,25.180305543617468,0],[88.87526446189275,25.179344147778338,0],[88.87495356927695,25.196223699357738,0],[88.86438024894159,25.189992384205965,0],[88.84376288636965,25.213807084811656,0],[88.80586040422179,25.170450625421747,0],[88.76940115296885,25.189845138379383,0],[88.74909617143575,25.17685235699945,0],[88.71148149020392,25.20765974543122,0],[88.61272205509779,25.20417139829213,0],[88.56557923142199,25.17508811925917,0],[88.55761443846765,25.19261097312306,0],[88.53397746012662,25.187520212112986,0],[88.53777768905208,25.1978176233405,0],[88.49914505105,25.21038594081589,0],[88.44368775251121,25.19729690077387,0],[88.46140356008013,25.149385582438,0],[88.44141953380745,25.12750809203805,0],[88.45286975591473,25.07930493326587,0],[88.43496554447665,25.055962234752005,0],[88.45265836637786,25.036871081511027,0],[88.43653949385171,25.00645381414637,0],[88.42556922257415,25.01643431576734,0],[88.41209299292697,24.998811184387552,0],[88.4174275521906,24.974833056158637,0],[88.39524747227999,24.96907878635497,0],[88.3988380357371,24.945320221814963,0],[88.36404025676683,24.953286185267277,0],[88.34090439778569,24.94063146371532,0],[88.3242793738884,24.91682311092747,0],[88.34700762063694,24.892433361243967,0],[88.33061902242613,24.870139789897184,0],[88.32105888579115,24.883468501072823,0],[88.30191755848949,24.871890574685114,0],[88.2760838162308,24.89779537549616,0],[88.25826625346096,24.87755019268191,0],[88.26051868846719,24.91918199765319,0],[88.2261127441443,24.95970612873061,0],[88.13804435161553,24.936160964017628,0],[88.17501913624436,24.86015123921483,0],[88.13191237682598,24.836012374372768,0],[88.13628407691473,24.805275112094588,0],[88.12354498494953,24.823109429829326,0],[88.10609799049244,24.77956725437845,0],[88.06830691994793,24.769150160218487,0],[88.06284556973073,24.721596493538776,0],[88.00875639983828,24.667834286765245,0],[88.14075534947521,24.51124047913629,0],[88.19840139116427,24.462495466430525,0],[88.27192315323846,24.440580501002398,0],[88.33398422788215,24.381392597488777,0],[88.44643242427107,24.378580596115732,0],[88.52711916944402,24.34437871713973,0],[88.5551348868732,24.29334134923307,0],[88.56768818999903,24.32665364875501,0],[88.62848838606617,24.30509336598781,0],[88.69658757923425,24.31535335968744,0],[88.73543909410618,24.276495497162838,0],[88.73140803517231,24.173387262014234,0],[88.74649069541007,24.147064666829806,0],[88.69319025153045,24.11115289894728,0],[88.74163131073094,24.057122441534354,0],[88.72475435594883,24.041612038058943,0],[88.75749064848357,24.032095043695335,0],[88.7290455086422,23.99611357152128,0],[88.76019491123492,24.0060582459153,0],[88.76894550241221,23.982197339156777,0],[88.73823914894896,23.982986089559095,0],[88.73340350957395,23.9109750735698,0],[88.70639705798558,23.916272815659514,0],[88.7043386345507,23.899174941088198,0],[88.66428281760976,23.882422347107596,0],[88.66758590975826,23.869445008622012,0],[88.6264117078097,23.864941647098572,0],[88.61643904919066,23.876512051945998,0],[88.60804829106337,23.862349266142814,0],[88.57564057812887,23.861551709847433,0],[88.60212907249219,23.817215884661138,0],[88.58514714106543,23.813645504686228,0],[88.59620207381862,23.804888868282106,0],[88.57812679245964,23.786576075208504,0],[88.57126560058515,23.783027790398684,0],[88.55930371621284,23.785978572257136,0],[88.55603531077925,23.784211356371937,0],[88.58081486462322,23.760535596744482,0],[88.56450631356908,23.71132910560464,0],[88.57382059521082,23.666940880990015,0],[88.5582080380421,23.649154337192343,0],[88.56217025231498,23.637088265736562,0],[88.5937649140288,23.640810242496826,0],[88.58007392392236,23.602966930871965,0],[88.64553159130294,23.609283935533963,0],[88.65425320787791,23.556153441268002,0],[88.69575331140379,23.51731143239155,0],[88.72513478267115,23.511832882731134,0],[88.7414214868038,23.47967984062019,0],[88.76090567436911,23.47838564626524,0],[88.76067890273407,23.489919321843605,0],[88.77488749329243,23.47981434707471,0],[88.76824731638428,23.490126273788583,0],[88.78595153164274,23.507240089089056,0],[88.80078695718207,23.497124098981914,0],[88.78731223165543,23.469082202973194,0],[88.7953162899589,23.4430234798797,0],[88.76431444048156,23.4482056455845,0],[88.74926152725477,23.400553926156867,0],[88.7654345057368,23.367883893870356,0],[88.7320320498883,23.351986590336058,0],[88.74529847285844,23.307820192497957,0],[88.73041699393035,23.319582536779865,0],[88.72540883292444,23.298691773036722,0],[88.710345111269,23.31285407553437,0],[88.69636127259636,23.3022903220159,0],[88.72440987011026,23.27162128291206,0],[88.71889421342662,23.254798165532755,0],[88.76953760978816,23.244844199943145,0],[88.789801003283,23.218340436746107,0],[88.81143897339422,23.221547792788314,0],[88.81146237767281,23.2560877574813,0],[88.82382157341225,23.233414412312023,0],[88.90685103767689,23.23596497158484,0],[88.91458691202905,23.21347041903173,0],[88.94262970046096,23.206113814128837,0],[88.97873142244457,23.21448296057542,0],[88.97593103178866,23.224432668926816,0],[88.99572467839151,23.21470020984302,0],[88.97966990832514,23.21285796555012,0],[88.98038469724432,23.1825473070223,0],[88.96230752547582,23.193144687858695,0],[88.93909405111357,23.176803858705163,0],[88.91789700029871,23.12908018358426,0],[88.86844631059697,23.10106772230061,0],[88.86100711851041,23.07730534861914,0],[88.88411721436908,23.04043268614527,0],[88.87975463209092,23.006325593032326,0],[88.84508628876833,23.009858276750194,0],[88.87096746697857,22.978633050221415,0],[88.85704887831159,22.968883475557547,0],[88.85944484154842,22.94318954003012,0],[88.89426437518041,22.951998936298835,0],[88.88689057924718,22.933208746744995,0],[88.90813587549796,22.91978035633763,0],[88.89567887953207,22.913073872895612,0],[88.90942970183526,22.879856067789063,0],[88.94537481878675,22.880674606574523,0],[88.96864444216446,22.844299547337663,0],[88.95788652251954,22.795864767615974,0],[88.93808685543819,22.792969592518016,0],[88.91100487183441,22.757730531100602,0],[88.92790419892472,22.71807109531047,0],[88.96236641319807,22.694972385217543,0],[88.92711365024905,22.64964718426759,0],[88.9349458273055,22.62119698469101,0],[88.96008140084899,22.616633178032956,0],[88.93893890937177,22.59220531075866,0],[88.94069739360494,22.561348341708783,0],[88.9618646262715,22.54873338462462,0],[88.99612364421918,22.468952402863856,0],[89.00007015853063,22.42983951517415,0],[88.97190680906722,22.409885842993937,0],[88.9942513858996,22.38873319956966,0],[88.98447968857327,22.32669716810473,0],[89.02454564219072,22.297164357211184,0],[88.99509731320875,22.28626458286221,0],[89.02046609103085,22.268503364816834,0],[89.01388090031028,22.253963190262393,0],[89.03419971324355,22.258258320867498,0],[89.03889439156104,22.230694402710082,0],[89.07161385214643,22.196887913134326,0],[89.07184406870344,22.146252670892423,0],[89.0985464501019,22.153417000717123,0],[89.03785669935041,22.094214050219783,0],[89.0768631976352,22.00840974201922,0],[89.07274332266387,21.9444402629823,0],[89.0662841760035,21.930800835820094,0],[89.02782229276417,21.928889465255608,0],[88.99629864261784,21.954941923572598,0],[89.01409805815793,21.976722651219074,0],[89.01181664444975,21.984261983576758,0],[89.00122623370561,21.986403634178856,0],[89.02717447161957,21.997511439013447,0],[89.03038263300962,22.00104826661416,0],[89.0137425339803,21.996527647971085,0],[89.00032264500287,21.987667921783707,0],[88.98937899991826,21.97426499401798,0],[88.98902306136046,21.983406155632608,0],[88.97091750480658,21.999949409277168,0],[88.98650999934388,21.972210012942327,0],[89.00926843142442,21.98046113618049,0],[88.98830928600228,21.95158636548794,0],[89.01819463340024,21.91846898173043,0],[88.99987553518535,21.904594531305992,0],[88.94547523874793,21.929298607080913,0],[88.92485525524857,21.963646557463477,0],[88.94462252736164,21.988601421665315,0],[88.93565095556829,22.011805583607,0],[88.91780602029094,21.980930740097595,0],[88.91510648271164,22.008462811271613,0],[88.90246834588648,22.00385308574326,0],[88.9043615088963,21.927890704926334,0],[88.85824089829022,21.920363808413185,0],[88.80574902404922,21.938068562693424,0],[88.79904457908877,21.92210312637412,0],[88.83980096815014,21.886360104307517,0],[88.82006655652678,21.83775840782582,0],[88.83083257194933,21.80806953057251,0],[88.8214762359177,21.781442505651157,0],[88.8646953004627,21.76144254327069,0],[88.84116452770006,21.716880046749267,0],[88.86154869754333,21.64094076935744,0],[88.84558795374686,21.61910268878255,0],[88.8044947758048,21.637163417687592,0],[88.82244268923294,21.66702486059911,0],[88.81459449537577,21.7107278519119,0],[88.76270887076583,21.701971877150896,0],[88.79383448973473,21.737005474083727,0],[88.7904915810969,21.750034474088032,0],[88.78989789621532,21.737872494440897,0],[88.75586936010565,21.735315814376577,0],[88.76720853291408,21.763307961384225,0],[88.75013278524615,21.770489607597128,0],[88.76567971096532,21.786360686563707,0],[88.78114707517479,21.82516738482885,0],[88.74552623798633,21.77324241423037,0],[88.75976631542123,21.761796474820628,0],[88.75235209328362,21.73329907771707,0],[88.77757327362193,21.7212834978981,0],[88.7565485504153,21.70297269890661,0],[88.76870328703663,21.69368786272003,0],[88.80993260630319,21.70448391303229,0],[88.80794232818685,21.662676942301506,0],[88.7447904264214,21.660831901766937,0],[88.71140803223935,21.689581086706117,0],[88.69375974536096,21.74530785675945,0],[88.71127659490135,21.786982386395817,0],[88.69604321123539,21.84258665291641,0],[88.7254942946652,21.979543107137722,0],[88.75146465535832,22.00623092350784,0],[88.71019916194385,21.995954095115447,0],[88.68964721098229,21.971632785554217,0],[88.69558233619198,21.95133867200881,0],[88.6786201628835,21.94309488857226,0],[88.63071753273735,21.95436031207316,0],[88.63187619268223,21.98828438856903,0],[88.61693380738724,21.99340511668956,0],[88.63169806071808,22.011685089148113,0],[88.6128382148445,22.006402625175426,0],[88.60896552391127,22.00385978702499,0],[88.60243191991789,21.997246982254925,0],[88.59940670952682,21.99183237382406,0],[88.59659385468117,21.990730142151687,0],[88.59503521187754,21.988720413556717,0],[88.58116426217791,22.000041838997888,0],[88.57124328176585,22.000439537155184,0],[88.58413633577462,21.98971135377266,0],[88.57409895236265,21.97789588928829,0],[88.57448253480887,21.961585965995617,0],[88.55398400694342,21.97636200670616,0],[88.53489514306233,21.96872776429653,0],[88.54883436216512,21.920272218645955,0],[88.56874527992669,21.90408310989257,0],[88.54103126138443,21.907421586577655,0],[88.53876465043338,21.863235623589897,0],[88.52972204448051,21.87249652284846,0],[88.51862714887547,21.875605402913532,0],[88.53717254427166,21.856483983733092,0],[88.4964304590534,21.87713518496039,0],[88.51113278028647,21.927561987706593,0],[88.47955507108712,21.906660535652797,0],[88.47437662756508,21.893664211934684,0],[88.44958961259513,21.905664859639323,0],[88.43875553215125,21.906012504861796,0],[88.43109861187332,21.901201573102323,0],[88.421204308448,21.904076513420506,0],[88.41804890964997,21.902605217248887,0],[88.43431063661959,21.89896982999033,0],[88.4506635355756,21.904919330467493,0],[88.48303528875692,21.872032754754503,0],[88.48786301490684,21.84037535166199,0],[88.47329003265644,21.837534280139437,0],[88.44736652610082,21.812988023056203,0],[88.46039662354474,21.79244043765426,0],[88.44516149808791,21.803027489092884,0],[88.42992902402518,21.800599207260163,0],[88.42588177353988,21.814522124230812,0],[88.41742356334134,21.813156135800526,0],[88.37936550729006,21.787616378556834,0],[88.3746324767464,21.768131444775786,0],[88.34280530319283,21.761327415531134,0],[88.33856367567505,21.751355993326413,0],[88.3442983169424,21.721035902922683,0],[88.32725499059933,21.726485156422694,0],[88.32080181811516,21.708737971959057,0],[88.30614595388192,21.717677991384985,0],[88.30948258175239,21.733854402252014,0],[88.29996476525514,21.78140972910383,0],[88.28297386386286,21.78945642879605,0],[88.27484344832537,21.727397407573925,0],[88.30377795965022,21.669860473436383,0],[88.28441580944158,21.60070641363849,0],[88.3102918914273,21.581310115551616,0],[88.28442288173582,21.55901713375574,0],[88.25399215163837,21.55835177718684,0],[88.21846246472063,21.615931918326748,0],[88.23749181743922,21.64431951243648,0],[88.23313369927321,21.66881547827514,0],[88.1997539997428,21.682696684621412,0],[88.22043034266648,21.701882410449187,0],[88.21529219867249,21.778031249276825,0],[88.19724652583292,21.841023583691488,0],[88.16344403753624,21.88367071699807,0],[88.17105386560382,21.92856241403439,0],[88.14975429158761,21.956883756305707,0],[88.21473189602834,22.038594126435502,0],[88.22441030050389,22.089915968574804,0],[88.2053085776051,22.164539240993868,0],[88.16858250599185,22.197167598695646,0],[88.07023824658847,22.211206136755333,0],[88.08767732524291,22.242421546793476,0],[88.08460597907091,22.25634207156796,0],[88.06057129430414,22.205770531892707,0],[87.98649030105182,22.23825894379038,0],[87.96835951675342,22.26472894499089,0],[87.94906756959605,22.26096210933639,0]],[[87.83070010258751,24.48011709345889,0],[87.83111406300941,24.483688512651643,0],[87.82691023391071,24.482967702723464,0],[87.83070010258751,24.48011709345889,0]],[[88.93602108683557,26.334398349577306,0],[88.91806353861033,26.32557395875477,0],[88.92476864425765,26.294383891105596,0],[88.95440314854048,26.27463806704265,0],[88.98145854394323,26.28297369611126,0],[88.98290279671743,26.301090222368348,0],[88.96077880113167,26.294954820687803,0],[88.95167402762993,26.316519462633366,0],[88.93750387667944,26.312902763020205,0],[88.93602108683557,26.334398349577306,0]]],[[[88.49623898007006,21.599253021982516,0],[88.53719975544747,21.578013647981738,0],[88.54785772828498,21.537151575341387,0],[88.53556076100703,21.527594489883473,0],[88.48477479375403,21.552197889085463,0],[88.49623898007006,21.599253021982516,0]]],[[[88.16663208882385,21.602762009619,0],[88.20440180156025,21.547024455791533,0],[88.19848615053087,21.54165341976947,0],[88.17567302075194,21.549857760364464,0],[88.16394300146275,21.58610410697872,0],[88.16663208882385,21.602762009619,0]]],[[[88.54190629039745,21.63719461037343,0],[88.58697766203366,21.605935663489415,0],[88.55592625508358,21.560348115198302,0],[88.51173692253275,21.60300160655261,0],[88.5224024648478,21.65845694310468,0],[88.54190629039745,21.63719461037343,0]]],[[[88.33961819296148,21.695290510816207,0],[88.35045893823315,21.64680372687453,0],[88.31784771406828,21.605219244273435,0],[88.30644701783112,21.614946217451983,0],[88.3066108513883,21.705634832336532,0],[88.33961819296148,21.695290510816207,0]]],[[[88.19852544998686,21.67542496574276,0],[88.22596427754931,21.66978182475074,0],[88.23100212865019,21.644993145443998,0],[88.21105469448328,21.620534144062418,0],[88.21283872482721,21.598386557605224,0],[88.18016142916272,21.685183760011906,0],[88.2036565718435,21.72584208358033,0],[88.21357260878601,21.700129207242266,0],[88.19514125481611,21.690736437422483,0],[88.19852544998686,21.67542496574276,0]]],[[[88.40164577783206,21.73727550769758,0],[88.4281242241343,21.70227754067145,0],[88.41332607320176,21.692929504441572,0],[88.41105122691795,21.65582909309119,0],[88.43194904933104,21.620447465615335,0],[88.39694182199717,21.589933613867178,0],[88.38093809978554,21.662890622843427,0],[88.40423731028999,21.71662948601931,0],[88.36876110438189,21.72697692627091,0],[88.3891179113596,21.735750568539657,0],[88.39582885850811,21.754637629022273,0],[88.40164577783206,21.73727550769758,0]]],[[[88.424057118771,21.80979026581848,0],[88.42999138485467,21.799271578129623,0],[88.45557424551441,21.789128350399142,0],[88.47143996703657,21.79246610960967,0],[88.45279555700812,21.718411547088774,0],[88.47150629388273,21.673876961611104,0],[88.45016090222379,21.611770274251175,0],[88.43399496427419,21.603711531203988,0],[88.44113065591182,21.622828423890944,0],[88.41914062425833,21.682925880139432,0],[88.43248841827838,21.704380392848105,0],[88.38341676386943,21.77769087041808,0],[88.424057118771,21.80979026581848,0]]],[[[88.38912498857155,21.761357527254393,0],[88.36327588655978,21.72590641264676,0],[88.39450898499409,21.713221512986877,0],[88.35706616309365,21.686461452115513,0],[88.33843884765561,21.71158335274909,0],[88.34853150482527,21.722540365127166,0],[88.34431940815644,21.756414705298535,0],[88.38912498857155,21.761357527254393,0]]],[[[88.20412770621647,21.734199513255625,0],[88.19449610450785,21.730752763505564,0],[88.20648312224739,21.759760945512983,0],[88.20412770621647,21.734199513255625,0]]],[[[88.28911279579535,21.77875162743919,0],[88.30495946817943,21.732457183476118,0],[88.29189316001478,21.71206278373358,0],[88.27975820308741,21.73492346710539,0],[88.28911279579535,21.77875162743919,0]]],[[[88.19747323709078,21.770977402257245,0],[88.19264755041056,21.758191086552632,0],[88.19260910224628,21.779712608766975,0],[88.19747323709078,21.770977402257245,0]]],[[[88.18569014808706,21.790214016298183,0],[88.17634040274488,21.793459335429816,0],[88.17918557442005,21.799333255405628,0],[88.18569014808706,21.790214016298183,0]]],[[[88.48672677594043,21.83449683888067,0],[88.49989801869405,21.811330713005024,0],[88.46392607128942,21.800214487560304,0],[88.4518882622376,21.813636246371562,0],[88.48672677594043,21.83449683888067,0]]],[[[88.19520954238008,21.839480110826585,0],[88.16727025191315,21.863864503939723,0],[88.16636244099932,21.86973944945533,0],[88.19520954238008,21.839480110826585,0]]],[[[88.54143114046582,21.902188322152774,0],[88.5761512200189,21.883061151812637,0],[88.55873958520544,21.88139316268292,0],[88.55297502594254,21.876676411397238,0],[88.55148251479224,21.81670418841651,0],[88.53098636202333,21.848194375457112,0],[88.54325888316582,21.854595080351572,0],[88.55046760081,21.879380097141244,0],[88.54143114046582,21.902188322152774,0]]],[[[88.17414900201005,21.863478785632907,0],[88.16482636691157,21.87836912405731,0],[88.16528131186631,21.879163730564642,0],[88.17414900201005,21.863478785632907,0]]],[[[88.4856042712583,21.897153279193954,0],[88.48811052645584,21.90601057970151,0],[88.49336633830386,21.90662570259832,0],[88.4856042712583,21.897153279193954,0]]],[[[88.83780210773759,21.60477724246372,0],[88.89188923666879,21.581198157464588,0],[88.90598794579593,21.547560220291174,0],[88.87609487227981,21.534403926680543,0],[88.83117917924353,21.55116919565008,0],[88.83780210773759,21.60477724246372,0]]],[[[89.15026058199241,21.60096615115376,0],[89.13889317032468,21.592956459628407,0],[89.13548956362175,21.600064479743228,0],[89.15026058199241,21.60096615115376,0]]],[[[88.7689777339329,21.655950465391214,0],[88.7948142858904,21.582119735628066,0],[88.74202634814128,21.562188191722505,0],[88.7154438117657,21.572463861500086,0],[88.71750215464944,21.644005763632148,0],[88.68442609347723,21.6843065274595,0],[88.69251088648808,21.72015618225668,0],[88.7077796976804,21.681373383577192,0],[88.7524188960311,21.648011941295994,0],[88.7689777339329,21.655950465391214,0]]],[[[88.6412082258169,21.67963145944896,0],[88.63610446991468,21.65087138751061,0],[88.63158325408317,21.64941307969468,0],[88.63087873063333,21.67328755991488,0],[88.6412082258169,21.67963145944896,0]]],[[[88.5887154647187,21.70405294924382,0],[88.60861977089887,21.681482723269593,0],[88.59100728940868,21.658341639234727,0],[88.60267086170374,21.612540090082035,0],[88.52621925156726,21.66286620698406,0],[88.5062855244646,21.758358756886178,0],[88.54226792931341,21.81144300698749,0],[88.57327122201703,21.788492489697123,0],[88.56006997420232,21.767917549480263,0],[88.5887154647187,21.70405294924382,0]]],[[[88.62152190344926,21.78116076868476,0],[88.62987520247312,21.73614115059686,0],[88.6109180684504,21.70477465990772,0],[88.59705723839369,21.71567803421328,0],[88.62027685047117,21.728039985727897,0],[88.62172635984037,21.740047132555333,0],[88.58738584246122,21.75720983491983,0],[88.58882615737124,21.776593478243644,0],[88.62152190344926,21.78116076868476,0]]],[[[88.61888437848796,21.73919358815277,0],[88.57902339104679,21.727098446007922,0],[88.58458473441648,21.74843189878439,0],[88.5692874651898,21.770137282219444,0],[88.58388526749461,21.77617907207265,0],[88.58726119630185,21.753303746317407,0],[88.61888437848796,21.73919358815277,0]]],[[[89.0248239024522,21.871309805187973,0],[89.01945950235961,21.766152010435153,0],[89.05592380266138,21.732524123211775,0],[89.0941989341129,21.641339263226566,0],[89.0504949971931,21.61556664094858,0],[89.02407012821422,21.65821723103958,0],[89.0355357598975,21.61541180661944,0],[88.99797549418408,21.603225687737375,0],[88.99726803810434,21.62197108682335,0],[88.96828797574203,21.619833497745237,0],[88.93872306618317,21.64614239357237,0],[88.95130953471401,21.693853910486848,0],[88.92126242236776,21.72152080047212,0],[88.93170871536392,21.744425725908393,0],[88.92084010246214,21.762386559199935,0],[88.91467307567657,21.716179027690345,0],[88.94013249272409,21.68904163511078,0],[88.92296700568298,21.632307655769687,0],[88.88413263358939,21.66117372642049,0],[88.86964814492205,21.70416753933902,0],[88.87722031637787,21.766613411452767,0],[88.83505651075355,21.782792208786365,0],[88.85315497576453,21.888889718938294,0],[88.8190051625318,21.929260401309495,0],[88.85969140647667,21.91271324288976,0],[88.90258654995054,21.921025547055276,0],[88.9118202816314,21.930882338252772,0],[89.0248239024522,21.871309805187973,0]]],[[[88.57129993950188,21.879456148175517,0],[88.57382448443363,21.855587667112957,0],[88.55668542427247,21.827692985705237,0],[88.5540543880286,21.875674394707023,0],[88.57129993950188,21.879456148175517,0]]],[[[88.67009175062519,21.9142180697479,0],[88.64456489306063,21.78793783390613,0],[88.58630997951452,21.801521337238416,0],[88.58020668234403,21.834727531874975,0],[88.61702763517825,21.896046283216524,0],[88.63664048436159,21.9217753168296,0],[88.67009175062519,21.9142180697479,0]]],[[[88.54348294410674,21.968554208561503,0],[88.6099792965798,21.924710480994335,0],[88.58257364466442,21.891439317684778,0],[88.55009633590616,21.922381553016116,0],[88.54348294410674,21.968554208561503,0]]],[[[88.6071001776415,22.000046738124297,0],[88.61503075813329,21.937508018558557,0],[88.61077730439288,21.92937061171835,0],[88.57648690605201,21.96064283765105,0],[88.57742859318273,21.981283561562616,0],[88.59580990997863,21.98858516525683,0],[88.59963917221182,21.99149827003642,0],[88.60299351556031,21.997450224463662,0],[88.6071001776415,22.000046738124297,0]]],[[[89.80489387217033,26.349712155425273,0],[89.81842554401173,26.31842680249829,0],[89.79269317386608,26.34109746538814,0],[89.80489387217033,26.349712155425273,0]]]]},"id":36}]}