{
"type": "FeatureCollection",
"name": "GOA",
"features": [
{ "type": "Feature", "properties": { "OBJECTID_1": 31, "OBJECTID": 31, "STATE": "GOA", "Shape_Leng": 434428.155508, "Shape_Area": 3635517821.3800001 }, "geometry": { "type": "MultiPolygon", "coordinates": [ [ [ [ 3370784.553099997341633, 3005649.384100001305342 ], [ 3370816.279200002551079, 3005630.184399999678135 ], [ 3370846.463799998164177, 3005625.136399999260902 ], [ 3370851.967699997127056, 3005624.215900000184774 ], [ 3370887.655000001192093, 3005624.863400001078844 ], [ 3370906.15820000320673, 3005632.134199999272823 ], [ 3370918.053800001740456, 3005632.79109999909997 ], [ 3370959.689599998295307, 3005630.78999999910593 ], [ 3370984.145300000905991, 3005614.901399999856949 ], [ 3371013.886500000953674, 3005606.288400001823902 ], [ 3371045.611100003123283, 3005594.366799999028444 ], [ 3371095.209399998188019, 3005574.421500001102686 ], [ 3371140.007200002670288, 3005526.423500001430511 ], [ 3371146.748199999332428, 3005481.850699998438358 ], [ 3371148.539200000464916, 3005442.9331 ], [ 3371150.067100003361702, 3005409.73200000077486 ], [ 3371154.710199996829033, 3005325.703600000590086 ], [ 3371147.447200000286102, 3005292.625199999660254 ], [ 3371141.500699996948242, 3005285.349599998444319 ], [ 3371139.652000002563, 3005285.8902000002563 ], [ 3371125.638700000941753, 3005289.987199999392033 ], [ 3371107.131899997591972, 3005300.580400001257658 ], [ 3371078.05290000140667, 3005302.5768 ], [ 3371057.565099999308586, 3005305.892900001257658 ], [ 3371049.632799997925758, 3005314.49720000103116 ], [ 3371043.681199997663498, 3005333.024999998509884 ], [ 3371017.236199997365475, 3005381.334100000560284 ], [ 3370988.814499996602535, 3005400.532499998807907 ], [ 3370961.056699998676777, 3005405.836399998515844 ], [ 3370936.604400001466274, 3005404.522700000554323 ], [ 3370920.746399998664856, 3005389.3114 ], [ 3370902.907300002872944, 3005366.161499999463558 ], [ 3370892.994099996984005, 3005366.165399998426437 ], [ 3370885.062299996614456, 3005372.78489999845624 ], [ 3370862.588500000536442, 3005392.642400000244379 ], [ 3370842.095600001513958, 3005420.438900001347065 ], [ 3370820.281700000166893, 3005444.927499998360872 ], [ 3370791.1985, 3005467.434099998325109 ], [ 3370759.471799999475479, 3005489.9419 ], [ 3370733.695900000631809, 3005497.891600001603365 ], [ 3370701.310900002717972, 3005507.828699998557568 ], [ 3370676.197400003671646, 3005508.500100001692772 ], [ 3370649.102700002491474, 3005501.894400000572205 ], [ 3370587.640900000929832, 3005502.5801 ], [ 3370530.804099999368191, 3005508.557100001722574 ], [ 3370489.166599996387959, 3005519.159400001168251 ], [ 3370462.216099999845028, 3005546.744899999350309 ], [ 3370459.420999996364117, 3005549.605900000780821 ], [ 3370425.049999997019768, 3005576.084499999880791 ], [ 3370397.950099997222424, 3005595.282200001180172 ], [ 3370368.207599997520447, 3005609.849700000137091 ], [ 3370338.466899998486042, 3005615.815900001674891 ], [ 3370309.385399997234344, 3005629.721500001847744 ], [ 3370265.765000000596046, 3005642.309599999338388 ], [ 3370251.640100002288818, 3005641.796999998390675 ], [ 3370221.152400001883507, 3005607.887800000607967 ], [ 3370200.831200003623962, 3005565.494100000709295 ], [ 3370180.509700000286102, 3005524.796599999070168 ], [ 3370158.549599997699261, 3005495.41270000115037 ], [ 3370124.60869999974966, 3005495.985399998724461 ], [ 3370094.113200001418591, 3005501.085499998182058 ], [ 3370085.638300001621246, 3005521.441700000315905 ], [ 3370077.163500003516674, 3005541.797699999064207 ], [ 3370078.8496999964118, 3005580.806499999016523 ], [ 3370095.782999999821186, 3005621.505399998277426 ], [ 3370124.575199998915195, 3005662.1996 ], [ 3370160.144400000572205, 3005701.195000000298023 ], [ 3370178.77759999781847, 3005713.060199998319149 ], [ 3370187.246399998664856, 3005723.233300000429153 ], [ 3370185.547399997711182, 3005746.978700000792742 ], [ 3370178.7654, 3005774.1184 ], [ 3370138.094899997115135, 3005828.408399999141693 ], [ 3370087.259300000965595, 3005884.398400001227856 ], [ 3370051.6809, 3005891.196600001305342 ], [ 3370002.546599999070168, 3005911.568500000983477 ], [ 3369978.827299997210503, 3005918.362100001424551 ], [ 3369946.633000001311302, 3005945.511700000613928 ], [ 3369927.328500002622604, 3005973.2555 ], [ 3369917.405699998140335, 3006021.5581 ], [ 3369922.025100000202656, 3006054.637499999254942 ], [ 3369934.569399997591972, 3006116.164000000804663 ], [ 3369968.9243, 3006169.7423 ], [ 3370005.92339999973774, 3006219.349800001829863 ], [ 3370022.436200000345707, 3006265.657200001180172 ], [ 3370028.37780000269413, 3006296.751299999654293 ], [ 3370043.333200000226498, 3006325.247000001370907 ], [ 3370086.519900001585484, 3006372.153900001198053 ], [ 3370113.612199999392033, 3006390.6689000017941 ], [ 3370147.9746999964118, 3006406.534400001168251 ], [ 3370189.611299999058247, 3006400.563400000333786 ], [ 3370219.351000003516674, 3006399.228500001132488 ], [ 3370250.412900000810623, 3006395.908300001174212 ], [ 3370276.850599996745586, 3006383.326999999582767 ], [ 3370309.900700002908707, 3006352.879200000315905 ], [ 3370320.479599997401237, 3006328.394799999892712 ], [ 3370326.431500002741814, 3006308.543800000101328 ], [ 3370320.487899996340275, 3006287.374000001698732 ], [ 3370305.951999999582767, 3006270.839000001549721 ], [ 3370291.416500002145767, 3006251.657600000500679 ], [ 3370288.021799996495247, 3006242.222300000488758 ], [ 3370278.869400002062321, 3006203.363699998706579 ], [ 3370282.838100001215935, 3006186.82149999961257 ], [ 3370290.776299998164177, 3006149.105700001120567 ], [ 3370329.113799996674061, 3006116.671 ], [ 3370342.201999999582767, 3006093.837000001221895 ], [ 3370352.252599999308586, 3006076.3026 ], [ 3370385.303599998354912, 3006041.223499998450279 ], [ 3370430.250500001013279, 3006005.478100001811981 ], [ 3370458.012900002300739, 3005978.340500000864267 ], [ 3370475.8618, 3005952.530000001192093 ], [ 3370502.967200003564358, 3005906.205600000917912 ], [ 3370550.563400000333786, 3005841.347500000149012 ], [ 3370582.292099997401237, 3005809.577100001275539 ], [ 3370598.155000001192093, 3005800.3081 ], [ 3370627.892800003290176, 3005792.529199998825788 ], [ 3370648.386100001633167, 3005778.454599998891354 ], [ 3370705.23200000077486, 3005727.487199999392033 ], [ 3370748.199199996888638, 3005676.525100000202656 ], [ 3370784.553099997341633, 3005649.384100001305342 ] ] ], [ [ [ 3368170.37610000371933, 3010005.874200001358986 ], [ 3368172.943999998271465, 3010005.37049999833107 ], [ 3368175.763099998235703, 3010004.735399998724461 ], [ 3368178.834399998188019, 3010003.990600001066923 ], [ 3368181.917400002479553, 3010003.267400000244379 ], [ 3368184.854900002479553, 3010002.64919999986887 ], [ 3368187.636900000274181, 3010002.14750000089407 ], [ 3368190.273900002241135, 3010001.761900000274181 ], [ 3368192.826899997889996, 3010001.412799999117851 ], [ 3368195.377599999308586, 3010001.0088 ], [ 3368197.925999999046326, 3010000.549899999052286 ], [ 3368200.472599998116493, 3010000.0471 ], [ 3368203.232299998402596, 3009999.524399999529123 ], [ 3368206.711599998176098, 3009999.07039999961853 ], [ 3368210.900499999523163, 3009998.696600001305342 ], [ 3368215.830799996852875, 3009998.401599999517202 ], [ 3368221.17960000038147, 3009998.133000001311302 ], [ 3368225.913999997079372, 3009997.758299998939037 ], [ 3368229.915299996733665, 3009997.249400001019239 ], [ 3368233.194600000977516, 3009996.616900000721216 ], [ 3368235.827600002288818, 3009995.879599999636412 ], [ 3368238.367200002074242, 3009995.212099999189377 ], [ 3368240.900799997150898, 3009994.654899999499321 ], [ 3368243.449699997901917, 3009994.206999998539686 ], [ 3368246.0022, 3009993.846900001168251 ], [ 3368248.55290000140667, 3009993.443 ], [ 3368251.098499998450279, 3009992.918200001120567 ], [ 3368253.640000000596046, 3009992.294700000435114 ], [ 3368256.176899999380112, 3009991.5614 ], [ 3368258.711000002920628, 3009990.762200001627207 ], [ 3368261.232100002467632, 3009989.908700000494719 ], [ 3368262.432499997317791, 3009989.477299999445677 ], [ 3368263.761600002646446, 3009988.999699998646975 ], [ 3368266.288800001144409, 3009988.035900000482798 ], [ 3368268.761699996888638, 3009987.052400000393391 ], [ 3368271.12780000269413, 3009986.073399998247623 ], [ 3368273.397699996829033, 3009985.098400000482798 ], [ 3368275.560900002717972, 3009984.127900000661612 ], [ 3368277.659500002861023, 3009983.149099998176098 ], [ 3368279.755400002002716, 3009982.104400001466274 ], [ 3368281.849399998784065, 3009981.015799999237061 ], [ 3368283.941100001335144, 3009979.872400000691414 ], [ 3368286.01799999922514, 3009978.63060000166297 ], [ 3368288.096799999475479, 3009977.1798 ], [ 3368290.167300000786781, 3009975.531399998813868 ], [ 3368292.22860000282526, 3009973.663499999791384 ], [ 3368293.668999999761581, 3009972.2544 ], [ 3368294.284000001847744, 3009971.652800001204014 ], [ 3368296.346199996769428, 3009969.80689999833703 ], [ 3368298.417599998414516, 3009968.180399999022484 ], [ 3368300.4978, 3009966.762600000947714 ], [ 3368302.585900001227856, 3009965.531300000846386 ], [ 3368304.661399997770786, 3009964.2566 ], [ 3368306.742499999701977, 3009962.8607 ], [ 3368308.819499999284744, 3009961.365899998694658 ], [ 3368312.965599998831749, 3009958.189899999648333 ], [ 3368315.040700003504753, 3009956.651299998164177 ], [ 3368317.118600003421307, 3009955.17850000038743 ], [ 3368319.198299996554852, 3009953.749699998646975 ], [ 3368321.344499997794628, 3009952.372999999672174 ], [ 3368323.589000001549721, 3009951.047200001776218 ], [ 3368325.942199997603893, 3009949.760899998247623 ], [ 3368328.404899999499321, 3009948.535900000482798 ], [ 3368330.864500001072884, 3009947.234000001102686 ], [ 3368333.219099998474121, 3009945.727699998766184 ], [ 3368335.458200000226498, 3009944.017200000584126 ], [ 3368337.592000000178814, 3009942.091299999505281 ], [ 3368339.625900000333786, 3009940.081599999219179 ], [ 3368341.623599998652935, 3009938.227299999445677 ], [ 3368343.574799999594688, 3009936.539900001138449 ], [ 3368345.479099996387959, 3009935.008499998599291 ], [ 3368347.311800003051758, 3009933.557 ], [ 3368348.987199999392033, 3009931.925200000405312 ], [ 3368350.503799997270107, 3009930.080200001597404 ], [ 3368351.851999998092651, 3009928.044300001114607 ], [ 3368353.05349999666214, 3009925.827599998563528 ], [ 3368354.140699997544289, 3009923.692600000649691 ], [ 3368355.136, 3009921.660599999129772 ], [ 3368356.028999999165535, 3009919.74269999936223 ], [ 3368356.819899998605251, 3009917.939100001007318 ], [ 3368357.422700002789497, 3009916.242400001734495 ], [ 3368357.837899997830391, 3009914.663499999791384 ], [ 3368358.043999999761581, 3009913.203299999237061 ], [ 3368358.050999999046326, 3009911.839499998837709 ], [ 3368357.843400001525879, 3009910.462699998170137 ], [ 3368357.438500002026558, 3009908.973200000822544 ], [ 3368356.816399998962879, 3009907.404899999499321 ], [ 3368355.986199997365475, 3009905.724300000816584 ], [ 3368355.031099997460842, 3009904.125900000333786 ], [ 3368354.041599996387959, 3009902.727000001817942 ], [ 3368352.997299998998642, 3009901.550200000405312 ], [ 3368351.919399999082088, 3009900.594799999147654 ], [ 3368349.520300000905991, 3009898.749200001358986 ], [ 3368348.159199997782707, 3009897.673700001090765 ], [ 3368346.697400003671646, 3009896.492499999701977 ], [ 3368345.1897, 3009895.236200001090765 ], [ 3368343.831399999558926, 3009893.973700001835823 ], [ 3368342.622699998319149, 3009892.704900000244379 ], [ 3368341.574699997901917, 3009891.44029999896884 ], [ 3368340.64360000193119, 3009890.15989999845624 ], [ 3368339.680500000715256, 3009888.880800001323223 ], [ 3368338.664099998772144, 3009887.603900000452995 ], [ 3368337.594200000166893, 3009886.329199999570847 ], [ 3368336.500200003385544, 3009884.989599999040365 ], [ 3368335.597599998116493, 3009883.114199999719858 ], [ 3368334.914499998092651, 3009880.602699998766184 ], [ 3368334.471100002527237, 3009877.432399999350309 ], [ 3368334.259199999272823, 3009873.658599998801947 ], [ 3368334.342200003564358, 3009869.773400001227856 ], [ 3368334.729299999773502, 3009865.996500000357628 ], [ 3368335.4408999979496, 3009862.3048 ], [ 3368336.456200003623962, 3009858.710400000214577 ], [ 3368337.491800002753735, 3009855.346099998801947 ], [ 3368338.402000002563, 3009852.3059 ], [ 3368339.165299996733665, 3009849.590799998492002 ], [ 3368340.354000002145767, 3009845.032400000840425 ], [ 3368340.994599997997284, 3009842.960200000554323 ], [ 3368341.671700000762939, 3009840.996399998664856 ], [ 3368342.417599998414516, 3009839.139800000935793 ], [ 3368343.175499998033047, 3009837.315499998629093 ], [ 3368343.886100001633167, 3009835.383400000631809 ], [ 3368344.539200000464916, 3009833.354600001126528 ], [ 3368345.134199999272823, 3009831.218400001525879 ], [ 3368345.683799996972084, 3009829.01799999922514 ], [ 3368346.183700002729893, 3009827.132100000977516 ], [ 3368346.237899996340275, 3009826.927499998360872 ], [ 3368346.79619999974966, 3009824.935699999332428 ], [ 3368347.903499998152256, 3009821.238499999046326 ], [ 3368348.306199997663498, 3009819.363200001418591 ], [ 3368348.554300002753735, 3009817.373399998992682 ], [ 3368348.638099998235703, 3009815.291600000113249 ], [ 3368348.56870000064373, 3009813.1283 ], [ 3368348.341399997472763, 3009811.026500001549721 ], [ 3368347.969200000166893, 3009809.040800001472235 ], [ 3368347.452100001275539, 3009807.17119999974966 ], [ 3368346.429899998009205, 3009804.426399998366833 ], [ 3368346.149800002574921, 3009803.674100000411272 ], [ 3368345.606200002133846, 3009801.9375 ], [ 3368345.169299997389317, 3009800.196400001645088 ], [ 3368344.839699998497963, 3009798.461800001561642 ], [ 3368344.5176, 3009796.649999998509884 ], [ 3368344.148599997162819, 3009794.741099998354912 ], [ 3368343.722099997103214, 3009792.7357 ], [ 3368343.226400002837181, 3009790.612300001084805 ], [ 3368342.688000001013279, 3009788.490600001066923 ], [ 3368342.110500000417233, 3009786.458500001579523 ], [ 3368341.47410000115633, 3009784.549899999052286 ], [ 3368340.79900000244379, 3009782.741799999028444 ], [ 3368340.062700003385544, 3009781.002399999648333 ], [ 3368339.284100003540516, 3009779.275600001215935 ], [ 3368338.4628000035882, 3009777.550700001418591 ], [ 3368336.68129999935627, 3009774.106699999421835 ], [ 3368335.921800002455711, 3009772.324200000613928 ], [ 3368335.614200003445148, 3009771.36939999833703 ], [ 3368335.319600000977516, 3009770.469099998474121 ], [ 3368334.854999996721745, 3009768.575199998915195 ], [ 3368334.516199998557568, 3009766.621100001037121 ], [ 3368334.029700003564358, 3009764.717199999839067 ], [ 3368333.331500001251698, 3009762.8662 ], [ 3368332.432599999010563, 3009761.078499998897314 ], [ 3368331.344300001859665, 3009759.364799998700619 ], [ 3368330.167300000786781, 3009757.830699998885393 ], [ 3368328.945500001311302, 3009756.507500000298023 ], [ 3368327.689900003373623, 3009755.394600000232458 ], [ 3368326.38910000026226, 3009754.481499999761581 ], [ 3368324.920299999415874, 3009753.388599999248981 ], [ 3368323.230999998748302, 3009751.886999998241663 ], [ 3368321.320900000631809, 3009749.965900000184774 ], [ 3368319.189900003373623, 3009747.625100001692772 ], [ 3368315.700499996542931, 3009745.803300000727177 ], [ 3368312.789599999785423, 3009744.254099998623133 ], [ 3368310.457099996507168, 3009742.977400001138449 ], [ 3368308.71339999884367, 3009741.962000001221895 ], [ 3368307.415399998426437, 3009741.114799998700619 ], [ 3368306.144799999892712, 3009740.156500000506639 ], [ 3368304.867799997329712, 3009739.04450000077486 ], [ 3368303.573600001633167, 3009737.77930000051856 ], [ 3368302.274400003254414, 3009736.393300000578165 ], [ 3368300.900399997830391, 3009735.010499998927116 ], [ 3368299.443199999630451, 3009733.686099998652935 ], [ 3368297.881099998950958, 3009732.410100001841784 ], [ 3368296.225199997425079, 3009731.19310000166297 ], [ 3368294.565099999308586, 3009730.130100000649691 ], [ 3368292.957800000905991, 3009729.30689999833703 ], [ 3368291.403399996459484, 3009728.723400000482798 ], [ 3368289.913000002503395, 3009728.390099998563528 ], [ 3368288.4391999989748, 3009728.199099998921156 ], [ 3368286.876800000667572, 3009727.934799998998642 ], [ 3368285.203400000929832, 3009727.576200000941753 ], [ 3368283.440499998629093, 3009727.122299998998642 ], [ 3368281.578199997544289, 3009726.59569999948144 ], [ 3368279.667099997401237, 3009726.181099999696016 ], [ 3368277.718800000846386, 3009725.899999998509884 ], [ 3368275.723999999463558, 3009725.785900000482798 ], [ 3368273.692100003361702, 3009725.80519999936223 ], [ 3368271.634499996900558, 3009725.979499999433756 ], [ 3368269.593699999153614, 3009726.296100001782179 ], [ 3368267.559199996292591, 3009726.766399998217821 ], [ 3368265.530799999833107, 3009727.3794 ], [ 3368263.494499996304512, 3009728.058699999004602 ], [ 3368261.465599998831749, 3009728.660700000822544 ], [ 3368259.432099997997284, 3009729.152899999171495 ], [ 3368257.394900001585484, 3009729.557300001382828 ], [ 3368255.343800000846386, 3009729.885400000959635 ], [ 3368253.211900003254414, 3009730.3268 ], [ 3368250.989799998700619, 3009730.914900001138449 ], [ 3368248.688799999654293, 3009731.660300001502037 ], [ 3368246.297600001096725, 3009732.552400000393391 ], [ 3368243.9324000030756, 3009733.553399998694658 ], [ 3368241.667999997735023, 3009734.660100001841784 ], [ 3368239.492600001394749, 3009735.851100001484156 ], [ 3368237.428199999034405, 3009737.136399999260902 ], [ 3368233.276600003242493, 3009739.927799999713898 ], [ 3368226.375500001013279, 3009744.506099998950958 ], [ 3368224.06870000064373, 3009746.131400000303984 ], [ 3368221.860200002789497, 3009747.807599999010563 ], [ 3368219.749700002372265, 3009749.523699998855591 ], [ 3368217.737199999392033, 3009751.279599998146296 ], [ 3368215.692100003361702, 3009753.02589999884367 ], [ 3368213.538000002503395, 3009754.721799999475479 ], [ 3368211.296599999070168, 3009756.377399999648333 ], [ 3368208.956699997186661, 3009757.982099998742342 ], [ 3368206.59740000218153, 3009759.631700001657009 ], [ 3368204.342399999499321, 3009761.474700000137091 ], [ 3368202.181199997663498, 3009763.511799998581409 ], [ 3368200.123999997973442, 3009765.731499999761581 ], [ 3368196.203900001943111, 3009770.470499999821186 ], [ 3368194.246500000357628, 3009772.774000000208616 ], [ 3368192.2871999964118, 3009775.033500000834465 ], [ 3368190.326099999248981, 3009777.249099999666214 ], [ 3368188.43129999935627, 3009779.5168999992311 ], [ 3368186.636399999260902, 3009781.868500001728535 ], [ 3368184.942199997603893, 3009784.325899999588728 ], [ 3368183.347800001502037, 3009786.866999998688698 ], [ 3368181.808600001037121, 3009789.449799999594688 ], [ 3368180.267200000584126, 3009791.977600000798702 ], [ 3368178.734499998390675, 3009794.461199998855591 ], [ 3368175.643799997866154, 3009799.330400001257658 ], [ 3368174.105099998414516, 3009801.924100000411272 ], [ 3368172.585799999535084, 3009804.725999999791384 ], [ 3368171.0641999989748, 3009807.725900001823902 ], [ 3368169.549900002777576, 3009810.901399999856949 ], [ 3368167.961800001561642, 3009814.102000001817942 ], [ 3368166.285999998450279, 3009817.251400001347065 ], [ 3368164.501500003039837, 3009820.361299999058247 ], [ 3368162.629699997603893, 3009823.430799998342991 ], [ 3368160.6283999979496, 3009826.472899999469519 ], [ 3368158.49889999628067, 3009829.520300000905991 ], [ 3368158.023500002920628, 3009830.157299999147654 ], [ 3368156.219999998807907, 3009832.574000000953674 ], [ 3368153.791500002145767, 3009835.633900001645088 ], [ 3368151.277500003576279, 3009838.697500001639128 ], [ 3368148.848999999463558, 3009841.757500000298023 ], [ 3368146.505999997258186, 3009844.813900001347065 ], [ 3368144.259499996900558, 3009847.8772 ], [ 3368142.045000001788139, 3009850.9391999989748 ], [ 3368139.117700003087521, 3009854.350000001490116 ], [ 3368135.191500000655651, 3009858.176600001752377 ], [ 3368130.289099998772144, 3009862.451099999248981 ], [ 3368124.409699998795986, 3009867.151399999856949 ], [ 3368121.093500003218651, 3009872.766800001263618 ], [ 3368120.683499999344349, 3009874.213599998503923 ], [ 3368119.504699997603893, 3009878.243700001388788 ], [ 3368119.030000001192093, 3009879.817299999296665 ], [ 3368118.725199997425079, 3009880.827599998563528 ], [ 3368117.820299997925758, 3009883.735599998384714 ], [ 3368116.745399996638298, 3009886.672800000756979 ], [ 3368115.478699997067451, 3009889.629000000655651 ], [ 3368114.030000001192093, 3009892.581799998879433 ], [ 3368112.410400003194809, 3009895.541900001466274 ], [ 3368110.777800001204014, 3009898.4474 ], [ 3368109.237199999392033, 3009901.250199999660254 ], [ 3368107.789099998772144, 3009903.961100000888109 ], [ 3368106.422200001776218, 3009906.569600000977516 ], [ 3368105.071599997580051, 3009909.056499999016523 ], [ 3368103.58500000089407, 3009911.362199999392033 ], [ 3368101.962499998509884, 3009913.486600000411272 ], [ 3368100.182499997317791, 3009915.430700000375509 ], [ 3368098.267099998891354, 3009917.204599998891354 ], [ 3368096.296800002455711, 3009918.947799999266863 ], [ 3368094.272799998521805, 3009920.682199999690056 ], [ 3368092.195699997246265, 3009922.429900001734495 ], [ 3368090.086199998855591, 3009924.167899999767542 ], [ 3368087.967299997806549, 3009925.939300000667572 ], [ 3368085.8926, 3009927.741900000721216 ], [ 3368083.862899996340275, 3009929.597500000149012 ], [ 3368081.88849999755621, 3009931.494800001382828 ], [ 3368076.364, 3009937.004999998956919 ], [ 3368073.117799997329712, 3009940.209300000220537 ], [ 3368071.628700003027916, 3009941.69029999896884 ], [ 3368070.223200000822544, 3009943.1239 ], [ 3368068.911499999463558, 3009944.498500000685453 ], [ 3368067.694499999284744, 3009945.836199998855591 ], [ 3368066.552299998700619, 3009947.170699998736382 ], [ 3368065.524300001561642, 3009948.676399998366833 ], [ 3368064.590000003576279, 3009950.3761 ], [ 3368063.748499996960163, 3009952.2478 ], [ 3368063.011, 3009954.302099999040365 ], [ 3368062.325499996542931, 3009956.321199998259544 ], [ 3368061.081799998879433, 3009960.079100001603365 ], [ 3368060.523599997162819, 3009961.818 ], [ 3368059.996500000357628, 3009963.533500000834465 ], [ 3368059.462499998509884, 3009965.337400000542402 ], [ 3368058.943199999630451, 3009967.239500001072884 ], [ 3368058.417499996721745, 3009969.240899998694658 ], [ 3368057.91950000077486, 3009971.395100001245737 ], [ 3368057.564800001680851, 3009974.159099999815226 ], [ 3368057.378499999642372, 3009977.619699999690056 ], [ 3368057.360600002110004, 3009981.776999998837709 ], [ 3368057.500200003385544, 3009986.631499998271465 ], [ 3368057.805299997329712, 3009991.347100000828505 ], [ 3368058.247500002384186, 3009995.254200000315905 ], [ 3368058.848800003528595, 3009998.362799998372793 ], [ 3368059.597999997437, 3010000.662599999457598 ], [ 3368060.534100003540516, 3010002.316700000315905 ], [ 3368061.816100001335144, 3010003.802299998700619 ], [ 3368063.468699999153614, 3010005.19539999961853 ], [ 3368065.469099998474121, 3010006.463899999856949 ], [ 3368067.828900001943111, 3010007.6294 ], [ 3368070.350000001490116, 3010008.557199999690056 ], [ 3368072.9551, 3010009.195500001311302 ], [ 3368075.634199999272823, 3010009.555799998342991 ], [ 3368078.397900000214577, 3010009.637699998915195 ], [ 3368081.140699997544289, 3010009.478500001132488 ], [ 3368083.706699997186661, 3010009.183800000697374 ], [ 3368086.085199996829033, 3010008.754099998623133 ], [ 3368088.2654, 3010008.1897 ], [ 3368090.408900000154972, 3010007.516800001263618 ], [ 3368093.73139999806881, 3010006.893500000238419 ], [ 3368098.511900000274181, 3010006.340900000184774 ], [ 3368104.750299997627735, 3010005.858899999409914 ], [ 3368112.45830000191927, 3010005.469300001859665 ], [ 3368116.89750000089407, 3010006.470499999821186 ], [ 3368120.706200003623962, 3010007.234200000762939 ], [ 3368123.883900001645088, 3010007.749499998986721 ], [ 3368126.442299999296665, 3010008.037999998778105 ], [ 3368128.653300002217293, 3010008.208999998867512 ], [ 3368131.007399998605251, 3010008.473000001162291 ], [ 3368133.525799997150898, 3010008.829100001603365 ], [ 3368138.979999996721745, 3010009.798700001090765 ], [ 3368141.712099999189377, 3010010.145799998193979 ], [ 3368144.395400002598763, 3010010.352000001817942 ], [ 3368147.007200002670288, 3010010.385299999266863 ], [ 3368149.57039999961853, 3010010.277699999511242 ], [ 3368152.07320000231266, 3010010.007599998265505 ], [ 3368154.515699997544289, 3010009.575199998915195 ], [ 3368156.898400001227856, 3010008.991300001740456 ], [ 3368159.222099997103214, 3010008.277899999171495 ], [ 3368161.504900000989437, 3010007.610300000756979 ], [ 3368163.739500001072884, 3010007.065600000321865 ], [ 3368165.9243, 3010006.611000001430511 ], [ 3368168.0603, 3010006.268399998545647 ], [ 3368170.37610000371933, 3010005.874200001358986 ] ] ], [ [ [ 3364965.853200003504753, 3012456.117899999022484 ], [ 3364972.63570000231266, 3012448.5304000005126 ], [ 3364978.531999997794628, 3012440.980399999767542 ], [ 3364982.655799999833107, 3012433.505100000649691 ], [ 3364986.741099998354912, 3012425.118900001049042 ], [ 3364993.848600000143051, 3012408.790199998766184 ], [ 3364994.834799997508526, 3012406.524399999529123 ], [ 3365002.465300001204014, 3012397.988499999046326 ], [ 3365005.951999999582767, 3012393.594799999147654 ], [ 3365009.209399998188019, 3012389.489999998360872 ], [ 3365015.915200002491474, 3012380.080600000917912 ], [ 3365021.696199998259544, 3012369.797499999403954 ], [ 3365031.5625, 3012351.128100000321865 ], [ 3365034.68469999730587, 3012340.95719999819994 ], [ 3365036.072800002992153, 3012331.772199999541044 ], [ 3365036.64750000089407, 3012328.589800000190735 ], [ 3365038.231799997389317, 3012319.816599998623133 ], [ 3365040.467699997127056, 3012309.6831 ], [ 3365041.817299999296665, 3012299.587099999189377 ], [ 3365043.205399997532368, 3012290.401999998837709 ], [ 3365041.086800001561642, 3012282.27760000154376 ], [ 3365037.27250000089407, 3012276.050000000745058 ], [ 3365033.612000003457069, 3012273.466600000858307 ], [ 3365031.030100002884865, 3012275.400800000876188 ], [ 3365025.904600001871586, 3012280.180399999022484 ], [ 3365003.1283999979496, 3012308.521099999547005 ], [ 3364996.345799997448921, 3012316.108600001782179 ], [ 3364988.67679999768734, 3012323.733399998396635 ], [ 3364975.111599996685982, 3012338.908399999141693 ], [ 3364969.253700003027916, 3012347.3695 ], [ 3364962.471000000834465, 3012354.956900000572205 ], [ 3364955.61150000244379, 3012360.722300000488758 ], [ 3364946.940999999642372, 3012365.651599999517202 ], [ 3364938.193599998950958, 3012368.758699998259544 ], [ 3364898.310900002717972, 3012370.442299999296665 ], [ 3364891.182199999690056, 3012369.830600000917912 ], [ 3364884.978299997746944, 3012370.092500001192093 ], [ 3364880.297200001776218, 3012370.982999999076128 ], [ 3364878.812799997627735, 3012371.2654 ], [ 3364872.762699998915195, 3012375.171399999409914 ], [ 3364866.751000002026558, 3012379.988400001078844 ], [ 3364854.650799997150898, 3012387.8004 ], [ 3364847.63740000128746, 3012389.921799998730421 ], [ 3364839.660899996757507, 3012390.258499998599291 ], [ 3364825.32660000026226, 3012387.213100001215935 ], [ 3364820.91669999808073, 3012385.723600000143051 ], [ 3364818.120999999344349, 3012384.779399998486042 ], [ 3364810.029100000858307, 3012382.383099999278784 ], [ 3364801.898699998855591, 3012379.075800001621246 ], [ 3364792.920500002801418, 3012376.716899998486042 ], [ 3364773.268500000238419, 3012373.896000001579523 ], [ 3364761.785300001502037, 3012375.293499998748302 ], [ 3364752.151699997484684, 3012378.438200000673532 ], [ 3364740.822400003671646, 3012383.479800000786781 ], [ 3364739.974600002169609, 3012384.428300000727177 ], [ 3364739.24210000038147, 3012388.1097999997437 ], [ 3364739.472999997437, 3012393.575899999588728 ], [ 3364742.708800002932549, 3012407.129000000655651 ], [ 3364749.451300002634525, 3012419.621399998664856 ], [ 3364757.889399997889996, 3012430.21680000051856 ], [ 3364768.023100003600121, 3012438.915399998426437 ], [ 3364778.927599996328354, 3012444.843499999493361 ], [ 3364788.098099999129772, 3012451.757500000298023 ], [ 3364793.527199998497963, 3012453.529699999839067 ], [ 3364798.001000002026558, 3012454.989999998360872 ], [ 3364807.788500003516674, 3012455.489399999380112 ], [ 3364818.462300002574921, 3012455.951400000602007 ], [ 3364819.990099996328354, 3012455.886900000274181 ], [ 3364829.097599998116493, 3012455.502399999648333 ], [ 3364838.923500001430511, 3012456.912799999117851 ], [ 3364847.863200001418591, 3012458.3607 ], [ 3364864.046899996697903, 3012463.153299998492002 ], [ 3364872.100299999117851, 3012464.638599999248981 ], [ 3364880.230599999427795, 3012467.945999998599291 ], [ 3364887.474600002169609, 3012471.290800001472235 ], [ 3364894.757100000977516, 3012475.546599999070168 ], [ 3364901.114900000393391, 3012478.928800001740456 ], [ 3364907.924199998378754, 3012482.072799999266863 ], [ 3364908.358900003135204, 3012482.273499999195337 ], [ 3364914.639700002968311, 3012483.833700001239777 ], [ 3364922.693099997937679, 3012485.318999998271465 ], [ 3364928.858599998056889, 3012484.146099999547005 ], [ 3364936.758100003004074, 3012481.987399999052286 ], [ 3364942.846699997782707, 3012478.992400001734495 ], [ 3364949.782999999821186, 3012475.049100000411272 ], [ 3364955.75620000064373, 3012469.321100000292063 ], [ 3364960.843099996447563, 3012463.6305 ], [ 3364965.853200003504753, 3012456.117899999022484 ] ] ], [ [ [ 3366663.97860000282526, 3012704.334600001573563 ], [ 3366658.922399997711182, 3012700.998199999332428 ], [ 3366649.519299998879433, 3012701.752599999308586 ], [ 3366635.694899998605251, 3012704.115899998694658 ], [ 3366625.905699998140335, 3012708.840500000864267 ], [ 3366622.128300003707409, 3012715.891199998557568 ], [ 3366622.256700001657009, 3012720.84569999948144 ], [ 3366632.846400000154972, 3012727.0033 ], [ 3366643.251599997282028, 3012726.727699998766184 ], [ 3366655.109200000762939, 3012724.916200000792742 ], [ 3366662.9679000005126, 3012722.222699999809265 ], [ 3366665.3213, 3012717.193900000303984 ], [ 3366665.633000001311302, 3012710.741799999028444 ], [ 3366663.97860000282526, 3012704.334600001573563 ] ] ], [ [ [ 3366169.242399998009205, 3012752.490699999034405 ], [ 3366163.708400003612041, 3012749.659499999135733 ], [ 3366156.805299997329712, 3012751.342799998819828 ], [ 3366149.424099996685982, 3012753.521299999207258 ], [ 3366141.602200001478195, 3012757.704199999570847 ], [ 3366135.250799998641014, 3012761.354299999773502 ], [ 3366133.936499997973442, 3012767.834499999880791 ], [ 3366138.054999999701977, 3012773.174199998378754 ], [ 3366144.544100001454353, 3012774.985100001096725 ], [ 3366156.384199999272823, 3012772.190099999308586 ], [ 3366163.249600000679493, 3012769.514400001615286 ], [ 3366169.068499997258186, 3012764.403799999505281 ], [ 3366170.4003000035882, 3012758.906800001859665 ], [ 3366169.242399998009205, 3012752.490699999034405 ] ] ], [ [ [ 3365831.188199996948242, 3012862.653400000184774 ], [ 3365847.879000000655651, 3012848.788199998438358 ], [ 3365859.348300002515316, 3012841.2346 ], [ 3365867.935900002717972, 3012831.801199998706579 ], [ 3365878.121200002729893, 3012824.488699998706579 ], [ 3365891.988899998366833, 3012810.643500000238419 ], [ 3365908.646499998867512, 3012798.780900001525879 ], [ 3365937.188699997961521, 3012781.601300001144409 ], [ 3365949.119800001382828, 3012775.864599999040365 ], [ 3365962.903999999165535, 3012771.710099998861551 ], [ 3365971.324000000953674, 3012765.132500000298023 ], [ 3365973.363399997353554, 3012763.539299998432398 ], [ 3365978.794399999082088, 3012756.108399998396635 ], [ 3365981.076999999582767, 3012750.371399998664856 ], [ 3365984.415299996733665, 3012733.132599998265505 ], [ 3365984.540100000798702, 3012718.5801 ], [ 3365982.788699999451637, 3012711.286899998784065 ], [ 3365979.729000002145767, 3012706.962600000202656 ], [ 3365967.879600003361702, 3012700.424800001084805 ], [ 3365926.701200000941753, 3012705.348999999463558 ], [ 3365909.361599996685982, 3012703.8257 ], [ 3365895.985500000417233, 3012698.374899998307228 ], [ 3365883.840499997138977, 3012690.156199999153614 ], [ 3365862.381300002336502, 3012668.552700001746416 ], [ 3365852.649899996817112, 3012663.541999999433756 ], [ 3365843.509400002658367, 3012662.398899998515844 ], [ 3365820.942299999296665, 3012667.550500001758337 ], [ 3365802.249200001358986, 3012674.012299999594688 ], [ 3365787.868900001049042, 3012674.431499999016523 ], [ 3365780.817699998617172, 3012672.353700000792742 ], [ 3365772.26690000295639, 3012667.436299998313189 ], [ 3365748.784100003540516, 3012650.107500001788139 ], [ 3365733.370300002396107, 3012645.039599999785423 ], [ 3365723.270400002598763, 3012645.24549999833107 ], [ 3365714.926600001752377, 3012647.2685999982059 ], [ 3365675.998199999332428, 3012663.446199998259544 ], [ 3365661.089900001883507, 3012671.59569999948144 ], [ 3365660.021600000560284, 3012672.17960000038147 ], [ 3365648.710100002586842, 3012676.120200000703335 ], [ 3365636.785400003194809, 3012682.263700000941753 ], [ 3365627.491499997675419, 3012689.659800000488758 ], [ 3365621.702100001275539, 3012698.733399998396635 ], [ 3365620.561300002038479, 3012706.687399998307228 ], [ 3365622.820799998939037, 3012717.147900000214577 ], [ 3365641.461400002241135, 3012749.77760000154376 ], [ 3365642.770199999213219, 3012759.761399999260902 ], [ 3365642.672200001776218, 3012777.226599998772144 ], [ 3365640.175700001418591, 3012786.260299999266863 ], [ 3365633.168300002813339, 3012797.650299999862909 ], [ 3365620.106200002133846, 3012811.824700001627207 ], [ 3365612.306599996984005, 3012824.721500001847744 ], [ 3365608.805100001394749, 3012843.913499999791384 ], [ 3365615.675899997353554, 3012861.7555 ], [ 3365618.456000000238419, 3012864.013399999588728 ], [ 3365624.106799997389317, 3012864.588799998164177 ], [ 3365628.671899996697903, 3012863.010800000280142 ], [ 3365648.345600001513958, 3012849.8772 ], [ 3365656.880300000309944, 3012850.100099999457598 ], [ 3365664.451800003647804, 3012852.848600000143051 ], [ 3365681.371299996972084, 3012859.634199999272823 ], [ 3365698.544299997389317, 3012858.734200000762939 ], [ 3365705.511600002646446, 3012859.836899999529123 ], [ 3365736.435099996626377, 3012873.0143 ], [ 3365758.852200001478195, 3012879.029500000178814 ], [ 3365781.880900003015995, 3012880.521600000560284 ], [ 3365805.746899999678135, 3012877.008600000292063 ], [ 3365820.505900003015995, 3012869.085299998521805 ], [ 3365831.188199996948242, 3012862.653400000184774 ] ] ], [ [ [ 3365280.706799998879433, 3012925.617199998348951 ], [ 3365283.676600001752377, 3012925.524900000542402 ], [ 3365286.394799999892712, 3012925.553100001066923 ], [ 3365288.851099997758865, 3012925.71339999884367 ], [ 3365291.044600002467632, 3012925.98369999974966 ], [ 3365292.974899999797344, 3012926.353100001811981 ], [ 3365294.691600002348423, 3012926.731499999761581 ], [ 3365296.194799996912479, 3012927.118900001049042 ], [ 3365297.484399996697903, 3012927.515299998223782 ], [ 3365298.646899998188019, 3012927.939100001007318 ], [ 3365299.96339999884367, 3012928.466299999505281 ], [ 3365301.445200003683567, 3012929.107500001788139 ], [ 3365304.890699997544289, 3012930.655499998480082 ], [ 3365306.797200001776218, 3012931.476700000464916 ], [ 3365308.821199998259544, 3012932.292899999767542 ], [ 3365310.951999999582767, 3012933.104600001126528 ], [ 3365313.145999997854233, 3012933.891699999570847 ], [ 3365315.250299997627735, 3012934.583599999547005 ], [ 3365317.243299998342991, 3012935.170299999415874 ], [ 3365317.609899997711182, 3012935.264699999243021 ], [ 3365319.114100001752377, 3012935.652100000530481 ], [ 3365320.917199999094009, 3012936.048900000751019 ], [ 3365322.863300003111362, 3012936.538600001484156 ], [ 3365324.973600000143051, 3012937.120299998670816 ], [ 3365327.259999997913837, 3012937.815499998629093 ], [ 3365329.678099997341633, 3012938.593100000172853 ], [ 3365332.060599997639656, 3012939.284299999475479 ], [ 3365334.384499996900558, 3012939.85700000077486 ], [ 3365336.66160000115633, 3012940.332699999213219 ], [ 3365338.859300002455711, 3012940.7018 ], [ 3365340.906999997794628, 3012941.066199999302626 ], [ 3365342.805299997329712, 3012941.436999998986721 ], [ 3365344.532700002193451, 3012941.814899999648333 ], [ 3365346.184000000357628, 3012942.163100000470877 ], [ 3365348.545999996364117, 3012942.1184 ], [ 3365351.8074000030756, 3012941.58500000089407 ], [ 3365355.957400001585484, 3012940.563299998641014 ], [ 3365360.912900000810623, 3012939.111699998378754 ], [ 3365365.280199997127056, 3012937.662999998778105 ], [ 3365368.681000001728535, 3012936.375999998301268 ], [ 3365371.125299997627735, 3012935.23930000141263 ], [ 3365372.644900001585484, 3012934.240600001066923 ], [ 3365374.04839999973774, 3012933.279699999839067 ], [ 3365375.612099997699261, 3012932.312100000679493 ], [ 3365377.336000002920628, 3012931.337799999862909 ], [ 3365379.220399998128414, 3012930.367600001394749 ], [ 3365381.072400003671646, 3012929.387899998575449 ], [ 3365382.8175999969244, 3012928.412599999457598 ], [ 3365384.44539999961853, 3012927.442299999296665 ], [ 3365385.976999998092651, 3012926.476100001484156 ], [ 3365387.59740000218153, 3012925.583000000566244 ], [ 3365389.371799997985363, 3012924.793499998748302 ], [ 3365391.310999996960163, 3012924.106899999082088 ], [ 3365393.42620000243187, 3012923.533900000154972 ], [ 3365397.637900002300739, 3012922.454599998891354 ], [ 3365399.658399999141693, 3012921.918600000441074 ], [ 3365403.613899998366833, 3012920.850099999457598 ], [ 3365405.655699998140335, 3012920.313099998980761 ], [ 3365409.888800002634525, 3012919.232900001108646 ], [ 3365412.26860000193119, 3012918.593800000846386 ], [ 3365415.014700002968311, 3012917.7632 ], [ 3365418.127599999308586, 3012916.752300001680851 ], [ 3365421.617899999022484, 3012915.560499999672174 ], [ 3365425.079000003635883, 3012914.435899998992682 ], [ 3365428.113399997353554, 3012913.593100000172853 ], [ 3365430.7434, 3012913.053399998694658 ], [ 3365432.936499997973442, 3012912.80689999833703 ], [ 3365434.932300001382828, 3012912.700800001621246 ], [ 3365436.978699997067451, 3012912.526500001549721 ], [ 3365439.076700001955032, 3012912.306099999696016 ], [ 3365443.353399999439716, 3012911.751800000667572 ], [ 3365445.390000000596046, 3012911.599899999797344 ], [ 3365447.324500001966953, 3012911.562300000339746 ], [ 3365449.146200001239777, 3012911.639400001615286 ], [ 3365450.908500000834465, 3012911.829 ], [ 3365452.675399996340275, 3012912.1283 ], [ 3365454.446900002658367, 3012912.537399999797344 ], [ 3365456.222999997437, 3012913.056200001388788 ], [ 3365458.001900002360344, 3012913.640900000929832 ], [ 3365459.778499998152256, 3012914.170800000429153 ], [ 3365461.552799999713898, 3012914.645700000226498 ], [ 3365465.064300000667572, 3012915.476199999451637 ], [ 3365466.701099999248981, 3012915.989900000393391 ], [ 3365468.247000001370907, 3012916.628499999642372 ], [ 3365469.679999999701977, 3012917.381700001657009 ], [ 3365471.062899999320507, 3012918.214000001549721 ], [ 3365472.542400002479553, 3012919.053199999034405 ], [ 3365474.128600001335144, 3012919.888000000268221 ], [ 3365477.579599998891354, 3012921.567699998617172 ], [ 3365479.256800003349781, 3012922.530499998480082 ], [ 3365480.821199998259544, 3012923.6081000007689 ], [ 3365482.283399999141693, 3012924.799899999052286 ], [ 3365483.683399997651577, 3012926.03830000013113 ], [ 3365485.160999998450279, 3012927.086599998176098 ], [ 3365486.735600002110004, 3012927.89979999884963 ], [ 3365488.40820000320673, 3012928.5 ], [ 3365491.810599997639656, 3012929.280099999159575 ], [ 3365493.35639999806881, 3012929.665800001472235 ], [ 3365497.598600000143051, 3012930.828299999237061 ], [ 3365499.144500002264977, 3012931.213899999856949 ], [ 3365500.7971, 3012931.594999998807907 ], [ 3365502.597900003194809, 3012931.936900001019239 ], [ 3365504.760799996554852, 3012931.988600000739098 ], [ 3365507.346699997782707, 3012931.670699998736382 ], [ 3365510.356899999082088, 3012931.015900000929832 ], [ 3365513.706600002944469, 3012930.039000000804663 ], [ 3365516.833400003612041, 3012929.104400001466274 ], [ 3365519.591099999845028, 3012928.295400001108646 ], [ 3365523.988099999725819, 3012927.043400000780821 ], [ 3365525.744400002062321, 3012926.331599999219179 ], [ 3365527.277900002896786, 3012925.409299999475479 ], [ 3365528.588200002908707, 3012924.2654 ], [ 3365529.676100000739098, 3012922.9221 ], [ 3365530.761600002646446, 3012921.523800000548363 ], [ 3365531.900600001215935, 3012920.123399998992682 ], [ 3365533.082299999892712, 3012918.721099998801947 ], [ 3365534.328000001609325, 3012917.316100001335144 ], [ 3365535.580700002610683, 3012915.822799999266863 ], [ 3365536.829300001263618, 3012914.230799999088049 ], [ 3365538.072700001299381, 3012912.51799999922514 ], [ 3365539.300899997353554, 3012910.695900000631809 ], [ 3365540.460299998521805, 3012908.766800001263618 ], [ 3365541.508400000631809, 3012906.7324 ], [ 3365542.445000000298023, 3012904.592700000852346 ], [ 3365543.259099997580051, 3012902.33729999884963 ], [ 3365544.117799997329712, 3012900.124000001698732 ], [ 3365545.087899997830391, 3012898.015900000929832 ], [ 3365546.158699996769428, 3012896.0135000012815 ], [ 3365548.554200001060963, 3012892.195999998599291 ], [ 3365549.698299996554852, 3012890.157499998807907 ], [ 3365550.78490000218153, 3012888.02250000089407 ], [ 3365551.813500002026558, 3012885.780000001192093 ], [ 3365552.688900001347065, 3012883.456000000238419 ], [ 3365553.348399996757507, 3012881.086199998855591 ], [ 3365553.792099997401237, 3012878.670400001108646 ], [ 3365554.020400002598763, 3012876.219799999147654 ], [ 3365554.185000002384186, 3012873.782800000160933 ], [ 3365554.472199998795986, 3012871.461599998176098 ], [ 3365554.870800003409386, 3012869.245700001716614 ], [ 3365555.370099999010563, 3012867.135499998927116 ], [ 3365555.792900003492832, 3012864.984499998390675 ], [ 3365555.886, 3012862.627500001341105 ], [ 3365555.638899996876717, 3012860.065000001341105 ], [ 3365555.0515, 3012857.296900000423193 ], [ 3365554.344800002872944, 3012854.489799998700619 ], [ 3365553.807499997317791, 3012851.895500000566244 ], [ 3365553.4397, 3012849.513999998569489 ], [ 3365553.2412, 3012847.345199998468161 ], [ 3365553.1338, 3012845.30460000038147 ], [ 3365552.970600001513958, 3012843.211300000548363 ], [ 3365552.751299999654293, 3012841.054400000721216 ], [ 3365552.476700000464916, 3012838.855900000780821 ], [ 3365552.135300002992153, 3012836.594200000166893 ], [ 3365551.674599997699261, 3012834.293600000441074 ], [ 3365551.104400001466274, 3012831.931600000709295 ], [ 3365550.436099998652935, 3012829.529699999839067 ], [ 3365549.691799998283386, 3012827.098099999129772 ], [ 3365549.003100000321865, 3012824.719099998474121 ], [ 3365548.370200000703335, 3012822.392700001597404 ], [ 3365547.792999997735023, 3012820.118999999016523 ], [ 3365547.263999998569489, 3012817.469399999827147 ], [ 3365546.7753000035882, 3012813.234700001776218 ], [ 3365546.322899997234344, 3012807.327100001275539 ], [ 3365545.918099999427795, 3012799.757199998944998 ], [ 3365545.53660000115633, 3012791.218699999153614 ], [ 3365545.536100000143051, 3012791.208299998193979 ], [ 3365545.176700003445148, 3012784.207699999213219 ], [ 3365544.835699997842312, 3012778.911200001835823 ], [ 3365544.514399997889996, 3012775.351199999451637 ], [ 3365544.177699998021126, 3012773.199299998581409 ], [ 3365543.63289999961853, 3012771.188000001013279 ], [ 3365542.875, 3012769.196800000965595 ], [ 3365541.903599999845028, 3012767.214600000530481 ], [ 3365539.562399998307228, 3012763.190000001341105 ], [ 3365538.372299998998642, 3012761.096000000834465 ], [ 3365537.190600000321865, 3012758.946699999272823 ], [ 3365535.941600002348423, 3012756.723299998790026 ], [ 3365534.310500003397465, 3012754.31810000166297 ], [ 3365532.242600001394749, 3012751.700399998575449 ], [ 3365529.728100001811981, 3012748.8926 ], [ 3365526.844099998474121, 3012745.946400001645088 ], [ 3365524.149400003254414, 3012743.432100001722574 ], [ 3365521.745300002396107, 3012741.466299999505281 ], [ 3365519.631300002336502, 3012740.038100000470877 ], [ 3365517.784599997103214, 3012739.11540000140667 ], [ 3365515.899400003254414, 3012738.293200001120567 ], [ 3365513.896700002253056, 3012737.475999999791384 ], [ 3365511.797899998724461, 3012736.662900000810623 ], [ 3365509.593299999833107, 3012735.876200001686811 ], [ 3365507.374300003051758, 3012735.255100000649691 ], [ 3365505.164499998092651, 3012734.853500001132488 ], [ 3365502.964400000870228, 3012734.682399999350309 ], [ 3365502.069499999284744, 3012734.697700001299381 ], [ 3365500.773199997842312, 3012734.719799999147654 ], [ 3365498.537299998104572, 3012734.715199999511242 ], [ 3365496.243900001049042, 3012734.614 ], [ 3365493.892499998211861, 3012734.405299998819828 ], [ 3365491.461800001561642, 3012734.089999999850988 ], [ 3365488.552799999713898, 3012733.849800001829863 ], [ 3365485.007299996912479, 3012733.735399998724461 ], [ 3365480.804899998009205, 3012733.76969999819994 ], [ 3365475.987800002098083, 3012733.939899999648333 ], [ 3365471.296999998390675, 3012734.0608000010252 ], [ 3365467.082099996507168, 3012734.051600001752377 ], [ 3365463.342600002884865, 3012733.901500001549721 ], [ 3365460.09009999781847, 3012733.631799999624491 ], [ 3365457.081299997866154, 3012733.307900000363588 ], [ 3365454.179300002753735, 3012732.979499999433756 ], [ 3365451.373400002717972, 3012732.646999999880791 ], [ 3365445.587999999523163, 3012731.92339999973774 ], [ 3365437.094700001180172, 3012730.907200001180172 ], [ 3365431.709399998188019, 3012730.28770000115037 ], [ 3365426.412399999797344, 3012729.730399999767542 ], [ 3365421.872100003063679, 3012729.361099999397993 ], [ 3365418.088899999856949, 3012729.1908 ], [ 3365415.083800002932549, 3012729.207600001245737 ], [ 3365412.438000001013279, 3012729.374200001358986 ], [ 3365409.732799999415874, 3012729.653299998492002 ], [ 3365406.979299999773502, 3012730.055300001055002 ], [ 3365404.187200002372265, 3012730.557900000363588 ], [ 3365401.408600002527237, 3012731.125900000333786 ], [ 3365398.7368, 3012731.689500000327826 ], [ 3365396.1824000030756, 3012732.247999999672174 ], [ 3365396.118500001728535, 3012732.262499999254942 ], [ 3365388.850299999117851, 3012733.909800000488758 ], [ 3365383.762900002300739, 3012735.026000000536442 ], [ 3365381.112499997019768, 3012735.588599998503923 ], [ 3365378.365900002419949, 3012736.155299998819828 ], [ 3365375.501900002360344, 3012736.727000001817942 ], [ 3365366.536100000143051, 3012738.457600001245737 ], [ 3365364.888700000941753, 3012738.783599998801947 ], [ 3365360.744000002741814, 3012739.60359999909997 ], [ 3365357.718400001525879, 3012740.149099998176098 ], [ 3365354.015500001609325, 3012740.613200001418591 ], [ 3365349.592500001192093, 3012740.997699998319149 ], [ 3365344.4712999984622, 3012741.312699999660254 ], [ 3365338.991300001740456, 3012741.488899998366833 ], [ 3365334.20719999819994, 3012741.42680000141263 ], [ 3365330.160800002515316, 3012741.102699998766184 ], [ 3365326.852600000798702, 3012740.527499999850988 ], [ 3365324.166599996387959, 3012739.739199999719858 ], [ 3365321.624399997293949, 3012738.812899999320507 ], [ 3365319.184399999678135, 3012737.772199999541044 ], [ 3365316.846600003540516, 3012736.617400001734495 ], [ 3365314.622500002384186, 3012735.369699999690056 ], [ 3365312.5581, 3012734.104400001466274 ], [ 3365310.643200002610683, 3012732.832699999213219 ], [ 3365308.90990000218153, 3012731.553300000727177 ], [ 3365307.272600002586842, 3012730.269999999552965 ], [ 3365305.517899997532368, 3012728.991500001400709 ], [ 3365303.592299997806549, 3012727.720300000160933 ], [ 3365301.517200000584126, 3012726.455400001257658 ], [ 3365299.293600000441074, 3012725.218699999153614 ], [ 3365297.105700001120567, 3012724.068500000983477 ], [ 3365294.97580000013113, 3012723.025800000876188 ], [ 3365292.915100000798702, 3012722.101199999451637 ], [ 3365290.901299998164177, 3012721.273499999195337 ], [ 3365288.945900000631809, 3012720.564300000667572 ], [ 3365287.059299997985363, 3012719.962200000882149 ], [ 3365285.219499997794628, 3012719.456999998539686 ], [ 3365283.449400000274181, 3012719.080899998545647 ], [ 3365281.783600002527237, 3012718.898200001567602 ], [ 3365280.245099999010563, 3012718.941199999302626 ], [ 3365278.811899997293949, 3012719.199499998241663 ], [ 3365277.483199998736382, 3012719.651399999856949 ], [ 3365276.103399999439716, 3012720.160500001162291 ], [ 3365274.606100000441074, 3012720.674499999731779 ], [ 3365273.002099998295307, 3012721.193 ], [ 3365271.302400000393391, 3012721.726500000804663 ], [ 3365269.577600002288818, 3012722.425999999046326 ], [ 3365267.86259999871254, 3012723.355999998748302 ], [ 3365266.156400002539158, 3012724.494600001722574 ], [ 3365262.680200003087521, 3012727.291200000792742 ], [ 3365260.793799996376038, 3012728.723299998790026 ], [ 3365258.811300002038479, 3012730.159400001168251 ], [ 3365256.710900001227856, 3012731.589400000870228 ], [ 3365254.650399997830391, 3012732.951900001615286 ], [ 3365252.70269999653101, 3012734.1996 ], [ 3365250.846500001847744, 3012735.333500001579523 ], [ 3365249.092000000178814, 3012736.342099998146296 ], [ 3365247.314800001680851, 3012737.318799998611212 ], [ 3365245.420100003480911, 3012738.300299998372793 ], [ 3365243.418600000441074, 3012739.286400001496077 ], [ 3365241.321000002324581, 3012740.276599999517202 ], [ 3365239.164499998092651, 3012741.137299999594688 ], [ 3365236.998700000345707, 3012741.778400000184774 ], [ 3365234.823100000619888, 3012742.189100001007318 ], [ 3365232.638400003314018, 3012742.380199998617172 ], [ 3365230.5, 3012742.404500000178814 ], [ 3365228.475000001490116, 3012742.324999999254942 ], [ 3365226.551600001752377, 3012742.120299998670816 ], [ 3365224.730400003492832, 3012741.801300000399351 ], [ 3365222.074000000953674, 3012740.956700000911951 ], [ 3365221.439800001680851, 3012740.704700000584126 ], [ 3365217.646200001239777, 3012739.197299998253584 ], [ 3365211.445900000631809, 3012736.5011 ], [ 3365203.484399996697903, 3012732.878600001335144 ], [ 3365195.134800001978874, 3012728.931600000709295 ], [ 3365188.09570000320673, 3012725.369199998676777 ], [ 3365182.37780000269413, 3012722.1908 ], [ 3365177.971000000834465, 3012719.407900001853704 ], [ 3365174.57379999756813, 3012716.978300001472235 ], [ 3365171.735600002110004, 3012714.865899998694658 ], [ 3365169.455399997532368, 3012713.048900000751019 ], [ 3365167.723899997770786, 3012711.560600001364946 ], [ 3365166.340999998152256, 3012710.222500000149012 ], [ 3365164.974799998104572, 3012708.773699998855591 ], [ 3365163.593400001525879, 3012707.215700000524521 ], [ 3365162.207800000905991, 3012705.558800000697374 ], [ 3365162.074600003659725, 3012705.386100001633167 ], [ 3365160.861100003123283, 3012703.812399998307228 ], [ 3365159.685400001704693, 3012702.058699999004602 ], [ 3365158.669699996709824, 3012700.298300001770258 ], [ 3365157.814300000667572, 3012698.531100001186132 ], [ 3365157.129699997603893, 3012696.756700001657009 ], [ 3365156.5945999994874, 3012694.975999999791384 ], [ 3365156.23030000180006, 3012693.188099998980761 ], [ 3365156.026199996471405, 3012691.393399998545647 ], [ 3365155.982299998402596, 3012689.592000000178814 ], [ 3365156.098600000143051, 3012687.7837999984622 ], [ 3365156.375, 3012685.968800000846386 ], [ 3365156.822200000286102, 3012684.146600000560284 ], [ 3365157.376299999654293, 3012682.320000000298023 ], [ 3365157.898299999535084, 3012680.494699999690056 ], [ 3365158.18469999730587, 3012679.388000000268221 ], [ 3365158.367299996316433, 3012678.682599999010563 ], [ 3365158.771899998188019, 3012676.862199999392033 ], [ 3365159.143899999558926, 3012675.032200001180172 ], [ 3365159.860200002789497, 3012671.219500001519918 ], [ 3365160.214599996805191, 3012669.225299999117851 ], [ 3365160.168399997055531, 3012667.116099998354912 ], [ 3365157.773599997162819, 3012664.611200001090765 ], [ 3365155.331200003623962, 3012663.171500001102686 ], [ 3365152.760399997234344, 3012661.655999999493361 ], [ 3365145.128899998962879, 3012658.250500001013279 ], [ 3365135.475100003182888, 3012654.578499998897314 ], [ 3365127.322599999606609, 3012651.755800001323223 ], [ 3365121.277699999511242, 3012649.954700000584126 ], [ 3365117.330200001597404, 3012649.186599999666214 ], [ 3365115.262000001966953, 3012649.350900001823902 ], [ 3365113.368699997663498, 3012649.8596 ], [ 3365111.335699997842312, 3012650.605099998414516 ], [ 3365109.141500003635883, 3012651.58839999884367 ], [ 3365106.785300001502037, 3012652.787399999797344 ], [ 3365104.193199999630451, 3012654.227200001478195 ], [ 3365101.343500003218651, 3012655.897900000214577 ], [ 3365098.225400000810623, 3012657.799800001084805 ], [ 3365094.88120000064373, 3012659.920099999755621 ], [ 3365091.739799998700619, 3012662.031899999827147 ], [ 3365088.916500002145767, 3012664.075300000607967 ], [ 3365086.421899996697903, 3012666.049899999052286 ], [ 3365084.2346, 3012667.956399999558926 ], [ 3365082.123499996960163, 3012669.892799999564886 ], [ 3365080.014700002968311, 3012671.884100001305342 ], [ 3365077.908600002527237, 3012673.941199999302626 ], [ 3365075.803999997675419, 3012676.031199999153614 ], [ 3365073.784299999475479, 3012678.106699999421835 ], [ 3365071.869000002741814, 3012680.122699998319149 ], [ 3365070.0471, 3012682.068900000303984 ], [ 3365068.33110000193119, 3012683.988600000739098 ], [ 3365066.164599999785423, 3012686.894900001585484 ], [ 3365063.311800003051758, 3012691.281599998474121 ], [ 3365059.761600002646446, 3012697.1382 ], [ 3365055.523699998855591, 3012704.442200001329184 ], [ 3365051.531400002539158, 3012711.482999999076128 ], [ 3365048.288099996745586, 3012717.260600000619888 ], [ 3365045.804799996316433, 3012721.785700000822544 ], [ 3365044.081699997186661, 3012725.058200001716614 ], [ 3365042.354400001466274, 3012728.231800001114607 ], [ 3365040.121500000357628, 3012732.097600001841784 ], [ 3365037.37219999730587, 3012736.655799999833107 ], [ 3365030.810900002717972, 3012747.2027000002563 ], [ 3365027.881099998950958, 3012752.043499998748302 ], [ 3365025.306400001049042, 3012756.429499998688698 ], [ 3365023.086499996483326, 3012760.349599998444319 ], [ 3365018.153499998152256, 3012769.6842 ], [ 3365015.602799996733665, 3012775.65260000154376 ], [ 3365013.559600003063679, 3012780.719799999147654 ], [ 3365012.023100003600121, 3012784.864100001752377 ], [ 3365010.983300000429153, 3012788.107700001448393 ], [ 3365010.275100000202656, 3012790.842500001192093 ], [ 3365009.663000002503395, 3012793.57319999858737 ], [ 3365009.16780000180006, 3012796.288100000470877 ], [ 3365008.780000001192093, 3012799.009399998933077 ], [ 3365008.497000001370907, 3012801.682300001382828 ], [ 3365008.316200003027916, 3012804.240899998694658 ], [ 3365008.248199999332428, 3012806.684799998998642 ], [ 3365008.271200001239777, 3012809.003899998962879 ], [ 3365008.407499998807907, 3012811.219200000166893 ], [ 3365008.634800001978874, 3012813.309799998998642 ], [ 3365008.974899999797344, 3012815.285700000822544 ], [ 3365009.417199999094009, 3012817.147199999541044 ], [ 3365009.995899997651577, 3012818.948100000619888 ], [ 3365010.800800003111362, 3012820.783399999141693 ], [ 3365011.811300002038479, 3012822.675999999046326 ], [ 3365013.048299998044968, 3012824.614 ], [ 3365014.462700001895428, 3012826.445500001311302 ], [ 3365015.976999998092651, 3012827.855000000447035 ], [ 3365017.568800002336502, 3012828.821400001645088 ], [ 3365019.259099997580051, 3012829.332800000905991 ], [ 3365021.042700000107288, 3012829.52140000090003 ], [ 3365022.937299996614456, 3012829.804299999028444 ], [ 3365024.953900001943111, 3012830.19200000166893 ], [ 3365029.274599999189377, 3012831.186200000345707 ], [ 3365031.476000003516674, 3012831.3902000002563 ], [ 3365033.663099996745586, 3012831.253899998962879 ], [ 3365035.836300000548363, 3012830.78830000013113 ], [ 3365038.01969999819994, 3012830.058400001376867 ], [ 3365040.303000003099442, 3012829.412300001829863 ], [ 3365042.697599999606609, 3012828.871399998664856 ], [ 3365045.203699998557568, 3012828.435699999332428 ], [ 3365047.902400001883507, 3012828.002999998629093 ], [ 3365051.181000001728535, 3012827.116900000721216 ], [ 3365055.089599996805191, 3012825.698399998247623 ], [ 3365059.618100002408028, 3012823.75899999961257 ], [ 3365064.694399997591972, 3012821.367600001394749 ], [ 3365069.857500001788139, 3012819.00560000166297 ], [ 3365075.0253000035882, 3012816.7533 ], [ 3365080.187399998307228, 3012814.62220000103116 ], [ 3365085.289700001478195, 3012812.592599999159575 ], [ 3365089.754100002348423, 3012810.655900001525879 ], [ 3365093.451999999582767, 3012808.806499999016523 ], [ 3365096.404399998486042, 3012807.032499998807907 ], [ 3365098.676600001752377, 3012805.36430000141263 ], [ 3365100.955200001597404, 3012803.849700000137091 ], [ 3365103.400600001215935, 3012802.48200000077486 ], [ 3365106.012999996542931, 3012801.272199999541044 ], [ 3365108.771200001239777, 3012800.221099998801947 ], [ 3365111.488099999725819, 3012799.204799998551607 ], [ 3365114.098200000822544, 3012798.193 ], [ 3365116.590800002217293, 3012797.186200000345707 ], [ 3365118.987899996340275, 3012796.194400001317263 ], [ 3365121.313400000333786, 3012795.282600000500679 ], [ 3365123.60080000013113, 3012794.482299998402596 ], [ 3365125.829300001263618, 3012793.805500000715256 ], [ 3365128.008500002324581, 3012793.229800000786781 ], [ 3365130.224899999797344, 3012792.773400001227856 ], [ 3365132.498800002038479, 3012792.413499999791384 ], [ 3365134.831200003623962, 3012792.172200001776218 ], [ 3365137.211000002920628, 3012792.038699999451637 ], [ 3365139.584700003266335, 3012792.015500001609325 ], [ 3365141.909599997103214, 3012792.104400001466274 ], [ 3365144.186300002038479, 3012792.316199999302626 ], [ 3365146.413699999451637, 3012792.629000000655651 ], [ 3365148.550200000405312, 3012793.066599998623133 ], [ 3365150.584399998188019, 3012793.618599999696016 ], [ 3365152.516099996864796, 3012794.273699998855591 ], [ 3365154.346100002527237, 3012795.054200001060963 ], [ 3365156.074000000953674, 3012795.948899999260902 ], [ 3365157.699699997901917, 3012796.957899998873472 ], [ 3365159.223700001835823, 3012798.092099998146296 ], [ 3365160.634400002658367, 3012799.329999998211861 ], [ 3365162.2483000010252, 3012802.087799999862909 ], [ 3365164.294699996709824, 3012807.488299999386072 ], [ 3365166.774300001561642, 3012815.553399998694658 ], [ 3365169.69709999859333, 3012826.26069999858737 ], [ 3365172.744800001382828, 3012836.885800000280142 ], [ 3365175.629799999296665, 3012844.6699 ], [ 3365178.331699997186661, 3012849.635899998247623 ], [ 3365180.860200002789497, 3012851.761300001293421 ], [ 3365183.246399998664856, 3012852.287399999797344 ], [ 3365185.521200001239777, 3012852.708200000226498 ], [ 3365187.673799999058247, 3012853.02419999986887 ], [ 3365191.637500002980232, 3012853.417700000107288 ], [ 3365193.404899999499321, 3012853.728000000119209 ], [ 3365195.005599997937679, 3012854.144200000911951 ], [ 3365196.440499998629093, 3012854.688400000333786 ], [ 3365197.750600002706051, 3012855.314899999648333 ], [ 3365198.942699998617172, 3012855.9353 ], [ 3365200.028499998152256, 3012856.571199998259544 ], [ 3365201.007100000977516, 3012857.2007 ], [ 3365201.924800001084805, 3012857.909699998795986 ], [ 3365202.841099999845028, 3012858.838599998503923 ], [ 3365203.766699999570847, 3012859.987100001424551 ], [ 3365204.70160000026226, 3012861.355099998414516 ], [ 3365205.609999999403954, 3012862.856100000441074 ], [ 3365206.407399997115135, 3012864.262899998575449 ], [ 3365207.093400001525879, 3012865.564399998635054 ], [ 3365207.667599998414516, 3012866.749699998646975 ], [ 3365208.16610000282526, 3012867.916200000792742 ], [ 3365208.662699997425079, 3012869.291700001806021 ], [ 3365209.168499998748302, 3012870.886700000613928 ], [ 3365209.683700002729893, 3012872.701200000941753 ], [ 3365210.135200001299381, 3012874.782299999147654 ], [ 3365210.303400002419949, 3012877.249200001358986 ], [ 3365210.167999997735023, 3012880.124800000339746 ], [ 3365209.717799998819828, 3012883.398499999195337 ], [ 3365209.021099999547005, 3012886.913499999791384 ], [ 3365208.277099996805191, 3012890.067600000649691 ], [ 3365207.513999998569489, 3012892.771800000220537 ], [ 3365206.73200000077486, 3012895.02589999884367 ], [ 3365205.933799996972084, 3012896.895799998193979 ], [ 3365205.131899997591972, 3012898.677999999374151 ], [ 3365204.327600002288818, 3012900.405200000852346 ], [ 3365203.520599998533726, 3012902.066599998623133 ], [ 3365202.702399998903275, 3012903.717500001192093 ], [ 3365201.848999999463558, 3012905.545800000429153 ], [ 3365200.951800003647804, 3012907.606800001114607 ], [ 3365200.011, 3012909.900600001215935 ], [ 3365199.03490000218153, 3012912.371800001710653 ], [ 3365198.154899999499321, 3012914.839000001549721 ], [ 3365197.368699997663498, 3012917.24720000103116 ], [ 3365196.686499997973442, 3012919.585099998861551 ], [ 3365196.068400003015995, 3012921.920200001448393 ], [ 3365195.042099997401237, 3012924.723400000482798 ], [ 3365193.494400002062321, 3012928.098400000482798 ], [ 3365191.436099998652935, 3012932.044700000435114 ], [ 3365186.328900001943111, 3012941.056699998676777 ], [ 3365183.862000003457069, 3012945.460099998861551 ], [ 3365181.507799997925758, 3012949.748700000345707 ], [ 3365179.257700003683567, 3012953.967000000178814 ], [ 3365177.3125, 3012958.821199998259544 ], [ 3365175.725100003182888, 3012964.550900001078844 ], [ 3365174.505800001323223, 3012971.14469999819994 ], [ 3365173.651799999177456, 3012978.536800000816584 ], [ 3365173.270499996840954, 3012984.963300000876188 ], [ 3365173.417199999094009, 3012989.70719999819994 ], [ 3365174.080300003290176, 3012992.747000001370907 ], [ 3365175.272299997508526, 3012994.1261 ], [ 3365176.652500003576279, 3012994.892499998211861 ], [ 3365178.092000000178814, 3012995.546500001102686 ], [ 3365179.569600000977516, 3012996.088899999856949 ], [ 3365181.106200002133846, 3012996.50789999961853 ], [ 3365182.688799999654293, 3012996.7489 ], [ 3365184.315099999308586, 3012996.75730000063777 ], [ 3365185.975199997425079, 3012996.555300001055002 ], [ 3365187.6897, 3012996.120099999010563 ], [ 3365189.419100001454353, 3012995.530299998819828 ], [ 3365191.143799997866154, 3012994.830800000578165 ], [ 3365192.863399997353554, 3012994.010499998927116 ], [ 3365194.578900001943111, 3012993.091499999165535 ], [ 3365197.593999996781349, 3012990.523299999535084 ], [ 3365202.980200000107288, 3012985.084100000560284 ], [ 3365210.737099997699261, 3012976.763000000268221 ], [ 3365220.854099996387959, 3012965.560499999672174 ], [ 3365231.246500000357628, 3012954.291299998760223 ], [ 3365239.796899996697903, 3012945.760800000280142 ], [ 3365246.51690000295639, 3012939.990499999374151 ], [ 3365251.405799999833107, 3012936.958399999886751 ], [ 3365255.002899996936321, 3012935.509100001305342 ], [ 3365256.704199999570847, 3012934.746100001037121 ], [ 3365257.952799998223782, 3012934.186099998652935 ], [ 3365260.256499998271465, 3012933.011399999260902 ], [ 3365261.913500003516674, 3012931.973799999803305 ], [ 3365263.32769999653101, 3012931.012499999254942 ], [ 3365265.051600001752377, 3012930.038199998438358 ], [ 3365267.10639999806881, 3012929.049800001084805 ], [ 3365269.481600001454353, 3012928.048000000417233 ], [ 3365272.116700001060963, 3012927.123100001364946 ], [ 3365274.856799997389317, 3012926.402800001204014 ], [ 3365277.723999999463558, 3012925.907999999821186 ], [ 3365280.706799998879433, 3012925.617199998348951 ] ] ], [ [ [ 3369206.228200003504753, 3014601.695599999278784 ], [ 3369219.418499998748302, 3014597.942899998277426 ], [ 3369236.597800001502037, 3014599.3733000010252 ], [ 3369244.887299999594688, 3014600.063499998301268 ], [ 3369254.143500000238419, 3014599.411499999463558 ], [ 3369263.253799997270107, 3014596.302700001746416 ], [ 3369274.434500001370907, 3014587.9835 ], [ 3369284.8445999994874, 3014574.803800001740456 ], [ 3369287.469300001859665, 3014563.940699998289347 ], [ 3369284.908699996769428, 3014551.590700000524521 ], [ 3369272.35530000180006, 3014523.736000001430511 ], [ 3369271.500699996948242, 3014521.839699998497963 ], [ 3369255.555799998342991, 3014497.395700000226498 ], [ 3369254.132500000298023, 3014495.884300000965595 ], [ 3369245.246399998664856, 3014486.448100000619888 ], [ 3369234.618100002408028, 3014481.671100001782179 ], [ 3369218.289899997413158, 3014478.441599998623133 ], [ 3369198.698600001633167, 3014469.576499998569489 ], [ 3369185.961999997496605, 3014466.668600000441074 ], [ 3369183.645199999213219, 3014466.139600001275539 ], [ 3369173.189900003373623, 3014460.387899998575449 ], [ 3369164.347599998116493, 3014452.292500000447035 ], [ 3369157.436499997973442, 3014448.932 ], [ 3369134.065999999642372, 3014444.315600000321865 ], [ 3369120.772299997508526, 3014439.485599998384714 ], [ 3369114.475299999117851, 3014435.478199999779463 ], [ 3369113.299999997019768, 3014434.730200000107288 ], [ 3369106.879199996590614, 3014428.270599998533726 ], [ 3369093.226899996399879, 3014402.905799999833107 ], [ 3369083.249499998986721, 3014392.483199998736382 ], [ 3369066.29559999704361, 3014385.589699998497963 ], [ 3369057.069799996912479, 3014381.838500000536442 ], [ 3369041.171599999070168, 3014368.464699998497963 ], [ 3369034.569200001657009, 3014364.816399998962879 ], [ 3369028.883699998259544, 3014363.64750000089407 ], [ 3369010.991700001060963, 3014363.936200000345707 ], [ 3368983.854699999094009, 3014404.414799999445677 ], [ 3368970.473800003528595, 3014442.38120000064373 ], [ 3368956.803999997675419, 3014470.145399998873472 ], [ 3368955.944899998605251, 3014479.241300001740456 ], [ 3368959.994800001382828, 3014489.351799998432398 ], [ 3368968.890799999237061, 3014499.489799998700619 ], [ 3369018.481799997389317, 3014526.183600001037121 ], [ 3369028.982199996709824, 3014535.814599998295307 ], [ 3369035.216300003230572, 3014544.964800000190735 ], [ 3369040.89299999922514, 3014558.162599999457598 ], [ 3369044.535899996757507, 3014575.656700000166893 ], [ 3369044.396999999880791, 3014630.483600001782179 ], [ 3369045.563199996948242, 3014640.693 ], [ 3369052.167099997401237, 3014646.419300001114607 ], [ 3369061.60080000013113, 3014651.5320999994874 ], [ 3369078.673600003123283, 3014655.686799999326468 ], [ 3369104.246399998664856, 3014653.404699999839067 ], [ 3369122.16669999808073, 3014649.533700000494719 ], [ 3369138.22749999910593, 3014646.064300000667572 ], [ 3369140.887599997222424, 3014643.808200001716614 ], [ 3369154.142800003290176, 3014632.565699998289347 ], [ 3369175.722199998795986, 3014623.8103 ], [ 3369195.476000003516674, 3014607.478999998420477 ], [ 3369206.228200003504753, 3014601.695599999278784 ] ] ], [ [ [ 3369537.065399996936321, 3015457.046700000762939 ], [ 3369542.548100002110004, 3015456.959800001233816 ], [ 3369544.115099996328354, 3015457.092000000178814 ], [ 3369545.643799997866154, 3015456.566199999302626 ], [ 3369548.431999996304512, 3015452.920000001788139 ], [ 3369554.558300003409386, 3015450.838100001215935 ], [ 3369561.379799999296665, 3015444.164299998432398 ], [ 3369574.178900003433228, 3015433.644600000232458 ], [ 3369581.072899997234344, 3015426.91270000115037 ], [ 3369593.020099997520447, 3015415.461199998855591 ], [ 3369604.119499996304512, 3015404.957800000905991 ], [ 3369615.256999999284744, 3015395.36540000140667 ], [ 3369626.35639999806881, 3015384.862100001424551 ], [ 3369637.494000002741814, 3015375.269600000232458 ], [ 3369648.669799998402596, 3015366.588199999183416 ], [ 3369660.731600001454353, 3015357.869699999690056 ], [ 3369671.021300002932549, 3015349.225400000810623 ], [ 3369683.083200000226498, 3015340.506799999624491 ], [ 3369694.297200001776218, 3015332.736400000751019 ], [ 3369706.359099999070168, 3015324.017900001257658 ], [ 3369732.484300002455711, 3015311.97239999845624 ], [ 3369747.433600001037121, 3015308.608300000429153 ], [ 3369761.534999996423721, 3015306.192299999296665 ], [ 3369775.712700001895428, 3015305.598299998790026 ], [ 3369790.891000002622604, 3015307.700100000947714 ], [ 3369804.2971, 3015309.8761 ], [ 3369818.589299999177456, 3015312.015000000596046 ], [ 3369832.033600002527237, 3015315.102000001817942 ], [ 3369844.591700002551079, 3015318.226199999451637 ], [ 3369857.9978, 3015320.402300000190735 ], [ 3369868.669299997389317, 3015320.867800001055002 ], [ 3369879.264399997889996, 3015319.511399999260902 ], [ 3369887.972800001502037, 3015315.496300000697374 ], [ 3369894.832699999213219, 3015309.733600001782179 ], [ 3369900.730200000107288, 3015302.186000000685453 ], [ 3369908.828100003302097, 3015283.595400001853704 ], [ 3369911.990900002419949, 3015274.33729999884963 ], [ 3369916.039800003170967, 3015265.041999999433756 ], [ 3369919.164499998092651, 3015254.872900001704693 ], [ 3369922.327399998903275, 3015245.614700000733137 ], [ 3369923.763700000941753, 3015241.860300000756979 ], [ 3369925.528399996459484, 3015237.267499998211861 ], [ 3369928.691299997270107, 3015228.009399998933077 ], [ 3369932.740299999713898, 3015218.714099999517202 ], [ 3369935.941299997270107, 3015210.366900000721216 ], [ 3369950.975599996745586, 3015187.835499998182058 ], [ 3369956.873099997639656, 3015180.287999998778105 ], [ 3369960.960299998521805, 3015171.9037000015378 ], [ 3369963.313400000333786, 3015164.504599999636412 ], [ 3369963.008100003004074, 3015157.21680000051856 ], [ 3369961.816799998283386, 3015149.966099999845028 ], [ 3369957.967000000178814, 3015142.8268 ], [ 3369952.383199997246265, 3015136.672699999064207 ], [ 3369945.91330000013113, 3015130.555700000375509 ], [ 3369940.867200002074242, 3015128.223499998450279 ], [ 3369938.671800002455711, 3015127.208799999207258 ], [ 3369931.391999997198582, 3015122.950800001621246 ], [ 3369924.226800002157688, 3015121.425799999386072 ], [ 3369916.175399996340275, 3015119.938000001013279 ], [ 3369901.692199997603893, 3015113.244100000709295 ], [ 3369896.146499998867512, 3015108.000999998301268 ], [ 3369891.410700000822544, 3015100.898800000548363 ], [ 3369890.430399999022484, 3015099.296900000423193 ], [ 3369887.59910000115633, 3015094.670400001108646 ], [ 3369876.049800001084805, 3015073.252500001341105 ], [ 3369870.465899996459484, 3015067.098499998450279 ], [ 3369864.925200000405312, 3015061.859999999403954 ], [ 3369864.920199997723103, 3015061.85530000180006 ], [ 3369852.209200002253056, 3015055.08729999884963 ], [ 3369845.005699999630451, 3015052.651299998164177 ], [ 3369837.24040000140667, 3015049.568199999630451 ], [ 3369827.100599996745586, 3015049.289299998432398 ], [ 3369821.294399999082088, 3015049.059799998998642 ], [ 3369815.925700001418591, 3015048.042300000786781 ], [ 3369812.799999997019768, 3015046.69990000128746 ], [ 3369811.875699996948242, 3015045.826099999248981 ], [ 3369809.324000000953674, 3015042.61259999871254 ], [ 3369807.178000003099442, 3015039.6349 ], [ 3369805.291199997067451, 3015036.976199999451637 ], [ 3369803.512999996542931, 3015034.609900001436472 ], [ 3369801.517700001597404, 3015031.658900000154972 ], [ 3369799.55460000038147, 3015027.178300000727177 ], [ 3369798.425300002098083, 3015019.111400000751019 ], [ 3369798.057899996638298, 3015012.639800000935793 ], [ 3369798.226400002837181, 3015010.279899999499321 ], [ 3369798.610600002110004, 3015006.943300001323223 ], [ 3369799.410300001502037, 3015002.5449 ], [ 3369809.157700002193451, 3015002.136500000953674 ], [ 3369814.359899997711182, 3014999.180799998342991 ], [ 3369820.48650000244379, 3014997.098999999463558 ], [ 3369824.314000003039837, 3014993.672800000756979 ], [ 3369824.764499999582767, 3014993.269499998539686 ], [ 3369831.700800001621246, 3014989.328600000590086 ], [ 3369838.789800003170967, 3014989.031599998474121 ], [ 3369840.256800003349781, 3014981.669599998742342 ], [ 3369842.60980000346899, 3014974.270399998873472 ], [ 3369843.228799998760223, 3014967.856499999761581 ], [ 3369842.037399999797344, 3014960.605799999088049 ], [ 3369839.708499997854233, 3014956.287000000476837 ], [ 3369839.149999998509884, 3014955.251299999654293 ], [ 3369835.33839999884367, 3014949.022999998182058 ], [ 3369830.6787, 3014943.742800001055002 ], [ 3369824.32320000231266, 3014940.35869999974966 ], [ 3369818.005800001323223, 3014937.885600000619888 ], [ 3369810.916799999773502, 3014938.182599999010563 ], [ 3369805.714500002563, 3014941.138300001621246 ], [ 3369798.740000002086163, 3014944.168200001120567 ], [ 3369791.727300003170967, 3014946.287200000137091 ], [ 3369785.600699998438358, 3014948.368999999016523 ], [ 3369777.701899997889996, 3014950.525100000202656 ], [ 3369763.600199997425079, 3014952.941100001335144 ], [ 3369758.436099998652935, 3014956.807700000703335 ], [ 3369755.082400001585484, 3014961.511100001633167 ], [ 3369753.577299997210503, 3014967.962200000882149 ], [ 3369753.034699998795986, 3014976.198100000619888 ], [ 3369751.529600001871586, 3014982.64919999986887 ], [ 3369748.252300001680851, 3014989.174499999731779 ], [ 3369742.278399996459484, 3014994.900199998170137 ], [ 3369736.266400001943111, 3014999.714999999850988 ], [ 3369728.405799999833107, 3015002.7820999994874 ], [ 3369710.912299998104572, 3015008.990499999374151 ], [ 3369702.127400003373623, 3015011.183800000697374 ], [ 3369693.266199998557568, 3015011.555100001394749 ], [ 3369685.252899996936321, 3015010.978300001472235 ], [ 3369677.125, 3015007.668600000441074 ], [ 3369669.845200002193451, 3015003.410700000822544 ], [ 3369663.375100001692772, 3014997.2939000017941 ], [ 3369656.943199999630451, 3014992.087900001555681 ], [ 3369649.625100001692772, 3014986.919199999421835 ], [ 3369641.497299998998642, 3014983.609499998390675 ], [ 3369633.445799998939037, 3014982.1217 ], [ 3369625.432499997317791, 3014981.545000001788139 ], [ 3369616.647600002586842, 3014983.738299999386072 ], [ 3369610.559199996292591, 3014986.731100000441074 ], [ 3369604.547200001776218, 3014991.546 ], [ 3369599.459499999880791, 3014997.2346 ], [ 3369595.258000001311302, 3015002.886100001633167 ], [ 3369590.132100000977516, 3015007.663800001144409 ], [ 3369584.968099996447563, 3015011.530499998480082 ], [ 3369579.842200003564358, 3015016.308200001716614 ], [ 3369572.905900001525879, 3015020.249200001358986 ], [ 3369565.083499997854233, 3015024.227400001138449 ], [ 3369557.222999997437, 3015027.29450000077486 ], [ 3369549.400600001215935, 3015031.272700000554323 ], [ 3369540.653899997472763, 3015034.377000000327826 ], [ 3369533.717600002884865, 3015038.318 ], [ 3369525.895300000905991, 3015042.29619999974966 ], [ 3369517.148599997162819, 3015045.400499999523163 ], [ 3369490.793999999761581, 3015051.980599999427795 ], [ 3369481.084799997508526, 3015053.30009999871254 ], [ 3369472.376400001347065, 3015057.315499998629093 ], [ 3369458.580300003290176, 3015067.019499998539686 ], [ 3369453.568999998271465, 3015074.530099999159575 ], [ 3369450.3301, 3015081.966499999165535 ], [ 3369449.787600003182888, 3015090.202399998903275 ], [ 3369450.398599997162819, 3015104.777899999171495 ], [ 3369448.893700003623962, 3015111.228999998420477 ], [ 3369445.616499997675419, 3015117.7544 ], [ 3369441.415100000798702, 3015123.405900001525879 ], [ 3369435.517700001597404, 3015130.953699998557568 ], [ 3369431.316299997270107, 3015136.60530000180006 ], [ 3369427.191200003027916, 3015144.07880000025034 ], [ 3369423.913999997079372, 3015150.604200001806021 ], [ 3369420.67509999871254, 3015158.040500000119209 ], [ 3369418.322300001978874, 3015165.4397 ], [ 3369416.893700003623962, 3015173.712699998170137 ], [ 3369414.579099997878075, 3015182.022900000214577 ], [ 3369411.378300003707409, 3015190.370200000703335 ], [ 3369409.063699997961521, 3015198.680399999022484 ], [ 3369406.710900001227856, 3015206.079599998891354 ], [ 3369403.510099999606609, 3015214.426899999380112 ], [ 3369402.043399997055531, 3015221.788899999111891 ], [ 3369401.4628000035882, 3015229.113800000399351 ], [ 3369402.654500000178814, 3015236.364399999380112 ], [ 3369404.693999998271465, 3015242.666900001466274 ], [ 3369409.315499998629093, 3015247.035999998450279 ], [ 3369413.898800000548363, 3015250.494100000709295 ], [ 3369424.76129999756813, 3015255.514199998229742 ], [ 3369429.382799997925758, 3015259.883299998939037 ], [ 3369432.232100002467632, 3015264.326699998229742 ], [ 3369431.613300003111362, 3015270.740600001066923 ], [ 3369430.070200003683567, 3015276.280699998140335 ], [ 3369427.679200001060963, 3015282.768899999558926 ], [ 3369423.439599998295307, 3015287.509500000625849 ], [ 3369418.39019999653101, 3015294.109099999070168 ], [ 3369413.302699998021126, 3015299.797800000756979 ], [ 3369409.139499999582767, 3015306.360300000756979 ], [ 3369404.938100002706051, 3015312.011900000274181 ], [ 3369398.383900001645088, 3015325.062600001692772 ], [ 3369396.879100002348423, 3015331.513700000941753 ], [ 3369395.336000002920628, 3015337.0537 ], [ 3369394.678999997675419, 3015342.556699998676777 ], [ 3369394.946400001645088, 3015348.933499999344349 ], [ 3369394.251199997961521, 3015353.525400001555681 ], [ 3369391.860200002789497, 3015360.013599999248981 ], [ 3369385.306100003421307, 3015373.064300000667572 ], [ 3369381.990800000727177, 3015378.6787 ], [ 3369377.827600002288818, 3015385.2412 ], [ 3369373.626299999654293, 3015390.892799999564886 ], [ 3369368.576999999582767, 3015397.492400001734495 ], [ 3369363.489600002765656, 3015403.181099999696016 ], [ 3369360.1743, 3015408.795499999076128 ], [ 3369358.66950000077486, 3015415.246599998325109 ], [ 3369358.860399998724461, 3015419.801399998366833 ], [ 3369360.8618, 3015425.192899998277426 ], [ 3369364.597199998795986, 3015429.59910000115633 ], [ 3369369.218599997460842, 3015433.968100000172853 ], [ 3369372.954000003635883, 3015438.374400001019239 ], [ 3369382.196900002658367, 3015447.112500000745058 ], [ 3369385.932199999690056, 3015451.518699999898672 ], [ 3369390.591899998486042, 3015456.798799999058247 ], [ 3369394.327200002968311, 3015461.204999998211861 ], [ 3369398.948700003325939, 3015465.574099998921156 ], [ 3369403.531900003552437, 3015469.032200001180172 ], [ 3369419.710799999535084, 3015473.829300001263618 ], [ 3369437.623700000345707, 3015477.641199998557568 ], [ 3369451.029700003564358, 3015479.8169 ], [ 3369474.221000000834465, 3015482.495000001043081 ], [ 3369481.386100001633167, 3015484.019799999892712 ], [ 3369483.378499999642372, 3015484.19029999896884 ], [ 3369488.802699998021126, 3015484.654399998486042 ], [ 3369495.601899996399879, 3015484.336399998515844 ], [ 3369507.9309, 3015481.9945 ], [ 3369513.094700001180172, 3015478.12779999896884 ], [ 3369525.928000003099442, 3015466.639199998229742 ], [ 3369528.471699997782707, 3015463.794799998402596 ], [ 3369531.053599998354912, 3015461.8614999987185 ], [ 3369537.065399996936321, 3015457.046700000762939 ] ] ], [ [ [ 3369472.51519999653101, 3015679.833700001239777 ], [ 3369480.490299999713898, 3015678.4879 ], [ 3369500.179799996316433, 3015678.509199999272823 ], [ 3369514.5176, 3015676.896699998527765 ], [ 3369522.184199996292591, 3015674.057500001043081 ], [ 3369529.616599999368191, 3015668.182700000703335 ], [ 3369534.322800002992153, 3015661.817400000989437 ], [ 3369536.7820999994874, 3015654.919599998742342 ], [ 3369536.343900002539158, 3015651.353700000792742 ], [ 3369534.910599999129772, 3015646.499099999666214 ], [ 3369532.367700003087521, 3015643.241300001740456 ], [ 3369528.911700002849102, 3015640.648499999195337 ], [ 3369523.453299999237061, 3015640.294599998742342 ], [ 3369511.171099998056889, 3015643.239199999719858 ], [ 3369507.327799998223782, 3015643.653200000524521 ], [ 3369504.513899996876717, 3015642.858600001782179 ], [ 3369481.482199996709824, 3015632.499499998986721 ], [ 3369472.812100000679493, 3015631.55460000038147 ], [ 3369453.08219999819994, 3015632.86540000140667 ], [ 3369439.709899999201298, 3015635.0641999989748 ], [ 3369427.581200003623962, 3015637.331799998879433 ], [ 3369423.263899996876717, 3015640.217500001192093 ], [ 3369419.935599997639656, 3015644.754900000989437 ], [ 3369416.846600003540516, 3015649.897999998182058 ], [ 3369415.209499999880791, 3015657.530999999493361 ], [ 3369415.371200002729893, 3015662.153000000864267 ], [ 3369415.892200000584126, 3015665.396499998867512 ], [ 3369417.803300000727177, 3015669.912200000137091 ], [ 3369421.107699997723103, 3015674.754299998283386 ], [ 3369425.612899996340275, 3015679.666900001466274 ], [ 3369432.369400002062321, 3015683.94649999961257 ], [ 3369440.527500003576279, 3015685.946400001645088 ], [ 3369456.261200003325939, 3015685.484700001776218 ], [ 3369466.454000003635883, 3015682.957400001585484 ], [ 3369472.51519999653101, 3015679.833700001239777 ] ] ], [ [ [ 3369620.576300002634525, 3018981.833399999886751 ], [ 3369615.935500003397465, 3018966.0099 ], [ 3369610.181599996984005, 3018948.627999998629093 ], [ 3369604.917499996721745, 3018934.259799998253584 ], [ 3369600.237899996340275, 3018923.121399998664856 ], [ 3369596.131999999284744, 3018915.212999999523163 ], [ 3369592.408399999141693, 3018910.048099998384714 ], [ 3369587.864500001072884, 3018904.697599999606609 ], [ 3369582.308300003409386, 3018898.664099998772144 ], [ 3369575.74099999666214, 3018891.98030000180006 ], [ 3369568.172200001776218, 3018884.6129 ], [ 3369559.482299998402596, 3018876.775699999183416 ], [ 3369549.652000002563, 3018868.513700000941753 ], [ 3369538.681599996984005, 3018859.837699998170137 ], [ 3369526.560400001704693, 3018850.748199999332428 ], [ 3369514.026199996471405, 3018841.752999998629093 ], [ 3369501.818000003695488, 3018833.392799999564886 ], [ 3369489.924699999392033, 3018825.657000001519918 ], [ 3369478.346600003540516, 3018818.556699998676777 ], [ 3369467.014799997210503, 3018811.973700001835823 ], [ 3369455.716300003230572, 3018805.675200000405312 ], [ 3369444.440399996936321, 3018799.66160000115633 ], [ 3369433.186700001358986, 3018793.921999998390675 ], [ 3369421.990000002086163, 3018788.520700000226498 ], [ 3369410.980899997055531, 3018783.771200001239777 ], [ 3369400.20549999922514, 3018779.748599998652935 ], [ 3369389.652099996805191, 3018776.431200001388788 ], [ 3369379.35360000282526, 3018773.839699998497963 ], [ 3369370.078699998557568, 3018771.9419 ], [ 3369362.126500003039837, 3018770.736299999058247 ], [ 3369355.507799997925758, 3018770.222199998795986 ], [ 3369350.201200000941753, 3018770.400800000876188 ], [ 3369345.680100001394749, 3018771.2060999982059 ], [ 3369341.36429999768734, 3018772.574400000274181 ], [ 3369337.2544, 3018774.516800001263618 ], [ 3369333.370700001716614, 3018777.010299999266863 ], [ 3369329.742600001394749, 3018779.9879 ], [ 3369326.531599998474121, 3018783.222899999469519 ], [ 3369323.726999998092651, 3018786.715599998831749 ], [ 3369321.349200002849102, 3018790.443300001323223 ], [ 3369319.337499998509884, 3018794.485500000417233 ], [ 3369317.479699999094009, 3018799.136900000274181 ], [ 3369315.73480000346899, 3018804.44310000166297 ], [ 3369314.103399999439716, 3018810.415300000458956 ], [ 3369312.594400003552437, 3018817.008900001645088 ], [ 3369311.403200000524521, 3018823.534299999475479 ], [ 3369310.624200001358986, 3018829.690499998629093 ], [ 3369310.257500000298023, 3018835.477699998766184 ], [ 3369310.293200001120567, 3018840.918200001120567 ], [ 3369310.687200002372265, 3018846.23369999974966 ], [ 3369311.38740000128746, 3018851.712200000882149 ], [ 3369312.382200002670288, 3018857.332400001585484 ], [ 3369313.693099997937679, 3018863.093199998140335 ], [ 3369315.115000002086163, 3018869.464899998158216 ], [ 3369316.223700001835823, 3018877.542899999767542 ], [ 3369316.978100001811981, 3018887.3728 ], [ 3369317.389399997889996, 3018898.964999999850988 ], [ 3369317.553900003433228, 3018911.809999998658895 ], [ 3369318.102700002491474, 3018922.857799999415874 ], [ 3369319.143299996852875, 3018931.609200000762939 ], [ 3369320.664599999785423, 3018938.053800001740456 ], [ 3369322.69200000166893, 3018942.289299998432398 ], [ 3369325.6858000010252, 3018945.857700001448393 ], [ 3369329.844300001859665, 3018949.410199999809265 ], [ 3369335.156999997794628, 3018952.947299998253584 ], [ 3369341.624200001358986, 3018956.480000000447035 ], [ 3369349.998599998652935, 3018952.204 ], [ 3369356.834200002253056, 3018947.9485 ], [ 3369362.120300002396107, 3018943.714099999517202 ], [ 3369365.867700003087521, 3018939.500199999660254 ], [ 3369368.556900002062321, 3018935.550599999725819 ], [ 3369371.366899996995926, 3018932.442400000989437 ], [ 3369374.352399997413158, 3018930.206399999558926 ], [ 3369377.502899996936321, 3018928.842999998480082 ], [ 3369380.815499998629093, 3018928.286299999803305 ], [ 3369384.157200001180172, 3018928.168200001120567 ], [ 3369387.493199996650219, 3018928.424100000411272 ], [ 3369390.834200002253056, 3018929.05350000038743 ], [ 3369394.180200003087521, 3018930.056600000709295 ], [ 3369397.46339999884367, 3018931.348099999129772 ], [ 3369400.639700002968311, 3018932.896999999880791 ], [ 3369403.709799997508526, 3018934.714200001209974 ], [ 3369406.694300003349781, 3018936.787799999117851 ], [ 3369410.546599999070168, 3018940.177200000733137 ], [ 3369416.251500003039837, 3018945.929699998348951 ], [ 3369423.808600001037121, 3018954.034099999815226 ], [ 3369433.218699999153614, 3018964.51240000128746 ], [ 3369443.40429999679327, 3018975.892700001597404 ], [ 3369451.768100000917912, 3018984.622900001704693 ], [ 3369458.174999997019768, 3018990.543800000101328 ], [ 3369462.646499998867512, 3018993.654500000178814 ], [ 3369465.481200002133846, 3018994.195300001651049 ], [ 3369468.561300002038479, 3018993.703299999237061 ], [ 3369472.19709999859333, 3018992.440499998629093 ], [ 3369476.388700000941753, 3018990.406800001859665 ], [ 3369481.126299999654293, 3018987.624600000679493 ], [ 3369486.053599998354912, 3018985.032400000840425 ], [ 3369491.056800000369549, 3018982.975600000470877 ], [ 3369496.115500003099442, 3018981.477200001478195 ], [ 3369501.229299999773502, 3018980.526299998164177 ], [ 3369507.577799998223782, 3018980.974700000137091 ], [ 3369516.319600000977516, 3018983.675500001758337 ], [ 3369527.465800002217293, 3018988.63910000026226 ], [ 3369541.005199998617172, 3018995.855099998414516 ], [ 3369555.70380000025034, 3019004.198899999260902 ], [ 3369568.496200002729893, 3019010.940499998629093 ], [ 3369579.248800002038479, 3019015.953699998557568 ], [ 3369587.972199998795986, 3019019.2379 ], [ 3369594.810400001704693, 3019020.90819999948144 ], [ 3369600.746699996292591, 3019021.725699998438358 ], [ 3369605.925899997353554, 3019021.827399998903275 ], [ 3369610.357900001108646, 3019021.190900001674891 ], [ 3369614.054099999368191, 3019019.837600000202656 ], [ 3369617.21169999986887, 3019017.880300000309944 ], [ 3369619.898100003600121, 3019015.39299999922514 ], [ 3369622.133599996566772, 3019012.352899998426437 ], [ 3369623.908500000834465, 3019008.782499998807907 ], [ 3369624.573700003325939, 3019003.224700000137091 ], [ 3369623.459600001573563, 3018994.24549999833107 ], [ 3369620.576300002634525, 3018981.833399999886751 ] ] ], [ [ [ 3369100.236599996685982, 3019261.615899998694658 ], [ 3369092.157999999821186, 3019256.377000000327826 ], [ 3369082.802799999713898, 3019258.61939999833703 ], [ 3369078.0050999969244, 3019264.70380000025034 ], [ 3369078.207299999892712, 3019272.138900000602007 ], [ 3369081.349799998104572, 3019278.4989 ], [ 3369088.895300000905991, 3019282.257399998605251 ], [ 3369098.20549999922514, 3019278.039200000464916 ], [ 3369100.935199998319149, 3019269.042199999094009 ], [ 3369100.236599996685982, 3019261.615899998694658 ] ] ], [ [ [ 3369260.463799998164177, 3019298.932100001722574 ], [ 3369255.4551, 3019297.084699999541044 ], [ 3369250.5016999989748, 3019297.222600001841784 ], [ 3369247.63400000333786, 3019301.26630000025034 ], [ 3369246.292000003159046, 3019306.762600000947714 ], [ 3369246.402300000190735, 3019310.723299998790026 ], [ 3369250.556599996984005, 3019317.561599999666214 ], [ 3369255.509999997913837, 3019317.423700001090765 ], [ 3369259.930699996650219, 3019315.815400000661612 ], [ 3369263.266800001263618, 3019310.760299999266863 ], [ 3369263.607699997723103, 3019304.804999999701977 ], [ 3369260.463799998164177, 3019298.932100001722574 ] ] ], [ [ [ 3369289.055699996650219, 3019310.558600001037121 ], [ 3369283.082099996507168, 3019309.731499999761581 ], [ 3369279.662900000810623, 3019311.808699999004602 ], [ 3369276.822899997234344, 3019316.844999998807907 ], [ 3369275.490800000727177, 3019322.340999998152256 ], [ 3369277.631700001657009, 3019328.23200000077486 ], [ 3369280.682800002396107, 3019331.127399999648333 ], [ 3369285.654899999499321, 3019331.485599998384714 ], [ 3369289.110600002110004, 3019330.897599998861551 ], [ 3369293.494800001382828, 3019327.800200000405312 ], [ 3369295.819899998605251, 3019322.286499999463558 ], [ 3369294.092100001871586, 3019313.398699998855591 ], [ 3369289.055699996650219, 3019310.558600001037121 ] ] ], [ [ [ 3369223.204599998891354, 3019351.528900001198053 ], [ 3369214.703699998557568, 3019348.7804000005126 ], [ 3369207.801600001752377, 3019350.462799999862909 ], [ 3369203.9324000030756, 3019354.037599999457598 ], [ 3369201.588899999856949, 3019359.065099999308586 ], [ 3369201.275700002908707, 3019366.013000000268221 ], [ 3369203.398900002241135, 3019370.910999998450279 ], [ 3369213.388999998569489, 3019373.622999999672174 ], [ 3369220.263800002634525, 3019370.957899998873472 ], [ 3369224.610399998724461, 3019366.868099998682737 ], [ 3369224.904799997806549, 3019359.424100000411272 ], [ 3369223.204599998891354, 3019351.528900001198053 ] ] ], [ [ [ 3369088.633299998939037, 3019368.750399999320507 ], [ 3369085.304899998009205, 3019368.417300000786781 ], [ 3369082.404600001871586, 3019368.605000000447035 ], [ 3369079.460500001907349, 3019369.278200000524521 ], [ 3369076.42849999666214, 3019370.405799999833107 ], [ 3369073.320299997925758, 3019372.009399998933077 ], [ 3369070.124700002372265, 3019374.078400000929832 ], [ 3369066.914599999785423, 3019376.565699998289347 ], [ 3369064.103900000452995, 3019379.146200001239777 ], [ 3369061.743900001049042, 3019381.762800000607967 ], [ 3369059.846000000834465, 3019384.436999998986721 ], [ 3369058.409400001168251, 3019387.146699998527765 ], [ 3369057.413099996745586, 3019389.903999999165535 ], [ 3369056.701700001955032, 3019392.825199998915195 ], [ 3369056.212099999189377, 3019395.934999998658895 ], [ 3369055.944600000977516, 3019399.244300000369549 ], [ 3369055.909599997103214, 3019402.741799999028444 ], [ 3369056.097300000488758, 3019406.449799999594688 ], [ 3369056.726899996399879, 3019410.754900000989437 ], [ 3369057.936899997293949, 3019415.893199998885393 ], [ 3369059.705200001597404, 3019421.854600001126528 ], [ 3369062.043200001120567, 3019428.649599999189377 ], [ 3369064.950199998915195, 3019436.267200000584126 ], [ 3369075.666199997067451, 3019453.660399999469519 ], [ 3369079.600599996745586, 3019461.300900001078844 ], [ 3369083.600699998438358, 3019467.960200000554323 ], [ 3369087.644799999892712, 3019473.628199998289347 ], [ 3369091.754199996590614, 3019478.304000001400709 ], [ 3369095.94370000064373, 3019482.085999999195337 ], [ 3369100.609700001776218, 3019486.012800000607967 ], [ 3369105.861599996685982, 3019490.398899998515844 ], [ 3369111.688299998641014, 3019495.2335 ], [ 3369118.089800000190735, 3019500.516800001263618 ], [ 3369124.929300002753735, 3019506.045499999076128 ], [ 3369131.789800003170967, 3019511.309500001370907 ], [ 3369138.648400001227856, 3019516.276799999177456 ], [ 3369145.515600003302097, 3019520.935899998992682 ], [ 3369152.381399996578693, 3019525.3092 ], [ 3369159.263999998569489, 3019529.318999998271465 ], [ 3369166.129699997603893, 3019532.922699999064207 ], [ 3369173.01070000231266, 3019536.130100000649691 ], [ 3369179.885399997234344, 3019538.9309 ], [ 3369186.731899999082088, 3019541.315200001001358 ], [ 3369193.3378000035882, 3019543.060899998992682 ], [ 3369199.658600002527237, 3019544.125999998301268 ], [ 3369205.695100001990795, 3019544.532400000840425 ], [ 3369211.447400003671646, 3019544.280099999159575 ], [ 3369216.701999999582767, 3019543.378100000321865 ], [ 3369221.024899996817112, 3019541.932500001043081 ], [ 3369224.415399998426437, 3019539.921300001442432 ], [ 3369226.852899998426437, 3019537.367499999701977 ], [ 3369228.358400002121925, 3019534.259100001305342 ], [ 3369229.146099999547005, 3019530.861999999731779 ], [ 3369229.33839999884367, 3019527.291900001466274 ], [ 3369228.924900002777576, 3019523.549499999731779 ], [ 3369227.905799999833107, 3019519.645500000566244 ], [ 3369226.346600003540516, 3019515.610199999064207 ], [ 3369224.436999998986721, 3019511.633600000292063 ], [ 3369222.23139999806881, 3019507.735399998724461 ], [ 3369219.719400003552437, 3019503.927000001072884 ], [ 3369216.911399997770786, 3019500.197000000625849 ], [ 3369213.8699000030756, 3019496.509799998253584 ], [ 3369210.711499996483326, 3019492.83839999884367 ], [ 3369207.4353, 3019489.161100000143051 ], [ 3369204.042099997401237, 3019485.499600000679493 ], [ 3369196.808399997651577, 3019477.964499998837709 ], [ 3369192.8496999964118, 3019473.820999998599291 ], [ 3369188.666000001132488, 3019469.412099998444319 ], [ 3369184.246699996292591, 3019464.738299999386072 ], [ 3369179.491099998354912, 3019459.440900001674891 ], [ 3369173.993299998342991, 3019452.250799998641014 ], [ 3369167.716499999165535, 3019443.059500001370907 ], [ 3369160.660300001502037, 3019431.855999998748302 ], [ 3369152.825199998915195, 3019418.651399999856949 ], [ 3369141.403499998152256, 3019405.586300000548363 ], [ 3369131.187100000679493, 3019394.746300000697374 ], [ 3369122.164800003170967, 3019386.120900001376867 ], [ 3369114.347800001502037, 3019379.72069999948144 ], [ 3369107.714800000190735, 3019375.546500001102686 ], [ 3369102.080799996852875, 3019373.012499999254942 ], [ 3369097.026600003242493, 3019371.047800000756979 ], [ 3369092.540700003504753, 3019369.630899999290705 ], [ 3369088.633299998939037, 3019368.750399999320507 ] ] ], [ [ [ 3366132.239500001072884, 3020588.071400001645088 ], [ 3366103.601899996399879, 3020587.409699998795986 ], [ 3366081.507200002670288, 3020591.309399999678135 ], [ 3366071.734300002455711, 3020598.383499998599291 ], [ 3366064.54559999704361, 3020608.679699998348951 ], [ 3366060.6925999969244, 3020622.529199998825788 ], [ 3366060.864799998700619, 3020637.517099998891354 ], [ 3366066.036700002849102, 3020651.909499999135733 ], [ 3366077.017899997532368, 3020670.4543999992311 ], [ 3366085.337899997830391, 3020682.174499999731779 ], [ 3366101.326300002634525, 3020699.540899999439716 ], [ 3366123.752999998629093, 3020718.482700001448393 ], [ 3366143.278499998152256, 3020727.190999999642372 ], [ 3366158.333599999547005, 3020731.041700001806021 ], [ 3366171.751900002360344, 3020732.586899999529123 ], [ 3366186.41950000077486, 3020732.57319999858737 ], [ 3366197.203199997544289, 3020730.458700001239777 ], [ 3366208.788000002503395, 3020726.804200001060963 ], [ 3366219.801299996674061, 3020722.019600000232458 ], [ 3366233.284000001847744, 3020710.886500000953674 ], [ 3366237.304999999701977, 3020704.318799998611212 ], [ 3366240.237899996340275, 3020694.5099 ], [ 3366241.649700000882149, 3020678.289900001138449 ], [ 3366240.208099998533726, 3020667.170200001448393 ], [ 3366233.147200003266335, 3020650.823600001633167 ], [ 3366220.537699997425079, 3020634.480000000447035 ], [ 3366200.605400003492832, 3020616.631099998950958 ], [ 3366179.441500000655651, 3020603.297499999403954 ], [ 3366162.828699998557568, 3020595.46680000051856 ], [ 3366132.239500001072884, 3020588.071400001645088 ] ] ], [ [ [ 3368537.594400003552437, 3021369.62049999833107 ], [ 3368452.649899996817112, 3021256.627099998295307 ], [ 3368424.505000002682209, 3021278.959899999201298 ], [ 3368415.263400003314018, 3021295.741900000721216 ], [ 3368404.021300002932549, 3021335.96680000051856 ], [ 3368410.902400001883507, 3021381.382199998944998 ], [ 3368438.466899998486042, 3021411.5489999987185 ], [ 3368470.617399998009205, 3021412.981100000441074 ], [ 3368515.062200002372265, 3021406.651000000536442 ], [ 3368559.870800003409386, 3021385.401599999517202 ], [ 3368563.320100001990795, 3021380.799499999731779 ], [ 3368537.594400003552437, 3021369.62049999833107 ] ] ], [ [ [ 3361346.18129999935627, 3033438.296399999409914 ], [ 3361348.217100001871586, 3033423.614599999040365 ], [ 3361346.712700001895428, 3033409.083200000226498 ], [ 3361341.706900000572205, 3033395.6129 ], [ 3361333.199699997901917, 3033383.203600000590086 ], [ 3361322.153399996459484, 3033373.638900000602007 ], [ 3361307.721900001168251, 3033367.866999998688698 ], [ 3361292.598800003528595, 3033366.685499999672174 ], [ 3361277.707999996840954, 3033370.967399999499321 ], [ 3361266.550899997353554, 3033379.651599999517202 ], [ 3361257.280000001192093, 3033390.992199998348951 ], [ 3361251.471900001168251, 3033400.361200001090765 ], [ 3361247.472599998116493, 3033410.565600000321865 ], [ 3361241.664499998092651, 3033419.934599999338388 ], [ 3361232.161399997770786, 3033425.811900001019239 ], [ 3361219.693400003015995, 3033424.517499998211861 ], [ 3361208.802000001072884, 3033418.595199998468161 ], [ 3361197.987999998033047, 3033414.493900001049042 ], [ 3361188.175200000405312, 3033413.086800001561642 ], [ 3361178.439800001680851, 3033413.500700000673532 ], [ 3361168.859300002455711, 3033417.55689999833703 ], [ 3361163.012500002980232, 3033426.0154 ], [ 3361161.629600003361702, 3033435.1963 ], [ 3361161.170500002801418, 3033445.250100001692772 ], [ 3361158.90259999781847, 3033454.468600001186132 ], [ 3361153.979599997401237, 3033463.800000000745058 ], [ 3361147.2478, 3033472.296100001782179 ], [ 3361137.783500000834465, 3033479.083999998867512 ], [ 3361126.432899996638298, 3033483.215500000864267 ], [ 3361116.968599997460842, 3033490.003400001674891 ], [ 3361111.35419999808073, 3033503.925200000405312 ], [ 3361106.663599997758865, 3033518.719999998807907 ], [ 3361097.509099997580051, 3033532.792399998754263 ], [ 3361085.660899996757507, 3033546.067099999636412 ], [ 3361071.848899997770786, 3033554.86430000141263 ], [ 3361059.884499996900558, 3033565.407400000840425 ], [ 3361054.270199999213219, 3033579.329300001263618 ], [ 3361052.23480000346899, 3033594.011100001633167 ], [ 3361054.663099996745586, 3033609.415300000458956 ], [ 3361059.707900002598763, 3033623.796 ], [ 3361066.483900003135204, 3033637.190900001674891 ], [ 3361075.030000001192093, 3033650.510400000959635 ], [ 3361081.728500001132488, 3033662.084199998527765 ], [ 3361089.312100000679493, 3033673.620299998670816 ], [ 3361099.473300002515316, 3033683.22239999845624 ], [ 3361115.674699999392033, 3033688.9189000017941 ], [ 3361131.837399996817112, 3033693.704700000584126 ], [ 3361152.812299996614456, 3033707.407999999821186 ], [ 3361167.321099996566772, 3033715.000900000333786 ], [ 3361183.406300000846386, 3033717.965700000524521 ], [ 3361197.450400002300739, 3033714.631999999284744 ], [ 3361210.4934, 3033708.604200001806021 ], [ 3361227.806599996984005, 3033698.745999999344349 ], [ 3361245.08110000193119, 3033687.977299999445677 ], [ 3361261.470600001513958, 3033677.246300000697374 ], [ 3361276.012699998915195, 3033664.769400000572205 ], [ 3361284.437100000679493, 3033654.377000000327826 ], [ 3361291.937799997627735, 3033643.111699998378754 ], [ 3361301.285899996757507, 3033633.592300001531839 ], [ 3361316.176399998366833, 3033629.310400001704693 ], [ 3361330.181999996304512, 3033625.066199999302626 ], [ 3361337.876199997961521, 3033618.353700000792742 ], [ 3361352.263599999248981, 3033602.234700001776218 ], [ 3361358.032999999821186, 3033591.955200001597404 ], [ 3361359.261100001633167, 3033579.132100000977516 ], [ 3361358.719200000166893, 3033566.384300000965595 ], [ 3361359.792599998414516, 3033549.918999999761581 ], [ 3361359.942199997603893, 3033532.580800000578165 ], [ 3361356.745200000703335, 3033519.945799998939037 ], [ 3361354.394500002264977, 3033506.362700000405312 ], [ 3361356.507700003683567, 3033493.502000000327826 ], [ 3361358.58219999819994, 3033479.730700001120567 ], [ 3361353.576399996876717, 3033466.260400000959635 ], [ 3361346.800599999725819, 3033452.86540000140667 ], [ 3361346.18129999935627, 3033438.296399999409914 ] ] ], [ [ [ 3335907.218000002205372, 3071622.269999999552965 ], [ 3335900.957900002598763, 3071620.724399998784065 ], [ 3335894.778300002217293, 3071620.998199999332428 ], [ 3335890.445000000298023, 3071623.013300001621246 ], [ 3335887.034800000488758, 3071625.898899998515844 ], [ 3335885.430500000715256, 3071629.616099998354912 ], [ 3335885.632100000977516, 3071634.164700001478195 ], [ 3335886.676100000739098, 3071637.764400001615286 ], [ 3335889.566399998962879, 3071643.10530000180006 ], [ 3335895.024400003254414, 3071646.509500000625849 ], [ 3335902.167300000786781, 3071648.015999998897314 ], [ 3335906.6216000020504, 3071648.730099998414516 ], [ 3335912.841399997472763, 3071649.365899998694658 ], [ 3335916.372599996626377, 3071649.209499999880791 ], [ 3335918.94030000269413, 3071647.272700000554323 ], [ 3335921.427400000393391, 3071643.516399998217821 ], [ 3335922.108599998056889, 3071638.9287 ], [ 3335920.983900003135204, 3071633.509500000625849 ], [ 3335919.057099997997284, 3071629.948899999260902 ], [ 3335916.287799999117851, 3071627.337099999189377 ], [ 3335911.712600000202656, 3071623.893800001591444 ], [ 3335907.218000002205372, 3071622.269999999552965 ] ] ], [ [ [ 3336582.350900001823902, 3072094.019999999552965 ], [ 3336570.644199997186661, 3072090.519000001251698 ], [ 3336562.658900000154972, 3072092.124400001019239 ], [ 3336559.778399996459484, 3072096.622699998319149 ], [ 3336559.952600002288818, 3072100.557500001043081 ], [ 3336563.996699996292591, 3072112.9527000002563 ], [ 3336569.285800002515316, 3072120.252000000327826 ], [ 3336581.6858000010252, 3072130.2676 ], [ 3336595.824199996888638, 3072137.186200000345707 ], [ 3336598.908699996769428, 3072137.532800000160933 ], [ 3336605.251400001347065, 3072137.339899998158216 ], [ 3336610.715700000524521, 3072133.91330000013113 ], [ 3336610.901299998164177, 3072130.885000001639128 ], [ 3336609.463200002908707, 3072125.842099998146296 ], [ 3336606.011699996888638, 3072121.294700000435114 ], [ 3336600.232500001788139, 3072117.6081000007689 ], [ 3336595.046499997377396, 3072114.3235 ], [ 3336588.444499999284744, 3072104.809000000357628 ], [ 3336586.028200000524521, 3072098.129200000315905 ], [ 3336582.350900001823902, 3072094.019999999552965 ] ] ], [ [ [ 3337371.471100002527237, 3072130.783399999141693 ], [ 3337364.087200000882149, 3072123.818 ], [ 3337358.589500002563, 3072119.503699999302626 ], [ 3337351.366499997675419, 3072116.177099999040365 ], [ 3337338.044699996709824, 3072114.943199999630451 ], [ 3337331.022799998521805, 3072116.165199998766184 ], [ 3337324.923900000751019, 3072118.25789999961853 ], [ 3337320.79169999808073, 3072124.821100000292063 ], [ 3337325.406700000166893, 3072129.174400001764297 ], [ 3337331.586000002920628, 3072128.901200000196695 ], [ 3337337.805600002408028, 3072129.537599999457598 ], [ 3337356.625100001692772, 3072135.085900001227856 ], [ 3337361.119400002062321, 3072136.710099998861551 ], [ 3337366.496399998664856, 3072138.295299999415874 ], [ 3337371.712499998509884, 3072136.241700001060963 ], [ 3337371.471100002527237, 3072130.783399999141693 ] ] ], [ [ [ 3337563.995200000703335, 3072144.147100001573563 ], [ 3337555.929700002074242, 3072141.769200000911951 ], [ 3337550.633199997246265, 3072142.0033 ], [ 3337546.299800001084805, 3072144.017900001257658 ], [ 3337543.852600000798702, 3072148.683499999344349 ], [ 3337548.467500001192093, 3072153.037000000476837 ], [ 3337560.906499996781349, 3072154.309999998658895 ], [ 3337570.898400001227856, 3072160.248799998313189 ], [ 3337580.809799998998642, 3072164.368099998682737 ], [ 3337587.952299997210503, 3072165.875300001353025 ], [ 3337591.402900002896786, 3072163.89979999884963 ], [ 3337591.201800003647804, 3072159.351199999451637 ], [ 3337588.35249999910593, 3072154.919700000435114 ], [ 3337582.854900002479553, 3072150.60530000180006 ], [ 3337576.635300002992153, 3072149.968800000846386 ], [ 3337570.375600002706051, 3072148.422499999403954 ], [ 3337563.995200000703335, 3072144.147100001573563 ] ] ], [ [ [ 3337660.33839999884367, 3072162.675700001418591 ], [ 3337654.961400002241135, 3072161.090300001204014 ], [ 3337649.745300002396107, 3072163.143899999558926 ], [ 3337647.298100002110004, 3072167.809500001370907 ], [ 3337648.381899997591972, 3072172.318999998271465 ], [ 3337653.077200002968311, 3072178.491900000721216 ], [ 3337659.336900003254414, 3072180.038199998438358 ], [ 3337666.318499997258186, 3072177.906599998474121 ], [ 3337668.846199996769428, 3072175.060400001704693 ], [ 3337670.450800001621246, 3072171.343600001186132 ], [ 3337668.484300002455711, 3072166.872999999672174 ], [ 3337664.832599997520447, 3072164.300000000745058 ], [ 3337660.33839999884367, 3072162.675700001418591 ] ] ], [ [ [ 3338362.124099999666214, 3072155.635400000959635 ], [ 3338359.432700000703335, 3072155.501600001007318 ], [ 3338354.517200000584126, 3072156.641100000590086 ], [ 3338353.123499996960163, 3072158.14130000025034 ], [ 3338352.188699997961521, 3072162.7949 ], [ 3338353.662299998104572, 3072173.964200001209974 ], [ 3338355.596699997782707, 3072177.228199999779463 ], [ 3338358.246500000357628, 3072180.043299999088049 ], [ 3338361.563900001347065, 3072179.874899998307228 ], [ 3338364.689300000667572, 3072178.737500000745058 ], [ 3338367.692299999296665, 3072176.760000001639128 ], [ 3338369.843000002205372, 3072173.820799998939037 ], [ 3338370.043499998748302, 3072171.121399998664856 ], [ 3338367.017099998891354, 3072159.779100000858307 ], [ 3338364.6897, 3072156.785000000149012 ], [ 3338362.124099999666214, 3072155.635400000959635 ] ] ], [ [ [ 3336364.445100001990795, 3072179.904699999839067 ], [ 3336365.888300001621246, 3072172.548799999058247 ], [ 3336368.935900002717972, 3072161.475900001823902 ], [ 3336371.10080000013113, 3072150.442099999636412 ], [ 3336372.584299996495247, 3072143.995999999344349 ], [ 3336372.262000001966953, 3072136.718299999833107 ], [ 3336369.331699997186661, 3072130.467599999159575 ], [ 3336363.873999997973442, 3072127.063400000333786 ], [ 3336358.537100002169609, 3072126.3882 ], [ 3336347.141800001263618, 3072128.715900000184774 ], [ 3336338.596199996769428, 3072135.474800001829863 ], [ 3336331.896799996495247, 3072143.974899999797344 ], [ 3336324.19370000064373, 3072149.785100001841784 ], [ 3336314.644500002264977, 3072153.853999998420477 ], [ 3336308.38459999859333, 3072152.308200001716614 ], [ 3336302.205300003290176, 3072152.581900000572205 ], [ 3336298.835400000214577, 3072156.377099998295307 ], [ 3336298.194399997591972, 3072161.874499998986721 ], [ 3336298.476499997079372, 3072168.242400001734495 ], [ 3336302.289499998092651, 3072174.454 ], [ 3336307.74719999730587, 3072177.858300000429153 ], [ 3336320.0253000035882, 3072175.491500001400709 ], [ 3336326.204599998891354, 3072175.217799998819828 ], [ 3336336.196900002658367, 3072181.155699998140335 ], [ 3336346.229599997401237, 3072188.0033 ], [ 3336350.764200001955032, 3072190.537000000476837 ], [ 3336355.218299999833107, 3072191.251200001686811 ], [ 3336362.078900001943111, 3072186.389899998903275 ], [ 3336364.445100001990795, 3072179.904699999839067 ] ] ], [ [ [ 3337324.649499997496605, 3072170.850900001823902 ], [ 3337313.090999998152256, 3072170.692200001329184 ], [ 3337304.049400001764297, 3072172.267099998891354 ], [ 3337298.726099997758865, 3072175.269900001585484 ], [ 3337294.143899999558926, 3072178.404699999839067 ], [ 3337291.111199997365475, 3072181.63569999858737 ], [ 3337289.397799998521805, 3072185.060899998992682 ], [ 3337289.085900001227856, 3072189.094000000506639 ], [ 3337289.634800001978874, 3072190.420499999076128 ], [ 3337291.543999999761581, 3072191.423300001770258 ], [ 3337295.043099999427795, 3072191.268500000238419 ], [ 3337298.38740000128746, 3072189.780900001525879 ], [ 3337304.025600001215935, 3072188.356499999761581 ], [ 3337315.00959999859333, 3072186.607799999415874 ], [ 3337329.696900002658367, 3072185.705699998885393 ], [ 3337332.848200000822544, 3072183.227200001478195 ], [ 3337332.693400003015995, 3072178.039700001478195 ], [ 3337331.392200000584126, 3072176.087600000202656 ], [ 3337327.148100003600121, 3072172.168099999427795 ], [ 3337324.649499997496605, 3072170.850900001823902 ] ] ], [ [ [ 3337445.096199996769428, 3072165.964200001209974 ], [ 3337431.1503000035882, 3072165.317899998277426 ], [ 3337419.592000000178814, 3072167.091899998486042 ], [ 3337413.749300003051758, 3072169.1952 ], [ 3337409.738099999725819, 3072172.469399999827147 ], [ 3337406.545800000429153, 3072175.707400001585484 ], [ 3337406.459799997508526, 3072184.848099999129772 ], [ 3337408.950300000607967, 3072187.670099999755621 ], [ 3337416.323299996554852, 3072192.461599998176098 ], [ 3337429.875299997627735, 3072195.288699999451637 ], [ 3337444.173500001430511, 3072194.74439999833703 ], [ 3337453.894199997186661, 3072192.1402000002563 ], [ 3337461.664200000464916, 3072189.281800001859665 ], [ 3337466.839699998497963, 3072182.936099998652935 ], [ 3337466.876999996602535, 3072178.234299998730421 ], [ 3337465.409800000488758, 3072174.69709999859333 ], [ 3337463.052699998021126, 3072171.034600000828505 ], [ 3337457.192199997603893, 3072169.119300000369549 ], [ 3337445.096199996769428, 3072165.964200001209974 ] ] ], [ [ [ 3337143.865000002086163, 3072173.784099999815226 ], [ 3337141.979400001466274, 3072172.593699999153614 ], [ 3337153.032200001180172, 3072171.434900000691414 ], [ 3337172.452799998223782, 3072170.575800001621246 ], [ 3337177.870099999010563, 3072173.070700000971556 ], [ 3337182.444799996912479, 3072176.5143 ], [ 3337187.902300000190735, 3072179.918800000101328 ], [ 3337194.041400000452995, 3072178.735800001770258 ], [ 3337197.491899996995926, 3072176.760200001299381 ], [ 3337199.096500001847744, 3072173.043299999088049 ], [ 3337197.932099997997284, 3072166.714400000870228 ], [ 3337194.19990000128746, 3072162.322000000625849 ], [ 3337189.625100001692772, 3072158.878400001674891 ], [ 3337182.321599997580051, 3072153.732500001788139 ], [ 3337174.256099998950958, 3072151.354800000786781 ], [ 3337165.468699999153614, 3072152.654899999499321 ], [ 3337158.5675999969244, 3072156.606199998408556 ], [ 3337154.234300002455711, 3072158.620799999684095 ], [ 3337138.465400002896786, 3072162.052799999713898 ], [ 3337122.535499997437, 3072161.846000000834465 ], [ 3337109.334399998188019, 3072163.341499999165535 ], [ 3337105.763099998235703, 3072162.587900001555681 ], [ 3337101.389600001275539, 3072163.692899998277426 ], [ 3337101.550499998033047, 3072167.331799998879433 ], [ 3337103.436800003051758, 3072169.982799999415874 ], [ 3337107.088500000536442, 3072172.555700000375509 ], [ 3337112.425300002098083, 3072173.231100000441074 ], [ 3337116.839100003242493, 3072173.035900000482798 ], [ 3337135.795800000429153, 3072173.010000001639128 ], [ 3337132.046499997377396, 3072175.218400001525879 ], [ 3337124.224399998784065, 3072178.584399998188019 ], [ 3337120.113099999725819, 3072181.281100001186132 ], [ 3337114.148500002920628, 3072186.40989999845624 ], [ 3337111.352700002491474, 3072189.213199999183416 ], [ 3337111.741599999368191, 3072194.390299998223782 ], [ 3337113.450000002980232, 3072198.081500001251698 ], [ 3337114.93639999628067, 3072200.365899998694658 ], [ 3337121.779799997806549, 3072202.578000001609325 ], [ 3337127.717799998819828, 3072202.392200000584126 ], [ 3337137.501299999654293, 3072199.279899999499321 ], [ 3337140.085500001907349, 3072196.991099998354912 ], [ 3337142.247299998998642, 3072188.769000001251698 ], [ 3337144.271999999880791, 3072181.299699999392033 ], [ 3337143.865000002086163, 3072173.784099999815226 ] ] ], [ [ [ 3337083.586199998855591, 3072180.634700000286102 ], [ 3337080.298199996352196, 3072180.022399999201298 ], [ 3337066.007299996912479, 3072180.489900000393391 ], [ 3337054.200400002300739, 3072182.187300000339746 ], [ 3337041.28490000218153, 3072182.670899998396635 ], [ 3337038.66780000180006, 3072184.214299999177456 ], [ 3337036.988200001418591, 3072186.715599998831749 ], [ 3337037.106200002133846, 3072194.924699999392033 ], [ 3337038.18129999935627, 3072197.304200001060963 ], [ 3337042.8445999994874, 3072201.545499999076128 ], [ 3337045.832400001585484, 3072202.840900000184774 ], [ 3337058.928800001740456, 3072202.590999998152256 ], [ 3337081.638400003314018, 3072199.236200001090765 ], [ 3337085.367799997329712, 3072197.061599999666214 ], [ 3337086.620999999344349, 3072194.074000000953674 ], [ 3337086.903200000524521, 3072189.372299998998642 ], [ 3337086.273599997162819, 3072184.535199999809265 ], [ 3337085.298699997365475, 3072182.491799999028444 ], [ 3337083.586199998855591, 3072180.634700000286102 ] ] ], [ [ [ 3338573.870200000703335, 3072332.368700001388788 ], [ 3338564.530699998140335, 3072331.53999999910593 ], [ 3338557.471699997782707, 3072332.642299998551607 ], [ 3338554.143299996852875, 3072334.249800000339746 ], [ 3338552.382200002670288, 3072336.359099999070168 ], [ 3338551.546999998390675, 3072339.8882 ], [ 3338551.656300000846386, 3072342.365200001746416 ], [ 3338552.774599999189377, 3072345.247999999672174 ], [ 3338557.1382, 3072347.537200000137091 ], [ 3338564.219999998807907, 3072349.36600000038743 ], [ 3338582.718099996447563, 3072349.340199999511242 ], [ 3338586.64299999922514, 3072348.936299998313189 ], [ 3338589.752899996936321, 3072347.448300000280142 ], [ 3338590.7632, 3072345.712499998509884 ], [ 3338590.852600000798702, 3072342.666700001806021 ], [ 3338589.152199998497963, 3072338.909099999815226 ], [ 3338583.96339999884367, 3072335.305500000715256 ], [ 3338573.870200000703335, 3072332.368700001388788 ] ] ], [ [ [ 3336790.060999996960163, 3072431.433299999684095 ], [ 3336786.520700000226498, 3072430.414900001138449 ], [ 3336781.620300002396107, 3072431.89469999819994 ], [ 3336780.904700003564358, 3072434.023899998515844 ], [ 3336781.460199996829033, 3072441.038600001484156 ], [ 3336783.439099997282028, 3072445.299800001084805 ], [ 3336789.595899999141693, 3072453.91160000115633 ], [ 3336794.329800002276897, 3072458.061799999326468 ], [ 3336810.246699996292591, 3072470.260899998247623 ], [ 3336812.482299998402596, 3072471.1722999997437 ], [ 3336816.796899996697903, 3072471.146099999547005 ], [ 3336821.497599996626377, 3072467.083399999886751 ], [ 3336821.520099997520447, 3072462.052799999713898 ], [ 3336820.482199996709824, 3072458.826200000941753 ], [ 3336818.925200000405312, 3072456.632800001651049 ], [ 3336806.23030000180006, 3072443.796900000423193 ], [ 3336798.197499997913837, 3072436.860599998384714 ], [ 3336790.060999996960163, 3072431.433299999684095 ] ] ], [ [ [ 3336881.167900003492832, 3072605.6787 ], [ 3336874.544100001454353, 3072603.127599999308586 ], [ 3336871.370899997651577, 3072603.180100001394749 ], [ 3336869.951200000941753, 3072604.088599998503923 ], [ 3336869.1096, 3072607.222699999809265 ], [ 3336869.424099996685982, 3072612.403099998831749 ], [ 3336871.978200003504753, 3072616.902399998158216 ], [ 3336883.320799998939037, 3072626.877000000327826 ], [ 3336886.527000002563, 3072627.569699998944998 ], [ 3336890.649099998176098, 3072627.046799998730421 ], [ 3336893.414499998092651, 3072625.002700001001358 ], [ 3336893.144599996507168, 3072617.217599999159575 ], [ 3336890.346400000154972, 3072612.7401 ], [ 3336886.457699999213219, 3072609.3871 ], [ 3336881.167900003492832, 3072605.6787 ] ] ], [ [ [ 3336262.179099999368191, 3072686.663699999451637 ], [ 3336269.841600000858307, 3072679.943900000303984 ], [ 3336275.657999999821186, 3072671.482900001108646 ], [ 3336279.789599999785423, 3072664.91950000077486 ], [ 3336285.726899996399879, 3072659.187600001692772 ], [ 3336293.590899996459484, 3072657.01630000025034 ], [ 3336301.535499997437, 3072656.664500001817942 ], [ 3336312.249099999666214, 3072658.924400001764297 ], [ 3336320.248199999332428, 3072661.008000001311302 ], [ 3336327.30120000243187, 3072662.661400001496077 ], [ 3336334.559000000357628, 3072663.405200000852346 ], [ 3336345.31700000166893, 3072662.577300000935793 ], [ 3336357.429399996995926, 3072660.569299999624491 ], [ 3336362.539399996399879, 3072659.014199998229742 ], [ 3336366.211499996483326, 3072656.51240000128746 ], [ 3336369.465300001204014, 3072652.74439999833703 ], [ 3336373.556599996984005, 3072645.271299999207258 ], [ 3336375.922799997031689, 3072638.786100000143051 ], [ 3336380.134999997913837, 3072634.042199999094009 ], [ 3336385.431400001049042, 3072633.807599999010563 ], [ 3336389.885300002992153, 3072634.521899998188019 ], [ 3336391.650799997150898, 3072634.44370000064373 ], [ 3336396.02419999986887, 3072633.338500000536442 ], [ 3336401.199699997901917, 3072630.374899998307228 ], [ 3336404.488899998366833, 3072624.760299999266863 ], [ 3336405.089599996805191, 3072618.353300001472235 ], [ 3336404.807599999010563, 3072611.985399998724461 ], [ 3336405.327799998223782, 3072603.75899999961257 ], [ 3336406.327799998223782, 3072586.396600000560284 ], [ 3336407.690399996936321, 3072577.221400000154972 ], [ 3336409.976000003516674, 3072568.916799999773502 ], [ 3336412.382500000298023, 3072563.341299999505281 ], [ 3336415.752300001680851, 3072559.54619999974966 ], [ 3336417.522399999201298, 3072559.204999998211861 ], [ 3336421.891199998557568, 3072558.362799998372793 ], [ 3336426.385399997234344, 3072559.9868 ], [ 3336428.191200003027916, 3072560.818300001323223 ], [ 3336436.41780000180006, 3072566.834399998188019 ], [ 3336441.75450000166893, 3072567.509500000625849 ], [ 3336446.634199999272823, 3072568.947900000959635 ], [ 3336447.131399996578693, 3072569.094399999827147 ], [ 3336449.138599999248981, 3072574.474399998784065 ], [ 3336448.497599996626377, 3072579.971700001507998 ], [ 3336443.684600003063679, 3072591.122600000351667 ], [ 3336443.926299996674061, 3072596.580800000578165 ], [ 3336446.77589999884367, 3072601.0121 ], [ 3336449.5449, 3072603.6239 ], [ 3336453.116099998354912, 3072604.3772 ], [ 3336456.526199996471405, 3072601.491799999028444 ], [ 3336458.130500003695488, 3072597.77479999884963 ], [ 3336458.811899997293949, 3072593.187199998646975 ], [ 3336459.251500003039837, 3072583.141399998217821 ], [ 3336461.376000002026558, 3072571.198100000619888 ], [ 3336462.819200001657009, 3072563.842300001531839 ], [ 3336460.8926, 3072560.281700000166893 ], [ 3336458.123599998652935, 3072557.669799998402596 ], [ 3336452.706299997866154, 3072555.175299998372793 ], [ 3336452.395099997520447, 3072555.098499998450279 ], [ 3336440.186899997293949, 3072552.083700001239777 ], [ 3336439.263899996876717, 3072551.213100001215935 ], [ 3336434.769599996507168, 3072549.589200001209974 ], [ 3336429.191200003027916, 3072543.455800000578165 ], [ 3336424.975400000810623, 3072528.147199999541044 ], [ 3336424.491999998688698, 3072517.230799999088049 ], [ 3336426.69709999859333, 3072507.106800001114607 ], [ 3336431.590700000524521, 3072497.775299999862909 ], [ 3336439.974899999797344, 3072487.377599999308586 ], [ 3336451.087999999523163, 3072478.682199999690056 ], [ 3336458.069399997591972, 3072476.55009999871254 ], [ 3336465.010399997234344, 3072473.508200000971556 ], [ 3336479.896200001239777, 3072470.114599999040365 ], [ 3336496.2654, 3072460.274999998509884 ], [ 3336511.71169999986887, 3072449.5647 ], [ 3336523.828400000929832, 3072443.559300001710653 ], [ 3336527.278800003230572, 3072441.583500001579523 ], [ 3336528.161499999463558, 3072441.544399999082088 ], [ 3336545.534400001168251, 3072434.394799999892712 ], [ 3336566.5591000020504, 3072429.818 ], [ 3336588.506800003349781, 3072426.111900001764297 ], [ 3336612.220100000500679, 3072422.327599998563528 ], [ 3336636.013800002634525, 3072420.362799998372793 ], [ 3336654.712499998509884, 3072423.1809 ], [ 3336672.608999997377396, 3072427.857599999755621 ], [ 3336683.443499997258186, 3072432.846900001168251 ], [ 3336689.663000002503395, 3072433.4831000007689 ], [ 3336695.761600002646446, 3072431.3902000002563 ], [ 3336699.01070000231266, 3072424.86600000038743 ], [ 3336697.805799998342991, 3072417.627399999648333 ], [ 3336697.025499999523163, 3072415.230200000107288 ], [ 3336695.758500002324581, 3072411.337600000202656 ], [ 3336694.872100003063679, 3072409.854400001466274 ], [ 3336690.982299998402596, 3072403.34569999948144 ], [ 3336682.755800001323223, 3072397.3293999992311 ], [ 3336675.452200002968311, 3072392.183800000697374 ], [ 3336655.347199998795986, 3072377.578499998897314 ], [ 3336640.901100002229214, 3072370.926100000739098 ], [ 3336626.535599999129772, 3072366.093100000172853 ], [ 3336609.481499999761581, 3072360.467700000852346 ], [ 3336592.346799999475479, 3072353.022900000214577 ], [ 3336591.423799999058247, 3072352.152300000190735 ], [ 3336573.567500002682209, 3072348.385400000959635 ], [ 3336559.121299996972084, 3072341.732999999076128 ], [ 3336558.50110000371933, 3072341.094999998807907 ], [ 3336549.523400001227856, 3072331.859200000762939 ], [ 3336548.927799999713898, 3072331.246500000357628 ], [ 3336541.301899999380112, 3072318.823300000280142 ], [ 3336537.368199996650219, 3072309.882599998265505 ], [ 3336530.826399996876717, 3072301.968800000846386 ], [ 3336525.449400000274181, 3072300.383900001645088 ], [ 3336521.878100000321865, 3072299.6305 ], [ 3336519.229800000786781, 3072299.7478 ], [ 3336513.171400003135204, 3072302.750500001013279 ], [ 3336508.076300002634525, 3072307.533500000834465 ], [ 3336501.977600000798702, 3072309.626600001007318 ], [ 3336493.871799997985363, 3072306.339499998837709 ], [ 3336487.450800001621246, 3072301.154899999499321 ], [ 3336483.678099997341633, 3072295.853000000119209 ], [ 3336480.788199998438358, 3072290.511999998241663 ], [ 3336478.9824, 3072289.680500000715256 ], [ 3336474.488099999725819, 3072288.056499999016523 ], [ 3336470.195200003683567, 3072290.981100000441074 ], [ 3336467.748400002717972, 3072295.646899998188019 ], [ 3336468.71169999986887, 3072297.427200000733137 ], [ 3336469.715300001204014, 3072300.117199998348951 ], [ 3336472.564900003373623, 3072304.548500001430511 ], [ 3336478.344800002872944, 3072315.230399999767542 ], [ 3336482.399499997496605, 3072326.900199998170137 ], [ 3336482.882799997925758, 3072337.816700000315905 ], [ 3336481.560400001704693, 3072347.901599999517202 ], [ 3336480.056599996984005, 3072353.36540000140667 ], [ 3336478.512800000607967, 3072358.974500000476837 ], [ 3336472.736400000751019, 3072368.345100000500679 ], [ 3336464.532600000500679, 3072377.584300000220537 ], [ 3336463.469300001859665, 3072378.781800001859665 ], [ 3336451.392800003290176, 3072385.697000000625849 ], [ 3336442.605700001120567, 3072386.997600000351667 ], [ 3336412.592399999499321, 3072388.326699998229742 ], [ 3336395.659100003540516, 3072385.430599998682737 ], [ 3336375.033600002527237, 3072379.052099999040365 ], [ 3336354.569300003349781, 3072376.3125 ], [ 3336343.694399997591972, 3072370.413699999451637 ], [ 3336337.110100001096725, 3072367.9254 ], [ 3336332.899999998509884, 3072366.334300000220537 ], [ 3336329.355700001120567, 3072366.951400000602007 ], [ 3336327.8108000010252, 3072367.220400001853704 ], [ 3336325.878300003707409, 3072367.556800000369549 ], [ 3336318.896899998188019, 3072369.688999999314547 ], [ 3336317.809000000357628, 3072369.651099998503923 ], [ 3336314.422399997711182, 3072369.532999999821186 ], [ 3336307.380900003015995, 3072369.287500001490116 ], [ 3336300.117499999701977, 3072365.05180000141263 ], [ 3336291.9712999984622, 3072360.855099998414516 ], [ 3336284.949699997901917, 3072362.077599998563528 ], [ 3336278.931599996984005, 3072365.990200001746416 ], [ 3336274.038099996745586, 3072375.321800000965595 ], [ 3336274.481299996376038, 3072385.328499998897314 ], [ 3336273.759700000286102, 3072389.006400000303984 ], [ 3336272.236000001430511, 3072394.542899999767542 ], [ 3336262.928800001740456, 3072404.070000000298023 ], [ 3336251.654600001871586, 3072409.126800000667572 ], [ 3336248.123599998652935, 3072409.28319999948144 ], [ 3336241.904100000858307, 3072408.647199999541044 ], [ 3336231.270900003612041, 3072408.206799998879433 ], [ 3336224.4507, 3072413.977800000458956 ], [ 3336217.670800000429153, 3072420.658500000834465 ], [ 3336210.76410000026226, 3072423.190099999308586 ], [ 3336206.35639999806881, 3072424.805700000375509 ], [ 3336194.118900001049042, 3072428.082299999892712 ], [ 3336193.441799998283386, 3072428.379000000655651 ], [ 3336187.177799999713898, 3072431.124200001358986 ], [ 3336166.112899996340275, 3072434.791799999773502 ], [ 3336158.796899996697903, 3072438.193799998611212 ], [ 3336144.447400003671646, 3072444.866500001400709 ], [ 3336133.213600002229214, 3072450.833099998533726 ], [ 3336121.939499996602535, 3072455.890099998563528 ], [ 3336101.676700003445148, 3072457.699299998581409 ], [ 3336092.849299997091293, 3072458.090399999171495 ], [ 3336084.142800003290176, 3072461.21059999987483 ], [ 3336080.773100003600121, 3072465.005800001323223 ], [ 3336079.249499998986721, 3072470.542300000786781 ], [ 3336082.139499999582767, 3072475.883099999278784 ], [ 3336085.831699997186661, 3072479.365499999374151 ], [ 3336090.527500003576279, 3072485.537900000810623 ], [ 3336093.498199999332428, 3072492.698100000619888 ], [ 3336093.820600003004074, 3072499.975699998438358 ], [ 3336092.377599999308586, 3072507.331599999219179 ], [ 3336089.971199996769428, 3072512.9070999994874 ], [ 3336088.407200001180172, 3072517.5337999984622 ], [ 3336089.57209999859333, 3072523.86259999871254 ], [ 3336093.223999999463558, 3072526.4353 ], [ 3336096.835500001907349, 3072528.098299998790026 ], [ 3336101.410400003194809, 3072531.541499998420477 ], [ 3336105.183200001716614, 3072536.843299999833107 ], [ 3336106.348099999129772, 3072543.1721 ], [ 3336105.747500002384186, 3072549.579100001603365 ], [ 3336102.579300001263618, 3072557.922800000756979 ], [ 3336097.645599998533726, 3072566.344799999147654 ], [ 3336084.287699997425079, 3072584.254799999296665 ], [ 3336082.370800003409386, 3072587.364700000733137 ], [ 3336081.943000003695488, 3072588.058699999004602 ], [ 3336078.511600002646446, 3072593.625599998980761 ], [ 3336074.501000002026558, 3072602.918099999427795 ], [ 3336074.142200000584126, 3072614.783300001174212 ], [ 3336075.1096, 3072636.616099998354912 ], [ 3336079.724799998104572, 3072640.969000000506639 ], [ 3336085.1824000030756, 3072644.373199999332428 ], [ 3336096.2588, 3072654.8202 ], [ 3336098.299199998378754, 3072658.590900000184774 ], [ 3336103.965499997138977, 3072669.0625 ], [ 3336111.228799998760223, 3072673.298099998384714 ], [ 3336124.151299998164177, 3072685.486400000751019 ], [ 3336131.454899996519089, 3072690.631700001657009 ], [ 3336138.516699999570847, 3072690.318799998611212 ], [ 3336143.611599996685982, 3072685.535700000822544 ], [ 3336149.71000000089407, 3072683.442499998956919 ], [ 3336158.65820000320673, 3072685.780600000172853 ], [ 3336166.763999998569489, 3072689.067400000989437 ], [ 3336176.514300003647804, 3072689.546900000423193 ], [ 3336182.733599998056889, 3072690.182900000363588 ], [ 3336188.191200003027916, 3072693.587099999189377 ], [ 3336189.315700002014637, 3072699.006099998950958 ], [ 3336191.282700002193451, 3072703.476399999111891 ], [ 3336197.582699999213219, 3072705.931800000369549 ], [ 3336203.802000001072884, 3072706.567699998617172 ], [ 3336213.471699997782707, 3072705.227899998426437 ], [ 3336222.178099997341633, 3072702.107799999415874 ], [ 3336239.469899997115135, 3072693.1385000012815 ], [ 3336255.278399996459484, 3072690.615299999713898 ], [ 3336262.179099999368191, 3072686.663699999451637 ] ] ], [ [ [ 3338247.523900002241135, 3072700.940200001001358 ], [ 3338272.2804000005126, 3072700.758400000631809 ], [ 3338303.25620000064373, 3072701.21339999884367 ], [ 3338313.848899997770786, 3072700.745700001716614 ], [ 3338323.478500001132488, 3072698.497499998658895 ], [ 3338332.867200002074242, 3072690.79109999909997 ], [ 3338339.487099997699261, 3072680.472600001841784 ], [ 3338346.829099997878075, 3072666.476300001144409 ], [ 3338352.325400002300739, 3072650.738499999046326 ], [ 3338355.253799997270107, 3072636.936999998986721 ], [ 3338359.105099998414516, 3072624.006299998611212 ], [ 3338368.333099998533726, 3072612.661100000143051 ], [ 3338379.366800002753735, 3072602.147700000554323 ], [ 3338419.329000003635883, 3072565.74720000103116 ], [ 3338437.945900000631809, 3072546.695700000971556 ], [ 3338441.979900002479553, 3072540.953600000590086 ], [ 3338449.292700000107288, 3072530.544199999421835 ], [ 3338460.414200000464916, 3072514.713500000536442 ], [ 3338474.416799999773502, 3072491.308400001376867 ], [ 3338485.690800003707409, 3072466.200800001621246 ], [ 3338492.430699996650219, 3072438.558899998664856 ], [ 3338493.833999998867512, 3072410.24100000038743 ], [ 3338489.138400003314018, 3072384.0154 ], [ 3338480.951899997889996, 3072358.85530000180006 ], [ 3338477.821800000965595, 3072348.055700000375509 ], [ 3338474.731799997389317, 3072338.165899999439716 ], [ 3338470.018899999558926, 3072328.92960000038147 ], [ 3338468.35809999704361, 3072322.688499998301268 ], [ 3338469.004299998283386, 3072319.947500001639128 ], [ 3338471.159800000488758, 3072317.359499998390675 ], [ 3338470.550499998033047, 3072303.557700000703335 ], [ 3338470.477099999785423, 3072301.894400000572205 ], [ 3338469.528200000524521, 3072301.386599998921156 ], [ 3338446.76969999819994, 3072289.206799998879433 ], [ 3338440.58330000191927, 3072285.896000001579523 ], [ 3338426.940399996936321, 3072277.383499998599291 ], [ 3338412.454899996519089, 3072269.819600000977516 ], [ 3338398.210400000214577, 3072267.714099999517202 ], [ 3338383.1233000010252, 3072266.557199999690056 ], [ 3338364.465000003576279, 3072264.646600000560284 ], [ 3338339.386399999260902, 3072257.550599999725819 ], [ 3338315.872500002384186, 3072245.828099999576807 ], [ 3338310.415299996733665, 3072242.423099998384714 ], [ 3338302.189300000667572, 3072236.405999999493361 ], [ 3338296.491099998354912, 3072227.542700000107288 ], [ 3338296.089400000870228, 3072218.445599999278784 ], [ 3338297.840899996459484, 3072212.084699999541044 ], [ 3338298.118900001049042, 3072211.075199998915195 ], [ 3338298.37610000371933, 3072210.14130000025034 ], [ 3338300.8235, 3072205.47580000013113 ], [ 3338309.088699996471405, 3072192.350000001490116 ], [ 3338315.548199996352196, 3072178.392499998211861 ], [ 3338315.587399996817112, 3072159.249600000679493 ], [ 3338311.252999998629093, 3072141.211300000548363 ], [ 3338307.666000001132488, 3072121.179000001400709 ], [ 3338307.554099999368191, 3072120.554000001400709 ], [ 3338306.556999996304512, 3072114.985500000417233 ], [ 3338303.3462999984622, 3072102.366500001400709 ], [ 3338298.410300001502037, 3072090.735100001096725 ], [ 3338293.67509999871254, 3072083.652300000190735 ], [ 3338287.214599996805191, 3072077.557199999690056 ], [ 3338278.266500003635883, 3072075.217799998819828 ], [ 3338269.479000002145767, 3072076.517400000244379 ], [ 3338260.771899998188019, 3072079.636300001293421 ], [ 3338248.65429999679327, 3072085.6404 ], [ 3338237.459600001573563, 3072092.5152000002563 ], [ 3338226.986900001764297, 3072095.712099999189377 ], [ 3338216.434000000357628, 3072097.089600000530481 ], [ 3338208.4087999984622, 3072095.621100001037121 ], [ 3338200.423699997365475, 3072095.062199998646975 ], [ 3338192.559199996292591, 3072097.232500001788139 ], [ 3338184.775100000202656, 3072101.222300000488758 ], [ 3338172.858400002121925, 3072111.774900000542402 ], [ 3338170.370800003409386, 3072115.530799999833107 ], [ 3338168.766000002622604, 3072119.247600000351667 ], [ 3338164.432599999010563, 3072121.261999998241663 ], [ 3338159.055600002408028, 3072119.6765 ], [ 3338156.2466000020504, 3072116.154599998146296 ], [ 3338153.39750000089407, 3072111.723000001162291 ], [ 3338149.464599996805191, 3072102.781800001859665 ], [ 3338145.611100003123283, 3072096.332299999892712 ], [ 3338144.6891999989748, 3072094.789299998432398 ], [ 3338135.660700000822544, 3072090.630699999630451 ], [ 3338127.7478, 3072090.980099998414516 ], [ 3338125.067500002682209, 3072091.098499998450279 ], [ 3338114.594899997115135, 3072094.2956000007689 ], [ 3338110.611299999058247, 3072097.886500000953674 ], [ 3338106.088799998164177, 3072101.963199999183416 ], [ 3338101.234200000762939, 3072112.204 ], [ 3338102.639300003647804, 3072123.991300001740456 ], [ 3338108.337700001895428, 3072132.854400001466274 ], [ 3338116.563799999654293, 3072138.871500000357628 ], [ 3338134.741400003433228, 3072149.917899999767542 ], [ 3338154.644199997186661, 3072159.976700000464916 ], [ 3338164.555399999022484, 3072164.096400000154972 ], [ 3338173.624099999666214, 3072169.164799999445677 ], [ 3338179.24210000038147, 3072176.208599999547005 ], [ 3338182.292099997401237, 3072185.188700001686811 ], [ 3338182.584299996495247, 3072191.804099999368191 ], [ 3338182.646999999880791, 3072193.224300000816584 ], [ 3338182.693899996578693, 3072194.285799998790026 ], [ 3338180.447400003671646, 3072203.499899998307228 ], [ 3338177.197599999606609, 3072210.023800000548363 ], [ 3338171.460299998521805, 3072220.30350000038743 ], [ 3338158.942199997603893, 3072237.2632 ], [ 3338144.538099996745586, 3072251.571600001305342 ], [ 3338121.467200003564358, 3072269.9087999984622 ], [ 3338099.679700002074242, 3072277.251600001007318 ], [ 3338078.815200001001358, 3072285.46510000154376 ], [ 3338072.091300003230572, 3072293.035999998450279 ], [ 3338069.358900003135204, 3072296.11259999871254 ], [ 3338068.70440000295639, 3072296.849500000476837 ], [ 3338057.710799999535084, 3072308.272900000214577 ], [ 3338041.300300002098083, 3072317.201200000941753 ], [ 3338024.849500000476837, 3072325.219799999147654 ], [ 3338008.278300002217293, 3072330.509300000965595 ], [ 3337991.546300001442432, 3072332.160000000149012 ], [ 3337974.733900003135204, 3072331.9912 ], [ 3337961.452399998903275, 3072331.666499998420477 ], [ 3337948.973399996757507, 3072329.483399998396635 ], [ 3337934.907300002872944, 3072321.469399999827147 ], [ 3337932.641800001263618, 3072320.178599998354912 ], [ 3337917.11259999871254, 3072309.015500001609325 ], [ 3337893.839500002563, 3072302.751899998635054 ], [ 3337869.76410000026226, 3072298.346799999475479 ], [ 3337864.218800000846386, 3072297.545899998396635 ], [ 3337846.311700001358986, 3072294.959399998188019 ], [ 3337835.938199996948242, 3072293.461100000888109 ], [ 3337802.07209999859333, 3072287.665699999779463 ], [ 3337777.916199997067451, 3072281.441300000995398 ], [ 3337754.602899998426437, 3072274.268300000578165 ], [ 3337742.84570000320673, 3072268.407499998807907 ], [ 3337730.245899997651577, 3072263.495400000363588 ], [ 3337717.88740000128746, 3072264.041600000113249 ], [ 3337705.649499997496605, 3072267.3169 ], [ 3337693.451800003647804, 3072271.502000000327826 ], [ 3337669.9391999989748, 3072279.833099998533726 ], [ 3337645.46339999884367, 3072286.383900001645088 ], [ 3337622.431500002741814, 3072285.579 ], [ 3337599.23870000243187, 3072281.135200001299381 ], [ 3337581.302100002765656, 3072275.547699999064207 ], [ 3337562.563299998641014, 3072271.81870000064373 ], [ 3337550.973399996757507, 3072272.759199999272823 ], [ 3337549.039800003170967, 3072272.91609999909997 ], [ 3337537.886500000953674, 3072273.821100000292063 ], [ 3337514.213100001215935, 3072278.513599999248981 ], [ 3337482.870300002396107, 3072286.075300000607967 ], [ 3337481.832800000905991, 3072286.325599998235703 ], [ 3337467.206299997866154, 3072291.221200000494719 ], [ 3337450.456000000238419, 3072296.8277000002563 ], [ 3337436.653800003230572, 3072304.729899998754263 ], [ 3337421.928599998354912, 3072311.761300001293421 ], [ 3337407.885099999606609, 3072314.205299999564886 ], [ 3337393.680600002408028, 3072313.010400000959635 ], [ 3337379.275100000202656, 3072307.267000000923872 ], [ 3337365.7522, 3072301.4846 ], [ 3337350.705300003290176, 3072301.238499999046326 ], [ 3337339.141800001263618, 3072304.00789999961853 ], [ 3337336.701999999582767, 3072304.592199999839067 ], [ 3337329.882600001990795, 3072305.726599998772144 ], [ 3337321.775700002908707, 3072307.075199998915195 ], [ 3337303.318400003015995, 3072309.714400000870228 ], [ 3337284.74040000140667, 3072309.624600000679493 ], [ 3337272.140600003302097, 3072304.712900001555681 ], [ 3337259.500399999320507, 3072298.8915 ], [ 3337230.809799998998642, 3072290.134100001305342 ], [ 3337226.726000003516674, 3072287.397700000554323 ], [ 3337218.04900000244379, 3072281.583599999547005 ], [ 3337210.023699998855591, 3072280.115600001066923 ], [ 3337201.3169, 3072283.235199999064207 ], [ 3337196.659100003540516, 3072290.268699999898672 ], [ 3337196.342299997806549, 3072290.747099999338388 ], [ 3337193.133199997246265, 3072298.1809 ], [ 3337192.970600001513958, 3072298.364 ], [ 3337187.235699996352196, 3072304.822200000286102 ], [ 3337175.961099997162819, 3072309.8783 ], [ 3337163.763599999248981, 3072314.063799999654293 ], [ 3337130.3800999969244, 3072319.186500001698732 ], [ 3337096.194300003349781, 3072326.167700000107288 ], [ 3337080.506099998950958, 3072331.419100001454353 ], [ 3337065.740900002419949, 3072337.541299998760223 ], [ 3337044.396600000560284, 3072354.892299998551607 ], [ 3337024.898400001227856, 3072373.984700001776218 ], [ 3337013.905699998140335, 3072385.408900000154972 ], [ 3337001.949799999594688, 3072395.052700001746416 ], [ 3336988.107600003480911, 3072402.0456000007689 ], [ 3336973.302199997007847, 3072407.258099999278784 ], [ 3336960.101300001144409, 3072408.753699999302626 ], [ 3336947.243900001049042, 3072410.154699999839067 ], [ 3336946.017700001597404, 3072410.28830000013113 ], [ 3336932.098800003528595, 3072414.256099998950958 ], [ 3336911.953000001609325, 3072419.999000001698732 ], [ 3336896.184399999678135, 3072423.43129999935627 ], [ 3336881.379100002348423, 3072428.643899999558926 ], [ 3336871.789700001478195, 3072431.802700001746416 ], [ 3336865.043399997055531, 3072434.219999998807907 ], [ 3336863.082999996840954, 3072434.922400001436472 ], [ 3336856.343199998140335, 3072442.512600000947714 ], [ 3336854.137800000607967, 3072452.636500000953674 ], [ 3336857.228799998760223, 3072462.526099998503923 ], [ 3336863.689800001680851, 3072468.62049999833107 ], [ 3336870.872500002384186, 3072471.037099998444319 ], [ 3336874.9087999984622, 3072471.775400001555681 ], [ 3336878.897699996829033, 3072472.504999998956919 ], [ 3336881.414099998772144, 3072472.908599998801947 ], [ 3336896.713500000536442, 3072475.362500000745058 ], [ 3336914.287799999117851, 3072472.761799998581409 ], [ 3336929.855099998414516, 3072464.781100001186132 ], [ 3336945.382100000977516, 3072455.890700001269579 ], [ 3336962.835699997842312, 3072450.561000000685453 ], [ 3336980.409999996423721, 3072447.960400000214577 ], [ 3336995.376299999654293, 3072446.386700000613928 ], [ 3337010.423199996352196, 3072446.632500000298023 ], [ 3337027.597699999809265, 3072454.987399999052286 ], [ 3337040.834100000560284, 3072464.501200001686811 ], [ 3337043.127599999308586, 3072466.149700000882149 ], [ 3337057.653899997472763, 3072474.621800001710653 ], [ 3337073.82490000128746, 3072480.286800000816584 ], [ 3337085.774700000882149, 3072481.509399998933077 ], [ 3337092.48309999704361, 3072482.195799998939037 ], [ 3337109.611599996685982, 3072481.438099998980761 ], [ 3337111.020700000226498, 3072481.375799998641014 ], [ 3337127.671999998390675, 3072477.904699999839067 ], [ 3337143.319799996912479, 3072471.743599999696016 ], [ 3337152.7483000010252, 3072464.946100000292063 ], [ 3337161.213500000536442, 3072456.368299998342991 ], [ 3337168.154700003564358, 3072453.3268 ], [ 3337180.432599999010563, 3072450.960799999535084 ], [ 3337192.871500000357628, 3072452.233600001782179 ], [ 3337205.431000001728535, 3072456.235399998724461 ], [ 3337214.499899998307228, 3072461.303199999034405 ], [ 3337223.528499998152256, 3072465.461300000548363 ], [ 3337235.886799998581409, 3072464.914700001478195 ], [ 3337247.201499998569489, 3072460.768300000578165 ], [ 3337259.600100003182888, 3072461.131400000303984 ], [ 3337266.782700002193451, 3072463.5482 ], [ 3337273.203299999237061, 3072468.733199998736382 ], [ 3337275.330899998545647, 3072476.842399999499321 ], [ 3337273.00450000166893, 3072484.237199999392033 ], [ 3337274.249399997293949, 3072492.385499998927116 ], [ 3337278.944700002670288, 3072498.558200001716614 ], [ 3337285.325000002980232, 3072502.833399999886751 ], [ 3337293.26969999819994, 3072502.482099998742342 ], [ 3337299.287900000810623, 3072498.570000000298023 ], [ 3337306.229099996387959, 3072495.528499998152256 ], [ 3337315.979500003159046, 3072496.0088 ], [ 3337325.850500002503395, 3072499.218199998140335 ], [ 3337334.879000000655651, 3072503.376400001347065 ], [ 3337346.877599999308586, 3072514.695000000298023 ], [ 3337356.308399997651577, 3072527.950199998915195 ], [ 3337367.464400000870228, 3072540.217599999159575 ], [ 3337388.33049999922514, 3072552.055700000375509 ], [ 3337398.322200000286102, 3072557.994199998676777 ], [ 3337408.273599997162819, 3072563.02309999987483 ], [ 3337424.283500000834465, 3072565.049600001424551 ], [ 3337441.09570000320673, 3072565.217700000852346 ], [ 3337470.266099996864796, 3072564.839400000870228 ], [ 3337498.433200001716614, 3072561.771099999547005 ], [ 3337517.652199998497963, 3072556.364 ], [ 3337535.988600000739098, 3072550.995900001376867 ], [ 3337575.430200003087521, 3072542.871899999678135 ], [ 3337581.5691, 3072541.689100001007318 ], [ 3337599.223800003528595, 3072540.908599998801947 ], [ 3337612.70610000193119, 3072545.781500000506639 ], [ 3337638.146499998867512, 3072561.0636 ], [ 3337666.154600001871586, 3072574.409299999475479 ], [ 3337686.853500001132488, 3072581.765599999576807 ], [ 3337695.07940000295639, 3072584.689100001007318 ], [ 3337695.807499997317791, 3072584.947900000959635 ], [ 3337703.300599999725819, 3072586.417899999767542 ], [ 3337726.142099998891354, 3072590.899000000208616 ], [ 3337793.229800000786781, 3072587.934099998325109 ], [ 3337817.224399998784065, 3072590.519600000232458 ], [ 3337819.030100002884865, 3072591.351300001144409 ], [ 3337846.957599997520447, 3072602.877900000661612 ], [ 3337867.273699998855591, 3072616.283900000154972 ], [ 3337871.555100001394749, 3072619.109099999070168 ], [ 3337895.350199997425079, 3072637.198699999600649 ], [ 3337915.453599996864796, 3072651.805500000715256 ], [ 3337921.994400002062321, 3072659.719799999147654 ], [ 3337930.220299996435642, 3072665.736699998378754 ], [ 3337941.736000001430511, 3072666.139400001615286 ], [ 3337942.794399999082088, 3072665.909099999815226 ], [ 3337952.2483000010252, 3072663.852000001817942 ], [ 3337965.040299996733665, 3072657.513300001621246 ], [ 3337976.4824, 3072651.843499999493361 ], [ 3337988.679899998009205, 3072647.6587999984622 ], [ 3338000.957699999213219, 3072645.293400000780821 ], [ 3338010.707900002598763, 3072645.774099998176098 ], [ 3338020.538500003516674, 3072648.074200000613928 ], [ 3338030.650399997830391, 3072656.7423 ], [ 3338040.802500002086163, 3072666.320099998265505 ], [ 3338053.401799999177456, 3072671.232299998402596 ], [ 3338066.80349999666214, 3072674.286200001835823 ], [ 3338083.936999998986721, 3072681.732700001448393 ], [ 3338101.351700000464916, 3072695.546999998390675 ], [ 3338111.42339999973774, 3072703.305399999022484 ], [ 3338121.454800002276897, 3072710.154100000858307 ], [ 3338133.171300001442432, 3072715.105399999767542 ], [ 3338145.690200001001358, 3072718.198399998247623 ], [ 3338161.659599997103214, 3072719.315999999642372 ], [ 3338177.508500002324581, 3072717.704500000923872 ], [ 3338188.983900003135204, 3072717.197700001299381 ], [ 3338196.888300001621246, 3072715.937100000679493 ], [ 3338222.165899999439716, 3072707.528900001198053 ], [ 3338247.523900002241135, 3072700.940200001001358 ] ] ], [ [ [ 3337665.041299998760223, 3072703.273499999195337 ], [ 3337661.910700000822544, 3072702.840799998492002 ], [ 3337659.006800003349781, 3072703.924499999731779 ], [ 3337656.2478, 3072707.318999998271465 ], [ 3337653.834100000560284, 3072713.223999999463558 ], [ 3337653.097800001502037, 3072717.53940000012517 ], [ 3337654.05799999833107, 3072723.35020000115037 ], [ 3337655.844999998807907, 3072726.653599999845028 ], [ 3337659.656000003218651, 3072728.736299999058247 ], [ 3337662.213899999856949, 3072729.468899998813868 ], [ 3337664.490299999713898, 3072729.137600000947714 ], [ 3337666.8158999979496, 3072728.474800001829863 ], [ 3337668.792900003492832, 3072726.191100001335144 ], [ 3337670.67790000140667, 3072721.82490000128746 ], [ 3337671.355099998414516, 3072716.172400001436472 ], [ 3337670.7478, 3072709.665100000798702 ], [ 3337668.606299996376038, 3072705.817400000989437 ], [ 3337665.041299998760223, 3072703.273499999195337 ] ] ], [ [ [ 3337484.329000003635883, 3072741.912099998444319 ], [ 3337473.549999997019768, 3072740.576699998229742 ], [ 3337470.604000002145767, 3072740.706900000572205 ], [ 3337468.701399996876717, 3072742.262600000947714 ], [ 3337468.106499999761581, 3072743.749499998986721 ], [ 3337468.434500001370907, 3072746.10700000077486 ], [ 3337470.023000001907349, 3072749.979200001806021 ], [ 3337481.724500000476837, 3072757.2368 ], [ 3337485.389399997889996, 3072758.425500001758337 ], [ 3337488.01630000025034, 3072758.309399999678135 ], [ 3337490.816200003027916, 3072757.285100001841784 ], [ 3337493.541400000452995, 3072754.572900000959635 ], [ 3337494.163199998438358, 3072751.283900000154972 ], [ 3337493.141000002622604, 3072748.166400000452995 ], [ 3337491.379100002348423, 3072745.43299999833107 ], [ 3337484.329000003635883, 3072741.912099998444319 ] ] ], [ [ [ 3339982.94879999756813, 3075213.813000001013279 ], [ 3339993.085400000214577, 3075207.400600001215935 ], [ 3340006.177400000393391, 3075199.1184 ], [ 3340031.291299998760223, 3075187.075100000947714 ], [ 3340054.078100003302097, 3075182.425700001418591 ], [ 3340077.025200001895428, 3075181.414900001138449 ], [ 3340085.931100003421307, 3075182.845499999821186 ], [ 3340094.836999997496605, 3075184.276000000536442 ], [ 3340098.563199996948242, 3075184.494899999350309 ], [ 3340112.568800002336502, 3075185.317800000309944 ], [ 3340131.745099999010563, 3075179.004700001329184 ], [ 3340148.916000001132488, 3075167.3114 ], [ 3340158.906000003218651, 3075153.200199998915195 ], [ 3340165.3257, 3075138.334699999541044 ], [ 3340169.899999998509884, 3075121.727699998766184 ], [ 3340170.295199997723103, 3075119.791499998420477 ], [ 3340170.654899999499321, 3075118.028999999165535 ], [ 3340175.718800000846386, 3075093.217500001192093 ], [ 3340177.967100001871586, 3075063.953000001609325 ], [ 3340178.088600002229214, 3075046.630699999630451 ], [ 3340176.444799996912479, 3075029.386100001633167 ], [ 3340172.976700000464916, 3075016.156100001186132 ], [ 3340172.193300001323223, 3075013.167700000107288 ], [ 3340168.882200002670288, 3075008.396499998867512 ], [ 3340159.918399997055531, 3074995.479899998754263 ], [ 3340145.035700000822544, 3074978.818300001323223 ], [ 3340130.835299998521805, 3074957.569600000977516 ], [ 3340118.359999999403954, 3074935.333500001579523 ], [ 3340116.278800003230572, 3074930.170800000429153 ], [ 3340114.197599999606609, 3074925.008099999278784 ], [ 3340110.41780000180006, 3074915.631999999284744 ], [ 3340103.318099997937679, 3074894.98200000077486 ], [ 3340091.607299998402596, 3074829.875199999660254 ], [ 3340085.39019999653101, 3074809.186299998313189 ], [ 3340076.56530000269413, 3074789.523600000888109 ], [ 3340063.48759999871254, 3074773.693999998271465 ], [ 3340060.572599999606609, 3074770.759799998253584 ], [ 3340054.634999997913837, 3074764.78319999948144 ], [ 3340049.607500001788139, 3074759.722500000149012 ], [ 3340034.60419999808073, 3074740.331999998539686 ], [ 3340018.718400001525879, 3074720.980399999767542 ], [ 3339988.39019999653101, 3074694.973499998450279 ], [ 3339970.096799999475479, 3074681.19649999961257 ], [ 3339952.645999997854233, 3074666.471000000834465 ], [ 3339946.949600003659725, 3074657.607700001448393 ], [ 3339942.13570000231266, 3074648.70549999922514 ], [ 3339935.521999999880791, 3074642.463799998164177 ], [ 3339934.754199996590614, 3074641.739199999719858 ], [ 3339930.21509999781847, 3074640.399999998509884 ], [ 3339924.002599999308586, 3074638.567200001329184 ], [ 3339913.371200002729893, 3074638.124099999666214 ], [ 3339899.329499997198582, 3074640.565600000321865 ], [ 3339886.290799997746944, 3074645.697200000286102 ], [ 3339873.292099997401237, 3074651.738499999046326 ], [ 3339842.119300000369549, 3074666.783500000834465 ], [ 3339818.689599998295307, 3074676.930100001394749 ], [ 3339795.982299998402596, 3074683.399300001561642 ], [ 3339777.92849999666214, 3074695.131999999284744 ], [ 3339761.680100001394749, 3074707.696600001305342 ], [ 3339752.666500002145767, 3074713.14299999922514 ], [ 3339730.498099997639656, 3074726.537999998778105 ], [ 3339703.105999998748302, 3074743.089299999177456 ], [ 3339675.744599997997284, 3074764.346599999815226 ], [ 3339641.723399996757507, 3074795.011799998581409 ], [ 3339624.480599999427795, 3074813.496599998325109 ], [ 3339623.990599997341633, 3074814.021899998188019 ], [ 3339617.595799997448921, 3074824.512299999594688 ], [ 3339611.181800000369549, 3074835.034099999815226 ], [ 3339609.146300002932549, 3074838.3733000010252 ], [ 3339604.482699997723103, 3074848.786200001835823 ], [ 3339597.070100001990795, 3074865.337000001221895 ], [ 3339589.888599999248981, 3074882.970600001513958 ], [ 3339583.629699997603893, 3074901.475000001490116 ], [ 3339581.029600001871586, 3074917.853300001472235 ], [ 3339580.861199997365475, 3074918.914200000464916 ], [ 3339579.0154, 3074937.223999999463558 ], [ 3339579.014899998903275, 3074957.275400001555681 ], [ 3339580.779700003564358, 3074977.2489 ], [ 3339585.112000003457069, 3074995.286400001496077 ], [ 3339585.810099996626377, 3074997.342700000852346 ], [ 3339591.209499999880791, 3075013.246100001037121 ], [ 3339599.392899997532368, 3075038.405299998819828 ], [ 3339609.341499999165535, 3075063.486600000411272 ], [ 3339614.549800001084805, 3075073.117899999022484 ], [ 3339627.634300000965595, 3075097.314300000667572 ], [ 3339634.61429999768734, 3075115.235100001096725 ], [ 3339638.084200002253056, 3075123.740699999034405 ], [ 3339640.006300002336502, 3075128.452300000935793 ], [ 3339641.554099999368191, 3075132.246199999004602 ], [ 3339657.720799997448921, 3075157.964800000190735 ], [ 3339673.566600002348423, 3075176.406199999153614 ], [ 3339676.431599996984005, 3075178.974399998784065 ], [ 3339682.773299999535084, 3075184.658900000154972 ], [ 3339691.979900002479553, 3075192.91160000115633 ], [ 3339705.659599997103214, 3075202.334399998188019 ], [ 3339721.024300001561642, 3075209.859999999403954 ], [ 3339743.289200000464916, 3075213.4358000010252 ], [ 3339766.276299998164177, 3075213.334199998527765 ], [ 3339795.401399999856949, 3075212.050799999386072 ], [ 3339803.656000003218651, 3075212.202300000935793 ], [ 3339810.509199999272823, 3075212.328000001609325 ], [ 3339824.606600001454353, 3075212.58669999986887 ], [ 3339836.783900000154972, 3075215.596999999135733 ], [ 3339849.639499999582767, 3075218.774999998509884 ], [ 3339868.471100002527237, 3075224.330800000578165 ], [ 3339873.829800002276897, 3075225.911800000816584 ], [ 3339914.748999997973442, 3075231.400299999862909 ], [ 3339918.043399997055531, 3075232.436900001019239 ], [ 3339927.655100002884865, 3075235.461399998515844 ], [ 3339929.993299998342991, 3075236.197200000286102 ], [ 3339945.999899998307228, 3075238.226199999451637 ], [ 3339959.920699998736382, 3075233.055799998342991 ], [ 3339970.993500001728535, 3075223.45380000025034 ], [ 3339982.94879999756813, 3075213.813000001013279 ] ] ], [ [ [ 3337683.580300003290176, 3077668.916700001806021 ], [ 3337678.898500002920628, 3077660.844500001519918 ], [ 3337676.235200002789497, 3077656.504200000315905 ], [ 3337668.554499998688698, 3077650.47520000115037 ], [ 3337666.676399998366833, 3077649.921300001442432 ], [ 3337664.209899999201298, 3077650.0304000005126 ], [ 3337662.388099998235703, 3077650.7478 ], [ 3337641.900100000202656, 3077662.480399999767542 ], [ 3337626.512199997901917, 3077663.797699999064207 ], [ 3337622.111299999058247, 3077662.081700000911951 ], [ 3337610.395199999213219, 3077662.599800001829863 ], [ 3337606.163000002503395, 3077664.697500001639128 ], [ 3337605.01410000026226, 3077666.658900000154972 ], [ 3337604.566100001335144, 3077670.5 ], [ 3337603.36259999871254, 3077685.201099999248981 ], [ 3337595.06870000064373, 3077707.2212999984622 ], [ 3337595.4341000020504, 3077715.484299998730421 ], [ 3337598.854599997401237, 3077722.975499998778105 ], [ 3337612.253700003027916, 3077732.572799999266863 ], [ 3337618.5044, 3077734.206999998539686 ], [ 3337628.3706, 3077733.770700000226498 ], [ 3337635.041199997067451, 3077730.928300000727177 ], [ 3337650.288500003516674, 3077726.432900000363588 ], [ 3337661.134999997913837, 3077720.221500001847744 ], [ 3337677.390799999237061, 3077710.58669999986887 ], [ 3337683.191799998283386, 3077702.050900001078844 ], [ 3337685.0962999984622, 3077689.229400001466274 ], [ 3337684.618500001728535, 3077678.423799999058247 ], [ 3337683.580300003290176, 3077668.916700001806021 ] ] ], [ [ [ 3329411.746699996292591, 3114234.189599998295307 ], [ 3329423.347699999809265, 3114218.296500001102686 ], [ 3329496.013300001621246, 3114221.988200001418591 ], [ 3329533.930100001394749, 3114224.290199998766184 ], [ 3329640.846600003540516, 3114224.032400000840425 ], [ 3329669.344700001180172, 3114224.9254 ], [ 3329818.731499999761581, 3114238.657299999147654 ], [ 3329906.427699998021126, 3114240.962000001221895 ], [ 3329985.888099998235703, 3114241.033700000494719 ], [ 3330067.850699998438358, 3114236.219500001519918 ], [ 3330108.076300002634525, 3114228.643399998545647 ], [ 3330190.860600002110004, 3114209.136300001293421 ], [ 3330264.68299999833107, 3114191.843899998813868 ], [ 3330270.907999999821186, 3114190.794399999082088 ], [ 3330277.088100001215935, 3114190.767700001597404 ], [ 3330299.280000001192093, 3114180.212499998509884 ], [ 3330342.096900001168251, 3114163.666600000113249 ], [ 3330408.50110000371933, 3114148.996800001710653 ], [ 3330419.139300003647804, 3114138.533399999141693 ], [ 3330495.421599999070168, 3114074.133699998259544 ], [ 3330532.200099997222424, 3114042.213799998164177 ], [ 3330553.494699999690056, 3114024.47410000115633 ], [ 3330587.567500002682209, 3114030.406199999153614 ], [ 3330606.34570000320673, 3113963.408700000494719 ], [ 3330609.278099998831749, 3113955.817499998956919 ], [ 3330617.485100001096725, 3113908.736200001090765 ], [ 3330621.151100002229214, 3113881.974700000137091 ], [ 3330623.5337999984622, 3113864.580899998545647 ], [ 3330625.093199998140335, 3113846.337400000542402 ], [ 3330639.158399999141693, 3113827.726799998432398 ], [ 3330648.139799997210503, 3113772.885499998927116 ], [ 3330663.580300003290176, 3113674.124099999666214 ], [ 3330680.225400000810623, 3113596.403099998831749 ], [ 3330683.463500000536442, 3113579.889800000935793 ], [ 3330697.306900002062321, 3113577.131299998611212 ], [ 3330754.2676, 3113566.199799999594688 ], [ 3330768.033299997448921, 3113563.55799999833107 ], [ 3330778.381399996578693, 3113560.469000000506639 ], [ 3330850.99040000140667, 3113551.296999998390675 ], [ 3330880.75900000333786, 3113556.303599998354912 ], [ 3330880.99210000038147, 3113556.3277000002563 ], [ 3330914.359700001776218, 3113567.737100001424551 ], [ 3330931.160499997437, 3113507.452300000935793 ], [ 3330978.485100001096725, 3113481.234900001436472 ], [ 3331001.878300003707409, 3113462.113499999046326 ], [ 3330999.814599998295307, 3113416.016600001603365 ], [ 3330966.871799997985363, 3113357.244300000369549 ], [ 3330926.077299997210503, 3113311.401999998837709 ], [ 3330897.393799997866154, 3113300.52589999884367 ], [ 3330807.088899999856949, 3113314.610800001770258 ], [ 3330635.934799998998642, 3113328.300900001078844 ], [ 3330585.64750000089407, 3113288.380100000649691 ], [ 3330470.202600002288818, 3113327.692200001329184 ], [ 3330399.534400001168251, 3113419.221400000154972 ], [ 3330240.212600000202656, 3113426.361099999397993 ], [ 3330174.199500001966953, 3113441.369300000369549 ], [ 3330154.041400000452995, 3113532.643500000238419 ], [ 3330069.698700003325939, 3113544.45719999819994 ], [ 3330013.4003000035882, 3113460.6272 ], [ 3329999.542599998414516, 3113376.902100000530481 ], [ 3329969.460900001227856, 3113291.895799998193979 ], [ 3329880.943199999630451, 3113255.699499998241663 ], [ 3329814.300399996340275, 3113256.6798 ], [ 3329767.774499997496605, 3113210.567899998277426 ], [ 3329722.596699997782707, 3113194.51969999819994 ], [ 3329693.42400000244379, 3113219.927499998360872 ], [ 3329701.272299997508526, 3113259.740899998694658 ], [ 3329685.497900001704693, 3113268.481600001454353 ], [ 3329658.740699999034405, 3113257.632199998944998 ], [ 3329617.596400000154972, 3113241.403400000184774 ], [ 3329596.259999997913837, 3113216.252900000661612 ], [ 3329594.838500000536442, 3113216.068900000303984 ], [ 3329561.705300003290176, 3113211.778299998492002 ], [ 3329541.717500001192093, 3113216.691599998623133 ], [ 3329525.454999998211861, 3113259.594999998807907 ], [ 3329574.296599999070168, 3113272.529699999839067 ], [ 3329558.79280000180006, 3113274.657699998468161 ], [ 3329581.885499998927116, 3113301.245200000703335 ], [ 3329580.241099998354912, 3113399.723700001835823 ], [ 3329525.031499996781349, 3113430.316199999302626 ], [ 3329443.373000003397465, 3113411.889400001615286 ], [ 3329312.952799998223782, 3113387.618299998342991 ], [ 3329251.138899996876717, 3113316.086899999529123 ], [ 3329225.632100000977516, 3113315.741599999368191 ], [ 3329216.764300003647804, 3113315.621599998325109 ], [ 3329238.730999998748302, 3113354.800900001078844 ], [ 3329260.967399999499321, 3113399.992800001055002 ], [ 3329207.595100000500679, 3113426.48759999871254 ], [ 3329161.300300002098083, 3113430.574000000953674 ], [ 3329234.584700003266335, 3113487.531800001859665 ], [ 3329276.898199997842312, 3113529.813900001347065 ], [ 3329289.860299997031689, 3113593.495700001716614 ], [ 3329305.773699998855591, 3113611.401299998164177 ], [ 3329343.066399998962879, 3113653.362799998372793 ], [ 3329354.94879999756813, 3113692.993900001049042 ], [ 3329311.17339999973774, 3113753.196800000965595 ], [ 3329245.972099997103214, 3113786.246399998664856 ], [ 3329170.957599997520447, 3113825.761300001293421 ], [ 3329009.533399999141693, 3113831.000599998980761 ], [ 3328928.443800002336502, 3113854.5439000017941 ], [ 3328926.9983000010252, 3113888.42850000038743 ], [ 3328925.990599997341633, 3113899.38289999961853 ], [ 3328947.896300002932549, 3113915.108300000429153 ], [ 3328949.719300001859665, 3113916.416900001466274 ], [ 3328950.035999998450279, 3113916.241300001740456 ], [ 3328973.713799998164177, 3113903.113899998366833 ], [ 3329010.667599998414516, 3113926.798900000751019 ], [ 3329020.823700003325939, 3113936.944699998944998 ], [ 3329025.698100000619888, 3113945.342700000852346 ], [ 3329059.330600000917912, 3113974.9901 ], [ 3329077.54730000346899, 3113994.012499999254942 ], [ 3329081.334700003266335, 3114027.9901 ], [ 3329084.974399998784065, 3114075.852299999445677 ], [ 3329076.60869999974966, 3114102.578400000929832 ], [ 3329065.996399998664856, 3114136.481699999421835 ], [ 3329060.636900000274181, 3114156.755800001323223 ], [ 3329088.3445999994874, 3114171.769000001251698 ], [ 3329100.281800001859665, 3114177.776900000870228 ], [ 3329127.671899996697903, 3114179.398899998515844 ], [ 3329201.361000001430511, 3114186.836199998855591 ], [ 3329217.082699999213219, 3114189.993599999696016 ], [ 3329309.266400001943111, 3114202.270500000566244 ], [ 3329362.598999999463558, 3114209.425700001418591 ], [ 3329357.959700003266335, 3114229.9879 ], [ 3329388.303900003433228, 3114242.060499999672174 ], [ 3329411.746699996292591, 3114234.189599998295307 ] ] ], [ [ [ 3349436.751000002026558, 3119358.415699999779463 ], [ 3349441.953000001609325, 3119358.20719999819994 ], [ 3349447.134800001978874, 3119358.355000000447035 ], [ 3349452.296800002455711, 3119358.874600000679493 ], [ 3349457.423000000417233, 3119359.750900000333786 ], [ 3349462.467600002884865, 3119361.000799998641014 ], [ 3349467.413999997079372, 3119362.593800000846386 ], [ 3349472.230700001120567, 3119364.5152000002563 ], [ 3349476.903499998152256, 3119366.796399999409914 ], [ 3349481.478100001811981, 3119369.4206000007689 ], [ 3349500.134099997580051, 3119344.533700000494719 ], [ 3349504.043399997055531, 3119341.036200001835823 ], [ 3349510.244499996304512, 3119336.437699999660254 ], [ 3349511.738099999725819, 3119335.080899998545647 ], [ 3349523.277999997138977, 3119335.3125 ], [ 3349558.602899998426437, 3119317.271899998188019 ], [ 3349575.160700000822544, 3119308.112500000745058 ], [ 3349657.633500002324581, 3119257.498799998313189 ], [ 3349658.808200001716614, 3119243.513900000602007 ], [ 3349660.55629999935627, 3119222.830600000917912 ], [ 3349662.580899998545647, 3119219.0304000005126 ], [ 3349676.558300003409386, 3119206.030299998819828 ], [ 3349688.659000001847744, 3119191.443500000983477 ], [ 3349705.342200003564358, 3119167.400299999862909 ], [ 3349706.931500002741814, 3119165.097300000488758 ], [ 3349735.484499998390675, 3119141.446699999272823 ], [ 3349735.672700002789497, 3119114.712400000542402 ], [ 3349729.406999997794628, 3119081.554499998688698 ], [ 3349724.758199997246265, 3119051.495799999684095 ], [ 3349723.004299998283386, 3119040.155499998480082 ], [ 3349752.005800001323223, 3119005.978700000792742 ], [ 3349756.179700002074242, 3119001.059999998658895 ], [ 3349798.618500001728535, 3118954.015500001609325 ], [ 3349831.605400003492832, 3118903.910999998450279 ], [ 3349860.566200003027916, 3118855.450599998235703 ], [ 3349882.19709999859333, 3118819.447799999266863 ], [ 3349956.311700001358986, 3118702.515500001609325 ], [ 3350015.283900000154972, 3118534.21229999884963 ], [ 3350130.1721, 3118464.149999998509884 ], [ 3350157.406499996781349, 3118464.389899998903275 ], [ 3350245.66950000077486, 3118349.344799999147654 ], [ 3350294.407399997115135, 3118320.700199998915195 ], [ 3350315.18639999628067, 3118259.501400001347065 ], [ 3350389.837899997830391, 3118219.004999998956919 ], [ 3350465.865800000727177, 3118192.006999999284744 ], [ 3350441.64360000193119, 3118327.098000001162291 ], [ 3350470.935599997639656, 3118354.260899998247623 ], [ 3350465.065800003707409, 3118293.4408 ], [ 3350534.524499997496605, 3118261.1974 ], [ 3350604.087399996817112, 3118229.322500001639128 ], [ 3350624.168999999761581, 3118205.289099998772144 ], [ 3350641.518100000917912, 3118206.5962999984622 ], [ 3350645.140900000929832, 3118206.478999998420477 ], [ 3350666.95610000193119, 3118199.554000001400709 ], [ 3350668.306699998676777, 3118200.150299999862909 ], [ 3350674.558399997651577, 3118200.887499999254942 ], [ 3350687.074400000274181, 3118202.253100000321865 ], [ 3350695.988300003111362, 3118203.394999999552965 ], [ 3350699.74549999833107, 3118200.504700001329184 ], [ 3350673.233300000429153, 3118116.237100001424551 ], [ 3350681.509900003671646, 3118061.57319999858737 ], [ 3350681.770400002598763, 3118059.852699998766184 ], [ 3350682.991599999368191, 3118057.1418999992311 ], [ 3350688.387100003659725, 3118045.232299998402596 ], [ 3350692.472699999809265, 3118036.17509999871254 ], [ 3350689.112700000405312, 3118033.128800000995398 ], [ 3350627.483400002121925, 3117961.881000000983477 ], [ 3350592.20440000295639, 3117921.098299998790026 ], [ 3350505.681599996984005, 3117787.977899998426437 ], [ 3350481.035899996757507, 3117754.383400000631809 ], [ 3350471.781099997460842, 3117742.063999999314547 ], [ 3350459.131300002336502, 3117713.84180000051856 ], [ 3350450.206500001251698, 3117693.937300000339746 ], [ 3350425.3816, 3117638.5713 ], [ 3350379.884900003671646, 3117529.5735 ], [ 3350350.656400002539158, 3117504.723900001496077 ], [ 3350196.945699997246265, 3117530.111000001430511 ], [ 3350167.330600000917912, 3117496.127300001680851 ], [ 3350132.286399997770786, 3117439.456999998539686 ], [ 3350126.236599996685982, 3117374.127700001001358 ], [ 3350160.368600003421307, 3117342.118999999016523 ], [ 3350194.764799997210503, 3117309.862700000405312 ], [ 3350262.718199998140335, 3117269.009700000286102 ], [ 3350288.309199996292591, 3117201.987700000405312 ], [ 3350304.816299997270107, 3117202.406700000166893 ], [ 3350315.295299999415874, 3117202.716299999505281 ], [ 3350321.956399999558926, 3117159.30689999833703 ], [ 3350323.375600002706051, 3117150.05799999833107 ], [ 3350326.391199998557568, 3117130.406399998813868 ], [ 3350324.678199999034405, 3117127.912500001490116 ], [ 3350298.715700000524521, 3117090.114999998360872 ], [ 3350265.785199999809265, 3117042.173000000417233 ], [ 3350210.064800001680851, 3117013.345100000500679 ], [ 3350194.189499996602535, 3116969.937699999660254 ], [ 3350163.715899996459484, 3116914.869899999350309 ], [ 3350078.373999997973442, 3116814.5165 ], [ 3349890.268100000917912, 3116760.850400000810623 ], [ 3349871.847499996423721, 3116672.110399998724461 ], [ 3349869.222900003194809, 3116659.466699998825788 ], [ 3349866.117299996316433, 3116543.714999999850988 ], [ 3349860.860699996352196, 3116518.60869999974966 ], [ 3349861.612999998033047, 3116447.927000001072884 ], [ 3349862.202299997210503, 3116392.56529999896884 ], [ 3349852.744499996304512, 3116248.062899999320507 ], [ 3349845.144500002264977, 3116131.94649999961257 ], [ 3349841.949199996888638, 3116083.127000000327826 ], [ 3349852.821099996566772, 3116070.072799999266863 ], [ 3349995.736199997365475, 3115898.469700001180172 ], [ 3350038.440800003707409, 3115832.023400001227856 ], [ 3350124.154500000178814, 3115698.148400001227856 ], [ 3350303.1831, 3115597.998399998992682 ], [ 3350449.621899999678135, 3115565.74720000103116 ], [ 3350689.7820999994874, 3115509.932300001382828 ], [ 3351044.32039999961853, 3115570.661499999463558 ], [ 3351152.340800002217293, 3115626.483899999409914 ], [ 3351356.489200003445148, 3115560.5559 ], [ 3351595.663800001144409, 3115479.643199998885393 ], [ 3351669.081799998879433, 3115460.689300000667572 ], [ 3351728.999399997293949, 3115444.991700001060963 ], [ 3351746.099600002169609, 3115450.006099998950958 ], [ 3351779.217000000178814, 3115440.273899998515844 ], [ 3351937.075900003314018, 3115411.280200000852346 ], [ 3352101.349299997091293, 3115279.916999999433756 ], [ 3352193.515100002288818, 3115291.680500000715256 ], [ 3352243.8882, 3115285.302700001746416 ], [ 3352351.018200002610683, 3115246.5581 ], [ 3352380.999099999666214, 3115181.671900000423193 ], [ 3352563.950400002300739, 3115036.216299999505281 ], [ 3352589.743600003421307, 3115011.045299999415874 ], [ 3352707.38570000231266, 3115093.415199998766184 ], [ 3352823.834299996495247, 3115074.619100000709295 ], [ 3352937.758100003004074, 3115097.02309999987483 ], [ 3353143.388800002634525, 3115138.847300000488758 ], [ 3353353.092200003564358, 3115194.065099999308586 ], [ 3353427.481899999082088, 3115191.14640000090003 ], [ 3353460.001000002026558, 3115223.828699998557568 ], [ 3353436.021499998867512, 3115410.238699998706579 ], [ 3353473.800200000405312, 3115386.532299999147654 ], [ 3353529.063900001347065, 3115362.609900001436472 ], [ 3353560.616999998688698, 3115347.831000000238419 ], [ 3353608.132200002670288, 3115324.342300001531839 ], [ 3353620.992899999022484, 3115317.096500001847744 ], [ 3353723.972599998116493, 3115243.545299999415874 ], [ 3353736.987800002098083, 3115233.680100001394749 ], [ 3353860.995099999010563, 3115149.83839999884367 ], [ 3354017.744800001382828, 3115066.178399998694658 ], [ 3354076.077600002288818, 3115014.658700000494719 ], [ 3354243.714100003242493, 3114878.781199999153614 ], [ 3354459.193199999630451, 3114893.155699998140335 ], [ 3354535.764899998903275, 3114895.4054000005126 ], [ 3354668.404700003564358, 3114868.57319999858737 ], [ 3354929.312100000679493, 3114809.889400001615286 ], [ 3354930.279899999499321, 3114809.603199999779463 ], [ 3355050.85869999974966, 3114780.81810000166297 ], [ 3355191.443000003695488, 3114750.930399999022484 ], [ 3355422.299599997699261, 3114742.246800001710653 ], [ 3355452.927400000393391, 3114739.268399998545647 ], [ 3355729.389700002968311, 3114745.134500000625849 ], [ 3355784.123199999332428, 3114743.445099998265505 ], [ 3355804.259499996900558, 3114746.2685999982059 ], [ 3356103.723999999463558, 3114711.591400001198053 ], [ 3356241.631300002336502, 3114698.461899999529123 ], [ 3356405.292599998414516, 3114639.81870000064373 ], [ 3356666.054999999701977, 3114538.297899998724461 ], [ 3356770.93299999833107, 3114538.269900001585484 ], [ 3356765.922799997031689, 3114512.792599998414516 ], [ 3356764.374600000679493, 3114500.165600001811981 ], [ 3356752.543399997055531, 3114403.094900000840425 ], [ 3356769.997500002384186, 3114378.554400000721216 ], [ 3356777.531400002539158, 3114367.96169999986887 ], [ 3356780.531199999153614, 3114333.17119999974966 ], [ 3356810.820100001990795, 3114300.545000001788139 ], [ 3356821.527800001204014, 3114260.878899998962879 ], [ 3356834.776399999856949, 3114211.80009999871254 ], [ 3356853.80629999935627, 3114189.334399998188019 ], [ 3356916.14750000089407, 3114115.738099999725819 ], [ 3356933.218500003218651, 3114092.977099999785423 ], [ 3356951.189999997615814, 3114055.012499999254942 ], [ 3356968.7478, 3113981.63120000064373 ], [ 3356973.813699997961521, 3113956.621500000357628 ], [ 3356969.201300002634525, 3113944.657999999821186 ], [ 3356974.143100000917912, 3113917.609900001436472 ], [ 3356973.403899997472763, 3113908.802099999040365 ], [ 3356969.32209999859333, 3113860.1689000017941 ], [ 3356943.730700001120567, 3113827.715799998492002 ], [ 3356932.674900002777576, 3113813.897999998182058 ], [ 3356934.422200001776218, 3113747.153999999165535 ], [ 3356926.427100002765656, 3113715.255100000649691 ], [ 3356931.473899997770786, 3113675.3651 ], [ 3356936.330700002610683, 3113658.7324 ], [ 3356923.670900002121925, 3113624.339800000190735 ], [ 3356927.344200000166893, 3113613.635899998247623 ], [ 3356926.613200001418591, 3113602.874600000679493 ], [ 3356924.593800000846386, 3113577.315099999308586 ], [ 3356918.64750000089407, 3113531.75899999961257 ], [ 3356932.395199999213219, 3113508.77309999987483 ], [ 3356964.322300001978874, 3113471.8918999992311 ], [ 3356983.6985, 3113432.668600000441074 ], [ 3356989.08219999819994, 3113380.410799998790026 ], [ 3356993.589100003242493, 3113334.985399998724461 ], [ 3356996.380400002002716, 3113321.786200001835823 ], [ 3357029.788099996745586, 3113293.817400000989437 ], [ 3357036.210600003600121, 3113237.988299999386072 ], [ 3357029.028599999845028, 3113220.532699998468161 ], [ 3357016.753799997270107, 3113211.470499999821186 ], [ 3357017.8125, 3113156.649399999529123 ], [ 3357024.606299996376038, 3113123.6886 ], [ 3357032.404899999499321, 3113105.904399998486042 ], [ 3357014.700800001621246, 3113042.767799999564886 ], [ 3357024.150499999523163, 3112975.854899998754263 ], [ 3357059.535800002515316, 3112896.199400000274181 ], [ 3357076.8191, 3112885.297800000756979 ], [ 3357086.533900000154972, 3112879.170099999755621 ], [ 3357114.06530000269413, 3112855.225699998438358 ], [ 3357116.792999997735023, 3112822.602299999445677 ], [ 3357134.269599996507168, 3112781.024900000542402 ], [ 3357154.727200001478195, 3112750.806099999696016 ], [ 3357171.539099998772144, 3112743.430399999022484 ], [ 3357169.309900000691414, 3112716.52140000090003 ], [ 3357171.507799997925758, 3112700.108399998396635 ], [ 3357172.801899999380112, 3112654.489599999040365 ], [ 3357170.910400003194809, 3112642.982099998742342 ], [ 3357167.55179999768734, 3112622.549800001084805 ], [ 3357195.228200003504753, 3112598.731199998408556 ], [ 3357239.669100001454353, 3112560.485199999064207 ], [ 3357259.872699998319149, 3112551.4923 ], [ 3357283.405699998140335, 3112530.151399999856949 ], [ 3357288.422700002789497, 3112500.912200000137091 ], [ 3357274.052100002765656, 3112470.280699998140335 ], [ 3357285.198899999260902, 3112458.600299999117851 ], [ 3357293.084499999880791, 3112428.874899998307228 ], [ 3357315.895000003278255, 3112399.575100000947714 ], [ 3357340.14580000191927, 3112379.418299999088049 ], [ 3357354.3147, 3112343.243599999696016 ], [ 3357355.557099997997284, 3112281.579599998891354 ], [ 3357408.969499997794628, 3112220.271600000560284 ], [ 3357402.160800002515316, 3112208.39640000090003 ], [ 3357399.533100001513958, 3112179.941199999302626 ], [ 3357398.534999996423721, 3112169.132199998944998 ], [ 3357433.193000003695488, 3112081.304099999368191 ], [ 3357434.734499998390675, 3112081.028299998492002 ], [ 3357479.348899997770786, 3112073.046900000423193 ], [ 3357520.279100000858307, 3111997.335999999195337 ], [ 3357537.048600003123283, 3111986.596099998801947 ], [ 3357584.334700003266335, 3112001.946400001645088 ], [ 3357589.419699996709824, 3111996.825300000607967 ], [ 3357662.081900000572205, 3111923.647100001573563 ], [ 3357667.064400002360344, 3111884.03660000115633 ], [ 3357720.574699997901917, 3111801.791700001806021 ], [ 3357722.719800002872944, 3111790.7635000012815 ], [ 3357741.920999996364117, 3111746.863000001758337 ], [ 3357753.931599996984005, 3111717.779199998825788 ], [ 3357768.021999999880791, 3111718.4846 ], [ 3357786.722300000488758, 3111731.753400001674891 ], [ 3357802.253799997270107, 3111768.806200001388788 ], [ 3357811.092699997127056, 3111766.503199998289347 ], [ 3357824.751199997961521, 3111749.931400001049042 ], [ 3357835.478000000119209, 3111732.739799998700619 ], [ 3357850.965899996459484, 3111714.190000001341105 ], [ 3357848.117399998009205, 3111704.029399998486042 ], [ 3357853.653499998152256, 3111676.084899999201298 ], [ 3357855.072700001299381, 3111649.291400000452995 ], [ 3357861.783399999141693, 3111620.7522 ], [ 3357872.718699999153614, 3111595.648699998855591 ], [ 3357892.101300001144409, 3111595.7837999984622 ], [ 3357900.938000001013279, 3111593.473200000822544 ], [ 3357919.782700002193451, 3111587.652399998158216 ], [ 3357933.862499997019768, 3111590.735500000417233 ], [ 3357947.391500003635883, 3111588.438200000673532 ], [ 3357960.293099999427795, 3111591.510200001299381 ], [ 3357996.915899999439716, 3111567.922699999064207 ], [ 3358017.779600001871586, 3111537.9945 ], [ 3358021.69030000269413, 3111493.935600001364946 ], [ 3358018.54450000077486, 3111471.938299998641014 ], [ 3358015.41499999910593, 3111450.041499998420477 ], [ 3358012.822200000286102, 3111431.899399999529123 ], [ 3358002.468800000846386, 3111403.015700001269579 ], [ 3357986.744099996984005, 3111387.430700000375509 ], [ 3357980.066600002348423, 3111344.4864999987185 ], [ 3357977.261399999260902, 3111327.582299999892712 ], [ 3358005.445900000631809, 3111328.320300001651049 ], [ 3358012.667599998414516, 3111329.076999999582767 ], [ 3358023.631399996578693, 3111330.214000001549721 ], [ 3358047.689400002360344, 3111330.31870000064373 ], [ 3358071.813699997961521, 3111325.071400001645088 ], [ 3358076.342799998819828, 3111312.169199999421835 ], [ 3358077.7787000015378, 3111308.078600000590086 ], [ 3358076.5735, 3111303.585999999195337 ], [ 3358073.6316, 3111292.679499998688698 ], [ 3358071.091300003230572, 3111283.261900000274181 ], [ 3358065.904899999499321, 3111264.034600000828505 ], [ 3358061.8412000015378, 3111248.969200000166893 ], [ 3358039.102799996733665, 3111231.596000000834465 ], [ 3358007.121100001037121, 3111209.067899998277426 ], [ 3358002.217399999499321, 3111205.604299999773502 ], [ 3357974.186700001358986, 3111189.380699999630451 ], [ 3357964.940700002014637, 3111171.444499999284744 ], [ 3357960.847699999809265, 3111155.989900000393391 ], [ 3357959.255300000309944, 3111149.964200001209974 ], [ 3357952.281300000846386, 3111125.820599999278784 ], [ 3357930.661899998784065, 3111113.79450000077486 ], [ 3357917.878700003027916, 3111097.636500000953674 ], [ 3357903.373599998652935, 3111077.2982 ], [ 3357884.744199998676777, 3111059.312800001353025 ], [ 3357881.777000002563, 3111058.470600001513958 ], [ 3357856.618500001728535, 3111051.403599999845028 ], [ 3357836.573700003325939, 3111061.411299999803305 ], [ 3357820.111699998378754, 3111062.477899998426437 ], [ 3357784.422399997711182, 3111045.544599998742342 ], [ 3357780.9331, 3111043.3684 ], [ 3357730.074100002646446, 3111011.751600001007318 ], [ 3357728.475500002503395, 3110992.696199998259544 ], [ 3357733.331500001251698, 3110975.465399999171495 ], [ 3357738.322700001299381, 3110971.430100001394749 ], [ 3357744.069399997591972, 3110966.767700001597404 ], [ 3357746.273800000548363, 3110964.859200000762939 ], [ 3357767.122699998319149, 3110946.793299999088049 ], [ 3357793.309600003063679, 3110924.084300000220537 ], [ 3357792.334600001573563, 3110914.39130000025034 ], [ 3357767.943899996578693, 3110909.91440000012517 ], [ 3357742.516400001943111, 3110903.071800000965595 ], [ 3357730.862700000405312, 3110899.927400000393391 ], [ 3357702.858300000429153, 3110897.788899999111891 ], [ 3357699.005800001323223, 3110897.488400001078844 ], [ 3357697.501900002360344, 3110897.471999999135733 ], [ 3357662.880400002002716, 3110897.129799999296665 ], [ 3357602.291199997067451, 3110898.639400001615286 ], [ 3357546.295400001108646, 3110867.842999998480082 ], [ 3357530.418999999761581, 3110862.239700000733137 ], [ 3357508.341499999165535, 3110830.549699999392033 ], [ 3357507.391400001943111, 3110816.45719999819994 ], [ 3357507.472800001502037, 3110805.63399999961257 ], [ 3357524.746399998664856, 3110772.345499999821186 ], [ 3357536.511, 3110762.7787000015378 ], [ 3357618.704899996519089, 3110722.941100001335144 ], [ 3357623.700599998235703, 3110723.02419999986887 ], [ 3357640.735799998044968, 3110723.302700001746416 ], [ 3357651.658100001513958, 3110723.477899998426437 ], [ 3357671.905699998140335, 3110718.3761 ], [ 3357695.356600001454353, 3110710.087900001555681 ], [ 3357699.991899996995926, 3110707.41160000115633 ], [ 3357701.67790000140667, 3110706.438299998641014 ], [ 3357726.810900002717972, 3110691.921500001102686 ], [ 3357639.368500001728535, 3110549.689899999648333 ], [ 3357602.002099998295307, 3110488.910900000482798 ], [ 3357607.613200001418591, 3110418.002099998295307 ], [ 3357610.451399996876717, 3110387.529800001531839 ], [ 3357615.743100002408028, 3110260.26069999858737 ], [ 3357606.451099999248981, 3110220.156199999153614 ], [ 3357606.755000002682209, 3110168.270100001245737 ], [ 3357623.515900000929832, 3110140.3893 ], [ 3357626.475000001490116, 3110135.424100000411272 ], [ 3357600.562600001692772, 3110062.615600001066923 ], [ 3357595.484099999070168, 3110037.654599998146296 ], [ 3357584.477799996733665, 3110027.732299998402596 ], [ 3357564.1096, 3109972.432500001043081 ], [ 3357560.07209999859333, 3109940.625300001353025 ], [ 3357552.204199999570847, 3109927.47859999909997 ], [ 3357529.461800001561642, 3109890.275400001555681 ], [ 3357507.504600003361702, 3109874.107200000435114 ], [ 3357497.656300000846386, 3109853.645799998193979 ], [ 3357488.156700000166893, 3109843.297600001096725 ], [ 3357471.195299997925758, 3109835.677099999040365 ], [ 3357444.904500000178814, 3109804.842399999499321 ], [ 3357438.95099999755621, 3109797.846099998801947 ], [ 3357431.194600000977516, 3109778.827799998223782 ], [ 3357395.328199997544289, 3109734.161800000816584 ], [ 3357374.300899997353554, 3109708.521499998867512 ], [ 3357351.275600001215935, 3109680.425999999046326 ], [ 3357348.929999999701977, 3109679.753899998962879 ], [ 3357317.713100001215935, 3109655.791600000113249 ], [ 3357294.392300002276897, 3109643.96059999987483 ], [ 3357284.489100001752377, 3109645.910100001841784 ], [ 3357222.418300002813339, 3109621.382100000977516 ], [ 3357198.048799999058247, 3109631.485300000756979 ], [ 3357136.32660000026226, 3109603.666799999773502 ], [ 3357118.9003000035882, 3109561.703899998217821 ], [ 3357112.770099997520447, 3109543.536800000816584 ], [ 3357085.984700001776218, 3109529.339099999517202 ], [ 3357088.802599996328354, 3109494.916999999433756 ], [ 3357090.740800000727177, 3109471.241900000721216 ], [ 3357079.4824, 3109434.712400000542402 ], [ 3357150.792400002479553, 3109390.148600000888109 ], [ 3357178.322999998927116, 3109357.293299999088049 ], [ 3357251.97410000115633, 3109432.576400000602007 ], [ 3357335.271499998867512, 3109517.719799999147654 ], [ 3357382.035499997437, 3109517.631299998611212 ], [ 3357509.13849999755621, 3109487.631400000303984 ], [ 3357636.820699997246265, 3109448.030799999833107 ], [ 3357683.647799998521805, 3109437.157999999821186 ], [ 3357735.805299997329712, 3109449.4901 ], [ 3357784.470499999821186, 3109436.01240000128746 ], [ 3357795.520599998533726, 3109418.2445 ], [ 3357837.170100003480911, 3109351.274500001221895 ], [ 3357907.634800001978874, 3109345.744899999350309 ], [ 3357913.168999999761581, 3109353.422699999064207 ], [ 3357965.859300002455711, 3109426.521699998527765 ], [ 3357950.292199999094009, 3109495.121899999678135 ], [ 3357981.6283999979496, 3109537.755300000309944 ], [ 3358003.141999997198582, 3109599.625900000333786 ], [ 3358018.029399998486042, 3109650.34569999948144 ], [ 3358072.519299998879433, 3109676.250799998641014 ], [ 3358175.226800002157688, 3109654.208299998193979 ], [ 3358196.4054000005126, 3109664.801100000739098 ], [ 3358262.767300002276897, 3109692.89640000090003 ], [ 3358280.286700002849102, 3109707.332699999213219 ], [ 3358296.715300001204014, 3109700.79839999973774 ], [ 3358327.401100002229214, 3109643.146600000560284 ], [ 3358413.461800001561642, 3109661.934099998325109 ], [ 3358428.311300002038479, 3109717.299699999392033 ], [ 3358426.356100000441074, 3109741.4358000010252 ], [ 3358520.274599999189377, 3109763.843199998140335 ], [ 3358556.569200001657009, 3109741.520100001245737 ], [ 3358561.702500000596046, 3109696.040100000798702 ], [ 3358565.66499999910593, 3109640.390700001269579 ], [ 3358570.186599999666214, 3109599.228100001811981 ], [ 3358635.129600003361702, 3109597.224899999797344 ], [ 3358696.007799997925758, 3109660.100699998438358 ], [ 3358714.674099996685982, 3109681.74269999936223 ], [ 3358741.792300000786781, 3109705.697900000959635 ], [ 3358773.371100001037121, 3109696.422499999403954 ], [ 3358800.114600002765656, 3109597.950199998915195 ], [ 3358729.715300001204014, 3109506.582600001245737 ], [ 3358718.321999996900558, 3109490.775299999862909 ], [ 3358757.029700003564358, 3109457.73030000180006 ], [ 3358806.753100000321865, 3109415.280999999493361 ], [ 3358847.625399999320507, 3109376.531199999153614 ], [ 3358859.241999998688698, 3109365.51799999922514 ], [ 3358875.594899997115135, 3109324.303300000727177 ], [ 3358917.39580000191927, 3109235.627599999308586 ], [ 3358928.439099997282028, 3109215.351399999111891 ], [ 3358919.089800000190735, 3109153.9364 ], [ 3358963.491899996995926, 3109136.745400000363588 ], [ 3359017.05349999666214, 3109107.918499998748302 ], [ 3359046.675200000405312, 3109056.735599998384714 ], [ 3359078.961300000548363, 3109013.028999999165535 ], [ 3359079.704300001263618, 3109012.028299998492002 ], [ 3359085.853000000119209, 3109001.63910000026226 ], [ 3359078.808799996972084, 3108986.795499999076128 ], [ 3359079.142499998211861, 3108940.922400001436472 ], [ 3359091.384900003671646, 3108931.77419999986887 ], [ 3359103.984399996697903, 3108926.6266999989748 ], [ 3359109.787000000476837, 3108923.50730000063777 ], [ 3359111.81530000269413, 3108922.998599998652935 ], [ 3359125.644799999892712, 3108919.556200001388788 ], [ 3359143.561999998986721, 3108908.658399999141693 ], [ 3359144.412900000810623, 3108908.136599998921156 ], [ 3359157.838200002908707, 3108898.190999999642372 ], [ 3359166.535899996757507, 3108897.039099998772144 ], [ 3359172.828500002622604, 3108890.267400000244379 ], [ 3359176.525399997830391, 3108876.234299998730421 ], [ 3359182.795199997723103, 3108852.349300000816584 ], [ 3359186.587700001895428, 3108837.907999999821186 ], [ 3359189.134900003671646, 3108793.494699999690056 ], [ 3359190.685099996626377, 3108756.348999999463558 ], [ 3359190.804399996995926, 3108753.562199998646975 ], [ 3359192.976800002157688, 3108702.800700001418591 ], [ 3359193.625900000333786, 3108689.872999999672174 ], [ 3359196.40990000218153, 3108634.26410000026226 ], [ 3359204.090199999511242, 3108523.780000001192093 ], [ 3359209.052400000393391, 3108444.771000001579523 ], [ 3359210.859899997711182, 3108415.918499998748302 ], [ 3359208.848399996757507, 3108399.151200000196695 ], [ 3359205.580700002610683, 3108381.343899998813868 ], [ 3359198.149800002574921, 3108319.590500000864267 ], [ 3359189.113200001418591, 3108217.454599998891354 ], [ 3359181.492299996316433, 3108136.813900001347065 ], [ 3359179.002099998295307, 3108131.97749999910593 ], [ 3359169.72749999910593, 3108054.924499999731779 ], [ 3359158.586800001561642, 3107949.958099998533726 ], [ 3359156.439499996602535, 3107935.304099999368191 ], [ 3359148.983000002801418, 3107884.175799999386072 ], [ 3359146.460299998521805, 3107865.950399998575449 ], [ 3359137.499499998986721, 3107779.177099999040365 ], [ 3359132.640500001609325, 3107737.799899999052286 ], [ 3359133.613499999046326, 3107717.939399998635054 ], [ 3359129.70719999819994, 3107678.793200001120567 ], [ 3359127.468400001525879, 3107661.228300001472235 ], [ 3359119.81530000269413, 3107600.881400000303984 ], [ 3359116.1426, 3107572.159099999815226 ], [ 3359101.97749999910593, 3107499.743999999016523 ], [ 3359097.495099999010563, 3107474.841099999845028 ], [ 3359092.95610000193119, 3107446.654199998825788 ], [ 3359085.77419999986887, 3107429.513900000602007 ], [ 3359073.170699998736382, 3107429.659600000828505 ], [ 3359062.323100000619888, 3107391.4397 ], [ 3359051.082000002264977, 3107358.461199998855591 ], [ 3359018.679899998009205, 3107263.630800001323223 ], [ 3358989.640100002288818, 3107176.260899998247623 ], [ 3359028.135600000619888, 3107088.981300000101328 ], [ 3359062.83669999986887, 3107015.551100000739098 ], [ 3359042.923600003123283, 3106973.750100001692772 ], [ 3359018.569600000977516, 3106916.290500000119209 ], [ 3359019.63629999756813, 3106892.514800000935793 ], [ 3358998.295400001108646, 3106863.472500000149012 ], [ 3358992.320600003004074, 3106850.268199998885393 ], [ 3358987.773400001227856, 3106834.17680000141263 ], [ 3358983.010099999606609, 3106823.727200001478195 ], [ 3358981.053400002419949, 3106819.434799998998642 ], [ 3358981.899400003254414, 3106793.562199998646975 ], [ 3358983.258500002324581, 3106781.582400001585484 ], [ 3358983.615800000727177, 3106754.943900000303984 ], [ 3359006.165899999439716, 3106680.288400001823902 ], [ 3359008.708200000226498, 3106668.495400000363588 ], [ 3359044.392099998891354, 3106579.545699998736382 ], [ 3359079.308899998664856, 3106559.958500001579523 ], [ 3359197.554899998009205, 3106493.626400001347065 ], [ 3359199.913900002837181, 3106489.070500001311302 ], [ 3359215.446999996900558, 3106459.142099998891354 ], [ 3359271.590800002217293, 3106338.361699998378754 ], [ 3359273.269100002944469, 3106337.053199999034405 ], [ 3359274.723099999129772, 3106335.91950000077486 ], [ 3359280.820699997246265, 3106331.148200001567602 ], [ 3359282.493600003421307, 3106328.403099998831749 ], [ 3359286.077299997210503, 3106321.332400001585484 ], [ 3359280.922899998724461, 3106308.0537 ], [ 3359268.885499998927116, 3106270.866799999028444 ], [ 3359271.874300003051758, 3106262.423599999397993 ], [ 3359285.999399997293949, 3106222.382599998265505 ], [ 3359301.711099997162819, 3106177.838700000196695 ], [ 3359297.552500002086163, 3106146.044300001114607 ], [ 3359293.681100003421307, 3106133.711599998176098 ], [ 3359289.406700000166893, 3106043.649500001221895 ], [ 3359291.188299998641014, 3106003.2654 ], [ 3359291.597499996423721, 3105996.583000000566244 ], [ 3359293.517099998891354, 3105965.202599998563528 ], [ 3359292.19709999859333, 3105949.608600001782179 ], [ 3359337.201499998569489, 3105862.963799998164177 ], [ 3359375.828000001609325, 3105822.241099998354912 ], [ 3359400.17339999973774, 3105796.574700001627207 ], [ 3359389.388300001621246, 3105777.647100001573563 ], [ 3359368.162699997425079, 3105740.396499998867512 ], [ 3359375.711300000548363, 3105668.938700001686811 ], [ 3359401.131999999284744, 3105620.229299999773502 ], [ 3359427.068499997258186, 3105512.203499998897314 ], [ 3359426.398999996483326, 3105439.159699998795986 ], [ 3359446.604800000786781, 3105396.089200001209974 ], [ 3359467.684500001370907, 3105354.850699998438358 ], [ 3359467.061099998652935, 3105306.895500000566244 ], [ 3359448.786899998784065, 3105270.405299998819828 ], [ 3359429.516099996864796, 3105231.5439000017941 ], [ 3359399.302000001072884, 3105171.074999999254942 ], [ 3359402.256899997591972, 3105146.840599998831749 ], [ 3359361.69990000128746, 3105100.135499998927116 ], [ 3359332.490299999713898, 3105062.718899998813868 ], [ 3359284.685900002717972, 3104999.145700000226498 ], [ 3359267.5022, 3104977.391699999570847 ], [ 3359258.638099998235703, 3104969.42509999871254 ], [ 3359148.525700002908707, 3104850.743299998342991 ], [ 3359136.928300000727177, 3104838.133400000631809 ], [ 3358981.896200001239777, 3104649.075399998575449 ], [ 3358933.790399998426437, 3104551.838100001215935 ], [ 3358915.804099999368191, 3104550.6195 ], [ 3358901.754299998283386, 3104517.8301 ], [ 3358880.180699996650219, 3104479.017400000244379 ], [ 3358871.644400000572205, 3104464.152100000530481 ], [ 3358846.83049999922514, 3104408.433600001037121 ], [ 3358795.166299998760223, 3104299.377000000327826 ], [ 3358789.663000002503395, 3104282.350400000810623 ], [ 3358771.084799997508526, 3104228.217799998819828 ], [ 3358763.619999997317791, 3104206.479100000113249 ], [ 3358739.730899997055531, 3104152.250999998301268 ], [ 3358734.512800000607967, 3104141.377700001001358 ], [ 3358738.455799996852875, 3104141.264699999243021 ], [ 3358722.748000003397465, 3104100.859299998730421 ], [ 3358700.125399999320507, 3104041.7029 ], [ 3358697.258699998259544, 3104021.643699999898672 ], [ 3358692.66160000115633, 3103937.061200000345707 ], [ 3358690.286799997091293, 3103890.499299999326468 ], [ 3358688.954000003635883, 3103886.125199999660254 ], [ 3358687.700400002300739, 3103824.730900000780821 ], [ 3358685.792099997401237, 3103781.484099999070168 ], [ 3358682.856200002133846, 3103728.327599998563528 ], [ 3358686.890900000929832, 3103699.633299998939037 ], [ 3358717.89469999819994, 3103452.156500000506639 ], [ 3358715.0050999969244, 3103450.691199999302626 ], [ 3358715.730499997735023, 3103389.781800001859665 ], [ 3358733.932199999690056, 3103313.942899998277426 ], [ 3358737.070100001990795, 3103300.895100001245737 ], [ 3358757.237300001084805, 3103273.066100001335144 ], [ 3358807.4628000035882, 3103203.75959999859333 ], [ 3358833.26690000295639, 3103172.738299999386072 ], [ 3358890.871699996292591, 3103101.807900000363588 ], [ 3358966.164300002157688, 3103014.146000001579523 ], [ 3359044.802799999713898, 3102913.1206 ], [ 3359132.245899997651577, 3102814.211399998515844 ], [ 3359181.680799998342991, 3102751.921700000762939 ], [ 3359238.965000003576279, 3102668.19709999859333 ], [ 3359239.885499998927116, 3102664.687399998307228 ], [ 3359255.845299996435642, 3102637.911499999463558 ], [ 3359293.270700000226498, 3102585.301100000739098 ], [ 3359303.670299999415874, 3102577.215900000184774 ], [ 3359309.519900001585484, 3102545.434999998658895 ], [ 3359310.043700002133846, 3102542.122400000691414 ], [ 3359314.713600002229214, 3102512.372400000691414 ], [ 3359315.197599999606609, 3102506.599399998784065 ], [ 3359317.1787, 3102482.709899999201298 ], [ 3359322.30009999871254, 3102420.953200001269579 ], [ 3359321.548799999058247, 3102419.581399999558926 ], [ 3359258.636200003325939, 3102305.349800001829863 ], [ 3359260.214299999177456, 3102299.947900000959635 ], [ 3359269.847999997437, 3102266.835499998182058 ], [ 3359291.481799997389317, 3102192.47690000012517 ], [ 3359306.304799996316433, 3102142.237500000745058 ], [ 3359331.588200002908707, 3102056.5449 ], [ 3359335.495700001716614, 3102052.500599998980761 ], [ 3359345.308700002729893, 3102042.311200000345707 ], [ 3359399.573700003325939, 3101985.9824 ], [ 3359460.570699997246265, 3101922.106899999082088 ], [ 3359479.105599999427795, 3101902.533500000834465 ], [ 3359493.227200001478195, 3101890.409299999475479 ], [ 3359565.454199999570847, 3101841.941399998962879 ], [ 3359606.929899998009205, 3101744.451200000941753 ], [ 3359627.297200001776218, 3101696.577300000935793 ], [ 3359632.475000001490116, 3101695.694299999624491 ], [ 3359645.300599999725819, 3101693.506999999284744 ], [ 3359921.829800002276897, 3101703.218400001525879 ], [ 3360172.497699998319149, 3101622.964499998837709 ], [ 3360237.687299996614456, 3101603.169399999082088 ], [ 3360240.086499996483326, 3101608.565699998289347 ], [ 3360251.056599996984005, 3101638.642099998891354 ], [ 3360269.225599996745586, 3101637.02250000089407 ], [ 3360287.242700003087521, 3101631.196199998259544 ], [ 3360307.344700001180172, 3101624.675500001758337 ], [ 3360311.818199999630451, 3101623.092099998146296 ], [ 3360342.571199998259544, 3101625.307599999010563 ], [ 3360359.509099997580051, 3101625.550200000405312 ], [ 3360403.185400001704693, 3101626.172499999403954 ], [ 3360411.050599999725819, 3101626.287799999117851 ], [ 3360418.203599996864796, 3101626.3926 ], [ 3360444.910599999129772, 3101626.75789999961853 ], [ 3360461.50789999961853, 3101626.994800001382828 ], [ 3360503.465899996459484, 3101627.604499999433756 ], [ 3360535.815600000321865, 3101573.343600001186132 ], [ 3360596.018799997866154, 3101458.618500001728535 ], [ 3360612.266400001943111, 3101422.978799998760223 ], [ 3360625.149999998509884, 3101397.374600000679493 ], [ 3360625.193300001323223, 3101397.265000000596046 ], [ 3360646.565399996936321, 3101349.75730000063777 ], [ 3360654.348200000822544, 3101330.243000000715256 ], [ 3360658.289700001478195, 3101323.542700000107288 ], [ 3360679.555799998342991, 3101287.391800001263618 ], [ 3360684.814599998295307, 3101281.799499999731779 ], [ 3360711.188000001013279, 3101253.753800000995398 ], [ 3360712.148999996483326, 3101252.719799999147654 ], [ 3360744.148999996483326, 3101218.389600001275539 ], [ 3360769.217600002884865, 3101191.163400001823902 ], [ 3360791.672799997031689, 3101163.469999998807907 ], [ 3360816.644199997186661, 3101133.908300001174212 ], [ 3360850.676899999380112, 3101093.217300001531839 ], [ 3360875.368500001728535, 3101065.227200001478195 ], [ 3360876.447899997234344, 3101064.003899998962879 ], [ 3360887.27929999679327, 3101051.445900000631809 ], [ 3360906.287500001490116, 3101026.591600000858307 ], [ 3360924.496500000357628, 3101003.556200001388788 ], [ 3360924.766400001943111, 3101003.254299998283386 ], [ 3360940.76799999922514, 3100984.756999999284744 ], [ 3360942.041799999773502, 3100983.296 ], [ 3360987.3191, 3100930.390599999576807 ], [ 3361032.192800000309944, 3100880.686200000345707 ], [ 3361040.233999997377396, 3100871.769200000911951 ], [ 3361041.914499998092651, 3100869.909400001168251 ], [ 3361107.037600003182888, 3100778.097199998795986 ], [ 3361117.887800000607967, 3100761.65819999948144 ], [ 3361129.350500002503395, 3100744.291200000792742 ], [ 3361130.193899996578693, 3100742.935400001704693 ], [ 3361194.4324000030756, 3100645.605200000107288 ], [ 3361283.947800002992153, 3100547.2401 ], [ 3361302.101599998772144, 3100529.300200000405312 ], [ 3361303.650799997150898, 3100527.769200000911951 ], [ 3361388.896700002253056, 3100443.523800000548363 ], [ 3361420.461599998176098, 3100393.318500000983477 ], [ 3361469.808799996972084, 3100314.8717 ], [ 3361481.194300003349781, 3100296.769900001585484 ], [ 3361513.237899996340275, 3100246.696800000965595 ], [ 3361525.860100001096725, 3100226.972699999809265 ], [ 3361623.73030000180006, 3100074.036499999463558 ], [ 3361626.326300002634525, 3100061.585700001567602 ], [ 3361650.820500001311302, 3099944.110300000756979 ], [ 3361708.462600000202656, 3099909.45160000026226 ], [ 3361735.866499997675419, 3099892.974399998784065 ], [ 3361945.184799998998642, 3099756.721500001847744 ], [ 3362079.745999999344349, 3099754.3794 ], [ 3362193.270300000905991, 3099750.333599999547005 ], [ 3362300.296099998056889, 3099747.991900000721216 ], [ 3362301.860299997031689, 3099748.024500001221895 ], [ 3362359.079099997878075, 3099748.9847999997437 ], [ 3362414.588299997150898, 3099755.661200001835823 ], [ 3362431.47070000320673, 3099757.685400001704693 ], [ 3362502.024300001561642, 3099759.471099998801947 ], [ 3362640.402300000190735, 3099765.582899998873472 ], [ 3362660.964199997484684, 3099766.371300000697374 ], [ 3362720.18639999628067, 3099768.652499999850988 ], [ 3362787.862999998033047, 3099769.963500000536442 ], [ 3362872.615000002086163, 3099771.9309 ], [ 3363001.385799996554852, 3099739.702500000596046 ], [ 3363029.14639999717474, 3099735.655099999159575 ], [ 3363199.987199999392033, 3099707.237500000745058 ], [ 3363247.977099999785423, 3099697.748399998992682 ], [ 3363312.200900003314018, 3099684.913800001144409 ], [ 3363350.900499999523163, 3099676.9298 ], [ 3363420.242499999701977, 3099662.833799999207258 ], [ 3363507.85809999704361, 3099647.981800001114607 ], [ 3363585.970100000500679, 3099634.207600001245737 ], [ 3363624.342000000178814, 3099622.3310999982059 ], [ 3363636.019299998879433, 3099619.859700001776218 ], [ 3363644.538199998438358, 3099618.438700001686811 ], [ 3363667.99549999833107, 3099598.644000001251698 ], [ 3363751.838799998164177, 3099563.864500001072884 ], [ 3363818.88570000231266, 3099536.580600000917912 ], [ 3363914.363799996674061, 3099497.287200000137091 ], [ 3364065.766500003635883, 3099438.522999998182058 ], [ 3364207.120899997651577, 3099374.767200000584126 ], [ 3364323.336900003254414, 3099327.215599998831749 ], [ 3364512.859200000762939, 3099253.656800001859665 ], [ 3364583.948399998247623, 3099229.153200000524521 ], [ 3364710.434199996292591, 3099181.579 ], [ 3364836.920100003480911, 3099134.004700001329184 ], [ 3364900.052199997007847, 3099169.155900001525879 ], [ 3364977.67230000346899, 3099213.012200001627207 ], [ 3365015.956299997866154, 3099250.144999999552965 ], [ 3365112.401000000536442, 3099341.895399998873472 ], [ 3365127.898699998855591, 3099359.954700000584126 ], [ 3365183.115000002086163, 3099412.272199999541044 ], [ 3365211.342100001871586, 3099438.699700001627207 ], [ 3365235.567900002002716, 3099451.275400001555681 ], [ 3365272.199699997901917, 3099463.588799998164177 ], [ 3365322.725000001490116, 3099473.522399999201298 ], [ 3365341.175800003111362, 3099481.153799999505281 ], [ 3365398.910499997437, 3099593.615800000727177 ], [ 3365450.336000002920628, 3099696.519200000911951 ], [ 3365459.976400002837181, 3099714.359099999070168 ], [ 3365489.150200001895428, 3099804.986299999058247 ], [ 3365508.718299999833107, 3099876.828000001609325 ], [ 3365527.407399997115135, 3099931.399500001221895 ], [ 3365559.060099996626377, 3100060.711599998176098 ], [ 3365592.237899996340275, 3100176.741399999707937 ], [ 3365619.975500002503395, 3100270.243299998342991 ], [ 3365636.961499996483326, 3100283.521899998188019 ], [ 3365665.692900002002716, 3100313.016399998217821 ], [ 3365700.385899998247623, 3100357.2820999994874 ], [ 3365723.280699998140335, 3100389.452100001275539 ], [ 3365753.125500001013279, 3100434.135400000959635 ], [ 3365827.9551, 3100568.729899998754263 ], [ 3365843.520599998533726, 3100598.446699999272823 ], [ 3365870.259199999272823, 3100647.120799999684095 ], [ 3365893.242600001394749, 3100691.65989999845624 ], [ 3365905.921099998056889, 3100724.896699998527765 ], [ 3365917.059600003063679, 3100748.624099999666214 ], [ 3365925.179999999701977, 3100759.849599998444319 ], [ 3365927.3904, 3100761.381099998950958 ], [ 3365923.770700000226498, 3100766.346599999815226 ], [ 3365931.152400001883507, 3100776.091400001198053 ], [ 3365958.434600003063679, 3100801.462400000542402 ], [ 3365962.128100000321865, 3100806.698600001633167 ], [ 3365968.021999999880791, 3100812.026500001549721 ], [ 3366013.410199999809265, 3100897.653099998831749 ], [ 3366042.319700002670288, 3100893.744199998676777 ], [ 3366067.173900000751019, 3100890.36939999833703 ], [ 3366160.762900002300739, 3100883.664500001817942 ], [ 3366188.975599996745586, 3100885.179499998688698 ], [ 3366359.301700003445148, 3100923.008200000971556 ], [ 3366485.99549999833107, 3100953.214000001549721 ], [ 3366564.389600001275539, 3100965.695300001651049 ], [ 3366634.700900003314018, 3100972.075199998915195 ], [ 3366676.01630000025034, 3100974.980500001460314 ], [ 3366839.999200001358986, 3100998.236000001430511 ], [ 3366912.120200000703335, 3101016.548799999058247 ], [ 3367060.781999997794628, 3101050.214600000530481 ], [ 3367113.185999996960163, 3101059.337000001221895 ], [ 3367158.130599997937679, 3101042.365899998694658 ], [ 3367181.432899996638298, 3101035.583200000226498 ], [ 3367196.594899997115135, 3101035.366099998354912 ], [ 3367286.773500002920628, 3101033.374299999326468 ], [ 3367336.085799999535084, 3101032.288600001484156 ], [ 3367338.965400002896786, 3101032.3147 ], [ 3367409.393899999558926, 3101033.024900000542402 ], [ 3367468.090499997138977, 3101034.287500001490116 ], [ 3367615.899300001561642, 3101036.871899999678135 ], [ 3367618.224200002849102, 3101036.9912 ], [ 3367639.163900002837181, 3101038.018100000917912 ], [ 3367719.00280000269413, 3101041.989700000733137 ], [ 3367785.314499996602535, 3101045.976700000464916 ], [ 3367980.192500002682209, 3101055.143300000578165 ], [ 3368058.438000001013279, 3101058.603399999439716 ], [ 3368087.523599997162819, 3101058.158700000494719 ], [ 3368097.042300000786781, 3101059.790899999439716 ], [ 3368115.723399996757507, 3101066.301699999719858 ], [ 3368136.832299999892712, 3101073.285100001841784 ], [ 3368144.214100003242493, 3101075.969500001519918 ], [ 3368213.362300001084805, 3101093.718299999833107 ], [ 3368275.333499997854233, 3101107.81700000166893 ], [ 3368335.505699999630451, 3101122.880699999630451 ], [ 3368346.060900002717972, 3101125.582699999213219 ], [ 3368378.80969999730587, 3101132.589400000870228 ], [ 3368456.631300002336502, 3101148.913699999451637 ], [ 3368483.561499997973442, 3101153.779699999839067 ], [ 3368535.472300000488758, 3101167.345600001513958 ], [ 3368549.200599998235703, 3101170.049800001084805 ], [ 3368586.141599997878075, 3101180.792199999094009 ], [ 3368643.666799999773502, 3101196.396499998867512 ], [ 3368699.322300001978874, 3101209.390900000929832 ], [ 3368775.052299998700619, 3101223.468299999833107 ], [ 3368820.476800002157688, 3101232.636599998921156 ], [ 3368934.333499997854233, 3101254.527300000190735 ], [ 3368941.414599999785423, 3101255.888599999248981 ], [ 3369086.406800001859665, 3101284.120400000363588 ], [ 3369125.413500003516674, 3101312.563999999314547 ], [ 3369199.021499998867512, 3101369.654599998146296 ], [ 3369212.681000001728535, 3101381.388099998235703 ], [ 3369273.989900000393391, 3101409.25620000064373 ], [ 3369295.835500001907349, 3101366.422800000756979 ], [ 3369290.307499997317791, 3101233.520300000905991 ], [ 3369289.153200000524521, 3101205.7676 ], [ 3369286.773400001227856, 3101197.180100001394749 ], [ 3369429.081299997866154, 3101166.852000001817942 ], [ 3369456.017700001597404, 3101173.576299998909235 ], [ 3369490.488899998366833, 3101240.0793999992311 ], [ 3369580.595899999141693, 3101413.917399998754263 ], [ 3369611.455700002610683, 3101383.290899999439716 ], [ 3369700.655599996447563, 3101456.968800000846386 ], [ 3369706.564800001680851, 3101508.113400001078844 ], [ 3369720.083599999547005, 3101517.079300001263618 ], [ 3369903.45830000191927, 3101543.642900001257658 ], [ 3370124.957299999892712, 3101534.852000001817942 ], [ 3370178.300599999725819, 3101440.749699998646975 ], [ 3370330.853100001811981, 3101496.546 ], [ 3370519.398800000548363, 3101567.355799999088049 ], [ 3370640.069899998605251, 3101613.999000001698732 ], [ 3370987.696199998259544, 3101741.169799998402596 ], [ 3371080.672700002789497, 3101687.326699998229742 ], [ 3371255.786399997770786, 3101784.386999998241663 ], [ 3371428.412600003182888, 3101871.874000001698732 ], [ 3371462.603699997067451, 3101885.912999998778105 ], [ 3371659.594499997794628, 3102005.462900001555681 ], [ 3371843.883100003004074, 3102076.438999999314547 ], [ 3371867.766500003635883, 3102084.565000001341105 ], [ 3371903.084499999880791, 3102198.878699999302626 ], [ 3372002.413000002503395, 3102290.6316 ], [ 3372171.651000000536442, 3102430.980200000107288 ], [ 3372386.885899998247623, 3102516.338300000876188 ], [ 3372497.039200000464916, 3102561.105000000447035 ], [ 3372591.538900002837181, 3102623.10190000012517 ], [ 3372712.219899997115135, 3102704.910500001162291 ], [ 3372806.447300001978874, 3102779.115499999374151 ], [ 3372843.363499999046326, 3102761.711100000888109 ], [ 3372940.207699999213219, 3102715.855900000780821 ], [ 3373079.014200001955032, 3102656.400199998170137 ], [ 3373143.956299997866154, 3102617.046399999409914 ], [ 3373169.332800000905991, 3102626.523600000888109 ], [ 3373279.584799997508526, 3102668.26969999819994 ], [ 3373491.125100001692772, 3102765.859700001776218 ], [ 3373528.681999996304512, 3102785.083200000226498 ], [ 3373598.040200002491474, 3102775.236099999397993 ], [ 3373668.45889999717474, 3102883.1151 ], [ 3373753.542999997735023, 3103010.315200001001358 ], [ 3373977.334899999201298, 3103092.539900001138449 ], [ 3374180.511200003325939, 3103169.424800001084805 ], [ 3374256.220100000500679, 3103153.7456 ], [ 3374358.707500003278255, 3103133.1831 ], [ 3374502.622599996626377, 3103207.040100000798702 ], [ 3374648.084499999880791, 3103178.5154 ], [ 3374903.125500001013279, 3103103.91330000013113 ], [ 3374906.989200003445148, 3103143.994800001382828 ], [ 3374939.230099998414516, 3103394.506700001657009 ], [ 3374947.89299999922514, 3103395.844399999827147 ], [ 3375155.6721, 3103427.928599998354912 ], [ 3375189.962999999523163, 3103524.612700000405312 ], [ 3375231.283699996769428, 3103641.595400001853704 ], [ 3375322.284299999475479, 3103746.956999998539686 ], [ 3375394.913000002503395, 3103731.214999999850988 ], [ 3375397.233000002801418, 3103728.854299999773502 ], [ 3375396.369000002741814, 3103728.0066 ], [ 3375396.960699997842312, 3103728.46339999884367 ], [ 3375400.469899997115135, 3103730.010600000619888 ], [ 3375417.850699998438358, 3103737.673799999058247 ], [ 3375451.470799997448921, 3103752.4945 ], [ 3375482.6908999979496, 3103766.265099998563528 ], [ 3375496.311099998652935, 3103765.415300000458956 ], [ 3375538.57150000333786, 3103762.765900000929832 ], [ 3375906.316200003027916, 3103695.350999999791384 ], [ 3375941.287500001490116, 3103632.980900000780821 ], [ 3375985.148599997162819, 3103588.201200000941753 ], [ 3376039.1985, 3103626.362399999052286 ], [ 3376112.689400002360344, 3103614.473400000482798 ], [ 3376228.140799999237061, 3103596.985100001096725 ], [ 3376348.872100003063679, 3103591.736900001764297 ], [ 3376558.005199998617172, 3103521.189500000327826 ], [ 3376962.451899997889996, 3103345.274000000208616 ], [ 3377212.13570000231266, 3103253.81700000166893 ], [ 3377316.576200000941753, 3103287.659000001847744 ], [ 3377436.585900001227856, 3103383.491799999028444 ], [ 3377493.605800002813339, 3103422.073100000619888 ], [ 3377671.356499999761581, 3103492.076499998569489 ], [ 3377815.997299998998642, 3103527.799100000411272 ], [ 3377973.718800000846386, 3103534.931699998676777 ], [ 3378109.1503000035882, 3103523.343699999153614 ], [ 3378266.011900000274181, 3103516.6261 ], [ 3378389.212899997830391, 3103529.64809999987483 ], [ 3378463.4243, 3103545.391399998217821 ], [ 3378469.873400002717972, 3103546.759500000625849 ], [ 3378666.744699999690056, 3103588.53319999948144 ], [ 3378772.281700000166893, 3103589.150400001555681 ], [ 3378877.70380000025034, 3103567.478100001811981 ], [ 3378987.777699999511242, 3103515.954500000923872 ], [ 3379065.084899999201298, 3103461.850499998778105 ], [ 3379215.324000000953674, 3103338.409099999815226 ], [ 3379215.32880000025034, 3103338.404699999839067 ], [ 3379293.403399996459484, 3103422.9912 ], [ 3379293.575000002980232, 3103423.279100000858307 ], [ 3379293.675700001418591, 3103423.3882 ], [ 3379462.761600002646446, 3103707.0165 ], [ 3379567.429499998688698, 3103847.569600000977516 ], [ 3379901.023800000548363, 3103781.594200000166893 ], [ 3380161.207299999892712, 3103711.657499998807907 ], [ 3380299.769000001251698, 3103688.099399998784065 ], [ 3380427.558799996972084, 3103778.782299999147654 ], [ 3380427.5287000015378, 3103778.961399998515844 ], [ 3380427.829800002276897, 3103779.17509999871254 ], [ 3380392.819399997591972, 3103987.188999999314547 ], [ 3380387.756300002336502, 3104084.292100001126528 ], [ 3380383.390799999237061, 3104168.014800000935793 ], [ 3380383.351800002157688, 3104168.762699998915195 ], [ 3380409.251199997961521, 3104338.964999999850988 ], [ 3380435.065800003707409, 3104524.536200001835823 ], [ 3380469.768100000917912, 3104801.015500001609325 ], [ 3380485.666299998760223, 3104930.877999998629093 ], [ 3380591.91499999910593, 3105343.631000000983477 ], [ 3380631.81530000269413, 3105463.9287 ], [ 3380676.161100000143051, 3105549.747400000691414 ], [ 3380722.623199999332428, 3105607.704900000244379 ], [ 3380742.412699997425079, 3105613.532499998807907 ], [ 3380708.826099999248981, 3105686.252099998295307 ], [ 3380702.273500002920628, 3105700.439500000327826 ], [ 3380700.64360000193119, 3105703.968400001525879 ], [ 3380712.113899998366833, 3105712.784800000488758 ], [ 3380747.299800001084805, 3105739.8293999992311 ], [ 3380764.691399998962879, 3105753.197000000625849 ], [ 3380780.097900003194809, 3105764.393100000917912 ], [ 3380850.240299999713898, 3105815.366500001400709 ], [ 3380874.882700003683567, 3105815.504900000989437 ], [ 3380921.682800002396107, 3105815.767799999564886 ], [ 3381004.002499997615814, 3105816.23030000180006 ], [ 3381055.723600000143051, 3105838.422400001436472 ], [ 3381206.566299997270107, 3105899.646099999547005 ], [ 3381380.1537000015378, 3106045.363899998366833 ], [ 3381440.822599999606609, 3106157.256499998271465 ], [ 3381491.3772, 3106229.266800001263618 ], [ 3381510.495200000703335, 3106316.8838 ], [ 3381633.919399999082088, 3106434.469000000506639 ], [ 3381872.793799996376038, 3106573.096099998801947 ], [ 3381983.454999998211861, 3106625.989399999380112 ], [ 3382049.959100000560284, 3106687.227200001478195 ], [ 3382056.463699996471405, 3106693.216699998825788 ], [ 3382133.826899997889996, 3106732.191100001335144 ], [ 3382248.442800000309944, 3106750.585499998182058 ], [ 3382288.53660000115633, 3106756.2577 ], [ 3382431.476999998092651, 3106729.61259999871254 ], [ 3382517.796899996697903, 3106697.560499999672174 ], [ 3382582.957699999213219, 3106652.216099999845028 ], [ 3382610.258900001645088, 3106636.123199999332428 ], [ 3382638.64130000025034, 3106622.973000001162291 ], [ 3382693.499899998307228, 3106608.861400000751019 ], [ 3382739.454599998891354, 3106604.643199998885393 ], [ 3382782.8125, 3106605.459600001573563 ], [ 3382829.540100000798702, 3106601.973200000822544 ], [ 3382873.748800002038479, 3106597.307300001382828 ], [ 3382922.700800001621246, 3106594.008000001311302 ], [ 3382964.025100000202656, 3106583.486400000751019 ], [ 3383004.215700000524521, 3106585.875599998980761 ], [ 3383083.699600003659725, 3106550.130199998617172 ], [ 3383088.485299997031689, 3106547.978000000119209 ], [ 3383164.746299996972084, 3106513.682100001722574 ], [ 3383191.886399999260902, 3106437.650199998170137 ], [ 3383219.560000002384186, 3106360.123500000685453 ], [ 3383219.555500000715256, 3106359.772799998521805 ], [ 3383216.00110000371933, 3106080.827100001275539 ], [ 3383215.7324, 3106080.60530000180006 ], [ 3383093.393200002610683, 3105979.612300001084805 ], [ 3382696.7522, 3105893.703299999237061 ], [ 3382696.767300002276897, 3105893.371100001037121 ], [ 3382696.478000000119209, 3105893.308499999344349 ], [ 3382712.963799998164177, 3105530.745200000703335 ], [ 3382741.039300002157688, 3105194.112300001084805 ], [ 3382742.940499998629093, 3105117.771600000560284 ], [ 3382789.023999996483326, 3105102.382500000298023 ], [ 3383401.330399997532368, 3104897.909699998795986 ], [ 3383878.707400001585484, 3104744.365600001066923 ], [ 3384394.845100000500679, 3104576.892000000923872 ], [ 3384473.315700002014637, 3104584.693300001323223 ], [ 3384553.305799998342991, 3104629.594999998807907 ], [ 3384482.566200003027916, 3104433.352299999445677 ], [ 3384402.018200002610683, 3104209.899599999189377 ], [ 3384338.603000000119209, 3104033.97580000013113 ], [ 3384275.305500000715256, 3103835.543000001460314 ], [ 3384311.648199997842312, 3103762.698399998247623 ], [ 3384336.144799999892712, 3103713.597800001502037 ], [ 3384423.36150000244379, 3103538.782299999147654 ], [ 3384609.498000003397465, 3103239.502300001680851 ], [ 3384654.438299998641014, 3103245.19310000166297 ], [ 3384802.369999997317791, 3103263.914099998772144 ], [ 3385125.969400003552437, 3103304.86600000038743 ], [ 3385566.859099999070168, 3103359.871399998664856 ], [ 3385758.017800003290176, 3103412.6864 ], [ 3385925.366599999368191, 3103372.511399999260902 ], [ 3386311.887699998915195, 3103597.429699998348951 ], [ 3386438.176700003445148, 3103669.820300001651049 ], [ 3386438.198700003325939, 3103670.073100000619888 ], [ 3386438.447999998927116, 3103670.215999998152256 ], [ 3386439.461599998176098, 3103681.902199998497963 ], [ 3386449.937600001692772, 3103802.678399998694658 ], [ 3386270.657399997115135, 3103878.340300001204014 ], [ 3386105.960299998521805, 3103924.881999999284744 ], [ 3386028.725000001490116, 3103963.6184 ], [ 3386003.816100001335144, 3103976.672800000756979 ], [ 3385978.829800002276897, 3103987.252399999648333 ], [ 3385854.581299997866154, 3104211.53770000115037 ], [ 3385795.687399998307228, 3104340.833500001579523 ], [ 3385726.668399997055531, 3104492.357900001108646 ], [ 3385726.421899996697903, 3104492.899000000208616 ], [ 3385989.28320000320673, 3104418.993000000715256 ], [ 3385989.457599997520447, 3104418.943900000303984 ], [ 3386038.004699997603893, 3104641.3158 ], [ 3386038.05460000038147, 3104641.544100001454353 ], [ 3386427.395400002598763, 3104935.239999998360872 ], [ 3386669.774700000882149, 3105124.395799998193979 ], [ 3386713.655900001525879, 3105116.769099999219179 ], [ 3386751.087099999189377, 3105035.020199999213219 ], [ 3386747.011500000953674, 3104972.795000001788139 ], [ 3386740.171499997377396, 3104868.363000001758337 ], [ 3386744.371399998664856, 3104822.187300000339746 ], [ 3386799.206900000572205, 3104813.604600001126528 ], [ 3386866.71509999781847, 3104803.038400001823902 ], [ 3386948.732500001788139, 3104776.557599999010563 ], [ 3387032.119400002062321, 3104727.261700000613928 ], [ 3387140.835699997842312, 3104606.93019999936223 ], [ 3387295.989600002765656, 3104813.289299998432398 ], [ 3387476.04900000244379, 3104785.166799999773502 ], [ 3387616.731600001454353, 3104932.47410000115633 ], [ 3387680.723200000822544, 3104972.372000001370907 ], [ 3387739.971699997782707, 3104983.656800001859665 ], [ 3387844.718299999833107, 3104991.739999998360872 ], [ 3387891.109899997711182, 3105003.870799999684095 ], [ 3388002.672899998724461, 3105026.134500000625849 ], [ 3388029.409599997103214, 3104933.274300001561642 ], [ 3388044.182099997997284, 3104876.391600001603365 ], [ 3388050.443599998950958, 3104852.281199999153614 ], [ 3388054.001199997961521, 3104838.582600001245737 ], [ 3388054.543499998748302, 3104836.494300000369549 ], [ 3388058.953400000929832, 3104818.440200001001358 ], [ 3388062.583200000226498, 3104803.579700000584126 ], [ 3388071.108300000429153, 3104770.661800000816584 ], [ 3388090.656700000166893, 3104754.776999998837709 ], [ 3388308.172700002789497, 3104578.025400001555681 ], [ 3388307.782899998128414, 3104577.727000001817942 ], [ 3388242.124899998307228, 3104527.467799998819828 ], [ 3388173.126800000667572, 3104474.651900000870228 ], [ 3388173.250399999320507, 3104474.5636 ], [ 3388216.384499996900558, 3104443.759700000286102 ], [ 3388337.709299996495247, 3104412.428199999034405 ], [ 3388678.836000002920628, 3104324.33390000090003 ], [ 3388857.860299997031689, 3103851.877300001680851 ], [ 3389248.626000002026558, 3103758.017700001597404 ], [ 3389290.80290000140667, 3103757.2555 ], [ 3389320.457900002598763, 3103754.3772 ], [ 3389385.530199997127056, 3103743.004299998283386 ], [ 3389423.3279, 3103730.967399999499321 ], [ 3389446.915600001811981, 3103724.311000000685453 ], [ 3389451.057800002396107, 3103713.785000000149012 ], [ 3389436.537500001490116, 3103659.746599998325109 ], [ 3389415.033900000154972, 3103603.946400001645088 ], [ 3389417.587300002574921, 3103599.150199998170137 ], [ 3389431.915299996733665, 3103572.237300001084805 ], [ 3389489.166199997067451, 3103510.172499999403954 ], [ 3389500.061499997973442, 3103498.361099999397993 ], [ 3389572.689800001680851, 3103425.35359999909997 ], [ 3389596.551399998366833, 3103394.910799998790026 ], [ 3389573.806900002062321, 3103330.296599999070168 ], [ 3389554.810400001704693, 3103276.329999998211861 ], [ 3389514.970899999141693, 3103171.548500001430511 ], [ 3389476.081600002944469, 3103048.906700000166893 ], [ 3389424.990000002086163, 3102916.243099998682737 ], [ 3389387.793999999761581, 3102800.49040000140667 ], [ 3389364.636900000274181, 3102739.285199999809265 ], [ 3389313.6908999979496, 3102578.874600000679493 ], [ 3389289.322400003671646, 3102493.932799998670816 ], [ 3389264.838200002908707, 3102438.212799999862909 ], [ 3389078.562399998307228, 3101869.815600000321865 ], [ 3388823.689999997615814, 3100957.692899998277426 ], [ 3388640.625399999320507, 3100339.377599999308586 ], [ 3388717.648599997162819, 3100271.807 ], [ 3389061.222900003194809, 3099970.397300001233816 ], [ 3389487.210299998521805, 3100267.1754 ], [ 3389527.0691, 3100290.732200000435114 ], [ 3389649.789700001478195, 3100366.271200001239777 ], [ 3389658.73650000244379, 3100366.988699998706579 ], [ 3389720.359499998390675, 3100306.683299999684095 ], [ 3389748.808600001037121, 3100280.563200000673532 ], [ 3389761.598999999463558, 3100260.863899998366833 ], [ 3389785.267899997532368, 3100246.464099999517202 ], [ 3389785.267899997532368, 3100245.898200001567602 ], [ 3389950.648100003600121, 3100145.295200001448393 ], [ 3390033.899899996817112, 3100079.385800000280142 ], [ 3390148.382600001990795, 3099980.336599998176098 ], [ 3390183.504299998283386, 3099896.05629999935627 ], [ 3390181.647100001573563, 3099850.4232 ], [ 3390177.726400002837181, 3099754.084899999201298 ], [ 3390152.136799998581409, 3099710.784000001847744 ], [ 3390148.627099998295307, 3099693.053800001740456 ], [ 3390233.062899999320507, 3099645.882199998944998 ], [ 3390342.620700001716614, 3099584.675799999386072 ], [ 3390419.952399998903275, 3099519.436299998313189 ], [ 3390490.144500002264977, 3099431.126499999314547 ], [ 3390551.466899998486042, 3099355.196600001305342 ], [ 3390608.637900002300739, 3099284.407000001519918 ], [ 3390718.031400002539158, 3099132.027300000190735 ], [ 3390731.162100002169609, 3099091.017099998891354 ], [ 3390719.663800001144409, 3099056.984499998390675 ], [ 3390700.683200001716614, 3099000.805700000375509 ], [ 3390626.375, 3098837.622900001704693 ], [ 3390581.295900002121925, 3098756.751400001347065 ], [ 3390559.627099998295307, 3098662.8202 ], [ 3390518.107900001108646, 3098584.318799998611212 ], [ 3390459.020999997854233, 3098351.33559999987483 ], [ 3390445.989500001072884, 3098325.281300000846386 ], [ 3390381.947400003671646, 3098268.878699999302626 ], [ 3390235.028499998152256, 3098147.5132 ], [ 3390235.046999998390675, 3098147.345499999821186 ], [ 3390234.762000001966953, 3098147.110100001096725 ], [ 3390239.042599998414516, 3098108.339699998497963 ], [ 3390234.595399998128414, 3097928.187899999320507 ], [ 3390264.038099996745586, 3097770.786800000816584 ], [ 3390272.67059999704361, 3097613.5154 ], [ 3390293.402900002896786, 3097479.644400000572205 ], [ 3390268.984300002455711, 3097376.863000001758337 ], [ 3390247.313799999654293, 3097315.600699998438358 ], [ 3390189.722499996423721, 3097206.522100001573563 ], [ 3390186.326999999582767, 3097200.091099999845028 ], [ 3390173.179499998688698, 3097175.189599998295307 ], [ 3390161.342299997806549, 3097127.999099999666214 ], [ 3390145.858800001442432, 3097009.098799999803305 ], [ 3390166.746399998664856, 3096863.831599999219179 ], [ 3390189.378200002014637, 3096726.939300000667572 ], [ 3390200.479800000786781, 3096634.970300000160933 ], [ 3390199.001199997961521, 3096602.4199 ], [ 3390136.644400000572205, 3096531.802400000393391 ], [ 3389874.538000002503395, 3096272.744100000709295 ], [ 3389680.502700001001358, 3096068.590999998152256 ], [ 3389563.276900000870228, 3095945.829700000584126 ], [ 3389436.305299997329712, 3095811.967999998480082 ], [ 3389249.042000003159046, 3095635.355599999427795 ], [ 3388978.100000001490116, 3095363.19990000128746 ], [ 3388922.659999996423721, 3095310.120700001716614 ], [ 3388922.70440000295639, 3095310.022300001233816 ], [ 3388922.390000000596046, 3095309.7212999984622 ], [ 3388932.67790000140667, 3095286.902899999171495 ], [ 3388969.589599996805191, 3095205.034699998795986 ], [ 3388987.529500000178814, 3095172.782000001519918 ], [ 3389099.326800003647804, 3094971.790100000798702 ], [ 3389082.764200001955032, 3094949.573100000619888 ], [ 3389028.82880000025034, 3094877.224300000816584 ], [ 3389028.763999998569489, 3094877.100400000810623 ], [ 3389028.558499999344349, 3094876.824799999594688 ], [ 3388949.824799999594688, 3094726.338300000876188 ], [ 3388925.981600001454353, 3094687.3412000015378 ], [ 3388839.045400001108646, 3094531.13230000063777 ], [ 3388597.893500000238419, 3094074.851100001484156 ], [ 3388498.526399999856949, 3093880.333799999207258 ], [ 3388487.804200001060963, 3093833.015599999576807 ], [ 3388483.906800001859665, 3093815.816300000995398 ], [ 3388505.589800000190735, 3093821.438900001347065 ], [ 3388611.606799997389317, 3093848.9309 ], [ 3388917.068300001323223, 3093928.142000000923872 ], [ 3388963.660700000822544, 3093911.375100001692772 ], [ 3389029.784199997782707, 3093868.758200000971556 ], [ 3389153.980599999427795, 3093746.613400001078844 ], [ 3389282.554799996316433, 3093638.203000001609325 ], [ 3389432.424699999392033, 3093495.956900000572205 ], [ 3389530.699699997901917, 3093401.838199999183416 ], [ 3389685.078299999237061, 3093294.132500000298023 ], [ 3389728.351499997079372, 3093266.07039999961853 ], [ 3389774.712999999523163, 3093241.878100000321865 ], [ 3389813.051899999380112, 3093231.311700001358986 ], [ 3389857.354699999094009, 3093221.048700001090765 ], [ 3389883.548900000751019, 3093218.274599999189377 ], [ 3389931.344800002872944, 3093225.257599998265505 ], [ 3389970.545800000429153, 3093242.888000000268221 ], [ 3390007.445500001311302, 3093282.888999998569489 ], [ 3390007.543700002133846, 3093283.099500000476837 ], [ 3390007.719899997115135, 3093283.290500000119209 ], [ 3390053.306100003421307, 3093380.984499998390675 ], [ 3390087.12049999833107, 3093450.301399998366833 ], [ 3390107.226300001144409, 3093482.065000001341105 ], [ 3390107.425800003111362, 3093482.380199998617172 ], [ 3390152.596900001168251, 3093533.521600000560284 ], [ 3390185.8015, 3093549.850099999457598 ], [ 3390233.555399999022484, 3093555.348299998790026 ], [ 3390294.416400000452995, 3093502.480799999088049 ], [ 3390317.473399996757507, 3093478.011500000953674 ], [ 3390357.98480000346899, 3093456.971500001847744 ], [ 3390379.454700000584126, 3093445.913100000470877 ], [ 3390389.407399997115135, 3093430.758600000292063 ], [ 3390411.774400003254414, 3093399.866999998688698 ], [ 3390428.358599998056889, 3093374.5929000005126 ], [ 3390452.054899998009205, 3093305.5143 ], [ 3390465.437299996614456, 3093272.915100000798702 ], [ 3390465.486299999058247, 3093265.643399998545647 ], [ 3390465.588200002908707, 3093250.506700001657009 ], [ 3390465.748700000345707, 3093226.680799998342991 ], [ 3390466.34179999679327, 3093138.638599999248981 ], [ 3390472.50110000371933, 3093094.588799998164177 ], [ 3390480.601099997758865, 3093036.659800000488758 ], [ 3390508.180799998342991, 3092964.988099999725819 ], [ 3390529.8235, 3092917.900400001555681 ], [ 3390539.811899997293949, 3092896.168800000101328 ], [ 3390582.8158999979496, 3092826.504999998956919 ], [ 3390658.94650000333786, 3092737.518199998885393 ], [ 3390823.794299997389317, 3092549.738600000739098 ], [ 3390956.644900001585484, 3092418.41160000115633 ], [ 3391085.784100003540516, 3092295.618500001728535 ], [ 3391162.9551, 3092224.430599998682737 ], [ 3391233.512599997222424, 3092147.992199998348951 ], [ 3391253.601099997758865, 3092107.262800000607967 ], [ 3391290.302699998021126, 3092025.898499999195337 ], [ 3391365.316600002348423, 3091899.791200000792742 ], [ 3391438.754299998283386, 3091820.291499998420477 ], [ 3391533.096900001168251, 3091726.785999998450279 ], [ 3391622.568499997258186, 3091652.746500000357628 ], [ 3391723.918200001120567, 3091577.848900001496077 ], [ 3391798.499899998307228, 3091519.623799998313189 ], [ 3391868.133599996566772, 3091428.841499999165535 ], [ 3391918.57039999961853, 3091309.912799999117851 ], [ 3391939.217799998819828, 3091238.675000000745058 ], [ 3391945.51410000026226, 3091216.951499998569489 ], [ 3391954.8147, 3091081.927700001746416 ], [ 3391984.672700002789497, 3090905.160199999809265 ], [ 3392024.103799998760223, 3090749.9037000015378 ], [ 3392073.161100000143051, 3090584.941199999302626 ], [ 3392119.391199998557568, 3090441.370999999344349 ], [ 3392141.450599998235703, 3090390.3618 ], [ 3392181.477300003170967, 3090297.805599998682737 ], [ 3392214.285800002515316, 3090202.1963 ], [ 3392267.418999999761581, 3090073.768300000578165 ], [ 3392271.746500000357628, 3090043.876299999654293 ], [ 3392282.18639999628067, 3089971.761999998241663 ], [ 3392295.782600000500679, 3089863.851199999451637 ], [ 3392305.713799998164177, 3089798.652199998497963 ], [ 3392297.63570000231266, 3089679.012499999254942 ], [ 3392275.323600001633167, 3089498.368000000715256 ], [ 3392245.244699999690056, 3089356.097199998795986 ], [ 3392214.586000002920628, 3089293.120900001376867 ], [ 3392181.266800001263618, 3089223.775400001555681 ], [ 3392181.02250000089407, 3089223.420499999076128 ], [ 3392141.85419999808073, 3089166.507199998944998 ], [ 3392084.917499996721745, 3089119.684900000691414 ], [ 3391937.604400001466274, 3089051.803199999034405 ], [ 3391871.769000001251698, 3089005.738099999725819 ], [ 3391833.526000000536442, 3088970.725499998778105 ], [ 3391833.392300002276897, 3088970.446199998259544 ], [ 3391789.606200002133846, 3088878.914900001138449 ], [ 3391787.569300003349781, 3088795.250999998301268 ], [ 3391787.775200001895428, 3088789.087499998509884 ], [ 3391789.173500001430511, 3088747.233600001782179 ], [ 3391789.806000001728535, 3088728.3037 ], [ 3391790.836800001561642, 3088697.450300000607967 ], [ 3391800.326899997889996, 3088413.399500001221895 ], [ 3391800.321900002658367, 3088412.608800001442432 ], [ 3391799.542900003492832, 3088289.06980000063777 ], [ 3391799.274499997496605, 3088288.740699999034405 ], [ 3391774.871699996292591, 3088258.818 ], [ 3391575.580899998545647, 3088014.4474 ], [ 3391506.75789999961853, 3087933.461500000208616 ], [ 3391471.446400001645088, 3087891.909400001168251 ], [ 3391469.682499997317791, 3087889.833799999207258 ], [ 3391400.644799999892712, 3087820.0810999982059 ], [ 3391346.90429999679327, 3087780.221799999475479 ], [ 3391287.043099999427795, 3087735.822799999266863 ], [ 3391118.821599997580051, 3087643.836100000888109 ], [ 3391026.918499998748302, 3087593.581799998879433 ], [ 3390904.688699997961521, 3087535.354600001126528 ], [ 3390652.413000002503395, 3087439.438999999314547 ], [ 3390307.152699999511242, 3087301.755699999630451 ], [ 3390176.656700000166893, 3087256.437800001353025 ], [ 3390124.766400001943111, 3087238.417599998414516 ], [ 3389820.000699996948242, 3087160.948699999600649 ], [ 3389750.94879999756813, 3087123.900800000876188 ], [ 3389464.973399996757507, 3086963.121800001710653 ], [ 3389259.942900002002716, 3086812.058800000697374 ], [ 3389259.596799999475479, 3086811.803800001740456 ], [ 3389259.258500002324581, 3086811.4824 ], [ 3389219.786700002849102, 3086773.978500001132488 ], [ 3389109.518200002610683, 3086669.207699999213219 ], [ 3389109.2837999984622, 3086668.83839999884367 ], [ 3389109.248099997639656, 3086668.804499998688698 ], [ 3389084.252599999308586, 3086629.4276 ], [ 3389083.613200001418591, 3086627.299600001424551 ], [ 3389068.601499997079372, 3086585.518199998885393 ], [ 3389068.382100000977516, 3086585.134700000286102 ], [ 3388937.243699997663498, 3086415.011500000953674 ], [ 3388937.227399997413158, 3086414.937600001692772 ], [ 3388936.973499998450279, 3086414.608199998736382 ], [ 3388919.737800002098083, 3086335.655799999833107 ], [ 3388919.440700002014637, 3086334.295000001788139 ], [ 3388897.39190000295639, 3086234.328499998897314 ], [ 3388758.101899996399879, 3085602.804299999028444 ], [ 3388756.468800000846386, 3085595.400199998170137 ], [ 3388756.089800000190735, 3085586.025100000202656 ], [ 3388755.52759999781847, 3085572.116399999707937 ], [ 3388818.55349999666214, 3085478.781800001859665 ], [ 3389113.232799999415874, 3085042.393800001591444 ], [ 3389279.393399998545647, 3084805.813400000333786 ], [ 3389470.751299999654293, 3084533.356800001114607 ], [ 3389497.524899996817112, 3084495.2364999987185 ], [ 3389744.331699997186661, 3083995.752900000661612 ], [ 3389899.34910000115633, 3083705.313900001347065 ], [ 3390058.039700001478195, 3083407.767200000584126 ], [ 3390085.787299998104572, 3083350.236900001764297 ], [ 3390113.906400002539158, 3083291.936500001698732 ], [ 3390157.856600001454353, 3083161.29839999973774 ], [ 3390239.762900002300739, 3082917.839099999517202 ], [ 3390261.832500003278255, 3082855.000900000333786 ], [ 3390272.843699999153614, 3082823.649000000208616 ], [ 3390321.226700000464916, 3082685.888900000602007 ], [ 3390345.257799997925758, 3082617.465700000524521 ], [ 3390350.593500003218651, 3082603.956900000572205 ], [ 3390393.436200000345707, 3082495.490299999713898 ], [ 3390481.089599996805191, 3082318.86259999871254 ], [ 3390516.055699996650219, 3082251.48369999974966 ], [ 3390568.797200001776218, 3082149.851700000464916 ], [ 3390712.698100000619888, 3081872.557300001382828 ], [ 3390845.165299996733665, 3081601.3581000007689 ], [ 3390949.648999996483326, 3081324.843800000846386 ], [ 3391112.719700001180172, 3080950.72690000012517 ], [ 3391174.386399999260902, 3080818.788600001484156 ], [ 3391175.858300000429153, 3080779.654399998486042 ], [ 3391177.47240000218153, 3080736.739199999719858 ], [ 3391183.262000001966953, 3080582.801600001752377 ], [ 3391221.19820000231266, 3080255.3662 ], [ 3391236.410899996757507, 3080127.762299999594688 ], [ 3391288.041900001466274, 3079992.105000000447035 ], [ 3391339.172799997031689, 3079857.761900000274181 ], [ 3391337.719400003552437, 3079851.561299998313189 ], [ 3391274.278499998152256, 3079580.901500001549721 ], [ 3391274.065399996936321, 3079580.733600001782179 ], [ 3391153.199000000953674, 3079485.521499998867512 ], [ 3391076.463899999856949, 3079425.073699999600649 ], [ 3391076.589199997484684, 3079424.978000000119209 ], [ 3391193.971500001847744, 3079335.339200001209974 ], [ 3391200.444200001657009, 3079330.396299999207258 ], [ 3391265.375299997627735, 3079280.811799999326468 ], [ 3391265.078500002622604, 3079280.4265 ], [ 3391223.526000000536442, 3079226.487700000405312 ], [ 3391212.219499997794628, 3079211.810899998992682 ], [ 3391103.1503000035882, 3079070.229699999094009 ], [ 3391048.142200000584126, 3078998.824499998241663 ], [ 3390943.51410000026226, 3078871.591899998486042 ], [ 3390744.310999996960163, 3078629.351500000804663 ], [ 3390725.9199, 3078606.986999999731779 ], [ 3390615.698299996554852, 3078472.952300000935793 ], [ 3390482.999399997293949, 3078306.630199998617172 ], [ 3390482.979299999773502, 3078306.535799998790026 ], [ 3390482.729900002479553, 3078306.223200000822544 ], [ 3390404.739399999380112, 3077939.776700001209974 ], [ 3390365.271899998188019, 3077754.334899999201298 ], [ 3390331.252599999308586, 3077549.823399998247623 ], [ 3390388.659400001168251, 3077423.455800000578165 ], [ 3390490.780699998140335, 3077198.659699998795986 ], [ 3390495.573399998247623, 3077195.38060000166297 ], [ 3390673.00110000371933, 3077073.985500000417233 ], [ 3390895.908900000154972, 3076921.473299998790026 ], [ 3390936.730400003492832, 3076850.883200000971556 ], [ 3390958.601300001144409, 3076759.181699998676777 ], [ 3390960.113300003111362, 3076752.841899998486042 ], [ 3391006.375200003385544, 3076558.8733000010252 ], [ 3391076.118100002408028, 3076343.745200000703335 ], [ 3391087.971000000834465, 3076322.142000000923872 ], [ 3391116.261799998581409, 3076270.578899998217821 ], [ 3391132.05179999768734, 3076241.8004 ], [ 3391233.142200000584126, 3076115.213899999856949 ], [ 3391283.18299999833107, 3076039.286100000143051 ], [ 3391270.920000001788139, 3075984.720499999821186 ], [ 3391207.050899997353554, 3075700.526299998164177 ], [ 3391160.286100000143051, 3075475.760499998927116 ], [ 3391130.175899997353554, 3075331.041499998420477 ], [ 3391072.856200002133846, 3075048.32660000026226 ], [ 3390985.806400001049042, 3074618.975099999457598 ], [ 3390962.457999996840954, 3074503.814899999648333 ], [ 3391027.792300000786781, 3074411.623599998652935 ], [ 3391104.665799997746944, 3074303.149700000882149 ], [ 3391431.061999998986721, 3073842.581700000911951 ], [ 3391681.289399996399879, 3073525.472600001841784 ], [ 3392061.403499998152256, 3073489.398200001567602 ], [ 3392103.898699998855591, 3073484.71339999884367 ], [ 3393347.748199999332428, 3073347.586800001561642 ], [ 3393348.017499998211861, 3073347.995099999010563 ], [ 3393427.530000001192093, 3073271.11939999833703 ], [ 3393489.872500002384186, 3073210.844300001859665 ], [ 3393527.434600003063679, 3073170.146000001579523 ], [ 3393646.2522, 3073077.08559999987483 ], [ 3394217.464100003242493, 3072610.196100000292063 ], [ 3394317.303199999034405, 3072526.324700001627207 ], [ 3394345.197700001299381, 3072502.807199999690056 ], [ 3394366.734300002455711, 3072484.650100000202656 ], [ 3394488.293099999427795, 3072410.329500000923872 ], [ 3394916.6809, 3072192.261199999600649 ], [ 3395657.3766999989748, 3071806.40260000154376 ], [ 3395691.87950000166893, 3071787.579999998211861 ], [ 3395815.785999998450279, 3071719.984400000423193 ], [ 3395889.957900002598763, 3071679.520799998193979 ], [ 3395889.486100003123283, 3071679.220600001513958 ], [ 3395786.902900002896786, 3071613.943500000983477 ], [ 3395130.758500002324581, 3071196.417399998754263 ], [ 3395130.759999997913837, 3071196.176100000739098 ], [ 3395131.088699996471405, 3071142.821899998933077 ], [ 3395094.153599999845028, 3070865.472699999809265 ], [ 3395126.547499999403954, 3070746.162000000476837 ], [ 3395171.097599998116493, 3070582.078899998217821 ], [ 3395184.628499999642372, 3070532.092700000852346 ], [ 3395251.471799999475479, 3070285.159400001168251 ], [ 3395356.186499997973442, 3069940.349399998784065 ], [ 3395480.257799997925758, 3069531.801100000739098 ], [ 3395638.865699999034405, 3069045.197599999606609 ], [ 3395548.677199997007847, 3068875.162300001829863 ], [ 3395548.465599998831749, 3068874.854200001806021 ], [ 3395406.391099996864796, 3068668.00899999961257 ], [ 3395406.320900000631809, 3068667.88459999859333 ], [ 3395406.120899997651577, 3068667.593299999833107 ], [ 3395383.904899999499321, 3068628.185199998319149 ], [ 3395109.617499999701977, 3068141.636700000613928 ], [ 3395109.846400000154972, 3068140.918200001120567 ], [ 3395152.8147, 3068010.787000000476837 ], [ 3395155.793999999761581, 3068001.763999998569489 ], [ 3395149.89019999653101, 3067985.139499999582767 ], [ 3395031.548600003123283, 3067651.906300000846386 ], [ 3395056.617399998009205, 3067531.984999999403954 ], [ 3395058.843900002539158, 3067521.334100000560284 ], [ 3395059.150100000202656, 3067519.86939999833703 ], [ 3395064.7483000010252, 3067493.089800000190735 ], [ 3395077.503600001335144, 3067432.072799999266863 ], [ 3395086.429399996995926, 3067389.374800000339746 ], [ 3395155.673100002110004, 3067058.13740000128746 ], [ 3395162.312100000679493, 3067026.379000000655651 ], [ 3395184.0559, 3066922.365299999713898 ], [ 3395196.493600003421307, 3066862.868000000715256 ], [ 3395387.990199998021126, 3065946.832600001245737 ], [ 3395395.40089999884367, 3065911.38289999961853 ], [ 3395639.656700000166893, 3065530.41950000077486 ], [ 3395714.69539999961853, 3065344.839699998497963 ], [ 3395785.47919999808073, 3065248.634700000286102 ], [ 3396006.124700002372265, 3064948.746899999678135 ], [ 3396108.230200000107288, 3064809.971500001847744 ], [ 3396240.451200000941753, 3064630.264800000935793 ], [ 3396363.491800002753735, 3064463.035500001162291 ], [ 3396367.985399998724461, 3064456.928100001066923 ], [ 3396421.832400001585484, 3064383.742600001394749 ], [ 3396499.004000000655651, 3064278.855799999088049 ], [ 3396515.557700000703335, 3064256.3574 ], [ 3396734.627300001680851, 3063958.620000001043081 ], [ 3396919.240000002086163, 3063707.712999999523163 ], [ 3396280.074199996888638, 3062940.262800000607967 ], [ 3395966.681500002741814, 3062615.294399999082088 ], [ 3395946.033500000834465, 3062593.883900001645088 ], [ 3395928.411300003528595, 3062575.611000001430511 ], [ 3395842.990599997341633, 3062487.036100000143051 ], [ 3395326.516999997198582, 3062576.556800000369549 ], [ 3395240.575099997222424, 3062591.453699998557568 ], [ 3395167.747100003063679, 3062604.0777000002563 ], [ 3395160.946199998259544, 3062566.508200000971556 ], [ 3395143.059900000691414, 3062467.7010000012815 ], [ 3395143.046700000762939, 3062467.627900000661612 ], [ 3395143.015500001609325, 3062467.455699998885393 ], [ 3395142.76519999653101, 3062467.137499999254942 ], [ 3395142.606600001454353, 3062467.160000000149012 ], [ 3395142.453100003302097, 3062467.181800000369549 ], [ 3394421.202100001275539, 3062569.479200001806021 ], [ 3393923.458599999547005, 3062515.780499998480082 ], [ 3393693.553300000727177, 3062622.655200000852346 ], [ 3393666.828299999237061, 3062635.07880000025034 ], [ 3393489.406900003552437, 3062717.55689999833703 ], [ 3393489.343099996447563, 3062717.586500000208616 ], [ 3393333.176100000739098, 3062790.186500001698732 ], [ 3393286.454199999570847, 3062811.906899999827147 ], [ 3392742.027400001883507, 3063065.003699999302626 ], [ 3392529.847599998116493, 3063163.643300000578165 ], [ 3392524.923900000751019, 3063165.932300001382828 ], [ 3392468.792700000107288, 3063192.027800001204014 ], [ 3392464.777900002896786, 3063193.894299998879433 ], [ 3392464.698399998247623, 3063193.5724 ], [ 3392452.664300002157688, 3063144.846000000834465 ], [ 3392351.729999996721745, 3062736.158300001174212 ], [ 3392349.851199999451637, 3062728.550900001078844 ], [ 3392341.050399996340275, 3062692.916299998760223 ], [ 3392267.316100001335144, 3062684.539900001138449 ], [ 3392172.258500002324581, 3062673.741399999707937 ], [ 3391851.377700001001358, 3062637.28999999910593 ], [ 3391843.220399998128414, 3062636.363400001078844 ], [ 3391688.23870000243187, 3062618.758900001645088 ], [ 3391127.0320999994874, 3062271.981600001454353 ], [ 3391019.285499997437, 3062338.5636 ], [ 3390955.882700003683567, 3062377.743299998342991 ], [ 3390947.716700002551079, 3062382.78940000012517 ], [ 3390533.347800001502037, 3062638.852400001138449 ], [ 3390230.968800000846386, 3062518.764699999243021 ], [ 3390152.523900002241135, 3062487.611099999397993 ], [ 3390145.220899999141693, 3062484.710799999535084 ], [ 3389996.821000002324581, 3062425.776000000536442 ], [ 3389979.577399998903275, 3062351.049899999052286 ], [ 3389978.769199997186661, 3062347.547600001096725 ], [ 3389978.23650000244379, 3062345.23930000141263 ], [ 3389917.2676, 3062081.028099998831749 ], [ 3389915.325599998235703, 3062072.612199999392033 ], [ 3389911.72580000013113, 3062057.012299999594688 ], [ 3389887.1554000005126, 3061950.536400001496077 ], [ 3389670.637599997222424, 3061649.532499998807907 ], [ 3389454.943300001323223, 3061349.67339999973774 ], [ 3389441.755599997937679, 3061331.34010000154376 ], [ 3389277.687100000679493, 3061103.255100000649691 ], [ 3389264.230200000107288, 3061072.8108000010252 ], [ 3389219.452100001275539, 3060971.508099999278784 ], [ 3389168.713799998164177, 3060856.721500001847744 ], [ 3389160.74040000140667, 3060838.68299999833107 ], [ 3388976.44539999961853, 3060421.747600000351667 ], [ 3388848.717399999499321, 3060271.116700001060963 ], [ 3388832.958700001239777, 3060252.532299999147654 ], [ 3388787.54559999704361, 3060198.976199999451637 ], [ 3388333.359999999403954, 3060134.708999998867512 ], [ 3388314.614100001752377, 3060132.056600000709295 ], [ 3388197.847699999809265, 3060115.535399999469519 ], [ 3387960.050800003111362, 3060081.889600001275539 ], [ 3387960.0, 3060081.882399998605251 ], [ 3387741.490099996328354, 3060050.967099998146296 ], [ 3387741.219499997794628, 3060050.928800001740456 ], [ 3387749.781400002539158, 3059935.660900000482798 ], [ 3387751.062200002372265, 3059918.418000001460314 ], [ 3387804.560099996626377, 3059198.1864 ], [ 3387823.540200002491474, 3059188.03319999948144 ], [ 3387904.260200001299381, 3059085.593100000172853 ], [ 3388064.706399999558926, 3058881.97410000115633 ], [ 3388130.714599996805191, 3058798.2043999992311 ], [ 3388151.643299996852875, 3058686.554299999028444 ], [ 3388171.687899999320507, 3058579.6206 ], [ 3388181.429300002753735, 3058527.652699999511242 ], [ 3388213.067299999296665, 3058488.624400001019239 ], [ 3388277.380999997258186, 3058409.287999998778105 ], [ 3388553.659999996423721, 3058068.473999999463558 ], [ 3388745.137800000607967, 3058013.191399998962879 ], [ 3388994.120399996638298, 3057941.30629999935627 ], [ 3389228.129199996590614, 3057873.744300000369549 ], [ 3389507.913400001823902, 3057792.9662000015378 ], [ 3390142.737099997699261, 3057629.785999998450279 ], [ 3390780.960500001907349, 3057465.731899999082088 ], [ 3390824.104800000786781, 3057454.641699999570847 ], [ 3390831.061499997973442, 3057452.853500001132488 ], [ 3391407.313299998641014, 3057050.278599999845028 ], [ 3391923.056900002062321, 3057139.767499998211861 ], [ 3391934.883199997246265, 3057118.476100001484156 ], [ 3391967.048500001430511, 3057060.567400000989437 ], [ 3392061.591300003230572, 3056942.627700001001358 ], [ 3392206.034999996423721, 3056793.8885000012815 ], [ 3392352.038199998438358, 3056671.889600001275539 ], [ 3392385.019000001251698, 3056640.289799999445677 ], [ 3392433.470499999821186, 3056573.329900000244379 ], [ 3392460.381499998271465, 3056526.589999999850988 ], [ 3392484.152300000190735, 3056487.910000000149012 ], [ 3392664.986299999058247, 3056343.171399999409914 ], [ 3392707.8772, 3056311.171700000762939 ], [ 3392886.49210000038147, 3056110.932599999010563 ], [ 3392957.761600002646446, 3056057.219700001180172 ], [ 3392910.942100003361702, 3055991.061099998652935 ], [ 3392858.132299996912479, 3055916.437800001353025 ], [ 3392858.122500002384186, 3055916.384199999272823 ], [ 3392857.864799998700619, 3055916.020199999213219 ], [ 3392850.2654, 3055874.639699999243021 ], [ 3392839.69650000333786, 3055796.628800000995398 ], [ 3392808.612999998033047, 3055736.992400001734495 ], [ 3392756.363300003111362, 3055666.874400001019239 ], [ 3392756.324000000953674, 3055666.759799998253584 ], [ 3392747.945100001990795, 3055642.385800000280142 ], [ 3392751.458800002932549, 3055581.196400001645088 ], [ 3392793.617700003087521, 3055493.635400000959635 ], [ 3392801.332400001585484, 3055487.685699999332428 ], [ 3392812.166199997067451, 3055479.33049999922514 ], [ 3392907.204499997198582, 3055259.05519999936223 ], [ 3392907.326499998569489, 3055258.772399999201298 ], [ 3392918.907300002872944, 3055313.237100001424551 ], [ 3392918.942800000309944, 3055313.404199998825788 ], [ 3392954.73650000244379, 3055352.170299999415874 ], [ 3392993.260899998247623, 3055360.057300001382828 ], [ 3393038.3904, 3055346.835200000554323 ], [ 3393070.029600001871586, 3055318.770300000905991 ], [ 3393082.165100000798702, 3055299.414500001817942 ], [ 3393095.54619999974966, 3055249.249699998646975 ], [ 3393110.157700002193451, 3055229.796999998390675 ], [ 3393136.593900002539158, 3055220.800500001758337 ], [ 3393203.073399998247623, 3055220.125799998641014 ], [ 3393233.420699998736382, 3055209.476399999111891 ], [ 3393254.905299998819828, 3055175.8574 ], [ 3393268.332900002598763, 3055139.086100000888109 ], [ 3393266.509999997913837, 3055093.488299999386072 ], [ 3393260.898699998855591, 3055065.503499999642372 ], [ 3393259.698399998247623, 3055059.517000000923872 ], [ 3393208.784999996423721, 3054977.665199998766184 ], [ 3393194.873700000345707, 3054915.183499999344349 ], [ 3393203.627499997615814, 3054848.318799998611212 ], [ 3393218.844999998807907, 3054819.410599999129772 ], [ 3393256.473399996757507, 3054804.508400000631809 ], [ 3393257.630199998617172, 3054804.3412000015378 ], [ 3393294.466300003230572, 3054799.015299998223782 ], [ 3393310.697700001299381, 3054782.978799998760223 ], [ 3393318.982500001788139, 3054754.348099999129772 ], [ 3393318.714500002563, 3054753.936299998313189 ], [ 3393290.964599996805191, 3054711.295400001108646 ], [ 3393290.960400000214577, 3054711.2787000015378 ], [ 3393290.697800002992153, 3054710.875300001353025 ], [ 3393281.2483000010252, 3054673.034800000488758 ], [ 3393280.8429000005126, 3054662.889199998229742 ], [ 3393281.093299999833107, 3054662.790100000798702 ], [ 3393280.469300001859665, 3054647.183899998664856 ], [ 3393302.195000000298023, 3054619.5168999992311 ], [ 3393338.749799996614456, 3054577.844200000166893 ], [ 3393337.000799998641014, 3054534.2368 ], [ 3393335.532200001180172, 3054528.843299999833107 ], [ 3393323.63120000064373, 3054485.1349 ], [ 3393318.147799998521805, 3054447.1316 ], [ 3393331.686099998652935, 3054400.918000001460314 ], [ 3393369.981299996376038, 3054353.229299999773502 ], [ 3393381.3462999984622, 3054347.965399999171495 ], [ 3393381.215700000524521, 3054347.485599998384714 ], [ 3393401.38459999859333, 3054338.143399998545647 ], [ 3393474.965700000524521, 3054316.334300000220537 ], [ 3393509.313100002706051, 3054302.862100001424551 ], [ 3393511.626199997961521, 3054301.954799998551607 ], [ 3393555.26690000295639, 3054288.795299999415874 ], [ 3393580.457500003278255, 3054260.985399998724461 ], [ 3393639.359700001776218, 3054157.355399999767542 ], [ 3393656.519100002944469, 3054111.438299998641014 ], [ 3393658.190700002014637, 3054106.965199999511242 ], [ 3393669.050999999046326, 3054093.135200001299381 ], [ 3393670.882200002670288, 3054092.760800000280142 ], [ 3393714.341600000858307, 3054083.875799998641014 ], [ 3393751.972199998795986, 3054068.966299999505281 ], [ 3393775.672799997031689, 3054041.216400001198053 ], [ 3393782.01349999755621, 3054001.246100001037121 ], [ 3393774.565399996936321, 3053974.947799999266863 ], [ 3393771.735600002110004, 3053964.9560999982059 ], [ 3393762.469899997115135, 3053932.240299999713898 ], [ 3393759.494599997997284, 3053921.734999999403954 ], [ 3393648.096900001168251, 3053704.801199998706579 ], [ 3393615.447999998927116, 3053607.829799998551607 ], [ 3393603.898800000548363, 3053554.679099999368191 ], [ 3393616.840599998831749, 3053443.468199998140335 ], [ 3393636.062200002372265, 3053353.357599999755621 ], [ 3393640.76410000026226, 3053234.526500001549721 ], [ 3393646.075000002980232, 3053181.206199999898672 ], [ 3393662.886100001633167, 3053117.4857 ], [ 3393697.192500002682209, 3053053.971700001507998 ], [ 3393724.818499997258186, 3053002.825599998235703 ], [ 3393739.92119999974966, 3052921.354699999094009 ], [ 3393753.001199997961521, 3052850.794599998742342 ], [ 3393757.475500002503395, 3052804.05519999936223 ], [ 3393761.0625, 3052766.58390000090003 ], [ 3393811.606799997389317, 3052646.466899998486042 ], [ 3393825.435500003397465, 3052613.603399999439716 ], [ 3393890.991400003433228, 3052487.82319999858737 ], [ 3393915.799099996685982, 3052440.223099999129772 ], [ 3393938.157700002193451, 3052402.677700001746416 ], [ 3393960.920699998736382, 3052364.453099999576807 ], [ 3393989.211300000548363, 3052320.650199998170137 ], [ 3394025.422899998724461, 3052264.583099998533726 ], [ 3394053.26349999755621, 3052240.633299998939037 ], [ 3394102.044299997389317, 3052219.323899999260902 ], [ 3394137.594899997115135, 3052202.5143 ], [ 3394170.505800001323223, 3052168.934399999678135 ], [ 3394193.926600001752377, 3052133.7445 ], [ 3394221.097300000488758, 3052105.8445999994874 ], [ 3394287.918700002133846, 3052051.555100001394749 ], [ 3394336.690099999308586, 3051992.515299998223782 ], [ 3394388.012299999594688, 3051885.725099999457598 ], [ 3394423.423699997365475, 3051815.304999999701977 ], [ 3394430.456900000572205, 3051756.27140000090003 ], [ 3394430.494699999690056, 3051755.954500000923872 ], [ 3394424.336300000548363, 3051651.453400000929832 ], [ 3394420.66669999808073, 3051621.232999999076128 ], [ 3394424.347099997103214, 3051601.812899999320507 ], [ 3394443.867600001394749, 3051579.853000000119209 ], [ 3394454.178099997341633, 3051553.462900001555681 ], [ 3394456.71339999884367, 3051538.1732 ], [ 3394448.757500000298023, 3051526.63230000063777 ], [ 3394214.439599998295307, 3051306.554999999701977 ], [ 3394101.196400001645088, 3051200.193999998271465 ], [ 3394094.23139999806881, 3051189.836100000888109 ], [ 3394092.893299996852875, 3051187.846200000494719 ], [ 3394005.675300002098083, 3051058.142200000584126 ], [ 3393799.984300002455711, 3050641.1338 ], [ 3393778.8037, 3050607.278200000524521 ], [ 3393732.876299999654293, 3050533.866500001400709 ], [ 3393699.571000002324581, 3050479.647300001233816 ], [ 3393656.391099996864796, 3050409.352899998426437 ], [ 3393558.245300002396107, 3050253.392499998211861 ], [ 3393425.449199996888638, 3050042.37049999833107 ], [ 3393369.979400001466274, 3049954.22520000115037 ], [ 3393336.193599998950958, 3049900.537300001829863 ], [ 3393300.450900003314018, 3049843.739700000733137 ], [ 3393111.105099998414516, 3049542.856300000101328 ], [ 3393011.009099997580051, 3049383.796799998730421 ], [ 3393010.936599999666214, 3049383.695000000298023 ], [ 3392664.105499997735023, 3048896.366900000721216 ], [ 3392654.7871999964118, 3048883.273800000548363 ], [ 3392398.735299997031689, 3048626.1743 ], [ 3392273.045699998736382, 3048449.822500001639128 ], [ 3391999.899400003254414, 3048066.5779 ], [ 3391992.674500003457069, 3048061.381099998950958 ], [ 3391915.650600001215935, 3048005.978999998420477 ], [ 3391749.105800002813339, 3047886.186000000685453 ], [ 3391522.679499998688698, 3047723.321199998259544 ], [ 3391455.275799997150898, 3047674.838799998164177 ], [ 3391204.87610000371933, 3047902.33669999986887 ], [ 3390868.429099999368191, 3047869.6554000005126 ], [ 3390868.354699999094009, 3047869.250300001353025 ], [ 3390868.161200001835823, 3047869.231499999761581 ], [ 3390816.854400001466274, 3047590.018800001591444 ], [ 3390795.791500002145767, 3047475.394200000911951 ], [ 3390690.905599996447563, 3047467.209600001573563 ], [ 3390690.881700001657009, 3047466.804099999368191 ], [ 3390690.63570000231266, 3047466.78489999845624 ], [ 3390676.527800001204014, 3047227.130199998617172 ], [ 3390674.979699999094009, 3047200.832100000232458 ], [ 3390686.1074, 3047166.253499999642372 ], [ 3390801.216300003230572, 3046808.559799998998642 ], [ 3390811.782999999821186, 3046635.004900000989437 ], [ 3390818.825099997222424, 3046519.339499998837709 ], [ 3390816.9712999984622, 3046512.911800000816584 ], [ 3390804.444700002670288, 3046414.238699998706579 ], [ 3390787.696999996900558, 3046282.315000001341105 ], [ 3390714.242399998009205, 3046156.723799999803305 ], [ 3390706.049699999392033, 3046142.716099999845028 ], [ 3390548.575300000607967, 3045873.469700001180172 ], [ 3390705.456699997186661, 3045662.254700001329184 ], [ 3390755.723300002515316, 3045594.579 ], [ 3390693.088699996471405, 3045352.557 ], [ 3390796.181999996304512, 3045157.94990000128746 ], [ 3390905.044699996709824, 3044948.938000001013279 ], [ 3390896.549400001764297, 3044805.790199998766184 ], [ 3390723.791799999773502, 3044679.8301 ], [ 3390673.990500003099442, 3044643.519200000911951 ], [ 3390629.142700001597404, 3044610.820000000298023 ], [ 3390587.745700001716614, 3044219.803100001066923 ], [ 3390577.017899997532368, 3044198.363299999386072 ], [ 3390451.452100001275539, 3043947.415100000798702 ], [ 3390390.891099996864796, 3043236.661200001835823 ], [ 3390389.719700001180172, 3043222.913499999791384 ], [ 3390086.912000000476837, 3043051.333599999547005 ], [ 3389757.1853, 3043116.733600001782179 ], [ 3389535.095399998128414, 3042898.100600000470877 ], [ 3389535.007799997925758, 3042897.858800001442432 ], [ 3389505.14469999819994, 3042815.496599998325109 ], [ 3389476.871100001037121, 3042737.518100000917912 ], [ 3389314.411100000143051, 3042289.454900000244379 ], [ 3389307.807300001382828, 3042271.241599999368191 ], [ 3389399.674500003457069, 3042217.967300001531839 ], [ 3389477.940999999642372, 3042172.5801 ], [ 3389555.395099997520447, 3042127.664099998772144 ], [ 3389690.767200000584126, 3042049.161100000143051 ], [ 3389923.499200001358986, 3042089.081999998539686 ], [ 3389956.180399999022484, 3042014.284800000488758 ], [ 3389893.020199999213219, 3041541.158900000154972 ], [ 3389884.131399996578693, 3041474.5735 ], [ 3389879.563100002706051, 3041440.352699998766184 ], [ 3390008.656599998474121, 3041202.972500000149012 ], [ 3389972.767399996519089, 3040804.886199999600649 ], [ 3390005.199000000953674, 3040547.461899999529123 ], [ 3390046.124099999666214, 3040411.913699999451637 ], [ 3390016.686300002038479, 3040292.132100000977516 ], [ 3390020.600699998438358, 3040221.0337999984622 ], [ 3390049.402400001883507, 3040146.086800001561642 ], [ 3390112.812600001692772, 3039981.082499999552965 ], [ 3390112.70380000025034, 3039942.9824 ], [ 3390080.418300002813339, 3039887.688799999654293 ], [ 3390032.656900003552437, 3039792.249200001358986 ], [ 3390031.371799997985363, 3039765.094200000166893 ], [ 3390032.069399997591972, 3039750.903299998492002 ], [ 3390041.998000003397465, 3039548.934599999338388 ], [ 3390039.714599996805191, 3039491.934599999338388 ], [ 3390048.400799997150898, 3039399.242800001055002 ], [ 3390049.513899996876717, 3039328.197200000286102 ], [ 3390055.322700001299381, 3039274.8445999994874 ], [ 3390049.176399998366833, 3039193.115699999034405 ], [ 3390041.437600001692772, 3039090.210799999535084 ], [ 3390101.218900002539158, 3039030.561799999326468 ], [ 3390349.369099996984005, 3038782.961100000888109 ], [ 3390389.301100000739098, 3038763.479600001126528 ], [ 3390439.969499997794628, 3038751.521000001579523 ], [ 3390547.8429000005126, 3038754.648499999195337 ], [ 3390598.909699998795986, 3038752.606100000441074 ], [ 3390953.865800000727177, 3038616.424600001424551 ], [ 3390959.768799997866154, 3038614.15989999845624 ], [ 3390979.213799998164177, 3038472.0779 ], [ 3391011.233999997377396, 3038238.109900001436472 ], [ 3390999.540899999439716, 3038156.112700000405312 ], [ 3390964.911100000143051, 3037913.273299999535084 ], [ 3390955.031199999153614, 3037865.007199998944998 ], [ 3390960.310000002384186, 3037763.480399999767542 ], [ 3390964.613399997353554, 3037680.712099999189377 ], [ 3390969.595100000500679, 3037584.897300001233816 ], [ 3390989.216099999845028, 3037381.041400000452995 ], [ 3391033.390600003302097, 3037315.158100001513958 ], [ 3391033.486299999058247, 3037315.015299998223782 ], [ 3391234.73759999871254, 3037014.863099999725819 ], [ 3391256.724200002849102, 3036982.071600001305342 ], [ 3391290.091399997472763, 3036961.968899998813868 ], [ 3391434.175800003111362, 3036875.162399999797344 ], [ 3391448.159199997782707, 3036792.243900001049042 ], [ 3391457.3103, 3036737.979699999094009 ], [ 3391469.964000001549721, 3036662.945900000631809 ], [ 3391475.4824, 3036630.223099999129772 ], [ 3391493.5591000020504, 3036462.178599998354912 ], [ 3391498.572599999606609, 3036446.984400000423193 ], [ 3391507.165700003504753, 3036420.941599998623133 ], [ 3391544.029200002551079, 3036309.22069999948144 ], [ 3391555.25, 3036280.2029 ], [ 3391560.217699997127056, 3036267.356100000441074 ], [ 3391560.326300002634525, 3036264.815999999642372 ], [ 3391565.596699997782707, 3036141.526900000870228 ], [ 3391594.289399996399879, 3036027.669300001114607 ], [ 3391599.363300003111362, 3035993.207299999892712 ], [ 3391599.060900002717972, 3035992.998100001364946 ], [ 3391442.464299999177456, 3035884.694400001317263 ], [ 3391397.186499997973442, 3035853.379799999296665 ], [ 3391312.315499998629093, 3035794.682100001722574 ], [ 3391277.227700002491474, 3035774.243299998342991 ], [ 3390744.094099998474121, 3035556.809500001370907 ], [ 3390699.680500000715256, 3035538.695799998939037 ], [ 3390699.528499998152256, 3035538.317800000309944 ], [ 3390672.531199999153614, 3035471.187800001353025 ], [ 3390668.240000002086163, 3035460.5176 ], [ 3390668.095299996435642, 3035460.394099999219179 ], [ 3390652.667700000107288, 3035447.222699999809265 ], [ 3390633.790600001811981, 3035431.106199998408556 ], [ 3390364.904600001871586, 3035239.805300001055002 ], [ 3390257.82039999961853, 3035119.338100001215935 ], [ 3390145.422200001776218, 3034992.892900001257658 ], [ 3390145.422899998724461, 3034992.767799999564886 ], [ 3390150.112899996340275, 3034158.057500001043081 ], [ 3390125.847300000488758, 3034110.368299998342991 ], [ 3390125.762900002300739, 3034110.300000000745058 ], [ 3389993.326200000941753, 3034003.096999999135733 ], [ 3389695.148900002241135, 3033761.732700001448393 ], [ 3389476.297899998724461, 3033584.580400001257658 ], [ 3389110.485799998044968, 3033288.467999998480082 ], [ 3389089.006399996578693, 3033271.081199999898672 ], [ 3388953.197999998927116, 3033166.293400000780821 ], [ 3388915.862199999392033, 3033139.489199999719858 ], [ 3388734.949000000953674, 3032900.965999998152256 ], [ 3388634.592600002884865, 3032763.97239999845624 ], [ 3388634.4199, 3032763.670499999076128 ], [ 3388594.221000000834465, 3032693.374800000339746 ], [ 3388535.770700000226498, 3032591.163100000470877 ], [ 3388535.714100003242493, 3032591.117800001055002 ], [ 3388244.846600003540516, 3032358.53770000115037 ], [ 3388244.850400000810623, 3032358.329300001263618 ], [ 3388247.565700002014637, 3032210.7632 ], [ 3388250.460699997842312, 3032053.436500001698732 ], [ 3388279.005400002002716, 3032010.081900000572205 ], [ 3388301.181599996984005, 3031980.1974 ], [ 3388390.6554000005126, 3031859.622900001704693 ], [ 3388393.857100002467632, 3031815.807100001722574 ], [ 3388393.562399998307228, 3031815.72520000115037 ], [ 3388365.774999998509884, 3031808.000100001692772 ], [ 3388047.32769999653101, 3031719.469099998474121 ], [ 3387999.152800001204014, 3031694.576400000602007 ], [ 3387832.111599996685982, 3031665.013599999248981 ], [ 3387788.134999997913837, 3031658.080600000917912 ], [ 3387729.156800001859665, 3031648.782600000500679 ], [ 3387648.48650000244379, 3031643.073300000280142 ], [ 3387626.526600003242493, 3031640.477299999445677 ], [ 3387473.504199996590614, 3031688.341099999845028 ], [ 3387408.537100002169609, 3031665.611699998378754 ], [ 3387274.494000002741814, 3031614.412099998444319 ], [ 3387143.778399996459484, 3031564.483399998396635 ], [ 3386833.983999997377396, 3031454.733300000429153 ], [ 3386833.822499997913837, 3031454.350999999791384 ], [ 3386812.463899999856949, 3031403.790699999779463 ], [ 3386720.9199, 3031187.086599998176098 ], [ 3386665.231200002133846, 3031074.593699999153614 ], [ 3386636.917000003159046, 3031000.730399999767542 ], [ 3386628.08500000089407, 3030966.316799998283386 ], [ 3386627.203400000929832, 3030944.500999998301268 ], [ 3386633.326200000941753, 3030911.475299999117851 ], [ 3386651.1891999989748, 3030861.586399998515844 ], [ 3386679.889899998903275, 3030807.051199998706579 ], [ 3386688.570900000631809, 3030790.556000001728535 ], [ 3386752.781800001859665, 3030707.51799999922514 ], [ 3386869.363799996674061, 3030567.750199999660254 ], [ 3386942.659299999475479, 3030488.322999998927116 ], [ 3386990.696900002658367, 3030447.649700000882149 ], [ 3387002.343900002539158, 3030442.5810999982059 ], [ 3387049.774300001561642, 3030421.940099999308586 ], [ 3387146.937700003385544, 3030392.218199998140335 ], [ 3387197.440499998629093, 3030375.787599999457598 ], [ 3387226.672200001776218, 3030349.283700000494719 ], [ 3387275.120300002396107, 3030281.7804000005126 ], [ 3387830.688199996948242, 3029352.917700000107288 ], [ 3387889.041500002145767, 3029255.355900000780821 ], [ 3387888.650700002908707, 3029255.130100000649691 ], [ 3387858.51070000231266, 3029237.717799998819828 ], [ 3387524.491499997675419, 3029044.750100001692772 ], [ 3387524.379100002348423, 3029044.408700000494719 ], [ 3387325.159599997103214, 3028439.067600000649691 ], [ 3387294.233599998056889, 3028349.422600001096725 ], [ 3387294.113499999046326, 3028349.439100001007318 ], [ 3387159.662100002169609, 3028367.969900000840425 ], [ 3386887.640900000929832, 3028405.461199998855591 ], [ 3386887.434600003063679, 3028405.022799998521805 ], [ 3386803.27250000089407, 3028226.169300001114607 ], [ 3386766.057099997997284, 3028077.666999999433756 ], [ 3386664.167499996721745, 3027671.092799998819828 ], [ 3386683.146300002932549, 3027391.474899999797344 ], [ 3386551.464100003242493, 3027174.299699999392033 ], [ 3386551.454199999570847, 3027174.306699998676777 ], [ 3386460.730200000107288, 3027237.770399998873472 ], [ 3386384.058899998664856, 3027257.086899999529123 ], [ 3386372.135099999606609, 3027258.801399998366833 ], [ 3386299.979900002479553, 3027269.176199998706579 ], [ 3386226.304799996316433, 3027237.161400001496077 ], [ 3386226.180699996650219, 3027236.796900000423193 ], [ 3386212.558399997651577, 3027196.769799999892712 ], [ 3386212.397799998521805, 3027196.660199999809265 ], [ 3386192.6382, 3027183.168200001120567 ], [ 3386076.305299997329712, 3027438.598799999803305 ], [ 3386025.483499996364117, 3027506.755399998277426 ], [ 3385916.834299996495247, 3027521.686500001698732 ], [ 3385874.172899998724461, 3027506.168200001120567 ], [ 3385854.302400000393391, 3027498.940200001001358 ], [ 3385817.033299997448921, 3027510.419599998742342 ], [ 3385765.467799998819828, 3027560.733199998736382 ], [ 3385683.337399996817112, 3027676.380399998277426 ], [ 3385563.579099997878075, 3027734.978900000452995 ], [ 3385463.188900001347065, 3027769.433699999004602 ], [ 3385380.363499999046326, 3027796.199200000613928 ], [ 3385292.681199997663498, 3027957.772199999541044 ], [ 3385229.262000001966953, 3028021.491599999368191 ], [ 3385149.839400000870228, 3028070.471500001847744 ], [ 3385106.616099998354912, 3028082.192800000309944 ], [ 3385044.687100000679493, 3028061.910599999129772 ], [ 3385036.934900000691414, 3028054.7820999994874 ], [ 3384965.6875, 3028121.3136 ], [ 3384890.556999996304512, 3028094.120999999344349 ], [ 3384822.787500001490116, 3028040.543800000101328 ], [ 3384817.13459999859333, 3028036.074700001627207 ], [ 3384816.905699998140335, 3028035.680500000715256 ], [ 3384737.446999996900558, 3027898.820500001311302 ], [ 3384737.383900001645088, 3027898.755300000309944 ], [ 3384694.898900002241135, 3027854.890000000596046 ], [ 3384614.070000000298023, 3027810.058899998664856 ], [ 3384572.977200001478195, 3027801.329700000584126 ], [ 3384469.124600000679493, 3027812.085499998182058 ], [ 3384468.991999998688698, 3027811.644400000572205 ], [ 3384457.028300002217293, 3027771.857799999415874 ], [ 3384423.678400002419949, 3027608.556200001388788 ], [ 3384412.16950000077486, 3027552.2018 ], [ 3384401.254600003361702, 3027468.7162000015378 ], [ 3384381.13910000026226, 3027354.812699999660254 ], [ 3384360.760399997234344, 3027294.566399998962879 ], [ 3384325.07769999653101, 3027224.521099999547005 ], [ 3384291.507399998605251, 3027157.3739 ], [ 3384275.276299998164177, 3026945.465700000524521 ], [ 3384275.972300000488758, 3026782.520899999886751 ], [ 3384301.729699999094009, 3026636.91499999910593 ], [ 3384207.089000001549721, 3026474.445700000971556 ], [ 3384207.043700002133846, 3026474.393899999558926 ], [ 3384136.051899999380112, 3026393.156899999827147 ], [ 3384081.424800001084805, 3026330.646099999547005 ], [ 3383991.702500000596046, 3026308.982999999076128 ], [ 3383902.899499997496605, 3026287.541900001466274 ], [ 3383811.002099998295307, 3026265.35359999909997 ], [ 3383671.656999997794628, 3026342.651999998837709 ], [ 3383625.131499998271465, 3026307.987199999392033 ], [ 3383501.456699997186661, 3026215.840700000524521 ], [ 3383462.284599997103214, 3026186.654699999839067 ], [ 3383451.265000000596046, 3026178.444299999624491 ], [ 3383024.902400001883507, 3026101.7456 ], [ 3382976.308399997651577, 3026063.001800000667572 ], [ 3382823.62780000269413, 3025941.269900001585484 ], [ 3382753.682300001382828, 3025885.502599999308586 ], [ 3382347.046800002455711, 3026093.101100001484156 ], [ 3382346.808600001037121, 3026092.649099998176098 ], [ 3382273.263899996876717, 3025953.038699999451637 ], [ 3382111.981200002133846, 3025646.874899998307228 ], [ 3382203.69370000064373, 3025283.459499999880791 ], [ 3382203.361599996685982, 3025283.263099998235703 ], [ 3381857.009199999272823, 3025078.505399998277426 ], [ 3381819.762299999594688, 3025056.4857 ], [ 3381819.66780000180006, 3025056.155799999833107 ], [ 3381784.32769999653101, 3024932.78999999910593 ], [ 3381784.095200002193451, 3024932.509500000625849 ], [ 3381631.1199000030756, 3024747.914099998772144 ], [ 3381630.922600001096725, 3024747.58049999922514 ], [ 3381494.37049999833107, 3024516.653200000524521 ], [ 3381486.991499997675419, 3024479.647300001233816 ], [ 3381478.062600001692772, 3024434.868599999696016 ], [ 3381440.47580000013113, 3024319.205800000578165 ], [ 3381440.270499996840954, 3024318.999800000339746 ], [ 3381400.386500000953674, 3024278.969500001519918 ], [ 3381325.935099996626377, 3024204.245000001043081 ], [ 3381325.839699998497963, 3024203.996300000697374 ], [ 3381251.852899998426437, 3024011.117199998348951 ], [ 3381251.690700002014637, 3024010.96680000051856 ], [ 3380954.814099997282028, 3023735.83500000089407 ], [ 3380792.816699996590614, 3023818.06529999896884 ], [ 3380443.291599996387959, 3024128.774099998176098 ], [ 3380145.208700001239777, 3024393.753600001335144 ], [ 3380035.107199996709824, 3024491.627900000661612 ], [ 3379932.970399998128414, 3024582.421900000423193 ], [ 3379981.778300002217293, 3024644.5165 ], [ 3380271.436499997973442, 3025013.026399999856949 ], [ 3380271.470499999821186, 3025013.14919999986887 ], [ 3380271.708499997854233, 3025013.451900001615286 ], [ 3380307.929999999701977, 3025144.06870000064373 ], [ 3380298.809299997985363, 3025273.460700001567602 ], [ 3380295.112300001084805, 3025325.907699998468161 ], [ 3380220.478000000119209, 3025490.087799999862909 ], [ 3380152.655900001525879, 3025639.282400000840425 ], [ 3379993.292300000786781, 3025844.584699999541044 ], [ 3379944.323899999260902, 3025897.282999999821186 ], [ 3379615.51690000295639, 3026076.833500001579523 ], [ 3379392.20889999717474, 3026153.668000001460314 ], [ 3379316.586199998855591, 3026174.689800001680851 ], [ 3379197.273699998855591, 3026243.723200000822544 ], [ 3379140.758000001311302, 3026294.247499998658895 ], [ 3379132.572599999606609, 3026348.231699999421835 ], [ 3379048.680500000715256, 3026371.878800000995398 ], [ 3378994.120099999010563, 3026387.258099999278784 ], [ 3378924.192900002002716, 3026545.134199999272823 ], [ 3378773.003100000321865, 3026576.700899999588728 ], [ 3378740.028999999165535, 3026583.585499998182058 ], [ 3378746.747599996626377, 3026616.191199999302626 ], [ 3378759.310400001704693, 3026677.158700000494719 ], [ 3378677.155500002205372, 3026800.732200000435114 ], [ 3378607.849200002849102, 3026904.979499999433756 ], [ 3378693.325800001621246, 3027140.941300000995398 ], [ 3378740.260799996554852, 3027270.507399998605251 ], [ 3378551.166900001466274, 3027321.571600001305342 ], [ 3378485.958700001239777, 3027342.170400001108646 ], [ 3378435.0050999969244, 3027375.698800001293421 ], [ 3378398.939999997615814, 3027399.430399999022484 ], [ 3378330.5088, 3027402.273699998855591 ], [ 3378246.233900003135204, 3027453.95380000025034 ], [ 3378152.2522, 3027463.328299999237061 ], [ 3378071.297399997711182, 3027415.531899999827147 ], [ 3377981.835900001227856, 3027414.288899999111891 ], [ 3377878.648400001227856, 3027321.722300000488758 ], [ 3377773.058899998664856, 3027410.050799999386072 ], [ 3377695.317199997603893, 3027380.010800000280142 ], [ 3377609.2007, 3027387.563900001347065 ], [ 3377502.165100000798702, 3027453.109200000762939 ], [ 3377406.755199998617172, 3027487.866099998354912 ], [ 3377340.172499999403954, 3027475.246100001037121 ], [ 3377298.5608000010252, 3027454.127000000327826 ], [ 3377219.045299999415874, 3027500.649300001561642 ], [ 3377055.99379999935627, 3027497.493099998682737 ], [ 3376957.8169, 3027363.635899998247623 ], [ 3376955.94990000128746, 3027361.090300001204014 ], [ 3376908.273699998855591, 3027325.328499998897314 ], [ 3376802.975599996745586, 3027301.399599999189377 ], [ 3376802.803900003433228, 3027300.998199999332428 ], [ 3376802.697700001299381, 3027300.97410000115633 ], [ 3376766.504900000989437, 3027216.324499998241663 ], [ 3376740.172499999403954, 3027188.784400001168251 ], [ 3376696.913900002837181, 3027187.597699999809265 ], [ 3376620.5044, 3027249.3902000002563 ], [ 3376568.489500001072884, 3027228.704900000244379 ], [ 3376568.43860000371933, 3027228.368000000715256 ], [ 3376568.216600000858307, 3027228.279800001531839 ], [ 3376564.786899998784065, 3027205.579500000923872 ], [ 3376598.048199996352196, 3027145.5793999992311 ], [ 3376596.770199999213219, 3027114.874099999666214 ], [ 3376578.035300001502037, 3027088.2412 ], [ 3376535.891800001263618, 3027054.2324 ], [ 3376535.9070999994874, 3027054.03999999910593 ], [ 3376535.619000002741814, 3027053.807599999010563 ], [ 3376538.878600001335144, 3027012.9510000012815 ], [ 3376517.45160000026226, 3026980.990600001066923 ], [ 3376443.734399996697903, 3026928.434900000691414 ], [ 3376443.830399997532368, 3026928.268899999558926 ], [ 3376443.460100002586842, 3026928.004900000989437 ], [ 3376505.47240000218153, 3026820.736000001430511 ], [ 3376405.338299997150898, 3026733.836399998515844 ], [ 3376405.399700000882149, 3026733.694899998605251 ], [ 3376405.062799997627735, 3026733.402499999850988 ], [ 3376453.564999997615814, 3026621.612100001424551 ], [ 3376451.875600002706051, 3026580.96169999986887 ], [ 3376451.5675999969244, 3026514.118700001388788 ], [ 3376407.916400000452995, 3026477.521999999880791 ], [ 3376399.34570000320673, 3026470.336399998515844 ], [ 3376399.142800003290176, 3026469.973499998450279 ], [ 3376399.066799998283386, 3026469.909800000488758 ], [ 3376352.042000003159046, 3026385.795899998396635 ], [ 3376282.994300000369549, 3026312.259399998933077 ], [ 3376171.368699997663498, 3026255.811500001698732 ], [ 3376118.60639999806881, 3026217.282499998807907 ], [ 3376118.3838, 3026216.8935999982059 ], [ 3376118.328100003302097, 3026216.853000000119209 ], [ 3376088.328599996864796, 3026164.462000001221895 ], [ 3376082.179799996316433, 3026088.221200000494719 ], [ 3376079.920699998736382, 3026034.118599999696016 ], [ 3376078.990900002419949, 3026011.850400000810623 ], [ 3376074.213299997150898, 3025956.179699998348951 ], [ 3375979.716700002551079, 3025887.787500001490116 ], [ 3375979.706799998879433, 3025887.549400001764297 ], [ 3375979.4419, 3025887.357700001448393 ], [ 3375978.592200003564358, 3025867.027499999850988 ], [ 3375994.443199999630451, 3025818.187199998646975 ], [ 3376059.394400000572205, 3025779.7179000005126 ], [ 3376079.323600001633167, 3025767.5779 ], [ 3376113.665399998426437, 3025746.658399999141693 ], [ 3376068.495300002396107, 3025648.598299998790026 ], [ 3376060.858999997377396, 3025632.020500000566244 ], [ 3375975.262100003659725, 3025589.942200001329184 ], [ 3375975.214400000870228, 3025589.626800000667572 ], [ 3375968.404700003564358, 3025544.5320999994874 ], [ 3375973.723200000822544, 3025493.154599998146296 ], [ 3375992.257700003683567, 3025449.162000000476837 ], [ 3376028.482299998402596, 3025435.421 ], [ 3376180.520499996840954, 3025377.748700000345707 ], [ 3376170.083800002932549, 3025258.469900000840425 ], [ 3376170.667000003159046, 3025244.441500000655651 ], [ 3376172.5658999979496, 3025198.768399998545647 ], [ 3376222.169399999082088, 3025056.051100000739098 ], [ 3376240.884099997580051, 3025002.206000000238419 ], [ 3376238.668200001120567, 3024996.808200001716614 ], [ 3376218.225599996745586, 3024947.011300001293421 ], [ 3376218.398400001227856, 3024936.045000001788139 ], [ 3376218.906800001859665, 3024903.774999998509884 ], [ 3376277.866899996995926, 3024884.021699998527765 ], [ 3376296.801600001752377, 3024877.678100001066923 ], [ 3376313.162500001490116, 3024841.23369999974966 ], [ 3376292.137299999594688, 3024765.620200000703335 ], [ 3376330.671800002455711, 3024727.009399998933077 ], [ 3376353.172200001776218, 3024704.464400000870228 ], [ 3376353.921400003135204, 3024651.230599999427795 ], [ 3376354.683399997651577, 3024597.082299999892712 ], [ 3376355.17960000038147, 3024561.8213 ], [ 3376387.496500000357628, 3024419.409800000488758 ], [ 3376410.187700003385544, 3024384.381900001317263 ], [ 3376411.308300003409386, 3024382.652100000530481 ], [ 3376448.326499998569489, 3024353.289799999445677 ], [ 3376472.236199997365475, 3024319.019200000911951 ], [ 3376470.547899998724461, 3024278.356899999082088 ], [ 3376480.895999997854233, 3024216.832400001585484 ], [ 3376581.912399999797344, 3024197.224800001829863 ], [ 3376636.771600000560284, 3024166.630300000309944 ], [ 3376665.720399998128414, 3024122.213199999183416 ], [ 3376694.476499997079372, 3024085.250799998641014 ], [ 3376802.165299996733665, 3024035.068300001323223 ], [ 3376829.038400001823902, 3023952.489100001752377 ], [ 3376862.941200003027916, 3023907.857099998742342 ], [ 3376868.852300003170967, 3023889.333999998867512 ], [ 3376901.174900002777576, 3023788.047400001436472 ], [ 3376903.223800003528595, 3023764.730500001460314 ], [ 3376904.54839999973774, 3023749.656700000166893 ], [ 3376890.810999996960163, 3023658.338599998503923 ], [ 3376953.18639999628067, 3023582.617400001734495 ], [ 3376956.064999997615814, 3023579.122900001704693 ], [ 3376954.064300000667572, 3023531.019400000572205 ], [ 3376957.499700002372265, 3023482.201699998229742 ], [ 3377018.223600000143051, 3023413.604499999433756 ], [ 3377036.325900003314018, 3023359.207499999552965 ], [ 3377037.749899998307228, 3023292.034499999135733 ], [ 3377038.0016999989748, 3023280.153999999165535 ], [ 3377070.865900002419949, 3023210.23589999973774 ], [ 3377087.140100002288818, 3023177.381799999624491 ], [ 3377120.357699997723103, 3023110.322900000959635 ], [ 3377121.98030000180006, 3023056.550700001418591 ], [ 3377122.119099996984005, 3023051.95160000026226 ], [ 3377122.443899996578693, 3023041.187199998646975 ], [ 3377133.697200000286102, 3022947.836500000208616 ], [ 3377141.280799999833107, 3022884.927299998700619 ], [ 3377140.993699997663498, 3022884.631299998611212 ], [ 3376828.949100002646446, 3022562.781399998813868 ], [ 3376789.907600000500679, 3022522.5132 ], [ 3376686.254299998283386, 3022419.032800000160933 ], [ 3376506.894500002264977, 3022522.594000000506639 ], [ 3376111.419699996709824, 3022750.938900001347065 ], [ 3375982.711099997162819, 3022813.252300001680851 ], [ 3375776.896799996495247, 3022912.896000001579523 ], [ 3375780.778399996459484, 3023006.121399998664856 ], [ 3375315.902300000190735, 3023139.102800000458956 ], [ 3374967.854400001466274, 3023238.664599999785423 ], [ 3374765.571000002324581, 3023522.285100001841784 ], [ 3374392.367299996316433, 3023733.048700001090765 ], [ 3373842.706000000238419, 3023631.271499998867512 ], [ 3373301.277800001204014, 3024024.901399999856949 ], [ 3373153.618199996650219, 3024033.542300000786781 ], [ 3372986.997599996626377, 3024004.7324 ], [ 3372771.240099996328354, 3024024.1587999984622 ], [ 3372703.095299996435642, 3024033.953000001609325 ], [ 3372702.797499999403954, 3024033.548500001430511 ], [ 3372669.926700003445148, 3023988.901200000196695 ], [ 3372492.796499997377396, 3023748.311299998313189 ], [ 3372273.412699997425079, 3023450.329700000584126 ], [ 3372273.430200003087521, 3023450.297600001096725 ], [ 3372273.134800001978874, 3023449.89640000090003 ], [ 3372343.305200003087521, 3023321.818500000983477 ], [ 3372388.893899999558926, 3023238.608300000429153 ], [ 3372362.364200003445148, 3023222.093499999493361 ], [ 3372211.285499997437, 3023128.046300001442432 ], [ 3371833.003200002014637, 3023276.46229999884963 ], [ 3371790.15259999781847, 3023284.614700000733137 ], [ 3371645.720399998128414, 3023312.092999998480082 ], [ 3371531.745200000703335, 3023199.6195 ], [ 3371444.520999997854233, 3023251.937399998307228 ], [ 3371434.529899999499321, 3023249.8893 ], [ 3371224.353900000452995, 3023206.803899999707937 ], [ 3371106.320299997925758, 3023182.6074 ], [ 3371106.156000003218651, 3023182.199700001627207 ], [ 3371016.086999997496605, 3022958.677700001746416 ], [ 3370985.780500002205372, 3022883.466699998825788 ], [ 3370974.424500003457069, 3022855.28489999845624 ], [ 3370974.326499998569489, 3022855.308699999004602 ], [ 3370848.542999997735023, 3022885.879799999296665 ], [ 3370572.941799998283386, 3022757.300500001758337 ], [ 3370430.617499999701977, 3022941.583799999207258 ], [ 3370423.041400000452995, 3022947.685400001704693 ], [ 3370248.476800002157688, 3023088.274300001561642 ], [ 3369698.45099999755621, 3022735.745799999684095 ], [ 3369632.910800002515316, 3022693.739 ], [ 3369468.266099996864796, 3022593.322799999266863 ], [ 3369468.04450000077486, 3022592.9265 ], [ 3369322.88120000064373, 3022333.310899998992682 ], [ 3369272.842200003564358, 3022243.819200001657009 ], [ 3369040.884499996900558, 3021875.974599998444319 ], [ 3369013.918200001120567, 3021833.208000000566244 ], [ 3368980.760600000619888, 3021780.622400000691414 ], [ 3368980.753300003707409, 3021780.6228 ], [ 3368757.219200000166893, 3021792.458500001579523 ], [ 3368574.258400000631809, 3021563.144099999219179 ], [ 3368488.751299999654293, 3021525.983899999409914 ], [ 3368441.723700001835823, 3021463.427400000393391 ], [ 3368429.4054000005126, 3021479.473900001496077 ], [ 3368380.606899999082088, 3021488.97520000115037 ], [ 3368307.204199999570847, 3021492.045699998736382 ], [ 3368261.266199998557568, 3021510.357999999076128 ], [ 3368247.763800002634525, 3021531.780600000172853 ], [ 3368248.343900002539158, 3021545.6722999997437 ], [ 3368270.787699997425079, 3021607.329700000584126 ], [ 3368282.799699999392033, 3021633.162799999117851 ], [ 3368312.984899997711182, 3021653.7652000002563 ], [ 3368332.628200002014637, 3021672.317299999296665 ], [ 3368333.088299997150898, 3021683.228700000792742 ], [ 3368319.205899998545647, 3021695.730200000107288 ], [ 3368307.403800003230572, 3021698.71059999987483 ], [ 3368276.508500002324581, 3021696.520399998873472 ], [ 3368259.055399999022484, 3021718.613099999725819 ], [ 3368248.293499998748302, 3021746.39640000090003 ], [ 3368242.332400001585484, 3021781.920699998736382 ], [ 3368247.243100002408028, 3021828.406300000846386 ], [ 3368253.614200003445148, 3021849.9989 ], [ 3368287.490000002086163, 3021875.911899998784065 ], [ 3368321.375799998641014, 3021901.815000001341105 ], [ 3368337.42849999666214, 3021917.546799998730421 ], [ 3368319.585299998521805, 3021989.835499998182058 ], [ 3368291.910300001502037, 3022076.436000000685453 ], [ 3368174.019500002264977, 3022263.198699999600649 ], [ 3368094.515500001609325, 3022369.8717 ], [ 3368027.5537, 3022443.710799999535084 ], [ 3367992.297600001096725, 3022456.122299998998642 ], [ 3367948.420000001788139, 3022452.491999998688698 ], [ 3367894.400700002908707, 3022419.968199998140335 ], [ 3367845.962399996817112, 3022402.126200001686811 ], [ 3367811.026299998164177, 3022410.5472999997437 ], [ 3367789.702600002288818, 3022423.358899999409914 ], [ 3367775.469999998807907, 3022451.282299999147654 ], [ 3367757.666900001466274, 3022464.943900000303984 ], [ 3367723.691100001335144, 3022460.403499998152256 ], [ 3367655.159199997782707, 3022449.362300001084805 ], [ 3367606.9408999979496, 3022436.970899999141693 ], [ 3367549.420999996364117, 3022392.175700001418591 ], [ 3367528.237400002777576, 3022384.614799998700619 ], [ 3367491.351000003516674, 3022393.61600000038743 ], [ 3367461.745800003409386, 3022410.258000001311302 ], [ 3367413.547499999403954, 3022410.288199998438358 ], [ 3367371.200199998915195, 3022395.666499998420477 ], [ 3367329.032999999821186, 3022349.731100000441074 ], [ 3367281.434799998998642, 3022304.535700000822544 ], [ 3367252.209799997508526, 3022294.8246 ], [ 3367207.571999996900558, 3022296.695000000298023 ], [ 3367153.122599996626377, 3022289.534200001507998 ], [ 3367101.203699998557568, 3022259.910799998790026 ], [ 3367054.59570000320673, 3022214.665500000119209 ], [ 3367005.387299999594688, 3022178.471200000494719 ], [ 3366970.43129999935627, 3022162.53940000012517 ], [ 3366924.253200002014637, 3022174.910999998450279 ], [ 3366888.276900000870228, 3022205.7347999997437 ], [ 3366865.532899998128414, 3022232.008000001311302 ], [ 3366853.130699999630451, 3022256.380899999290705 ], [ 3366852.630599997937679, 3022291.675200000405312 ], [ 3366853.320600003004074, 3022331.890000000596046 ], [ 3366853.8706, 3022369.124499998986721 ], [ 3366852.390299998223782, 3022393.037399999797344 ], [ 3366820.154700003564358, 3022406.309000000357628 ], [ 3366790.309600003063679, 3022393.647599998861551 ], [ 3366756.833800002932549, 3022377.165699999779463 ], [ 3366718.827200002968311, 3022383.226500000804663 ], [ 3366686.061499997973442, 3022407.449499998241663 ], [ 3366666.678099997341633, 3022419.190900001674891 ], [ 3366650.345299996435642, 3022408.949700001627207 ], [ 3366633.292400002479553, 3022393.267900001257658 ], [ 3366624.370899997651577, 3022369.795099999755621 ], [ 3366631.562200002372265, 3022328.250100001692772 ], [ 3366620.280299998819828, 3022295.936200000345707 ], [ 3366588.694899998605251, 3022277.394099999219179 ], [ 3366570.80179999768734, 3022265.222600001841784 ], [ 3366573.252300001680851, 3022240.76969999819994 ], [ 3366584.924400001764297, 3022210.976100001484156 ], [ 3366572.912399999797344, 3022185.14299999922514 ], [ 3366549.678400002419949, 3022176.182 ], [ 3366532.455399997532368, 3022156.539700001478195 ], [ 3366516.802699998021126, 3022150.228900000452995 ], [ 3366510.871699996292591, 3022162.900499999523163 ], [ 3366510.431599996984005, 3022176.342099998146296 ], [ 3366503.380300000309944, 3022197.494699999690056 ], [ 3366487.317500002682209, 3022205.625700000673532 ], [ 3366467.163999997079372, 3022210.9364 ], [ 3366464.653499998152256, 3022233.899099998176098 ], [ 3366478.795900002121925, 3022263.11259999871254 ], [ 3366482.046400003135204, 3022281.354800000786781 ], [ 3366463.463200002908707, 3022288.59569999948144 ], [ 3366430.837499998509884, 3022292.446199998259544 ], [ 3366395.751400001347065, 3022308.818300001323223 ], [ 3366344.072400003671646, 3022356.1941 ], [ 3366318.897900000214577, 3022407.430300001055002 ], [ 3366293.873499996960163, 3022426.852699998766184 ], [ 3366241.714500002563, 3022438.974300000816584 ], [ 3366202.757700003683567, 3022446.065200001001358 ], [ 3366165.501199997961521, 3022469.988200001418591 ], [ 3366120.423299998044968, 3022508.642900001257658 ], [ 3366082.796700000762939, 3022523.624800000339746 ], [ 3366038.148999996483326, 3022525.505199998617172 ], [ 3365979.798900000751019, 3022519.994600001722574 ], [ 3365933.130800001323223, 3022520.954799998551607 ], [ 3365868.42960000038147, 3022542.047499999403954 ], [ 3365834.823700003325939, 3022581.712400000542402 ], [ 3365811.769599996507168, 3022624.407600000500679 ], [ 3365782.484300002455711, 3022708.107700001448393 ], [ 3365753.259099997580051, 3022769.445099998265505 ], [ 3365726.234399996697903, 3022800.378899998962879 ], [ 3365639.319300003349781, 3022836.813499998301268 ], [ 3365589.640600003302097, 3022872.687899999320507 ], [ 3365552.064000003039837, 3022912.512800000607967 ], [ 3365521.928599998354912, 3022975.87049999833107 ], [ 3365484.99210000038147, 3023031.077199999243021 ], [ 3365465.23870000243187, 3023033.887600000947714 ], [ 3365404.208099998533726, 3023035.947999998927116 ], [ 3365300.320200003683567, 3023010.995200000703335 ], [ 3365228.117700003087521, 3023007.064899999648333 ], [ 3365160.095899999141693, 3023019.856600001454353 ], [ 3364990.636500000953674, 3023042.849700000137091 ], [ 3364860.723899997770786, 3023072.633600000292063 ], [ 3364762.846900001168251, 3023108.038100000470877 ], [ 3364670.050700001418591, 3023158.124299999326468 ], [ 3364621.072200000286102, 3023163.165100000798702 ], [ 3364589.776799999177456, 3023151.563700001686811 ], [ 3364515.443899996578693, 3023144.243000000715256 ], [ 3364488.619300000369549, 3023156.304499998688698 ], [ 3364438.340499997138977, 3023201.129999998956919 ], [ 3364393.322599999606609, 3023229.353500001132488 ], [ 3364333.772200003266335, 3023266.618200000375509 ], [ 3364302.366700001060963, 3023299.732200000435114 ], [ 3364247.967200003564358, 3023329.345899999141693 ], [ 3364158.471600003540516, 3023375.321600001305342 ], [ 3364123.725500002503395, 3023435.398899998515844 ], [ 3364119.224600002169609, 3023493.715900000184774 ], [ 3364108.742600001394749, 3023575.625799998641014 ], [ 3364104.621799997985363, 3023607.589699998497963 ], [ 3364038.940099999308586, 3023735.545200001448393 ], [ 3364000.943300001323223, 3023836.497400000691414 ], [ 3363983.850199997425079, 3023902.795400001108646 ], [ 3363985.950499996542931, 3023952.881499998271465 ], [ 3363999.692699998617172, 3024043.71229999884963 ], [ 3364011.444600000977516, 3024086.9375 ], [ 3364038.789300002157688, 3024111.130399998277426 ], [ 3364078.746200002729893, 3024127.832299999892712 ], [ 3364137.676299996674061, 3024135.293000001460314 ], [ 3364170.412000000476837, 3024133.932799998670816 ], [ 3364189.985399998724461, 3024150.494699999690056 ], [ 3364238.653800003230572, 3024173.787399999797344 ], [ 3364282.201300002634525, 3024169.476799998432398 ], [ 3364336.260600000619888, 3024179.137800000607967 ], [ 3364354.793799996376038, 3024182.828200001269579 ], [ 3364363.515299998223782, 3024201.340500000864267 ], [ 3364367.075900003314018, 3024215.102099999785423 ], [ 3364368.185999996960163, 3024241.395300000905991 ], [ 3364366.495700001716614, 3024272.25899999961257 ], [ 3364325.318499997258186, 3024309.253499999642372 ], [ 3364292.652699999511242, 3024335.956799998879433 ], [ 3364286.441600002348423, 3024353.608899999409914 ], [ 3364290.372299998998642, 3024364.380199998617172 ], [ 3364306.494999997317791, 3024405.42509999871254 ], [ 3364294.55290000140667, 3024416.856499999761581 ], [ 3364244.014200001955032, 3024408.055599998682737 ], [ 3364231.571999996900558, 3024419.506999999284744 ], [ 3364220.439999997615814, 3024438.359299998730421 ], [ 3364221.430100001394749, 3024462.162099998444319 ], [ 3364272.358900003135204, 3024503.736999999731779 ], [ 3364321.487300001084805, 3024537.940999999642372 ], [ 3364331.729099996387959, 3024544.971799999475479 ], [ 3364328.08839999884367, 3024564.984299998730421 ], [ 3364315.896200001239777, 3024582.386399999260902 ], [ 3364260.436499997973442, 3024657.7456 ], [ 3364236.022100001573563, 3024703.481100000441074 ], [ 3364233.471600003540516, 3024749.28660000115633 ], [ 3364249.184199996292591, 3024780.430300001055002 ], [ 3364279.509400002658367, 3024804.493200000375509 ], [ 3364338.17960000038147, 3024817.434599999338388 ], [ 3364365.164300002157688, 3024809.343499999493361 ], [ 3364469.662399999797344, 3024777.639499999582767 ], [ 3364500.287699997425079, 3024785.300299998372793 ], [ 3364512.149700000882149, 3024807.653000000864267 ], [ 3364507.968900002539158, 3024861.979499999433756 ], [ 3364516.280299998819828, 3024882.491999998688698 ], [ 3364551.376299999654293, 3024913.815699998289347 ], [ 3364554.666799999773502, 3024933.048000000417233 ], [ 3364536.73369999974966, 3024955.660700000822544 ], [ 3364500.027199998497963, 3024992.475299999117851 ], [ 3364454.419200003147125, 3025042.0713 ], [ 3364432.885399997234344, 3025073.775199998170137 ], [ 3364425.524099998176098, 3025111.349700000137091 ], [ 3364432.405199997127056, 3025145.333799999207258 ], [ 3364444.547200001776218, 3025174.137200001627207 ], [ 3364473.652199998497963, 3025192.779399998486042 ], [ 3364501.006999999284744, 3025193.6294 ], [ 3364567.238399997353554, 3025185.388300001621246 ], [ 3364585.881700001657009, 3025191.559000000357628 ], [ 3364589.952299997210503, 3025241.565000001341105 ], [ 3364592.032600000500679, 3025255.386700000613928 ], [ 3364569.868699997663498, 3025283.640099998563528 ], [ 3364508.627999998629093, 3025327.935600001364946 ], [ 3364499.216300003230572, 3025364.099899999797344 ], [ 3364513.028499998152256, 3025433.068199999630451 ], [ 3364509.527800001204014, 3025479.913800001144409 ], [ 3364498.725699998438358, 3025565.804200001060963 ], [ 3364494.14469999819994, 3025681.758099999278784 ], [ 3364486.653300002217293, 3025716.342300001531839 ], [ 3364454.887699998915195, 3025764.368200000375509 ], [ 3364415.2007, 3025813.234099999070168 ], [ 3364410.889899998903275, 3025840.727400001138449 ], [ 3364408.769400000572205, 3025920.307 ], [ 3364411.5996999964118, 3026011.598000001162291 ], [ 3364407.548799999058247, 3026092.737799998372793 ], [ 3364373.372699998319149, 3026166.206700000911951 ], [ 3364322.663900002837181, 3026201.111000001430511 ], [ 3364265.983999997377396, 3026211.932399999350309 ], [ 3364257.932599999010563, 3026221.213500000536442 ], [ 3364255.652099996805191, 3026249.616999998688698 ], [ 3364256.33219999819994, 3026265.988899998366833 ], [ 3364283.506899997591972, 3026286.211300000548363 ], [ 3364355.769299998879433, 3026338.817499998956919 ], [ 3364389.33500000089407, 3026369.2010000012815 ], [ 3364392.645599998533726, 3026388.933400001376867 ], [ 3364393.455700002610683, 3026408.275699999183416 ], [ 3364376.202600002288818, 3026435.329 ], [ 3364376.662699997425079, 3026446.240299999713898 ], [ 3364383.79389999806881, 3026462.332299999892712 ], [ 3364386.234300002455711, 3026473.163499999791384 ], [ 3364382.763599999248981, 3026497.14640000090003 ], [ 3364345.046999998390675, 3026557.353799998760223 ], [ 3364321.022699996829033, 3026612.010400000959635 ], [ 3364301.999300003051758, 3026644.094300001859665 ], [ 3364214.404100000858307, 3026664.166900001466274 ], [ 3364189.179700002074242, 3026690.560100000351667 ], [ 3364191.049900002777576, 3026711.352600000798702 ], [ 3364208.142899997532368, 3026728.014600001275539 ], [ 3364250.260099999606609, 3026737.175599999725819 ], [ 3364354.778200000524521, 3026765.57880000025034 ], [ 3364404.516800001263618, 3026778.890299998223782 ], [ 3364422.689900003373623, 3026797.512499999254942 ], [ 3364414.228399999439716, 3026820.715300001204014 ], [ 3364395.234999999403954, 3026841.877900000661612 ], [ 3364323.792499996721745, 3026891.563999999314547 ], [ 3364319.2516999989748, 3026913.616700001060963 ], [ 3364333.244099996984005, 3026927.438299998641014 ], [ 3364356.638099998235703, 3026940.3597999997437 ], [ 3364411.647600002586842, 3026948.980700001120567 ], [ 3364491.721500001847744, 3026939.169300001114607 ], [ 3364545.931000001728535, 3026905.105099998414516 ], [ 3364562.6338, 3026936.198800001293421 ], [ 3364598.940099999308586, 3026937.158900000154972 ], [ 3364627.745099999010563, 3026948.870200000703335 ], [ 3364657.590199999511242, 3026961.531700000166893 ], [ 3364697.517099998891354, 3026977.7335 ], [ 3364722.041299998760223, 3026982.1739999987185 ], [ 3364725.601899996399879, 3026995.935600001364946 ], [ 3364721.831200003623962, 3027012.48759999871254 ], [ 3364692.32599999755621, 3027055.4529 ], [ 3364673.002599999308586, 3027092.017299998551607 ], [ 3364669.071800000965595, 3027128.9518 ], [ 3364681.823899999260902, 3027195.979800000786781 ], [ 3364693.59570000320673, 3027275.459300000220537 ], [ 3364688.194799996912479, 3027300.512299999594688 ], [ 3364679.113099999725819, 3027320.77479999884963 ], [ 3364666.370899997651577, 3027348.628199998289347 ], [ 3364669.18129999935627, 3027368.3805 ], [ 3364693.035400003194809, 3027392.223400000482798 ], [ 3364726.821199998259544, 3027416.136199999600649 ], [ 3364771.66889999806881, 3027443.069299999624491 ], [ 3364824.147900000214577, 3027497.995799999684095 ], [ 3364849.092100001871586, 3027524.268899999558926 ], [ 3364860.553999997675419, 3027560.553199999034405 ], [ 3364857.983400002121925, 3027629.701499998569489 ], [ 3364861.833999998867512, 3027674.246899999678135 ], [ 3364844.82880000025034, 3027718.682100001722574 ], [ 3364937.613899998366833, 3027870.270899999886751 ], [ 3364934.859499998390675, 3027899.20380000025034 ], [ 3364924.315200001001358, 3027955.769999999552965 ], [ 3364886.434199996292591, 3028047.769200000911951 ], [ 3364820.465899996459484, 3028227.876800000667572 ], [ 3364756.347999997437, 3028404.917500000447035 ], [ 3364734.398800000548363, 3028461.966299999505281 ], [ 3364692.240299999713898, 3028581.957499999552965 ], [ 3364679.644100002944469, 3028637.131499998271465 ], [ 3364652.068599998950958, 3028749.558600001037121 ], [ 3364625.311499997973442, 3028822.204500000923872 ], [ 3364582.173900000751019, 3028918.890999998897314 ], [ 3364521.837399996817112, 3029079.388999998569489 ], [ 3364469.729500003159046, 3029258.408100001513958 ], [ 3364453.795900002121925, 3029304.775600001215935 ], [ 3364429.784599997103214, 3029395.686900001019239 ], [ 3364415.022200003266335, 3029422.638900000602007 ], [ 3364386.328699998557568, 3029437.247999999672174 ], [ 3364313.807300001382828, 3029473.073100000619888 ], [ 3364270.532899998128414, 3029507.179299999028444 ], [ 3364270.82320000231266, 3029514.1151 ], [ 3364281.612400002777576, 3029522.606600001454353 ], [ 3364307.962399996817112, 3029534.914700001478195 ], [ 3364338.27589999884367, 3029547.054099999368191 ], [ 3364346.503300003707409, 3029553.662099998444319 ], [ 3364352.498199999332428, 3029578.246399998664856 ], [ 3364349.262199997901917, 3029607.687899999320507 ], [ 3364342.20830000191927, 3029640.776000000536442 ], [ 3364334.900600001215935, 3029667.899300001561642 ], [ 3364307.577100001275539, 3029727.168499998748302 ], [ 3364296.681199997663498, 3029763.387899998575449 ], [ 3364284.807899996638298, 3029800.140099998563528 ], [ 3364272.031999997794628, 3029874.691100001335144 ], [ 3364253.297200001776218, 3029948.989799998700619 ], [ 3364224.285300001502037, 3030039.125599998980761 ], [ 3364192.913900002837181, 3030096.571800000965595 ], [ 3364104.238899998366833, 3030327.285799998790026 ], [ 3364041.719200000166893, 3030506.738200001418591 ], [ 3363981.496899999678135, 3030574.839499998837709 ], [ 3363911.764200001955032, 3030582.227699998766184 ], [ 3363847.866300001740456, 3030563.059099998325109 ], [ 3363759.032999999821186, 3030588.640799999237061 ], [ 3363621.151199996471405, 3030629.194499999284744 ], [ 3363503.358199998736382, 3030627.671399999409914 ], [ 3363484.524700000882149, 3030652.305100001394749 ], [ 3363496.995200000703335, 3030689.040399998426437 ], [ 3363560.003200002014637, 3030734.579500000923872 ], [ 3363652.922899998724461, 3030758.988299999386072 ], [ 3363743.280799999833107, 3030781.523800000548363 ], [ 3363829.454099997878075, 3030751.581500001251698 ], [ 3363849.244999997317791, 3030773.602400001138449 ], [ 3363903.54110000282526, 3030848.320799998939037 ], [ 3363899.370300002396107, 3030878.79450000077486 ], [ 3363879.78660000115633, 3031004.289599999785423 ], [ 3363875.625799998641014, 3031059.106199998408556 ], [ 3363857.392399996519089, 3031169.149500001221895 ], [ 3363852.881499998271465, 3031203.603700000792742 ], [ 3363821.255800001323223, 3031314.217000000178814 ], [ 3363751.953500002622604, 3031462.155000001192093 ], [ 3363722.088100001215935, 3031531.453400000929832 ], [ 3363677.250200003385544, 3031611.323100000619888 ], [ 3363629.501800000667572, 3031680.871599998325109 ], [ 3363616.239399999380112, 3031708.244899999350309 ], [ 3363612.548699997365475, 3031726.777100000530481 ], [ 3363623.160499997437, 3031742.728999998420477 ], [ 3363634.852600000798702, 3031749.189800001680851 ], [ 3363650.865299999713898, 3031752.000100001692772 ], [ 3363662.207299999892712, 3031750.029800001531839 ], [ 3363685.701399996876717, 3031741.598799999803305 ], [ 3363700.173900000751019, 3031731.557500001043081 ], [ 3363721.637699998915195, 3031722.206300001591444 ], [ 3363738.980700001120567, 3031720.986200001090765 ], [ 3363768.395700000226498, 3031723.726399999111891 ], [ 3363790.6096, 3031732.227400001138449 ], [ 3363805.452100001275539, 3031742.528599999845028 ], [ 3363827.375900000333786, 3031767.931600000709295 ], [ 3363844.328699998557568, 3031793.064599998295307 ], [ 3363871.793499998748302, 3031808.296300001442432 ], [ 3363898.708099998533726, 3031810.646600000560284 ], [ 3363923.992499999701977, 3031797.654899999499321 ], [ 3363959.2787000015378, 3031774.332100000232458 ], [ 3363977.991899996995926, 3031770.561599999666214 ], [ 3364000.275799997150898, 3031768.631299998611212 ], [ 3364030.391000002622604, 3031776.312100000679493 ], [ 3364043.163199998438358, 3031796.63459999859333 ], [ 3364054.005000002682209, 3031829.958500001579523 ], [ 3364057.425499998033047, 3031864.092599999159575 ], [ 3364055.875200003385544, 3031898.42680000141263 ], [ 3364068.147100001573563, 3031965.954900000244379 ], [ 3364080.699299998581409, 3031992.748100001364946 ], [ 3364102.582999996840954, 3032017.160900000482798 ], [ 3364126.827100001275539, 3032038.503499999642372 ], [ 3364133.028200000524521, 3032056.115600001066923 ], [ 3364155.451999999582767, 3032093.429999999701977 ], [ 3364153.231600001454353, 3032099.480700001120567 ], [ 3364144.130000002682209, 3032095.880300000309944 ], [ 3364124.986699998378754, 3032089.239599999040365 ], [ 3364110.704300001263618, 3032080.398499999195337 ], [ 3364045.373099997639656, 3032015.10080000013113 ], [ 3364025.049599997699261, 3031980.676699999719858 ], [ 3364006.936599999666214, 3031915.868999999016523 ], [ 3364008.396999999880791, 3031867.633200000971556 ], [ 3364016.208400003612041, 3031829.058499999344349 ], [ 3364007.286899998784065, 3031817.507100000977516 ], [ 3363990.9341000020504, 3031806.77589999884367 ], [ 3363979.932199999690056, 3031804.755699999630451 ], [ 3363973.130999997258186, 3031808.516100000590086 ], [ 3363963.309299997985363, 3031834.749299999326468 ], [ 3363951.147100001573563, 3031864.572900000959635 ], [ 3363943.545800000429153, 3031872.83390000090003 ], [ 3363934.984300002455711, 3031870.213700000196695 ], [ 3363923.452299997210503, 3031855.801899999380112 ], [ 3363913.060500003397465, 3031856.732099998742342 ], [ 3363910.660099998116493, 3031858.822299998253584 ], [ 3363903.11879999935627, 3031868.5735 ], [ 3363882.2550999969244, 3031880.375 ], [ 3363856.430699996650219, 3031868.543600000441074 ], [ 3363838.617600001394749, 3031846.440999999642372 ], [ 3363818.114100001752377, 3031819.487799998372793 ], [ 3363795.590300001204014, 3031803.546 ], [ 3363780.507700003683567, 3031799.215500000864267 ], [ 3363758.743900001049042, 3031801.605799999088049 ], [ 3363715.826499998569489, 3031808.3766999989748 ], [ 3363688.771799996495247, 3031814.977600000798702 ], [ 3363652.375500001013279, 3031811.537200000137091 ], [ 3363609.288000002503395, 3031802.916299998760223 ], [ 3363542.126400001347065, 3031776.923300001770258 ], [ 3363528.834100000560284, 3031791.395100001245737 ], [ 3363530.594400003552437, 3031809.697299998253584 ], [ 3363534.174999997019768, 3031823.949000000953674 ], [ 3363551.497900001704693, 3031846.071600001305342 ], [ 3363578.572499997913837, 3031899.568 ], [ 3363581.883000001311302, 3031919.3004 ], [ 3363580.812799997627735, 3031953.124400001019239 ], [ 3363570.27080000191927, 3031997.769799999892712 ], [ 3363552.927699998021126, 3032034.2643 ], [ 3363531.033900000154972, 3032068.958500001579523 ], [ 3363513.590800002217293, 3032102.962600000202656 ], [ 3363510.8103, 3032119.474599998444319 ], [ 3363505.569300003349781, 3032160.41950000077486 ], [ 3363493.4070999994874, 3032178.311700001358986 ], [ 3363476.784199997782707, 3032208.325399998575449 ], [ 3363453.940099999308586, 3032244.049699999392033 ], [ 3363427.675499998033047, 3032280.904199998825788 ], [ 3363396.980099998414516, 3032318.948899999260902 ], [ 3363365.464599996805191, 3032337.171100001782179 ], [ 3363333.648999996483326, 3032360.353999998420477 ], [ 3363313.365500003099442, 3032386.037099998444319 ], [ 3363296.5625, 3032423.5016999989748 ], [ 3363284.360299997031689, 3032452.325199998915195 ], [ 3363256.425399996340275, 3032461.436299998313189 ], [ 3363227.420400001108646, 3032468.6173 ], [ 3363200.485699996352196, 3032477.698399998247623 ], [ 3363178.721900001168251, 3032480.098799999803305 ], [ 3363139.21509999781847, 3032473.8081 ], [ 3363096.587700001895428, 3032475.598400000482798 ], [ 3363067.302699998021126, 3032476.338599998503923 ], [ 3363033.916900001466274, 3032473.768300000578165 ], [ 3363009.822700001299381, 3032467.817699998617172 ], [ 3362965.835100002586842, 3032449.295499999076128 ], [ 3362930.168999999761581, 3032439.864500001072884 ], [ 3362910.88570000231266, 3032430.253400001674891 ], [ 3362881.390699997544289, 3032378.347199998795986 ], [ 3362823.240699999034405, 3032318.200100000947714 ], [ 3362781.883599996566772, 3032303.538400001823902 ], [ 3362761.710100002586842, 3032307.868999999016523 ], [ 3362749.227899998426437, 3032330.241700001060963 ], [ 3362748.117600001394749, 3032351.154199998825788 ], [ 3362773.151900000870228, 3032379.407600000500679 ], [ 3362812.478699997067451, 3032405.070599999278784 ], [ 3362851.265299998223782, 3032441.684900000691414 ], [ 3362905.164599999785423, 3032483.139699999243021 ], [ 3362959.673900000751019, 3032527.545000001788139 ], [ 3362983.057899996638298, 3032563.809300001710653 ], [ 3362998.260399997234344, 3032617.615699999034405 ], [ 3362976.706600002944469, 3032662.051100000739098 ], [ 3362971.4956, 3032691.5647 ], [ 3362964.074199996888638, 3032728.13910000026226 ], [ 3362954.822599999606609, 3032744.421100001782179 ], [ 3362944.880800001323223, 3032756.262499999254942 ], [ 3362919.936499997973442, 3032765.253600001335144 ], [ 3362904.193800002336502, 3032768.894099999219179 ], [ 3362888.281000003218651, 3032768.564100001007318 ], [ 3362861.036300003528595, 3032758.272900000214577 ], [ 3362845.153599999845028, 3032758.443 ], [ 3362831.811200000345707, 3032771.914700001478195 ], [ 3362817.868699997663498, 3032794.84739999845624 ], [ 3362813.428000003099442, 3032807.449000000953674 ], [ 3362801.645900003612041, 3032822.360800001770258 ], [ 3362790.133900001645088, 3032832.261999998241663 ], [ 3362783.272699996829033, 3032834.552299998700619 ], [ 3362771.890699997544289, 3032835.51240000128746 ], [ 3362761.928999997675419, 3032834.942400000989437 ], [ 3362746.476300001144409, 3032833.602299999445677 ], [ 3362733.434000000357628, 3032830.171900000423193 ], [ 3362718.331399999558926, 3032825.341299999505281 ], [ 3362698.637999996542931, 3032817.730500001460314 ], [ 3362675.17400000244379, 3032802.808699999004602 ], [ 3362653.580300003290176, 3032785.346700001507998 ], [ 3362632.366700001060963, 3032764.874299999326468 ], [ 3362613.293399997055531, 3032748.292300000786781 ], [ 3362600.281199999153614, 3032733.940600000321865 ], [ 3362587.919100001454353, 3032723.529399998486042 ], [ 3362583.268299996852875, 3032719.2489 ], [ 3362580.287799999117851, 3032718.878899998962879 ], [ 3362576.827200002968311, 3032719.518899999558926 ], [ 3362572.176299996674061, 3032727.15989999845624 ], [ 3362568.915799997746944, 3032732.260499998927116 ], [ 3362566.685400001704693, 3032738.311200000345707 ], [ 3362565.405100002884865, 3032743.34180000051856 ], [ 3362569.825800001621246, 3032766.00450000166893 ], [ 3362563.774800002574921, 3032787.617199998348951 ], [ 3362555.643299996852875, 3032794.89809999987483 ], [ 3362544.591399997472763, 3032803.809099998325109 ], [ 3362535.899899996817112, 3032809.639899998903275 ], [ 3362522.127499997615814, 3032812.700300000607967 ], [ 3362515.64639999717474, 3032812.470300000160933 ], [ 3362499.973700001835823, 3032805.679499998688698 ], [ 3362484.361000001430511, 3032800.368900001049042 ], [ 3362473.779100000858307, 3032796.848499998450279 ], [ 3362464.257500000298023, 3032794.758200000971556 ], [ 3362453.2456, 3032792.738000001758337 ], [ 3362443.88400000333786, 3032794.6283 ], [ 3362436.572700001299381, 3032797.898699998855591 ], [ 3362430.281599998474121, 3032801.64919999986887 ], [ 3362423.1503000035882, 3032809.390099998563528 ], [ 3362418.879600003361702, 3032814.040699999779463 ], [ 3362415.739, 3032822.121599998325109 ], [ 3362413.588600002229214, 3032830.15260000154376 ], [ 3362412.9485, 3032838.623599998652935 ], [ 3362413.798600003123283, 3032847.034600000828505 ], [ 3362417.019199997186661, 3032852.85530000180006 ], [ 3362428.341099999845028, 3032862.326499998569489 ], [ 3362440.423199996352196, 3032866.286899998784065 ], [ 3362470.978500001132488, 3032860.536100000143051 ], [ 3362545.711499996483326, 3032854.425200000405312 ], [ 3362624.755199998617172, 3032856.085299998521805 ], [ 3362662.601700000464916, 3032870.396899998188019 ], [ 3362700.978299997746944, 3032897.59010000154376 ], [ 3362740.735100001096725, 3032933.6743 ], [ 3362745.915899999439716, 3032950.836399998515844 ], [ 3362749.7566, 3032959.617400001734495 ], [ 3362752.656999997794628, 3032981.339999999850988 ], [ 3362741.495099999010563, 3032999.692299999296665 ], [ 3362726.482500001788139, 3033008.773400001227856 ], [ 3362717.660899996757507, 3033011.623700000345707 ], [ 3362706.75900000333786, 3033012.083799999207258 ], [ 3362688.495899997651577, 3033014.824200000613928 ], [ 3362680.034400001168251, 3033026.105599999427795 ], [ 3362683.875, 3033034.886599998921156 ], [ 3362697.407300002872944, 3033049.718400001525879 ], [ 3362715.480400003492832, 3033066.350299999117851 ], [ 3362739.204499997198582, 3033075.281399998813868 ], [ 3362753.176899999380112, 3033089.103000000119209 ], [ 3362752.616800002753735, 3033110.975600000470877 ], [ 3362743.46509999781847, 3033153.580800000578165 ], [ 3362718.270499996840954, 3033228.139800000935793 ], [ 3362696.016500003635883, 3033301.578699998557568 ], [ 3362651.18860000371933, 3033370.006999999284744 ], [ 3362580.786300003528595, 3033443.986099999397993 ], [ 3362526.786799997091293, 3033494.9222999997437 ], [ 3362458.154799997806549, 3033563.85080000013113 ], [ 3362411.946599997580051, 3033610.976599998772144 ], [ 3362372.709799997508526, 3033646.390900000929832 ], [ 3362317.350100003182888, 3033688.446100000292063 ], [ 3362244.767399996519089, 3033734.2018 ], [ 3362183.876800000667572, 3033774.4967 ], [ 3362118.215300001204014, 3033807.540899999439716 ], [ 3362069.256800003349781, 3033836.414500001817942 ], [ 3362023.648900002241135, 3033850.246199999004602 ], [ 3361959.807700000703335, 3033879.239900000393391 ], [ 3361905.648299999535084, 3033890.451299998909235 ], [ 3361847.738300003111362, 3033907.273499999195337 ], [ 3361800.810099996626377, 3033913.214299999177456 ], [ 3361733.178400002419949, 3033923.005699999630451 ], [ 3361693.561499997973442, 3033925.656100001186132 ], [ 3361665.2566, 3033925.846200000494719 ], [ 3361658.675399996340275, 3033934.557199999690056 ], [ 3361661.475900001823902, 3033942.388099998235703 ], [ 3361671.807700000703335, 3033951.8893 ], [ 3361698.962300002574921, 3033971.621599998325109 ], [ 3361729.717600002884865, 3033994.664299998432398 ], [ 3361745.010200001299381, 3034027.7982 ], [ 3361755.671999998390675, 3034069.063200000673532 ], [ 3361762.743100002408028, 3034107.517799999564886 ], [ 3361774.935099996626377, 3034137.801399998366833 ], [ 3361787.1272, 3034168.074999999254942 ], [ 3361808.780900001525879, 3034187.037200000137091 ], [ 3361831.714800000190735, 3034200.968899998813868 ], [ 3361858.499499998986721, 3034212.260200001299381 ], [ 3361873.772100001573563, 3034221.071199998259544 ], [ 3361879.332999996840954, 3034235.232900001108646 ], [ 3361883.933799996972084, 3034250.43470000103116 ], [ 3361883.973800003528595, 3034263.346200000494719 ], [ 3361881.58330000191927, 3034277.357900001108646 ], [ 3361880.072999998927116, 3034288.839299999177456 ], [ 3361878.012599997222424, 3034298.860500000417233 ], [ 3361873.55179999768734, 3034310.971999999135733 ], [ 3361869.111000001430511, 3034323.5735 ], [ 3361863.560099996626377, 3034333.234700001776218 ], [ 3361857.528999999165535, 3034343.425900001078844 ], [ 3361853.938400000333786, 3034352.517000000923872 ], [ 3361851.237899996340275, 3034359.087799999862909 ], [ 3361851.978000000119209, 3034365.0185999982059 ], [ 3361855.588600002229214, 3034368.338899999856949 ], [ 3361862.0996999964118, 3034369.559099998325109 ], [ 3361868.130800001323223, 3034371.289299998432398 ], [ 3361876.092100001871586, 3034371.459300000220537 ], [ 3361881.793200001120567, 3034365.258499998599291 ], [ 3361886.884099997580051, 3034356.597500000149012 ], [ 3361892.7051, 3034341.455600000917912 ], [ 3361906.467500001192093, 3034337.905200000852346 ], [ 3361921.320100001990795, 3034336.774999998509884 ], [ 3361931.791900001466274, 3034337.825100000947714 ], [ 3361944.394000001251698, 3034342.275600001215935 ], [ 3361954.405799999833107, 3034344.335799999535084 ], [ 3361962.347199998795986, 3034343.995799999684095 ], [ 3361966.037799999117851, 3034337.394999999552965 ], [ 3361966.887999996542931, 3034321.963100001215935 ], [ 3361969.208400003612041, 3034294.539799999445677 ], [ 3361968.388400003314018, 3034274.717399999499321 ], [ 3361967.018100000917912, 3034265.826400000602007 ], [ 3361969.228500001132488, 3034259.275600001215935 ], [ 3361973.819300003349781, 3034250.144499998539686 ], [ 3361977.679999999701977, 3034247.51410000026226 ], [ 3361996.003200002014637, 3034246.243900001049042 ], [ 3362061.314499996602535, 3034240.533100001513958 ], [ 3362077.677400000393391, 3034239.842999998480082 ], [ 3362088.129199996590614, 3034240.39299999922514 ], [ 3362094.890299998223782, 3034247.563900001347065 ], [ 3362099.721100002527237, 3034268.226300001144409 ], [ 3362104.912000000476837, 3034285.388399999588728 ], [ 3362106.152199998497963, 3034303.210499998182058 ], [ 3362105.281999997794628, 3034318.152300000190735 ], [ 3362111.313000001013279, 3034331.804000001400709 ], [ 3362118.5641999989748, 3034350.8662 ], [ 3362130.036200001835823, 3034363.797800000756979 ], [ 3362141.468099996447563, 3034375.739199999719858 ], [ 3362158.030900001525879, 3034391.931099999696016 ], [ 3362163.411799997091293, 3034413.5537 ], [ 3362167.35249999910593, 3034436.7364999987185 ], [ 3362165.87219999730587, 3034460.629299998283386 ], [ 3362160.831200003623962, 3034482.701999999582767 ], [ 3362151.319499999284744, 3034504.454599998891354 ], [ 3362146.60869999974966, 3034522.536800000816584 ], [ 3362140.307599999010563, 3034538.188700001686811 ], [ 3362134.386500000953674, 3034550.850299999117851 ], [ 3362128.945500001311302, 3034563.501800000667572 ], [ 3362121.454199999570847, 3034574.243099998682737 ], [ 3362108.231899999082088, 3034578.773699998855591 ], [ 3362096.939900003373623, 3034581.72410000115633 ], [ 3362089.558700002729893, 3034583.524300001561642 ], [ 3362077.586599998176098, 3034582.044100001454353 ], [ 3362069.545199997723103, 3034579.893899999558926 ], [ 3362055.412799999117851, 3034574.523299999535084 ], [ 3362038.859899997711182, 3034570.752900000661612 ], [ 3362027.688000001013279, 3034564.762200001627207 ], [ 3362016.646099999547005, 3034561.751800000667572 ], [ 3362011.265100002288818, 3034563.962099999189377 ], [ 3362002.693599998950958, 3034572.7632 ], [ 3361993.612000003457069, 3034581.084199998527765 ], [ 3361983.420299999415874, 3034586.975000001490116 ], [ 3361959.326099999248981, 3034592.455699998885393 ], [ 3361938.722499996423721, 3034598.786499999463558 ], [ 3361920.899400003254414, 3034600.026700001209974 ], [ 3361897.535400003194809, 3034599.516699999570847 ], [ 3361881.36259999871254, 3034592.745900001376867 ], [ 3361876.031700000166893, 3034584.02479999884963 ], [ 3361872.451099999248981, 3034569.763099998235703 ], [ 3361871.4408999979496, 3034557.391699999570847 ], [ 3361877.101999998092651, 3034538.289299998432398 ], [ 3361881.272699996829033, 3034519.247000001370907 ], [ 3361884.03320000320673, 3034502.234999999403954 ], [ 3361877.942199997603893, 3034487.103199999779463 ], [ 3361867.420400001108646, 3034473.131499998271465 ], [ 3361850.357500001788139, 3034468.881099998950958 ], [ 3361818.111900001764297, 3034469.731199998408556 ], [ 3361790.347099997103214, 3034470.901399999856949 ], [ 3361773.104099996387959, 3034474.10190000012517 ], [ 3361759.201700001955032, 3034474.1919 ], [ 3361749.659999996423721, 3034471.611600000411272 ], [ 3361743.999099999666214, 3034466.881099998950958 ], [ 3361739.2483000010252, 3034460.130300000309944 ], [ 3361736.7478, 3034447.818799998611212 ], [ 3361735.747699998319149, 3034435.937399998307228 ], [ 3361730.946900002658367, 3034404.35359999909997 ], [ 3361728.406599998474121, 3034379.1305 ], [ 3361723.425800003111362, 3034343.086199998855591 ], [ 3361717.434799998998642, 3034318.5033 ], [ 3361708.8733000010252, 3034303.961500000208616 ], [ 3361700.94200000166893, 3034280.448699999600649 ], [ 3361697.61150000244379, 3034248.304900001734495 ], [ 3361687.35980000346899, 3034216.951099999248981 ], [ 3361669.896799996495247, 3034191.368099998682737 ], [ 3361659.765100002288818, 3034186.327500000596046 ], [ 3361647.68299999833107, 3034182.357099998742342 ], [ 3361639.6316, 3034180.21680000051856 ], [ 3361627.659500002861023, 3034178.736699998378754 ], [ 3361617.777800001204014, 3034180.136900000274181 ], [ 3361606.155799999833107, 3034187.0777000002563 ], [ 3361589.89299999922514, 3034190.238099999725819 ], [ 3361581.741599999368191, 3034185.117499999701977 ], [ 3361576.940800003707409, 3034177.376600001007318 ], [ 3361576.590700000524521, 3034168.945599999278784 ], [ 3361580.581399999558926, 3034157.354200001806021 ], [ 3361586.662500001490116, 3034148.653099998831749 ], [ 3361599.544799998402596, 3034135.701499998569489 ], [ 3361609.946599997580051, 3034123.350000001490116 ], [ 3361608.996500000357628, 3034100.537300001829863 ], [ 3361603.20549999922514, 3034092.836399998515844 ], [ 3361590.083200000226498, 3034087.925799999386072 ], [ 3361578.461199998855591, 3034082.945300001651049 ], [ 3361561.728299997746944, 3034074.704300001263618 ], [ 3361556.767499998211861, 3034063.002900000661612 ], [ 3361551.516599997878075, 3034044.350699998438358 ], [ 3361547.295999996364117, 3034014.717099998146296 ], [ 3361535.333999998867512, 3033989.894200000911951 ], [ 3361525.062200002372265, 3033981.883200000971556 ], [ 3361514.020300000905991, 3033978.8629 ], [ 3361498.187600001692772, 3033968.601700000464916 ], [ 3361490.796300001442432, 3033957.980399999767542 ], [ 3361483.435099996626377, 3033936.437800001353025 ], [ 3361487.965899996459484, 3033913.905099999159575 ], [ 3361499.207900002598763, 3033886.1118 ], [ 3361498.297799997031689, 3033864.299100000411272 ], [ 3361490.846600003540516, 3033852.197700001299381 ], [ 3361477.044200003147125, 3033830.925200000405312 ], [ 3361464.092000000178814, 3033818.053599998354912 ], [ 3361440.55799999833107, 3033801.651700001209974 ], [ 3361419.134300000965595, 3033788.150199998170137 ], [ 3361387.908900000154972, 3033778.028999999165535 ], [ 3361376.866999998688698, 3033751.175799999386072 ], [ 3361360.574299998581409, 3033730.0033 ], [ 3361340.110799998044968, 3033715.471599999815226 ], [ 3361327.1503000035882, 3033711.854499999433756 ], [ 3361320.007299996912479, 3033709.861000001430511 ], [ 3361299.223700001835823, 3033711.721200000494719 ], [ 3361260.60700000077486, 3033726.253100000321865 ], [ 3361240.873499996960163, 3033753.39640000090003 ], [ 3361228.461300000548363, 3033777.269299998879433 ], [ 3361225.699600003659725, 3033786.872499998658895 ], [ 3361219.789700001478195, 3033807.422899998724461 ], [ 3361215.518899999558926, 3033835.916400000452995 ], [ 3361213.248400002717972, 3033864.819899998605251 ], [ 3361205.777099996805191, 3033887.972699999809265 ], [ 3361198.065700002014637, 3033917.106199998408556 ], [ 3361187.033699996769428, 3033938.428800001740456 ], [ 3361165.689999997615814, 3033962.661699999123812 ], [ 3361147.996899999678135, 3033978.8037 ], [ 3361127.813400000333786, 3033995.045699998736382 ], [ 3361101.008699998259544, 3034019.018699999898672 ], [ 3361074.854099996387959, 3034046.44200000166893 ], [ 3361040.258000001311302, 3034074.205400001257658 ], [ 3361018.444200001657009, 3034086.537000000476837 ], [ 3360986.418600000441074, 3034104.279199998825788 ], [ 3360957.133500002324581, 3034116.430700000375509 ], [ 3360935.119699999690056, 3034136.223099999129772 ], [ 3360911.755599997937679, 3034159.0559 ], [ 3360884.990900002419949, 3034172.097600001841784 ], [ 3360854.785599999129772, 3034185.789299998432398 ], [ 3360812.738300003111362, 3034201.451299998909235 ], [ 3360777.302100002765656, 3034220.823699999600649 ], [ 3360733.304499998688698, 3034248.987199999392033 ], [ 3360712.230800002813339, 3034267.249400001019239 ], [ 3360698.488399997353554, 3034283.221400000154972 ], [ 3360688.346600003540516, 3034301.523600000888109 ], [ 3360682.085400000214577, 3034318.185600001364946 ], [ 3360677.134499996900558, 3034342.228500001132488 ], [ 3360674.964100003242493, 3034385.033700000494719 ], [ 3360668.242799997329712, 3034414.1272 ], [ 3360662.951899997889996, 3034441.660500001162291 ], [ 3360656.260600000619888, 3034471.744199998676777 ], [ 3360644.168499998748302, 3034491.116500001400709 ], [ 3360632.516400001943111, 3034508.998700000345707 ], [ 3360617.473800003528595, 3034517.56980000063777 ], [ 3360600.807499997317791, 3034524.574000000953674 ], [ 3360578.777099996805191, 3034530.121399998664856 ], [ 3360556.863300003111362, 3034528.551199998706579 ], [ 3360541.230599999427795, 3034522.760600000619888 ], [ 3360518.3766999989748, 3034510.799199998378754 ], [ 3360495.392700001597404, 3034507.288800001144409 ], [ 3360476.32940000295639, 3034502.6283 ], [ 3360461.576899997889996, 3034494.307300001382828 ], [ 3360452.695299997925758, 3034483.756099998950958 ], [ 3360441.183399997651577, 3034469.834399998188019 ], [ 3360427.151000000536442, 3034455.022700000554323 ], [ 3360398.566100001335144, 3034424.429099999368191 ], [ 3360380.2029, 3034412.78770000115037 ], [ 3360369.120999999344349, 3034409.277300000190735 ], [ 3360353.708400003612041, 3034408.437199998646975 ], [ 3360340.376000002026558, 3034410.487500000745058 ], [ 3360327.623800002038479, 3034414.008000001311302 ], [ 3360316.761900000274181, 3034415.44819999858737 ], [ 3360300.399099998176098, 3034416.138300001621246 ], [ 3360278.085199996829033, 3034417.068399999290705 ], [ 3360257.561700001358986, 3034424.889400001615286 ], [ 3360240.978799998760223, 3034420.118900001049042 ], [ 3360226.606299996376038, 3034420.719000000506639 ], [ 3360213.144000001251698, 3034431.210299998521805 ], [ 3360204.002300001680851, 3034449.972600001841784 ], [ 3360197.051100000739098, 3034473.61540000140667 ], [ 3360192.790299996733665, 3034502.098900001496077 ], [ 3360188.439499996602535, 3034528.602099999785423 ], [ 3360185.518899999558926, 3034565.476500000804663 ], [ 3360180.307899996638298, 3034595.000100001692772 ], [ 3360167.985699996352196, 3034620.853199999779463 ], [ 3360156.033600002527237, 3034643.695999998599291 ], [ 3360141.661100000143051, 3034668.138999998569489 ], [ 3360118.487000003457069, 3034695.432300001382828 ], [ 3360106.724899999797344, 3034722.7456 ], [ 3360089.001800000667572, 3034749.818900000303984 ], [ 3360079.730099998414516, 3034765.60080000013113 ], [ 3360066.847900003194809, 3034778.062399998307228 ], [ 3360054.375699996948242, 3034788.513700000941753 ], [ 3360045.764200001955032, 3034796.334600001573563 ], [ 3360029.551299996674061, 3034800.475099999457598 ], [ 3360015.138800002634525, 3034800.095100000500679 ], [ 3360002.096600003540516, 3034797.164799999445677 ], [ 3359982.733300000429153, 3034785.063400000333786 ], [ 3359966.800499998033047, 3034772.321899998933077 ], [ 3359961.799699999392033, 3034759.620400000363588 ], [ 3359956.278800003230572, 3034734.517400000244379 ], [ 3359946.977200001478195, 3034714.0449 ], [ 3359927.653899997472763, 3034703.44370000064373 ], [ 3359913.121399998664856, 3034700.073300000280142 ], [ 3359884.716499999165535, 3034697.783100001513958 ], [ 3359852.1809, 3034695.032900001853704 ], [ 3359838.278399996459484, 3034696.363099999725819 ], [ 3359826.276299998164177, 3034705.824200000613928 ], [ 3359791.630199998617172, 3034754.500199999660254 ], [ 3359776.897600002586842, 3034781.46339999884367 ], [ 3359766.745800003409386, 3034810.706999998539686 ], [ 3359765.105499997735023, 3034830.1393 ], [ 3359756.88400000333786, 3034858.312699999660254 ], [ 3359741.441200003027916, 3034891.756799999624491 ], [ 3359723.328000001609325, 3034920.860300000756979 ], [ 3359704.854800000786781, 3034941.512899998575449 ], [ 3359661.307199999690056, 3034979.657600000500679 ], [ 3359648.144900001585484, 3034985.188299998641014 ], [ 3359616.849399998784065, 3034985.048300001770258 ], [ 3359591.314999997615814, 3034980.187800001353025 ], [ 3359555.11879999935627, 3034969.836599998176098 ], [ 3359542.616599999368191, 3034967.89640000090003 ], [ 3359515.531999997794628, 3034950.184300001710653 ], [ 3359507.260600000619888, 3034942.603500001132488 ], [ 3359500.749499998986721, 3034929.971900001168251 ], [ 3359493.948299996554852, 3034910.389600001275539 ], [ 3359491.718000002205372, 3034881.686200000345707 ], [ 3359486.287100002169609, 3034859.5735 ], [ 3359468.484099999070168, 3034815.148200001567602 ], [ 3359456.392099998891354, 3034799.776399999856949 ], [ 3359409.534000001847744, 3034761.071800000965595 ], [ 3359377.088500000536442, 3034722.737300001084805 ], [ 3359348.713600002229214, 3034698.144400000572205 ], [ 3359323.649300001561642, 3034681.352400001138449 ], [ 3359244.785800002515316, 3034637.577399998903275 ], [ 3359220.571599997580051, 3034628.686299998313189 ], [ 3359180.714699998497963, 3034625.946100000292063 ], [ 3359156.470499999821186, 3034627.986400000751019 ], [ 3359109.852399997413158, 3034640.918099999427795 ], [ 3359093.319499999284744, 3034649.079100001603365 ], [ 3359051.742200002074242, 3034675.21229999884963 ], [ 3359023.017200000584126, 3034699.795400001108646 ], [ 3359011.135099999606609, 3034712.236900001764297 ], [ 3358996.552599996328354, 3034731.239199999719858 ], [ 3358929.85080000013113, 3034830.971400000154972 ], [ 3358923.059600003063679, 3034834.741799999028444 ], [ 3358915.088200002908707, 3034845.513099998235703 ], [ 3358893.234399996697903, 3034856.874600000679493 ], [ 3358826.20269999653101, 3034868.716099999845028 ], [ 3358800.338200002908707, 3034879.277499999850988 ], [ 3358771.973300002515316, 3034900.860100001096725 ], [ 3358764.881999999284744, 3034909.111099999397993 ], [ 3358763.721799999475479, 3034916.611999999731779 ], [ 3358767.242299996316433, 3034963.637699998915195 ], [ 3358801.447999998927116, 3035077.381299998611212 ], [ 3358815.48030000180006, 3035149.289900001138449 ], [ 3358815.079999998211861, 3035220.328499998897314 ], [ 3358799.107100002467632, 3035298.988000001758337 ], [ 3358779.953699998557568, 3035349.97410000115633 ], [ 3358737.045999996364117, 3035448.676100000739098 ], [ 3358703.510099999606609, 3035500.292399998754263 ], [ 3358685.717000000178814, 3035513.473999999463558 ], [ 3358677.175499998033047, 3035522.785199999809265 ], [ 3358653.621399998664856, 3035529.265999998897314 ], [ 3358625.796599999070168, 3035528.975999999791384 ], [ 3358575.50789999961853, 3035514.264400001615286 ], [ 3358556.734700001776218, 3035505.143300000578165 ], [ 3358529.509999997913837, 3035495.88230000063777 ], [ 3358508.466300003230572, 3035491.34180000051856 ], [ 3358480.771499998867512, 3035494.022199999541044 ], [ 3358470.05969999730587, 3035498.952799998223782 ], [ 3358447.335699997842312, 3035513.3445999994874 ], [ 3358432.082999996840954, 3035527.906399998813868 ], [ 3358431.752899996936321, 3035531.896800000220537 ], [ 3358428.522399999201298, 3035537.497499998658895 ], [ 3358426.311999998986721, 3035555.479699999094009 ], [ 3358427.802199997007847, 3035566.8310999982059 ], [ 3358430.542599998414516, 3035572.671700000762939 ], [ 3358442.384700000286102, 3035582.5929000005126 ], [ 3358478.500900000333786, 3035602.385200001299381 ], [ 3358508.816100001335144, 3035625.907999999821186 ], [ 3358523.418600000441074, 3035630.738499999046326 ], [ 3358549.48309999704361, 3035636.0691 ], [ 3358602.802400000393391, 3035628.8081 ], [ 3358627.086599998176098, 3035627.75789999961853 ], [ 3358642.069200001657009, 3035629.598099999129772 ], [ 3358651.150700002908707, 3035644.589899998158216 ], [ 3358653.611100003123283, 3035655.411200001835823 ], [ 3358651.17059999704361, 3035679.354100000113249 ], [ 3358642.369000002741814, 3035705.567200001329184 ], [ 3358634.647699996829033, 3035722.27930000051856 ], [ 3358624.5658999979496, 3035730.170200001448393 ], [ 3358604.192400000989437, 3035741.481699999421835 ], [ 3358583.6587999984622, 3035748.822599999606609 ], [ 3358553.473499998450279, 3035763.044399999082088 ], [ 3358535.610399998724461, 3035774.735800001770258 ], [ 3358524.858499996364117, 3035778.686299998313189 ], [ 3358514.786799997091293, 3035787.067299999296665 ], [ 3358494.91330000013113, 3035809.770100001245737 ], [ 3358474.909699998795986, 3035840.933899998664856 ], [ 3358470.158900000154972, 3035846.104600001126528 ], [ 3358463.387699998915195, 3035850.3651 ], [ 3358463.107600003480911, 3035866.777100000530481 ], [ 3358466.418200001120567, 3035885.989399999380112 ], [ 3358479.350400000810623, 3035897.860800001770258 ], [ 3358496.503300003707409, 3035904.07149999961257 ], [ 3358509.88570000231266, 3035903.491399999707937 ], [ 3358552.173000000417233, 3035893.710099998861551 ], [ 3358579.927799999713898, 3035892.519900001585484 ], [ 3358602.511699996888638, 3035897.990499999374151 ], [ 3358628.376199997961521, 3035910.291900001466274 ], [ 3358642.398599997162819, 3035913.152199998497963 ], [ 3358679.875100001692772, 3035907.071400001645088 ], [ 3358688.696599997580051, 3035904.210999999195337 ], [ 3358697.848200000822544, 3035897.840300001204014 ], [ 3358705.799599997699261, 3035898.000300001353025 ], [ 3358739.095399998128414, 3035909.971599999815226 ], [ 3358764.479699999094009, 3035922.783100001513958 ], [ 3358793.584700003266335, 3035941.395300000905991 ], [ 3358815.848499998450279, 3035962.277699999511242 ], [ 3358831.601199999451637, 3035970.538699999451637 ], [ 3358844.653499998152256, 3035973.949099998921156 ], [ 3358865.037000000476837, 3035974.559099998325109 ], [ 3358893.011900000274181, 3035978.319499999284744 ], [ 3358904.693899996578693, 3035984.260200001299381 ], [ 3358911.71509999781847, 3035985.950399998575449 ], [ 3358934.20889999717474, 3036012.293499998748302 ], [ 3358948.081299997866154, 3036034.546100001782179 ], [ 3358954.862400002777576, 3036053.6184 ], [ 3358975.085799999535084, 3036096.443500000983477 ], [ 3358987.447899997234344, 3036129.6875 ], [ 3359001.800200000405312, 3036197.595600001513958 ], [ 3358999.429799996316433, 3036223.0287000015378 ], [ 3358999.659699998795986, 3036251.332100000232458 ], [ 3358996.799199998378754, 3036288.706599999219179 ], [ 3358999.159500002861023, 3036297.037599999457598 ], [ 3358991.578199997544289, 3036328.661400001496077 ], [ 3358989.717799998819828, 3036343.133200000971556 ], [ 3358981.13629999756813, 3036374.296900000423193 ], [ 3358963.843199998140335, 3036422.232700001448393 ], [ 3358944.499700002372265, 3036468.758400000631809 ], [ 3358925.906400002539158, 3036521.204700000584126 ], [ 3358909.223399996757507, 3036560.16950000077486 ], [ 3358902.572200000286102, 3036590.263099998235703 ], [ 3358891.720200002193451, 3036615.056099999696016 ], [ 3358885.209100000560284, 3036636.688700001686811 ], [ 3358873.997100003063679, 3036664.502099998295307 ], [ 3358869.54619999974966, 3036688.024900000542402 ], [ 3358868.596000000834465, 3036711.907800000160933 ], [ 3358864.365199998021126, 3036740.401200000196695 ], [ 3358854.313400000333786, 3036783.546500001102686 ], [ 3358822.737700000405312, 3036857.415399998426437 ], [ 3358808.245099999010563, 3036901.250700000673532 ], [ 3358803.074199996888638, 3036907.931499999016523 ], [ 3358799.89360000193119, 3036937.865200001746416 ], [ 3358788.411499999463558, 3036982.570599999278784 ], [ 3358765.777500003576279, 3037033.206700000911951 ], [ 3358748.524400003254414, 3037082.122600000351667 ], [ 3358736.172200001776218, 3037106.4956 ], [ 3358726.810500003397465, 3037131.238600000739098 ], [ 3358712.237899996340275, 3037161.662300001829863 ], [ 3358706.686899997293949, 3037182.764800000935793 ], [ 3358683.702799998223782, 3037236.891399998217821 ], [ 3358661.418799996376038, 3037307.379900000989437 ], [ 3358649.736699998378754, 3037335.703400000929832 ], [ 3358625.042300000786781, 3037407.7820999994874 ], [ 3358609.779600001871586, 3037445.196600001305342 ], [ 3358598.447499997913837, 3037481.941100001335144 ], [ 3358587.835500001907349, 3037546.45890000090003 ], [ 3358579.223999999463558, 3037577.132599998265505 ], [ 3358560.890699997544289, 3037624.108300000429153 ], [ 3358556.899999998509884, 3037646.631000000983477 ], [ 3358544.257700003683567, 3037687.395899999886751 ], [ 3358534.495899997651577, 3037725.570599999278784 ], [ 3358497.809399999678135, 3037807.610500000417233 ], [ 3358469.27419999986887, 3037894.261 ], [ 3358456.491999998688698, 3037920.134100001305342 ], [ 3358435.968299999833107, 3037973.6706000007689 ], [ 3358422.785899996757507, 3038013.465500000864267 ], [ 3358387.899700000882149, 3038090.964899998158216 ], [ 3358378.538000002503395, 3038115.707899998873472 ], [ 3358365.105599999427795, 3038138.13060000166297 ], [ 3358317.687200002372265, 3038247.453899998217821 ], [ 3358277.119999997317791, 3038319.722600001841784 ], [ 3358258.466700002551079, 3038347.846099998801947 ], [ 3358223.460500001907349, 3038388.100999999791384 ], [ 3358189.514600001275539, 3038418.364700000733137 ], [ 3358161.789700001478195, 3038454.829199999570847 ], [ 3358150.257700003683567, 3038463.770300000905991 ], [ 3358139.345799997448921, 3038475.661699999123812 ], [ 3358134.844999998807907, 3038486.282999999821186 ], [ 3358130.114100001752377, 3038491.953699998557568 ], [ 3358130.164099998772144, 3038504.365200001746416 ], [ 3358137.485399998724461, 3038524.417599998414516 ], [ 3358154.279600001871586, 3038526.490899998694658 ], [ 3358124.563000001013279, 3038558.741799999028444 ], [ 3358019.75450000166893, 3038730.1426 ], [ 3357997.490500003099442, 3038801.121199999004602 ], [ 3358022.454800002276897, 3038792.59010000154376 ], [ 3358044.60869999974966, 3038776.728199999779463 ], [ 3358074.543999999761581, 3038745.644400000572205 ], [ 3358100.868600003421307, 3038699.818799998611212 ], [ 3358121.822300001978874, 3038667.614900000393391 ], [ 3358204.646700002253056, 3038653.613000001758337 ], [ 3358267.357600003480911, 3038656.853199999779463 ], [ 3358336.139499999582767, 3038662.833799999207258 ], [ 3358363.414200000464916, 3038673.574999999254942 ], [ 3358382.477399997413158, 3038701.058299999684095 ], [ 3358402.190700002014637, 3038743.403299998492002 ], [ 3358441.167400002479553, 3038783.438099998980761 ], [ 3358501.407799996435642, 3038798.719799999147654 ], [ 3358574.310400001704693, 3038819.402100000530481 ], [ 3358640.761799998581409, 3038840.364500001072884 ], [ 3358697.721699997782707, 3038848.335299998521805 ], [ 3358757.73200000077486, 3038869.5777000002563 ], [ 3358814.64190000295639, 3038887.979800000786781 ], [ 3358777.095399998128414, 3038881.159000001847744 ], [ 3358760.432499997317791, 3038874.928300000727177 ], [ 3358738.378700003027916, 3038869.927799999713898 ], [ 3358721.535800002515316, 3038871.138000000268221 ], [ 3358708.083400003612041, 3038869.737799998372793 ], [ 3358693.740900002419949, 3038871.3581000007689 ], [ 3358665.315999999642372, 3038868.607799999415874 ], [ 3358629.719899997115135, 3038860.706900000572205 ], [ 3358599.274599999189377, 3038845.645199999213219 ], [ 3358573.010099999606609, 3038835.344000000506639 ], [ 3358541.404700003564358, 3038827.773200001567602 ], [ 3358525.261900000274181, 3038822.02250000089407 ], [ 3358508.298900000751019, 3038820.262299999594688 ], [ 3358457.040100000798702, 3038806.090799998492002 ], [ 3358446.908299997448921, 3038801.560199998319149 ], [ 3358440.167199999094009, 3038794.899399999529123 ], [ 3358430.125500001013279, 3038792.359200000762939 ], [ 3358398.860100001096725, 3038758.4452 ], [ 3358363.144000001251698, 3038713.309799998998642 ], [ 3358339.859999999403954, 3038691.467199999839067 ], [ 3358306.15429999679327, 3038670.084699999541044 ], [ 3358297.562799997627735, 3038666.484299998730421 ], [ 3358287.190999999642372, 3038667.924499999731779 ], [ 3358262.736699998378754, 3038665.004200000315905 ], [ 3358235.521999999880791, 3038667.184599999338388 ], [ 3358208.29730000346899, 3038680.766199998557568 ], [ 3358147.226599998772144, 3038703.769200000911951 ], [ 3358104.97919999808073, 3038748.794700000435114 ], [ 3358089.516500003635883, 3038770.327300000935793 ], [ 3358083.105400003492832, 3038783.018800001591444 ], [ 3358072.223399996757507, 3038795.410399999469519 ], [ 3358068.582800000905991, 3038803.021299999207258 ], [ 3358043.958499997854233, 3038830.89469999819994 ], [ 3358015.083400003612041, 3038852.00730000063777 ], [ 3357997.410300001502037, 3038868.169300001114607 ], [ 3357963.934500001370907, 3038875.0702 ], [ 3357952.992600001394749, 3038874.550200000405312 ], [ 3357937.179899998009205, 3038864.818999998271465 ], [ 3357930.778800003230572, 3038854.657800000160933 ], [ 3357924.097699999809265, 3038849.487199999392033 ], [ 3357912.795800000429153, 3038829.114799998700619 ], [ 3357909.665200002491474, 3038814.353000000119209 ], [ 3357908.815099999308586, 3038794.520599998533726 ], [ 3357911.365599997341633, 3038773.05799999833107 ], [ 3357921.927500002086163, 3038741.814300000667572 ], [ 3357933.769599996507168, 3038716.961199998855591 ], [ 3357950.632700003683567, 3038670.5456000007689 ], [ 3357954.983400002121925, 3038656.453899998217821 ], [ 3357958.85419999808073, 3038630.960799999535084 ], [ 3357953.243299998342991, 3038604.387600000947714 ], [ 3357937.190499998629093, 3038577.764499999582767 ], [ 3357920.967799998819828, 3038558.602200001478195 ], [ 3357910.666000001132488, 3038550.111200001090765 ], [ 3357891.272699996829033, 3038538.029800001531839 ], [ 3357868.018700003623962, 3038528.60869999974966 ], [ 3357844.874700002372265, 3038521.657900001853704 ], [ 3357783.204000003635883, 3038507.946400001645088 ], [ 3357698.589400000870228, 3038480.313299998641014 ], [ 3357596.321800000965595, 3038435.06810000166297 ], [ 3357567.036799997091293, 3038412.49549999833107 ], [ 3357516.138099998235703, 3038360.559300001710653 ], [ 3357488.3733000010252, 3038327.005300000309944 ], [ 3357465.639399997889996, 3038306.622900001704693 ], [ 3357456.7179000005126, 3038295.591600000858307 ], [ 3357449.6266999989748, 3038292.421300001442432 ], [ 3357439.354900002479553, 3038284.420299999415874 ], [ 3357399.318099997937679, 3038265.788199998438358 ], [ 3357385.905699998140335, 3038265.868200000375509 ], [ 3357366.662399999797344, 3038268.698600001633167 ], [ 3357353.690099999308586, 3038278.689800001680851 ], [ 3357334.726800002157688, 3038299.372400000691414 ], [ 3357278.5669, 3038367.350699998438358 ], [ 3357247.891500003635883, 3038393.013799998909235 ], [ 3357221.276900000870228, 3038409.0658 ], [ 3357190.631499998271465, 3038423.807700000703335 ], [ 3357145.213600002229214, 3038441.649900000542402 ], [ 3357126.750399999320507, 3038450.891100000590086 ], [ 3357097.595299996435642, 3038476.994300000369549 ], [ 3357072.95099999755621, 3038504.377700001001358 ], [ 3357065.529700003564358, 3038516.609099999070168 ], [ 3357065.679700002074242, 3038531.500900000333786 ], [ 3357069.840300001204014, 3038558.644200000911951 ], [ 3357089.533600002527237, 3038635.263399999588728 ], [ 3357098.945000000298023, 3038715.302999999374151 ], [ 3357099.0449, 3038774.900100000202656 ], [ 3357086.072499997913837, 3038853.929699998348951 ], [ 3357085.952399998903275, 3038862.380699999630451 ], [ 3357063.808399997651577, 3038936.339699998497963 ], [ 3357041.934600003063679, 3038970.063799999654293 ], [ 3357021.260899998247623, 3039008.688499998301268 ], [ 3357000.127099998295307, 3039059.774700000882149 ], [ 3356984.904399998486042, 3039086.7379 ], [ 3356958.779799997806549, 3039148.465399999171495 ], [ 3356936.025700002908707, 3039230.885400000959635 ], [ 3356925.313699997961521, 3039282.011599998921156 ], [ 3356924.163400001823902, 3039312.845300000160933 ], [ 3356920.972800001502037, 3039342.278799999505281 ], [ 3356912.9712999984622, 3039375.412799999117851 ], [ 3356881.515699997544289, 3039440.340700000524521 ], [ 3356844.7993, 3039498.547800000756979 ], [ 3356818.624600000679493, 3039536.422400001436472 ], [ 3356783.578500002622604, 3039575.677200000733137 ], [ 3356779.507799997925758, 3039584.79839999973774 ], [ 3356772.356499999761581, 3039591.5592 ], [ 3356765.795299999415874, 3039600.790300000458956 ], [ 3356729.619000002741814, 3039613.771999999880791 ], [ 3356708.895400002598763, 3039617.152399998158216 ], [ 3356673.559299997985363, 3039626.613600000739098 ], [ 3356633.022200003266335, 3039642.275600001215935 ], [ 3356605.827500000596046, 3039656.367400001734495 ], [ 3356595.105599999427795, 3039672.729400001466274 ], [ 3356590.904799997806549, 3039690.291499998420477 ], [ 3356593.335199996829033, 3039700.602699998766184 ], [ 3356613.048600003123283, 3039731.546399999409914 ], [ 3356654.625699996948242, 3039774.441500000655651 ], [ 3356659.086400002241135, 3039785.672800000756979 ], [ 3356666.23759999871254, 3039813.16609999909997 ], [ 3356669.138099998235703, 3039845.820000000298023 ], [ 3356665.047200001776218, 3039900.626600001007318 ], [ 3356665.237199999392033, 3039927.929900001734495 ], [ 3356661.846600003540516, 3039952.902899999171495 ], [ 3356654.035099998116493, 3039979.066100001335144 ], [ 3356644.223399996757507, 3040004.819200001657009 ], [ 3356632.121200002729893, 3040023.221500001847744 ], [ 3356621.099299997091293, 3040032.632599998265505 ], [ 3356610.217399999499321, 3040045.024099998176098 ], [ 3356598.095299996435642, 3040052.004999998956919 ], [ 3356569.23030000180006, 3040061.696199998259544 ], [ 3356538.744999997317791, 3040068.977200001478195 ], [ 3356516.060999996960163, 3040072.437699999660254 ], [ 3356486.706000000238419, 3040071.217599999159575 ], [ 3356434.196900002658367, 3040062.566700000315905 ], [ 3356393.209799997508526, 3040044.974599998444319 ], [ 3356346.411700002849102, 3040030.613000001758337 ], [ 3356299.583599999547005, 3040027.172699999064207 ], [ 3356265.87780000269413, 3040028.622999999672174 ], [ 3356243.193899996578693, 3040032.093400001525879 ], [ 3356207.007600001990795, 3040045.085099998861551 ], [ 3356198.856100000441074, 3040051.895899999886751 ], [ 3356195.665600001811981, 3040058.476700000464916 ], [ 3356195.665500000119209, 3040092.750799998641014 ], [ 3356204.787000000476837, 3040120.164099998772144 ], [ 3356206.767300002276897, 3040131.49549999833107 ], [ 3356204.136799998581409, 3040139.566500000655651 ], [ 3356190.75450000166893, 3040151.557900000363588 ], [ 3356163.379699997603893, 3040161.6891999989748 ], [ 3356137.145199999213219, 3040163.319499999284744 ], [ 3356123.472800001502037, 3040168.870200000703335 ], [ 3356120.712300002574921, 3040173.960799999535084 ], [ 3356112.690800003707409, 3040218.006099998950958 ], [ 3356104.599399998784065, 3040237.718499999493361 ], [ 3356093.177400000393391, 3040249.149900000542402 ], [ 3356059.031400002539158, 3040274.963100001215935 ], [ 3356037.047600001096725, 3040294.775499999523163 ], [ 3356026.455700002610683, 3040302.1864 ], [ 3356016.663999997079372, 3040305.586899999529123 ], [ 3355987.118900001049042, 3040311.337600000202656 ], [ 3355879.200199998915195, 3040318.988800000399351 ], [ 3355869.3783999979496, 3040321.399099998176098 ], [ 3355837.152800001204014, 3040334.210700001567602 ], [ 3355823.660499997437, 3040343.731899999082088 ], [ 3355800.0962999984622, 3040384.486900001764297 ], [ 3355790.8445999994874, 3040411.700199998915195 ], [ 3355781.943099997937679, 3040424.0016999989748 ], [ 3355780.4628000035882, 3040435.493099998682737 ], [ 3355772.691399998962879, 3040439.803599998354912 ], [ 3355749.697400003671646, 3040459.166000001132488 ], [ 3355695.25789999961853, 3040497.780799999833107 ], [ 3355641.838600002229214, 3040525.414200000464916 ], [ 3355585.818800002336502, 3040562.098700001835823 ], [ 3355557.613899998366833, 3040575.740499999374151 ], [ 3355524.878200002014637, 3040576.650600001215935 ], [ 3355491.802500002086163, 3040569.649900000542402 ], [ 3355469.968699999153614, 3040570.089999999850988 ], [ 3355448.28490000218153, 3040574.000500001013279 ], [ 3355418.519799999892712, 3040586.221999999135733 ], [ 3355392.465199999511242, 3040592.312800001353025 ], [ 3355363.120099999010563, 3040591.102800000458956 ], [ 3355314.791799999773502, 3040575.811000000685453 ], [ 3355291.617799997329712, 3040579.791600000113249 ], [ 3355284.286499999463558, 3040582.591899998486042 ], [ 3355281.035899996757507, 3040587.702500000596046 ], [ 3355278.945600003004074, 3040596.723600000143051 ], [ 3355282.366099998354912, 3040607.004900000989437 ], [ 3355309.970799997448921, 3040648.029699999839067 ], [ 3355356.7588, 3040708.086899999529123 ], [ 3355367.680699996650219, 3040719.528200000524521 ], [ 3355370.371100001037121, 3040724.378800000995398 ], [ 3355371.111199997365475, 3040729.809399999678135 ], [ 3355378.682499997317791, 3040744.371199999004602 ], [ 3355385.363600000739098, 3040772.394499998539686 ], [ 3355382.512999996542931, 3040798.337699998170137 ], [ 3355376.1919, 3040824.4408 ], [ 3355359.368900001049042, 3040860.425200000405312 ], [ 3355352.777699999511242, 3040868.666200000792742 ], [ 3355336.965000003576279, 3040881.757800001651049 ], [ 3355312.7195999994874, 3040895.220300000160933 ], [ 3355259.5515, 3040905.970899999141693 ], [ 3355197.020700000226498, 3040906.681099999696016 ], [ 3355137.370300002396107, 3040905.29109999909997 ], [ 3355103.684500001370907, 3040907.241399999707937 ], [ 3355070.118699997663498, 3040911.671999998390675 ], [ 3355035.712700001895428, 3040920.113099999725819 ], [ 3354991.805100001394749, 3040926.484000001102686 ], [ 3354927.903999999165535, 3040941.666000001132488 ], [ 3354881.48589999973774, 3040959.068199999630451 ], [ 3354821.135399997234344, 3040987.5016999989748 ], [ 3354767.756099998950958, 3041016.135299999266863 ], [ 3354715.536899998784065, 3041048.689300000667572 ], [ 3354691.212700001895428, 3041060.170800000429153 ], [ 3354661.357500001788139, 3041070.402100000530481 ], [ 3354631.382299996912479, 3041077.653000000864267 ], [ 3354608.198299996554852, 3041081.133499998599291 ], [ 3354514.842100001871586, 3041081.203699998557568 ], [ 3354481.916400000452995, 3041077.663400001823902 ], [ 3354442.209499999880791, 3041077.893500000238419 ], [ 3354352.323899999260902, 3041089.225099999457598 ], [ 3354324.539099998772144, 3041089.935199998319149 ], [ 3354287.172600001096725, 3041087.08500000089407 ], [ 3354237.074000000953674, 3041076.843800000846386 ], [ 3354203.788199998438358, 3041076.283900000154972 ], [ 3354128.255199998617172, 3041063.672499999403954 ], [ 3354095.349500000476837, 3041060.62220000103116 ], [ 3354016.055699996650219, 3041064.052799999713898 ], [ 3353979.089299999177456, 3041070.623700000345707 ], [ 3353873.690999999642372, 3041113.429099999368191 ], [ 3353812.73030000180006, 3041150.823699999600649 ], [ 3353780.844700001180172, 3041182.48759999871254 ], [ 3353747.238799996674061, 3041209.280900001525879 ], [ 3353710.902500003576279, 3041241.6349 ], [ 3353668.075000002980232, 3041284.710200000554323 ], [ 3353651.271999999880791, 3041297.851799998432398 ], [ 3353643.800700001418591, 3041309.103199999779463 ], [ 3353632.558700002729893, 3041313.063700001686811 ], [ 3353629.348200000822544, 3041319.16440000012517 ], [ 3353616.415899999439716, 3041330.145799998193979 ], [ 3353608.914599999785423, 3041340.407000001519918 ], [ 3353598.722800001502037, 3041345.807700000703335 ], [ 3353591.57150000333786, 3041352.578499998897314 ], [ 3353571.387999996542931, 3041379.771899998188019 ], [ 3353547.7837999984622, 3041419.526700001209974 ], [ 3353523.709600001573563, 3041448.380199998617172 ], [ 3353499.69539999961853, 3041467.292599998414516 ], [ 3353477.501500003039837, 3041482.16440000012517 ], [ 3353445.906000003218651, 3041497.9364 ], [ 3353414.050399996340275, 3041519.168999999761581 ], [ 3353390.676299996674061, 3041529.620299998670816 ], [ 3353309.802299998700619, 3041542.562100000679493 ], [ 3353251.202200002968311, 3041542.612199999392033 ], [ 3353200.863399997353554, 3041538.331799998879433 ], [ 3353092.714699998497963, 3041540.542300000786781 ], [ 3353031.424099996685982, 3041547.16330000013113 ], [ 3353006.889799997210503, 3041553.6941 ], [ 3352990.306900002062321, 3041560.855000000447035 ], [ 3352968.002999998629093, 3041573.246500000357628 ], [ 3352928.996200002729893, 3041612.681400001049042 ], [ 3352917.284100003540516, 3041629.073399998247623 ], [ 3352894.530100002884865, 3041676.749200001358986 ], [ 3352878.917300000786781, 3041717.644099999219179 ], [ 3352866.885099999606609, 3041760.8794 ], [ 3352861.214000001549721, 3041790.422899998724461 ], [ 3352860.283900000154972, 3041803.364500001072884 ], [ 3352861.464000001549721, 3041830.62779999896884 ], [ 3352869.415200002491474, 3041911.22749999910593 ], [ 3352874.0658999979496, 3041938.350699998438358 ], [ 3352880.01690000295639, 3041960.933400001376867 ], [ 3352883.887500002980232, 3041993.037300001829863 ], [ 3352909.281700000166893, 3042097.719799999147654 ], [ 3352908.341499999165535, 3042122.092700000852346 ], [ 3352901.080200001597404, 3042137.804699998348951 ], [ 3352898.679799996316433, 3042139.894900001585484 ], [ 3352860.863200001418591, 3042149.476199999451637 ], [ 3352756.445100001990795, 3042157.477400001138449 ], [ 3352731.2007, 3042170.978999998420477 ], [ 3352722.539200000464916, 3042177.309799998998642 ], [ 3352702.715700000524521, 3042201.022700000554323 ], [ 3352687.773000001907349, 3042223.0154 ], [ 3352679.581600002944469, 3042228.836100000888109 ], [ 3352671.650200001895428, 3042229.176199998706579 ], [ 3352655.127400003373623, 3042225.925799999386072 ], [ 3352619.231200002133846, 3042222.5055 ], [ 3352585.005199998617172, 3042223.495700001716614 ], [ 3352535.616700001060963, 3042229.606600001454353 ], [ 3352507.661799997091293, 3042237.7676 ], [ 3352485.837999999523163, 3042249.63910000026226 ], [ 3352442.840400002896786, 3042288.743900001049042 ], [ 3352431.168399997055531, 3042317.557399999350309 ], [ 3352417.635899998247623, 3042360.352600000798702 ], [ 3352409.574500001966953, 3042380.565000001341105 ], [ 3352370.677699998021126, 3042411.048799999058247 ], [ 3352342.852799996733665, 3042422.190200001001358 ], [ 3352320.178900003433228, 3042426.150699999183416 ], [ 3352275.5912000015378, 3042417.159699998795986 ], [ 3352267.999899998307228, 3042413.509300000965595 ], [ 3352240.345100000500679, 3042417.189800001680851 ], [ 3352219.31139999628067, 3042424.5608000010252 ], [ 3352192.046700000762939, 3042437.162300001829863 ], [ 3352160.761200003325939, 3042448.45380000025034 ], [ 3352136.626999996602535, 3042452.974399998784065 ], [ 3352102.831200003623962, 3042452.4543999992311 ], [ 3352081.717500001192093, 3042457.835099998861551 ], [ 3352049.30179999768734, 3042477.607500001788139 ], [ 3352012.99549999833107, 3042510.461599998176098 ], [ 3352000.703299999237061, 3042513.48200000077486 ], [ 3351979.379699997603893, 3042491.059300001710653 ], [ 3351971.748400002717972, 3042486.928899999707937 ], [ 3351950.154700003564358, 3042481.40819999948144 ], [ 3351916.778899997472763, 3042478.877999998629093 ], [ 3351912.238099999725819, 3042477.087799999862909 ], [ 3351851.727700002491474, 3042421.611299999058247 ], [ 3351808.1503000035882, 3042378.306200001388788 ], [ 3351800.729000002145767, 3042367.704900000244379 ], [ 3351777.515100002288818, 3042347.35249999910593 ], [ 3351752.670800000429153, 3042335.511100001633167 ], [ 3351694.610799998044968, 3042313.698699999600649 ], [ 3351640.751500003039837, 3042296.666700001806021 ], [ 3351581.701300002634525, 3042274.884199999272823 ], [ 3351562.398000001907349, 3042264.803100001066923 ], [ 3351531.762699998915195, 3042245.270799998193979 ], [ 3351505.518200002610683, 3042224.058299999684095 ], [ 3351442.247400000691414, 3042161.74100000038743 ], [ 3351429.135099999606609, 3042157.350499998778105 ], [ 3351422.784000001847744, 3042159.6107 ], [ 3351415.112700000405312, 3042165.901500001549721 ], [ 3351410.281800001859665, 3042180.5033 ], [ 3351412.271999999880791, 3042226.608800001442432 ], [ 3351417.742899999022484, 3042261.133000001311302 ], [ 3351417.722900003194809, 3042272.064300000667572 ], [ 3351416.382600001990795, 3042275.584699999541044 ], [ 3351370.05460000038147, 3042283.555799998342991 ], [ 3351360.352899998426437, 3042288.94649999961257 ], [ 3351351.281300000846386, 3042297.277499999850988 ], [ 3351338.178999997675419, 3042315.729699999094009 ], [ 3351334.298299998044968, 3042329.301399998366833 ], [ 3351327.056999996304512, 3042345.513300001621246 ], [ 3351312.654500000178814, 3042368.486099999397993 ], [ 3351302.222599998116493, 3042391.278900001198053 ], [ 3351287.660099998116493, 3042398.859900001436472 ], [ 3351279.208599999547005, 3042398.729899998754263 ], [ 3351266.496399998664856, 3042391.829100001603365 ], [ 3351244.4425999969244, 3042375.4070999994874 ], [ 3351221.598700001835823, 3042363.97580000013113 ], [ 3351210.306800000369549, 3042355.534800000488758 ], [ 3351202.245399996638298, 3042352.904500000178814 ], [ 3351171.28999999910593, 3042349.27419999986887 ], [ 3351137.644199997186661, 3042352.2346 ], [ 3351082.764700002968311, 3042346.674100000411272 ], [ 3351047.458599999547005, 3042334.312600001692772 ], [ 3351032.196000002324581, 3042326.031700000166893 ], [ 3351000.790500000119209, 3042323.421399999409914 ], [ 3350975.186099998652935, 3042328.5121 ], [ 3350947.271300002932549, 3042326.241900000721216 ], [ 3350939.359899997711182, 3042327.081999998539686 ], [ 3350928.657999999821186, 3042332.012600000947714 ], [ 3350923.887199997901917, 3042336.693199999630451 ], [ 3350911.215000003576279, 3042342.203899998217821 ], [ 3350903.713699996471405, 3042352.465199999511242 ], [ 3350900.112999998033047, 3042361.066199999302626 ], [ 3350894.932099997997284, 3042390.089699998497963 ], [ 3350896.752400003373623, 3042397.9507 ], [ 3350903.253499999642372, 3042410.092099998146296 ], [ 3350910.64469999819994, 3042420.183299999684095 ], [ 3350925.947300001978874, 3042429.4543999992311 ], [ 3350939.029600001871586, 3042433.354800000786781 ], [ 3350962.053599998354912, 3042437.325199998915195 ], [ 3351027.91499999910593, 3042444.395899999886751 ], [ 3351051.29900000244379, 3042445.36600000038743 ], [ 3351085.814999997615814, 3042450.816599998623133 ], [ 3351113.069700002670288, 3042449.626400001347065 ], [ 3351139.094200000166893, 3042442.535500001162291 ], [ 3351159.907799996435642, 3042441.645300000905991 ], [ 3351170.899700000882149, 3042443.155499998480082 ], [ 3351201.745099999010563, 3042456.217000000178814 ], [ 3351265.156099997460842, 3042452.476399999111891 ], [ 3351272.137299999594688, 3042453.166400000452995 ], [ 3351281.95889999717474, 3042462.177499998360872 ], [ 3351289.190200001001358, 3042480.239599999040365 ], [ 3351305.302799999713898, 3042554.038499999791384 ], [ 3351312.723999999463558, 3042599.393899999558926 ], [ 3351323.115699999034405, 3042644.1393 ], [ 3351325.346000000834465, 3042661.411400001496077 ], [ 3351334.39750000089407, 3042698.275800000876188 ], [ 3351343.5691, 3042715.257800001651049 ], [ 3351349.710100002586842, 3042730.879700001329184 ], [ 3351374.374300003051758, 3042750.171900000423193 ], [ 3351394.287699997425079, 3042762.723400000482798 ], [ 3351407.409999996423721, 3042767.614 ], [ 3351427.233400002121925, 3042778.175200000405312 ], [ 3351468.020400002598763, 3042791.306699998676777 ], [ 3351508.947499997913837, 3042807.408500000834465 ], [ 3351545.933899998664856, 3042824.680500000715256 ], [ 3351726.735100001096725, 3042883.397100001573563 ], [ 3351746.6985, 3042885.507399998605251 ], [ 3351757.550399996340275, 3042884.047200001776218 ], [ 3351773.463200002908707, 3042872.925799999386072 ], [ 3351788.025700002908707, 3042865.344799999147654 ], [ 3351810.409599997103214, 3042866.364900000393391 ], [ 3351841.384900003671646, 3042870.485300000756979 ], [ 3351859.05799999833107, 3042865.744699999690056 ], [ 3351877.451200000941753, 3042855.013399999588728 ], [ 3351908.83669999986887, 3042845.712200000882149 ], [ 3351921.32880000025034, 3042847.662399999797344 ], [ 3351932.950900003314018, 3042852.1129 ], [ 3351943.352600000798702, 3042863.084199998527765 ], [ 3351952.094099998474121, 3042881.576400000602007 ], [ 3351956.744800001382828, 3042908.6897 ], [ 3351958.485100001096725, 3042937.413100000470877 ], [ 3351969.426899999380112, 3042983.628600001335144 ], [ 3351978.238399997353554, 3043003.600999999791384 ], [ 3351987.089900001883507, 3043013.152199998497963 ], [ 3352006.953299999237061, 3043024.703499998897314 ], [ 3352034.127999998629093, 3043032.964400000870228 ], [ 3352065.603399999439716, 3043037.554900001734495 ], [ 3352117.162399999797344, 3043035.324499998241663 ], [ 3352127.174099996685982, 3043037.374699998646975 ], [ 3352154.518799997866154, 3043049.606199998408556 ], [ 3352161.780000001192093, 3043056.736999999731779 ], [ 3352172.291799999773502, 3043081.609999999403954 ], [ 3352173.221900001168251, 3043091.501200001686811 ], [ 3352170.431400001049042, 3043118.934500001370907 ], [ 3352164.850400000810623, 3043150.458299998193979 ], [ 3352162.319899998605251, 3043160.989500001072884 ], [ 3352164.470200002193451, 3043187.722800001502037 ], [ 3352176.382200002670288, 3043210.545499999076128 ], [ 3352182.783299997448921, 3043220.696699999272823 ], [ 3352191.044699996709824, 3043239.708999998867512 ], [ 3352196.845600001513958, 3043270.242600001394749 ], [ 3352199.166000001132488, 3043289.504900000989437 ], [ 3352211.698100000619888, 3043338.120799999684095 ], [ 3352223.500100001692772, 3043358.473200000822544 ], [ 3352252.58500000089407, 3043399.418000001460314 ], [ 3352306.234200000762939, 3043434.342099998146296 ], [ 3352382.147299997508526, 3043478.727299999445677 ], [ 3352406.001400001347065, 3043490.618700001388788 ], [ 3352465.041599996387959, 3043512.381099998950958 ], [ 3352502.828100003302097, 3043536.574000000953674 ], [ 3352521.93129999935627, 3043553.61600000038743 ], [ 3352535.683700002729893, 3043572.898299999535084 ], [ 3352534.043300002813339, 3043592.330600000917912 ], [ 3352532.273000001907349, 3043597.371199999004602 ], [ 3352493.496200002729893, 3043642.256700001657009 ], [ 3352487.46509999781847, 3043651.947900000959635 ], [ 3352475.9331, 3043683.741700001060963 ], [ 3352475.773000001907349, 3043703.114100001752377 ], [ 3352481.603900000452995, 3043734.637899998575449 ], [ 3352493.095799997448921, 3043770.392099998891354 ], [ 3352499.506899997591972, 3043803.886100001633167 ], [ 3352499.926899999380112, 3043813.7972999997437 ], [ 3352496.746299996972084, 3043831.809500001370907 ], [ 3352477.792900003492832, 3043887.25620000064373 ], [ 3352466.250799998641014, 3043953.304200001060963 ], [ 3352459.459600001573563, 3043979.917399998754263 ], [ 3352438.765900000929832, 3044029.483399998396635 ], [ 3352425.883599996566772, 3044052.876299999654293 ], [ 3352406.410099998116493, 3044096.431600000709295 ], [ 3352395.488099999725819, 3044130.675700001418591 ], [ 3352394.788000002503395, 3044149.0779 ], [ 3352398.388599999248981, 3044163.319699998944998 ], [ 3352419.452100001275539, 3044214.055700000375509 ], [ 3352426.443199999630451, 3044249.5 ], [ 3352427.003300003707409, 3044262.3915 ], [ 3352422.022399999201298, 3044284.954199999570847 ], [ 3352408.420000001788139, 3044314.847899999469519 ], [ 3352394.537500001490116, 3044338.290699999779463 ], [ 3352385.615900002419949, 3044350.092199999839067 ], [ 3352377.084399998188019, 3044382.246100001037121 ], [ 3352375.113899998366833, 3044428.511599998921156 ], [ 3352372.323399998247623, 3044444.523600000888109 ], [ 3352367.072499997913837, 3044460.645500000566244 ], [ 3352367.632399998605251, 3044519.712600000202656 ], [ 3352364.771899998188019, 3044522.312899999320507 ], [ 3352317.843800000846386, 3044527.833700001239777 ], [ 3352274.066200003027916, 3044537.66499999910593 ], [ 3352204.344099998474121, 3044544.155999999493361 ], [ 3352179.239699997007847, 3044549.216600000858307 ], [ 3352135.2820999994874, 3044554.6074 ], [ 3352088.623999997973442, 3044566.548900000751019 ], [ 3352060.739100001752377, 3044576.200100000947714 ], [ 3352048.497000001370907, 3044591.631999999284744 ], [ 3352044.406300000846386, 3044600.253100000321865 ], [ 3352039.635399997234344, 3044627.766399998217821 ], [ 3352039.1853, 3044640.207899998873472 ], [ 3352044.906199999153614, 3044657.839999999850988 ], [ 3352069.410400003194809, 3044684.583200000226498 ], [ 3352085.653099998831749, 3044715.656899999827147 ], [ 3352088.05349999666214, 3044725.488099999725819 ], [ 3352085.252899996936321, 3044786.685400001704693 ], [ 3352081.742299996316433, 3044797.266699999570847 ], [ 3352071.540500000119209, 3044802.667399998754263 ], [ 3352065.609499998390675, 3044803.427499998360872 ], [ 3352024.4824, 3044793.786400001496077 ], [ 3351989.186300002038479, 3044781.41499999910593 ], [ 3351980.684799998998642, 3044779.794799998402596 ], [ 3351962.881700001657009, 3044781.555100001394749 ], [ 3351919.614200003445148, 3044791.376400001347065 ], [ 3351897.7804000005126, 3044791.826499998569489 ], [ 3351837.340000003576279, 3044783.525600001215935 ], [ 3351797.262999996542931, 3044775.324700001627207 ], [ 3351777.829700000584126, 3044773.674600001424551 ], [ 3351744.62389999628067, 3044775.114799998700619 ], [ 3351706.597300000488758, 3044779.7555 ], [ 3351661.239500001072884, 3044775.755100000649691 ], [ 3351634.464800000190735, 3044776.915300000458956 ], [ 3351617.071800000965595, 3044788.096700001507998 ], [ 3351608.970399998128414, 3044795.887600000947714 ], [ 3351606.759999997913837, 3044801.948399998247623 ], [ 3351608.060199998319149, 3044809.339299999177456 ], [ 3351616.661700002849102, 3044812.9397 ], [ 3351619.83219999819994, 3044817.270199999213219 ], [ 3351624.423000000417233, 3044820.060499999672174 ], [ 3351665.700099997222424, 3044833.162000000476837 ], [ 3351683.7632, 3044837.342500001192093 ], [ 3351698.425800003111362, 3044843.663199998438358 ], [ 3351750.73480000346899, 3044847.353500001132488 ], [ 3351795.782600000500679, 3044855.834399998188019 ], [ 3351869.265299998223782, 3044855.634199999272823 ], [ 3351900.85080000013113, 3044862.704999998211861 ], [ 3351972.383199997246265, 3044875.006299998611212 ], [ 3352045.195799998939037, 3044882.276999998837709 ], [ 3352073.490699999034405, 3044882.046900000423193 ], [ 3352086.462899997830391, 3044883.467099998146296 ], [ 3352097.624799996614456, 3044888.947700001299381 ], [ 3352103.115800000727177, 3044889.697799999266863 ], [ 3352124.339400000870228, 3044909.630100000649691 ], [ 3352151.093999996781349, 3044954.165399998426437 ], [ 3352183.209499999880791, 3044973.627700001001358 ], [ 3352197.741999998688698, 3044976.478000000119209 ], [ 3352235.128499999642372, 3044968.396999999880791 ], [ 3352242.929799996316433, 3044965.086500000208616 ], [ 3352259.322700001299381, 3044965.366500001400709 ], [ 3352282.016599997878075, 3044973.327399998903275 ], [ 3352329.454700000584126, 3045002.550799999386072 ], [ 3352336.435999996960163, 3045003.240899998694658 ], [ 3352364.52080000191927, 3044998.050200000405312 ], [ 3352408.628499999642372, 3044984.728500001132488 ], [ 3352461.507700003683567, 3044978.957699999213219 ], [ 3352470.489200003445148, 3044980.057799998670816 ], [ 3352481.521099999547005, 3044982.5581 ], [ 3352497.163800001144409, 3044988.338700000196695 ], [ 3352511.406300000846386, 3044996.169700000435114 ], [ 3352528.669299997389317, 3045004.850699998438358 ], [ 3352577.637599997222424, 3045046.425500001758337 ], [ 3352657.331299997866154, 3045098.101599998772144 ], [ 3352758.688699997961521, 3045191.042500000447035 ], [ 3352888.721199996769428, 3045201.30350000038743 ], [ 3353103.0581, 3045289.35359999909997 ], [ 3353269.326700001955032, 3045379.484000001102686 ], [ 3353503.267700001597404, 3045174.698800001293421 ], [ 3353556.036700002849102, 3045269.7401 ], [ 3353611.635899998247623, 3045429.719300001859665 ], [ 3353702.711199998855591, 3045652.705899998545647 ], [ 3353758.980599999427795, 3045828.536899998784065 ], [ 3353729.085299998521805, 3045894.885000001639128 ], [ 3353790.418399997055531, 3045888.134100001305342 ], [ 3353792.345799997448921, 3045888.172800000756979 ], [ 3353797.3699000030756, 3045889.451699998229742 ], [ 3353809.884700000286102, 3045891.891600001603365 ], [ 3353872.96000000089407, 3045892.136399999260902 ], [ 3353883.469800002872944, 3045894.165699999779463 ], [ 3353907.0713, 3045888.671700000762939 ], [ 3353940.362199999392033, 3045877.8015 ], [ 3353966.778999999165535, 3045880.1338 ], [ 3353976.585799999535084, 3045888.648800000548363 ], [ 3353980.802500002086163, 3045894.422800000756979 ], [ 3353996.142099998891354, 3045904.6787 ], [ 3354010.251299999654293, 3045909.533900000154972 ], [ 3354014.935500003397465, 3045914.293400000780821 ], [ 3354017.921300001442432, 3045914.666900001466274 ], [ 3354025.228699997067451, 3045911.370000001043081 ], [ 3354031.847699999809265, 3045903.6294 ], [ 3354035.471500001847744, 3045895.535500001162291 ], [ 3354039.614699997007847, 3045876.478300001472235 ], [ 3354043.723899997770786, 3045868.36089999973774 ], [ 3354053.616999998688698, 3045856.017200000584126 ], [ 3354075.77080000191927, 3045840.160000000149012 ], [ 3354085.710299998521805, 3045840.221500001847744 ], [ 3354091.267200000584126, 3045842.467500001192093 ], [ 3354091.483800001442432, 3045847.420299999415874 ], [ 3354088.416500002145767, 3045856.9864999987185 ], [ 3354080.915299996733665, 3045867.250700000673532 ], [ 3354070.404600001871586, 3045876.636399999260902 ], [ 3354068.158699996769428, 3045882.202799998223782 ], [ 3354065.439300000667572, 3045911.118200000375509 ], [ 3354070.282300002872944, 3045931.2652000002563 ], [ 3354090.248599998652935, 3045956.725400000810623 ], [ 3354094.715300001204014, 3045967.947000000625849 ], [ 3354101.866499997675419, 3045972.608300000429153 ], [ 3354107.168399997055531, 3045980.3260000012815 ], [ 3354113.837600000202656, 3045985.496599998325109 ], [ 3354121.746299996972084, 3046018.917300000786781 ], [ 3354123.399999998509884, 3046045.658500000834465 ], [ 3354128.82320000231266, 3046067.772900000214577 ], [ 3354128.170699998736382, 3046087.169700000435114 ], [ 3354120.388300001621246, 3046136.665199998766184 ], [ 3354117.246799997985363, 3046190.4353 ], [ 3354118.453299999237061, 3046206.765700001269579 ], [ 3354123.404899999499321, 3046229.398899998515844 ], [ 3354124.624399997293949, 3046257.649500001221895 ], [ 3354121.650799997150898, 3046280.621300000697374 ], [ 3354114.752400003373623, 3046304.7533 ], [ 3354092.006300002336502, 3046352.908100001513958 ], [ 3354074.357100002467632, 3046380.987399999052286 ], [ 3354068.039599999785423, 3046395.661899998784065 ], [ 3354066.661200001835823, 3046409.624200001358986 ], [ 3354069.475699998438358, 3046428.865200001746416 ], [ 3354093.667400002479553, 3046471.513700000941753 ], [ 3354094.028200000524521, 3046502.783300001174212 ], [ 3354085.549500003457069, 3046525.005199998617172 ], [ 3354057.293999999761581, 3046571.904199998825788 ], [ 3354050.033399999141693, 3046587.616300001740456 ], [ 3354044.838500000536442, 3046605.224800001829863 ], [ 3354044.317900002002716, 3046627.592999998480082 ], [ 3354050.29730000346899, 3046651.169399999082088 ], [ 3354055.249600000679493, 3046662.377599999308586 ], [ 3354065.357699997723103, 3046677.826299998909235 ], [ 3354096.158600002527237, 3046712.7445 ], [ 3354101.459499999880791, 3046731.876800000667572 ], [ 3354112.849799998104572, 3046754.232299998402596 ], [ 3354134.6266999989748, 3046787.05009999871254 ], [ 3354140.23200000077486, 3046790.284800000488758 ], [ 3354144.985299997031689, 3046808.454 ], [ 3354143.204899996519089, 3046824.416000001132488 ], [ 3354136.36370000243187, 3046850.039099998772144 ], [ 3354105.3081, 3046923.877999998629093 ], [ 3354078.763400003314018, 3046999.027100000530481 ], [ 3354072.482199996709824, 3047037.531800001859665 ], [ 3354069.421700000762939, 3047047.0929000005126 ], [ 3354067.43129999935627, 3047070.015700001269579 ], [ 3354052.558600001037121, 3047104.929900001734495 ], [ 3354024.783699996769428, 3047128.472800001502037 ], [ 3353994.618500001728535, 3047142.684599999338388 ], [ 3353983.016500003635883, 3047150.155499998480082 ], [ 3353957.711999997496605, 3047173.578400000929832 ], [ 3353941.3091000020504, 3047184.729800000786781 ], [ 3353907.503300003707409, 3047195.131099998950958 ], [ 3353872.70719999819994, 3047194.151099998503923 ], [ 3353854.504100002348423, 3047197.91160000115633 ], [ 3353831.720100000500679, 3047199.401799999177456 ], [ 3353824.998999997973442, 3047204.652499999850988 ], [ 3353818.107799999415874, 3047205.942699998617172 ], [ 3353810.326399996876717, 3047209.763099998235703 ], [ 3353802.71509999781847, 3047217.534099999815226 ], [ 3353793.453400000929832, 3047232.835900001227856 ], [ 3353797.794100001454353, 3047275.851100001484156 ], [ 3353805.725400000810623, 3047298.353799998760223 ], [ 3353813.66669999808073, 3047332.75789999961853 ], [ 3353813.296599999070168, 3047347.179699998348951 ], [ 3353810.516099996864796, 3047363.181600000709295 ], [ 3353804.064900003373623, 3047374.89299999922514 ], [ 3353794.133199997246265, 3047386.24439999833703 ], [ 3353768.298699997365475, 3047408.717199999839067 ], [ 3353742.60419999808073, 3047423.228999998420477 ], [ 3353710.088500000536442, 3047429.1097999997437 ], [ 3353690.295100003480911, 3047430.469999998807907 ], [ 3353677.532899998128414, 3047433.99040000140667 ], [ 3353647.857699997723103, 3047436.770799998193979 ], [ 3353641.0066, 3047439.051100000739098 ], [ 3353630.464699998497963, 3047447.952199999243021 ], [ 3353628.014300003647804, 3047459.973700001835823 ], [ 3353629.644500002264977, 3047474.805500000715256 ], [ 3353642.33669999986887, 3047492.627599999308586 ], [ 3353657.499200001358986, 3047510.339699998497963 ], [ 3353666.01070000231266, 3047523.38120000064373 ], [ 3353675.202200002968311, 3047552.284699998795986 ], [ 3353677.752599999308586, 3047565.086199998855591 ], [ 3353681.493299998342991, 3047571.377000000327826 ], [ 3353706.727600000798702, 3047592.1294 ], [ 3353729.841600000858307, 3047598.5801 ], [ 3353756.686200000345707, 3047599.400199998170137 ], [ 3353775.449500001966953, 3047597.089800000190735 ], [ 3353794.112700000405312, 3047592.319200001657009 ], [ 3353830.729099996387959, 3047577.817400000989437 ], [ 3353849.9324000030756, 3047574.0168999992311 ], [ 3353902.411499999463558, 3047570.746399998664856 ], [ 3353944.278800003230572, 3047574.396699998527765 ], [ 3353986.11599999666214, 3047588.968400001525879 ], [ 3354038.564999997615814, 3047618.981899999082088 ], [ 3354058.218400001525879, 3047625.582600001245737 ], [ 3354074.441200003027916, 3047633.313499998301268 ], [ 3354098.055299997329712, 3047639.744199998676777 ], [ 3354152.664700001478195, 3047662.706900000572205 ], [ 3354213.065099999308586, 3047692.860399998724461 ], [ 3354246.240800000727177, 3047713.772799998521805 ], [ 3354275.625900000333786, 3047727.394400000572205 ], [ 3354302.820600003004074, 3047736.1554000005126 ], [ 3354320.163500003516674, 3047746.816599998623133 ], [ 3354330.005199998617172, 3047756.3277000002563 ], [ 3354349.238499999046326, 3047787.771499998867512 ], [ 3354370.602099999785423, 3047845.448399998247623 ], [ 3354386.134700000286102, 3047860.160100001841784 ], [ 3354410.588899999856949, 3047874.491799999028444 ], [ 3354427.781900003552437, 3047881.692600000649691 ], [ 3354460.957599997520447, 3047902.614999998360872 ], [ 3354467.6787, 3047908.775800000876188 ], [ 3354486.612000003457069, 3047933.2787000015378 ], [ 3354517.567199997603893, 3047983.0746 ], [ 3354533.740000002086163, 3048012.668099999427795 ], [ 3354545.561899997293949, 3048044.94200000166893 ], [ 3354550.512699998915195, 3048067.5647 ], [ 3354557.263899996876717, 3048085.646899998188019 ], [ 3354565.01519999653101, 3048092.7577 ], [ 3354572.916500002145767, 3048103.338899999856949 ], [ 3354578.457500003278255, 3048105.089099999517202 ], [ 3354620.254699997603893, 3048130.092099998146296 ], [ 3354630.076399996876717, 3048139.103100001811981 ], [ 3354644.768899999558926, 3048157.325300000607967 ], [ 3354648.709499999880791, 3048168.086599998176098 ], [ 3354656.000699996948242, 3048199.0603 ], [ 3354655.590599998831749, 3048212.471900001168251 ], [ 3354639.597800001502037, 3048244.455800000578165 ], [ 3354607.942199997603893, 3048270.159000001847744 ], [ 3354576.396700002253056, 3048286.921 ], [ 3354567.545199997723103, 3048288.791299998760223 ], [ 3354564.64469999819994, 3048290.901599999517202 ], [ 3354561.614100001752377, 3048300.962799999862909 ], [ 3354562.334299996495247, 3048306.383400000631809 ], [ 3354570.655699998140335, 3048326.385800000280142 ], [ 3354579.917199999094009, 3048333.936700001358986 ], [ 3354601.550999999046326, 3048340.4474 ], [ 3354656.280500002205372, 3048343.047600001096725 ], [ 3354673.883500002324581, 3048348.238200001418591 ], [ 3354683.855200000107288, 3048349.298300001770258 ], [ 3354708.799500003457069, 3048386.4527000002563 ], [ 3354740.474799998104572, 3048453.1107 ], [ 3354756.297499999403954, 3048474.273200001567602 ], [ 3354765.769100002944469, 3048475.353300001472235 ], [ 3354788.103000000119209, 3048463.461800001561642 ], [ 3354813.007399998605251, 3048442.529199998825788 ], [ 3354824.709399998188019, 3048437.548599999397993 ], [ 3354849.383699998259544, 3048433.998100001364946 ], [ 3354880.189000003039837, 3048434.658100001513958 ], [ 3354915.2051, 3048440.588799998164177 ], [ 3354936.518799997866154, 3048451.079999998211861 ], [ 3354948.52080000191927, 3048453.050200000405312 ], [ 3354967.844200000166893, 3048452.21000000089407 ], [ 3354981.096500001847744, 3048448.659600000828505 ], [ 3355001.850100003182888, 3048446.269200000911951 ], [ 3355018.523000001907349, 3048441.578600000590086 ], [ 3355050.68860000371933, 3048439.188299998641014 ], [ 3355076.573100000619888, 3048429.136999998241663 ], [ 3355086.884900003671646, 3048426.206599999219179 ], [ 3355132.302799999713898, 3048408.844399999827147 ], [ 3355156.237000003457069, 3048399.8733000010252 ], [ 3355190.032899998128414, 3048377.550500001758337 ], [ 3355203.865299999713898, 3048364.538899999111891 ], [ 3355221.758400000631809, 3048353.337499998509884 ], [ 3355236.000900000333786, 3048338.315699998289347 ], [ 3355263.34570000320673, 3048316.282999999821186 ], [ 3355309.423799999058247, 3048256.685699999332428 ], [ 3355330.717600002884865, 3048232.422699999064207 ], [ 3355336.498599998652935, 3048228.202199999243021 ], [ 3355340.619300000369549, 3048220.081199999898672 ], [ 3355350.391000002622604, 3048216.680799998342991 ], [ 3355353.671599999070168, 3048212.0702 ], [ 3355360.932800002396107, 3048207.779699999839067 ], [ 3355367.553999997675419, 3048200.048700001090765 ], [ 3355414.33219999819994, 3048156.813400000333786 ], [ 3355453.949199996888638, 3048108.417500000447035 ], [ 3355459.060099996626377, 3048100.256499998271465 ], [ 3355476.643200002610683, 3048082.11430000141263 ], [ 3355485.954800002276897, 3048067.802499998360872 ], [ 3355512.009400002658367, 3048038.868999999016523 ], [ 3355519.490699999034405, 3048028.11769999936223 ], [ 3355524.491599999368191, 3048017.476399999111891 ], [ 3355550.316200003027916, 3047983.092199999839067 ], [ 3355578.130999997258186, 3047960.53940000012517 ], [ 3355596.084200002253056, 3047950.818199999630451 ], [ 3355611.206799998879433, 3047944.707400001585484 ], [ 3355638.841600000858307, 3047929.115499999374151 ], [ 3355660.395400002598763, 3047910.793200001120567 ], [ 3355663.0658999979496, 3047903.7324 ], [ 3355675.798100002110004, 3047888.280499998480082 ], [ 3355679.398800000548363, 3047879.679400000721216 ], [ 3355697.891999997198582, 3047859.517000000923872 ], [ 3355710.854299999773502, 3047849.035700000822544 ], [ 3355729.827600002288818, 3047840.264600001275539 ], [ 3355751.101300001144409, 3047826.932900000363588 ], [ 3355757.952500000596046, 3047824.65260000154376 ], [ 3355775.755599997937679, 3047822.872400000691414 ], [ 3355797.139300003647804, 3047846.785199999809265 ], [ 3355781.45099999755621, 3047851.4397 ], [ 3355748.849299997091293, 3047866.752300001680851 ], [ 3355703.201999999582767, 3047901.992899999022484 ], [ 3355671.636, 3047941.097899999469519 ], [ 3355635.614200003445148, 3048003.730900000780821 ], [ 3355574.43860000371933, 3048138.959800001233816 ], [ 3355550.846400000154972, 3048202.051699999719858 ], [ 3355517.10530000180006, 3048294.382599998265505 ], [ 3355486.540799997746944, 3048368.199299998581409 ], [ 3355468.370999999344349, 3048395.792100001126528 ], [ 3355132.112000003457069, 3048725.662599999457598 ], [ 3355099.856299996376038, 3048783.659600000828505 ], [ 3355082.333200000226498, 3048826.134799998253584 ], [ 3355060.599299997091293, 3048897.583500001579523 ], [ 3355050.737400002777576, 3048956.590599998831749 ], [ 3355038.024899996817112, 3049098.657699998468161 ], [ 3355030.17339999973774, 3049146.673500001430511 ], [ 3355028.913199998438358, 3049175.036899998784065 ], [ 3355025.132500000298023, 3049202.500300001353025 ], [ 3355010.559799998998642, 3049255.776700001209974 ], [ 3355001.778200000524521, 3049305.302700001746416 ], [ 3354991.626400001347065, 3049334.54619999974966 ], [ 3354983.945000000298023, 3049363.6798 ], [ 3354972.782999999821186, 3049392.463199999183416 ], [ 3354965.231600001454353, 3049435.988499999046326 ], [ 3354927.754699997603893, 3049591.0472999997437 ], [ 3354925.094200000166893, 3049621.450899999588728 ], [ 3354917.762900002300739, 3049647.094000000506639 ], [ 3354914.272200003266335, 3049669.586800001561642 ], [ 3354881.036200001835823, 3049785.230799999088049 ], [ 3354873.364799998700619, 3049825.785700000822544 ], [ 3354862.042700000107288, 3049862.520100001245737 ], [ 3354859.802299998700619, 3049879.5022 ], [ 3354852.060900002717972, 3049907.145500000566244 ], [ 3354828.806599996984005, 3050035.261 ], [ 3354820.575099997222424, 3050062.934300001710653 ], [ 3354816.324299998581409, 3050090.927700001746416 ], [ 3354804.112099997699261, 3050141.603900000452995 ], [ 3354792.950000002980232, 3050216.562899999320507 ], [ 3354785.838699996471405, 3050247.166600000113249 ], [ 3354783.038099996745586, 3050274.099899999797344 ], [ 3354761.494199998676777, 3050372.851799998432398 ], [ 3354758.443599998950958, 3050405.755800001323223 ], [ 3354741.610500000417233, 3050475.494199998676777 ], [ 3354737.099600002169609, 3050508.968299999833107 ], [ 3354731.678599998354912, 3050533.031199999153614 ], [ 3354725.527500003576279, 3050585.9276 ], [ 3354714.855499997735023, 3050637.5337999984622 ], [ 3354699.302599996328354, 3050737.015799999237061 ], [ 3354686.710299998521805, 3050790.202199999243021 ], [ 3354675.3882, 3050826.936700001358986 ], [ 3354666.186599999666214, 3050866.561500001698732 ], [ 3354640.832000002264977, 3050957.532499998807907 ], [ 3354628.369599997997284, 3051025.600699998438358 ], [ 3354618.3378000035882, 3051057.314599998295307 ], [ 3354614.927199997007847, 3051081.787500001490116 ], [ 3354602.524899996817112, 3051139.434500001370907 ], [ 3354593.433200001716614, 3051204.872400000691414 ], [ 3354579.920699998736382, 3051259.579 ], [ 3354574.499700002372265, 3051295.073300000280142 ], [ 3354567.448399998247623, 3051327.147199999541044 ], [ 3354562.837600000202656, 3051335.2982 ], [ 3354550.655299998819828, 3051409.307100001722574 ], [ 3354546.124499998986721, 3051419.438400000333786 ], [ 3354524.740500003099442, 3051567.826299998909235 ], [ 3354508.527500003576279, 3051629.103700000792742 ], [ 3354505.656999997794628, 3051654.556800000369549 ], [ 3354501.126199997961521, 3051676.099399998784065 ], [ 3354499.14580000191927, 3051699.0320999994874 ], [ 3354493.344700001180172, 3051714.1739999987185 ], [ 3354483.983000002801418, 3051761.749699998646975 ], [ 3354477.841899998486042, 3051780.392000000923872 ], [ 3354465.999700002372265, 3051828.077799998223782 ], [ 3354450.686899997293949, 3051921.589099999517202 ], [ 3354444.915799997746944, 3051937.221000000834465 ], [ 3354442.815399996936321, 3051957.683400001376867 ], [ 3354426.85249999910593, 3052013.480200000107288 ], [ 3354425.062200002372265, 3052029.442099999636412 ], [ 3354420.421300001442432, 3052048.514400001615286 ], [ 3354420.171300001442432, 3052065.406500000506639 ], [ 3354415.6404, 3052098.380399998277426 ], [ 3354409.3091000020504, 3052170.149099998176098 ], [ 3354404.078199997544289, 3052186.771099999547005 ], [ 3354401.547700002789497, 3052208.723799999803305 ], [ 3354392.446000002324581, 3052250.82880000025034 ], [ 3354390.465599998831749, 3052273.751600001007318 ], [ 3354379.893700003623962, 3052327.828200001269579 ], [ 3354375.102799996733665, 3052343.429999999701977 ], [ 3354372.922399997711182, 3052361.892299998551607 ], [ 3354365.681100003421307, 3052389.515599999576807 ], [ 3354357.639600001275539, 3052444.4923 ], [ 3354313.671599999070168, 3052587.399599999189377 ], [ 3354305.89019999653101, 3052625.474199999123812 ], [ 3354302.7195999994874, 3052632.554999999701977 ], [ 3354292.887900002300739, 3052669.239500001072884 ], [ 3354290.787500001490116, 3052689.68189999833703 ], [ 3354283.696199998259544, 3052709.354299999773502 ], [ 3354280.125500001013279, 3052741.288199998438358 ], [ 3354275.354599997401237, 3052757.380100000649691 ], [ 3354272.76410000026226, 3052777.852600000798702 ], [ 3354270.1537000015378, 3052786.403599999845028 ], [ 3354266.773000001907349, 3052822.80799999833107 ], [ 3354259.991800002753735, 3052849.901299998164177 ], [ 3354254.540700003504753, 3052895.8169 ], [ 3354248.16950000077486, 3052932.341299999505281 ], [ 3354233.906900003552437, 3052981.117199998348951 ], [ 3354228.085900001227856, 3052995.778999999165535 ], [ 3354222.694899998605251, 3053020.331900000572205 ], [ 3354182.397699996829033, 3053133.2956000007689 ], [ 3354165.694700002670288, 3053194.593100000172853 ], [ 3354160.803800001740456, 3053207.724599998444319 ], [ 3354153.022299997508526, 3053245.789299998432398 ], [ 3354144.130699999630451, 3053270.012200001627207 ], [ 3354139.6199000030756, 3053292.054900001734495 ], [ 3354132.088600002229214, 3053312.737399999052286 ], [ 3354123.126900002360344, 3053381.145599998533726 ], [ 3354110.514600001275539, 3053433.822000000625849 ], [ 3354109.164200000464916, 3053471.626600001007318 ], [ 3354111.194600000977516, 3053483.947999998927116 ], [ 3354130.937899999320507, 3053527.28319999948144 ], [ 3354135.148599997162819, 3053532.563799999654293 ], [ 3354137.439000003039837, 3053539.904699999839067 ], [ 3354146.210500001907349, 3053547.475600000470877 ], [ 3354148.890900000929832, 3053551.826099999248981 ], [ 3354154.971900001168251, 3053577.879200000315905 ], [ 3354151.951399996876717, 3053577.019200000911951 ], [ 3354134.478399999439716, 3053586.220300000160933 ], [ 3354111.034299999475479, 3053595.181400001049042 ], [ 3354099.92230000346899, 3053602.112300001084805 ], [ 3354079.128700003027916, 3053626.345300000160933 ], [ 3354064.726099997758865, 3053660.729400001466274 ], [ 3354062.525700002908707, 3053678.70160000026226 ], [ 3354054.534199997782707, 3053711.815600000321865 ], [ 3354052.343800000846386, 3053730.277800001204014 ], [ 3354044.562399998307228, 3053756.931099999696016 ], [ 3354037.421099998056889, 3053798.4560999982059 ], [ 3354022.418399997055531, 3053853.232700001448393 ], [ 3354014.736900001764297, 3053893.77760000154376 ], [ 3354011.93639999628067, 3053920.710900001227856 ], [ 3354005.755300000309944, 3053938.353000000119209 ], [ 3354004.58500000089407, 3053957.275299999862909 ], [ 3353997.813799999654293, 3053984.378600001335144 ], [ 3353994.363200001418591, 3054007.871399998664856 ], [ 3353989.192199997603893, 3054025.963599998503923 ], [ 3353984.7212999984622, 3054071.839099999517202 ], [ 3353978.620200000703335, 3054091.461500000208616 ], [ 3353978.850199997425079, 3054108.333599999547005 ], [ 3353974.969499997794628, 3054121.905200000852346 ], [ 3353973.869300000369549, 3054142.317699998617172 ], [ 3353964.917599998414516, 3054187.883200000971556 ], [ 3353963.387299999594688, 3054209.805799998342991 ], [ 3353953.335500001907349, 3054264.352400001138449 ], [ 3353942.923600003123283, 3054299.056600000709295 ], [ 3353936.192400000989437, 3054315.738600000739098 ], [ 3353934.82209999859333, 3054329.700300000607967 ], [ 3353917.568999998271465, 3054378.606300000101328 ], [ 3353913.448299996554852, 3054398.148600000888109 ], [ 3353908.067299999296665, 3054411.300200000405312 ], [ 3353905.106700003147125, 3054434.763099998235703 ], [ 3353897.855400003492832, 3054462.386399999260902 ], [ 3353894.944899998605251, 3054486.839299999177456 ], [ 3353887.083400003612041, 3054522.923700001090765 ], [ 3353884.5929000005126, 3054568.719200000166893 ], [ 3353880.9121999964118, 3054586.741399999707937 ], [ 3353872.600599996745586, 3054658.600099999457598 ], [ 3353855.407499998807907, 3054731.829 ], [ 3353847.976099997758865, 3054754.991799999028444 ], [ 3353844.245399996638298, 3054783.455200001597404 ], [ 3353840.074600003659725, 3054802.007399998605251 ], [ 3353839.694499999284744, 3054815.929099999368191 ], [ 3353828.242399998009205, 3054872.535999998450279 ], [ 3353823.5515, 3054913.450899999588728 ], [ 3353821.571099996566772, 3054959.216400001198053 ], [ 3353822.331200003623962, 3054988.479899998754263 ], [ 3353819.600599996745586, 3055005.471999999135733 ], [ 3353818.49040000140667, 3055037.305799998342991 ], [ 3353808.868500001728535, 3055113.184999998658895 ], [ 3353804.457599997520447, 3055194.8048 ], [ 3353801.5471, 3055207.836399998515844 ], [ 3353800.896899998188019, 3055227.228799998760223 ], [ 3353796.176100000739098, 3055244.320799998939037 ], [ 3353789.884900003671646, 3055282.325399998575449 ], [ 3353785.794100001454353, 3055325.7007 ], [ 3353778.012599997222424, 3055363.765299998223782 ], [ 3353777.212499998509884, 3055379.697200000286102 ], [ 3353766.820500001311302, 3055437.734200000762939 ], [ 3353760.129199996590614, 3055501.081799998879433 ], [ 3353753.318000003695488, 3055538.616399999707937 ], [ 3353744.326399996876717, 3055560.359000001102686 ], [ 3353730.813900001347065, 3055603.634300000965595 ], [ 3353707.359700001776218, 3055669.692299999296665 ], [ 3353691.916900001466274, 3055725.969099998474121 ], [ 3353688.876299999654293, 3055747.451699998229742 ], [ 3353681.835100002586842, 3055768.114199999719858 ], [ 3353678.074400000274181, 3055773.244800001382828 ], [ 3353675.0337999984622, 3055794.717399999499321 ], [ 3353667.252499997615814, 3055809.959300000220537 ], [ 3353661.891500003635883, 3055835.012299999594688 ], [ 3353650.3794, 3055867.286200001835823 ], [ 3353642.007799997925758, 3055926.243299998342991 ], [ 3353638.6272, 3055939.795000001788139 ], [ 3353640.017399996519089, 3055960.587499998509884 ], [ 3353638.44709999859333, 3055970.078600000590086 ], [ 3353638.237000003457069, 3056011.303599998354912 ], [ 3353633.976199999451637, 3056027.375500001013279 ], [ 3353620.503799997270107, 3056060.229499999433756 ], [ 3353602.680600002408028, 3056095.753899998962879 ], [ 3353597.379699997603893, 3056110.88569999858737 ], [ 3353595.799400001764297, 3056131.7982 ], [ 3353584.997400000691414, 3056180.434099998325109 ], [ 3353579.366300001740456, 3056233.800500001758337 ], [ 3353560.602799996733665, 3056316.530600000172853 ], [ 3353562.042999997735023, 3056338.313200000673532 ], [ 3353561.412900000810623, 3056369.626899998635054 ], [ 3353555.401799999177456, 3056379.808200001716614 ], [ 3353545.380000002682209, 3056412.0320999994874 ], [ 3353536.218400001525879, 3056429.794300001114607 ], [ 3353525.766500003635883, 3056463.518300000578165 ], [ 3353522.635899998247623, 3056483.01069999858737 ], [ 3353511.363899998366833, 3056520.735300000756979 ], [ 3353508.213299997150898, 3056539.747600000351667 ], [ 3353506.782999999821186, 3056564.140500001609325 ], [ 3353500.881899997591972, 3056599.644799999892712 ], [ 3353489.859899997711182, 3056631.898699998855591 ], [ 3353487.449400000274181, 3056656.331700000911951 ], [ 3353464.195100001990795, 3056773.025800000876188 ], [ 3353458.034000001847744, 3056791.157999999821186 ], [ 3353451.522799998521805, 3056824.212000001221895 ], [ 3353444.081500001251698, 3056847.374800000339746 ], [ 3353433.479500003159046, 3056900.461199998855591 ], [ 3353420.256999999284744, 3056984.941399998962879 ], [ 3353420.637000001966953, 3057016.6952 ], [ 3353429.838500000536442, 3057080.3429000005126 ], [ 3353425.357699997723103, 3057102.885600000619888 ], [ 3353426.427799999713898, 3057139.079999998211861 ], [ 3353423.217200003564358, 3057156.592099998146296 ], [ 3353417.146099999547005, 3057176.724500000476837 ], [ 3353413.61540000140667, 3057198.717199999839067 ], [ 3353413.26519999653101, 3057247.893100000917912 ], [ 3353408.894400000572205, 3057272.896099999547005 ], [ 3353407.504100002348423, 3057321.121899999678135 ], [ 3353402.893200002610683, 3057340.684300001710653 ], [ 3353387.150399997830391, 3057390.020300000905991 ], [ 3353367.256800003349781, 3057435.0658 ], [ 3353354.394599996507168, 3057458.968699999153614 ], [ 3353322.108900003135204, 3057504.554200001060963 ], [ 3353320.498599998652935, 3057513.055300001055002 ], [ 3353304.715800002217293, 3057549.979800000786781 ], [ 3353303.055399999022484, 3057557.500700000673532 ], [ 3353301.515100002288818, 3057590.834699999541044 ], [ 3353303.775399997830391, 3057620.038199998438358 ], [ 3353262.148100003600121, 3057656.092599999159575 ], [ 3353247.305500000715256, 3057680.075599998235703 ], [ 3353238.313900001347065, 3057701.808200001716614 ], [ 3353230.60249999910593, 3057729.95160000026226 ], [ 3353213.659500002861023, 3057774.377000000327826 ], [ 3353204.297700002789497, 3057844.775499999523163 ], [ 3353199.246799997985363, 3057865.848099999129772 ], [ 3353183.943999998271465, 3057913.683899998664856 ], [ 3353180.393299996852875, 3057934.6864 ], [ 3353171.721799999475479, 3057963.859900001436472 ], [ 3353167.550999999046326, 3057993.833599999547005 ], [ 3353169.661300003528595, 3058019.556699998676777 ], [ 3353175.772299997508526, 3058034.67850000038743 ], [ 3353215.089000001549721, 3058094.045499999076128 ], [ 3353229.301399998366833, 3058124.219099998474121 ], [ 3353235.072400003671646, 3058131.410000000149012 ], [ 3353237.802799999713898, 3058160.093400001525879 ], [ 3353235.712399996817112, 3058180.535900000482798 ], [ 3353220.349600002169609, 3058226.871500000357628 ], [ 3353209.397699996829033, 3058249.204199999570847 ], [ 3353170.680799998342991, 3058318.392700001597404 ], [ 3353166.890100002288818, 3058322.523200001567602 ], [ 3353127.553300000727177, 3058354.017099998891354 ], [ 3353116.498400002717972, 3058360.0777000002563 ], [ 3353109.189999997615814, 3058400.002599999308586 ], [ 3353104.019100002944469, 3058406.683499999344349 ], [ 3353101.85869999974966, 3058414.214400000870228 ], [ 3353095.4375, 3058426.415899999439716 ], [ 3353080.854900002479553, 3058467.760899998247623 ], [ 3353061.641400001943111, 3058540.079599998891354 ], [ 3353056.720499999821186, 3058564.122499998658895 ], [ 3353018.933700002729893, 3058688.887699998915195 ], [ 3353012.062399998307228, 3058724.94200000166893 ], [ 3353010.522100001573563, 3058758.265999998897314 ], [ 3353005.9912, 3058791.230000000447035 ], [ 3353006.691200003027916, 3058830.424699999392033 ], [ 3353004.800899997353554, 3058843.906399998813868 ], [ 3352998.719800002872944, 3058864.028799999505281 ], [ 3352998.229699999094009, 3058875.470199998468161 ], [ 3352990.28830000013113, 3058898.653000000864267 ], [ 3352981.776699997484684, 3058942.708299998193979 ], [ 3352963.513400003314018, 3058979.742800001055002 ], [ 3352956.342100001871586, 3059008.846400000154972 ], [ 3352956.562200002372265, 3059013.807 ], [ 3352990.067900002002716, 3059042.6404 ], [ 3352936.418200001120567, 3059219.321800000965595 ], [ 3352887.279399998486042, 3059363.119199998676777 ], [ 3352878.857600003480911, 3059496.145300000905991 ], [ 3352839.510499998927116, 3059609.138999998569489 ], [ 3352791.21169999986887, 3059814.263799998909235 ], [ 3352713.077600002288818, 3060081.146099999547005 ], [ 3352655.387000001966953, 3060347.738400001078844 ], [ 3352570.612000003457069, 3060499.686900001019239 ], [ 3352545.507500000298023, 3060529.500599998980761 ], [ 3352526.954099997878075, 3060612.320599999278784 ], [ 3352482.146200001239777, 3060677.998599998652935 ], [ 3352458.281999997794628, 3060711.372699998319149 ], [ 3352440.1787, 3060792.682500001043081 ], [ 3352437.088100001215935, 3060824.996399998664856 ], [ 3352428.466300003230572, 3060944.730900000780821 ], [ 3352419.944799996912479, 3060977.184799998998642 ], [ 3352418.634499996900558, 3060984.165699999779463 ], [ 3352400.671300001442432, 3061033.741700001060963 ], [ 3352387.949000000953674, 3061076.226799998432398 ], [ 3352368.825599998235703, 3061120.382199998944998 ], [ 3352374.156400002539158, 3061151.975999999791384 ], [ 3352381.2676, 3061176.568900000303984 ], [ 3352383.197899997234344, 3061210.732999999076128 ], [ 3352380.447300001978874, 3061237.086199998855591 ], [ 3352379.527199998497963, 3061239.586500000208616 ], [ 3352362.864200003445148, 3061283.171799998730421 ], [ 3352357.423199996352196, 3061301.664099998772144 ], [ 3352353.502499997615814, 3061321.1064000017941 ], [ 3352351.372100003063679, 3061351.920099999755621 ], [ 3352351.391999997198582, 3061370.752399999648333 ], [ 3352350.451800003647804, 3061391.104899998754263 ], [ 3352349.691600002348423, 3061417.407999999821186 ], [ 3352349.261500000953674, 3061419.898299999535084 ], [ 3352317.64580000191927, 3061514.469799999147654 ], [ 3352314.665299996733665, 3061532.401999998837709 ], [ 3352313.344999998807907, 3061556.734900001436472 ], [ 3352304.003300003707409, 3061614.001800000667572 ], [ 3352298.222199998795986, 3061637.964699998497963 ], [ 3352288.440499998629093, 3061661.037500001490116 ], [ 3352257.344899997115135, 3061720.394799999892712 ], [ 3352250.013599999248981, 3061742.407400000840425 ], [ 3352245.682800002396107, 3061765.330200001597404 ], [ 3352242.0022, 3061775.851500000804663 ], [ 3352236.271099999547005, 3061801.784600000828505 ], [ 3352234.690800003707409, 3061816.706399999558926 ], [ 3352219.648000001907349, 3061919.248799998313189 ], [ 3352218.427599996328354, 3061983.246500000357628 ], [ 3352212.956600002944469, 3062000.748700000345707 ], [ 3352200.494400002062321, 3062034.302700001746416 ], [ 3352189.912500001490116, 3062064.336399998515844 ], [ 3352183.281300000846386, 3062075.427700001746416 ], [ 3352170.50900000333786, 3062098.090500000864267 ], [ 3352152.6858000010252, 3062153.107200000435114 ], [ 3352122.480499997735023, 3062208.973999999463558 ], [ 3352119.209799997508526, 3062234.346999999135733 ], [ 3352114.708999998867512, 3062287.033399999141693 ], [ 3352114.869000002741814, 3062293.474199999123812 ], [ 3352111.108300000429153, 3062318.857200000435114 ], [ 3352106.197400003671646, 3062338.329599998891354 ], [ 3352095.145400002598763, 3062369.373399998992682 ], [ 3352084.703500002622604, 3062386.5055 ], [ 3352076.602099999785423, 3062398.626899998635054 ], [ 3352067.960600003600121, 3062408.788199998438358 ], [ 3352052.727899998426437, 3062432.000999998301268 ], [ 3352044.816500000655651, 3062451.063299998641014 ], [ 3352038.105200000107288, 3062477.526500001549721 ], [ 3352034.454599998891354, 3062506.870099999010563 ], [ 3352029.263400003314018, 3062625.0143 ], [ 3352026.957999996840954, 3062631.280099999159575 ], [ 3352035.254299998283386, 3062680.881000000983477 ], [ 3352033.253899998962879, 3062698.293200001120567 ], [ 3352031.913699999451637, 3062703.7837999984622 ], [ 3352028.853100001811981, 3062718.735599998384714 ], [ 3352020.11150000244379, 3062743.768699999898672 ], [ 3352010.299800001084805, 3062765.361299999058247 ], [ 3351994.286899998784065, 3062796.035000000149012 ], [ 3351979.014200001955032, 3062817.777699999511242 ], [ 3351952.769599996507168, 3062851.241799999028444 ], [ 3351946.438500002026558, 3062859.312800001353025 ], [ 3351944.098099999129772, 3062864.333399999886751 ], [ 3351908.241700001060963, 3062931.251499999314547 ], [ 3351874.455700002610683, 3063000.600000001490116 ], [ 3351866.104099996387959, 3063057.846900001168251 ], [ 3351863.293399997055531, 3063172.460700001567602 ], [ 3351859.502700001001358, 3063179.011500000953674 ], [ 3351846.120399996638298, 3063196.723700001835823 ], [ 3351838.058899998664856, 3063210.335299998521805 ], [ 3351822.50620000064373, 3063239.9989 ], [ 3351806.67339999973774, 3063277.123500000685453 ], [ 3351797.5016999989748, 3063304.156700000166893 ], [ 3351790.820500001311302, 3063332.100099999457598 ], [ 3351785.349500000476837, 3063349.602200001478195 ], [ 3351775.617700003087521, 3063392.507399998605251 ], [ 3351771.006899997591972, 3063405.028999999165535 ], [ 3351755.314099997282028, 3063447.594099998474121 ], [ 3351746.26240000128746, 3063479.0779 ], [ 3351735.540500000119209, 3063504.160999998450279 ], [ 3351729.189400002360344, 3063525.653599999845028 ], [ 3351716.186999998986721, 3063557.737500000745058 ], [ 3351708.435599997639656, 3063582.240499999374151 ], [ 3351704.194899998605251, 3063608.633600000292063 ], [ 3351701.974399998784065, 3063654.319200001657009 ], [ 3351697.283500000834465, 3063682.212499998509884 ], [ 3351691.552400000393391, 3063708.145700000226498 ], [ 3351686.531499996781349, 3063741.999800000339746 ], [ 3351678.609999999403954, 3063778.404199998825788 ], [ 3351677.439800001680851, 3063784.734900001436472 ], [ 3351673.429099999368191, 3063806.307500001043081 ], [ 3351671.188699997961521, 3063815.298599999397993 ], [ 3351666.817900002002716, 3063836.731199998408556 ], [ 3351661.806999996304512, 3063852.743200000375509 ], [ 3351650.154799997806549, 3063898.1787 ], [ 3351647.844400003552437, 3063904.189399998635054 ], [ 3351641.903399996459484, 3063922.691700000315905 ], [ 3351635.352099999785423, 3063955.105599999427795 ], [ 3351629.001000002026558, 3063994.44029999896884 ], [ 3351622.339699998497963, 3064022.8838 ], [ 3351619.939300000667572, 3064025.924100000411272 ], [ 3351614.698399998247623, 3064051.357200000435114 ], [ 3351603.436300002038479, 3064092.802200000733137 ], [ 3351591.053999997675419, 3064147.678899999707937 ], [ 3351563.819200001657009, 3064221.307799998670816 ], [ 3351554.187399998307228, 3064249.831300001591444 ], [ 3351549.216499999165535, 3064267.323399998247623 ], [ 3351538.5945999994874, 3064295.866900000721216 ], [ 3351530.613200001418591, 3064330.291000001132488 ], [ 3351515.290399998426437, 3064367.905600000172853 ], [ 3351503.328199997544289, 3064419.791900001466274 ], [ 3351494.91669999808073, 3064460.396800000220537 ], [ 3351490.615900002419949, 3064481.119300000369549 ], [ 3351470.582299999892712, 3064509.922800000756979 ], [ 3351460.680399999022484, 3064600.433800000697374 ], [ 3351477.663199998438358, 3064659.460799999535084 ], [ 3351471.82209999859333, 3064699.775699999183416 ], [ 3351470.3618, 3064718.668000001460314 ], [ 3351466.531099997460842, 3064741.580800000578165 ], [ 3351464.760799996554852, 3064749.561700001358986 ], [ 3351462.200300000607967, 3064764.503499999642372 ], [ 3351446.1074, 3064810.549100000411272 ], [ 3351428.044200003147125, 3064838.812600001692772 ], [ 3351412.681500002741814, 3064857.57490000128746 ], [ 3351393.878200002014637, 3064894.779399998486042 ], [ 3351396.67849999666214, 3064961.127399999648333 ], [ 3351403.519599996507168, 3065029.375599998980761 ], [ 3351414.701399996876717, 3065075.67119999974966 ], [ 3351415.121399998664856, 3065091.022999998182058 ], [ 3351412.920999996364117, 3065101.494300000369549 ], [ 3351411.080700002610683, 3065106.504900000989437 ], [ 3351393.047399997711182, 3065171.952799998223782 ], [ 3351391.207099996507168, 3065177.453499998897314 ], [ 3351374.083999998867512, 3065239.891100000590086 ], [ 3351349.239600002765656, 3065292.13740000128746 ], [ 3351318.554099999368191, 3065366.346400000154972 ], [ 3351292.819300003349781, 3065494.461899999529123 ], [ 3351291.38910000026226, 3065496.982200000435114 ], [ 3351277.23650000244379, 3065540.997600000351667 ], [ 3351268.405000001192093, 3065562.560199998319149 ], [ 3351244.000600002706051, 3065612.80629999935627 ], [ 3351234.36879999935627, 3065677.51410000026226 ], [ 3351226.027300000190735, 3065716.908900000154972 ], [ 3351219.726099997758865, 3065740.381799999624491 ], [ 3351218.115800000727177, 3065753.813400000333786 ], [ 3351205.703500002622604, 3065807.199799999594688 ], [ 3351202.542999997735023, 3065818.691199999302626 ], [ 3351198.352200001478195, 3065828.722500000149012 ], [ 3351189.590599998831749, 3065852.7654 ], [ 3351166.286399997770786, 3065942.636300001293421 ], [ 3351157.354800000786781, 3065960.728500001132488 ], [ 3351150.56360000371933, 3065984.211300000548363 ], [ 3351142.482100002467632, 3066015.17509999871254 ], [ 3351134.830700002610683, 3066043.148499999195337 ], [ 3351127.169299997389317, 3066079.29280000180006 ], [ 3351123.848700001835823, 3066095.014699999243021 ], [ 3351116.767399996519089, 3066125.938499998301268 ], [ 3351106.645599998533726, 3066154.481899999082088 ], [ 3351094.4934, 3066181.575199998915195 ], [ 3351041.814000003039837, 3066321.342199999839067 ], [ 3350971.951499998569489, 3066467.519999999552965 ], [ 3350967.580799996852875, 3066480.821600001305342 ], [ 3350948.157300002872944, 3066540.058800000697374 ], [ 3350946.036899998784065, 3066553.010400000959635 ], [ 3350939.275600001215935, 3066595.825500000268221 ], [ 3350934.504699997603893, 3066620.748599998652935 ], [ 3350923.912699997425079, 3066686.476500000804663 ], [ 3350919.651900000870228, 3066711.879599999636412 ], [ 3350906.639499999582767, 3066780.157800000160933 ], [ 3350895.617499999701977, 3066847.886 ], [ 3350886.595799997448921, 3066898.702199999243021 ], [ 3350869.882700003683567, 3066994.343800000846386 ], [ 3350859.614, 3067060.971799999475479 ], [ 3350854.309799998998642, 3067095.416000001132488 ], [ 3350852.249399997293949, 3067110.837799999862909 ], [ 3350831.585600003600121, 3067188.747299998998642 ], [ 3350815.832800000905991, 3067228.842199999839067 ], [ 3350794.288900002837181, 3067275.037799999117851 ], [ 3350773.955300003290176, 3067310.792100001126528 ], [ 3350755.872100003063679, 3067338.555500000715256 ], [ 3350738.919100001454353, 3067371.239500001072884 ], [ 3350723.05629999935627, 3067407.3739 ], [ 3350715.755000002682209, 3067430.3766999989748 ], [ 3350707.763599999248981, 3067446.458599999547005 ], [ 3350699.482100002467632, 3067469.4814000017941 ], [ 3350693.831000000238419, 3067498.394900001585484 ], [ 3350688.890100002288818, 3067517.367199998348951 ], [ 3350677.027999997138977, 3067554.881799999624491 ], [ 3350672.377099998295307, 3067584.255300000309944 ], [ 3350668.236400000751019, 3067595.766699999570847 ], [ 3350661.795199997723103, 3067632.141100000590086 ], [ 3350660.234899997711182, 3067647.552999999374151 ], [ 3350658.504600003361702, 3067656.524099998176098 ], [ 3350656.054099999368191, 3067675.916400000452995 ], [ 3350653.059799998998642, 3067691.090599998831749 ], [ 3350650.832800000905991, 3067702.338799998164177 ], [ 3350644.286899998784065, 3067734.742600001394749 ], [ 3350641.759099997580051, 3067751.181600000709295 ], [ 3350638.26799999922514, 3067768.628699999302626 ], [ 3350629.740199998021126, 3067801.0777000002563 ], [ 3350625.4375, 3067825.0016999989748 ], [ 3350615.905299998819828, 3067856.982700001448393 ], [ 3350613.731299996376038, 3067867.949099998921156 ], [ 3350598.520300000905991, 3067910.0121 ], [ 3350592.263400003314018, 3067934.971900001168251 ], [ 3350579.415500000119209, 3067972.507800001651049 ], [ 3350569.677299998700619, 3067997.068799998611212 ], [ 3350551.067400000989437, 3068041.69480000063777 ], [ 3350534.449199996888638, 3068068.429699998348951 ], [ 3350523.6787, 3068091.522199999541044 ], [ 3350514.889899998903275, 3068114.569299999624491 ], [ 3350507.335600003600121, 3068128.163600001484156 ], [ 3350489.244699999690056, 3068155.425299998372793 ], [ 3350478.281999997794628, 3068171.592700000852346 ], [ 3350467.195299997925758, 3068201.148200001567602 ], [ 3350462.737199999392033, 3068219.117800001055002 ], [ 3350433.429999999701977, 3068307.66440000012517 ], [ 3350428.177699998021126, 3068333.09180000051856 ], [ 3350419.554099999368191, 3068362.083000000566244 ], [ 3350414.398100003600121, 3068390.977899998426437 ], [ 3350408.141199998557568, 3068415.937600001692772 ], [ 3350400.343199998140335, 3068438.957299999892712 ], [ 3350400.591099999845028, 3068447.873199999332428 ], [ 3350396.150399997830391, 3068466.833799999207258 ], [ 3350392.903099998831749, 3068474.855599999427795 ], [ 3350389.766000002622604, 3068486.839999999850988 ], [ 3350376.0, 3068527.375399999320507 ], [ 3350339.207999996840954, 3068631.992400001734495 ], [ 3350317.744800001382828, 3068753.047400001436472 ], [ 3350310.028499998152256, 3068769.750999998301268 ], [ 3350211.98030000180006, 3068982.002099998295307 ], [ 3350184.5691, 3069067.035000000149012 ], [ 3350153.818099997937679, 3069174.953400000929832 ], [ 3350148.629199996590614, 3069239.054200001060963 ], [ 3350156.040500000119209, 3069292.394999999552965 ], [ 3350158.498000003397465, 3069345.863299999386072 ], [ 3350143.38849999755621, 3069427.589600000530481 ], [ 3350119.944600000977516, 3069548.6985 ], [ 3350088.27759999781847, 3069605.087999999523163 ], [ 3350077.906499996781349, 3069624.698899999260902 ], [ 3350065.389300003647804, 3069656.276399999856949 ], [ 3350059.297799997031689, 3069669.334100000560284 ], [ 3350056.545900002121925, 3069677.342000000178814 ], [ 3350047.165700003504753, 3069696.935100000351667 ], [ 3350035.996699996292591, 3069723.508200000971556 ], [ 3350023.176899999380112, 3069762.034000001847744 ], [ 3350014.237000003457069, 3069779.632199998944998 ], [ 3349996.876299999654293, 3069815.300000000745058 ], [ 3349979.460699997842312, 3069848.996399998664856 ], [ 3349958.319899998605251, 3069891.709100000560284 ], [ 3349953.572999998927116, 3069899.276599999517202 ], [ 3349937.055799998342991, 3069947.819200001657009 ], [ 3349910.796700000762939, 3070002.571100000292063 ], [ 3349906.631499998271465, 3070013.592399999499321 ], [ 3349892.091399997472763, 3070043.728900000452995 ], [ 3349891.210900001227856, 3070047.719099998474121 ], [ 3349886.560199998319149, 3070058.753800000995398 ], [ 3349866.754799999296665, 3070113.831799998879433 ], [ 3349863.607799999415874, 3070125.816199999302626 ], [ 3349860.415700003504753, 3070135.8191 ], [ 3349832.578299999237061, 3070205.48589999973774 ], [ 3349821.575000002980232, 3070238.012499999254942 ], [ 3349805.741999998688698, 3070275.13459999859333 ], [ 3349792.508500002324581, 3070317.126899998635054 ], [ 3349783.76690000295639, 3070341.65989999845624 ], [ 3349771.114699997007847, 3070368.28319999948144 ], [ 3349770.234499998390675, 3070372.273600000888109 ], [ 3349767.454000003635883, 3070379.29450000077486 ], [ 3349759.10249999910593, 3070400.346999999135733 ], [ 3349755.981899999082088, 3070413.318599998950958 ], [ 3349753.271499998867512, 3070422.81980000063777 ], [ 3349733.798000000417233, 3070471.925700001418591 ], [ 3349721.525799997150898, 3070512.4206000007689 ], [ 3349718.915299996733665, 3070525.872299998998642 ], [ 3349712.984200000762939, 3070544.384500000625849 ], [ 3349709.943599998950958, 3070559.836399998515844 ], [ 3349707.653200000524521, 3070566.837200000882149 ], [ 3349696.101199999451637, 3070597.390999998897314 ], [ 3349684.248999997973442, 3070635.385600000619888 ], [ 3349673.097000002861023, 3070662.468899998813868 ], [ 3349658.884499996900558, 3070704.504000000655651 ], [ 3349645.852099999785423, 3070735.587699998170137 ], [ 3349634.610100001096725, 3070777.532800000160933 ], [ 3349626.578699998557568, 3070792.13459999859333 ], [ 3349613.116300001740456, 3070825.22859999909997 ], [ 3349605.754900000989437, 3070846.251200001686811 ], [ 3349586.311499997973442, 3070896.347300000488758 ], [ 3349578.960100002586842, 3070917.369800001382828 ], [ 3349559.966700002551079, 3070965.9857 ], [ 3349540.243199996650219, 3071024.022799998521805 ], [ 3349496.595399998128414, 3071131.305799998342991 ], [ 3349489.534100003540516, 3071145.387499999254942 ], [ 3349480.722499996423721, 3071167.440200001001358 ], [ 3349455.8081, 3071217.1963 ], [ 3349454.067800000309944, 3071225.667300000786781 ], [ 3349442.925800003111362, 3071253.240600001066923 ], [ 3349435.074400000274181, 3071274.28319999948144 ], [ 3349414.460699997842312, 3071317.968499999493361 ], [ 3349402.428599998354912, 3071349.532400000840425 ], [ 3349395.837399996817112, 3071362.113899998366833 ], [ 3349388.906199999153614, 3071380.636100001633167 ], [ 3349381.864900000393391, 3071394.707800000905991 ], [ 3349366.1721, 3071437.282999999821186 ], [ 3349357.980599999427795, 3071463.776200000196695 ], [ 3349349.248999997973442, 3071488.809300001710653 ], [ 3349340.34740000218153, 3071507.8816 ], [ 3349339.437299996614456, 3071510.881999999284744 ], [ 3349318.883599996566772, 3071556.557500001043081 ], [ 3349300.130300000309944, 3071595.732299998402596 ], [ 3349260.91330000013113, 3071684.052999999374151 ], [ 3349237.769100002944469, 3071743.69029999896884 ], [ 3349236.338899999856949, 3071745.710499998182058 ], [ 3349217.385499998927116, 3071795.796599999070168 ], [ 3349210.564300000667572, 3071818.289299998432398 ], [ 3349195.721600003540516, 3071855.883900001645088 ], [ 3349185.579800002276897, 3071883.427200000733137 ], [ 3349179.288599997758865, 3071906.900100000202656 ], [ 3349150.613499999046326, 3072000.381400000303984 ], [ 3349138.061200000345707, 3072030.475099999457598 ], [ 3349130.579899996519089, 3072047.037099998444319 ], [ 3349127.319300003349781, 3072054.568 ], [ 3349089.61259999871254, 3072125.986699998378754 ], [ 3349083.91160000115633, 3072134.567800000309944 ], [ 3349068.278800003230572, 3072161.271000001579523 ], [ 3349053.056100003421307, 3072184.483899999409914 ], [ 3349051.695900000631809, 3072188.984400000423193 ], [ 3349044.584600001573563, 3072201.085900001227856 ], [ 3349027.291500002145767, 3072239.220499999821186 ], [ 3349010.838600002229214, 3072271.904500000178814 ], [ 3348980.353200003504753, 3072317.350099999457598 ], [ 3348977.532700002193451, 3072322.880699999630451 ], [ 3348976.092500001192093, 3072324.410900000482798 ], [ 3348962.380000002682209, 3072348.573899999260902 ], [ 3348946.5371999964118, 3072385.198300000280142 ], [ 3348942.256499998271465, 3072392.259199999272823 ], [ 3348928.073899999260902, 3072417.432300001382828 ], [ 3348918.062200002372265, 3072432.083999998867512 ], [ 3348908.060400001704693, 3072446.735800001770258 ], [ 3348883.566100001335144, 3072493.011500000953674 ], [ 3348875.924699999392033, 3072504.1228 ], [ 3348853.270700000226498, 3072545.397900000214577 ], [ 3348836.457699999213219, 3072583.032400000840425 ], [ 3348831.406800001859665, 3072597.544199999421835 ], [ 3348799.521099999547005, 3072664.352299999445677 ], [ 3348799.111000001430511, 3072667.332699999213219 ], [ 3348787.888999998569489, 3072691.935699999332428 ], [ 3348766.045100003480911, 3072745.08219999819994 ], [ 3348760.354099996387959, 3072754.153299998492002 ], [ 3348743.901199996471405, 3072786.827199999243021 ], [ 3348735.089599996805191, 3072808.889899998903275 ], [ 3348718.476599998772144, 3072853.955400001257658 ], [ 3348694.362300001084805, 3072914.602800000458956 ], [ 3348691.231700003147125, 3072927.074299998581409 ], [ 3348689.851499997079372, 3072931.084800001233816 ], [ 3348639.372500002384186, 3073024.16609999909997 ], [ 3348625.930200003087521, 3073040.408100001513958 ], [ 3348617.73870000243187, 3073048.549100000411272 ], [ 3348545.126000002026558, 3073112.506999999284744 ], [ 3348506.849299997091293, 3073144.791000001132488 ], [ 3348477.124099999666214, 3073181.295400001108646 ], [ 3348455.720299996435642, 3073214.099500000476837 ], [ 3348449.359099999070168, 3073235.092000000178814 ], [ 3348446.488600000739098, 3073239.142499998211861 ], [ 3348441.707800000905991, 3073245.713300000876188 ], [ 3348418.433700002729893, 3073282.537799999117851 ], [ 3348408.561899997293949, 3073302.1402000002563 ], [ 3348356.892800003290176, 3073388.320700000971556 ], [ 3348257.555299997329712, 3073507.535300001502037 ], [ 3348140.764799997210503, 3073623.249499998986721 ], [ 3348119.871100001037121, 3073656.553599998354912 ], [ 3348084.054700002074242, 3073706.099700000137091 ], [ 3348052.219200000166893, 3073728.792500000447035 ], [ 3348020.363600000739098, 3073751.475299999117851 ], [ 3347974.285499997437, 3073788.429900001734495 ], [ 3347949.811300002038479, 3073799.501299999654293 ], [ 3347833.090899996459484, 3073863.659299999475479 ], [ 3347827.029799997806549, 3073859.86879999935627 ], [ 3347800.745300002396107, 3073841.246599998325109 ], [ 3347797.754799999296665, 3073840.336500000208616 ], [ 3347788.893299996852875, 3073842.566799998283386 ], [ 3347743.325300000607967, 3073880.001400001347065 ], [ 3347735.463899999856949, 3073882.7018 ], [ 3347716.710699997842312, 3073885.692200001329184 ], [ 3347705.818800002336502, 3073885.982299998402596 ], [ 3347697.357299998402596, 3073884.732099998742342 ], [ 3347677.303800001740456, 3073876.851199999451637 ], [ 3347636.936899997293949, 3073850.678199999034405 ], [ 3347629.3706, 3073845.932599999010563 ], [ 3347601.140799999237061, 3073828.855599999427795 ], [ 3347541.670500002801418, 3073793.3015 ], [ 3347524.217500001192093, 3073789.821100000292063 ], [ 3347463.997100003063679, 3073780.560100000351667 ], [ 3347398.925800003111362, 3073794.231899999082088 ], [ 3347287.026399999856949, 3073798.772700000554323 ], [ 3347217.0641999989748, 3073796.222600001841784 ], [ 3347172.956600002944469, 3073778.600600000470877 ], [ 3347150.262699998915195, 3073774.170099999755621 ], [ 3347083.7412, 3073761.198699999600649 ], [ 3347038.803400002419949, 3073767.389499999582767 ], [ 3347017.289700001478195, 3073760.048700001090765 ], [ 3346989.394900001585484, 3073737.015999998897314 ], [ 3346982.443800002336502, 3073700.511599998921156 ], [ 3346975.932700000703335, 3073662.037000000476837 ], [ 3347021.990800000727177, 3073624.572299998253584 ], [ 3347033.102799996733665, 3073613.870999999344349 ], [ 3347021.851000003516674, 3073528.900800000876188 ], [ 3347013.139499999582767, 3073518.739599999040365 ], [ 3347004.368000000715256, 3073506.088100001215935 ], [ 3346997.126800000667572, 3073495.376800000667572 ], [ 3346985.634900003671646, 3073473.884199999272823 ], [ 3346979.273800000548363, 3073458.682399999350309 ], [ 3346978.683700002729893, 3073455.23200000077486 ], [ 3346978.393700003623962, 3073444.830800000578165 ], [ 3346962.40089999884367, 3073421.967999998480082 ], [ 3346929.875299997627735, 3073410.956799998879433 ], [ 3346773.848300002515316, 3073397.375500001013279 ], [ 3346742.832900002598763, 3073405.166499998420477 ], [ 3346727.610299997031689, 3073410.537200000137091 ], [ 3346706.446599997580051, 3073416.0779 ], [ 3346670.410300001502037, 3073421.518699999898672 ], [ 3346659.018299996852875, 3073421.838700000196695 ], [ 3346649.636699996888638, 3073423.078899998217821 ], [ 3346604.548900000751019, 3073423.8191 ], [ 3346570.402999997138977, 3073425.739399999380112 ], [ 3346564.4419, 3073425.409400001168251 ], [ 3346555.500399999320507, 3073424.669300001114607 ], [ 3346503.77139999717474, 3073418.648699998855591 ], [ 3346477.396899998188019, 3073414.898299999535084 ], [ 3346344.483800001442432, 3073412.58839999884367 ], [ 3346309.437799997627735, 3073418.009100001305342 ], [ 3346297.535700000822544, 3073417.839099999517202 ], [ 3346262.369599997997284, 3073418.7993 ], [ 3346216.851700000464916, 3073422.019799999892712 ], [ 3346196.528200000524521, 3073422.079900000244379 ], [ 3346165.652800001204014, 3073416.98930000141263 ], [ 3346130.346699997782707, 3073412.988899998366833 ], [ 3346113.433799996972084, 3073410.478700000792742 ], [ 3346090.649800002574921, 3073411.108800001442432 ], [ 3346069.396200001239777, 3073413.669100001454353 ], [ 3346061.164800003170967, 3073411.659000001847744 ], [ 3345983.641400001943111, 3073377.344999998807907 ], [ 3345981.15089999884367, 3073376.914900001138449 ], [ 3345971.139200001955032, 3073373.714600000530481 ], [ 3345962.117700003087521, 3073370.004099998623133 ], [ 3345958.027000002563, 3073365.6435999982059 ], [ 3345949.265500001609325, 3073362.418200001120567 ], [ 3345900.037000000476837, 3073311.717199999839067 ], [ 3345891.395499996840954, 3073303.51630000025034 ], [ 3345879.55349999666214, 3073287.984400000423193 ], [ 3345871.87219999730587, 3073278.773299999535084 ], [ 3345873.762599997222424, 3073257.410799998790026 ], [ 3345876.653099998831749, 3073236.508200000971556 ], [ 3345876.903200000524521, 3073209.234900001436472 ], [ 3345877.693400003015995, 3073202.274099998176098 ], [ 3345879.863799996674061, 3073190.812699999660254 ], [ 3345884.00450000166893, 3073179.301300000399351 ], [ 3345886.785099998116493, 3073167.709899999201298 ], [ 3345887.125100001692772, 3073166.329700000584126 ], [ 3345849.4419, 3073150.061200000345707 ], [ 3345844.977899998426437, 3073148.137600000947714 ], [ 3345836.256399996578693, 3073101.282000001519918 ], [ 3345833.505999997258186, 3073100.361999999731779 ], [ 3345847.668499998748302, 3073083.619899999350309 ], [ 3345882.144500002264977, 3073039.54450000077486 ], [ 3345849.068999998271465, 3072954.1842 ], [ 3345776.78660000115633, 3072885.276099998503923 ], [ 3345663.847199998795986, 3072834.340199999511242 ], [ 3345577.992200002074242, 3072866.924400001764297 ], [ 3345460.09179999679327, 3072869.655000001192093 ], [ 3345313.206399999558926, 3072828.0603 ], [ 3345277.410199999809265, 3072824.089899998158216 ], [ 3345224.190999999642372, 3072817.609200000762939 ], [ 3345139.876400001347065, 3072815.949200000613928 ], [ 3345093.808399997651577, 3072817.209499999880791 ], [ 3345072.954800002276897, 3072816.28940000012517 ], [ 3345039.148900002241135, 3072812.759100001305342 ], [ 3345010.383900001645088, 3072812.059099998325109 ], [ 3344980.538699999451637, 3072826.260899998247623 ], [ 3344919.718099996447563, 3072849.733800001442432 ], [ 3344847.625699996948242, 3072823.950899999588728 ], [ 3344831.222900003194809, 3072804.568599998950958 ], [ 3344765.851599998772144, 3072806.848999999463558 ], [ 3344739.626999996602535, 3072808.559300001710653 ], [ 3344713.962600000202656, 3072812.729899998754263 ], [ 3344711.222000002861023, 3072839.083000000566244 ], [ 3344677.66610000282526, 3072862.806000001728535 ], [ 3344623.056599996984005, 3072877.67790000140667 ], [ 3344587.360299997031689, 3072931.704500000923872 ], [ 3344579.579000003635883, 3072937.375199999660254 ], [ 3344576.67849999666214, 3072939.925500001758337 ], [ 3344562.045900002121925, 3072948.7566 ], [ 3344536.661499999463558, 3072962.83839999884367 ], [ 3344530.750399999320507, 3072964.47859999909997 ], [ 3344469.529799997806549, 3072991.451999999582767 ], [ 3344458.2478, 3072995.722500000149012 ], [ 3344424.511900000274181, 3073012.504599999636412 ], [ 3344396.076999999582767, 3073024.186099998652935 ], [ 3344376.113499999046326, 3073037.127700001001358 ], [ 3344368.852200001478195, 3073043.278499998152256 ], [ 3344356.189999997615814, 3073052.049600001424551 ], [ 3344310.852099999785423, 3073079.563000001013279 ], [ 3344306.931400001049042, 3073081.163199998438358 ], [ 3344273.095499999821186, 3073094.484900001436472 ], [ 3344250.641599997878075, 3073107.496500000357628 ], [ 3344230.258000001311302, 3073122.918400000780821 ], [ 3344208.554200001060963, 3073144.8310999982059 ], [ 3344198.51240000128746, 3073158.492800001055002 ], [ 3344191.00110000371933, 3073173.564599998295307 ], [ 3344183.339699998497963, 3073183.695900000631809 ], [ 3344163.16610000282526, 3073224.890900000929832 ], [ 3344155.824799999594688, 3073246.413499999791384 ], [ 3344153.337300002574921, 3073264.324999999254942 ], [ 3344073.531300000846386, 3073480.675799999386072 ], [ 3344054.329499997198582, 3073503.507100000977516 ], [ 3344042.883400000631809, 3073519.688000001013279 ], [ 3344028.745399996638298, 3073546.343600001186132 ], [ 3344011.159699998795986, 3073591.940999999642372 ], [ 3344058.772299997508526, 3073610.956399999558926 ], [ 3344050.572300001978874, 3073673.1554000005126 ], [ 3343990.988200001418591, 3073705.519099999219179 ], [ 3343951.270499996840954, 3073775.516399998217821 ], [ 3343939.334600001573563, 3073810.041400000452995 ], [ 3343864.847199998795986, 3073877.518399998545647 ], [ 3343770.075099997222424, 3073946.046900000423193 ], [ 3343712.31870000064373, 3074009.102200001478195 ], [ 3343687.388599999248981, 3074021.683699999004602 ], [ 3343666.410999998450279, 3074034.155099999159575 ], [ 3343650.562299996614456, 3074052.431600000709295 ], [ 3343641.0603, 3074067.56700000166893 ], [ 3343639.369000002741814, 3074078.023499999195337 ], [ 3343637.883199997246265, 3074078.064899999648333 ], [ 3343633.411399997770786, 3074077.693900000303984 ], [ 3343623.449400000274181, 3074075.978999998420477 ], [ 3343620.903800003230572, 3074073.571699999272823 ], [ 3343605.144100002944469, 3074059.130800001323223 ], [ 3343603.602899998426437, 3074057.190999999642372 ], [ 3343598.4287, 3074049.404500000178814 ], [ 3343595.30460000038147, 3074044.029199998825788 ], [ 3343542.511799998581409, 3074052.916799999773502 ], [ 3343495.167599998414516, 3073953.574299998581409 ], [ 3343487.392399996519089, 3073941.399099998176098 ], [ 3343480.773400001227856, 3073935.129999998956919 ], [ 3343470.233499996364117, 3073930.467199999839067 ], [ 3343458.244999997317791, 3073926.826099999248981 ], [ 3343435.803199999034405, 3073921.989500001072884 ], [ 3343423.887699998915195, 3073921.320500001311302 ], [ 3343408.037299998104572, 3073921.762699998915195 ], [ 3343380.454499997198582, 3073928.460299998521805 ], [ 3343356.252499997615814, 3073931.603799998760223 ], [ 3343320.129100002348423, 3073915.738200001418591 ], [ 3343315.217299997806549, 3073917.362300001084805 ], [ 3343286.213600002229214, 3073926.08219999819994 ], [ 3343284.273900002241135, 3073927.623500000685453 ], [ 3343258.727899998426437, 3073936.256900001317263 ], [ 3343228.830700002610683, 3073948.481600001454353 ], [ 3343212.127599999308586, 3073953.894299998879433 ], [ 3343210.669399999082088, 3073954.926300000399351 ], [ 3343167.429700002074242, 3073969.000300001353025 ], [ 3343124.878799997270107, 3073989.994699999690056 ], [ 3343071.357600003480911, 3074008.310899998992682 ], [ 3343040.8445999994874, 3074016.587499998509884 ], [ 3343008.47070000320673, 3074028.871399998664856 ], [ 3342987.382700003683567, 3074037.38060000166297 ], [ 3342960.8699000030756, 3074046.536699999123812 ], [ 3342925.441399998962879, 3074055.941700000315905 ], [ 3342903.348700001835823, 3074063.973499998450279 ], [ 3342882.780100002884865, 3074072.973900001496077 ], [ 3342846.911300003528595, 3074084.363899998366833 ], [ 3342805.680699996650219, 3074099.3733000010252 ], [ 3342788.963899999856949, 3074104.291000001132488 ], [ 3342777.186700001358986, 3074108.58500000089407 ], [ 3342762.39580000191927, 3074111.466099999845028 ], [ 3342734.331699997186661, 3074118.6732 ], [ 3342725.756700001657009, 3074122.133000001311302 ], [ 3342717.175200000405312, 3074125.595600001513958 ], [ 3342706.941699996590614, 3074130.8136 ], [ 3342696.649899996817112, 3074136.074299998581409 ], [ 3342679.606899999082088, 3074147.445700000971556 ], [ 3342665.544399999082088, 3074158.727099999785423 ], [ 3342655.3926, 3074167.938200000673532 ], [ 3342644.020599998533726, 3074187.090500000864267 ], [ 3342636.52929999679327, 3074203.152499999850988 ], [ 3342629.908100001513958, 3074214.733899999409914 ], [ 3342580.239399999380112, 3074265.170099999755621 ], [ 3342571.5878000035882, 3074293.173500001430511 ], [ 3342589.820900000631809, 3074324.897300001233816 ], [ 3342582.279600001871586, 3074339.479100000113249 ], [ 3342577.633699998259544, 3074368.602600000798702 ], [ 3342570.587399996817112, 3074382.434300001710653 ], [ 3342520.508699998259544, 3074400.166499998420477 ], [ 3342515.0878000035882, 3074401.296700000762939 ], [ 3342484.992600001394749, 3074406.587400000542402 ], [ 3342453.36710000038147, 3074409.92790000140667 ], [ 3342439.504699997603893, 3074410.818 ], [ 3342429.112899996340275, 3074411.588100001215935 ], [ 3342417.720899999141693, 3074411.90819999948144 ], [ 3342342.257799997925758, 3074407.527800001204014 ], [ 3342295.629699997603893, 3074406.327799998223782 ], [ 3342203.8838, 3074404.877900000661612 ], [ 3342182.570100001990795, 3074404.957899998873472 ], [ 3342143.853399999439716, 3074403.047800000756979 ], [ 3342122.619699999690056, 3074406.108199998736382 ], [ 3342112.76799999922514, 3074408.3585 ], [ 3342079.202200002968311, 3074413.739199999719858 ], [ 3342065.90990000218153, 3074417.089699998497963 ], [ 3342040.385399997234344, 3074426.200800001621246 ], [ 3342025.682899996638298, 3074432.071600001305342 ], [ 3341998.818199999630451, 3074446.683400001376867 ], [ 3341991.046800002455711, 3074452.344099998474121 ], [ 3341977.554499998688698, 3074466.605799999088049 ], [ 3341969.943099997937679, 3074478.207299999892712 ], [ 3341918.504000000655651, 3074572.31870000064373 ], [ 3341925.795199997723103, 3074603.35249999910593 ], [ 3341853.842600002884865, 3074654.398800000548363 ], [ 3341789.481299996376038, 3074711.195799998939037 ], [ 3341717.468699999153614, 3074760.261900000274181 ], [ 3341659.418600000441074, 3074794.566100001335144 ], [ 3341610.259999997913837, 3074809.30799999833107 ], [ 3341598.868000000715256, 3074809.6081000007689 ], [ 3341541.837999999523163, 3074862.734700001776218 ], [ 3341479.557300001382828, 3074833.211199998855591 ], [ 3341410.965499997138977, 3074808.328400000929832 ], [ 3341342.553599998354912, 3074808.208500001579523 ], [ 3341320.249700002372265, 3074808.328600000590086 ], [ 3341305.917199999094009, 3074809.708799999207258 ], [ 3341295.575400002300739, 3074812.479200001806021 ], [ 3341261.789599999785423, 3074827.781100001186132 ], [ 3341240.47580000013113, 3074845.713300000876188 ], [ 3341233.154500000178814, 3074849.8838 ], [ 3341229.283900000154972, 3074853.454300001263618 ], [ 3341218.481899999082088, 3074875.076900001615286 ], [ 3341202.299099996685982, 3074899.309900000691414 ], [ 3341201.368900001049042, 3074901.810199998319149 ], [ 3341192.367299996316433, 3074916.44200000166893 ], [ 3341139.878100000321865, 3074972.4087999984622 ], [ 3341121.664899997413158, 3074995.211599998176098 ], [ 3341119.344499997794628, 3075000.732299998402596 ], [ 3341118.234200000762939, 3075014.644000001251698 ], [ 3341118.61429999768734, 3075028.505699999630451 ], [ 3341121.034699998795986, 3075044.297600001096725 ], [ 3341125.385399997234344, 3075058.569299999624491 ], [ 3341154.380300000309944, 3075121.226799998432398 ], [ 3341161.181400001049042, 3075133.918299999088049 ], [ 3341177.174099996685982, 3075156.791000001132488 ], [ 3341189.976300001144409, 3075171.802799999713898 ], [ 3341197.597599998116493, 3075178.533599998801947 ], [ 3341207.129299998283386, 3075182.734000001102686 ], [ 3341216.600900001823902, 3075184.454199999570847 ], [ 3341218.111199997365475, 3075185.40430000051856 ], [ 3341253.537299998104572, 3075193.85530000180006 ], [ 3341283.842500001192093, 3075196.485500000417233 ], [ 3341297.28490000218153, 3075198.605700001120567 ], [ 3341306.796499997377396, 3075201.816100001335144 ], [ 3341308.326800003647804, 3075203.256299998611212 ], [ 3341327.900100000202656, 3075212.137299999594688 ], [ 3341330.940700002014637, 3075214.537599999457598 ], [ 3341333.591099999845028, 3075220.908399999141693 ], [ 3341337.061700001358986, 3075238.660500001162291 ], [ 3341337.191699996590614, 3075243.611099999397993 ], [ 3341335.431400001049042, 3075251.592000000178814 ], [ 3341333.751000002026558, 3075262.543400000780821 ], [ 3341321.778899997472763, 3075277.745200000703335 ], [ 3341307.586400002241135, 3075302.428199999034405 ], [ 3341307.916500002145767, 3075314.30970000103116 ], [ 3341309.596699997782707, 3075321.200500000268221 ], [ 3341317.26799999922514, 3075329.921500001102686 ], [ 3341330.580300003290176, 3075345.413400001823902 ], [ 3341336.921400003135204, 3075359.6151 ], [ 3341338.911700002849102, 3075377.907299999147654 ], [ 3341340.171800002455711, 3075405.640599999576807 ], [ 3341346.342799998819828, 3075431.733800001442432 ], [ 3341349.643399998545647, 3075443.535199999809265 ], [ 3341358.414899997413158, 3075456.186700001358986 ], [ 3341380.60869999974966, 3075469.958299998193979 ], [ 3341397.801700003445148, 3075482.369699999690056 ], [ 3341421.955799996852875, 3075495.601300001144409 ], [ 3341437.778499998152256, 3075512.023200001567602 ], [ 3341437.978500001132488, 3075519.4441 ], [ 3341423.656000003218651, 3075521.324400000274181 ], [ 3341409.203500002622604, 3075518.243999999016523 ], [ 3341393.990900002419949, 3075505.772599998861551 ], [ 3341377.178099997341633, 3075489.38060000166297 ], [ 3341350.313500002026558, 3075467.81810000166297 ], [ 3341330.390000000596046, 3075446.5456000007689 ], [ 3341325.949299998581409, 3075429.3235 ], [ 3341328.05969999730587, 3075415.881900001317263 ], [ 3341327.919699996709824, 3075392.589099999517202 ], [ 3341327.369699999690056, 3075372.776700001209974 ], [ 3341320.598499998450279, 3075361.055300001055002 ], [ 3341306.316100001335144, 3075346.083500001579523 ], [ 3341290.363399997353554, 3075325.2010000012815 ], [ 3341282.952100001275539, 3075308.059000000357628 ], [ 3341283.552299998700619, 3075293.657200001180172 ], [ 3341290.063400000333786, 3075278.125399999320507 ], [ 3341300.675300002098083, 3075267.414000000804663 ], [ 3341303.235799998044968, 3075252.472199998795986 ], [ 3341298.004900000989437, 3075242.711100000888109 ], [ 3341286.883000001311302, 3075234.5801 ], [ 3341275.24099999666214, 3075225.969099998474121 ], [ 3341239.864900000393391, 3075219.508400000631809 ], [ 3341223.011900000274181, 3075219.478399999439716 ], [ 3341193.1266999989748, 3075232.190000001341105 ], [ 3341144.778300002217293, 3075240.461199998855591 ], [ 3341148.698899999260902, 3075292.907499998807907 ], [ 3341150.34910000115633, 3075316.650299999862909 ], [ 3341153.339599996805191, 3075335.40260000154376 ], [ 3341160.01070000231266, 3075379.837900001555681 ], [ 3341174.722999997437, 3075481.550200000405312 ], [ 3341183.344300001859665, 3075560.629700001329184 ], [ 3341189.6853, 3075611.025800000876188 ], [ 3341196.906300000846386, 3075729.300000000745058 ], [ 3341195.91610000282526, 3075747.172200001776218 ], [ 3341193.385499998927116, 3075781.4463 ], [ 3341152.438299998641014, 3075842.553800001740456 ], [ 3341148.797600001096725, 3075890.239500001072884 ], [ 3341135.735200002789497, 3075938.19539999961853 ], [ 3341126.043399997055531, 3075999.922800000756979 ], [ 3341125.923199996352196, 3076049.5088 ], [ 3341130.08389999717474, 3076092.513999998569489 ], [ 3341126.063000001013279, 3076162.522399999201298 ], [ 3341112.820500001311302, 3076239.721799999475479 ], [ 3341109.289800003170967, 3076291.368000000715256 ], [ 3341089.226199999451637, 3076336.543499998748302 ], [ 3341051.7993, 3076507.594200000166893 ], [ 3341034.826300002634525, 3076539.288100000470877 ], [ 3341009.211800001561642, 3076598.985399998724461 ], [ 3340997.079499997198582, 3076644.4309 ], [ 3340909.1841000020504, 3076746.973499998450279 ], [ 3340828.789899997413158, 3076833.4441 ], [ 3340793.893799997866154, 3076862.167599998414516 ], [ 3340747.365800000727177, 3076864.427999999374151 ], [ 3340718.590800002217293, 3076845.395799998193979 ], [ 3340695.896899998188019, 3076831.634199999272823 ], [ 3340668.782200001180172, 3076819.002700001001358 ], [ 3340666.781900003552437, 3076818.072599999606609 ], [ 3340657.410300001502037, 3076801.960700001567602 ], [ 3340635.366499997675419, 3076793.649700000882149 ], [ 3340616.373199999332428, 3076787.719099998474121 ], [ 3340603.010899998247623, 3076788.579199999570847 ], [ 3340588.128300003707409, 3076787.999200001358986 ], [ 3340575.436099998652935, 3076777.447900000959635 ], [ 3340551.702100001275539, 3076761.236000001430511 ], [ 3340537.169600002467632, 3076755.685400001704693 ], [ 3340527.267800003290176, 3076755.965500000864267 ], [ 3340521.996899999678135, 3076762.55629999935627 ], [ 3340520.846699997782707, 3076774.977800000458956 ], [ 3340515.235699996352196, 3076787.029199998825788 ], [ 3340509.904799997806549, 3076791.629799999296665 ], [ 3340503.963699996471405, 3076791.799800001084805 ], [ 3340486.880800001323223, 3076783.338899999856949 ], [ 3340476.458999998867512, 3076783.138900000602007 ], [ 3340463.636699996888638, 3076785.469200000166893 ], [ 3340448.824199996888638, 3076787.359400000423193 ], [ 3340438.952500000596046, 3076789.119699999690056 ], [ 3340430.991099998354912, 3076787.849500000476837 ], [ 3340424.890000000596046, 3076782.568900000303984 ], [ 3340421.899599999189377, 3076763.816700000315905 ], [ 3340418.929099999368191, 3076746.04450000077486 ], [ 3340411.697899997234344, 3076735.343199998140335 ], [ 3340402.686300002038479, 3076732.1129 ], [ 3340391.844400003552437, 3076734.393199998885393 ], [ 3340380.622500002384186, 3076741.144000001251698 ], [ 3340368.520300000905991, 3076751.395300000905991 ], [ 3340356.298199996352196, 3076757.676100000739098 ], [ 3340351.627400003373623, 3076768.217300001531839 ], [ 3340345.836400002241135, 3076773.828000001609325 ], [ 3340332.034000001847744, 3076776.678399998694658 ], [ 3340324.742700003087521, 3076781.839099999517202 ], [ 3340318.70160000026226, 3076796.390799999237061 ], [ 3340313.340700000524521, 3076799.991300001740456 ], [ 3340298.498099997639656, 3076800.901399999856949 ], [ 3340291.166799999773502, 3076804.571899998933077 ], [ 3340284.355599999427795, 3076809.222500000149012 ], [ 3340275.47410000115633, 3076810.462600000202656 ], [ 3340267.462700001895428, 3076807.702300000935793 ], [ 3340254.090400002896786, 3076808.0724 ], [ 3340239.047799997031689, 3076802.041700001806021 ], [ 3340228.225900001823902, 3076804.812100000679493 ], [ 3340209.002599999308586, 3076808.812600001692772 ], [ 3340195.790200002491474, 3076815.123399998992682 ], [ 3340189.639200001955032, 3076825.694699998944998 ], [ 3340183.538099996745586, 3076838.25620000064373 ], [ 3340172.786200001835823, 3076843.5168999992311 ], [ 3340158.913800001144409, 3076843.896899998188019 ], [ 3340143.941200003027916, 3076840.336500000208616 ], [ 3340124.707900002598763, 3076825.994899999350309 ], [ 3340109.805299997329712, 3076824.914799999445677 ], [ 3340086.491300001740456, 3076824.0647 ], [ 3340071.6787, 3076826.454999998211861 ], [ 3340059.946699999272823, 3076832.235800001770258 ], [ 3340052.005300000309944, 3076831.955800000578165 ], [ 3340038.38289999961853, 3076823.404800001531839 ], [ 3340018.019400000572205, 3076821.9846 ], [ 3340004.747100003063679, 3076825.815099999308586 ], [ 3339996.055600002408028, 3076833.986099999397993 ], [ 3339992.844999998807907, 3076843.497299998998642 ], [ 3339994.985399998724461, 3076849.388000000268221 ], [ 3340005.637199997901917, 3076858.00899999961257 ], [ 3340001.686499997973442, 3076858.619100000709295 ], [ 3339983.393299996852875, 3076860.109299998730421 ], [ 3339966.520400002598763, 3076859.579300001263618 ], [ 3339928.393799997866154, 3076861.129599999636412 ], [ 3339923.89299999922514, 3076859.759399998933077 ], [ 3339912.621100001037121, 3076846.197799999266863 ], [ 3339885.766500003635883, 3076807.273200001567602 ], [ 3339872.784299999475479, 3076785.810600001364946 ], [ 3339862.002499997615814, 3076772.228999998420477 ], [ 3339846.339800000190735, 3076761.2577 ], [ 3339838.358400002121925, 3076759.497499998658895 ], [ 3339827.016400001943111, 3076761.787799999117851 ], [ 3339807.853100001811981, 3076767.7685999982059 ], [ 3339790.700099997222424, 3076775.179499998688698 ], [ 3339780.948399998247623, 3076780.900199998170137 ], [ 3339776.0675999969244, 3076783.510600000619888 ], [ 3339752.343400001525879, 3076786.15089999884367 ], [ 3339717.207299999892712, 3076788.101300001144409 ], [ 3339687.652199998497963, 3076794.862100001424551 ], [ 3339671.91950000077486, 3076799.75279999896884 ], [ 3339658.667199999094009, 3076804.573399998247623 ], [ 3339604.297700002789497, 3076810.034200001507998 ], [ 3339593.895900003612041, 3076810.324200000613928 ], [ 3339558.919799998402596, 3076818.215300001204014 ], [ 3339542.136900000274181, 3076820.665600001811981 ], [ 3339527.404399998486042, 3076826.026299998164177 ], [ 3339508.24099999666214, 3076832.007100000977516 ], [ 3339499.559500001370907, 3076840.668099999427795 ], [ 3339498.199199996888638, 3076845.168699998408556 ], [ 3339487.927400000393391, 3076868.251499999314547 ], [ 3339475.205200001597404, 3076892.404399998486042 ], [ 3339372.407200001180172, 3076939.340300001204014 ], [ 3339294.213299997150898, 3077105.570599999278784 ], [ 3339328.178800001740456, 3077258.7989999987185 ], [ 3339423.635300002992153, 3077305.264400001615286 ], [ 3339443.838699996471405, 3077336.918099999427795 ], [ 3339466.802599996328354, 3077360.580899998545647 ], [ 3339484.745700001716614, 3077381.903499998152256 ], [ 3339518.151399999856949, 3077425.108600001782179 ], [ 3339540.905299998819828, 3077459.172600001096725 ], [ 3339545.626000002026558, 3077468.963799998164177 ], [ 3339547.26630000025034, 3077474.374499998986721 ], [ 3339546.536200001835823, 3077483.815600000321865 ], [ 3339544.695799998939037, 3077488.816199999302626 ], [ 3339541.305200003087521, 3077491.886599998921156 ], [ 3339536.874499998986721, 3077492.9967 ], [ 3339520.061599999666214, 3077494.456900000572205 ], [ 3339518.541299998760223, 3077475.154599998146296 ], [ 3339481.33500000089407, 3077420.168099999427795 ], [ 3339447.88910000026226, 3077465.703699998557568 ], [ 3339376.326700001955032, 3077477.075199998915195 ], [ 3339277.519400000572205, 3077524.901200000196695 ], [ 3339303.853799998760223, 3077599.030099999159575 ], [ 3339282.400100000202656, 3077629.853799998760223 ], [ 3339271.3081, 3077641.075199998915195 ], [ 3339226.580200001597404, 3077690.881299998611212 ], [ 3339209.847300000488758, 3077713.144099999219179 ], [ 3339201.315800003707409, 3077727.265799999237061 ], [ 3339189.673699997365475, 3077754.34910000115633 ], [ 3339182.282399997115135, 3077773.8915 ], [ 3339173.230800002813339, 3077787.513099998235703 ], [ 3339170.8103, 3077789.563400000333786 ], [ 3339150.586800001561642, 3077810.936000000685453 ], [ 3339146.236000001430511, 3077815.026500001549721 ], [ 3339128.022799998521805, 3077837.329199999570847 ], [ 3339125.162299998104572, 3077841.869800001382828 ], [ 3339114.480400003492832, 3077867.943 ], [ 3339100.657899998128414, 3077923.849800001829863 ], [ 3339083.724799998104572, 3077974.875999998301268 ], [ 3339073.883000001311302, 3078013.320599999278784 ], [ 3339072.662799999117851, 3078022.771800000220537 ], [ 3339031.99549999833107, 3078129.964800000190735 ], [ 3339023.574000000953674, 3078166.379200000315905 ], [ 3339001.600100003182888, 3078196.232900001108646 ], [ 3338981.736599996685982, 3078213.1349 ], [ 3338961.492899999022484, 3078287.554000001400709 ], [ 3338936.148500002920628, 3078303.115899998694658 ], [ 3338927.866999998688698, 3078308.296599999070168 ], [ 3338923.736299999058247, 3078302.465900000184774 ], [ 3338925.616700001060963, 3078298.94539999961853 ], [ 3338936.908699996769428, 3078276.832699999213219 ], [ 3338926.796899996697903, 3078269.671900000423193 ], [ 3338891.190800003707409, 3078272.622299998998642 ], [ 3338858.194899998605251, 3078316.167700000107288 ], [ 3338830.510099999606609, 3078336.750199999660254 ], [ 3338799.874700002372265, 3078358.412900000810623 ], [ 3338780.481299996376038, 3078374.314899999648333 ], [ 3338770.629600003361702, 3078394.407299999147654 ], [ 3338785.972199998795986, 3078411.339299999177456 ], [ 3338791.923199996352196, 3078411.679299999028444 ], [ 3338794.413699999451637, 3078412.099399998784065 ], [ 3338753.516400001943111, 3078474.686999998986721 ], [ 3338735.943300001323223, 3078502.440400000661612 ], [ 3338728.862099997699261, 3078515.521999999880791 ], [ 3338726.96169999986887, 3078518.542399998754263 ], [ 3338722.961000002920628, 3078517.162200000137091 ], [ 3338707.528300002217293, 3078532.464099999517202 ], [ 3338696.096199996769428, 3078585.320500001311302 ], [ 3338680.383400000631809, 3078626.895599998533726 ], [ 3338676.122599996626377, 3078670.140799999237061 ], [ 3338660.35980000346899, 3078691.393399998545647 ], [ 3338659.399499997496605, 3078728.587900001555681 ], [ 3338662.200000002980232, 3078758.261500000953674 ], [ 3338667.26070000231266, 3078797.776200000196695 ], [ 3338668.640900000929832, 3078829.960099998861551 ], [ 3338683.843500003218651, 3078841.941500000655651 ], [ 3338697.325900003314018, 3078845.531899999827147 ], [ 3338700.466399997472763, 3078851.3926 ], [ 3338725.110500000417233, 3078900.288499999791384 ], [ 3338726.180699996650219, 3078903.238800000399351 ], [ 3338723.890299998223782, 3078910.239700000733137 ], [ 3338727.620899997651577, 3078919.550799999386072 ], [ 3338734.7820999994874, 3078945.633900001645088 ], [ 3338749.254600003361702, 3078949.194299999624491 ], [ 3338751.304999999701977, 3078951.614599999040365 ], [ 3338776.949299998581409, 3079000.980500001460314 ], [ 3338778.519599996507168, 3079003.900800000876188 ], [ 3338770.69820000231266, 3079007.591299999505281 ], [ 3338779.079599998891354, 3079024.223299998790026 ], [ 3338793.662100002169609, 3079031.744199998676777 ], [ 3338809.734899997711182, 3079039.234999999403954 ], [ 3338830.158399999141693, 3079043.135400000959635 ], [ 3338861.483900003135204, 3079046.735800001770258 ], [ 3338884.257799997925758, 3079045.615600001066923 ], [ 3338907.271799996495247, 3079053.406500000506639 ], [ 3338926.815099999308586, 3079060.817400000989437 ], [ 3338945.238300003111362, 3079063.777699999511242 ], [ 3338969.222499996423721, 3079071.048500001430511 ], [ 3338980.134400002658367, 3079071.238499999046326 ], [ 3339009.769500002264977, 3079067.458000000566244 ], [ 3339021.591600000858307, 3079064.647599998861551 ], [ 3339043.215300001204014, 3079075.95890000090003 ], [ 3339074.430699996650219, 3079075.588799998164177 ], [ 3339096.584600001573563, 3079052.185899998992682 ], [ 3339083.902400001883507, 3079041.624699998646975 ], [ 3339059.78320000320673, 3079047.740499999374151 ], [ 3339060.6184, 3079042.264800000935793 ], [ 3339061.358499996364117, 3079032.823699999600649 ], [ 3339082.062100000679493, 3079028.783100001513958 ], [ 3339136.6216000020504, 3079011.931000001728535 ], [ 3339162.156099997460842, 3079003.289799999445677 ], [ 3339196.792099997401237, 3078983.00730000063777 ], [ 3339229.557800002396107, 3078967.235300000756979 ], [ 3339270.695000000298023, 3078948.763000000268221 ], [ 3339311.882200002670288, 3078932.761 ], [ 3339321.783900000154972, 3078932.480900000780821 ], [ 3339333.715999998152256, 3078933.651000000536442 ], [ 3339355.129699997603893, 3078937.02140000090003 ], [ 3339365.221400000154972, 3078943.692200001329184 ], [ 3339394.746500000357628, 3078971.625500001013279 ], [ 3339399.917400002479553, 3078979.416400000452995 ], [ 3339405.028200000524521, 3078984.727000001817942 ], [ 3339409.648999996483326, 3078991.037799999117851 ], [ 3339424.091499999165535, 3079010.970199998468161 ], [ 3339428.772299997508526, 3079019.271099999547005 ], [ 3339438.613899998366833, 3079034.3629 ], [ 3339440.154200002551079, 3079036.303199999034405 ], [ 3339446.685199998319149, 3079075.777899999171495 ], [ 3339612.13289999961853, 3079521.341299999505281 ], [ 3339604.681500002741814, 3079592.429900001734495 ], [ 3339624.164599999785423, 3079688.0614 ], [ 3339626.845100000500679, 3079693.212000001221895 ], [ 3339634.107199996709824, 3079707.123500000685453 ], [ 3339498.276799999177456, 3080213.254000000655651 ], [ 3339442.025499999523163, 3080422.857500001788139 ], [ 3339094.295000001788139, 3081718.569200001657009 ], [ 3339097.708800002932549, 3081742.598700001835823 ], [ 3339111.844899997115135, 3081842.102099999785423 ], [ 3339118.633100003004074, 3081889.884799998253584 ], [ 3339130.383100003004074, 3081972.592700000852346 ], [ 3339132.357500001788139, 3081986.491099998354912 ], [ 3339132.6858000010252, 3081988.801899999380112 ], [ 3339133.736599996685982, 3081996.198899999260902 ], [ 3339138.605800002813339, 3082030.473299998790026 ], [ 3339139.377499997615814, 3082035.9054000005126 ], [ 3339141.999099999666214, 3082054.359499998390675 ], [ 3339146.468199998140335, 3082085.817299999296665 ], [ 3339146.595399998128414, 3082086.712799999862909 ], [ 3339240.939099997282028, 3082750.813999999314547 ], [ 3339276.140500001609325, 3082998.603399999439716 ], [ 3339412.403499998152256, 3083957.785700000822544 ], [ 3339415.376199997961521, 3083978.711199998855591 ], [ 3339420.461599998176098, 3084014.509100001305342 ], [ 3339421.754000000655651, 3084023.6064000017941 ], [ 3339423.090999998152256, 3084033.017000000923872 ], [ 3339424.419600002467632, 3084042.369699999690056 ], [ 3339427.721000000834465, 3084065.609400000423193 ], [ 3339427.9551, 3084067.256400000303984 ], [ 3339430.102700002491474, 3084082.374499998986721 ], [ 3339430.415700003504753, 3084084.5777000002563 ], [ 3339432.046800002455711, 3084096.060400001704693 ], [ 3339434.41889999806881, 3084112.758000001311302 ], [ 3339434.289800003170967, 3084115.094500001519918 ], [ 3339433.998599998652935, 3084120.363699998706579 ], [ 3339433.431400001049042, 3084130.627700001001358 ], [ 3339435.582400001585484, 3084137.010400000959635 ], [ 3339407.023699998855591, 3084143.746199999004602 ], [ 3339390.929399996995926, 3084153.107200000435114 ], [ 3339383.466099999845028, 3084170.166600000113249 ], [ 3339385.523299999535084, 3084190.924800001084805 ], [ 3339392.983199998736382, 3084209.559300001710653 ], [ 3339412.821099996566772, 3084210.005899999290705 ], [ 3339428.309199996292591, 3084196.687100000679493 ], [ 3339448.545500002801418, 3084193.653299998492002 ], [ 3339459.898100003600121, 3084209.701099999248981 ], [ 3339484.743900001049042, 3084211.9901 ], [ 3339462.630500003695488, 3084236.883200000971556 ], [ 3339458.579999998211861, 3084242.198800001293421 ], [ 3339450.668399997055531, 3084252.581599999219179 ], [ 3339442.539800003170967, 3084263.216600000858307 ], [ 3339428.22580000013113, 3084283.431099999696016 ], [ 3339418.795400001108646, 3084301.04109999909997 ], [ 3339409.022100001573563, 3084324.112399999052286 ], [ 3339402.545299999415874, 3084340.648499999195337 ], [ 3339398.108900003135204, 3084359.605700001120567 ], [ 3339399.134099997580051, 3084378.905799999833107 ], [ 3339404.924099996685982, 3084426.81810000166297 ], [ 3339406.787600003182888, 3084440.643100000917912 ], [ 3339413.454300001263618, 3084466.723999999463558 ], [ 3339419.40429999679327, 3084484.895199999213219 ], [ 3339427.303900003433228, 3084501.535000000149012 ], [ 3339442.140699997544289, 3084518.466499999165535 ], [ 3339457.590499997138977, 3084521.513799998909235 ], [ 3339496.500799998641014, 3084494.664500001817942 ], [ 3339504.508000001311302, 3084497.424199998378754 ], [ 3339517.467500001192093, 3084500.035700000822544 ], [ 3339522.475299999117851, 3084501.878100000321865 ], [ 3339595.665200002491474, 3084549.918499998748302 ], [ 3339603.644599996507168, 3084551.67790000140667 ], [ 3339615.049400001764297, 3084551.864700000733137 ], [ 3339606.491499997675419, 3084583.317299999296665 ], [ 3339617.102600000798702, 3084608.306600000709295 ], [ 3339208.712099999189377, 3085278.563099998980761 ], [ 3338804.480400003492832, 3085941.994199998676777 ], [ 3338519.219999998807907, 3086712.107900001108646 ], [ 3338272.269599996507168, 3087378.796500001102686 ], [ 3338249.209700003266335, 3087441.04280000180006 ], [ 3338232.374600000679493, 3087448.333099998533726 ], [ 3338194.414599999785423, 3087458.739199999719858 ], [ 3338152.104900002479553, 3087460.7347999997437 ], [ 3338118.202500000596046, 3087458.379200000315905 ], [ 3338100.4397, 3087585.404800001531839 ], [ 3338047.036899998784065, 3087601.671 ], [ 3337972.274800002574921, 3087604.114700000733137 ], [ 3337955.206799998879433, 3087594.468100000172853 ], [ 3337901.589900001883507, 3087595.208299998193979 ], [ 3337764.998199999332428, 3087616.858300000429153 ], [ 3337627.054200001060963, 3087642.762499999254942 ], [ 3337606.287299998104572, 3087569.638999998569489 ], [ 3337600.226300001144409, 3087641.721200000494719 ], [ 3337586.954499997198582, 3087702.609099999070168 ], [ 3337563.01860000193119, 3087808.819600000977516 ], [ 3337542.419200003147125, 3087850.044300001114607 ], [ 3337515.014700002968311, 3087889.512699998915195 ], [ 3337489.812100000679493, 3087903.978100001811981 ], [ 3337453.321900002658367, 3087918.599399998784065 ], [ 3337432.196400001645088, 3087921.714600000530481 ], [ 3337392.689400002360344, 3087922.260299999266863 ], [ 3337343.110600002110004, 3087908.827799998223782 ], [ 3337310.36599999666214, 3087888.104100000113249 ], [ 3337300.58669999986887, 3087895.297800000756979 ], [ 3337299.409599997103214, 3087912.254900000989437 ], [ 3337294.155599996447563, 3087940.561999998986721 ], [ 3337291.704099997878075, 3087967.418800000101328 ], [ 3337289.213500000536442, 3087991.452599998563528 ], [ 3337274.004799999296665, 3088014.250300001353025 ], [ 3337268.711800001561642, 3088039.734499998390675 ], [ 3337269.062700003385544, 3088065.140700001269579 ], [ 3337262.319799996912479, 3088087.821600001305342 ], [ 3337248.424500003457069, 3088103.542500000447035 ], [ 3337230.43299999833107, 3088129.201999999582767 ], [ 3337219.533699996769428, 3088157.065200001001358 ], [ 3337205.911499999463558, 3088192.546500001102686 ], [ 3337207.907300002872944, 3088234.8706 ], [ 3337219.604400001466274, 3088264.35530000180006 ], [ 3337242.452600002288818, 3088283.803800001740456 ], [ 3337262.381499998271465, 3088296.233899999409914 ], [ 3337297.519000001251698, 3088285.866500001400709 ], [ 3337334.184500001370907, 3088283.948300000280142 ], [ 3337380.648699998855591, 3088276.247900001704693 ], [ 3337396.403099998831749, 3088292.970899999141693 ], [ 3337419.758100003004074, 3088349.117199998348951 ], [ 3337454.848899997770786, 3088437.570900000631809 ], [ 3337470.0304000005126, 3088515.005699999630451 ], [ 3337472.376900002360344, 3088582.735800001770258 ], [ 3337456.630599997937679, 3088640.592199999839067 ], [ 3337431.156999997794628, 3088705.224800001829863 ], [ 3337398.938900001347065, 3088794.822200000286102 ], [ 3337394.093000002205372, 3088816.761399999260902 ], [ 3337331.612199999392033, 3089066.768699999898672 ], [ 3337291.288800001144409, 3089257.686099998652935 ], [ 3337271.977099999785423, 3089330.077100001275539 ], [ 3337249.783900000154972, 3089441.697799999266863 ], [ 3337246.379799999296665, 3089479.950599998235703 ], [ 3337195.296099998056889, 3089693.960200000554323 ], [ 3337074.496399998664856, 3090254.8081 ], [ 3337054.810099996626377, 3090349.5088 ], [ 3337030.130800001323223, 3090442.8607 ], [ 3336987.122400000691414, 3090662.09569999948144 ], [ 3336977.234099999070168, 3090734.720800001174212 ], [ 3336819.403599999845028, 3091497.779500000178814 ], [ 3336757.979000002145767, 3091739.52140000090003 ], [ 3336730.0050999969244, 3091849.616399999707937 ], [ 3336694.67849999666214, 3092041.869699999690056 ], [ 3336628.046499997377396, 3092267.206999998539686 ], [ 3336605.842299997806549, 3092414.014800000935793 ], [ 3336595.030199997127056, 3092489.133900001645088 ], [ 3336573.776399999856949, 3092544.72069999948144 ], [ 3336567.185199998319149, 3092593.476599998772144 ], [ 3336527.397900000214577, 3092731.833399999886751 ], [ 3336503.903599999845028, 3092849.927700001746416 ], [ 3336495.431999996304512, 3092920.036200001835823 ], [ 3336438.551600001752377, 3093139.162799999117851 ], [ 3336418.817800000309944, 3093285.890599999576807 ], [ 3336418.1074, 3093421.686999998986721 ], [ 3336412.386200003325939, 3093501.616599999368191 ], [ 3336371.0287000015378, 3093672.737399999052286 ], [ 3336296.805299997329712, 3093891.833999998867512 ], [ 3336255.62780000269413, 3094034.201299998909235 ], [ 3336213.710299998521805, 3094148.835299998521805 ], [ 3336151.019199997186661, 3094265.539500001817942 ], [ 3336119.30349999666214, 3094337.268300000578165 ], [ 3336102.170400001108646, 3094398.695700000971556 ], [ 3336074.725199997425079, 3094607.081000000238419 ], [ 3336060.562600001692772, 3094668.428399998694658 ], [ 3336040.218900002539158, 3094721.014800000935793 ], [ 3336013.033900000154972, 3094867.452599998563528 ], [ 3336001.341700002551079, 3094910.387800000607967 ], [ 3335955.183499999344349, 3095015.240600001066923 ], [ 3335890.591899998486042, 3095206.313799999654293 ], [ 3335831.981499999761581, 3095309.026299998164177 ], [ 3335818.529100000858307, 3095324.258200000971556 ], [ 3335785.453199997544289, 3095400.497499998658895 ], [ 3335785.083099998533726, 3095423.300299998372793 ], [ 3335806.066600002348423, 3095465.325300000607967 ], [ 3335862.035099998116493, 3095557.604600001126528 ], [ 3335866.993299998342991, 3095619.703299999237061 ], [ 3335728.243000000715256, 3095518.521899998188019 ], [ 3335738.9949000030756, 3095494.938999999314547 ], [ 3335707.949600003659725, 3095465.575500000268221 ], [ 3335706.52929999679327, 3095465.575500000268221 ], [ 3335690.116499997675419, 3095465.565600000321865 ], [ 3335674.373800002038479, 3095451.633900001645088 ], [ 3335668.312799997627735, 3095447.833500001579523 ], [ 3335656.560699999332428, 3095434.781899999827147 ], [ 3335638.82769999653101, 3095420.900299999862909 ], [ 3335625.095399998128414, 3095407.898800000548363 ], [ 3335608.282499998807907, 3095391.516800001263618 ], [ 3335592.94990000128746, 3095374.604800000786781 ], [ 3335565.325099997222424, 3095361.493299998342991 ], [ 3335541.511, 3095342.3310999982059 ], [ 3335532.809500001370907, 3095332.14979999884963 ], [ 3335506.534999996423721, 3095331.889899998903275 ], [ 3335488.981899999082088, 3095324.449000000953674 ], [ 3335469.13849999755621, 3095323.50899999961257 ], [ 3335463.447499997913837, 3095332.59010000154376 ], [ 3335450.615299999713898, 3095334.430300001055002 ], [ 3335433.2522, 3095333.920299999415874 ], [ 3335417.7195999994874, 3095327.909600000828505 ], [ 3335392.415200002491474, 3095326.6195 ], [ 3335367.380800001323223, 3095335.240600001066923 ], [ 3335346.837200000882149, 3095345.221900001168251 ], [ 3335333.825000002980232, 3095358.473499998450279 ], [ 3335317.862199999392033, 3095372.785300001502037 ], [ 3335313.361299999058247, 3095388.767200000584126 ], [ 3335305.079899996519089, 3095394.447900000959635 ], [ 3335294.487999998033047, 3095405.6393 ], [ 3335285.756499998271465, 3095412.3301 ], [ 3335271.763999998569489, 3095426.09180000051856 ], [ 3335263.61259999871254, 3095435.732999999076128 ], [ 3335256.39130000025034, 3095443.363899998366833 ], [ 3335246.199500001966953, 3095451.574999999254942 ], [ 3335226.526100002229214, 3095456.58559999987483 ], [ 3335210.713299997150898, 3095476.337999999523163 ], [ 3335167.715800002217293, 3095498.340799998492002 ], [ 3335152.903300002217293, 3095500.241099998354912 ], [ 3335136.660400003194809, 3095521.993700001388788 ], [ 3335134.46000000089407, 3095532.464999999850988 ], [ 3335131.159400001168251, 3095538.495700001716614 ], [ 3335128.408900000154972, 3095546.506700001657009 ], [ 3335126.058499999344349, 3095551.027300000190735 ], [ 3335112.126000002026558, 3095566.769200000911951 ], [ 3335107.845299996435642, 3095573.329999998211861 ], [ 3335100.894000001251698, 3095590.872099999338388 ], [ 3335089.491999998688698, 3095608.524300001561642 ], [ 3335073.749300003051758, 3095612.934900000691414 ], [ 3335065.787900000810623, 3095611.174699999392033 ], [ 3335043.874099999666214, 3095607.314300000667572 ], [ 3335027.801299996674061, 3095617.665500000119209 ], [ 3335011.58839999884367, 3095640.408300001174212 ], [ 3334998.026000000536442, 3095670.031899999827147 ], [ 3334992.164899997413158, 3095691.00450000166893 ], [ 3334976.992299996316433, 3095715.697500001639128 ], [ 3334978.402500003576279, 3095731.019400000572205 ], [ 3334977.862300001084805, 3095746.89130000025034 ], [ 3334965.460100002586842, 3095764.583399999886751 ], [ 3334957.848800003528595, 3095776.184900000691414 ], [ 3334958.288800001144409, 3095792.026799999177456 ], [ 3334962.079499997198582, 3095803.818199999630451 ], [ 3334958.91889999806881, 3095814.809500001370907 ], [ 3334952.757799997925758, 3095824.890799999237061 ], [ 3334953.147799998521805, 3095839.252500001341105 ], [ 3334954.898100003600121, 3095866.455800000578165 ], [ 3334957.528499998152256, 3095890.168600000441074 ], [ 3334953.91780000180006, 3095902.660100001841784 ], [ 3334953.977799996733665, 3095922.972600001841784 ], [ 3334959.328699998557568, 3095937.194299999624491 ], [ 3334964.619599997997284, 3095949.4358000010252 ], [ 3334965.879699997603893, 3095994.981300000101328 ], [ 3334967.780000001192093, 3096009.803100001066923 ], [ 3334968.259999997913837, 3096027.125199999660254 ], [ 3334962.678999997675419, 3096040.166700001806021 ], [ 3334957.598099999129772, 3096053.688400000333786 ], [ 3334951.656999997794628, 3096072.190600000321865 ], [ 3334952.987199999392033, 3096102.384300000965595 ], [ 3334952.987199999392033, 3096119.726399999111891 ], [ 3334958.548100002110004, 3096124.026900000870228 ], [ 3334950.91669999808073, 3096170.322500001639128 ], [ 3334943.755400002002716, 3096180.423700001090765 ], [ 3334928.102700002491474, 3096169.962499998509884 ], [ 3334914.850400000810623, 3096174.293099999427795 ], [ 3334907.209100000560284, 3096184.91440000012517 ], [ 3334905.998800002038479, 3096194.855599999427795 ], [ 3334935.934000000357628, 3096220.288600001484156 ], [ 3334957.917700000107288, 3096244.461399998515844 ], [ 3334973.920500002801418, 3096267.794199999421835 ], [ 3334979.971400000154972, 3096307.278999999165535 ], [ 3334971.999899998307228, 3096359.525299999862909 ], [ 3334967.929099999368191, 3096391.849199999123812 ], [ 3334956.156999997794628, 3096449.656199999153614 ], [ 3334939.32379999756813, 3096539.807199999690056 ], [ 3334923.880999997258186, 3096590.773299999535084 ], [ 3334881.803400002419949, 3096717.798799999058247 ], [ 3334835.665200002491474, 3096805.299499999731779 ], [ 3334804.789800003170967, 3096853.715399999171495 ], [ 3334776.074699997901917, 3096908.522100001573563 ], [ 3334754.6908999979496, 3096959.658300001174212 ], [ 3334745.829199999570847, 3097015.405099999159575 ], [ 3334754.710600003600121, 3097049.839200001209974 ], [ 3334751.259900003671646, 3097122.287999998778105 ], [ 3334732.466300003230572, 3097249.16330000013113 ], [ 3334716.5033999979496, 3097334.833700001239777 ], [ 3334683.967500001192093, 3097448.217500001192093 ], [ 3334643.950400002300739, 3097524.646800000220537 ], [ 3334599.5625, 3097585.824299998581409 ], [ 3334600.752700001001358, 3097611.067400000989437 ], [ 3334577.398400001227856, 3097716.260099999606609 ], [ 3334565.206200003623962, 3097758.725299999117851 ], [ 3334563.965800002217293, 3097803.840799998492002 ], [ 3334548.172899998724461, 3097895.951900001615286 ], [ 3334535.720600001513958, 3097947.328200001269579 ], [ 3334506.265299998223782, 3098028.918099999427795 ], [ 3334492.932899996638298, 3098066.442699998617172 ], [ 3334477.390100002288818, 3098131.300500001758337 ], [ 3334469.808700002729893, 3098162.234299998730421 ], [ 3334463.007500000298023, 3098184.706999998539686 ], [ 3334449.655100002884865, 3098221.751499999314547 ], [ 3334442.023699998855591, 3098232.362799998372793 ], [ 3334432.501999996602535, 3098264.33669999986887 ], [ 3334425.620700001716614, 3098302.191300000995398 ], [ 3334406.017200000584126, 3098328.00450000166893 ], [ 3334394.025100000202656, 3098342.206199999898672 ], [ 3334382.543099999427795, 3098357.388099998235703 ], [ 3334374.251599997282028, 3098379.920800000429153 ], [ 3334368.480599999427795, 3098368.189399998635054 ], [ 3334339.815700002014637, 3098370.959800001233816 ], [ 3334320.012199997901917, 3098371.5099 ], [ 3334304.249499998986721, 3098374.920400001108646 ], [ 3334292.507399998605251, 3098380.701099999248981 ], [ 3334289.236900001764297, 3098387.721999999135733 ], [ 3334273.26410000026226, 3098383.701499998569489 ], [ 3334251.8103, 3098396.19310000166297 ], [ 3334237.057800002396107, 3098400.073600001633167 ], [ 3334231.7368, 3098404.674100000411272 ], [ 3334213.373700000345707, 3098403.6941 ], [ 3334194.620399996638298, 3098406.694499999284744 ], [ 3334185.978900000452995, 3098416.84569999948144 ], [ 3334184.418600000441074, 3098431.757500000298023 ], [ 3334173.266599997878075, 3098440.978700000792742 ], [ 3334173.636699996888638, 3098454.340300001204014 ], [ 3334166.555399999022484, 3098466.931800000369549 ], [ 3334155.233400002121925, 3098487.554299999028444 ], [ 3334152.682899996638298, 3098502.986200001090765 ], [ 3334143.17119999974966, 3098517.618000000715256 ], [ 3334138.3904, 3098523.698699999600649 ], [ 3334135.019799999892712, 3098527.269200000911951 ], [ 3334133.029399998486042, 3098526.829100001603365 ], [ 3334120.527199998497963, 3098540.540800001472235 ], [ 3334115.826399996876717, 3098550.092000000178814 ], [ 3334114.856200002133846, 3098568.454199999570847 ], [ 3334114.946199998259544, 3098589.756799999624491 ], [ 3334120.897200003266335, 3098607.929000001400709 ], [ 3334125.17790000140667, 3098619.200300000607967 ], [ 3334135.099600002169609, 3098619.420299999415874 ], [ 3334117.126400001347065, 3098632.802000001072884 ], [ 3334110.445299997925758, 3098641.913100000470877 ], [ 3334109.225000001490116, 3098651.844300001859665 ], [ 3334110.505199998617172, 3098662.225600000470877 ], [ 3334118.246500000357628, 3098672.906800001859665 ], [ 3334117.43639999628067, 3098679.86769999936223 ], [ 3334118.346500001847744, 3098694.709499999880791 ], [ 3334123.097300000488758, 3098705.480700001120567 ], [ 3334130.158500000834465, 3098709.7412 ], [ 3334131.368699997663498, 3098717.632199998944998 ], [ 3334134.519299998879433, 3098723.993000000715256 ], [ 3334144.480999998748302, 3098725.703099999576807 ], [ 3334164.414399996399879, 3098729.60359999909997 ], [ 3334151.532200001180172, 3098729.963599998503923 ], [ 3334143.340700000524521, 3098738.614700000733137 ], [ 3334147.141400001943111, 3098750.406100001186132 ], [ 3334165.144400000572205, 3098774.178899999707937 ], [ 3334179.586900003254414, 3098794.591400001198053 ], [ 3334198.010099999606609, 3098815.893899999558926 ], [ 3334212.412500001490116, 3098834.806200001388788 ], [ 3334232.295900002121925, 3098855.078600000590086 ], [ 3334258.360399998724461, 3098865.749800000339746 ], [ 3334275.583400003612041, 3098879.141399998217821 ], [ 3334286.065200001001358, 3098881.831700000911951 ], [ 3334296.847099997103214, 3098877.561099998652935 ], [ 3334296.967000000178814, 3098899.853799998760223 ], [ 3334308.708999998867512, 3098912.425299998372793 ], [ 3334328.922499999403954, 3098926.717000000178814 ], [ 3334355.74719999730587, 3098920.036200001835823 ], [ 3334347.465700000524521, 3098934.137800000607967 ], [ 3334350.636200003325939, 3098941.478700000792742 ], [ 3334356.677299998700619, 3098944.779100000858307 ], [ 3334359.897799998521805, 3098953.620200000703335 ], [ 3334359.627700001001358, 3098961.561099998652935 ], [ 3334360.307899996638298, 3098968.471999999135733 ], [ 3334364.308499999344349, 3098969.852099999785423 ], [ 3334363.918499998748302, 3098973.822599999606609 ], [ 3334350.116099998354912, 3098976.182900000363588 ], [ 3334345.965300001204014, 3098987.204300001263618 ], [ 3334354.246699996292591, 3099000.345800001174212 ], [ 3334359.927699998021126, 3099008.616799999028444 ], [ 3334359.587600000202656, 3099014.077500000596046 ], [ 3334357.79730000346899, 3099021.058299999684095 ], [ 3334355.596900001168251, 3099031.029500000178814 ], [ 3334343.044699996709824, 3099042.780999999493361 ], [ 3334335.383299998939037, 3099052.902199998497963 ], [ 3334333.853000000119209, 3099068.794100001454353 ], [ 3334344.504900000989437, 3099077.915199998766184 ], [ 3334349.205700002610683, 3099086.706300001591444 ], [ 3334346.295100003480911, 3099088.7665 ], [ 3334339.343900002539158, 3099088.466499999165535 ], [ 3334336.623400002717972, 3099097.467599999159575 ], [ 3334336.46339999884367, 3099109.859099999070168 ], [ 3334330.302299998700619, 3099119.930300001055002 ], [ 3334331.102399997413158, 3099130.811599999666214 ], [ 3334323.9912, 3099142.403099998831749 ], [ 3334318.810199998319149, 3099151.964200001209974 ], [ 3334316.049699999392033, 3099159.97520000115037 ], [ 3334309.918600000441074, 3099171.036499999463558 ], [ 3334304.357699997723103, 3099185.068300001323223 ], [ 3334297.326399996876717, 3099199.629999998956919 ], [ 3334288.344800002872944, 3099215.241900000721216 ], [ 3334279.6233000010252, 3099222.412799999117851 ], [ 3334271.681900002062321, 3099239.984999999403954 ], [ 3334265.630800001323223, 3099254.026700001209974 ], [ 3334260.189800001680851, 3099254.176699999719858 ], [ 3334247.597599998116493, 3099264.927999999374151 ], [ 3334241.206500001251698, 3099284.430399999022484 ], [ 3334240.606299996376038, 3099298.812199998646975 ], [ 3334234.60530000180006, 3099314.844099998474121 ], [ 3334225.333599999547005, 3099320.044799998402596 ], [ 3334213.45160000026226, 3099320.374800000339746 ], [ 3334200.579300001263618, 3099320.734900001436472 ], [ 3334189.197400003671646, 3099321.545000001788139 ], [ 3334182.88629999756813, 3099326.185600001364946 ], [ 3334175.854999996721745, 3099340.247299998998642 ], [ 3334176.215000003576279, 3099353.608899999409914 ], [ 3334178.815499998629093, 3099357.999499998986721 ], [ 3334186.806900002062321, 3099360.259700000286102 ], [ 3334199.089000001549721, 3099356.449200000613928 ], [ 3334214.421700000762939, 3099355.529100000858307 ], [ 3334227.994000002741814, 3099362.089800000190735 ], [ 3334238.215700000524521, 3099373.701200000941753 ], [ 3334244.506800003349781, 3099385.91270000115037 ], [ 3334248.297399997711182, 3099397.704100001603365 ], [ 3334251.358000002801418, 3099401.084499999880791 ], [ 3334254.098399996757507, 3099410.425599999725819 ], [ 3334255.748700000345707, 3099416.326299998909235 ], [ 3334256.368699997663498, 3099438.598999999463558 ], [ 3334253.368199996650219, 3099455.531100001186132 ], [ 3334252.878100000321865, 3099473.383200000971556 ], [ 3334238.70549999922514, 3099498.546300001442432 ], [ 3334210.150499999523163, 3099523.119300000369549 ], [ 3334179.815200001001358, 3099537.341099999845028 ], [ 3334158.601599998772144, 3099540.901599999517202 ], [ 3334147.399599999189377, 3099547.652399998158216 ], [ 3334131.796899996697903, 3099557.003600001335144 ], [ 3334131.516800001263618, 3099564.934599999338388 ], [ 3334130.986699998378754, 3099581.306499999016523 ], [ 3334136.257600001990795, 3099593.05799999833107 ], [ 3334152.210299998521805, 3099614.410500001162291 ], [ 3334172.243699997663498, 3099640.123599998652935 ], [ 3334193.877400003373623, 3099669.757100000977516 ], [ 3334228.563299998641014, 3099705.461300000548363 ], [ 3334265.699699997901917, 3099740.105399999767542 ], [ 3334311.317500002682209, 3099776.999800000339746 ], [ 3334357.575400002300739, 3099819.324799999594688 ], [ 3334375.008400000631809, 3099840.147199999541044 ], [ 3334379.469099998474121, 3099858.349399998784065 ], [ 3334382.199500001966953, 3099903.364900000393391 ], [ 3334378.598800003528595, 3099952.520799998193979 ], [ 3334367.206699997186661, 3100006.357299998402596 ], [ 3334354.194300003349781, 3100037.431099999696016 ], [ 3334335.520999997854233, 3100078.576099999248981 ], [ 3334323.058799996972084, 3100111.630199998617172 ], [ 3334303.885300002992153, 3100171.117400001734495 ], [ 3334292.653300002217293, 3100195.220300000160933 ], [ 3334285.942100003361702, 3100221.163499999791384 ], [ 3334275.430200003087521, 3100235.335200000554323 ], [ 3334261.4978, 3100251.087200000882149 ], [ 3334256.716899998486042, 3100275.4901 ], [ 3334259.487300001084805, 3100285.8114 ], [ 3334263.728100001811981, 3100295.612500000745058 ], [ 3334255.966700002551079, 3100319.605500001460314 ], [ 3334240.704000003635883, 3100341.338100001215935 ], [ 3334224.391099996864796, 3100360.62049999833107 ], [ 3334212.538999997079372, 3100379.782800000160933 ], [ 3334205.017700001597404, 3100394.844700001180172 ], [ 3334188.864799998700619, 3100401.735500000417233 ], [ 3334165.820799998939037, 3100410.796700000762939 ], [ 3334158.269500002264977, 3100424.378400001674891 ], [ 3334157.619300000369549, 3100436.789900001138449 ], [ 3334146.117299996316433, 3100450.981600001454353 ], [ 3334141.026399999856949, 3100464.003199998289347 ], [ 3334141.956500001251698, 3100479.344999998807907 ], [ 3334151.298100002110004, 3100494.936900001019239 ], [ 3334172.661700002849102, 3100532.501400001347065 ], [ 3334189.80460000038147, 3100561.264800000935793 ], [ 3334233.122000001370907, 3100604.649999998509884 ], [ 3334249.694899998605251, 3100612.620900001376867 ], [ 3334278.629900000989437, 3100619.7516999989748 ], [ 3334320.187100000679493, 3100617.111299999058247 ], [ 3334391.279500000178814, 3100607.709899999201298 ], [ 3334451.099899999797344, 3100602.589200001209974 ], [ 3334502.518799997866154, 3100598.6886 ], [ 3334541.925599999725819, 3100608.00959999859333 ], [ 3334612.547799997031689, 3100635.282699998468161 ], [ 3334664.366700001060963, 3100645.743900001049042 ], [ 3334697.162399999797344, 3100648.794199999421835 ], [ 3334784.037500001490116, 3100636.982500001788139 ], [ 3334879.85419999808073, 3100625.410900000482798 ], [ 3334903.608300000429153, 3100624.26069999858737 ], [ 3334916.92059999704361, 3100621.910399999469519 ], [ 3334910.239500001072884, 3100613.169399999082088 ], [ 3334908.969300001859665, 3100603.2982 ], [ 3334911.089699998497963, 3100590.366599999368191 ], [ 3334918.1908999979496, 3100578.275100000202656 ], [ 3334931.233199998736382, 3100566.013599999248981 ], [ 3334945.145700000226498, 3100549.781599998474121 ], [ 3334944.765600003302097, 3100535.9199 ], [ 3334942.765299998223782, 3100517.147700000554323 ], [ 3334948.746399998664856, 3100500.625700000673532 ], [ 3334962.018700003623962, 3100496.795200001448393 ], [ 3334974.660899996757507, 3100505.856199998408556 ], [ 3334975.560999996960163, 3100520.197999998927116 ], [ 3334984.472599998116493, 3100519.947900000959635 ], [ 3334989.053400002419949, 3100488.614100001752377 ], [ 3335009.556999996304512, 3100477.6327 ], [ 3335033.961300000548363, 3100464.081000000238419 ], [ 3335047.453599996864796, 3100450.3293999992311 ], [ 3335062.486299999058247, 3100438.517900001257658 ], [ 3335076.10869999974966, 3100429.226700000464916 ], [ 3335086.250399999320507, 3100420.015599999576807 ], [ 3335122.476800002157688, 3100403.663499999791384 ], [ 3335155.342500001192093, 3100391.852000001817942 ], [ 3335154.692500002682209, 3100332.414799999445677 ], [ 3335205.821400001645088, 3100317.622900001704693 ], [ 3335278.6841000020504, 3100300.740699999034405 ], [ 3335373.890600003302097, 3100303.0608000010252 ], [ 3335477.808499999344349, 3100333.884300000965595 ], [ 3335521.17339999973774, 3100364.299199998378754 ], [ 3335307.678900003433228, 3100517.380199998617172 ], [ 3335181.013599999248981, 3100800.673300001770258 ], [ 3335080.045100003480911, 3101078.062800001353025 ], [ 3334766.789099998772144, 3101052.188900001347065 ], [ 3334727.793600000441074, 3101039.8838 ], [ 3334682.028800003230572, 3101033.218899998813868 ], [ 3334631.186700001358986, 3101040.5801 ], [ 3334605.828299999237061, 3101055.154899999499321 ], [ 3334575.702500000596046, 3101076.790300000458956 ], [ 3334554.008500002324581, 3101098.704700000584126 ], [ 3334527.339699998497963, 3101137.595400001853704 ], [ 3334414.264200001955032, 3101259.634199999272823 ], [ 3334365.461800001561642, 3101322.423700001090765 ], [ 3334291.082099996507168, 3101428.037099998444319 ], [ 3334181.652800001204014, 3101627.775400001555681 ], [ 3334121.696900002658367, 3101753.3092 ], [ 3333992.983000002801418, 3102079.927099999040365 ], [ 3333878.570600003004074, 3102332.315600000321865 ], [ 3333805.264200001955032, 3102530.553599998354912 ], [ 3333739.859200000762939, 3102655.733600001782179 ], [ 3333679.651600003242493, 3102736.184099998325109 ], [ 3333601.244599997997284, 3102803.757100000977516 ], [ 3333520.561700001358986, 3102860.493500001728535 ], [ 3333483.251800000667572, 3102872.926199998706579 ], [ 3333451.975500002503395, 3102870.8108000010252 ], [ 3333439.324600003659725, 3102879.093299999833107 ], [ 3333429.028300002217293, 3102883.346000000834465 ], [ 3333398.705600000917912, 3102861.879999998956919 ], [ 3333381.826200000941753, 3102824.696899998933077 ], [ 3333341.031800001859665, 3102783.21000000089407 ], [ 3333326.720100000500679, 3102767.260499998927116 ], [ 3333315.276500001549721, 3102765.589699998497963 ], [ 3333304.606100000441074, 3102773.816700000315905 ], [ 3333299.085199996829033, 3102789.331599999219179 ], [ 3333301.908100001513958, 3102801.639499999582767 ], [ 3333319.755300000309944, 3102819.977099999785423 ], [ 3333329.046400003135204, 3102833.589899998158216 ], [ 3333331.42960000038147, 3102847.892000000923872 ], [ 3333327.60249999910593, 3102870.791600000113249 ], [ 3333321.119199998676777, 3102887.324299998581409 ], [ 3333309.967299997806549, 3102896.0504 ], [ 3333302.901600003242493, 3102909.13120000064373 ], [ 3333302.771600000560284, 3102922.512800000607967 ], [ 3333284.493600003421307, 3102924.502099998295307 ], [ 3333279.338899999856949, 3102935.05180000141263 ], [ 3333276.636100001633167, 3102945.037200000137091 ], [ 3333275.442400000989437, 3102955.47580000013113 ], [ 3333267.136200003325939, 3102959.662799999117851 ], [ 3333255.915100000798702, 3102965.923300001770258 ], [ 3333245.096000000834465, 3102969.199700001627207 ], [ 3333232.347599998116493, 3102974.006799999624491 ], [ 3333224.111199997365475, 3102980.679099999368191 ], [ 3333219.974500000476837, 3102992.191199999302626 ], [ 3333223.694399997591972, 3103001.500999998301268 ], [ 3333237.173600003123283, 3103005.08669999986887 ], [ 3333253.142700001597404, 3103009.107999999076128 ], [ 3333266.875799998641014, 3103022.100699998438358 ], [ 3333269.768100000917912, 3103036.88399999961257 ], [ 3333282.243500001728535, 3103040.012200001627207 ], [ 3333296.51860000193119, 3103036.638900000602007 ], [ 3333309.13289999961853, 3103044.718100000172853 ], [ 3333323.402800001204014, 3103059.182300001382828 ], [ 3333320.793200001120567, 3103072.137899998575449 ], [ 3333303.153300002217293, 3103115.244100000709295 ], [ 3333290.39469999819994, 3103191.400499999523163 ], [ 3333284.036200001835823, 3103248.063499998301268 ], [ 3333259.403499998152256, 3103378.559999998658895 ], [ 3333235.993600003421307, 3103445.600900001823902 ], [ 3333199.085299998521805, 3103526.388300001621246 ], [ 3333188.409999996423721, 3103552.4527000002563 ], [ 3333172.672200001776218, 3103574.685199998319149 ], [ 3333147.957900002598763, 3103576.855099998414516 ], [ 3333126.653800003230572, 3103576.9474 ], [ 3333096.521099999547005, 3103580.260299999266863 ], [ 3333078.201899997889996, 3103580.774300001561642 ], [ 3333050.901000000536442, 3103579.05290000140667 ], [ 3333040.234399996697903, 3103587.7654 ], [ 3333031.697400003671646, 3103601.382800001651049 ], [ 3333026.588500000536442, 3103613.912999998778105 ], [ 3333034.89919999986887, 3103627.553199999034405 ], [ 3333047.610399998724461, 3103639.087999999523163 ], [ 3333066.920000001788139, 3103638.556200001388788 ], [ 3333078.196800000965595, 3103634.285900000482798 ], [ 3333090.463500000536442, 3103629.977899998426437 ], [ 3333102.05969999730587, 3103637.0945999994874 ], [ 3333107.648900002241135, 3103642.388099998235703 ], [ 3333141.714699998497963, 3103637.973900001496077 ], [ 3333132.201200000941753, 3103687.788400001823902 ], [ 3333094.520199999213219, 3103794.362100001424551 ], [ 3333017.039599999785423, 3103966.949499998241663 ], [ 3332980.474500000476837, 3104042.28660000115633 ], [ 3332950.526500001549721, 3104097.3103 ], [ 3332921.066299997270107, 3104151.441700000315905 ], [ 3332899.322499997913837, 3104189.206399999558926 ], [ 3332906.10360000282526, 3104201.407800000160933 ], [ 3332888.780599996447563, 3104201.887899998575449 ], [ 3332878.478799998760223, 3104206.138399999588728 ], [ 3332866.236699998378754, 3104211.429099999368191 ], [ 3332854.554700002074242, 3104218.690000001341105 ], [ 3332852.86429999768734, 3104229.14130000025034 ], [ 3332855.154700003564358, 3104240.472699999809265 ], [ 3332862.325900003314018, 3104248.693599998950958 ], [ 3332866.736599996685982, 3104282.7577 ], [ 3332863.755999997258186, 3104318.522100001573563 ], [ 3332856.93469999730587, 3104358.346900001168251 ], [ 3332842.061999998986721, 3104411.773400001227856 ], [ 3332839.0515, 3104437.371500000357628 ], [ 3332801.774800002574921, 3104531.798000000417233 ], [ 3332802.14469999819994, 3104580.83390000090003 ], [ 3332779.97070000320673, 3104638.921 ], [ 3332766.688400000333786, 3104677.935699999332428 ], [ 3332746.124600000679493, 3104740.443300001323223 ], [ 3332712.398599997162819, 3104811.241999998688698 ], [ 3332662.80969999730587, 3104934.987100001424551 ], [ 3332637.605200000107288, 3104991.183899998664856 ], [ 3332627.003300003707409, 3105019.707400001585484 ], [ 3332588.876500003039837, 3105109.958399999886751 ], [ 3332577.644400000572205, 3105169.715599998831749 ], [ 3332595.797499999403954, 3105216.781300000846386 ], [ 3332627.462899997830391, 3105233.243200000375509 ], [ 3332616.250900000333786, 3105257.836199998855591 ], [ 3332597.549599997699261, 3105262.3141999989748 ], [ 3332572.243699997663498, 3105296.706000000238419 ], [ 3332550.093299999833107, 3105373.61939999833703 ], [ 3332509.772200003266335, 3105509.992800001055002 ], [ 3332483.096900001168251, 3105620.228900000452995 ], [ 3332466.374099999666214, 3105714.330699998885393 ], [ 3332463.588600002229214, 3105792.6919 ], [ 3332465.930500000715256, 3105841.181400001049042 ], [ 3332464.953599996864796, 3105895.709499999880791 ], [ 3332466.101800002157688, 3105918.963899999856949 ], [ 3332479.626500003039837, 3105924.539700001478195 ], [ 3332501.166000001132488, 3105932.863499999046326 ], [ 3332518.933899998664856, 3105930.38289999961853 ], [ 3332519.1743, 3105974.967599999159575 ], [ 3332493.327799998223782, 3105971.719399999827147 ], [ 3332467.799800001084805, 3105962.516699999570847 ], [ 3332447.843000002205372, 3105957.626800000667572 ], [ 3332439.014399997889996, 3105960.837499998509884 ], [ 3332427.63629999756813, 3105979.488899998366833 ], [ 3332414.060199998319149, 3106008.101199999451637 ], [ 3332403.719099998474121, 3106046.046399999409914 ], [ 3332390.286399997770786, 3106115.777800001204014 ], [ 3332376.433499999344349, 3106205.844799999147654 ], [ 3332367.271999999880791, 3106268.519799999892712 ], [ 3332367.38740000128746, 3106308.648600000888109 ], [ 3332341.003799997270107, 3106357.934000000357628 ], [ 3332309.332099996507168, 3106430.654500000178814 ], [ 3332294.969800002872944, 3106484.557100001722574 ], [ 3332286.507100000977516, 3106536.817499998956919 ], [ 3332278.460199996829033, 3106622.251899998635054 ], [ 3332268.873599998652935, 3106687.425599999725819 ], [ 3332267.453400000929832, 3106743.451999999582767 ], [ 3332267.407399997115135, 3106795.475999999791384 ], [ 3332267.486100003123283, 3106816.282900001853704 ], [ 3332235.791199997067451, 3106870.6721 ], [ 3332218.338200002908707, 3106884.033700000494719 ], [ 3332181.031599998474121, 3106932.629700001329184 ], [ 3332148.39580000191927, 3107006.85869999974966 ], [ 3332101.787399999797344, 3107112.691599998623133 ], [ 3332075.842799998819828, 3107177.809599999338388 ], [ 3332064.380699999630451, 3107229.165800001472235 ], [ 3332061.870200000703335, 3107263.420000001788139 ], [ 3332057.429300002753735, 3107300.2043999992311 ], [ 3332045.1570999994874, 3107322.347100000828505 ], [ 3332022.473099999129772, 3107343.779800001531839 ], [ 3331999.409100003540516, 3107369.68299999833107 ], [ 3331966.293200001120567, 3107408.757800001651049 ], [ 3331933.067400000989437, 3107461.204199999570847 ], [ 3331879.5779, 3107551.375199999660254 ], [ 3331836.960299998521805, 3107622.903999999165535 ], [ 3331795.482900001108646, 3107717.195500001311302 ], [ 3331722.989799998700619, 3107944.133099999278784 ], [ 3331718.288999997079372, 3107953.674199998378754 ], [ 3331686.407700002193451, 3108018.476300001144409 ], [ 3331642.846199996769428, 3108127.191399998962879 ], [ 3331636.290500000119209, 3108194.756000000983477 ], [ 3331630.165399998426437, 3108277.657299999147654 ], [ 3331629.208499997854233, 3108350.514400001615286 ], [ 3331628.215300001204014, 3108439.722199998795986 ], [ 3331602.373099997639656, 3108687.168200001120567 ], [ 3331581.882600001990795, 3108841.8158 ], [ 3331545.601400002837181, 3109052.385800000280142 ], [ 3331504.433799996972084, 3109193.741099998354912 ], [ 3331454.452500000596046, 3109392.804299999028444 ], [ 3331423.814800001680851, 3109466.969500001519918 ], [ 3331381.277800001204014, 3109612.8213 ], [ 3331331.625, 3109751.92680000141263 ], [ 3331302.75959999859333, 3109818.620299998670816 ], [ 3331280.472300000488758, 3109854.907600000500679 ], [ 3331254.719899997115135, 3109872.961100000888109 ], [ 3331240.547399997711182, 3109880.285300001502037 ], [ 3331228.582299999892712, 3109877.648699998855591 ], [ 3331196.318800002336502, 3109875.562600001692772 ], [ 3331145.16950000077486, 3109871.043999999761581 ], [ 3331099.099799998104572, 3109871.327399998903275 ], [ 3331069.237899996340275, 3109884.542100001126528 ], [ 3331049.287500001490116, 3109897.478399999439716 ], [ 3331025.797600001096725, 3109925.872600000351667 ], [ 3331015.332699999213219, 3109959.360500000417233 ], [ 3331009.202100001275539, 3109988.7533 ], [ 3330997.451099999248981, 3110011.377900000661612 ], [ 3331001.393299996852875, 3110028.607200000435114 ], [ 3331014.246799997985363, 3110045.586399998515844 ], [ 3331014.057599999010563, 3110056.4912 ], [ 3331016.375900000333786, 3110068.821800000965595 ], [ 3331019.958099998533726, 3110090.520199999213219 ], [ 3331026.403499998152256, 3110108.670099999755621 ], [ 3331015.067900002002716, 3110128.795800000429153 ], [ 3331022.29110000282526, 3110139.006900001317263 ], [ 3331029.689300000667572, 3110137.808299999684095 ], [ 3331042.9309, 3110132.97749999910593 ], [ 3331051.462999999523163, 3110118.875500001013279 ], [ 3331056.487199999392033, 3110121.707100000232458 ], [ 3331048.44650000333786, 3110135.309500001370907 ], [ 3331053.892200000584126, 3110135.156599998474121 ], [ 3331048.155599996447563, 3110160.584699999541044 ], [ 3331035.807499997317791, 3110197.583599999547005 ], [ 3331025.366099998354912, 3110249.897100001573563 ], [ 3330995.958999998867512, 3110297.283700000494719 ], [ 3330980.153899997472763, 3110317.039599999785423 ], [ 3330971.70160000026226, 3110333.626200001686811 ], [ 3330981.821000002324581, 3110359.104200001806021 ], [ 3330981.964000001549721, 3110364.550000000745058 ], [ 3330983.015299998223782, 3110384.337699998170137 ], [ 3330988.41610000282526, 3110436.206000000238419 ], [ 3330986.906000003218651, 3110452.199700001627207 ], [ 3330983.815700002014637, 3110484.892000000923872 ], [ 3330960.691600002348423, 3110526.647199999541044 ], [ 3330938.537699997425079, 3110567.392099998891354 ], [ 3330896.670299999415874, 3110612.147599998861551 ], [ 3330859.163699999451637, 3110652.822700001299381 ], [ 3330815.236000001430511, 3110694.657800000160933 ], [ 3330725.990299999713898, 3110781.858600001782179 ], [ 3330716.01860000193119, 3110797.490499999374151 ], [ 3330717.238799996674061, 3110805.881499998271465 ], [ 3330673.041000001132488, 3110837.825500000268221 ], [ 3330650.69709999859333, 3110853.797499999403954 ], [ 3330642.195600003004074, 3110868.899300001561642 ], [ 3330634.054200001060963, 3110879.030499998480082 ], [ 3330631.48369999974966, 3110893.46229999884963 ], [ 3330632.553800001740456, 3110914.244800001382828 ], [ 3330629.733199998736382, 3110955.439800001680851 ], [ 3330627.362700000405312, 3110995.144600000232458 ], [ 3330615.480599999427795, 3111048.971099998801947 ], [ 3330600.007700003683567, 3111116.289299998432398 ], [ 3330588.515600003302097, 3111184.477600000798702 ], [ 3330579.273900002241135, 3111226.352699998766184 ], [ 3330579.844099998474121, 3111238.643800001591444 ], [ 3330580.494000002741814, 3111252.575800001621246 ], [ 3330582.854299999773502, 3111284.219700001180172 ], [ 3330591.035700000822544, 3111311.232900001108646 ], [ 3330600.447300001978874, 3111346.647199999541044 ], [ 3330611.00900000333786, 3111370.129999998956919 ], [ 3330628.351999998092651, 3111405.824299998581409 ], [ 3330638.053599998354912, 3111434.28770000115037 ], [ 3330637.433399997651577, 3111447.679299999028444 ], [ 3330630.332099996507168, 3111477.602899998426437 ], [ 3330614.039200000464916, 3111515.207499999552965 ], [ 3330594.189000003039837, 3111560.613699998706579 ], [ 3330614.24040000140667, 3111673.848200000822544 ], [ 3330468.189900003373623, 3112094.93299999833107 ], [ 3330202.482100002467632, 3112926.761100001633167 ], [ 3330204.774899996817112, 3112943.93129999935627 ], [ 3330212.766199998557568, 3112999.688000001013279 ], [ 3330219.557300001382828, 3113048.053800001740456 ], [ 3330228.738799996674061, 3113075.537099998444319 ], [ 3330247.872100003063679, 3113086.408399999141693 ], [ 3330286.608800001442432, 3113089.788699999451637 ], [ 3330332.036700002849102, 3113084.067899998277426 ], [ 3330349.699799999594688, 3113078.1272 ], [ 3330361.861900001764297, 3113069.866099998354912 ], [ 3330406.909800000488758, 3113050.783700000494719 ], [ 3330466.599299997091293, 3113131.684300001710653 ], [ 3330583.463600002229214, 3113044.138099998235703 ], [ 3330627.772699996829033, 3112950.575100000947714 ], [ 3330659.500399999320507, 3112900.954799998551607 ], [ 3330765.341399997472763, 3112881.754799999296665 ], [ 3330896.461099997162819, 3112885.523499999195337 ], [ 3330959.60080000013113, 3112887.516600001603365 ], [ 3331061.893700003623962, 3112897.397199999541044 ], [ 3331134.498599998652935, 3112894.147399999201298 ], [ 3331240.555299997329712, 3112879.761199999600649 ], [ 3331412.764700002968311, 3112934.714699998497963 ], [ 3331413.304499998688698, 3113055.187600001692772 ], [ 3331470.420900002121925, 3113139.389699999243021 ], [ 3331543.885300002992153, 3113155.382800001651049 ], [ 3331606.378200002014637, 3113142.947900000959635 ], [ 3331762.986900001764297, 3113174.50279999896884 ], [ 3332078.781999997794628, 3113295.339200001209974 ], [ 3332235.708499997854233, 3113385.817299999296665 ], [ 3332263.841099999845028, 3113392.668499998748302 ], [ 3332470.356899999082088, 3113491.746599998325109 ], [ 3332470.665700003504753, 3113491.102099999785423 ], [ 3332551.099299997091293, 3113461.659800000488758 ], [ 3332687.263700000941753, 3113454.317499998956919 ], [ 3332767.061899997293949, 3113408.581900000572205 ], [ 3332937.0044, 3113413.044300001114607 ], [ 3333056.043399997055531, 3113464.812399998307228 ], [ 3333131.744699999690056, 3113497.734200000762939 ], [ 3333473.520300000905991, 3113413.203400000929832 ], [ 3333502.826200000941753, 3113385.635299999266863 ], [ 3333624.792900003492832, 3113270.902699999511242 ], [ 3333692.512599997222424, 3113090.154399998486042 ], [ 3333789.260499998927116, 3113016.556499999016523 ], [ 3333890.776600003242493, 3112981.907400000840425 ], [ 3333946.647200003266335, 3112943.268500000238419 ], [ 3333896.177199997007847, 3112831.046700000762939 ], [ 3333798.374700002372265, 3112745.033500000834465 ], [ 3333819.896200001239777, 3112683.825300000607967 ], [ 3333968.746799997985363, 3112622.966600000858307 ], [ 3334115.29900000244379, 3112646.560499999672174 ], [ 3334271.784999996423721, 3112757.073800001293421 ], [ 3334389.722699999809265, 3112825.361999999731779 ], [ 3334405.173900000751019, 3112822.626499999314547 ], [ 3334534.496200002729893, 3112859.1706000007689 ], [ 3334627.482199996709824, 3112925.458399999886751 ], [ 3334720.168200001120567, 3112998.187199998646975 ], [ 3334802.622100003063679, 3113167.317200001329184 ], [ 3334857.621100001037121, 3113364.460900001227856 ], [ 3334880.901399999856949, 3113521.479800000786781 ], [ 3334964.982799999415874, 3113634.728000000119209 ], [ 3335046.593299999833107, 3113870.110800001770258 ], [ 3335081.820600003004074, 3113971.714999999850988 ], [ 3335250.098800003528595, 3114157.00560000166297 ], [ 3335591.187700003385544, 3114493.652499999850988 ], [ 3335650.649400003254414, 3114531.421999998390675 ], [ 3335799.332000002264977, 3114628.135499998927116 ], [ 3335963.5371999964118, 3114707.082299999892712 ], [ 3336191.134499996900558, 3114684.4529 ], [ 3336230.055399999022484, 3114679.904800001531839 ], [ 3336269.434199996292591, 3114673.563700001686811 ], [ 3336325.6382, 3114661.6283 ], [ 3336559.741999998688698, 3114611.899700000882149 ], [ 3337007.1233000010252, 3114494.555300001055002 ], [ 3337317.999300003051758, 3114538.76969999819994 ], [ 3337637.04389999806881, 3114437.682100001722574 ], [ 3337897.929099999368191, 3114336.006299998611212 ], [ 3337927.616700001060963, 3114324.436299998313189 ], [ 3338238.766500003635883, 3114245.291999999433756 ], [ 3338318.559299997985363, 3114306.2456 ], [ 3338355.077500000596046, 3114277.843199998140335 ], [ 3338514.174500003457069, 3114154.0760000012815 ], [ 3338609.599500000476837, 3114079.83219999819994 ], [ 3338634.590199999511242, 3114060.383499998599291 ], [ 3338641.851599998772144, 3114054.741300001740456 ], [ 3338727.594899997115135, 3113988.020399998873472 ], [ 3338768.908900000154972, 3113955.888999998569489 ], [ 3338789.043700002133846, 3113940.217500001192093 ], [ 3338837.648900002241135, 3113902.396699998527765 ], [ 3338850.915899999439716, 3113892.077300000935793 ], [ 3339376.515600003302097, 3113708.089999999850988 ], [ 3339496.407700002193451, 3113669.212799999862909 ], [ 3339537.883900001645088, 3113655.756000000983477 ], [ 3339718.171599999070168, 3113683.874400001019239 ], [ 3339959.48480000346899, 3113564.370200000703335 ], [ 3340277.11710000038147, 3113364.321699999272823 ], [ 3340279.968500003218651, 3113364.336899999529123 ], [ 3340381.967100001871586, 3113364.879599999636412 ], [ 3340544.412000000476837, 3113468.310199998319149 ], [ 3340664.693400003015995, 3113586.578600000590086 ], [ 3340791.013099998235703, 3113853.655600000172853 ], [ 3340795.266400001943111, 3114119.293699998408556 ], [ 3340843.796899996697903, 3114301.1349 ], [ 3341036.86429999768734, 3114412.595600001513958 ], [ 3341303.583999998867512, 3114542.503800000995398 ], [ 3341349.464500002563, 3114483.5016999989748 ], [ 3341421.677299998700619, 3114472.292700000107288 ], [ 3341720.762299999594688, 3114193.895500000566244 ], [ 3342482.848700001835823, 3114445.677999999374151 ], [ 3342735.417000003159046, 3114529.13230000063777 ], [ 3343052.271999999880791, 3114992.329999998211861 ], [ 3343251.650100000202656, 3115014.494300000369549 ], [ 3343317.443000003695488, 3115019.000100001692772 ], [ 3343388.151799999177456, 3115023.850699998438358 ], [ 3343368.854699999094009, 3115001.627000000327826 ], [ 3343409.265799999237061, 3114975.328000001609325 ], [ 3343431.848300002515316, 3114960.646600000560284 ], [ 3343465.163400001823902, 3114937.771099999547005 ], [ 3343518.929399996995926, 3114900.877999998629093 ], [ 3343586.424099996685982, 3114856.653799999505281 ], [ 3343638.206500001251698, 3114822.855999998748302 ], [ 3343686.51969999819994, 3114790.022999998182058 ], [ 3343735.595899999141693, 3114755.244899999350309 ], [ 3343740.11540000140667, 3114752.094300001859665 ], [ 3343744.748099997639656, 3114749.111299999058247 ], [ 3343749.478100001811981, 3114746.280699998140335 ], [ 3343754.321400001645088, 3114743.617600001394749 ], [ 3343759.247000001370907, 3114741.122900001704693 ], [ 3343766.042700000107288, 3114738.01799999922514 ], [ 3343770.889200001955032, 3114735.990800000727177 ], [ 3343775.769199997186661, 3114734.056000001728535 ], [ 3343780.6824000030756, 3114732.197799999266863 ], [ 3343785.644400000572205, 3114730.415800001472235 ], [ 3343790.624499998986721, 3114728.726500000804663 ], [ 3343795.638300001621246, 3114727.129200000315905 ], [ 3343800.669699996709824, 3114725.609099999070168 ], [ 3343805.750399999320507, 3114724.180700000375509 ], [ 3343810.848700001835823, 3114722.8293999992311 ], [ 3343815.965199999511242, 3114721.570599999278784 ], [ 3343823.529899999499321, 3114719.887299999594688 ], [ 3343828.480999998748302, 3114718.788199998438358 ], [ 3343832.999499998986721, 3114717.716699998825788 ], [ 3343837.484300002455711, 3114716.553100001066923 ], [ 3343841.951800003647804, 3114715.327799998223782 ], [ 3343846.401699997484684, 3114714.025400001555681 ], [ 3343850.83330000191927, 3114712.6305 ], [ 3343855.232199996709824, 3114711.174499999731779 ], [ 3343859.597900003194809, 3114709.641800001263618 ], [ 3343863.930299997329712, 3114708.032400000840425 ], [ 3343868.245099999010563, 3114706.345899999141693 ], [ 3343872.527099996805191, 3114704.598299998790026 ], [ 3343877.099299997091293, 3114702.718499999493361 ], [ 3343881.704700000584126, 3114700.915300000458956 ], [ 3343886.343699999153614, 3114699.2043999992311 ], [ 3343891.015900000929832, 3114697.570099998265505 ], [ 3343895.705899998545647, 3114696.012899998575449 ], [ 3343900.429099999368191, 3114694.532400000840425 ], [ 3343905.185400001704693, 3114693.128400001674891 ], [ 3343909.96000000089407, 3114691.817099999636412 ], [ 3343914.767700001597404, 3114690.582499999552965 ], [ 3343921.038099996745586, 3114689.09010000154376 ], [ 3343928.000299997627735, 3114687.438999999314547 ], [ 3343932.346400000154972, 3114686.294700000435114 ], [ 3343936.674800001084805, 3114685.073300000280142 ], [ 3343940.970399998128414, 3114683.790800001472235 ], [ 3343945.2483000010252, 3114682.431200001388788 ], [ 3343949.493100002408028, 3114680.994899999350309 ], [ 3343953.704999998211861, 3114679.497499998658895 ], [ 3343957.898900002241135, 3114677.907400000840425 ], [ 3343962.060400001704693, 3114676.271800000220537 ], [ 3343966.188199996948242, 3114674.543999999761581 ], [ 3343970.298699997365475, 3114672.75450000166893 ], [ 3343974.360699996352196, 3114670.888900000602007 ], [ 3343989.015299998223782, 3114673.493299998342991 ], [ 3344000.582699999213219, 3114675.314300000667572 ], [ 3344012.190999999642372, 3114676.948100000619888 ], [ 3344023.824400000274181, 3114678.3794 ], [ 3344035.467299997806549, 3114679.608800001442432 ], [ 3344050.191600002348423, 3114680.892499998211861 ], [ 3344062.969700001180172, 3114681.780200000852346 ], [ 3344075.757100000977516, 3114682.450500000268221 ], [ 3344079.538800001144409, 3114682.640599999576807 ], [ 3344083.307199999690056, 3114682.908700000494719 ], [ 3344087.077200002968311, 3114683.223299998790026 ], [ 3344090.83389999717474, 3114683.615800000727177 ], [ 3344094.592299997806549, 3114684.07039999961853 ], [ 3344098.352700002491474, 3114684.587000001221895 ], [ 3344102.08389999717474, 3114685.166499998420477 ], [ 3344105.81700000166893, 3114685.807900000363588 ], [ 3344109.536300003528595, 3114686.511799998581409 ], [ 3344113.241999998688698, 3114687.278099998831749 ], [ 3344117.261600002646446, 3114688.190900001674891 ], [ 3344120.03320000320673, 3114688.765900000929832 ], [ 3344123.390000000596046, 3114689.247099999338388 ], [ 3344126.786499999463558, 3114689.4945 ], [ 3344130.176299996674061, 3114689.509199999272823 ], [ 3344133.543700002133846, 3114689.291999999433756 ], [ 3344136.904700003564358, 3114688.857700001448393 ], [ 3344140.212099999189377, 3114688.176600001752377 ], [ 3344143.467100001871586, 3114687.295299999415874 ], [ 3344146.6382, 3114686.183499999344349 ], [ 3344150.454899996519089, 3114686.51240000128746 ], [ 3344154.207500003278255, 3114686.765500001609325 ], [ 3344157.958700001239777, 3114686.971999999135733 ], [ 3344161.707699999213219, 3114687.100900001823902 ], [ 3344165.470799997448921, 3114687.1831 ], [ 3344169.434500001370907, 3114687.244100000709295 ], [ 3344173.385300002992153, 3114687.398499999195337 ], [ 3344177.353100001811981, 3114687.59910000115633 ], [ 3344181.307700000703335, 3114687.877599999308586 ], [ 3344185.248499996960163, 3114688.218499999493361 ], [ 3344189.191799998283386, 3114688.636999998241663 ], [ 3344193.136799998581409, 3114689.117400001734495 ], [ 3344197.068099997937679, 3114689.660300001502037 ], [ 3344200.985799998044968, 3114690.265700001269579 ], [ 3344204.890299998223782, 3114690.948899999260902 ], [ 3344211.147600002586842, 3114692.172200001776218 ], [ 3344215.942100003361702, 3114693.125599998980761 ], [ 3344219.722999997437, 3114693.812300000339746 ], [ 3344223.532399997115135, 3114694.420699998736382 ], [ 3344227.340000003576279, 3114694.966899998486042 ], [ 3344231.145900003612041, 3114695.451299998909235 ], [ 3344234.980899997055531, 3114695.872699998319149 ], [ 3344238.798600003123283, 3114696.232599999755621 ], [ 3344242.644900001585484, 3114696.513999998569489 ], [ 3344246.474399998784065, 3114696.749499998986721 ], [ 3344249.49889999628067, 3114696.976199999451637 ], [ 3344252.51240000128746, 3114697.358199998736382 ], [ 3344255.499600000679493, 3114697.896200001239777 ], [ 3344258.444499999284744, 3114698.574999999254942 ], [ 3344261.362999998033047, 3114699.409600000828505 ], [ 3344264.239699997007847, 3114700.400699999183416 ], [ 3344269.175599999725819, 3114702.482799999415874 ], [ 3344278.737700000405312, 3114706.866999998688698 ], [ 3344294.227600000798702, 3114713.969200000166893 ], [ 3344307.565200001001358, 3114719.682199999690056 ], [ 3344321.004199996590614, 3114725.159600000828505 ], [ 3344334.530199997127056, 3114730.43299999833107 ], [ 3344345.253600001335144, 3114734.604699999094009 ], [ 3344355.920100003480911, 3114738.948699999600649 ], [ 3344366.499399997293949, 3114743.481100000441074 ], [ 3344379.423100002110004, 3114749.329700000584126 ], [ 3344393.272799998521805, 3114755.618000000715256 ], [ 3344407.068899996578693, 3114761.659499999135733 ], [ 3344410.3412000015378, 3114762.949799999594688 ], [ 3344413.357500001788139, 3114763.952399998903275 ], [ 3344415.18299999833107, 3114764.469700001180172 ], [ 3344416.400700002908707, 3114764.8147 ], [ 3344419.500600002706051, 3114765.504700001329184 ], [ 3344422.657799996435642, 3114768.147999998182058 ], [ 3344425.917400002479553, 3114770.58669999986887 ], [ 3344429.311499997973442, 3114772.866599999368191 ], [ 3344432.809000000357628, 3114774.972899999469519 ], [ 3344435.219899997115135, 3114776.442200001329184 ], [ 3344437.527500003576279, 3114778.08500000089407 ], [ 3344440.526500001549721, 3114780.608399998396635 ], [ 3344450.9868, 3114790.062300000339746 ], [ 3344458.704599998891354, 3114796.768199998885393 ], [ 3344466.542499996721745, 3114803.346799999475479 ], [ 3344468.3574, 3114804.818 ], [ 3344471.630300000309944, 3114807.471200000494719 ], [ 3344474.500500001013279, 3114809.797899998724461 ], [ 3344482.578100003302097, 3114816.105999998748302 ], [ 3344490.759999997913837, 3114822.271600000560284 ], [ 3344495.05799999833107, 3114825.4037000015378 ], [ 3344499.046400003135204, 3114828.310199998319149 ], [ 3344501.858999997377396, 3114830.28660000115633 ], [ 3344507.436999998986721, 3114834.206199999898672 ], [ 3344515.931699998676777, 3114839.959800001233816 ], [ 3344536.638700000941753, 3114853.691199999302626 ], [ 3344557.170100003480911, 3114867.241099998354912 ], [ 3344644.703000001609325, 3114923.75730000063777 ], [ 3344726.984899997711182, 3114974.832400001585484 ], [ 3344730.589699998497963, 3114977.432100001722574 ], [ 3344732.92509999871254, 3114978.965300001204014 ], [ 3344735.320000000298023, 3114980.419399999082088 ], [ 3344737.774700000882149, 3114981.794300001114607 ], [ 3344740.257799997925758, 3114983.090700000524521 ], [ 3344742.800300002098083, 3114984.292500000447035 ], [ 3344745.371200002729893, 3114985.416000001132488 ], [ 3344747.98589999973774, 3114986.445099998265505 ], [ 3344750.644299998879433, 3114987.379900000989437 ], [ 3344753.3158999979496, 3114988.2368 ], [ 3344756.031199999153614, 3114988.999499998986721 ], [ 3344759.498099997639656, 3114990.5945999994874 ], [ 3344763.191200003027916, 3114993.036699999123812 ], [ 3344766.784500002861023, 3114995.248700000345707 ], [ 3344770.467500001192093, 3114997.349700000137091 ], [ 3344774.223700001835823, 3114999.309099998325109 ], [ 3344778.038199998438358, 3115001.142799999564886 ], [ 3344781.910899996757507, 3115002.850699998438358 ], [ 3344785.84179999679327, 3115004.43299999833107 ], [ 3344789.83049999922514, 3115005.874000001698732 ], [ 3344793.86150000244379, 3115007.174199998378754 ], [ 3344797.950800001621246, 3115008.348700001835823 ], [ 3344800.759300000965595, 3115009.651799999177456 ], [ 3344803.601700000464916, 3115011.589899998158216 ], [ 3344807.386100001633167, 3115013.982799999415874 ], [ 3344811.260099999606609, 3115016.264600001275539 ], [ 3344815.1919, 3115018.405299998819828 ], [ 3344819.212899997830391, 3115020.419399999082088 ], [ 3344823.291599996387959, 3115022.292199999094009 ], [ 3344827.443499997258186, 3115024.023400001227856 ], [ 3344831.653300002217293, 3115025.613499999046326 ], [ 3344835.9054000005126, 3115027.062800001353025 ], [ 3344840.214699998497963, 3115028.35530000180006 ], [ 3344843.060099996626377, 3115029.331500001251698 ], [ 3344847.851899996399879, 3115031.774099998176098 ], [ 3344850.172799997031689, 3115033.338899999856949 ], [ 3344852.358900003135204, 3115035.062300000339746 ], [ 3344854.696599997580051, 3115037.200500000268221 ], [ 3344858.643100000917912, 3115040.907499998807907 ], [ 3344861.643799997866154, 3115043.49269999936223 ], [ 3344864.719099998474121, 3115045.982700001448393 ], [ 3344867.899899996817112, 3115048.376800000667572 ], [ 3344871.154399998486042, 3115050.64469999819994 ], [ 3344874.483599998056889, 3115052.817499998956919 ], [ 3344877.436099998652935, 3115054.814599998295307 ], [ 3344881.382399998605251, 3115057.978500001132488 ], [ 3344883.630800001323223, 3115060.243200000375509 ], [ 3344886.337499998509884, 3115063.891399998217821 ], [ 3344894.579300001263618, 3115076.879999998956919 ], [ 3344899.353200003504753, 3115084.007599998265505 ], [ 3344899.613899998366833, 3115084.381700001657009 ], [ 3344904.263999998569489, 3115091.054000001400709 ], [ 3344909.280900001525879, 3115098.019900001585484 ], [ 3344912.769400000572205, 3115128.962600000202656 ], [ 3344915.100699998438358, 3115145.728199999779463 ], [ 3344915.299400001764297, 3115148.824999999254942 ], [ 3344914.765900000929832, 3115152.800200000405312 ], [ 3344914.689300000667572, 3115153.371199999004602 ], [ 3344911.798100002110004, 3115164.076499998569489 ], [ 3344908.719999998807907, 3115174.740299999713898 ], [ 3344905.453900001943111, 3115185.331799998879433 ], [ 3344899.260600000619888, 3115203.806200001388788 ], [ 3344898.148900002241135, 3115207.078699998557568 ], [ 3344896.53660000115633, 3115212.288499999791384 ], [ 3344895.111599996685982, 3115217.555100001394749 ], [ 3344893.88910000026226, 3115222.86259999871254 ], [ 3344892.853399999439716, 3115228.211599998176098 ], [ 3344892.004699997603893, 3115233.601799998432398 ], [ 3344891.357900001108646, 3115239.017499998211861 ], [ 3344890.912600003182888, 3115244.44310000166297 ], [ 3344890.653599999845028, 3115249.894499998539686 ], [ 3344890.616899996995926, 3115254.471200000494719 ], [ 3344890.728500001132488, 3115258.2993 ], [ 3344890.979400001466274, 3115262.123599998652935 ], [ 3344891.384900003671646, 3115265.943500000983477 ], [ 3344891.913199998438358, 3115269.728999998420477 ], [ 3344892.580600000917912, 3115273.510600000619888 ], [ 3344893.371399998664856, 3115277.273400001227856 ], [ 3344894.300399996340275, 3115281.001299999654293 ], [ 3344895.367700003087521, 3115284.694299999624491 ], [ 3344896.57320000231266, 3115288.35249999910593 ], [ 3344897.901100002229214, 3115291.960799999535084 ], [ 3344899.243100002408028, 3115295.522100001573563 ], [ 3344900.523699998855591, 3115299.100600000470877 ], [ 3344901.72749999910593, 3115302.696800000965595 ], [ 3344902.885200001299381, 3115306.30970000103116 ], [ 3344903.966099999845028, 3115309.940200001001358 ], [ 3344904.986000001430511, 3115313.60359999909997 ], [ 3344905.928599998354912, 3115317.268899999558926 ], [ 3344906.825300000607967, 3115320.951099999248981 ], [ 3344908.114100001752377, 3115326.933400001376867 ], [ 3344910.620200000703335, 3115338.574299998581409 ], [ 3344912.597499996423721, 3115346.941700000315905 ], [ 3344914.728500001132488, 3115355.273699998855591 ], [ 3344916.9978, 3115363.570900000631809 ], [ 3344919.420299999415874, 3115371.817099999636412 ], [ 3344921.996699996292591, 3115380.028200000524521 ], [ 3344924.711199998855591, 3115388.204300001263618 ], [ 3344927.579000003635883, 3115396.329700000584126 ], [ 3344930.584600001573563, 3115404.404699999839067 ], [ 3344931.877400003373623, 3115407.874099999666214 ], [ 3344933.108800001442432, 3115411.3607 ], [ 3344934.278800003230572, 3115414.864500001072884 ], [ 3344935.371799997985363, 3115418.386 ], [ 3344936.418999999761581, 3115421.924199998378754 ], [ 3344937.389300003647804, 3115425.480099998414516 ], [ 3344938.298100002110004, 3115429.053100001066923 ], [ 3344939.160599999129772, 3115432.627500001341105 ], [ 3344939.931199997663498, 3115436.235300000756979 ], [ 3344940.6554000005126, 3115439.844500001519918 ], [ 3344941.318099997937679, 3115443.470899999141693 ], [ 3344941.903599999845028, 3115447.099300000816584 ], [ 3344942.464800000190735, 3115450.961199998855591 ], [ 3344943.351000003516674, 3115456.411299999803305 ], [ 3344944.0493, 3115459.664599999785423 ], [ 3344944.870800003409386, 3115462.898699998855591 ], [ 3344945.784299999475479, 3115466.099399998784065 ], [ 3344946.836099997162819, 3115469.265099998563528 ], [ 3344947.979699999094009, 3115472.397300001233816 ], [ 3344949.246100001037121, 3115475.495099999010563 ], [ 3344950.619499996304512, 3115478.543499998748302 ], [ 3344952.0996999964118, 3115481.542300000786781 ], [ 3344953.686899997293949, 3115484.491599999368191 ], [ 3344955.380900003015995, 3115487.391600001603365 ], [ 3344957.165899999439716, 3115490.226799998432398 ], [ 3344959.223200000822544, 3115497.102400001138449 ], [ 3344960.743100002408028, 3115501.464800000190735 ], [ 3344962.416299998760223, 3115505.776599999517202 ], [ 3344964.242299996316433, 3115510.021999999880791 ], [ 3344966.221199996769428, 3115514.201099999248981 ], [ 3344968.337899997830391, 3115518.329900000244379 ], [ 3344970.606499999761581, 3115522.3614999987185 ], [ 3344973.012500002980232, 3115526.327199999243021 ], [ 3344975.570900000631809, 3115530.211100000888109 ], [ 3344980.603100001811981, 3115537.733300000429153 ], [ 3344985.514399997889996, 3115545.351599998772144 ], [ 3344990.288199998438358, 3115553.035799998790026 ], [ 3344994.909599997103214, 3115560.80180000141263 ], [ 3344999.409100003540516, 3115568.633099999278784 ], [ 3345003.756099998950958, 3115576.546100001782179 ], [ 3345011.776100002229214, 3115592.08049999922514 ], [ 3345055.528899997472763, 3115675.107900001108646 ], [ 3345074.655900001525879, 3115705.3761 ], [ 3345144.484200000762939, 3115805.430700000375509 ], [ 3345208.707400001585484, 3115898.020700000226498 ], [ 3345210.534699998795986, 3115900.187399998307228 ], [ 3345212.301299996674061, 3115902.402100000530481 ], [ 3345213.976599998772144, 3115904.66609999909997 ], [ 3345215.576399996876717, 3115906.994100000709295 ], [ 3345217.475100003182888, 3115910.027100000530481 ], [ 3345248.64750000089407, 3115962.407600000500679 ], [ 3345279.915500000119209, 3116015.449999999254942 ], [ 3345297.832699999213219, 3116045.2018 ], [ 3345311.978100001811981, 3116067.631299998611212 ], [ 3345320.818099997937679, 3116081.091499999165535 ], [ 3345328.2837999984622, 3116091.984999999403954 ], [ 3345335.946999996900558, 3116102.7489 ], [ 3345337.984200000762939, 3116105.7621 ], [ 3345339.793099999427795, 3116108.905600000172853 ], [ 3345341.373199999332428, 3116112.164000000804663 ], [ 3345342.505900003015995, 3116114.9386 ], [ 3345347.172600001096725, 3116126.9945 ], [ 3345351.052199997007847, 3116136.452199999243021 ], [ 3345355.116099998354912, 3116145.858199998736382 ], [ 3345359.332299999892712, 3116155.182399999350309 ], [ 3345363.717299997806549, 3116164.455400001257658 ], [ 3345368.269599996507168, 3116173.63060000166297 ], [ 3345372.990199998021126, 3116182.739100001752377 ], [ 3345374.552000001072884, 3116185.904800001531839 ], [ 3345375.945500001311302, 3116189.1371 ], [ 3345377.171099998056889, 3116192.451499998569489 ], [ 3345378.211999997496605, 3116195.802099999040365 ], [ 3345379.068599998950958, 3116199.204300001263618 ], [ 3345379.740599997341633, 3116202.6426 ], [ 3345380.243299998342991, 3116206.116599999368191 ], [ 3345380.5449, 3116209.596099998801947 ], [ 3345380.616400003433228, 3116215.825800001621246 ], [ 3345380.48030000180006, 3116222.371199999004602 ], [ 3345380.467200003564358, 3116226.743000000715256 ], [ 3345380.546800002455711, 3116231.112199999392033 ], [ 3345380.719700001180172, 3116235.494300000369549 ], [ 3345380.954000003635883, 3116239.859200000762939 ], [ 3345385.4199, 3116301.320999998599291 ], [ 3345390.615900002419949, 3116358.094300001859665 ], [ 3345391.293200001120567, 3116361.190999999642372 ], [ 3345391.847300000488758, 3116364.306699998676777 ], [ 3345392.277699999511242, 3116367.425700001418591 ], [ 3345392.615599997341633, 3116370.562800001353025 ], [ 3345392.829899996519089, 3116373.703400000929832 ], [ 3345392.93639999628067, 3116376.862399999052286 ], [ 3345392.9341000020504, 3116380.008900001645088 ], [ 3345392.787100002169609, 3116383.500399999320507 ], [ 3345392.358000002801418, 3116392.254099998623133 ], [ 3345392.125799998641014, 3116399.777800001204014 ], [ 3345392.033600002527237, 3116407.328600000590086 ], [ 3345392.0801, 3116414.860100001096725 ], [ 3345392.108199998736382, 3116421.214000001549721 ], [ 3345392.027999997138977, 3116427.570900000631809 ], [ 3345391.839100003242493, 3116433.915300000458956 ], [ 3345391.526399999856949, 3116440.2632 ], [ 3345391.105099998414516, 3116446.598400000482798 ], [ 3345389.970100000500679, 3116458.796500001102686 ], [ 3345388.774499997496605, 3116471.042700000107288 ], [ 3345388.074799999594688, 3116480.082299999892712 ], [ 3345387.545199997723103, 3116489.117199998348951 ], [ 3345387.186700001358986, 3116498.178199999034405 ], [ 3345386.967200003564358, 3116507.235300000756979 ], [ 3345386.933600001037121, 3116516.302700001746416 ], [ 3345387.054700002074242, 3116525.365699999034405 ], [ 3345387.33049999922514, 3116534.424400001764297 ], [ 3345388.533399999141693, 3116573.073399998247623 ], [ 3345389.038699999451637, 3116614.405900001525879 ], [ 3345388.917199999094009, 3116634.989199999719858 ], [ 3345388.423500001430511, 3116655.551300000399351 ], [ 3345387.5574000030756, 3116676.092500001192093 ], [ 3345386.334499999880791, 3116696.612199999392033 ], [ 3345384.723899997770786, 3116717.111400000751019 ], [ 3345382.389700002968311, 3116740.992800001055002 ], [ 3345382.73589999973774, 3116748.219500001519918 ], [ 3345382.942900002002716, 3116755.449999999254942 ], [ 3345383.026100002229214, 3116762.683899998664856 ], [ 3345382.970100000500679, 3116769.921599999070168 ], [ 3345382.789899997413158, 3116777.147300001233816 ], [ 3345382.48589999973774, 3116784.376299999654293 ], [ 3345382.042300000786781, 3116791.593699999153614 ], [ 3345381.474600002169609, 3116798.798900000751019 ], [ 3345380.767099998891354, 3116805.992499999701977 ], [ 3345378.992499999701977, 3116820.250199999660254 ], [ 3345371.968099996447563, 3116869.080899998545647 ], [ 3345364.754600003361702, 3116918.379599999636412 ], [ 3345363.930500000715256, 3116923.670200001448393 ], [ 3345362.997599996626377, 3116928.94819999858737 ], [ 3345361.971500001847744, 3116934.213300000876188 ], [ 3345360.867200002074242, 3116939.449499998241663 ], [ 3345359.6537000015378, 3116944.657800000160933 ], [ 3345358.347000002861023, 3116949.853100001811981 ], [ 3345356.962499998509884, 3116955.035100001841784 ], [ 3345354.094099998474121, 3116964.6272 ], [ 3345346.649899996817112, 3116989.079500000923872 ], [ 3345340.586900003254414, 3117010.40989999845624 ], [ 3345334.91330000013113, 3117031.837699998170137 ], [ 3345329.644599996507168, 3117053.362199999392033 ], [ 3345324.749899998307228, 3117074.984200000762939 ], [ 3345314.04900000244379, 3117128.662000000476837 ], [ 3345309.174500003457069, 3117157.020100001245737 ], [ 3345304.7971, 3117185.456500001251698 ], [ 3345300.931999996304512, 3117213.970899999141693 ], [ 3345297.579099997878075, 3117242.547600001096725 ], [ 3345296.440999999642372, 3117248.2635000012815 ], [ 3345295.852600000798702, 3117252.074499998241663 ], [ 3345295.388700000941753, 3117255.912900000810623 ], [ 3345295.079899996519089, 3117259.762600000947714 ], [ 3345294.910300001502037, 3117263.608300000429153 ], [ 3345294.865299999713898, 3117267.481600001454353 ], [ 3345294.974399998784065, 3117271.334899999201298 ], [ 3345295.207800000905991, 3117275.200399998575449 ], [ 3345295.595299996435642, 3117279.046100001782179 ], [ 3345296.106600001454353, 3117282.8882 ], [ 3345296.7566, 3117286.710999999195337 ], [ 3345297.560400001704693, 3117290.498500000685453 ], [ 3345298.472000002861023, 3117294.267499998211861 ], [ 3345299.537299998104572, 3117298.001299999654293 ], [ 3345300.725400000810623, 3117301.700599998235703 ], [ 3345302.0515, 3117305.349599998444319 ], [ 3345304.262900002300739, 3117311.296900000423193 ], [ 3345307.544600002467632, 3117320.063999999314547 ], [ 3345312.761799998581409, 3117334.878699999302626 ], [ 3345314.250600002706051, 3117339.359299998730421 ], [ 3345324.304899998009205, 3117335.315699998289347 ], [ 3345350.225100003182888, 3117324.217000000178814 ], [ 3345356.231499999761581, 3117329.175599999725819 ], [ 3345394.439999997615814, 3117360.723900001496077 ], [ 3345506.936599999666214, 3117449.1765 ], [ 3345618.251999996602535, 3117469.4934 ], [ 3345717.528999999165535, 3117487.171300001442432 ], [ 3345914.7051, 3117500.483199998736382 ], [ 3346079.799400001764297, 3117512.225499998778105 ], [ 3346121.434600003063679, 3117516.044100001454353 ], [ 3346256.325900003314018, 3117652.941100001335144 ], [ 3346299.379000000655651, 3117803.584199998527765 ], [ 3346346.486699998378754, 3117984.39640000090003 ], [ 3346414.456900000572205, 3118178.022799998521805 ], [ 3346463.715899996459484, 3118329.588199999183416 ], [ 3346494.754199996590614, 3118427.550900001078844 ], [ 3346543.092100001871586, 3118579.4967 ], [ 3346633.693499997258186, 3118759.423099998384714 ], [ 3346679.144900001585484, 3118829.75899999961257 ], [ 3346731.206200003623962, 3118907.489999998360872 ], [ 3346896.227700002491474, 3119113.037099998444319 ], [ 3346985.893200002610683, 3119098.740200001746416 ], [ 3347173.333099998533726, 3119053.006700001657009 ], [ 3347315.461000002920628, 3118994.96339999884367 ], [ 3347518.063900001347065, 3118911.330299999564886 ], [ 3347540.580600000917912, 3118920.9397 ], [ 3347577.584100000560284, 3118938.264699999243021 ], [ 3347666.795400001108646, 3118980.1294 ], [ 3347777.385099999606609, 3119028.923700001090765 ], [ 3347809.33219999819994, 3119043.019499998539686 ], [ 3347823.730200000107288, 3119049.715799998492002 ], [ 3347820.126500003039837, 3119077.248399998992682 ], [ 3347826.365000002086163, 3119183.577500000596046 ], [ 3347704.209700003266335, 3119290.765299998223782 ], [ 3347642.973800003528595, 3119339.44370000064373 ], [ 3347541.368000000715256, 3119409.015299998223782 ], [ 3347453.717500001192093, 3119460.897799998521805 ], [ 3347328.008500002324581, 3119531.148899998515844 ], [ 3347290.2434, 3119570.889600001275539 ], [ 3347253.219999998807907, 3119609.850099999457598 ], [ 3347298.289399996399879, 3119750.621300000697374 ], [ 3347444.70380000025034, 3119805.704999998211861 ], [ 3347520.996200002729893, 3119855.370900001376867 ], [ 3347556.239600002765656, 3119903.749800000339746 ], [ 3347614.821000002324581, 3119986.300799999386072 ], [ 3347632.995300002396107, 3120014.75730000063777 ], [ 3347670.933600001037121, 3120086.765799999237061 ], [ 3347729.308899998664856, 3120234.098499998450279 ], [ 3347769.034400001168251, 3120355.254700001329184 ], [ 3347831.491400003433228, 3120524.093600001186132 ], [ 3347889.509300000965595, 3120722.482999999076128 ], [ 3347895.968500003218651, 3120741.255800001323223 ], [ 3347900.331200003623962, 3120753.934300001710653 ], [ 3347904.557800002396107, 3120766.214600000530481 ], [ 3347912.197899997234344, 3120819.030200000852346 ], [ 3348030.602399997413158, 3120980.967599999159575 ], [ 3348242.218299999833107, 3121236.031399998813868 ], [ 3348301.281900003552437, 3121229.258099999278784 ], [ 3348405.786300003528595, 3121192.460299998521805 ], [ 3348564.407300002872944, 3121124.89750000089407 ], [ 3348578.123000003397465, 3121118.217500001192093 ], [ 3348622.40089999884367, 3121096.65089999884367 ], [ 3348615.203500002622604, 3121080.544199999421835 ], [ 3348613.271200001239777, 3121075.728999998420477 ], [ 3348610.617200002074242, 3121069.140799999237061 ], [ 3348816.527900002896786, 3121001.55460000038147 ], [ 3348931.788500003516674, 3120971.6114999987185 ], [ 3349046.567199997603893, 3120956.679299999028444 ], [ 3349055.430399999022484, 3120952.007100000977516 ], [ 3349114.333400003612041, 3120921.044700000435114 ], [ 3349172.605200000107288, 3120887.209100000560284 ], [ 3349312.498199999332428, 3120811.487700000405312 ], [ 3349433.432099997997284, 3120762.910000000149012 ], [ 3349473.622400000691414, 3120744.968600001186132 ], [ 3349458.523400001227856, 3120730.4441 ], [ 3349440.995200000703335, 3120706.525800000876188 ], [ 3349415.310000002384186, 3120680.549600001424551 ], [ 3349409.154100000858307, 3120666.452500000596046 ], [ 3349390.358499996364117, 3120647.572599999606609 ], [ 3349332.305200003087521, 3120589.25899999961257 ], [ 3349315.460100002586842, 3120533.778599999845028 ], [ 3349280.672499999403954, 3120423.97520000115037 ], [ 3349272.964400000870228, 3120409.843899998813868 ], [ 3349267.787900000810623, 3120357.185600001364946 ], [ 3349267.296300001442432, 3120352.313400000333786 ], [ 3349261.026399999856949, 3120331.028400000184774 ], [ 3349199.392499998211861, 3120179.252599999308586 ], [ 3349158.359899997711182, 3120078.011999998241663 ], [ 3349164.219200000166893, 3120049.795099999755621 ], [ 3349164.706900000572205, 3119984.120999999344349 ], [ 3349179.065399996936321, 3119978.101799998432398 ], [ 3349184.914700001478195, 3119960.106300000101328 ], [ 3349203.686800003051758, 3119873.87220000103116 ], [ 3349211.040899999439716, 3119840.260600000619888 ], [ 3349226.613099999725819, 3119776.785300001502037 ], [ 3349227.729299999773502, 3119759.0614 ], [ 3349243.754100002348423, 3119656.782999999821186 ], [ 3349239.104400001466274, 3119609.912399999797344 ], [ 3349244.294699996709824, 3119598.58390000090003 ], [ 3349253.034100003540516, 3119526.85080000013113 ], [ 3349255.236599996685982, 3119496.6435999982059 ], [ 3349265.511, 3119471.91609999909997 ], [ 3349275.726599998772144, 3119458.063400000333786 ], [ 3349282.340899996459484, 3119454.829799998551607 ], [ 3349303.197599999606609, 3119437.645599998533726 ], [ 3349336.669799998402596, 3119410.067299999296665 ], [ 3349374.179300002753735, 3119389.938700001686811 ], [ 3349379.404200002551079, 3119385.862700000405312 ], [ 3349384.529500000178814, 3119382.083299998193979 ], [ 3349389.719499997794628, 3119378.394999999552965 ], [ 3349394.973899997770786, 3119374.782200001180172 ], [ 3349402.559199996292591, 3119369.819899998605251 ], [ 3349407.052599996328354, 3119367.1875 ], [ 3349411.710100002586842, 3119364.859900001436472 ], [ 3349416.517300002276897, 3119362.868299998342991 ], [ 3349421.44370000064373, 3119361.229100000113249 ], [ 3349426.488600000739098, 3119359.92680000141263 ], [ 3349431.5912000015378, 3119358.994199998676777 ], [ 3349436.751000002026558, 3119358.415699999779463 ] ] ] ] } }
]
}
