{"type": "FeatureCollection", "features": [{"type": "Feature", "properties": {"country": "India"}, "geometry": {"type": "MultiPolygon", "coordinates": [[[[72.2834955170839, 10.040735049682317, 0.0], [72.28860114512091, 10.049520109410945, 0.0], [72.29036558081117, 10.052856630228492, 0.0], [72.28852044742487, 10.045279695309647, 0.0], [72.2834955170839, 10.040735049682317, 0.0]]], [[[72.33484840058328, 10.104169199498857, 0.0], [72.33838740029321, 10.10274540047055, 0.0], [72.33387369946057, 10.096331099715682, 0.0], [72.33484840058328, 10.104169199498857, 0.0]]], [[[72.33157692980983, 10.13267989183055, 0.0], [72.3271839907257, 10.129537415078126, 0.0], [72.32792159487954, 10.138406779528673, 0.0], [72.33157692980983, 10.13267989183055, 0.0]]], [[[72.53427940073848, 10.78505050021018, 0.0], [72.53631160022803, 10.78218400060025, 0.0], [72.53135969976259, 10.780667199851589, 0.0], [72.53427940073848, 10.78505050021018, 0.0]]], [[[72.16853101731326, 10.81498646655422, 0.0], [72.16494147774837, 10.812455496876023, 0.0], [72.16457114388325, 10.812862408634732, 0.0], [72.16853101731326, 10.81498646655422, 0.0]]], [[[72.20576438093161, 10.875420894072448, 0.0], [72.17952951662095, 10.8285505225223, 0.0], [72.16991681496542, 10.817910949290903, 0.0], [72.19446759066989, 10.871052302250742, 0.0], [72.20576438093161, 10.875420894072448, 0.0]]], [[[72.2872259696482, 10.946633996179413, 0.0], [72.29256259990058, 10.936691018307606, 0.0], [72.28479574212288, 10.936390229454977, 0.0], [72.2872259696482, 10.946633996179413, 0.0]]], [[[72.32035800399366, 10.945751993964421, 0.0], [72.31628619377685, 10.948956077867587, 0.0], [72.3268342358059, 10.951254461903902, 0.0], [72.32035800399366, 10.945751993964421, 0.0]]], [[[72.33150941825863, 10.950369328305149, 0.0], [72.33016436380606, 10.951381660224994, 0.0], [72.33340746205737, 10.952417332596108, 0.0], [72.33150941825863, 10.950369328305149, 0.0]]], [[[72.33423983711738, 10.953154267907097, 0.0], [72.33281241985851, 10.954663802564978, 0.0], [72.3345917650007, 10.955012117588357, 0.0], [72.33423983711738, 10.953154267907097, 0.0]]], [[[72.33479752116584, 10.955947853622657, 0.0], [72.3342617681015, 10.958944740760924, 0.0], [72.33522268016831, 10.957561679779884, 0.0], [72.33479752116584, 10.955947853622657, 0.0]]], [[[72.18692968225558, 11.598397327463996, 0.0], [72.1853623616875, 11.601701795179025, 0.0], [72.19022605508758, 11.598577475865147, 0.0], [72.18692968225558, 11.598397327463996, 0.0]]], [[[71.0021101005904, 20.73608851884019, 0.0], [70.9769567613232, 20.702803615573973, 0.0], [70.87804531199481, 20.709780841093295, 0.0], [70.82179118615639, 20.69136211449088, 0.0], [70.43771951390981, 20.852898943171482, 0.0], [70.2568280835926, 20.97323408308647, 0.0], [70.04767670571722, 21.156947488051845, 0.0], [69.61596368678944, 21.624551772483596, 0.0], [69.56618522938864, 21.651500898253325, 0.0], [69.21655217537297, 21.95750826387496, 0.0], [68.9811977708463, 22.2122974137712, 0.0], [68.97375680082803, 22.236539527661133, 0.0], [68.95822020435764, 22.238098219226224, 0.0], [68.93575780234615, 22.311825992814253, 0.0], [68.97713226874876, 22.403551465756436, 0.0], [68.98177477906728, 22.40159743294355, 0.0], [68.99637415486016, 22.401599865236808, 0.0], [69.00000000114767, 22.40409847288667, 0.0], [68.98064699472494, 22.402311991190714, 0.0], [68.98447740116355, 22.413435116375826, 0.0], [69.06811613922834, 22.48138488176633, 0.0], [69.08362199316751, 22.474589505064195, 0.0], [69.04971037581309, 22.437764618125367, 0.0], [69.0394667633774, 22.445710929642413, 0.0], [69.0354895159588, 22.390270195901625, 0.0], [69.08184542878014, 22.388202815552045, 0.0], [69.11049032463424, 22.409944267054588, 0.0], [69.12797693770882, 22.39510748516352, 0.0], [69.12116961448042, 22.375637591527948, 0.0], [69.1302979528476, 22.395089370489845, 0.0], [69.16885090366627, 22.407482188274063, 0.0], [69.17582524084378, 22.42295843812576, 0.0], [69.19482859962086, 22.42184496291254, 0.0], [69.1876805251309, 22.402522579517143, 0.0], [69.20092196564951, 22.40135635666873, 0.0], [69.1678689272455, 22.373251984733898, 0.0], [69.18093234719886, 22.37065613568542, 0.0], [69.16335660584525, 22.348613089663644, 0.0], [69.15394066325003, 22.24873344925955, 0.0], [69.13378965759959, 22.22264462507561, 0.0], [69.13640117736861, 22.19554718115064, 0.0], [69.14815927511656, 22.195015718848747, 0.0], [69.17853219678021, 22.21283949411394, 0.0], [69.17915192181242, 22.228141820238957, 0.0], [69.19029735728124, 22.243641731173415, 0.0], [69.21281512649266, 22.210349084319795, 0.0], [69.23758762867568, 22.22270649112614, 0.0], [69.23360039314154, 22.24991891644202, 0.0], [69.25281528185141, 22.26643643016604, 0.0], [69.27951398086006, 22.269935446641828, 0.0], [69.28050996770726, 22.267655757958224, 0.0], [69.27994807791417, 22.266485985642856, 0.0], [69.28044894987637, 22.264653077115685, 0.0], [69.27975151025412, 22.263009061472857, 0.0], [69.27958312944564, 22.26076932104125, 0.0], [69.27995281612199, 22.259351760908253, 0.0], [69.28168082251753, 22.2577587545536, 0.0], [69.28261344323509, 22.255736454990775, 0.0], [69.28382855675486, 22.254580940224336, 0.0], [69.2928017422278, 22.286793929538767, 0.0], [69.33605159815959, 22.30507428790207, 0.0], [69.33272581387368, 22.327830834137483, 0.0], [69.4231875590964, 22.316011812174494, 0.0], [69.49028225824534, 22.337438784810868, 0.0], [69.49948164571111, 22.366325327013143, 0.0], [69.53477533691294, 22.370877585666204, 0.0], [69.53731809162292, 22.372739265988187, 0.0], [69.53760742592193, 22.375945237508688, 0.0], [69.54044202362218, 22.377206499354774, 0.0], [69.56132325302711, 22.35584045634755, 0.0], [69.57958145602035, 22.3673559823113, 0.0], [69.59765943581814, 22.346160500107516, 0.0], [69.6173519852679, 22.345417425156086, 0.0], [69.62113264030111, 22.3718276238212, 0.0], [69.65536624173606, 22.359565459632282, 0.0], [69.66090519871615, 22.396242069199545, 0.0], [69.70216056243335, 22.398692648295924, 0.0], [69.69614788313842, 22.452526589516168, 0.0], [69.7306909669246, 22.484552117069377, 0.0], [69.74367094813223, 22.458941501994477, 0.0], [69.73478304029454, 22.449222030181268, 0.0], [69.73537953335166, 22.44800249620003, 0.0], [69.74163461689167, 22.446386053470768, 0.0], [69.73283018691716, 22.442829738202132, 0.0], [69.74603875898774, 22.42804629002604, 0.0], [69.75907617652098, 22.443302872634067, 0.0], [69.7897193888972, 22.413773766213488, 0.0], [69.79758191118816, 22.404575556472974, 0.0], [69.79123782103018, 22.38357183111758, 0.0], [69.79185152271862, 22.38017204134019, 0.0], [69.79653031551656, 22.377738750423504, 0.0], [69.83282270720015, 22.44707322978171, 0.0], [69.8709965592863, 22.42296701098976, 0.0], [69.88779976389438, 22.454635386928555, 0.0], [69.93740635270599, 22.463268987593246, 0.0], [69.93984891198876, 22.48278802612698, 0.0], [69.97925548326747, 22.468166275334447, 0.0], [69.98766159492166, 22.51046601970191, 0.0], [70.01029611079387, 22.499923483917094, 0.0], [70.0731235121646, 22.51782590583922, 0.0], [70.09121662943916, 22.50816147424232, 0.0], [70.08582957036332, 22.49405839059944, 0.0], [70.11629100357663, 22.501035661500175, 0.0], [70.11811114884387, 22.48703377111981, 0.0], [70.12021143572247, 22.48635094155668, 0.0], [70.12414590046997, 22.512616331637172, 0.0], [70.18472498485637, 22.522164999409966, 0.0], [70.17918217931245, 22.567521989066005, 0.0], [70.26350892659977, 22.653458810614865, 0.0], [70.27868816812143, 22.725271910153033, 0.0], [70.41330861158502, 22.81839049104531, 0.0], [70.46232273826658, 22.831307174900314, 0.0], [70.49109290428191, 22.88988667661326, 0.0], [70.53514913901125, 22.912056693829175, 0.0], [70.5396536920423, 22.925498277450345, 0.0], [70.480302680308, 22.937098001902886, 0.0], [70.43266007552222, 22.96706165162884, 0.0], [70.47920591240478, 22.974861961750623, 0.0], [70.54165877138482, 22.959577556460715, 0.0], [70.5617046324683, 23.02900039527183, 0.0], [70.60215755001813, 23.03425287356564, 0.0], [70.5971179789495, 23.060939882561, 0.0], [70.62932569671577, 23.062468017303715, 0.0], [70.6936691910121, 23.12014401290079, 0.0], [70.76543915162866, 23.145381589901465, 0.0], [70.76761916904886, 23.167031806947392, 0.0], [70.79182557441312, 23.165100364208932, 0.0], [70.78717653711843, 23.150690951562396, 0.0], [70.81607466231547, 23.16456928087731, 0.0], [70.8153054067428, 23.136852245848893, 0.0], [70.83447930805961, 23.128410810194573, 0.0], [70.8285594203565, 23.079914765089576, 0.0], [70.83576294694012, 23.11187316790532, 0.0], [70.8582185434924, 23.12971070620733, 0.0], [70.82756185215197, 23.157421557736683, 0.0], [70.84660044860517, 23.152400960041415, 0.0], [70.84863828092935, 23.169309382730443, 0.0], [70.9015717011582, 23.170758176758522, 0.0], [70.95922802612336, 23.19481509191871, 0.0], [70.91890155143477, 23.19837596029673, 0.0], [70.8905664262876, 23.182669947969053, 0.0], [70.86291959045164, 23.192359333484937, 0.0], [70.87328819738917, 23.203994458946738, 0.0], [70.86019754144097, 23.20846812737847, 0.0], [70.89312665942911, 23.224702828297772, 0.0], [70.83310029359967, 23.249891451629704, 0.0], [70.81224584446484, 23.230073642904856, 0.0], [70.76767891310956, 23.246104588050606, 0.0], [70.72391346633334, 23.217657588054465, 0.0], [70.72800265312382, 23.205857700324774, 0.0], [70.6508026635496, 23.22389509934323, 0.0], [70.64902331974679, 23.192038695861406, 0.0], [70.57896288041766, 23.17770881613779, 0.0], [70.50124264363065, 23.17811905797391, 0.0], [70.42803121277078, 23.21754627343732, 0.0], [70.43630864418904, 23.23337674581852, 0.0], [70.42476094624111, 23.23725458455928, 0.0], [70.36635946951667, 23.219858094834457, 0.0], [70.30192960235271, 23.223688577819257, 0.0], [70.26757417635585, 23.178462065333616, 0.0], [70.24968116906228, 23.17789368749072, 0.0], [70.20876640928903, 23.160353826166496, 0.0], [70.20729950314094, 23.125617233736506, 0.0], [70.14929481150516, 23.036996129692337, 0.0], [70.18861668431826, 23.072814228950303, 0.0], [70.21081553909494, 23.074633138538733, 0.0], [70.23025408448923, 22.97265956167294, 0.0], [70.21604712375932, 22.946571943638222, 0.0], [70.16439293461265, 22.938281572028313, 0.0], [70.12053864817447, 22.963290741238136, 0.0], [70.13340691097595, 22.98111103381048, 0.0], [70.13378881591076, 23.001569170351452, 0.0], [70.15814293352027, 23.032303445451458, 0.0], [70.14820653611605, 23.034815636125554, 0.0], [70.11809968767322, 22.99126987514065, 0.0], [70.03654577744483, 22.95269004967879, 0.0], [70.01675166166635, 22.92024254437871, 0.0], [69.96224085964256, 22.89358782058002, 0.0], [69.92704755337306, 22.8960281497518, 0.0], [69.89874381377237, 22.871261185940412, 0.0], [69.80066324034696, 22.851059720929815, 0.0], [69.71281389650838, 22.805911784144737, 0.0], [69.65125401838127, 22.795761856675743, 0.0], [69.64593851741407, 22.810003190233573, 0.0], [69.605911023619, 22.80295123299658, 0.0], [69.57561946947773, 22.81772737695408, 0.0], [69.47734471790979, 22.795520083453194, 0.0], [69.45733680206962, 22.814278436173062, 0.0], [69.41683357259353, 22.81086761684493, 0.0], [69.46997805863315, 22.77644853477316, 0.0], [69.49470113635935, 22.779867687967513, 0.0], [69.47227428280054, 22.773679406364526, 0.0], [69.3812178470793, 22.818774644072267, 0.0], [69.19669927357135, 22.837696026670887, 0.0], [69.19418321783822, 22.85185628110333, 0.0], [69.13124182119331, 22.872293250929985, 0.0], [68.81295599144738, 23.057927646170018, 0.0], [68.87028131289938, 23.027219635849747, 0.0], [68.83672037637749, 23.046367696943374, 0.0], [68.84178640826397, 23.058577191380156, 0.0], [68.82121164599549, 23.05723521714105, 0.0], [68.81515309123084, 23.077031042000268, 0.0], [68.8117992786981, 23.058780467400503, 0.0], [68.75858853078995, 23.080345475296188, 0.0], [68.74985752167841, 23.08801018829114, 0.0], [68.76356023351623, 23.0875547911615, 0.0], [68.76513848375389, 23.079022755757844, 0.0], [68.77003431623773, 23.07734199483641, 0.0], [68.77848105154729, 23.07755044799766, 0.0], [68.78153682165203, 23.08327721449966, 0.0], [68.77233684359835, 23.07830963564607, 0.0], [68.76010939658947, 23.09976972460888, 0.0], [68.78364487593282, 23.120011535996685, 0.0], [68.7544322086506, 23.12303067897084, 0.0], [68.74586350716042, 23.11001852856302, 0.0], [68.71224607370678, 23.15142888469307, 0.0], [68.682776032215, 23.152693332386388, 0.0], [68.68260053398203, 23.17584560799146, 0.0], [68.6595520486181, 23.197699895505387, 0.0], [68.6737176759022, 23.20189028950006, 0.0], [68.66917101138573, 23.218199274899337, 0.0], [68.62098655119472, 23.20572677678308, 0.0], [68.65351776323314, 23.231146995410047, 0.0], [68.70199568446017, 23.240056088449997, 0.0], [68.71473927710778, 23.264120833271658, 0.0], [68.72452027252024, 23.25513494081286, 0.0], [68.72417230146112, 23.26679232747906, 0.0], [68.70554671179531, 23.270722023324016, 0.0], [68.71186612708414, 23.28671899432104, 0.0], [68.69930901392092, 23.284192828481558, 0.0], [68.71351459474486, 23.317955857112654, 0.0], [68.68139915145618, 23.31184889601323, 0.0], [68.68498524329958, 23.3288546866919, 0.0], [68.66050645651605, 23.347454159346718, 0.0], [68.65233618261313, 23.303143385501585, 0.0], [68.64002581509313, 23.323186223736027, 0.0], [68.65262183136804, 23.33555493402436, 0.0], [68.63596471826833, 23.338893528398156, 0.0], [68.62037670678922, 23.374005167027523, 0.0], [68.54348824834815, 23.4202109105575, 0.0], [68.53062857853885, 23.445201712163183, 0.0], [68.54626542163732, 23.46506133647491, 0.0], [68.52878044295164, 23.449913933891462, 0.0], [68.48359327007373, 23.5487079546047, 0.0], [68.49290514759107, 23.605833639436923, 0.0], [68.5157122417785, 23.621401649340616, 0.0], [68.51064021661125, 23.639479002180355, 0.0], [68.52901931029555, 23.635798343010425, 0.0], [68.53337138173453, 23.64923632337844, 0.0], [68.52073204208456, 23.649589598851435, 0.0], [68.54291074862967, 23.653236962424067, 0.0], [68.56795562602873, 23.684944843959506, 0.0], [68.54828935053209, 23.691812114785897, 0.0], [68.55718927220586, 23.716632714062, 0.0], [68.573304563625, 23.721442253258648, 0.0], [68.5872356546298, 23.702625050926308, 0.0], [68.59682106407837, 23.72405302910821, 0.0], [68.61276790766051, 23.71795132901391, 0.0], [68.63215630388015, 23.727820207905186, 0.0], [68.61568005593747, 23.72586995601745, 0.0], [68.61847946886066, 23.738018688659476, 0.0], [68.64884573399885, 23.73890157576752, 0.0], [68.63528781200542, 23.761017321162246, 0.0], [68.65060268479867, 23.792589916214883, 0.0], [68.68148783737462, 23.794956041426943, 0.0], [68.70830872119235, 23.834273022054717, 0.0], [68.68823481471419, 23.846445512241548, 0.0], [68.60264907452834, 23.829523848785787, 0.0], [68.57671731272599, 23.817283855447393, 0.0], [68.52700274465307, 23.74582124418161, 0.0], [68.42097679785012, 23.73320877601371, 0.0], [68.39470568575283, 23.60103376584327, 0.0], [68.27808122521733, 23.559728584635387, 0.0], [68.18400027498791, 23.587003073033248, 0.0], [68.2076691365171, 23.586156891629397, 0.0], [68.17765528808918, 23.619194581166976, 0.0], [68.18632053080502, 23.64528114437891, 0.0], [68.20846984265826, 23.650670091956663, 0.0], [68.18257100124374, 23.655038639607458, 0.0], [68.20665938784578, 23.668888781602377, 0.0], [68.18165449355777, 23.72163315782757, 0.0], [68.20263908150922, 23.766671861849638, 0.0], [68.19858167652204, 23.84240435823021, 0.0], [68.20864999890259, 23.87546309382096, 0.0], [68.25216519092689, 23.89689812744682, 0.0], [68.27574372382435, 23.928768745878582, 0.0], [68.33291688214311, 23.92509722163251, 0.0], [68.339034835598, 23.96695176977626, 0.0], [68.36893287467693, 23.984773901838345, 0.0], [68.38966023246788, 23.96659376896317, 0.0], [68.7530259907291, 23.971310423241594, 0.0], [68.764704346583, 24.2958437075929, 0.0], [68.82631168268432, 24.317362932570404, 0.0], [68.86482148021472, 24.212780055047922, 0.0], [68.88029183182843, 24.21656756990274, 0.0], [68.90675031807912, 24.2797860410136, 0.0], [68.94528378389157, 24.302492760135554, 0.0], [68.9847412704354, 24.22760970791149, 0.0], [69.00532841191097, 24.223119658696955, 0.0], [69.09475349044916, 24.274494283482287, 0.0], [69.19375350716436, 24.236114447374643, 0.0], [69.3127396403665, 24.281601873675953, 0.0], [69.49400610708014, 24.26778014142676, 0.0], [69.59444602115288, 24.2923984647866, 0.0], [69.73121404843693, 24.17105660523297, 0.0], [70.0250573149208, 24.17128491001085, 0.0], [70.06681013005067, 24.199159175692753, 0.0], [70.10986838129497, 24.294974709993802, 0.0], [70.32558535976045, 24.351876357236936, 0.0], [70.36845917893949, 24.350768959097582, 0.0], [70.56114694245989, 24.420881687232537, 0.0], [70.60246854048117, 24.40812271674506, 0.0], [70.56204197156062, 24.354456479430073, 0.0], [70.58453131178516, 24.290362479199217, 0.0], [70.57122975731508, 24.251734939701524, 0.0], [70.71389960451779, 24.215652864320944, 0.0], [70.80545966859978, 24.22085410812986, 0.0], [70.90725775531813, 24.258779151394595, 0.0], [70.87574872051526, 24.280231635297017, 0.0], [70.87866591196433, 24.30139654380911, 0.0], [70.98654247988614, 24.36470894190719, 0.0], [71.0421337103177, 24.35125242464811, 0.0], [71.08188923646222, 24.392911603291605, 0.0], [71.11967495536284, 24.402487298300226, 0.0], [71.12552648574, 24.420078917981726, 0.0], [71.10306730709, 24.43569636195815, 0.0], [70.99856518363602, 24.444426756806394, 0.0], [71.00520976704365, 24.523020742100375, 0.0], [70.98735474419244, 24.543420541071985, 0.0], [70.9862612391815, 24.595463622461153, 0.0], [71.00945980138492, 24.63542327582564, 0.0], [71.07473165777893, 24.6619196805598, 0.0], [71.09637936930064, 24.688540948065775, 0.0], [71.06529909544292, 24.717460937300007, 0.0], [71.02648014318743, 24.80884939307762, 0.0], [70.93762775979013, 24.93855841881087, 0.0], [70.88867057709743, 25.148173493262604, 0.0], [70.75158096643474, 25.27781544952651, 0.0], [70.73679534074579, 25.33255728630982, 0.0], [70.66481386113475, 25.396882653078826, 0.0], [70.67845329463414, 25.525196238230336, 0.0], [70.66713607277404, 25.531338643034353, 0.0], [70.67393366966175, 25.67584185887706, 0.0], [70.66007425167258, 25.702152567242887, 0.0], [70.6088517550358, 25.71497322116903, 0.0], [70.53015486258417, 25.68348035061268, 0.0], [70.38700215750762, 25.673831536881917, 0.0], [70.26865201398138, 25.71360020120755, 0.0], [70.24724135070815, 25.761605257256388, 0.0], [70.1744548146342, 25.82836583221034, 0.0], [70.09976322789849, 25.93826304739475, 0.0], [70.08338721965677, 26.08328898504366, 0.0], [70.14142471602736, 26.156215101738105, 0.0], [70.17504729751164, 26.251528463014466, 0.0], [70.16350941157431, 26.294930853185484, 0.0], [70.18536272777014, 26.374334459871086, 0.0], [70.17417637884058, 26.551443370252663, 0.0], [70.1171964186136, 26.586880575302416, 0.0], [70.05623329344274, 26.600568522660584, 0.0], [69.88676690254117, 26.578870098370928, 0.0], [69.82311901173334, 26.589028990141845, 0.0], [69.71970563845777, 26.654695317295705, 0.0], [69.51030972695143, 26.743503765400998, 0.0], [69.48442566921284, 26.804835289189867, 0.0], [69.51331289007925, 27.00998351466062, 0.0], [69.58641588971409, 27.182646591220454, 0.0], [69.86248468008117, 27.401807498679958, 0.0], [69.93389090904341, 27.497830759763044, 0.0], [70.02589969963184, 27.56291993466194, 0.0], [70.13239619594734, 27.80595556294311, 0.0], [70.22701157338452, 27.90137058034869, 0.0], [70.29618493608345, 27.936015539673473, 0.0], [70.37219234913721, 28.01183214485653, 0.0], [70.50582063866622, 28.037038001566057, 0.0], [70.58946000765594, 28.010439695980565, 0.0], [70.6773991829831, 27.921846194077325, 0.0], [70.68437192759325, 27.828185800286146, 0.0], [70.73976792447606, 27.741921845971003, 0.0], [70.75931607291224, 27.72126581964305, 0.0], [70.8718394310662, 27.705597885464897, 0.0], [70.9631992688137, 27.729377536019246, 0.0], [71.20553536628532, 27.8354174787109, 0.0], [71.38306322643356, 27.872630067673004, 0.0], [71.66643338345203, 27.877756409422553, 0.0], [71.89834425460967, 27.961210443086124, 0.0], [71.9273612585468, 28.121740076444205, 0.0], [72.00429031802994, 28.218656613437286, 0.0], [72.13224352223673, 28.31309839432764, 0.0], [72.20613068311621, 28.39426882054276, 0.0], [72.29923759914585, 28.669754062980292, 0.0], [72.39070263664227, 28.770357249902446, 0.0], [72.73308526951477, 28.948087888790415, 0.0], [72.94584049957601, 29.027947566812745, 0.0], [73.00435759044241, 29.15295413384825, 0.0], [73.0844285258285, 29.23626562506862, 0.0], [73.28209722938989, 29.572031894776092, 0.0], [73.39692523430344, 29.94599769769999, 0.0], [73.59700188022335, 30.018977276930308, 0.0], [73.80656041516231, 30.068029040353956, 0.0], [73.97227776612755, 30.197853267947483, 0.0], [73.95653388098933, 30.276071123291345, 0.0], [73.93086710870575, 30.32006846505001, 0.0], [73.87977595887492, 30.359722015249012, 0.0], [73.97378803523206, 30.44382443979632, 0.0], [73.92625874031995, 30.438930277903506, 0.0], [73.93445389061701, 30.490277129178438, 0.0], [73.9641297013044, 30.45647613680976, 0.0], [73.96365797890074, 30.48485221879444, 0.0], [73.98199123382086, 30.50401845364678, 0.0], [74.01998903437169, 30.51417029663442, 0.0], [74.0120267929102, 30.533592490909246, 0.0], [74.03101009377806, 30.526926936596883, 0.0], [74.03922041917556, 30.542617387243844, 0.0], [74.05730646279102, 30.518689710743075, 0.0], [74.07227991878537, 30.52290965921656, 0.0], [74.09094792495416, 30.549421519065746, 0.0], [74.07342036301976, 30.55467685125865, 0.0], [74.1021283799204, 30.579231926258455, 0.0], [74.09603699341811, 30.611607235198345, 0.0], [74.11806563762404, 30.607906363980337, 0.0], [74.12736185051978, 30.634796399440994, 0.0], [74.14782013690368, 30.631060568617343, 0.0], [74.19332162847792, 30.66517431857509, 0.0], [74.23265785815956, 30.724556429892242, 0.0], [74.28646024302411, 30.735695883166752, 0.0], [74.26017369538037, 30.773095051788857, 0.0], [74.30196721539865, 30.779368809586074, 0.0], [74.29487555125, 30.794506992303926, 0.0], [74.32038523462946, 30.846626511749143, 0.0], [74.38208903926696, 30.860433952420568, 0.0], [74.36076587852945, 30.873703769423912, 0.0], [74.36590541531822, 30.892932488990056, 0.0], [74.42271799102052, 30.90777871608848, 0.0], [74.41033544559508, 30.92348943407914, 0.0], [74.42874679549631, 30.93122551883018, 0.0], [74.41386535823949, 30.929648730065953, 0.0], [74.41640488140314, 30.940334604730676, 0.0], [74.54615956199628, 30.99241636795173, 0.0], [74.54247779896039, 31.017368541265434, 0.0], [74.56823380915245, 31.054688965293177, 0.0], [74.59679977131414, 31.03766257393573, 0.0], [74.67116134293339, 31.05362739522935, 0.0], [74.69593050003515, 31.074159652399896, 0.0], [74.68910331109147, 31.12802073483335, 0.0], [74.65896841774382, 31.133971151597724, 0.0], [74.63623178432016, 31.118259048063326, 0.0], [74.63087718799935, 31.132710347309754, 0.0], [74.60305052834897, 31.13360087580208, 0.0], [74.61066736911717, 31.099295957331666, 0.0], [74.57126867886436, 31.08142183138629, 0.0], [74.55149659644533, 31.08638518518483, 0.0], [74.54835510039486, 31.121927358351197, 0.0], [74.51036333653666, 31.131900952092806, 0.0], [74.52596332520717, 31.21176657415657, 0.0], [74.51700738178924, 31.22791951116331, 0.0], [74.53273077962814, 31.249690928187366, 0.0], [74.52060281218647, 31.26892221804354, 0.0], [74.54202661242158, 31.303774590251866, 0.0], [74.52633454401179, 31.311972755646796, 0.0], [74.54886208574726, 31.33482516821922, 0.0], [74.5516530986375, 31.36435210787395, 0.0], [74.58348208704089, 31.379039044824236, 0.0], [74.60246003217846, 31.420509456692344, 0.0], [74.65461026491235, 31.42600820154489, 0.0], [74.63859514425373, 31.444378084214105, 0.0], [74.65213787345095, 31.457301198042128, 0.0], [74.62754639438134, 31.476901790218943, 0.0], [74.63647893507829, 31.484762508885098, 0.0], [74.60976763508972, 31.49987021956146, 0.0], [74.58728422357309, 31.49629101348282, 0.0], [74.57521291292895, 31.501165986156813, 0.0], [74.58433187650962, 31.520922185264318, 0.0], [74.61289831764428, 31.52734045625498, 0.0], [74.61560038618794, 31.56898312495353, 0.0], [74.55531664299589, 31.6078403922079, 0.0], [74.53496074930437, 31.677598719119725, 0.0], [74.48659647325046, 31.714998933684566, 0.0], [74.50370384453453, 31.740477622134, 0.0], [74.55940688236319, 31.757879837280335, 0.0], [74.5579057907392, 31.804769749366603, 0.0], [74.60786214786279, 31.890385962709637, 0.0], [74.63630900451959, 31.884221787503996, 0.0], [74.66670525897813, 31.92273447006908, 0.0], [74.7192389901294, 31.923689700199827, 0.0], [74.72016503734092, 31.94142789869672, 0.0], [74.75657217832278, 31.943699869316337, 0.0], [74.75559337077414, 31.955754205063222, 0.0], [74.81910005671051, 31.958749484204464, 0.0], [74.82887294159269, 31.99861666224783, 0.0], [74.87997801700836, 32.03203976640097, 0.0], [74.86892089591699, 32.04160983817831, 0.0], [74.87954987905353, 32.05379683818734, 0.0], [74.92795787771725, 32.06645975631884, 0.0], [75.012364529904, 32.03574542134554, 0.0], [75.0687013186459, 32.06719096559481, 0.0], [75.10489529354423, 32.058569709237695, 0.0], [75.12290531239697, 32.08138206434424, 0.0], [75.17424345677065, 32.067468614480106, 0.0], [75.1984973602731, 32.082670988153545, 0.0], [75.20245773155801, 32.120237380682056, 0.0], [75.24027979434285, 32.091065462788855, 0.0], [75.2788854420092, 32.11731070825725, 0.0], [75.28535460619403, 32.151494734938126, 0.0], [75.3224201259653, 32.179498517710385, 0.0], [75.31638085595891, 32.208036949874995, 0.0], [75.37243433454965, 32.22605309885016, 0.0], [75.38185508485905, 32.268954119300915, 0.0], [75.3204964877164, 32.297389977792086, 0.0], [75.33785148568859, 32.31972672406143, 0.0], [75.32267035712293, 32.34352776015121, 0.0], [75.2883023604502, 32.354481047626855, 0.0], [75.28495590416713, 32.371963559832864, 0.0], [75.25812933852544, 32.37141240338954, 0.0], [75.25594392229786, 32.38926534164301, 0.0], [75.19395484778225, 32.40046901174483, 0.0], [75.1897656434701, 32.42580586429477, 0.0], [75.13142076565356, 32.40886425505365, 0.0], [75.10135327701106, 32.47769454014638, 0.0], [75.08553852762897, 32.46876027293896, 0.0], [75.02802275309213, 32.4970858011732, 0.0], [75.01930160159003, 32.46616216525509, 0.0], [74.95121231338248, 32.447488244632765, 0.0], [74.93793505448778, 32.47129726207805, 0.0], [74.89745612453324, 32.46843799926688, 0.0], [74.87728132046276, 32.49296900367551, 0.0], [74.81875336357054, 32.497913610469716, 0.0], [74.79477318057533, 32.4764032187487, 0.0], [74.68791721780177, 32.48687437817563, 0.0], [74.69060917597578, 32.532961041744024, 0.0], [74.66288244365893, 32.54452164465974, 0.0], [74.67383526673359, 32.56797635902694, 0.0], [74.65253985126071, 32.562964289447855, 0.0], [74.65877075264574, 32.596845390461716, 0.0], [74.63904570117718, 32.61464222980695, 0.0], [74.6952686915331, 32.661313144804616, 0.0], [74.65349777417471, 32.696685252207686, 0.0], [74.70477371094209, 32.84194785926658, 0.0], [74.64052170345738, 32.81894448260018, 0.0], [74.63462640767067, 32.806623870221806, 0.0], [74.65835744930916, 32.787654347110745, 0.0], [74.6322933652284, 32.77639725935502, 0.0], [74.63425835603184, 32.74954060367168, 0.0], [74.61919672774636, 32.76068300962713, 0.0], [74.57684232135078, 32.74790142487809, 0.0], [74.56289085168953, 32.760119076693776, 0.0], [74.51159108559021, 32.74550111543167, 0.0], [74.5116188567161, 32.76453264665756, 0.0], [74.48607576626652, 32.764446332464814, 0.0], [74.45940890506236, 32.787742365363485, 0.0], [74.41526113411655, 32.78455879478227, 0.0], [74.39100329858542, 32.763163396253525, 0.0], [74.35504814748043, 32.76699844439766, 0.0], [74.31447969772624, 32.796837810744194, 0.0], [74.30339774533218, 32.82984050885726, 0.0], [74.21964100399491, 32.84881799725412, 0.0], [74.21126446722894, 32.87343373076848, 0.0], [74.17880371934544, 32.88949593893063, 0.0], [74.06895239903635, 32.90955574417259, 0.0], [74.05816284784957, 32.93453760557026, 0.0], [73.99968100782759, 32.93540005827548, 0.0], [74.00618429031626, 32.954906813827655, 0.0], [73.97237063246853, 32.96720658989618, 0.0], [73.96464468930381, 32.987123694873105, 0.0], [73.82566292545629, 33.004011442074074, 0.0], [73.82597043622124, 32.977239446735844, 0.0], [73.79043084640416, 32.96680925253764, 0.0], [73.79451094844674, 33.0035912071862, 0.0], [73.74910670455421, 33.03362002634757, 0.0], [73.74283089151947, 33.066153763513505, 0.0], [73.6853880896357, 33.08746304658327, 0.0], [73.63773850901386, 33.08464481216052, 0.0], [73.63120112342894, 33.139516365306655, 0.0], [73.64868765723003, 33.13747236285209, 0.0], [73.66448202074315, 33.1613461163419, 0.0], [73.6680089318829, 33.20185730282454, 0.0], [73.64762171374448, 33.222823095922415, 0.0], [73.63354983171772, 33.2076360560682, 0.0], [73.63756334361737, 33.23040945765766, 0.0], [73.60651435540264, 33.27371327783272, 0.0], [73.61417185387862, 33.29289194485872, 0.0], [73.58929589376933, 33.32353706010794, 0.0], [73.59802802007884, 33.337518733962476, 0.0], [73.5784198167939, 33.328623781198345, 0.0], [73.57048791411442, 33.342977176456564, 0.0], [73.58376853191983, 33.35567573667985, 0.0], [73.56515453635176, 33.36625132282688, 0.0], [73.60316012508576, 33.41908250913214, 0.0], [73.58670810495838, 33.422805304766065, 0.0], [73.59606436715916, 33.43898349894095, 0.0], [73.63189207688973, 33.447594472328916, 0.0], [73.60206774370985, 33.49668321688657, 0.0], [73.61868329889249, 33.49535041654688, 0.0], [73.61144706050736, 33.51305905635797, 0.0], [73.641772703353, 33.52850685927541, 0.0], [73.62441448784257, 33.54086823301303, 0.0], [73.62870634121812, 33.57105881376259, 0.0], [73.60498348719479, 33.58869479872114, 0.0], [73.61190324544856, 33.60377953866328, 0.0], [73.56715499790064, 33.61773581843554, 0.0], [73.57774324783847, 33.638057760222146, 0.0], [73.56745869998029, 33.66848606781111, 0.0], [73.60313598839915, 33.71508701448186, 0.0], [73.59464599355569, 33.751232997663806, 0.0], [73.55992250378652, 33.781329071086375, 0.0], [73.59354571060702, 33.88977027059935, 0.0], [73.54760974943385, 33.93693385740305, 0.0], [73.5164536267698, 33.99882632033693, 0.0], [73.49093341200103, 34.13966813027794, 0.0], [73.49853890292003, 34.21121605418368, 0.0], [73.47283366150823, 34.2523021939937, 0.0], [73.48083596851133, 34.28942071500627, 0.0], [73.4567092816511, 34.27645405570934, 0.0], [73.42994302877047, 34.346297677414945, 0.0], [73.40786069190493, 34.350280583714806, 0.0], [73.39609684516442, 34.371607697994776, 0.0], [73.42773753169202, 34.42603761657887, 0.0], [73.43080691138653, 34.52133058987025, 0.0], [73.45383873230175, 34.57106412028386, 0.0], [73.53217693297803, 34.57098407948885, 0.0], [73.55613150035963, 34.58983646459266, 0.0], [73.6111498437274, 34.58482136437268, 0.0], [73.65026361755305, 34.56196425249197, 0.0], [73.65375516460206, 34.600528050296035, 0.0], [73.6950002947596, 34.65005273785323, 0.0], [73.65905374734889, 34.67309720539306, 0.0], [73.72994218105814, 34.77222199272998, 0.0], [73.77230683471313, 34.79610808559371, 0.0], [73.82177601495012, 34.79209879256096, 0.0], [73.83771233968642, 34.81315560185806, 0.0], [73.91937364142436, 34.81164782469595, 0.0], [73.93046814228482, 34.832389831836316, 0.0], [73.96099754378676, 34.838559281932945, 0.0], [73.96743558823702, 34.86382620647478, 0.0], [74.0299156996265, 34.87628112842555, 0.0], [74.03720021091033, 34.919227871430216, 0.0], [74.07117044847145, 34.93548156966822, 0.0], [74.05932483511707, 34.99267553202211, 0.0], [74.10974695698538, 35.016074678787376, 0.0], [74.06673749066996, 35.046269369970034, 0.0], [74.0711668973617, 35.05849048618404, 0.0], [74.10143039160391, 35.09914150832098, 0.0], [74.13367186643983, 35.11004802343396, 0.0], [74.1058609500979, 35.125722497762624, 0.0], [74.11227211696612, 35.14852713349626, 0.0], [74.03381399014182, 35.146862275394454, 0.0], [74.00282805906392, 35.183647823768446, 0.0], [73.95684471119613, 35.16804498404292, 0.0], [73.92454905511723, 35.20389702490758, 0.0], [73.86118917004228, 35.2071441448163, 0.0], [73.80832785427826, 35.2394964058775, 0.0], [73.77050842114097, 35.236001944413374, 0.0], [73.73352517857403, 35.208529230168914, 0.0], [73.70798409678127, 35.222483589441914, 0.0], [73.72497501591351, 35.27304851337682, 0.0], [73.69484255499296, 35.318405774279306, 0.0], [73.69543898998957, 35.369070274662846, 0.0], [73.7270230948012, 35.418988669232355, 0.0], [73.79203858092826, 35.45421966514864, 0.0], [73.77850494301595, 35.522894258630664, 0.0], [73.72961415398022, 35.52949253412728, 0.0], [73.72125591060943, 35.54921952375943, 0.0], [73.65883845469243, 35.54762856384659, 0.0], [73.628388404515, 35.569045233106046, 0.0], [73.56159722271661, 35.54638867064633, 0.0], [73.52792425038066, 35.56730188305628, 0.0], [73.50150525180514, 35.557569449499155, 0.0], [73.47736080568374, 35.57190167324873, 0.0], [73.39812355026359, 35.55708280294217, 0.0], [73.36348210006435, 35.59722367077872, 0.0], [73.26867792421196, 35.62438607466383, 0.0], [73.13291516498806, 35.71077731410987, 0.0], [73.12650045357906, 35.776226829399874, 0.0], [73.14866407224991, 35.831183366663545, 0.0], [73.08388280952666, 35.87746264552785, 0.0], [73.0288243808268, 35.84705807372833, 0.0], [72.98707777434002, 35.859810612648786, 0.0], [72.91844227966982, 35.83905731457336, 0.0], [72.89244750217222, 35.844540859679924, 0.0], [72.89112688130388, 35.87373739515665, 0.0], [72.83931703257373, 35.867128353482464, 0.0], [72.8191576727771, 35.88172031555716, 0.0], [72.78428867157484, 35.84145437026222, 0.0], [72.76143859711048, 35.83230394788597, 0.0], [72.726579143447, 35.853051952433326, 0.0], [72.68438379242463, 35.82252516019245, 0.0], [72.6281396482155, 35.857857931957206, 0.0], [72.58510091898123, 35.85937260895072, 0.0], [72.55823539249411, 35.89766474268416, 0.0], [72.51847361744167, 35.90548266954138, 0.0], [72.51307732713133, 35.938673015676976, 0.0], [72.5348863493741, 35.95063852403992, 0.0], [72.53867268135834, 35.985120108134616, 0.0], [72.55996380227799, 35.98695711330198, 0.0], [72.58459509351789, 36.025079644549535, 0.0], [72.51668047148195, 36.06733485634094, 0.0], [72.52761512305742, 36.11022323459882, 0.0], [72.56170494997335, 36.139890004078204, 0.0], [72.53592130611604, 36.17330498038023, 0.0], [72.54731437031107, 36.20540649704994, 0.0], [72.57394614350457, 36.22380359331461, 0.0], [72.5846574594175, 36.25689112069165, 0.0], [72.6116826533414, 36.26948686070132, 0.0], [72.68483394089195, 36.24388259667907, 0.0], [72.68056050110906, 36.27103386370023, 0.0], [72.75917766219794, 36.298578631073006, 0.0], [72.81608189899251, 36.35643561530073, 0.0], [72.85366629353219, 36.36634879521649, 0.0], [72.87554436013929, 36.394560737511334, 0.0], [72.85966942977755, 36.435560495250186, 0.0], [72.90814949500567, 36.46092210989989, 0.0], [72.97935897967538, 36.457319995203, 0.0], [72.97791320784377, 36.51152501221884, 0.0], [73.0519453482977, 36.532966367092335, 0.0], [73.09716682702546, 36.605994291307766, 0.0], [73.07410571151848, 36.628783866829316, 0.0], [73.06764565325672, 36.70062256271171, 0.0], [73.1164408200539, 36.68419542782839, 0.0], [73.1706714129415, 36.72403081921213, 0.0], [73.20139620751112, 36.69552922333642, 0.0], [73.2380143108076, 36.711520654961, 0.0], [73.29411981942599, 36.70422666297939, 0.0], [73.34783175615837, 36.71639960916537, 0.0], [73.3515758469503, 36.735004084321865, 0.0], [73.4214422122896, 36.74298328717417, 0.0], [73.49763291916159, 36.71313559602536, 0.0], [73.57930167434068, 36.72238069841331, 0.0], [73.589994585556, 36.69452375612035, 0.0], [73.62158150669725, 36.69034012006615, 0.0], [73.68926930622133, 36.68756878112271, 0.0], [73.70985361271534, 36.71233334749391, 0.0], [73.77478392803617, 36.702089623188435, 0.0], [73.7955511701838, 36.71884169616823, 0.0], [73.87670868987352, 36.704687176503356, 0.0], [73.88335772181071, 36.74528501770669, 0.0], [73.86798889062075, 36.76631694209065, 0.0], [73.83698687316486, 36.79513383734181, 0.0], [73.80151307063001, 36.794215121427484, 0.0], [73.79757326802644, 36.81819791785148, 0.0], [73.75883597567703, 36.816154865315966, 0.0], [73.705509598582, 36.83781156122834, 0.0], [73.70618722410374, 36.857953284795926, 0.0], [73.66700745523815, 36.88088069587852, 0.0], [73.67109330528261, 36.91169833616329, 0.0], [73.7287250897271, 36.89799025225201, 0.0], [73.7513224944502, 36.90968651369516, 0.0], [73.80071991632359, 36.887495871335766, 0.0], [73.820442789677, 36.90309102773681, 0.0], [73.85926115450113, 36.89731861029616, 0.0], [73.89302041328614, 36.87546052638496, 0.0], [73.91490226436608, 36.882982623223924, 0.0], [73.96149925408768, 36.83926671939754, 0.0], [74.04652144827178, 36.81082176010727, 0.0], [74.08551677989847, 36.84150731913885, 0.0], [74.13345904913861, 36.847903451058045, 0.0], [74.15575025862489, 36.91050768035201, 0.0], [74.24897082292057, 36.89360566410873, 0.0], [74.41986969474738, 36.99450233911415, 0.0], [74.52031071372713, 36.99583201134737, 0.0], [74.54255070567164, 36.96135483413861, 0.0], [74.56410133942393, 36.95789724941937, 0.0], [74.58041834827743, 37.021011851594935, 0.0], [74.56812173497066, 37.0517600087055, 0.0], [74.68117049299403, 37.086713808891076, 0.0], [74.70739054437101, 37.087288350881934, 0.0], [74.74713668568305, 37.02011358984212, 0.0], [74.769054813293, 37.0412219195212, 0.0], [74.8389018196267, 37.035843454223404, 0.0], [74.8347858508493, 37.005264269235575, 0.0], [74.91557906681324, 36.920259474439604, 0.0], [75.01567141310832, 36.99072294948749, 0.0], [75.10915168266698, 36.96189897864888, 0.0], [75.2109562495656, 37.050016805432946, 0.0], [75.33628346635359, 37.06282980133604, 0.0], [75.35442738877958, 36.98848285666375, 0.0], [75.41844787269477, 36.972395898735066, 0.0], [75.40692084163041, 36.908033447514875, 0.0], [75.44981846801072, 36.88892910218557, 0.0], [75.46326656331846, 36.83031329438914, 0.0], [75.61272425552026, 36.77527024657631, 0.0], [75.74442368631189, 36.607697649871604, 0.0], [75.80702153976438, 36.56342369040055, 0.0], [75.8524324315016, 36.558341235116146, 0.0], [75.94503801322207, 36.51160577536842, 0.0], [76.0711538630449, 36.48424232307085, 0.0], [76.16395310401366, 36.40645164510091, 0.0], [76.26650195845231, 36.358842963425865, 0.0], [76.35392723348227, 36.36944723487807, 0.0], [76.4374999092617, 36.31035342354019, 0.0], [76.44850030738405, 36.272011678598425, 0.0], [76.43678302976896, 36.25782946787868, 0.0], [76.48098103284536, 36.21973462172426, 0.0], [76.59409381825067, 36.17832092520254, 0.0], [76.65592379861029, 36.19218419121971, 0.0], [76.71111692784876, 36.14012669836729, 0.0], [76.72009158232956, 36.09769526800673, 0.0], [76.78375022649615, 36.07192793634444, 0.0], [76.81368762214146, 36.040628777781244, 0.0], [76.73213644814246, 35.95463610086389, 0.0], [76.78299468502509, 35.90520033904929, 0.0], [76.8074801427322, 35.84974556642572, 0.0], [76.86114806078125, 35.835952568768725, 0.0], [76.93561244441095, 35.78902238351356, 0.0], [77.00100395085254, 35.77556010476613, 0.0], [77.11565988152363, 35.79810513035286, 0.0], [77.1521902190962, 35.76863520794942, 0.0], [77.17635571773275, 35.768134603891895, 0.0], [77.17967968512366, 35.73021848812137, 0.0], [77.21301340371504, 35.73325194867624, 0.0], [77.25834485553423, 35.70432018390436, 0.0], [77.28743720385602, 35.7225905361672, 0.0], [77.32106790992941, 35.701048099437195, 0.0], [77.33554901345921, 35.71975389119631, 0.0], [77.36586677366746, 35.715187188849534, 0.0], [77.41155654082544, 35.65625662236635, 0.0], [77.43793594670825, 35.656143670474414, 0.0], [77.44012627078432, 35.602134106757426, 0.0], [77.47188083054749, 35.58427018988375, 0.0], [77.46522216970723, 35.55004742067441, 0.0], [77.48276395456145, 35.52962072393613, 0.0], [77.43052180173, 35.51367047935135, 0.0], [77.36197147654939, 35.54315526077576, 0.0], [77.33008171168849, 35.525699971679266, 0.0], [77.3852390728719, 35.47386032711133, 0.0], [77.44366367506596, 35.45945584246848, 0.0], [77.49613500821069, 35.47777672690857, 0.0], [77.62862370063733, 35.46503854729373, 0.0], [77.65309523187695, 35.48118008962288, 0.0], [77.68515861321985, 35.46682393549716, 0.0], [77.72877176653121, 35.47733448188647, 0.0], [77.73586585791692, 35.521098264836226, 0.0], [77.78631851474873, 35.487980226015, 0.0], [77.82924083215502, 35.505095511333955, 0.0], [77.91207715534868, 35.46109003464741, 0.0], [77.92931592630775, 35.49030750012094, 0.0], [77.98525189910845, 35.44830296336838, 0.0], [77.93926583546325, 35.50690904233673, 0.0], [77.96793558629086, 35.57176587968789, 0.0], [77.95780845609472, 35.60486753160106, 0.0], [78.00139710208079, 35.58236907632934, 0.0], [78.05556140089794, 35.58178741029454, 0.0], [78.08435169877309, 35.552018626440066, 0.0], [78.13676575056142, 35.53656839685655, 0.0], [78.16491206701309, 35.55173612985947, 0.0], [78.1698250859828, 35.624998211375, 0.0], [78.19743751896742, 35.622838508643554, 0.0], [78.21204885930615, 35.665999576357514, 0.0], [78.26561150631584, 35.647419330308324, 0.0], [78.28450706408204, 35.66449021830407, 0.0], [78.27695029295123, 35.71837413963103, 0.0], [78.40386366145306, 35.735849330071034, 0.0], [78.44267157831341, 35.783642770868376, 0.0], [78.53416402004919, 35.762512781396424, 0.0], [78.64643064161201, 35.821067133887624, 0.0], [78.67331106271783, 35.85420353692476, 0.0], [78.78622026967768, 35.86887834233578, 0.0], [78.8390708557496, 35.85611608524145, 0.0], [78.92512110715968, 35.86751021229245, 0.0], [78.96920489747426, 35.890168998473186, 0.0], [79.03224771557694, 35.84771722167682, 0.0], [79.16467252908285, 35.83818619934389, 0.0], [79.21275983387457, 35.8778655693435, 0.0], [79.20449494995924, 35.92770244577784, 0.0], [79.23089883918774, 35.97216418631757, 0.0], [79.35803111216833, 35.99173278685313, 0.0], [79.4103534555518, 35.985977349983166, 0.0], [79.4401998129321, 35.89408335785394, 0.0], [79.53622797068888, 35.87963863128423, 0.0], [79.7510905897153, 35.79691898983378, 0.0], [79.89895948179878, 35.77510864093626, 0.0], [79.96769554738376, 35.825181181355504, 0.0], [80.01569235268933, 35.82616357856605, 0.0], [80.12889651619597, 35.65673282800038, 0.0], [80.21308208520455, 35.638657266590236, 0.0], [80.31171197213942, 35.58795612627231, 0.0], [80.31462835969842, 35.53607617558542, 0.0], [80.34508361147006, 35.46117218167008, 0.0], [80.29848467263422, 35.416988317016134, 0.0], [80.29747554933599, 35.35286837764616, 0.0], [80.24265702387112, 35.20801550973247, 0.0], [80.18503256934862, 35.130628277778634, 0.0], [80.18689509400906, 35.00799859376606, 0.0], [80.12723516230292, 34.87254927333089, 0.0], [80.07499516334299, 34.80541788310842, 0.0], [80.06531123639259, 34.69285774577914, 0.0], [79.9446624961576, 34.6609008589829, 0.0], [79.87825965397698, 34.67485900528171, 0.0], [79.77660426282954, 34.610383780962074, 0.0], [79.79437565329123, 34.58054060419386, 0.0], [79.76977587542392, 34.537777807501314, 0.0], [79.82104480432602, 34.51445548009954, 0.0], [79.81610383549828, 34.483093383616385, 0.0], [79.79143873084911, 34.466753603305975, 0.0], [79.59839275456183, 34.48675898357368, 0.0], [79.52215475550531, 34.46362185065823, 0.0], [79.53162878906623, 34.40875415916933, 0.0], [79.56893697497497, 34.400589779815434, 0.0], [79.56851109545816, 34.32019671505306, 0.0], [79.59696180926277, 34.278003937797656, 0.0], [79.59213872620731, 34.23582011669533, 0.0], [79.54005834405308, 34.19130732209025, 0.0], [79.51314184673336, 34.20093783565821, 0.0], [79.49368608402794, 34.18468074635768, 0.0], [79.4959542414474, 34.12444899576334, 0.0], [79.42111312070251, 34.075939795823196, 0.0], [79.41452918077964, 34.04171328039398, 0.0], [79.43744996917576, 34.01264765727701, 0.0], [79.41550566006603, 33.99900597145548, 0.0], [79.37366769663073, 34.0267541252779, 0.0], [79.2829437555704, 34.02760674296486, 0.0], [79.17292876664257, 34.058291511211486, 0.0], [79.14800750876717, 34.05506943487259, 0.0], [79.13823049531199, 34.017515962188064, 0.0], [79.11265090497778, 34.00894457181399, 0.0], [79.00114894135554, 34.03360822483652, 0.0], [78.95320932565438, 34.01313125013681, 0.0], [78.9183170982964, 33.963921795831475, 0.0], [79.01318592646128, 33.78293562578228, 0.0], [79.06045450203011, 33.77583472685514, 0.0], [79.01610614175891, 33.70226392408028, 0.0], [79.04631867830881, 33.67383453867118, 0.0], [79.07799577200421, 33.686081917301095, 0.0], [79.10015061404052, 33.616324027732496, 0.0], [78.90286043522408, 33.62201120145986, 0.0], [78.91452461707311, 33.606006327989284, 0.0], [78.906259813874, 33.57370954615545, 0.0], [78.94377379075837, 33.526069091188184, 0.0], [78.92707797246707, 33.454288014513715, 0.0], [78.97842196780265, 33.3364096521721, 0.0], [79.10769133123048, 33.289112026880254, 0.0], [79.22368286816462, 33.29628463294264, 0.0], [79.44611257180766, 33.257734694979796, 0.0], [79.44304461117254, 33.200360784907645, 0.0], [79.37321698760151, 33.10637983855979, 0.0], [79.38032263276045, 33.027669841086535, 0.0], [79.32490312238654, 33.012241536767675, 0.0], [79.36817105598615, 32.98252436468474, 0.0], [79.36895323911722, 32.966239081269066, 0.0], [79.39760399007744, 32.96184920575558, 0.0], [79.53836340928135, 32.78605230517705, 0.0], [79.59440544704718, 32.75947512968113, 0.0], [79.6096229669049, 32.72322819625513, 0.0], [79.56724132248766, 32.67006953975273, 0.0], [79.53748727355973, 32.65959143439247, 0.0], [79.42929013029953, 32.5235308211204, 0.0], [79.38453337000831, 32.52279768159949, 0.0], [79.37299037205182, 32.56048243667836, 0.0], [79.30525553639548, 32.585823290140496, 0.0], [79.25975137682451, 32.522654213375795, 0.0], [79.18208627272833, 32.473757321924715, 0.0], [79.12504496894444, 32.46502265410719, 0.0], [79.13516531665722, 32.432298560681296, 0.0], [79.09367983195565, 32.37713438011152, 0.0], [79.04540841868354, 32.387406392624776, 0.0], [79.00354542119736, 32.37488102116408, 0.0], [78.97118501662315, 32.335693587770095, 0.0], [78.80670178532397, 32.444248133982, 0.0], [78.75915778442331, 32.56778926108714, 0.0], [78.78236340038445, 32.59581052831272, 0.0], [78.74333982023323, 32.654977708317304, 0.0], [78.75069655205878, 32.692763033099226, 0.0], [78.7087113607257, 32.65613374108673, 0.0], [78.64836957967607, 32.64385770741254, 0.0], [78.6052592071504, 32.591090245086434, 0.0], [78.56551380272859, 32.614845958313666, 0.0], [78.45128282411056, 32.57759855285173, 0.0], [78.40726791429165, 32.52610031745124, 0.0], [78.46124808708431, 32.503797021776286, 0.0], [78.46087946628307, 32.461837850614195, 0.0], [78.49576495534357, 32.422020408031706, 0.0], [78.5335054616725, 32.415460182397375, 0.0], [78.48478779165254, 32.34913626499874, 0.0], [78.48341139415848, 32.28138615690134, 0.0], [78.46083985072086, 32.24170848540192, 0.0], [78.55947839332919, 32.248689177598166, 0.0], [78.58795243826536, 32.236100879054526, 0.0], [78.61469130088692, 32.208805274320135, 0.0], [78.6137577857423, 32.17537160604331, 0.0], [78.59623236985591, 32.15776958026737, 0.0], [78.61766581133713, 32.11522499724754, 0.0], [78.65660321486624, 32.11148386901462, 0.0], [78.7189052243636, 32.035724001871806, 0.0], [78.78855243595781, 31.99323155153733, 0.0], [78.7781555771545, 31.93515530169547, 0.0], [78.75013791738192, 31.904482218618938, 0.0], [78.74020750111806, 31.837456024794314, 0.0], [78.70985362961426, 31.786615139415055, 0.0], [78.74119036727016, 31.757609190604786, 0.0], [78.72839171104533, 31.741743437101167, 0.0], [78.75401918070877, 31.685647659821107, 0.0], [78.79821945458573, 31.68181488962245, 0.0], [78.80699232963451, 31.64710918310324, 0.0], [78.85334150709464, 31.607426412443306, 0.0], [78.72838662321915, 31.51476748092738, 0.0], [78.73623940927848, 31.48057221841531, 0.0], [78.76663397297952, 31.486422091098433, 0.0], [78.81277826649423, 31.44973742587855, 0.0], [78.81658575045874, 31.419281380537548, 0.0], [78.79200595308377, 31.395544158314305, 0.0], [78.85876762230687, 31.366373921335992, 0.0], [78.85464742367859, 31.323457717704837, 0.0], [78.89879370856488, 31.262722068664488, 0.0], [78.93269269835828, 31.252941605382127, 0.0], [78.94759144478884, 31.319515146320065, 0.0], [79.01083236182365, 31.357082979934702, 0.0], [79.0617376206476, 31.46134748329882, 0.0], [79.1274231064775, 31.434858729188377, 0.0], [79.19928285653873, 31.35652998009499, 0.0], [79.24647535399816, 31.33003947173106, 0.0], [79.23921284880204, 31.314206729596968, 0.0], [79.27185560312219, 31.283185725972952, 0.0], [79.25186584767705, 31.243017480669373, 0.0], [79.29262284951496, 31.221218236697986, 0.0], [79.31748135791959, 31.136720734302436, 0.0], [79.39880309729324, 31.107786474103598, 0.0], [79.40772734328773, 31.076991473702087, 0.0], [79.42456785439265, 31.071074484322068, 0.0], [79.4247603685409, 31.030491986216923, 0.0], [79.51903486928121, 31.02670598615479, 0.0], [79.5525472016253, 30.96006766512676, 0.0], [79.60345524426255, 30.932654533948888, 0.0], [79.66359506272762, 30.966530853749305, 0.0], [79.66498822141146, 30.982921535106097, 0.0], [79.7171110960765, 30.975996618197367, 0.0], [79.75300753192396, 31.007865027773963, 0.0], [79.81636702565314, 30.97393458103727, 0.0], [79.8627145480691, 30.97535708246823, 0.0], [79.89025578792419, 30.91863661395521, 0.0], [79.91038712944452, 30.915067839374604, 0.0], [79.92909648297447, 30.882433359571074, 0.0], [79.96215289739088, 30.8900200331917, 0.0], [80.04203392189568, 30.835816163489618, 0.0], [80.05601755137941, 30.841506236786607, 0.0], [80.11090848491597, 30.779295111276774, 0.0], [80.17777080733698, 30.804054575658743, 0.0], [80.21490913993526, 30.749061571651836, 0.0], [80.2396635191054, 30.7620588586786, 0.0], [80.25051071194943, 30.73713692143192, 0.0], [80.23642214144112, 30.69038376567978, 0.0], [80.1997118893098, 30.683047101302144, 0.0], [80.1971583383326, 30.662092240251624, 0.0], [80.22116854458638, 30.6418156423941, 0.0], [80.21167076278932, 30.622419945918427, 0.0], [80.22683022187984, 30.578944968572255, 0.0], [80.25776006998987, 30.558835943861485, 0.0], [80.28306715758188, 30.57219338992645, 0.0], [80.38559198207714, 30.515049869168365, 0.0], [80.41557934702699, 30.52533452272552, 0.0], [80.53907844162086, 30.449196884864595, 0.0], [80.59800884154505, 30.478766267700138, 0.0], [80.75196889019603, 30.393503887548103, 0.0], [80.8215708237318, 30.31555756520214, 0.0], [81.03320801831158, 30.246389546460218, 0.0], [81.02710021689168, 30.228455013322076, 0.0], [81.04327618778782, 30.20455868438733, 0.0], [80.96004733549182, 30.178992384428653, 0.0], [80.91828113879099, 30.189834428689675, 0.0], [80.91971866840908, 30.214195647653032, 0.0], [80.90273266705697, 30.215380752427567, 0.0], [80.86776400369097, 30.1738658117404, 0.0], [80.8747716636085, 30.12648564521241, 0.0], [80.76103175383791, 30.049516989228344, 0.0], [80.74677142932991, 30.005780351776718, 0.0], [80.71896496702355, 30.00057859733477, 0.0], [80.67454792638357, 29.957214675876713, 0.0], [80.6018482519247, 29.958126873442534, 0.0], [80.57410987448276, 29.924037693312574, 0.0], [80.55312165812698, 29.85133584234508, 0.0], [80.50667699496907, 29.823020302882135, 0.0], [80.49385650496939, 29.795804935437655, 0.0], [80.43502786140024, 29.80597352541365, 0.0], [80.40694746092619, 29.794740769889582, 0.0], [80.39737336515972, 29.75890821857114, 0.0], [80.36586612700218, 29.74841529875917, 0.0], [80.38416981782575, 29.675090429281703, 0.0], [80.42025791187869, 29.63833330392953, 0.0], [80.40793903305077, 29.595971862765285, 0.0], [80.37848556469446, 29.5610532855787, 0.0], [80.34247042132418, 29.552773492123084, 0.0], [80.35788160920677, 29.53276741038047, 0.0], [80.34966954308952, 29.51920845963587, 0.0], [80.2869353117981, 29.476976731357457, 0.0], [80.30178427653055, 29.4527761154087, 0.0], [80.24224020799761, 29.442875812306923, 0.0], [80.24215147554108, 29.411376068085172, 0.0], [80.27511661572748, 29.393009368638054, 0.0], [80.28005758543554, 29.34702347059668, 0.0], [80.31688103378544, 29.315249090911717, 0.0], [80.29057222918945, 29.231561974952662, 0.0], [80.29737552632243, 29.204926396980788, 0.0], [80.28595003646903, 29.195846114695353, 0.0], [80.2487972941652, 29.22122848300286, 0.0], [80.2405377627548, 29.202542969189935, 0.0], [80.2720523310004, 29.141296262134635, 0.0], [80.23304356631961, 29.118487504154796, 0.0], [80.18319036017822, 29.13718471883438, 0.0], [80.1428679042325, 29.09952308287976, 0.0], [80.12450460515387, 29.0130694941399, 0.0], [80.13541855309559, 29.00739607183163, 0.0], [80.11792428264242, 28.981547500115063, 0.0], [80.10054704906716, 28.98690383562539, 0.0], [80.05846925094441, 28.91662610044723, 0.0], [80.07481909319131, 28.824486821141374, 0.0], [80.1180516223278, 28.828979808780783, 0.0], [80.21598577659897, 28.755568213156415, 0.0], [80.2565807240281, 28.754251766818765, 0.0], [80.25651912289028, 28.72924844814234, 0.0], [80.31712168819956, 28.70014296244921, 0.0], [80.32572698221313, 28.666477585471675, 0.0], [80.36099535912435, 28.635262687239788, 0.0], [80.45084485396642, 28.629539628723922, 0.0], [80.4686772033093, 28.583530216418897, 0.0], [80.51762378603622, 28.551960232200035, 0.0], [80.53059534214546, 28.572620836994723, 0.0], [80.50337842658142, 28.66514293268544, 0.0], [80.53952968033016, 28.690756411744353, 0.0], [80.56865746310436, 28.688132554683396, 0.0], [80.59051998920725, 28.680036686383286, 0.0], [80.58944836695817, 28.64803716733997, 0.0], [80.66762539846827, 28.64218933348161, 0.0], [80.6774668101064, 28.604445991202784, 0.0], [80.69575067967942, 28.603485742475794, 0.0], [80.69044598896437, 28.587595895131315, 0.0], [80.71453267488016, 28.568404828796833, 0.0], [80.76860067118456, 28.565907169673025, 0.0], [80.78919453355928, 28.5245187193646, 0.0], [80.86594896566268, 28.48958385812923, 0.0], [80.86152161840137, 28.504393573875657, 0.0], [80.89609396698523, 28.507019421944772, 0.0], [80.91541461107478, 28.457637151317236, 0.0], [80.91414818078728, 28.468427711482814, 0.0], [80.93051753117692, 28.457774754063543, 0.0], [80.94256800832227, 28.46888969919278, 0.0], [80.93202126538678, 28.45889065540352, 0.0], [80.95172675215139, 28.44764015238398, 0.0], [80.98016738569515, 28.455241628352635, 0.0], [80.96464346134921, 28.444837683161293, 0.0], [80.9788341444038, 28.43415188226969, 0.0], [81.01675713764791, 28.45128884290158, 0.0], [81.01260932942446, 28.43781974888886, 0.0], [81.03420343795169, 28.42817916512838, 0.0], [81.01753177021152, 28.41547259252627, 0.0], [81.03383359321857, 28.398898357024947, 0.0], [81.03567336900913, 28.413577411676048, 0.0], [81.07973896619026, 28.385059652078755, 0.0], [81.21059687760693, 28.360833495936937, 0.0], [81.23448227993234, 28.324738624341755, 0.0], [81.23263861656224, 28.289148133655267, 0.0], [81.32094381780092, 28.19755431114409, 0.0], [81.32134719956645, 28.168885656216766, 0.0], [81.30200419006587, 28.164762662250354, 0.0], [81.32805946350332, 28.148081655200635, 0.0], [81.31803071345357, 28.1336716463293, 0.0], [81.3710763242842, 28.14349157791672, 0.0], [81.37351487648401, 28.177300702169852, 0.0], [81.44668362943604, 28.161015665618528, 0.0], [81.44993367679433, 28.140850619562453, 0.0], [81.48400523282062, 28.118565967159277, 0.0], [81.47827632854802, 28.08271316954664, 0.0], [81.62398513676237, 28.001601001013917, 0.0], [81.69844070533497, 27.988191085257224, 0.0], [81.88495849183232, 27.856950582216143, 0.0], [81.92584984415964, 27.859831336711803, 0.0], [81.96832425065617, 27.929120762994053, 0.0], [82.06996083774081, 27.923645819395592, 0.0], [82.12138236443035, 27.865846270901482, 0.0], [82.20830675107342, 27.84357880328645, 0.0], [82.44867031220356, 27.6793150570731, 0.0], [82.70765284483626, 27.722916407878074, 0.0], [82.71150068678843, 27.665290109023456, 0.0], [82.73660162740579, 27.64345277567751, 0.0], [82.73511538183317, 27.60993289874388, 0.0], [82.75576695321416, 27.587799188287978, 0.0], [82.73554694044982, 27.50235207381607, 0.0], [82.9292879938328, 27.501189849501554, 0.0], [82.95409237740452, 27.467732553344586, 0.0], [83.03457411764566, 27.44872299122182, 0.0], [83.18794799528993, 27.454315519390928, 0.0], [83.2721515822888, 27.383348648681967, 0.0], [83.27242714732597, 27.352628147103665, 0.0], [83.31758751760918, 27.330163641768625, 0.0], [83.35923388073289, 27.34326157872854, 0.0], [83.40934186039902, 27.412806052186834, 0.0], [83.3839104538044, 27.436276617228472, 0.0], [83.40173927931382, 27.45753906602844, 0.0], [83.38817515478173, 27.479755211281898, 0.0], [83.61425345090416, 27.469443319183387, 0.0], [83.86378943913306, 27.34700792880768, 0.0], [83.88316535496732, 27.376560388436236, 0.0], [83.83311248167084, 27.425082514428166, 0.0], [83.84829349336543, 27.44635604689328, 0.0], [83.87549305422385, 27.435389511000324, 0.0], [83.99668681211627, 27.446050377387028, 0.0], [84.02692714474561, 27.43354075526184, 0.0], [84.09483785602237, 27.48901914261985, 0.0], [84.09769672753654, 27.51709274791906, 0.0], [84.14585675180018, 27.518657655552992, 0.0], [84.14912963129507, 27.48590832895061, 0.0], [84.20542497028502, 27.470427081946998, 0.0], [84.2089274263109, 27.442600146299736, 0.0], [84.2542609560584, 27.45404975220822, 0.0], [84.29238247421712, 27.384811550793454, 0.0], [84.6218932193654, 27.336927334565228, 0.0], [84.69114438087009, 27.21482197120663, 0.0], [84.67449035242664, 27.095905735602194, 0.0], [84.64615993451876, 27.07564708740651, 0.0], [84.64339421079373, 27.04614447120763, 0.0], [84.75674021827162, 27.00284599531902, 0.0], [84.77342089235948, 27.01773611966224, 0.0], [84.79356053279638, 26.995838222961996, 0.0], [84.82540156344697, 27.020913246895997, 0.0], [84.89157572619946, 26.969675146739238, 0.0], [84.96257975998962, 26.960526502695927, 0.0], [84.97850816603719, 26.940086030212573, 0.0], [84.96806383852419, 26.916144636941258, 0.0], [85.06119730736587, 26.886585247537056, 0.0], [85.03085823301174, 26.874363944196613, 0.0], [85.02397020486436, 26.85437725390348, 0.0], [85.19084225550294, 26.869824437250294, 0.0], [85.17673592874776, 26.809622470605532, 0.0], [85.21103156770221, 26.758427872765214, 0.0], [85.33451094275145, 26.74166787743605, 0.0], [85.40773796458694, 26.79134586293128, 0.0], [85.45191352072351, 26.781377300308687, 0.0], [85.4791833786839, 26.80214698243025, 0.0], [85.49564320655523, 26.797033183771006, 0.0], [85.49769817628422, 26.811901040899397, 0.0], [85.5659833374418, 26.84110222520871, 0.0], [85.57555745810043, 26.86099254530407, 0.0], [85.58566484995477, 26.8473587728455, 0.0], [85.6239042393797, 26.873781002934766, 0.0], [85.7211305851416, 26.820357631079727, 0.0], [85.7344790493305, 26.79587249704305, 0.0], [85.73224706553977, 26.653862494727612, 0.0], [85.80176817743953, 26.624270415711653, 0.0], [85.81773942217674, 26.602799665855898, 0.0], [85.85125989889718, 26.60867733699616, 0.0], [85.8514192825572, 26.56849001151432, 0.0], [85.92910351958983, 26.61681499407308, 0.0], [85.94817938092899, 26.61396195480825, 0.0], [85.96012208774725, 26.65101083212185, 0.0], [86.02758034153383, 26.666787180258, 0.0], [86.13876408326746, 26.628848759763255, 0.0], [86.13633011212357, 26.60633577158942, 0.0], [86.19224048045946, 26.61484125925716, 0.0], [86.19629974118166, 26.593943285183435, 0.0], [86.21767685060182, 26.588479756290802, 0.0], [86.25268757805391, 26.617108084126542, 0.0], [86.33289028587522, 26.619137374109417, 0.0], [86.49863400811236, 26.542096239070712, 0.0], [86.54154944278461, 26.53872262923092, 0.0], [86.57025070193009, 26.496563180053943, 0.0], [86.69322533025252, 26.451198207395322, 0.0], [86.73139799009145, 26.42261631369828, 0.0], [86.7664964880583, 26.459440822751425, 0.0], [86.83376935323756, 26.439098169881387, 0.0], [86.89423019339637, 26.46192695771567, 0.0], [86.89167627345898, 26.48618895605604, 0.0], [86.92999453136157, 26.489684066124504, 0.0], [86.93215913075862, 26.516954037688766, 0.0], [87.01535972751554, 26.532043804658603, 0.0], [87.04467403985063, 26.587234076265315, 0.0], [87.07182249393841, 26.585813894207266, 0.0], [87.09165094385638, 26.450292247606843, 0.0], [87.16256152219992, 26.403895255978345, 0.0], [87.26105184680537, 26.409269915742918, 0.0], [87.26601523477706, 26.373875004665386, 0.0], [87.31253370418635, 26.371568726580836, 0.0], [87.34109251312596, 26.34751915550797, 0.0], [87.3584054885574, 26.36105398706223, 0.0], [87.36889286571018, 26.407937655422998, 0.0], [87.46377165528585, 26.43950923972546, 0.0], [87.5477041906464, 26.418374857513424, 0.0], [87.61040446388827, 26.3807774641456, 0.0], [87.65187737495503, 26.39342487739692, 0.0], [87.65020261367809, 26.40595727986593, 0.0], [87.6781278538007, 26.415834722308638, 0.0], [87.67755794619684, 26.435456095625636, 0.0], [87.73393997266201, 26.40761062066878, 0.0], [87.76475988038332, 26.409882142203625, 0.0], [87.78951460990098, 26.469431276053854, 0.0], [87.84882840620607, 26.43646348449021, 0.0], [87.88829370576025, 26.486759761275916, 0.0], [87.90980831623237, 26.45756321555747, 0.0], [87.8987393851946, 26.448709595485532, 0.0], [87.92514272501302, 26.444838657248194, 0.0], [87.92694196073603, 26.417801203738687, 0.0], [87.99191961400199, 26.392562878986432, 0.0], [88.00657951978316, 26.360996359490755, 0.0], [88.03050431003268, 26.364922205816505, 0.0], [88.03449892762075, 26.391910395329734, 0.0], [88.0956028769544, 26.439082424685186, 0.0], [88.09208430841738, 26.463307454501802, 0.0], [88.10696178330979, 26.475015014904812, 0.0], [88.09024129283249, 26.507252548123397, 0.0], [88.09802285424348, 26.5378685420639, 0.0], [88.16029940032429, 26.636439053888136, 0.0], [88.18716764652604, 26.74867822134279, 0.0], [88.17396633218794, 26.865316832120275, 0.0], [88.13635761456091, 26.89852014314928, 0.0], [88.14470390672916, 26.922477956960673, 0.0], [88.12013473954612, 26.950707714213507, 0.0], [88.13440408976346, 26.98623990625709, 0.0], [88.09214284201421, 27.00469557601562, 0.0], [88.07768601406426, 27.0354221510964, 0.0], [88.03784521633504, 27.036322954407858, 0.0], [88.02102123480866, 27.087829109742692, 0.0], [87.98683048026113, 27.11903642151247, 0.0], [88.01922224014572, 27.171051014034553, 0.0], [88.01233168263863, 27.215928406810853, 0.0], [88.032046635857, 27.286390214706994, 0.0], [88.06692781438161, 27.33577475670916, 0.0], [88.04157328020094, 27.372931077075442, 0.0], [88.05071357253597, 27.412984657683545, 0.0], [88.07505689364115, 27.433222685870984, 0.0], [88.0440843224067, 27.495810703796284, 0.0], [88.08183179517475, 27.58422090815999, 0.0], [88.14469098843821, 27.665354647188828, 0.0], [88.15617447139614, 27.736110255809887, 0.0], [88.17836971331072, 27.746184624875937, 0.0], [88.19717192802415, 27.79117232742309, 0.0], [88.17358413880754, 27.820296982873177, 0.0], [88.20220453800579, 27.83708528879023, 0.0], [88.1963933262097, 27.85378726924297, 0.0], [88.139921005591, 27.877498736121375, 0.0], [88.11958089448744, 27.91600455623149, 0.0], [88.14521402937534, 27.96408473347983, 0.0], [88.20533936143178, 27.941563285498443, 0.0], [88.20796035007521, 27.96165979713144, 0.0], [88.23717377049259, 27.970847933590075, 0.0], [88.25108464801116, 27.942350999572575, 0.0], [88.35226590761802, 27.989948470876055, 0.0], [88.39906563464235, 27.978036794326275, 0.0], [88.43059328150841, 28.008086764135864, 0.0], [88.46781649417306, 28.01713505694092, 0.0], [88.49561890108522, 28.053931379874204, 0.0], [88.52351398035673, 28.034985787201983, 0.0], [88.55080433383594, 28.037571690906315, 0.0], [88.55254617523038, 28.08141611635712, 0.0], [88.61934447790581, 28.098076248683512, 0.0], [88.60996104612525, 28.12869131526871, 0.0], [88.67206385417254, 28.072340964322194, 0.0], [88.7562864410044, 28.0759731718586, 0.0], [88.83627832747399, 28.0148145259063, 0.0], [88.83693675618585, 27.92878043534674, 0.0], [88.87001863446518, 27.915602459593842, 0.0], [88.88767375925981, 27.85617988893227, 0.0], [88.88045136475992, 27.82918447733784, 0.0], [88.85583007011765, 27.81533219762501, 0.0], [88.86517176468689, 27.742736028149594, 0.0], [88.83798351651626, 27.706287315034544, 0.0], [88.84838624659979, 27.668007916841013, 0.0], [88.81526016771016, 27.646092926637706, 0.0], [88.79129471984633, 27.575103178444728, 0.0], [88.76376709535079, 27.564849986015698, 0.0], [88.7928153204547, 27.528898580080988, 0.0], [88.77699017006674, 27.46845594349044, 0.0], [88.80619567795677, 27.406796973309095, 0.0], [88.83767073227031, 27.379156049077494, 0.0], [88.86095047069254, 27.386537496120837, 0.0], [88.88401515482771, 27.342515219725417, 0.0], [88.91926028861788, 27.320618833170403, 0.0], [88.903289240424, 27.27258612889272, 0.0], [88.80309608291151, 27.247836216063902, 0.0], [88.78795817640241, 27.18411470337973, 0.0], [88.76460813876552, 27.17701750085758, 0.0], [88.74605916297672, 27.14425995447475, 0.0], [88.80203326536099, 27.139495204492206, 0.0], [88.8700466378706, 27.109812170433003, 0.0], [88.87713217225699, 26.944359153119738, 0.0], [88.92168375750937, 26.993927235766158, 0.0], [88.95247525798325, 26.968406944856216, 0.0], [88.94392382482532, 26.93414734819413, 0.0], [88.9803462152234, 26.917185946179135, 0.0], [89.02157248725153, 26.94068589046731, 0.0], [89.05089595488423, 26.91596994972672, 0.0], [89.04885848007127, 26.89911450763092, 0.0], [89.0956988296436, 26.891673151557605, 0.0], [89.10069402025081, 26.842526213529236, 0.0], [89.13448349106223, 26.80763888329201, 0.0], [89.26239526180018, 26.813777934070163, 0.0], [89.31849532672774, 26.851319989879464, 0.0], [89.37898177000716, 26.862178266802555, 0.0], [89.3897707823289, 26.84185405235464, 0.0], [89.4394791936187, 26.840335188403856, 0.0], [89.46952633198612, 26.80269296371064, 0.0], [89.56016942459314, 26.812860154747487, 0.0], [89.56590098904421, 26.79935342659215, 0.0], [89.64986891341927, 26.776738559181258, 0.0], [89.64352240170861, 26.748541214946375, 0.0], [89.61744849567118, 26.72930689423935, 0.0], [89.62377905069462, 26.718448907761996, 0.0], [89.65787419010591, 26.71865294856937, 0.0], [89.67175549726818, 26.739809586385157, 0.0], [89.72408387897286, 26.72228838368651, 0.0], [89.75280468200248, 26.73531300061621, 0.0], [89.77137167017251, 26.70100426946398, 0.0], [89.86308355712488, 26.700560978901155, 0.0], [89.86291655817092, 26.737066879036085, 0.0], [89.89841927349384, 26.72427496346513, 0.0], [90.04956506631781, 26.73036841278291, 0.0], [90.19452293626887, 26.77327133700098, 0.0], [90.18766904501992, 26.806811864176115, 0.0], [90.2251992265618, 26.85475657784571, 0.0], [90.3002984021664, 26.848220357782182, 0.0], [90.34778630038602, 26.875294817648264, 0.0], [90.3572428635358, 26.900708810435326, 0.0], [90.41748409227219, 26.904529501798745, 0.0], [90.54661291873602, 26.816639782582453, 0.0], [90.63444320876023, 26.79381032514694, 0.0], [90.6465742088529, 26.776580424077643, 0.0], [90.67597876651847, 26.784094686823696, 0.0], [90.7172775719259, 26.768268449326836, 0.0], [90.99187447411721, 26.790642259197966, 0.0], [91.05406044615773, 26.78098543494138, 0.0], [91.09756274504171, 26.821992879396678, 0.0], [91.23688719154316, 26.812002621880612, 0.0], [91.33724792627872, 26.7808609067841, 0.0], [91.37600584202414, 26.795227688372666, 0.0], [91.40764718663034, 26.83960256126241, 0.0], [91.49510696869676, 26.79120586429579, 0.0], [91.62552430848604, 26.820865834298953, 0.0], [91.68979670188132, 26.806451491669648, 0.0], [91.8241467408623, 26.864043453464504, 0.0], [91.85911185373642, 26.913338829889412, 0.0], [91.89173635296258, 26.919062682808413, 0.0], [91.98350144825937, 26.858191602950793, 0.0], [92.05672471862876, 26.847385037224836, 0.0], [92.10265183451222, 26.867168389052097, 0.0], [92.1209833222858, 26.960360209524936, 0.0], [92.10354610258995, 27.00397727177018, 0.0], [92.07841545535825, 27.017361378984297, 0.0], [92.08174568539984, 27.040815569148013, 0.0], [92.0441240696647, 27.051362379126914, 0.0], [92.0305172546195, 27.080957329480235, 0.0], [92.02672187082996, 27.168278959633003, 0.0], [92.05837835824774, 27.19030945405712, 0.0], [92.07257126988473, 27.233105977638406, 0.0], [92.03774787086488, 27.25744384236326, 0.0], [92.07379244561639, 27.27848136276052, 0.0], [92.1199494376461, 27.271796606922134, 0.0], [92.12281559506916, 27.287356104369366, 0.0], [92.06458382131211, 27.32697937067122, 0.0], [92.04824120209913, 27.36313242216749, 0.0], [92.05846986303595, 27.399707469534547, 0.0], [92.01630977808422, 27.48077213534793, 0.0], [91.95336998025955, 27.460032310296366, 0.0], [91.84860474575954, 27.486456290214143, 0.0], [91.82525392169114, 27.467852776479216, 0.0], [91.76697175978431, 27.464755438454457, 0.0], [91.7146231794204, 27.47453934786992, 0.0], [91.69505915650768, 27.50532766515445, 0.0], [91.65245214446915, 27.48304127207001, 0.0], [91.61229278196106, 27.543692505883552, 0.0], [91.58215060587534, 27.556764847980354, 0.0], [91.56603236657696, 27.583897673254686, 0.0], [91.58437425243451, 27.608222539207446, 0.0], [91.56217777079137, 27.63185337170992, 0.0], [91.57307366311957, 27.660691125468766, 0.0], [91.62854768505358, 27.699426997186396, 0.0], [91.64506763291635, 27.76944899500612, 0.0], [91.61464458598569, 27.821850009178974, 0.0], [91.56666687155546, 27.817936731203922, 0.0], [91.5562703764129, 27.856206121253077, 0.0], [91.66317784145718, 27.85295323669151, 0.0], [91.7098311223525, 27.807973329334462, 0.0], [91.76130681976304, 27.799957716911063, 0.0], [91.8206756644676, 27.815961003373065, 0.0], [91.86218545554775, 27.739689767664608, 0.0], [91.92770463826866, 27.722594230005072, 0.0], [91.99352554422784, 27.771182325283934, 0.0], [92.05142792208207, 27.763932939428003, 0.0], [92.21866064280574, 27.86951490249328, 0.0], [92.27754015082851, 27.869092549109105, 0.0], [92.31277332029154, 27.78848854829313, 0.0], [92.38510007051627, 27.800629717880383, 0.0], [92.38976450873815, 27.821429639931043, 0.0], [92.41629557808216, 27.83055467125, 0.0], [92.45626967251434, 27.81411983600795, 0.0], [92.50335717683846, 27.853950617305696, 0.0], [92.55621080874842, 27.824364230752032, 0.0], [92.61531446413153, 27.894538160142545, 0.0], [92.65771088711628, 27.90190298130195, 0.0], [92.74243231900242, 27.99258696554928, 0.0], [92.72070916901951, 28.030505160163745, 0.0], [92.66653978352966, 28.06375308361908, 0.0], [92.68794854480326, 28.1273979646856, 0.0], [92.81476538357175, 28.211043155019368, 0.0], [92.83609885307905, 28.179097132576388, 0.0], [92.89688002074783, 28.20515275161555, 0.0], [92.92284213071036, 28.240000359587544, 0.0], [92.96270561451189, 28.258557300964725, 0.0], [92.99729842311378, 28.229427663783806, 0.0], [93.02826955155791, 28.268694272623875, 0.0], [93.02234264697577, 28.310385818041436, 0.0], [93.2179575300804, 28.326081331412936, 0.0], [93.22422235155345, 28.405498876363247, 0.0], [93.18045103919886, 28.434875104547658, 0.0], [93.27773551144107, 28.501309105934297, 0.0], [93.30162074988338, 28.59895155835744, 0.0], [93.3249201173948, 28.609178566454073, 0.0], [93.3333633349958, 28.639083854821916, 0.0], [93.40601092285594, 28.651284174606975, 0.0], [93.44597333167727, 28.674722212668495, 0.0], [93.47049553464628, 28.65265349713735, 0.0], [93.49614673850351, 28.68596664086389, 0.0], [93.52241007423179, 28.65907128579864, 0.0], [93.61944740957078, 28.653387967190664, 0.0], [93.7398767474803, 28.684553166586028, 0.0], [93.7841447779071, 28.66336476980645, 0.0], [93.85060106460006, 28.70703601325928, 0.0], [93.93562864647934, 28.666105798205873, 0.0], [93.96176148002456, 28.693595803325636, 0.0], [93.97295441347627, 28.743218110044523, 0.0], [94.01030081340697, 28.772785817015766, 0.0], [93.9867042927676, 28.803755464120506, 0.0], [94.0072433131687, 28.840699639834668, 0.0], [94.16445814600677, 28.957456726626827, 0.0], [94.1860623790092, 29.028730159877277, 0.0], [94.22410190334222, 29.08782958829436, 0.0], [94.29365496062128, 29.14535274430817, 0.0], [94.36249076890272, 29.15260468093379, 0.0], [94.3748772865263, 29.18495278589308, 0.0], [94.43812228974905, 29.223193496266287, 0.0], [94.55071098226378, 29.220750761196932, 0.0], [94.63097645589865, 29.341236414801042, 0.0], [94.74130213199754, 29.274736897480583, 0.0], [94.79300858572822, 29.215298291900048, 0.0], [94.80412874563517, 29.162405321874402, 0.0], [94.87866855780071, 29.17502522065697, 0.0], [94.9157789065954, 29.152072692518303, 0.0], [94.95840574227977, 29.156389999524798, 0.0], [95.02244648076966, 29.133942678652907, 0.0], [94.97528041235928, 29.15654324375725, 0.0], [94.97981912929188, 29.173347102792494, 0.0], [94.99276775375724, 29.1707640154887, 0.0], [95.09505459661386, 29.139594063138155, 0.0], [95.10637501350075, 29.118905374349637, 0.0], [95.2417205557501, 29.110615035160045, 0.0], [95.24201768088963, 29.06355079572258, 0.0], [95.260070410483, 29.054075352879018, 0.0], [95.28792169396317, 29.062641776031104, 0.0], [95.41065362346272, 29.03051613643626, 0.0], [95.44029687349654, 29.03660040848819, 0.0], [95.46645443088948, 29.066455899561674, 0.0], [95.48098983345629, 29.14307413127327, 0.0], [95.53071713697081, 29.130485188699534, 0.0], [95.52693259966027, 29.215656528540507, 0.0], [95.57220226985571, 29.222806301268562, 0.0], [95.58302965190188, 29.260614486549873, 0.0], [95.6192634781446, 29.24969854707656, 0.0], [95.77688063150623, 29.3616523647093, 0.0], [95.78212686338145, 29.341388007917317, 0.0], [95.8309890755929, 29.358829566874544, 0.0], [95.86174617582857, 29.39511832891929, 0.0], [95.94180874978748, 29.387651264562702, 0.0], [96.04275269973337, 29.46073481072995, 0.0], [96.0812479808279, 29.46108161837478, 0.0], [96.14056856357827, 29.402050067400136, 0.0], [96.17649964390006, 29.345153556961257, 0.0], [96.17991903223515, 29.30751052751838, 0.0], [96.23548460183517, 29.24189199862761, 0.0], [96.28956722235974, 29.244634179799398, 0.0], [96.35430451865186, 29.29205331517532, 0.0], [96.3790756889715, 29.26710541766192, 0.0], [96.34201237394626, 29.178382369414308, 0.0], [96.24495311632433, 29.165763494704766, 0.0], [96.21051508024888, 29.148092034770237, 0.0], [96.17359182070828, 29.09921750606208, 0.0], [96.10205941642506, 29.078994946753546, 0.0], [96.14093220438355, 29.058280072095762, 0.0], [96.17147461989755, 28.99919127964731, 0.0], [96.17179659083445, 28.969786740831104, 0.0], [96.14229197652607, 28.956672648584107, 0.0], [96.13489786517611, 28.935233043177423, 0.0], [96.1608718851156, 28.897834156733506, 0.0], [96.22017167674264, 28.9297728802681, 0.0], [96.32690615659925, 29.02801835807473, 0.0], [96.4231419928666, 29.03751021558979, 0.0], [96.5135847970366, 29.07395831094373, 0.0], [96.46467360339757, 28.98313533073292, 0.0], [96.48122222856531, 28.958515722209643, 0.0], [96.50938421227484, 28.966365328076648, 0.0], [96.52608511634801, 28.882460508237987, 0.0], [96.60898542464952, 28.779832304959864, 0.0], [96.579307012067, 28.71158983696694, 0.0], [96.46690126020887, 28.675184356764632, 0.0], [96.48735636117254, 28.638908707144164, 0.0], [96.47447068596391, 28.621782087406118, 0.0], [96.4248444095239, 28.58210808300636, 0.0], [96.40202919571269, 28.580945508852, 0.0], [96.40001364981771, 28.559277183866996, 0.0], [96.34475466414571, 28.554007608602774, 0.0], [96.31857799421559, 28.525961517655723, 0.0], [96.36208100760709, 28.4803438791789, 0.0], [96.25340629671388, 28.407052418793423, 0.0], [96.31667737473676, 28.377567696240902, 0.0], [96.36258106530954, 28.386356722811133, 0.0], [96.39547785106303, 28.335916705583692, 0.0], [96.41737817782955, 28.340944191069823, 0.0], [96.45712775786227, 28.41381567179049, 0.0], [96.50537920962368, 28.41098100418649, 0.0], [96.57074762308079, 28.452324111008284, 0.0], [96.64113604634731, 28.457785323508606, 0.0], [96.74084618062115, 28.413813016107753, 0.0], [96.77028998703568, 28.367028647890354, 0.0], [96.83453698181393, 28.360719961049423, 0.0], [96.88967062771503, 28.378485621071814, 0.0], [96.9258432595797, 28.336852247445268, 0.0], [96.98761189171978, 28.303325287711015, 0.0], [97.07530583780976, 28.34961423583308, 0.0], [97.10569414131287, 28.346958369683765, 0.0], [97.17110345370361, 28.28566898746433, 0.0], [97.29526129572163, 28.261877631665392, 0.0], [97.40104241134013, 28.19225011062255, 0.0], [97.40116325397852, 28.181477836315647, 0.0], [97.36384640607834, 28.189089454755607, 0.0], [97.32790054364753, 28.150209830156548, 0.0], [97.34724292952689, 28.110487091317644, 0.0], [97.31043207962631, 28.07451657410007, 0.0], [97.32577652188924, 28.052698394267757, 0.0], [97.38094594616648, 28.059273309170614, 0.0], [97.37568260055667, 28.04015611670941, 0.0], [97.41289651394189, 28.014836541106856, 0.0], [97.37297955229583, 27.9680288801631, 0.0], [97.37359001647337, 27.88017707213089, 0.0], [97.30899593841181, 27.914991129123738, 0.0], [97.24902118824093, 27.899297119434134, 0.0], [97.10399842806602, 27.76974868965979, 0.0], [97.09384709087765, 27.740088464883648, 0.0], [97.03616235518108, 27.742387048815797, 0.0], [96.9830568733355, 27.6642821543194, 0.0], [96.94172480817593, 27.66074069591543, 0.0], [96.89674609325817, 27.609260982492906, 0.0], [96.89671205585688, 27.58150370185268, 0.0], [96.9122311484188, 27.580533171476816, 0.0], [96.91300766723951, 27.543882528432842, 0.0], [96.92982282316252, 27.52418227529232, 0.0], [96.90324408158976, 27.452726053144218, 0.0], [96.96230620468135, 27.40164912039862, 0.0], [96.96212553316498, 27.373115275393317, 0.0], [96.99810643926932, 27.318978624759165, 0.0], [97.02826671412323, 27.307943838959407, 0.0], [97.08850764319261, 27.238212264767718, 0.0], [97.09047581632866, 27.213618018973467, 0.0], [97.16385422420481, 27.142239812840547, 0.0], [97.1385180096543, 27.09104666994344, 0.0], [97.10034507466361, 27.108358633780664, 0.0], [97.06343882196555, 27.091454844554736, 0.0], [97.0302709043138, 27.13154928459372, 0.0], [96.98483234615341, 27.154298461790766, 0.0], [96.87441286238635, 27.180682462783953, 0.0], [96.85476671621058, 27.21024353378907, 0.0], [96.88523367316888, 27.226467601075605, 0.0], [96.88474046943516, 27.2596560395763, 0.0], [96.8470471168175, 27.271098076990818, 0.0], [96.8479842385313, 27.29027877329903, 0.0], [96.79666005708923, 27.34562707266453, 0.0], [96.70488533929469, 27.372040410326026, 0.0], [96.69748682693513, 27.357658723490943, 0.0], [96.60530908172348, 27.365548966137933, 0.0], [96.59571910124195, 27.33386687930014, 0.0], [96.5512196160263, 27.31845644239066, 0.0], [96.52385143408777, 27.286545891373247, 0.0], [96.44064501540579, 27.306331231467187, 0.0], [96.38683882527387, 27.2846318823203, 0.0], [96.30727464140213, 27.294275649925797, 0.0], [96.27102090472664, 27.271540279376993, 0.0], [96.2279946872609, 27.278683362768284, 0.0], [96.0229614398295, 27.1800817419111, 0.0], [95.94595616456176, 27.05164781203127, 0.0], [95.87007918668985, 27.01270285639956, 0.0], [95.8020304891049, 27.014500649451445, 0.0], [95.75500085140648, 26.953844934080884, 0.0], [95.74490551181043, 26.896329940183318, 0.0], [95.7241410160037, 26.882204793870407, 0.0], [95.66699781881573, 26.902862264682273, 0.0], [95.63187553930585, 26.87363138573704, 0.0], [95.60848871638926, 26.812858823592173, 0.0], [95.54312732853462, 26.835375974972195, 0.0], [95.5286629638325, 26.8252998513368, 0.0], [95.50654264946249, 26.80760596784282, 0.0], [95.48275926471744, 26.74705340009439, 0.0], [95.4590914112844, 26.74388473159572, 0.0], [95.43138003311854, 26.700698097796863, 0.0], [95.33578689297423, 26.674483126582846, 0.0], [95.30288644246326, 26.650822626854595, 0.0], [95.25900649617522, 26.65553218228798, 0.0], [95.25680454713687, 26.67656401007177, 0.0], [95.23423149024998, 26.68245593164293, 0.0], [95.20959620968398, 26.648846827469068, 0.0], [95.14892756204773, 26.61586720375363, 0.0], [95.15419426966649, 26.58314239569003, 0.0], [95.10754536134664, 26.541538110320293, 0.0], [95.11453827438555, 26.51851071281604, 0.0], [95.06199905885705, 26.449718503851276, 0.0], [95.08445224810842, 26.447054900556505, 0.0], [95.10386290386009, 26.420658682522102, 0.0], [95.09977243071927, 26.393731589358023, 0.0], [95.13213667504814, 26.37784122829281, 0.0], [95.12729752082305, 26.253980669472263, 0.0], [95.11459852202447, 26.23288937804041, 0.0], [95.14268026747443, 26.211634223935707, 0.0], [95.12195509698795, 26.18523313127766, 0.0], [95.11786895540781, 26.101077380835264, 0.0], [95.18588808769877, 26.073099057320768, 0.0], [95.1261070170849, 25.985750997957798, 0.0], [95.08949618217281, 25.95048507103146, 0.0], [95.03135204926906, 25.93114610942659, 0.0], [95.01177407358091, 25.897777459267907, 0.0], [95.00918643349362, 25.866610201213383, 0.0], [95.04996599709452, 25.799991162275205, 0.0], [95.04896571879159, 25.759355045749018, 0.0], [94.935979883754, 25.66761134549403, 0.0], [94.91508900182744, 25.607680898571633, 0.0], [94.88171373186832, 25.591049071475677, 0.0], [94.89850393134886, 25.565327647499704, 0.0], [94.84592230843117, 25.561938346147606, 0.0], [94.8079931771412, 25.49329397266813, 0.0], [94.78345043074013, 25.480400543062494, 0.0], [94.75142055774943, 25.493889678781237, 0.0], [94.71807727072927, 25.469486357608666, 0.0], [94.68361892753698, 25.466430226719563, 0.0], [94.66970872849063, 25.418252022397, 0.0], [94.63460245834104, 25.395006474763385, 0.0], [94.6345530909656, 25.357923015826657, 0.0], [94.58479409022674, 25.26654444597387, 0.0], [94.57564007041104, 25.2141237690923, 0.0], [94.60583305983616, 25.181291412674934, 0.0], [94.73700618771768, 25.13422072676608, 0.0], [94.74415580889034, 25.037271804745444, 0.0], [94.69659121840196, 24.968470015722488, 0.0], [94.71340059299996, 24.9343712881651, 0.0], [94.68794996888374, 24.888055214784938, 0.0], [94.63185538118817, 24.839455217128595, 0.0], [94.61860732518373, 24.779795054380116, 0.0], [94.62935570460085, 24.75696952778487, 0.0], [94.6051177901239, 24.712309349085892, 0.0], [94.58512448621144, 24.705419956832085, 0.0], [94.57943168762408, 24.72370843431636, 0.0], [94.54966357599187, 24.712769789402355, 0.0], [94.55006582778839, 24.65892821129974, 0.0], [94.52920722058316, 24.618023636453614, 0.0], [94.46153978110443, 24.557953392917636, 0.0], [94.42520368348208, 24.48612175143493, 0.0], [94.40307612819696, 24.475293774991595, 0.0], [94.39763410497487, 24.40728616047642, 0.0], [94.36713086208121, 24.39461835029757, 0.0], [94.38011200159195, 24.374635317384023, 0.0], [94.35400427506552, 24.334471421773817, 0.0], [94.32716244153391, 24.327664177834972, 0.0], [94.31532235585823, 24.252676996692077, 0.0], [94.29271339751057, 24.236018824760535, 0.0], [94.28318777065684, 24.179349822041512, 0.0], [94.25986506270313, 24.16226049842045, 0.0], [94.25154041079293, 24.08190782314396, 0.0], [94.18685796240354, 23.941281585532106, 0.0], [94.16535188004043, 23.92964002823266, 0.0], [94.15396903202515, 23.85315236876559, 0.0], [94.12067231994406, 23.832848422707514, 0.0], [94.08430454877076, 23.88142688760189, 0.0], [93.93046025258673, 23.95025042627925, 0.0], [93.80738300502999, 23.927075243318274, 0.0], [93.75420015337134, 24.005421667029047, 0.0], [93.62335428993974, 24.010919161369607, 0.0], [93.59165772044082, 23.96059050486828, 0.0], [93.55977306662811, 23.98207125457439, 0.0], [93.55010773216843, 23.95916092836425, 0.0], [93.50476027501382, 23.9421866861003, 0.0], [93.46350492220216, 23.973374188313958, 0.0], [93.40721554457805, 24.07970230152624, 0.0], [93.34856174819414, 24.10479490794885, 0.0], [93.35380679833226, 24.09053351660883, 0.0], [93.32854753043213, 24.08115267030451, 0.0], [93.33852282714314, 24.06155229550698, 0.0], [93.32593701903241, 24.04596654403096, 0.0], [93.33786565342609, 24.039828811181955, 0.0], [93.32589778069728, 24.02933661230524, 0.0], [93.3389628607753, 24.021477668383675, 0.0], [93.32862338432939, 23.98537965120123, 0.0], [93.35076391534515, 23.941649953353902, 0.0], [93.3931351163014, 23.928840093410145, 0.0], [93.38496383460055, 23.848127475483853, 0.0], [93.40326233301414, 23.80704562443074, 0.0], [93.391553959059, 23.75669197051795, 0.0], [93.41095264105927, 23.72940377839127, 0.0], [93.4072748455633, 23.70724376690727, 0.0], [93.43690617302809, 23.687040715959537, 0.0], [93.41650156625658, 23.64762863665141, 0.0], [93.42856114458228, 23.588281221917647, 0.0], [93.409815319457, 23.563648662775964, 0.0], [93.41853631442133, 23.54000709523388, 0.0], [93.39472258810432, 23.503759565996894, 0.0], [93.38801284338963, 23.446377600359487, 0.0], [93.40164726385484, 23.383748554785384, 0.0], [93.38763068633381, 23.359396960751962, 0.0], [93.3557726187552, 23.351891917048093, 0.0], [93.37288270256013, 23.329417939736718, 0.0], [93.36261471196605, 23.279137560721917, 0.0], [93.38861304280765, 23.21691821921964, 0.0], [93.36823432706484, 23.14409871616532, 0.0], [93.38561298539432, 23.133835432408485, 0.0], [93.35566459410346, 23.11605216719997, 0.0], [93.33926061454494, 23.073833779217697, 0.0], [93.35205975791631, 23.07039713771371, 0.0], [93.29353538030018, 23.006439601186006, 0.0], [93.22946170043367, 23.01164986058361, 0.0], [93.20986536301591, 23.04853955816274, 0.0], [93.18460949093156, 23.059540720250027, 0.0], [93.15609191641737, 23.04318060409591, 0.0], [93.13626500524052, 23.06064764563333, 0.0], [93.1267300042338, 23.04387085690566, 0.0], [93.12016702630095, 23.002441711180186, 0.0], [93.14062747833724, 22.989955345886077, 0.0], [93.13803911318367, 22.950564520645557, 0.0], [93.16453698314436, 22.910493530070013, 0.0], [93.1311738875158, 22.90609346233365, 0.0], [93.1105468906609, 22.81805312198345, 0.0], [93.09471769953039, 22.806186371151085, 0.0], [93.10735593153116, 22.752615438533386, 0.0], [93.09545940392238, 22.67248789368278, 0.0], [93.14031375214016, 22.592265173826405, 0.0], [93.10655038717071, 22.527025056089716, 0.0], [93.12820711693368, 22.52365335347138, 0.0], [93.13870432521716, 22.454516202417786, 0.0], [93.18529009930623, 22.42815307630734, 0.0], [93.20194511402431, 22.26309097478994, 0.0], [93.1420954291342, 22.245464089587422, 0.0], [93.16146139318217, 22.197096397802504, 0.0], [93.15082749266196, 22.176260318747676, 0.0], [93.12356239790915, 22.173546027279997, 0.0], [93.1110425138968, 22.2040283720521, 0.0], [93.03822036608693, 22.195028029302904, 0.0], [93.0491001518829, 22.168902209235917, 0.0], [93.0371953275478, 22.144378643553196, 0.0], [93.05957592897204, 22.10125220930583, 0.0], [93.00453237286663, 22.10359273205849, 0.0], [92.9948135133694, 22.032192373130655, 0.0], [93.00741352942032, 21.982325471274017, 0.0], [92.98056133827616, 21.980058240765985, 0.0], [92.95224920550932, 22.029710341124723, 0.0], [92.927245767554, 22.015636108170504, 0.0], [92.9357773679857, 22.00569695945789, 0.0], [92.90561366295358, 21.94023159498941, 0.0], [92.8913304495238, 22.011252737380914, 0.0], [92.86388957056981, 22.026753320337274, 0.0], [92.86340280675321, 22.06267404959649, 0.0], [92.84110021710413, 22.059395117521092, 0.0], [92.8099420874423, 22.09592188051134, 0.0], [92.6997641267659, 22.15507306611893, 0.0], [92.68962938945133, 22.071881628420975, 0.0], [92.6880380442748, 22.10372635969674, 0.0], [92.68176563479224, 22.103460474251296, 0.0], [92.67974816839154, 22.011552715391414, 0.0], [92.65161265072274, 22.0159088987373, 0.0], [92.63494020313516, 21.983219735537247, 0.0], [92.60321990126211, 21.977625102061253, 0.0], [92.61276069047358, 21.990114922798796, 0.0], [92.59261632920139, 22.037438211968833, 0.0], [92.60265905232491, 22.061100550273675, 0.0], [92.56262006767207, 22.12802368120933, 0.0], [92.57849806260208, 22.14340736571529, 0.0], [92.60574637909168, 22.123392340330074, 0.0], [92.60922646482756, 22.164018640265102, 0.0], [92.59522573182058, 22.175390146817815, 0.0], [92.58116581653131, 22.32176385942349, 0.0], [92.55207663845758, 22.40897357125653, 0.0], [92.55128148932326, 22.513296356222234, 0.0], [92.52167127424795, 22.559884306311744, 0.0], [92.53937466799417, 22.58914842293027, 0.0], [92.52872447457864, 22.66515215124646, 0.0], [92.51319590004002, 22.73278520921057, 0.0], [92.47384417445117, 22.746208516716933, 0.0], [92.44923604383997, 22.895008987119354, 0.0], [92.43373077561542, 22.885791059614473, 0.0], [92.42026517877795, 22.91834509949313, 0.0], [92.40109920448266, 22.911952692040877, 0.0], [92.3975862213673, 22.929698804724588, 0.0], [92.37177858684004, 22.936171143586822, 0.0], [92.39238450315082, 23.056450741019265, 0.0], [92.35801185772253, 23.103270177995913, 0.0], [92.3681996526201, 23.127264335015905, 0.0], [92.346784691252, 23.2356734238748, 0.0], [92.4041904428727, 23.240657245833855, 0.0], [92.38116455849004, 23.285102869020943, 0.0], [92.38568301034606, 23.30620336421331, 0.0], [92.36436410856366, 23.322918332748632, 0.0], [92.37905780987782, 23.361827770269926, 0.0], [92.35642535635068, 23.37234696264552, 0.0], [92.35740103853313, 23.410698266657022, 0.0], [92.31713375651894, 23.471654445092756, 0.0], [92.30821117426653, 23.5777051177541, 0.0], [92.28725916812323, 23.596038789647718, 0.0], [92.29576548072947, 23.62162786541313, 0.0], [92.27297464598901, 23.641939744024768, 0.0], [92.29147675712423, 23.68123306475397, 0.0], [92.27909500072218, 23.71640105522689, 0.0], [92.24100065685563, 23.720713597317857, 0.0], [92.23310165052071, 23.6675523886317, 0.0], [92.2163067521348, 23.651936662799727, 0.0], [92.20294949537885, 23.705702403327656, 0.0], [92.1777070096959, 23.707560445756783, 0.0], [92.17078808586905, 23.739226378805437, 0.0], [92.14872358838105, 23.7356345609805, 0.0], [92.06333561294053, 23.645015388671958, 0.0], [92.00867317898891, 23.6635011182974, 0.0], [91.97826835320922, 23.733083529495627, 0.0], [91.9570209657552, 23.73399100193591, 0.0], [91.95789426132991, 23.694406447985582, 0.0], [91.93401838389461, 23.684555154491164, 0.0], [91.97038529684848, 23.47828285962831, 0.0], [91.93666222367935, 23.46660237835684, 0.0], [91.94260805422459, 23.434976537896592, 0.0], [91.8997113285233, 23.440600248171187, 0.0], [91.84498944982133, 23.404685385264056, 0.0], [91.82514208716607, 23.352343250721237, 0.0], [91.76240934633833, 23.302936027813484, 0.0], [91.8100907535338, 23.165072894020067, 0.0], [91.8134557191374, 23.099200671248422, 0.0], [91.83580037331188, 23.09298550442162, 0.0], [91.80602757060198, 23.063028389266954, 0.0], [91.77451740818496, 23.06961598570285, 0.0], [91.78060815930411, 23.029092472261336, 0.0], [91.76854227643723, 23.040934728329265, 0.0], [91.72062470202343, 22.987423858792713, 0.0], [91.64545948138887, 22.985021559105, 0.0], [91.61938273763374, 22.938361062289893, 0.0], [91.60033287774245, 22.95426802621883, 0.0], [91.61379638629828, 22.958371455527463, 0.0], [91.60610450696709, 22.97190863091701, 0.0], [91.576762542956, 22.965218997316267, 0.0], [91.54248651444668, 22.999457074745944, 0.0], [91.55035650921782, 23.03840858228192, 0.0], [91.5304896694939, 23.03830841873691, 0.0], [91.52983207430579, 23.0916619790599, 0.0], [91.50314575591206, 23.13049096574865, 0.0], [91.51531805121532, 23.144988361184282, 0.0], [91.49088179224536, 23.157603634117397, 0.0], [91.49174123007079, 23.17755964137158, 0.0], [91.507540481265, 23.183684344405677, 0.0], [91.4707566844043, 23.1964197602432, 0.0], [91.48443081535024, 23.20918086065932, 0.0], [91.45061332149548, 23.219413373591195, 0.0], [91.4702728573508, 23.22763056911937, 0.0], [91.44523565056852, 23.24707435569403, 0.0], [91.45421040097365, 23.260370828443197, 0.0], [91.41831298805175, 23.25538784808396, 0.0], [91.40893863513958, 23.285193558194617, 0.0], [91.41132441591186, 23.25566447644604, 0.0], [91.39756115323397, 23.265124652071634, 0.0], [91.40874482509813, 23.24761622136375, 0.0], [91.39255325314952, 23.24589254430977, 0.0], [91.40091122235572, 23.229114399267456, 0.0], [91.38647096920884, 23.227555606873253, 0.0], [91.37989631520549, 23.184512912276535, 0.0], [91.4173710926859, 23.064757107857318, 0.0], [91.39585504556128, 23.05604060901931, 0.0], [91.34695855978187, 23.10230261362887, 0.0], [91.32333456585646, 23.158013804439793, 0.0], [91.32660682325903, 23.252286584606605, 0.0], [91.3002237281788, 23.29245208869728, 0.0], [91.31316492131664, 23.306303184978507, 0.0], [91.28985282713955, 23.318524493533236, 0.0], [91.32008596811743, 23.360088305248297, 0.0], [91.29107061424608, 23.350657051267643, 0.0], [91.29432948461641, 23.374678299200284, 0.0], [91.2797511387498, 23.376598231391696, 0.0], [91.24934241641951, 23.490170955008622, 0.0], [91.20076362180811, 23.52002354370241, 0.0], [91.21294567347277, 23.550414121976583, 0.0], [91.19445076539357, 23.547177647803306, 0.0], [91.15967525990116, 23.611291443751874, 0.0], [91.15630381404127, 23.670717389300766, 0.0], [91.19942169519427, 23.646578890216496, 0.0], [91.20852857077321, 23.686401214073577, 0.0], [91.15424271544892, 23.688392931901895, 0.0], [91.15707702662046, 23.74201834170932, 0.0], [91.19662855969837, 23.751093172285756, 0.0], [91.2190282536107, 23.736426459350014, 0.0], [91.22687641715206, 23.792252038859573, 0.0], [91.25407093230214, 23.836983773311502, 0.0], [91.22961558263285, 23.880594421488453, 0.0], [91.2461844629324, 23.913080148577514, 0.0], [91.23301899382076, 23.92695719331143, 0.0], [91.27621368738606, 23.92252498980972, 0.0], [91.26423052333851, 23.944219373340253, 0.0], [91.2846882030837, 23.982099853030757, 0.0], [91.28767960562284, 23.96800652125665, 0.0], [91.29979408487961, 23.97211965237896, 0.0], [91.30364125427936, 23.997905181949037, 0.0], [91.37952657892966, 23.97532618570275, 0.0], [91.37333590060041, 24.002645284236827, 0.0], [91.39659846557807, 24.049620144615595, 0.0], [91.37461056266247, 24.10777038909498, 0.0], [91.47316465995695, 24.10175274256627, 0.0], [91.58607295623912, 24.072600981637272, 0.0], [91.59454000953187, 24.09653371000406, 0.0], [91.63793269931564, 24.102922464222523, 0.0], [91.63444594670118, 24.13805495737277, 0.0], [91.66012813109678, 24.189535140973263, 0.0], [91.64774989707493, 24.218488992980284, 0.0], [91.6651592676771, 24.233529306329107, 0.0], [91.68828058840757, 24.162085405769343, 0.0], [91.75937265745422, 24.141527418640635, 0.0], [91.74502847804341, 24.246974819147812, 0.0], [91.81635591232838, 24.209938092807516, 0.0], [91.84470713016789, 24.225770570911944, 0.0], [91.85517932691434, 24.21238627067916, 0.0], [91.84543951625214, 24.19138178428322, 0.0], [91.87398836136633, 24.17447005622696, 0.0], [91.8844865264803, 24.138730857414693, 0.0], [91.90214190782555, 24.136877257808816, 0.0], [91.94081865665909, 24.268091503469606, 0.0], [91.91998876371832, 24.33746094465175, 0.0], [91.95680147255841, 24.35663423695854, 0.0], [91.99595060758675, 24.322054485336867, 0.0], [91.97045339828765, 24.384520976063392, 0.0], [91.98515799639281, 24.37665786276816, 0.0], [91.99665065265408, 24.393707718085665, 0.0], [92.09042348143011, 24.37161984502894, 0.0], [92.12190120960334, 24.382242932653575, 0.0], [92.13679962758953, 24.424959848700183, 0.0], [92.16458252317017, 24.418877637952665, 0.0], [92.15496470097087, 24.522969488594068, 0.0], [92.16948717483169, 24.531752608694827, 0.0], [92.21251567236165, 24.50366808598449, 0.0], [92.22380102592004, 24.517452478940676, 0.0], [92.25441586684079, 24.678029955247496, 0.0], [92.29603185237654, 24.736456202109206, 0.0], [92.27916000175217, 24.745297096714353, 0.0], [92.28891865205755, 24.784485563501864, 0.0], [92.27307794578947, 24.827442777459808, 0.0], [92.24146114635809, 24.842022753449626, 0.0], [92.24810428831124, 24.885493911512615, 0.0], [92.2328731680571, 24.90014609006138, 0.0], [92.29942532359699, 24.915720939275218, 0.0], [92.40009590889184, 24.848650669954207, 0.0], [92.4374039062824, 24.85560736264284, 0.0], [92.44480020938148, 24.871979830687412, 0.0], [92.48792261912098, 24.871309682245446, 0.0], [92.48749603279515, 24.946948868296857, 0.0], [92.44969975723691, 24.93859490005232, 0.0], [92.46752079845845, 24.963697003280434, 0.0], [92.42006263004461, 24.96626281002101, 0.0], [92.42528118196911, 25.029505964069543, 0.0], [92.34148165486198, 25.04853038870929, 0.0], [92.34855354235201, 25.073491425795215, 0.0], [92.33491451992049, 25.078445355256846, 0.0], [92.3106320249768, 25.06902054685222, 0.0], [92.22755038617795, 25.093705302102663, 0.0], [92.19616822708309, 25.108031383683734, 0.0], [92.21938319687165, 25.11700536744114, 0.0], [92.18932539496181, 25.13628745947928, 0.0], [92.18392811620946, 25.117921072994342, 0.0], [92.15959222659434, 25.126603278407774, 0.0], [92.16571321206088, 25.13594709977094, 0.0], [92.13583686666895, 25.13873799167887, 0.0], [92.13288205421418, 25.160147121992118, 0.0], [92.07385106064169, 25.18494824076528, 0.0], [92.00376164951365, 25.18616382463685, 0.0], [91.97166901939435, 25.16758094727262, 0.0], [91.91625510384097, 25.18134828422131, 0.0], [91.77460711313776, 25.16312953047141, 0.0], [91.75603067185057, 25.177497514723186, 0.0], [91.74764114051507, 25.140151415513213, 0.0], [91.70378279125849, 25.160016878633925, 0.0], [91.69179629936333, 25.13711757406346, 0.0], [91.63791423582313, 25.12254453618799, 0.0], [91.62150832471474, 25.143406601616682, 0.0], [91.60209036904806, 25.142721175061453, 0.0], [91.60973450201253, 25.177048439036355, 0.0], [91.57705817536359, 25.17196272994701, 0.0], [91.5572143550979, 25.149756082841122, 0.0], [91.4710164224097, 25.13358696275933, 0.0], [91.4686310405879, 25.151794039871472, 0.0], [91.28656836023049, 25.185350280445533, 0.0], [91.26801341807904, 25.20724405315294, 0.0], [91.25163095029862, 25.195168594050095, 0.0], [91.06964299770819, 25.198409980303023, 0.0], [90.86201543155477, 25.157626853599208, 0.0], [90.80590800500636, 25.165942827279437, 0.0], [90.78035747151955, 25.18611500024252, 0.0], [90.73327645800988, 25.154911423398467, 0.0], [90.70998019868327, 25.168121316114586, 0.0], [90.69806816587436, 25.156833171078688, 0.0], [90.67565077519399, 25.176382886570448, 0.0], [90.66600653511216, 25.16580391707986, 0.0], [90.66342006239354, 25.19785159291598, 0.0], [90.64093507748495, 25.174529427775695, 0.0], [90.50863949211664, 25.175354620613415, 0.0], [90.44107645432084, 25.14450844765655, 0.0], [90.37045908269828, 25.16284026354884, 0.0], [90.3302389001293, 25.193815951310736, 0.0], [90.11811361702703, 25.223456688065646, 0.0], [90.05451780386814, 25.261363753955354, 0.0], [89.98076189632012, 25.28085218606457, 0.0], [89.96665478793531, 25.30369351948971, 0.0], [89.94924119223948, 25.292714005982017, 0.0], [89.9069979153574, 25.307733923461797, 0.0], [89.87660389956311, 25.285328327526067, 0.0], [89.83162486588944, 25.29585257966798, 0.0], [89.84137922496154, 25.315034416732335, 0.0], [89.81962676701868, 25.380656295807576, 0.0], [89.84931017973575, 25.492797218560735, 0.0], [89.8696395030057, 25.510906464149837, 0.0], [89.8512733935415, 25.538627925488434, 0.0], [89.86603759269164, 25.546190504489587, 0.0], [89.8825054744285, 25.61720418484888, 0.0], [89.85053330395971, 25.71295758927867, 0.0], [89.82793021688477, 25.729526598580893, 0.0], [89.84032896998706, 25.766729167454812, 0.0], [89.81654470183601, 25.81430209726456, 0.0], [89.83528159873254, 25.84073439774577, 0.0], [89.83257264629688, 25.870605518756644, 0.0], [89.88707699502125, 25.945201554176133, 0.0], [89.82538732000086, 25.94550448173753, 0.0], [89.84933634474261, 25.94910933652594, 0.0], [89.83855874950729, 25.967851180524608, 0.0], [89.86683978771894, 25.972031722960487, 0.0], [89.87103220007835, 25.980702049418294, 0.0], [89.83584123475849, 26.01259672789507, 0.0], [89.83594146207344, 25.98242419534436, 0.0], [89.82027208356834, 25.98764127925883, 0.0], [89.80863685659047, 26.043355247557574, 0.0], [89.79062810540371, 26.01782184006782, 0.0], [89.80183345974089, 26.040253235104764, 0.0], [89.77365402397197, 26.037637090858514, 0.0], [89.79880980437558, 26.059579363187257, 0.0], [89.79485136906966, 26.087512545739493, 0.0], [89.78132391704199, 26.083442406995598, 0.0], [89.78316109491027, 26.10598394010889, 0.0], [89.75616990366218, 26.109362723310692, 0.0], [89.76657067561082, 26.130477196086453, 0.0], [89.74765904375953, 26.157371048721576, 0.0], [89.68131880820611, 26.16358619377504, 0.0], [89.70205997283516, 26.17397664837502, 0.0], [89.67347177911326, 26.201428100089505, 0.0], [89.69150420843106, 26.211671108520076, 0.0], [89.67911733865394, 26.238038400677553, 0.0], [89.67190315296881, 26.21984671581202, 0.0], [89.63443996664812, 26.229410090594747, 0.0], [89.64999613964007, 26.190205658943455, 0.0], [89.63018178006108, 26.19576213667321, 0.0], [89.62781306306145, 26.183909091451007, 0.0], [89.65548315052325, 26.18140693377907, 0.0], [89.6493250393496, 26.16443035527603, 0.0], [89.60878288231528, 26.180596289365234, 0.0], [89.61978859011997, 26.168052679501873, 0.0], [89.60997480681625, 26.154335875026405, 0.0], [89.59118394492974, 26.15729205678124, 0.0], [89.60423969178693, 26.117454212797707, 0.0], [89.62534602079343, 26.12859662389769, 0.0], [89.63036227239546, 26.118418045346136, 0.0], [89.59388269266663, 26.102161313335095, 0.0], [89.60862236714235, 26.088393079153963, 0.0], [89.62995876407099, 26.10704346641872, 0.0], [89.65008781632221, 26.063236640670855, 0.0], [89.62051104487529, 26.053277315466197, 0.0], [89.60539913519187, 26.063753460500507, 0.0], [89.612826184277, 26.05264389406277, 0.0], [89.57872223205821, 26.026261729483174, 0.0], [89.57786547683389, 25.9692766723026, 0.0], [89.56596873792819, 25.980342215317425, 0.0], [89.55769595174154, 25.96535530281317, 0.0], [89.5403644696439, 25.96998168264697, 0.0], [89.54089599301575, 26.005901428040215, 0.0], [89.4803524582189, 25.99606772736988, 0.0], [89.43081552586771, 26.01111592880987, 0.0], [89.43280210075628, 26.037501186255984, 0.0], [89.42384338653795, 26.04692011767894, 0.0], [89.39085705999928, 26.02292122896789, 0.0], [89.3927929144038, 26.00719060361536, 0.0], [89.35538871700555, 26.00834613692149, 0.0], [89.3004372020276, 26.05043223219671, 0.0], [89.2757560148502, 26.04908017452311, 0.0], [89.28105458431767, 26.06561544869488, 0.0], [89.2544073626574, 26.06412077136924, 0.0], [89.26679880861204, 26.092637288903067, 0.0], [89.25162275376525, 26.091350361605986, 0.0], [89.2294373443964, 26.123853613861026, 0.0], [89.15538056002774, 26.13861082010399, 0.0], [89.15728018381327, 26.163196336447047, 0.0], [89.13461188059415, 26.18117091320674, 0.0], [89.14940570105301, 26.20905013336781, 0.0], [89.14094249733692, 26.235840787130428, 0.0], [89.10010470034041, 26.279467655675244, 0.0], [89.10471117799429, 26.31579978751532, 0.0], [89.12212669550867, 26.28714615987817, 0.0], [89.13630774534967, 26.320106874368935, 0.0], [89.08360128384372, 26.32202313968005, 0.0], [89.1013432036491, 26.33653384977599, 0.0], [89.09831593876312, 26.35892970384715, 0.0], [89.07970787296416, 26.36282232851454, 0.0], [89.0962910416684, 26.390941677671446, 0.0], [89.0874088529375, 26.39764731398731, 0.0], [89.03598258357844, 26.394895691894806, 0.0], [89.00593630479553, 26.42141105298191, 0.0], [88.99403962971242, 26.412818628954806, 0.0], [88.98326600288092, 26.446509254575954, 0.0], [88.95584156520121, 26.460208138909003, 0.0], [88.96535558563616, 26.451490060734955, 0.0], [88.9461688607964, 26.447938460913214, 0.0], [88.94476665674325, 26.42559166591036, 0.0], [88.92619277152073, 26.432050523796992, 0.0], [88.92655973935379, 26.406788242356484, 0.0], [88.90478891439781, 26.40845895753844, 0.0], [88.91744062215409, 26.403161132352093, 0.0], [88.91857857343359, 26.3598571770205, 0.0], [88.95842952089708, 26.361681017442884, 0.0], [88.95239536399178, 26.33223159133854, 0.0], [88.96141061291313, 26.352295647382995, 0.0], [88.98721889564247, 26.348320907725384, 0.0], [88.9855462185147, 26.33276379889213, 0.0], [89.00096802664694, 26.32974749011362, 0.0], [88.98265767098614, 26.309497083437314, 0.0], [88.99573826073187, 26.29023779572326, 0.0], [89.00685174096364, 26.304390038698536, 0.0], [89.01840626620725, 26.28981309608036, 0.0], [89.02158614164011, 26.30901899776694, 0.0], [89.02008376711977, 26.289094241471993, 0.0], [89.04512381455402, 26.275136389054946, 0.0], [89.04586873384201, 26.29535105406639, 0.0], [89.0594668527793, 26.293434710980083, 0.0], [89.05068565549587, 26.241653384033615, 0.0], [88.95731684594229, 26.240296477698394, 0.0], [88.92628083152451, 26.283778077115652, 0.0], [88.89826902698246, 26.2886438758469, 0.0], [88.86138512301447, 26.272663264770546, 0.0], [88.87786454979235, 26.23337795240338, 0.0], [88.84172564400222, 26.230719679638494, 0.0], [88.81294211070957, 26.25599022253122, 0.0], [88.8191100624441, 26.294494219164662, 0.0], [88.79356444412134, 26.30997000421097, 0.0], [88.66622666382455, 26.262656828712068, 0.0], [88.67513057153414, 26.320072043438746, 0.0], [88.74650833890192, 26.322385462562128, 0.0], [88.7338666757486, 26.328655275789536, 0.0], [88.74530076211427, 26.34785946331774, 0.0], [88.70276387875101, 26.334394469564486, 0.0], [88.68101203916096, 26.379407854483762, 0.0], [88.7022701539924, 26.388443579877087, 0.0], [88.62377143974373, 26.434787711939858, 0.0], [88.62289046221923, 26.4710785162262, 0.0], [88.59475359232505, 26.470637171794667, 0.0], [88.5929521556635, 26.44981408341306, 0.0], [88.5609291725411, 26.45646254643971, 0.0], [88.55676396585226, 26.484799190414478, 0.0], [88.52648165263209, 26.48137885309077, 0.0], [88.52139336047874, 26.510507221403838, 0.0], [88.48975087669383, 26.510358941598938, 0.0], [88.48500966197064, 26.54068531822759, 0.0], [88.43715651388099, 26.54407214583457, 0.0], [88.41607402450322, 26.63161773750981, 0.0], [88.39838271209015, 26.625999779746316, 0.0], [88.33186767568282, 26.48180632316468, 0.0], [88.35482356182449, 26.44702163371792, 0.0], [88.37123918931199, 26.48820544500073, 0.0], [88.40500847265236, 26.48580876834983, 0.0], [88.41975933706364, 26.465746060288083, 0.0], [88.48524556165684, 26.460256697000645, 0.0], [88.5233519799076, 26.36082389855096, 0.0], [88.48236202374405, 26.349702817822347, 0.0], [88.45772338940644, 26.376659938329052, 0.0], [88.43557756472963, 26.335766697143363, 0.0], [88.40435057112079, 26.329834806685618, 0.0], [88.41493867216442, 26.314822871182116, 0.0], [88.38466121741273, 26.313258650544316, 0.0], [88.34966801764568, 26.28224986443351, 0.0], [88.35050996528106, 26.220422701547612, 0.0], [88.26934200222236, 26.186483729102633, 0.0], [88.24182606260223, 26.18908333819995, 0.0], [88.17727617937682, 26.148056594997662, 0.0], [88.15837967010442, 26.079826432206882, 0.0], [88.18334549967336, 26.072885595214302, 0.0], [88.16953672851189, 26.045199473236774, 0.0], [88.18320767634667, 26.026777040877413, 0.0], [88.13971266206455, 26.012916974940257, 0.0], [88.11517845770845, 25.962776130378188, 0.0], [88.12237449068434, 25.948372613107274, 0.0], [88.085960238293, 25.915982814147085, 0.0], [88.10301679447433, 25.88924967999357, 0.0], [88.09417237183848, 25.87336604944421, 0.0], [88.1106796763292, 25.867887910057714, 0.0], [88.10116606551469, 25.82897556030109, 0.0], [88.12011364177685, 25.812435023806536, 0.0], [88.11447678765416, 25.7979408449552, 0.0], [88.14425893983736, 25.793637747083455, 0.0], [88.15149473897473, 25.77555092232157, 0.0], [88.18377310617284, 25.80169017654821, 0.0], [88.20950959822235, 25.786808749021187, 0.0], [88.23626701910273, 25.80944018159822, 0.0], [88.2695536734202, 25.80817673072535, 0.0], [88.26650662994422, 25.782448742147526, 0.0], [88.32094996165121, 25.73747217260627, 0.0], [88.37425189415626, 25.717066194759337, 0.0], [88.37149168354752, 25.696539013756105, 0.0], [88.4051833981325, 25.684220000775916, 0.0], [88.40168556558173, 25.67256158947776, 0.0], [88.4538153944521, 25.66493750781412, 0.0], [88.44435187572022, 25.59692239663121, 0.0], [88.49991542222047, 25.58394929225327, 0.0], [88.49350521933255, 25.558847088514444, 0.0], [88.52349200062807, 25.535160623042703, 0.0], [88.53309225114745, 25.54209917356437, 0.0], [88.53995281293838, 25.508296083717696, 0.0], [88.55235623016529, 25.520786866802528, 0.0], [88.59550672647507, 25.50587588149307, 0.0], [88.6090868965171, 25.516302177274557, 0.0], [88.62247656189608, 25.496955332552247, 0.0], [88.64836400395833, 25.49639892274835, 0.0], [88.64705172688579, 25.47781931722962, 0.0], [88.69949536456286, 25.471194147296227, 0.0], [88.70751659026472, 25.49986744745157, 0.0], [88.74214975497789, 25.504994634006998, 0.0], [88.74004047140205, 25.48930422888464, 0.0], [88.74503098765892, 25.487853282893038, 0.0], [88.76884572584595, 25.498540638113596, 0.0], [88.75869005551887, 25.525244491382512, 0.0], [88.8108929029808, 25.522936106489347, 0.0], [88.81366388744809, 25.48797600242564, 0.0], [88.82965698416085, 25.490254740838424, 0.0], [88.83933121690325, 25.458338518619843, 0.0], [88.83000128400411, 25.416944580952652, 0.0], [88.81229503486956, 25.410543570279117, 0.0], [88.8408559451799, 25.39763409253881, 0.0], [88.84018487535721, 25.363760364439447, 0.0], [88.88512253655304, 25.32561572000693, 0.0], [88.90629470420522, 25.337689830405896, 0.0], [88.92946144193422, 25.304083301009936, 0.0], [89.00889752281634, 25.303068130764444, 0.0], [89.00790428155538, 25.264903555717733, 0.0], [88.98682124547612, 25.274450838773497, 0.0], [88.95616020655365, 25.254940990807754, 0.0], [88.96177124645082, 25.20907053546225, 0.0], [88.93643700180856, 25.210522455458634, 0.0], [88.9488193387621, 25.17657901639057, 0.0], [88.9325868580934, 25.18088296396656, 0.0], [88.92307563028899, 25.164908858545505, 0.0], [88.91098289604885, 25.180305543617468, 0.0], [88.87526446189275, 25.179344147778338, 0.0], [88.87495356927695, 25.196223699357738, 0.0], [88.86438024894159, 25.189992384205965, 0.0], [88.84376288636965, 25.213807084811656, 0.0], [88.80586040422179, 25.170450625421747, 0.0], [88.76940115296885, 25.189845138379383, 0.0], [88.74909617143575, 25.17685235699945, 0.0], [88.71148149020392, 25.20765974543122, 0.0], [88.61272205509779, 25.20417139829213, 0.0], [88.56557923142199, 25.17508811925917, 0.0], [88.55761443846765, 25.19261097312306, 0.0], [88.53397746012662, 25.187520212112986, 0.0], [88.53777768905208, 25.1978176233405, 0.0], [88.49914505105, 25.21038594081589, 0.0], [88.44368775251121, 25.19729690077387, 0.0], [88.46140356008013, 25.149385582438, 0.0], [88.44141953380745, 25.12750809203805, 0.0], [88.45286975591473, 25.07930493326587, 0.0], [88.43496554447665, 25.055962234752005, 0.0], [88.45265836637786, 25.036871081511027, 0.0], [88.43653949385171, 25.00645381414637, 0.0], [88.42556922257415, 25.01643431576734, 0.0], [88.41209299292697, 24.998811184387552, 0.0], [88.4174275521906, 24.974833056158637, 0.0], [88.39524747227999, 24.96907878635497, 0.0], [88.3988380357371, 24.945320221814963, 0.0], [88.36404025676683, 24.953286185267277, 0.0], [88.34090439778569, 24.94063146371532, 0.0], [88.3242793738884, 24.91682311092747, 0.0], [88.34700762063694, 24.892433361243967, 0.0], [88.33061902242613, 24.870139789897184, 0.0], [88.32105888579115, 24.883468501072823, 0.0], [88.30191755848949, 24.871890574685114, 0.0], [88.2760838162308, 24.89779537549616, 0.0], [88.25826625346096, 24.87755019268191, 0.0], [88.26051868846719, 24.91918199765319, 0.0], [88.2261127441443, 24.95970612873061, 0.0], [88.13804435161553, 24.936160964017628, 0.0], [88.17501913624436, 24.86015123921483, 0.0], [88.13191237682598, 24.836012374372768, 0.0], [88.13628407691473, 24.805275112094588, 0.0], [88.12354498494953, 24.823109429829326, 0.0], [88.10609799049244, 24.77956725437845, 0.0], [88.06830691994793, 24.769150160218487, 0.0], [88.06284556973073, 24.721596493538776, 0.0], [88.00875639983828, 24.667834286765245, 0.0], [88.14075534947521, 24.51124047913629, 0.0], [88.19840139116427, 24.462495466430525, 0.0], [88.27192315323846, 24.440580501002398, 0.0], [88.33398422788215, 24.381392597488777, 0.0], [88.44643242427107, 24.378580596115732, 0.0], [88.52711916944402, 24.34437871713973, 0.0], [88.5551348868732, 24.29334134923307, 0.0], [88.56768818999903, 24.32665364875501, 0.0], [88.62848838606617, 24.30509336598781, 0.0], [88.69658757923425, 24.31535335968744, 0.0], [88.73543909410618, 24.276495497162838, 0.0], [88.73140803517231, 24.173387262014234, 0.0], [88.74649069541007, 24.147064666829806, 0.0], [88.69319025153045, 24.11115289894728, 0.0], [88.74163131073094, 24.057122441534354, 0.0], [88.72475435594883, 24.041612038058943, 0.0], [88.75749064848357, 24.032095043695335, 0.0], [88.7290455086422, 23.99611357152128, 0.0], [88.76019491123492, 24.0060582459153, 0.0], [88.76894550241221, 23.982197339156777, 0.0], [88.73823914894896, 23.982986089559095, 0.0], [88.73340350957395, 23.9109750735698, 0.0], [88.70639705798558, 23.916272815659514, 0.0], [88.7043386345507, 23.899174941088198, 0.0], [88.66428281760976, 23.882422347107596, 0.0], [88.66758590975826, 23.869445008622012, 0.0], [88.6264117078097, 23.864941647098572, 0.0], [88.61643904919066, 23.876512051945998, 0.0], [88.60804829106337, 23.862349266142814, 0.0], [88.57564057812887, 23.861551709847433, 0.0], [88.60212907249219, 23.817215884661138, 0.0], [88.58514714106543, 23.813645504686228, 0.0], [88.59620207381862, 23.804888868282106, 0.0], [88.57812679245964, 23.786576075208504, 0.0], [88.57126560058515, 23.783027790398684, 0.0], [88.55930371621284, 23.785978572257136, 0.0], [88.55603531077925, 23.784211356371937, 0.0], [88.58081486462322, 23.760535596744482, 0.0], [88.56450631356908, 23.71132910560464, 0.0], [88.57382059521082, 23.666940880990015, 0.0], [88.5582080380421, 23.649154337192343, 0.0], [88.56217025231498, 23.637088265736562, 0.0], [88.5937649140288, 23.640810242496826, 0.0], [88.58007392392236, 23.602966930871965, 0.0], [88.64553159130294, 23.609283935533963, 0.0], [88.65425320787791, 23.556153441268002, 0.0], [88.69575331140379, 23.51731143239155, 0.0], [88.72513478267115, 23.511832882731134, 0.0], [88.7414214868038, 23.47967984062019, 0.0], [88.76090567436911, 23.47838564626524, 0.0], [88.76067890273407, 23.489919321843605, 0.0], [88.77488749329243, 23.47981434707471, 0.0], [88.76824731638428, 23.490126273788583, 0.0], [88.78595153164274, 23.507240089089056, 0.0], [88.80078695718207, 23.497124098981914, 0.0], [88.78731223165543, 23.469082202973194, 0.0], [88.7953162899589, 23.4430234798797, 0.0], [88.76431444048156, 23.4482056455845, 0.0], [88.74926152725477, 23.400553926156867, 0.0], [88.7654345057368, 23.367883893870356, 0.0], [88.7320320498883, 23.351986590336058, 0.0], [88.74529847285844, 23.307820192497957, 0.0], [88.73041699393035, 23.319582536779865, 0.0], [88.72540883292444, 23.298691773036722, 0.0], [88.710345111269, 23.31285407553437, 0.0], [88.69636127259636, 23.3022903220159, 0.0], [88.72440987011026, 23.27162128291206, 0.0], [88.71889421342662, 23.254798165532755, 0.0], [88.76953760978816, 23.244844199943145, 0.0], [88.789801003283, 23.218340436746107, 0.0], [88.81143897339422, 23.221547792788314, 0.0], [88.81146237767281, 23.2560877574813, 0.0], [88.82382157341225, 23.233414412312023, 0.0], [88.90685103767689, 23.23596497158484, 0.0], [88.91458691202905, 23.21347041903173, 0.0], [88.94262970046096, 23.206113814128837, 0.0], [88.97873142244457, 23.21448296057542, 0.0], [88.97593103178866, 23.224432668926816, 0.0], [88.99572467839151, 23.21470020984302, 0.0], [88.97966990832514, 23.21285796555012, 0.0], [88.98038469724432, 23.1825473070223, 0.0], [88.96230752547582, 23.193144687858695, 0.0], [88.93909405111357, 23.176803858705163, 0.0], [88.91789700029871, 23.12908018358426, 0.0], [88.86844631059697, 23.10106772230061, 0.0], [88.86100711851041, 23.07730534861914, 0.0], [88.88411721436908, 23.04043268614527, 0.0], [88.87975463209092, 23.006325593032326, 0.0], [88.84508628876833, 23.009858276750194, 0.0], [88.87096746697857, 22.978633050221415, 0.0], [88.85704887831159, 22.968883475557547, 0.0], [88.85944484154842, 22.94318954003012, 0.0], [88.89426437518041, 22.951998936298835, 0.0], [88.88689057924718, 22.933208746744995, 0.0], [88.90813587549796, 22.91978035633763, 0.0], [88.89567887953207, 22.913073872895612, 0.0], [88.90942970183526, 22.879856067789063, 0.0], [88.94537481878675, 22.880674606574523, 0.0], [88.96864444216446, 22.844299547337663, 0.0], [88.95788652251954, 22.795864767615974, 0.0], [88.93808685543819, 22.792969592518016, 0.0], [88.91100487183441, 22.757730531100602, 0.0], [88.92790419892472, 22.71807109531047, 0.0], [88.96236641319807, 22.694972385217543, 0.0], [88.92711365024905, 22.64964718426759, 0.0], [88.9349458273055, 22.62119698469101, 0.0], [88.96008140084899, 22.616633178032956, 0.0], [88.93893890937177, 22.59220531075866, 0.0], [88.94069739360494, 22.561348341708783, 0.0], [88.9618646262715, 22.54873338462462, 0.0], [88.99612364421918, 22.468952402863856, 0.0], [89.00007015853063, 22.42983951517415, 0.0], [88.97190680906722, 22.409885842993937, 0.0], [88.9942513858996, 22.38873319956966, 0.0], [88.98447968857327, 22.32669716810473, 0.0], [89.02454564219072, 22.297164357211184, 0.0], [88.99509731320875, 22.28626458286221, 0.0], [89.02046609103085, 22.268503364816834, 0.0], [89.01388090031028, 22.253963190262393, 0.0], [89.03419971324355, 22.258258320867498, 0.0], [89.03889439156104, 22.230694402710082, 0.0], [89.07161385214643, 22.196887913134326, 0.0], [89.07184406870344, 22.146252670892423, 0.0], [89.0985464501019, 22.153417000717123, 0.0], [89.03785669935041, 22.094214050219783, 0.0], [89.0768631976352, 22.00840974201922, 0.0], [89.0690006148287, 21.932857721627208, 0.0], [89.03513662469516, 21.92699033430304, 0.0], [88.99739347881874, 21.950249475186233, 0.0], [89.01409805815793, 21.976722651219074, 0.0], [89.01181664444975, 21.984261983576758, 0.0], [89.00122623370561, 21.986403634178856, 0.0], [89.02717447161957, 21.997511439013447, 0.0], [89.0290600786722, 22.00173364970442, 0.0], [89.00032264500287, 21.987667921783707, 0.0], [88.98937899991826, 21.97426499401798, 0.0], [88.98629084747067, 21.986823226505813, 0.0], [88.96869070168229, 21.996193823320382, 0.0], [88.98771499435142, 21.97164472779229, 0.0], [89.00975333944719, 21.97950415479024, 0.0], [88.98830928600228, 21.95158636548794, 0.0], [89.01832622682555, 21.92354455361813, 0.0], [89.01250120887563, 21.903270264381856, 0.0], [88.94547523874793, 21.929298607080913, 0.0], [88.92485525524857, 21.963646557463477, 0.0], [88.94425393677543, 21.987097860794478, 0.0], [88.93817295765943, 22.01185962151854, 0.0], [88.91780602029094, 21.980930740097595, 0.0], [88.91510648271164, 22.008462811271613, 0.0], [88.90246834588648, 22.00385308574326, 0.0], [88.9043615088963, 21.927890704926334, 0.0], [88.85824089829022, 21.920363808413185, 0.0], [88.80574902404922, 21.938068562693424, 0.0], [88.79904457908877, 21.92210312637412, 0.0], [88.83980096815014, 21.886360104307517, 0.0], [88.82006655652678, 21.83775840782582, 0.0], [88.83083257194933, 21.80806953057251, 0.0], [88.8214762359177, 21.781442505651157, 0.0], [88.8646953004627, 21.76144254327069, 0.0], [88.84116452770006, 21.716880046749267, 0.0], [88.86154869754333, 21.64094076935744, 0.0], [88.84558795374686, 21.61910268878255, 0.0], [88.8044947758048, 21.637163417687592, 0.0], [88.82244268923294, 21.66702486059911, 0.0], [88.81459449537577, 21.7107278519119, 0.0], [88.76270887076583, 21.701971877150896, 0.0], [88.79383448973473, 21.737005474083727, 0.0], [88.7904915810969, 21.750034474088032, 0.0], [88.78989789621532, 21.737872494440897, 0.0], [88.75586936010565, 21.735315814376577, 0.0], [88.76720853291408, 21.763307961384225, 0.0], [88.75013278524615, 21.770489607597128, 0.0], [88.76567971096532, 21.786360686563707, 0.0], [88.78114707517479, 21.82516738482885, 0.0], [88.74552623798633, 21.77324241423037, 0.0], [88.75976631542123, 21.761796474820628, 0.0], [88.75235209328362, 21.73329907771707, 0.0], [88.77757327362193, 21.7212834978981, 0.0], [88.7565485504153, 21.70297269890661, 0.0], [88.76870328703663, 21.69368786272003, 0.0], [88.80993260630319, 21.70448391303229, 0.0], [88.80794232818685, 21.662676942301506, 0.0], [88.7447904264214, 21.660831901766937, 0.0], [88.71140803223935, 21.689581086706117, 0.0], [88.69375974536096, 21.74530785675945, 0.0], [88.71127659490135, 21.786982386395817, 0.0], [88.69604321123539, 21.84258665291641, 0.0], [88.7254942946652, 21.979543107137722, 0.0], [88.75146465535832, 22.00623092350784, 0.0], [88.71019916194385, 21.995954095115447, 0.0], [88.68964721098229, 21.971632785554217, 0.0], [88.69558233619198, 21.95133867200881, 0.0], [88.6786201628835, 21.94309488857226, 0.0], [88.63071753273735, 21.95436031207316, 0.0], [88.63187619268223, 21.98828438856903, 0.0], [88.61693380738724, 21.99340511668956, 0.0], [88.63169806071808, 22.011685089148113, 0.0], [88.6128382148445, 22.006402625175426, 0.0], [88.60896552391127, 22.00385978702499, 0.0], [88.60243191991789, 21.997246982254925, 0.0], [88.59940670952682, 21.99183237382406, 0.0], [88.59659385468117, 21.990730142151687, 0.0], [88.59503521187754, 21.988720413556717, 0.0], [88.58116426217791, 22.000041838997888, 0.0], [88.57124328176585, 22.000439537155184, 0.0], [88.58413633577462, 21.98971135377266, 0.0], [88.57409895236265, 21.97789588928829, 0.0], [88.57448253480887, 21.961585965995617, 0.0], [88.55398400694342, 21.97636200670616, 0.0], [88.53489514306233, 21.96872776429653, 0.0], [88.54883436216512, 21.920272218645955, 0.0], [88.56874527992669, 21.90408310989257, 0.0], [88.54103126138443, 21.907421586577655, 0.0], [88.53876465043338, 21.863235623589897, 0.0], [88.52972204448051, 21.87249652284846, 0.0], [88.51862714887547, 21.875605402913532, 0.0], [88.53717254427166, 21.856483983733092, 0.0], [88.4964304590534, 21.87713518496039, 0.0], [88.51113278028647, 21.927561987706593, 0.0], [88.47955507108712, 21.906660535652797, 0.0], [88.47437662756508, 21.893664211934684, 0.0], [88.44958961259513, 21.905664859639323, 0.0], [88.43875553215125, 21.906012504861796, 0.0], [88.43109861187332, 21.901201573102323, 0.0], [88.421204308448, 21.904076513420506, 0.0], [88.41804890964997, 21.902605217248887, 0.0], [88.43431063661959, 21.89896982999033, 0.0], [88.4506635355756, 21.904919330467493, 0.0], [88.48303528875692, 21.872032754754503, 0.0], [88.48786301490684, 21.84037535166199, 0.0], [88.47329003265644, 21.837534280139437, 0.0], [88.44736652610082, 21.812988023056203, 0.0], [88.46039662354474, 21.79244043765426, 0.0], [88.44516149808791, 21.803027489092884, 0.0], [88.42992902402518, 21.800599207260163, 0.0], [88.42588177353988, 21.814522124230812, 0.0], [88.41742356334134, 21.813156135800526, 0.0], [88.37936550729006, 21.787616378556834, 0.0], [88.3746324767464, 21.768131444775786, 0.0], [88.34280530319283, 21.761327415531134, 0.0], [88.33856367567505, 21.751355993326413, 0.0], [88.3442983169424, 21.721035902922683, 0.0], [88.32725499059933, 21.726485156422694, 0.0], [88.32080181811516, 21.708737971959057, 0.0], [88.30614595388192, 21.717677991384985, 0.0], [88.30948258175239, 21.733854402252014, 0.0], [88.29996476525514, 21.78140972910383, 0.0], [88.28297386386286, 21.78945642879605, 0.0], [88.27484344832537, 21.727397407573925, 0.0], [88.30377795965022, 21.669860473436383, 0.0], [88.28441580944158, 21.60070641363849, 0.0], [88.3102918914273, 21.581310115551616, 0.0], [88.28442288173582, 21.55901713375574, 0.0], [88.25399215163837, 21.55835177718684, 0.0], [88.21846246472063, 21.615931918326748, 0.0], [88.23749181743922, 21.64431951243648, 0.0], [88.23313369927321, 21.66881547827514, 0.0], [88.1997539997428, 21.682696684621412, 0.0], [88.22043034266648, 21.701882410449187, 0.0], [88.21529219867249, 21.778031249276825, 0.0], [88.19724652583292, 21.841023583691488, 0.0], [88.16344403753624, 21.88367071699807, 0.0], [88.17105386560382, 21.92856241403439, 0.0], [88.14975429158761, 21.956883756305707, 0.0], [88.21473189602834, 22.038594126435502, 0.0], [88.22441030050389, 22.089915968574804, 0.0], [88.2053085776051, 22.164539240993868, 0.0], [88.16858250599185, 22.197167598695646, 0.0], [88.07023824658847, 22.211206136755333, 0.0], [88.08767732524291, 22.242421546793476, 0.0], [88.08460597907091, 22.25634207156796, 0.0], [88.06057129430414, 22.205770531892707, 0.0], [87.98649030105182, 22.23825894379038, 0.0], [87.9559318949943, 22.269732295352487, 0.0], [87.94699848099091, 22.25575233801319, 0.0], [87.98318367376196, 22.214218612730562, 0.0], [87.97522517716209, 22.233399196653384, 0.0], [88.01020243853661, 22.20133520619979, 0.0], [88.03477680431887, 22.20893233649357, 0.0], [88.0737047432492, 22.187131218344774, 0.0], [88.13588614175164, 22.1847780345958, 0.0], [88.19053919696977, 22.11420320866419, 0.0], [88.15365661508775, 22.06359069666276, 0.0], [88.0499688118336, 22.01375511890066, 0.0], [88.00366463075896, 21.90599895127453, 0.0], [87.94061904831614, 21.82345439984699, 0.0], [87.88326654918292, 21.79334983474203, 0.0], [87.80763902057932, 21.705193744397807, 0.0], [87.74721635432374, 21.70006437352814, 0.0], [87.71268571203441, 21.665328690507994, 0.0], [87.55355773337546, 21.638046510366003, 0.0], [87.41074663222086, 21.5859382468371, 0.0], [87.36986953652114, 21.553401372724185, 0.0], [87.24999693755223, 21.556783563801357, 0.0], [87.11850188623939, 21.517097099911435, 0.0], [86.97927973991114, 21.40976326533378, 0.0], [86.89249985290678, 21.31842889184071, 0.0], [86.82935312130782, 21.208646982362268, 0.0], [86.85628655202453, 21.205603746768148, 0.0], [86.84153570344743, 21.175081371657562, 0.0], [86.84789739263253, 21.095502876521973, 0.0], [86.98087745040188, 20.857047191603577, 0.0], [86.96741138188011, 20.791393865880018, 0.0], [86.94416349717436, 20.766477947357874, 0.0], [86.99248225306717, 20.770227986187667, 0.0], [87.00003841082642, 20.697836803989976, 0.0], [87.05824806623733, 20.716757008945976, 0.0], [86.77525049136231, 20.52075271126496, 0.0], [86.73426721557689, 20.464100824108943, 0.0], [86.7243808916469, 20.393845313764075, 0.0], [86.73924321799727, 20.400813672633383, 0.0], [86.74644839553793, 20.378607577180254, 0.0], [86.77619794692649, 20.405421183828278, 0.0], [86.78091074769107, 20.378619190321178, 0.0], [86.7972668086491, 20.375756304485733, 0.0], [86.7889380597274, 20.374621777296507, 0.0], [86.78185418602384, 20.365863347815832, 0.0], [86.77879210228822, 20.356615574554063, 0.0], [86.79801883978132, 20.363396106164828, 0.0], [86.74752688985299, 20.306966522076095, 0.0], [86.6798382669704, 20.264218050163635, 0.0], [86.66925188041537, 20.275719674012617, 0.0], [86.68018686285484, 20.259944510744567, 0.0], [86.59556981566912, 20.22446504657334, 0.0], [86.52043835882367, 20.170126226439276, 0.0], [86.43396453363941, 20.052140721929568, 0.0], [86.41402415292914, 19.997315796266808, 0.0], [86.37799744358485, 19.966833492533812, 0.0], [86.40819086546024, 19.96974020663149, 0.0], [86.19384242817874, 19.888836142352424, 0.0], [85.86190142614772, 19.8050718445017, 0.0], [85.63703269508589, 19.725499182267612, 0.0], [85.32275301838523, 19.570380020202826, 0.0], [85.14091928518422, 19.443227007647153, 0.0], [85.07931704437907, 19.37434751149775, 0.0], [84.93331120319426, 19.278824954482083, 0.0], [84.81499890726762, 19.162114774514205, 0.0], [84.68447703982936, 18.967471281236605, 0.0], [84.5865324281403, 18.86665048618338, 0.0], [84.55783828444537, 18.81775201079948, 0.0], [84.5519265737611, 18.791040926072867, 0.0], [84.4696628937996, 18.714427790195305, 0.0], [84.43985135368146, 18.659496533855926, 0.0], [84.3666933895979, 18.590880325424635, 0.0], [84.35472852832508, 18.554914448999533, 0.0], [84.14741388034452, 18.37342298345875, 0.0], [84.12685935165912, 18.313365502982016, 0.0], [83.86038897428708, 18.174283804187862, 0.0], [83.80993084855209, 18.156032297531475, 0.0], [83.79497473166249, 18.16839861342333, 0.0], [83.8052638110885, 18.154038769933923, 0.0], [83.56937420645674, 18.01179941201916, 0.0], [83.54185268919618, 17.961176560686265, 0.0], [83.46933536239797, 17.91117112614511, 0.0], [83.40707164658643, 17.840937999376962, 0.0], [83.41086958980908, 17.80935818755649, 0.0], [83.3541446810519, 17.75571913078977, 0.0], [83.34594453233673, 17.726050323519935, 0.0], [83.29692611646573, 17.693713625085763, 0.0], [83.2942973293121, 17.674469479258732, 0.0], [83.2418746871876, 17.634572501833542, 0.0], [83.2123176904622, 17.59073958204096, 0.0], [83.0312304426023, 17.51332096323353, 0.0], [82.99206853042716, 17.472548040383522, 0.0], [82.59625881664827, 17.282790731732828, 0.0], [82.47172852574573, 17.198574404587635, 0.0], [82.31930864955538, 17.057848913298113, 0.0], [82.28822061025078, 17.01598972245108, 0.0], [82.26493057402547, 16.93890640718859, 0.0], [82.27055437057635, 16.941418591050372, 0.0], [82.27345717266088, 16.947594287239305, 0.0], [82.27683411324347, 16.95057785300595, 0.0], [82.27788295629507, 16.95069570514899, 0.0], [82.27114526033799, 16.941296092786143, 0.0], [82.24670793879767, 16.91784721797318, 0.0], [82.24303893042745, 16.917836642559504, 0.0], [82.24144428279622, 16.908036595563807, 0.0], [82.24826681476773, 16.876465118051698, 0.0], [82.25982179837668, 16.88445101725208, 0.0], [82.31422884084047, 16.845879806950006, 0.0], [82.36157112866083, 16.854447139514452, 0.0], [82.3577148381043, 16.95002676425247, 0.0], [82.326260764071, 16.98833498583291, 0.0], [82.35564571590496, 16.967794319268787, 0.0], [82.36636497815842, 16.91135852673049, 0.0], [82.36527378309182, 16.875990518916854, 0.0], [82.34179608779888, 16.728436170986974, 0.0], [82.33334496084208, 16.716730547690684, 0.0], [82.34492835430132, 16.70455298144561, 0.0], [82.32768839253458, 16.684920741979113, 0.0], [82.35399544184381, 16.705631762503497, 0.0], [82.34644933619533, 16.71563789597741, 0.0], [82.36533809327553, 16.706654000804484, 0.0], [82.31728810207788, 16.662266365722942, 0.0], [82.32905279571041, 16.61447518644701, 0.0], [82.31887429817769, 16.576826302232323, 0.0], [82.3128227927294, 16.668011947006526, 0.0], [82.31214174610973, 16.627075349825468, 0.0], [82.30750294761052, 16.63992724959896, 0.0], [82.28425914353123, 16.626027164593538, 0.0], [82.29882441012603, 16.586435836660012, 0.0], [82.26308456280424, 16.563019343971813, 0.0], [82.29717528889711, 16.56756798080143, 0.0], [82.28999304640169, 16.55486595074084, 0.0], [82.29964089238122, 16.55819435090913, 0.0], [82.29915454005815, 16.572236628455027, 0.0], [82.30087019873557, 16.56239000853716, 0.0], [82.31066838400064, 16.567738223600912, 0.0], [82.31343646348206, 16.5648201075148, 0.0], [82.31367129412905, 16.55873520333229, 0.0], [82.31285214325956, 16.56348647428633, 0.0], [82.29948432678394, 16.5559388979972, 0.0], [82.2349115602389, 16.546011452875376, 0.0], [81.9577318897249, 16.392374455728024, 0.0], [81.878150961517, 16.38263128930679, 0.0], [81.72078750304588, 16.30686011134975, 0.0], [81.69063990403257, 16.327471792482935, 0.0], [81.48724227562488, 16.355066105439814, 0.0], [81.39379109469022, 16.342473152222485, 0.0], [81.30535013739032, 16.303533814357888, 0.0], [81.24619159465219, 16.258865906915794, 0.0], [81.21376366587778, 16.20721832862959, 0.0], [81.19136532816341, 16.102823684672373, 0.0], [81.14554113649896, 16.01294511826379, 0.0], [81.14804521520459, 15.973701412912877, 0.0], [81.00477141513305, 15.837804229964151, 0.0], [81.02056249362873, 15.793007714342252, 0.0], [81.00823733335777, 15.797406769653945, 0.0], [81.01210343601848, 15.766076623721208, 0.0], [80.99845133031607, 15.76969143367473, 0.0], [81.00845941137246, 15.752928471116835, 0.0], [80.93721926650868, 15.714404116301278, 0.0], [80.82151564087745, 15.709338465102453, 0.0], [80.80963824349631, 15.72192971536374, 0.0], [80.80922900250995, 15.7349651543177, 0.0], [80.79808419069147, 15.74241668521122, 0.0], [80.78842964526814, 15.757228854429778, 0.0], [80.78771597794827, 15.764262862323642, 0.0], [80.79046112015986, 15.769858319671304, 0.0], [80.79964928716805, 15.776774539133216, 0.0], [80.79121724872792, 15.753633850958188, 0.0], [80.81024279525496, 15.735262148280643, 0.0], [80.81143002418705, 15.727060478311603, 0.0], [80.81671394533271, 15.716993848184465, 0.0], [80.82227375505836, 15.710418312694568, 0.0], [80.81753163083626, 15.749358021512489, 0.0], [80.77962901440526, 15.835295984955732, 0.0], [80.80091240451145, 15.805791357466978, 0.0], [80.81560721522867, 15.810695291784127, 0.0], [80.80702033924199, 15.840445715520145, 0.0], [80.77388317809924, 15.86626705490639, 0.0], [80.68060701292677, 15.885399672943683, 0.0], [80.53645750137146, 15.852303241538978, 0.0], [80.42856260021335, 15.804682430599433, 0.0], [80.2886651489476, 15.693390692225757, 0.0], [80.2372118427047, 15.600669928578832, 0.0], [80.22905441349286, 15.60424620262988, 0.0], [80.22062638705218, 15.600924560902095, 0.0], [80.23472670275083, 15.599052193572023, 0.0], [80.22412527430427, 15.5949726525259, 0.0], [80.22238319698354, 15.582677467732822, 0.0], [80.22552319452282, 15.593056812028696, 0.0], [80.23506464742917, 15.590590498393025, 0.0], [80.22479376928838, 15.533477518209077, 0.0], [80.19422570252405, 15.505014629835296, 0.0], [80.21051635653676, 15.493509116328376, 0.0], [80.20496261361899, 15.473890989135048, 0.0], [80.12183479019268, 15.367873672361824, 0.0], [80.08474095804786, 15.283335438649313, 0.0], [80.0890304397566, 15.211933043970394, 0.0], [80.04697899662065, 15.078598304346324, 0.0], [80.09772470020819, 14.77954790160039, 0.0], [80.142066947483, 14.703507051191467, 0.0], [80.17117892150598, 14.611659799481787, 0.0], [80.19551323958413, 14.585826953966722, 0.0], [80.16856858725856, 14.35485086422175, 0.0], [80.13010717495943, 14.231160878916178, 0.0], [80.13377812044423, 14.096908349294226, 0.0], [80.25064422330333, 13.79600612833523, 0.0], [80.2351754948335, 13.647451173073032, 0.0], [80.32601849756374, 13.441682192027491, 0.0], [80.34526866638939, 13.279892706372278, 0.0], [80.29843770115667, 13.137487910895493, 0.0], [80.29494841401822, 13.092914810176886, 0.0], [80.31078654801921, 13.108155086406429, 0.0], [80.2867937131893, 13.064361771271836, 0.0], [80.25939514685368, 12.93455016666122, 0.0], [80.25515313480518, 12.782702012685844, 0.0], [80.1570943938861, 12.46825081707198, 0.0], [79.87897512101978, 12.054486534146227, 0.0], [79.80462982236433, 11.833517234865772, 0.0], [79.76065124800886, 11.624372777889308, 0.0], [79.76753422941076, 11.51167976767253, 0.0], [79.84259907827719, 11.350742487210704, 0.0], [79.83453386595004, 11.315258019566356, 0.0], [79.85843451393673, 11.12926697719879, 0.0], [79.85329734360253, 10.679417214579555, 0.0], [79.84101759917215, 10.67629743766929, 0.0], [79.85333622963132, 10.676480180099963, 0.0], [79.8804435268232, 10.304685315125639, 0.0], [79.86031895286604, 10.282407741988576, 0.0], [79.81675702319852, 10.275838023856519, 0.0], [79.81331728109498, 10.288743294243062, 0.0], [79.81392718831471, 10.27561593511438, 0.0], [79.78009251514912, 10.272469795636148, 0.0], [79.78338512674652, 10.296058594204995, 0.0], [79.74872250180803, 10.314376505556261, 0.0], [79.77753702545014, 10.284615471600219, 0.0], [79.76766409967144, 10.27180566712653, 0.0], [79.53074251885344, 10.309166178984047, 0.0], [79.54413041528, 10.32488531890908, 0.0], [79.51292433853325, 10.313138093210824, 0.0], [79.3959000399758, 10.3186351553355, 0.0], [79.29846141121436, 10.263298499446075, 0.0], [79.26827221943235, 10.232808731564093, 0.0], [79.27735043978137, 10.213294500504789, 0.0], [79.24153667313811, 10.184870408366844, 0.0], [79.2293523309828, 10.107465003998136, 0.0], [79.22312471139834, 10.106006681315431, 0.0], [79.21988739182942, 10.112630193277079, 0.0], [79.21948147272049, 10.113055236130204, 0.0], [79.21910269626541, 10.112598762932999, 0.0], [79.2271485501803, 10.07358412819368, 0.0], [79.24806710022958, 10.070874266271522, 0.0], [79.23928665778881, 10.057799262173363, 0.0], [79.2661117561183, 10.039233637244804, 0.0], [79.13887080059658, 9.920861248838134, 0.0], [79.14701344528423, 9.911435636692522, 0.0], [79.1255031267786, 9.90370565993736, 0.0], [79.12403564756715, 9.88356195768423, 0.0], [79.11844617173574, 9.890654537097564, 0.0], [79.11126567380336, 9.892837579737149, 0.0], [79.11995211137409, 9.853739570751607, 0.0], [79.08495513403133, 9.834650471996472, 0.0], [79.09390347676444, 9.829362544614051, 0.0], [79.0586181926486, 9.77245137162926, 0.0], [79.02987391460377, 9.761463311216241, 0.0], [79.01591177881855, 9.732318979194716, 0.0], [79.01597275381894, 9.740392802002548, 0.0], [79.01315044146936, 9.744840091640112, 0.0], [78.92515155177799, 9.585001462441436, 0.0], [78.90046182468534, 9.46829613515021, 0.0], [78.93633699462963, 9.408284934136656, 0.0], [79.01309480189329, 9.332366292120092, 0.0], [79.0711192696417, 9.295035562328787, 0.0], [79.18412807110344, 9.282808954670717, 0.0], [79.2659284458555, 9.292744172973807, 0.0], [79.31799444173976, 9.32583563589664, 0.0], [79.33516430982206, 9.312045685384602, 0.0], [79.31499886681561, 9.28310071622396, 0.0], [79.32400378246618, 9.26357729919756, 0.0], [79.41643758414664, 9.187098900701235, 0.0], [79.43584297058621, 9.164171887641613, 0.0], [79.43549629087329, 9.157793143703177, 0.0], [79.30963756638711, 9.242051341142776, 0.0], [79.21983108437335, 9.257336983771475, 0.0], [79.20919806128455, 9.28240316494239, 0.0], [79.08072139703589, 9.261205992926708, 0.0], [78.97892567179137, 9.274851832236848, 0.0], [78.86109901014095, 9.25540191484183, 0.0], [78.7326027953361, 9.211889350887903, 0.0], [78.7172551989158, 9.18954266279324, 0.0], [78.66380176429757, 9.193615235776116, 0.0], [78.64220843488513, 9.174678864713508, 0.0], [78.65707490148353, 9.157693786595294, 0.0], [78.57824975891859, 9.130999665908362, 0.0], [78.53090273383096, 9.138077814281456, 0.0], [78.40870470485446, 9.111348230877296, 0.0], [78.21504443336201, 8.96603792640253, 0.0], [78.18664195238256, 8.923590914271971, 0.0], [78.15808082668278, 8.796964934717458, 0.0], [78.18705554508355, 8.764139952190567, 0.0], [78.19913448943878, 8.787475300096373, 0.0], [78.19825272049523, 8.76108014621039, 0.0], [78.1629937513682, 8.74134552142472, 0.0], [78.12563863501747, 8.665088376868308, 0.0], [78.13797262104404, 8.585963799695714, 0.0], [78.1219000690971, 8.515695110155, 0.0], [78.1305894301146, 8.496909021579418, 0.0], [78.06388973760396, 8.417985279146004, 0.0], [78.05689638979639, 8.379411279677367, 0.0], [78.06742521028502, 8.373269248343021, 0.0], [77.8029245358212, 8.240165762804011, 0.0], [77.78131024645886, 8.201040720741364, 0.0], [77.74471211407881, 8.176915939085283, 0.0], [77.57711293059923, 8.136721398424138, 0.0], [77.55133215806445, 8.0780342212668, 0.0], [77.31579675487696, 8.121837131568947, 0.0], [77.01115267806044, 8.354739527891148, 0.0], [76.63143318749437, 8.836529686244381, 0.0], [76.5467305468789, 8.9039050878447, 0.0], [76.49913169761993, 9.058222517836528, 0.0], [76.3302476079751, 9.44124847984652, 0.0], [76.24120356600191, 9.967648086850522, 0.0], [76.1003279886815, 10.381474912890383, 0.0], [75.91010100155074, 10.786134817749224, 0.0], [75.84670199083234, 11.06286783032474, 0.0], [75.73081044140532, 11.35832539230471, 0.0], [75.68160519501158, 11.44962127633007, 0.0], [75.61678020894769, 11.476408937148445, 0.0], [75.56061714580451, 11.642925317212699, 0.0], [75.50899791212018, 11.731132331762433, 0.0], [75.45311805199474, 11.770847297270844, 0.0], [75.38575851526811, 11.8563380221637, 0.0], [75.35568235121461, 11.859804394473942, 0.0], [75.2503328669412, 12.008188888953773, 0.0], [75.229109692464, 12.022605801182968, 0.0], [75.20105633813537, 12.006088967048639, 0.0], [75.05806452801917, 12.351703985857599, 0.0], [74.97381370928922, 12.50038961463392, 0.0], [74.82442737910449, 12.849057475860544, 0.0], [74.7163655298454, 13.312579386705309, 0.0], [74.69358563021572, 13.343707349985644, 0.0], [74.69542987702276, 13.455179415350836, 0.0], [74.66851133432752, 13.640168011874398, 0.0], [74.64555248823547, 13.681957929226519, 0.0], [74.62580583215845, 13.79685435528443, 0.0], [74.60992991389371, 13.865551620940286, 0.0], [74.56920873264164, 13.946779049248088, 0.0], [74.51398208201687, 13.986858474561325, 0.0], [74.46892708770261, 14.188676636098302, 0.0], [74.44165544193525, 14.224565860573108, 0.0], [74.40138045248227, 14.395498611608645, 0.0], [74.35573462012458, 14.52086060905032, 0.0], [74.31021727033786, 14.521365373976657, 0.0], [74.31472695373981, 14.545724290915253, 0.0], [74.29299900880227, 14.596489915960362, 0.0], [74.2735809666575, 14.62748342687857, 0.0], [74.27038788987845, 14.627232256394706, 0.0], [74.2864391559852, 14.634214520974076, 0.0], [74.28253403810645, 14.676548850813452, 0.0], [74.2493218791196, 14.741183655389717, 0.0], [74.22675668434621, 14.747981125470336, 0.0], [74.20380795802882, 14.736389374102137, 0.0], [74.20843284356654, 14.717643742142394, 0.0], [74.17716323111038, 14.750561590113621, 0.0], [74.15210840341823, 14.747059887707094, 0.0], [74.14139394581666, 14.779190972596075, 0.0], [74.11899936421676, 14.774251843379227, 0.0], [74.09277326937136, 14.804001945419317, 0.0], [74.12426054609601, 14.805003401583011, 0.0], [74.12479208144731, 14.839546997698873, 0.0], [74.0958802543173, 14.898226316947843, 0.0], [74.04419596449506, 14.916600045080356, 0.0], [74.04104189577622, 14.995434584824674, 0.0], [74.02103991418053, 15.01716839984659, 0.0], [73.98948234579771, 15.018915121032212, 0.0], [73.98835786018422, 15.055139935301687, 0.0], [73.97504651990769, 15.048941452631782, 0.0], [73.95499011985589, 15.071928463549172, 0.0], [73.91287557910239, 15.083574222033123, 0.0], [73.92766801730522, 15.095321994780194, 0.0], [73.91847874778541, 15.106210178664972, 0.0], [73.9413245297698, 15.11658693276821, 0.0], [73.93678810048687, 15.13216176864079, 0.0], [73.95650016744297, 15.13549621862113, 0.0], [73.87917982568968, 15.361898898546386, 0.0], [73.84242643175948, 15.358414891977162, 0.0], [73.7836883993288, 15.408100116021064, 0.0], [73.78971171643906, 15.463804111060636, 0.0], [73.76658872838154, 15.492812435447155, 0.0], [73.73221656054379, 15.58859118519651, 0.0], [73.73207037506619, 15.606945681065731, 0.0], [73.7446696543404, 15.605690491699322, 0.0], [73.7228207776669, 15.626746576484088, 0.0], [73.6893733374744, 15.718005555412823, 0.0], [73.72630731786477, 15.717045469247683, 0.0], [73.7394214586976, 15.73447880266198, 0.0], [73.68322390557957, 15.720341284463688, 0.0], [73.64986204595287, 15.744899963118147, 0.0], [73.65761437496197, 15.7470653183535, 0.0], [73.66435422291049, 15.7531018545564, 0.0], [73.65625801808358, 15.795760403333658, 0.0], [73.62608567153434, 15.85176766408834, 0.0], [73.5869667262704, 15.910614364116105, 0.0], [73.51010881932145, 15.94045978744057, 0.0], [73.48436094422638, 16.03371254569734, 0.0], [73.46721627014037, 16.053727765839454, 0.0], [73.45638676916654, 16.052792419113977, 0.0], [73.4649036310074, 16.066976800412125, 0.0], [73.46474999127965, 16.076162078834457, 0.0], [73.45816691340478, 16.08603496044719, 0.0], [73.46492054987692, 16.086936990157266, 0.0], [73.43964352884817, 16.191333496402645, 0.0], [73.38668038271028, 16.358423621570868, 0.0], [73.36892009237548, 16.362925641869644, 0.0], [73.35866967020661, 16.44166044876649, 0.0], [73.31087063590198, 16.54143945757569, 0.0], [73.34525135626056, 16.572583951362237, 0.0], [73.31742066184128, 16.601666994334156, 0.0], [73.35519457553598, 16.618950630522832, 0.0], [73.33045054967066, 16.61985885187067, 0.0], [73.3391063170518, 16.637805438346714, 0.0], [73.32301832281524, 16.638616683028282, 0.0], [73.32971591035307, 16.6873948912812, 0.0], [73.30538960092478, 16.730277129456056, 0.0], [73.30444198882238, 16.765871818607057, 0.0], [73.3191381124357, 16.795338389088553, 0.0], [73.28913856723291, 16.844292136123396, 0.0], [73.28743007909401, 16.880895917836035, 0.0], [73.30300254990068, 16.89141053276748, 0.0], [73.27857608472885, 16.8930367166919, 0.0], [73.29971793557071, 16.981884014496814, 0.0], [73.27928005690099, 16.993400051272285, 0.0], [73.27123598944306, 16.98509218373903, 0.0], [73.28405330033584, 17.011096228193598, 0.0], [73.25536795360067, 17.027712700900143, 0.0], [73.25821254838993, 17.048774978064433, 0.0], [73.27703102115548, 17.036300758539674, 0.0], [73.28670819987465, 17.054251232928046, 0.0], [73.28247406466107, 17.10720307660355, 0.0], [73.26764734753571, 17.114743592694197, 0.0], [73.25289690575133, 17.189390410651367, 0.0], [73.23162620474139, 17.1991438019718, 0.0], [73.24695694227334, 17.2049027577404, 0.0], [73.24341448750816, 17.22516243061746, 0.0], [73.19063850518101, 17.299308883164123, 0.0], [73.22265123036745, 17.306325116725855, 0.0], [73.22924747933396, 17.282477703915955, 0.0], [73.25877070709026, 17.286030133730726, 0.0], [73.23555637841618, 17.288107997426707, 0.0], [73.23876281028758, 17.317041471435733, 0.0], [73.21890237105447, 17.32855015309466, 0.0], [73.21989955984574, 17.333104935363018, 0.0], [73.22925690977303, 17.333981999598866, 0.0], [73.22944738200155, 17.33516118274077, 0.0], [73.2055811315619, 17.38733029048666, 0.0], [73.18333128689221, 17.384076696210354, 0.0], [73.167294935041, 17.404383028458472, 0.0], [73.1986512903594, 17.43908560312878, 0.0], [73.18452756789692, 17.44313818122779, 0.0], [73.19218043706515, 17.46995737362185, 0.0], [73.17392559260318, 17.516907269266838, 0.0], [73.13710165945221, 17.55589098155306, 0.0], [73.1526472450597, 17.59937446127941, 0.0], [73.11362784584259, 17.689813450328135, 0.0], [73.13309584113077, 17.724417218698854, 0.0], [73.12122005875085, 17.766698838713072, 0.0], [73.11081033122277, 17.790186905972057, 0.0], [73.10659325052427, 17.793018650587292, 0.0], [73.10314949717959, 17.802982060060387, 0.0], [73.0985845159039, 17.80821928301095, 0.0], [73.08935798019385, 17.812340519317527, 0.0], [73.07500240440204, 17.882525679766736, 0.0], [73.03080605150369, 17.942814537427576, 0.0], [73.04026450721025, 17.978437789701903, 0.0], [73.00512928575071, 18.019665514236497, 0.0], [73.02129499460831, 18.027453316677647, 0.0], [72.99037561694252, 18.05576622907854, 0.0], [72.99683319829992, 18.08421386162629, 0.0], [72.97102844421221, 18.13288962211017, 0.0], [72.98865887015437, 18.157899983381114, 0.0], [72.98093260752985, 18.196286015341794, 0.0], [72.95639543553692, 18.219636398507564, 0.0], [72.93177840615748, 18.22042031599769, 0.0], [72.93804808099465, 18.283722080418855, 0.0], [72.97302078567964, 18.266164202453602, 0.0], [72.98648136649905, 18.282278812441746, 0.0], [72.9538670857371, 18.334963673121575, 0.0], [72.91522363803651, 18.355137670460856, 0.0], [72.92594592995572, 18.383438515330415, 0.0], [72.90703551862693, 18.402989270147224, 0.0], [72.8937324531413, 18.4717912109553, 0.0], [72.91109224507717, 18.5025591481873, 0.0], [72.90531621009403, 18.5385559785581, 0.0], [72.92115796570937, 18.550552897138353, 0.0], [72.87813915040368, 18.63081433418234, 0.0], [72.8600555770204, 18.63351282563626, 0.0], [72.85105234872151, 18.698832381571762, 0.0], [72.86580722033204, 18.807621140612955, 0.0], [72.91448933548304, 18.800324646299387, 0.0], [72.9451516278966, 18.826382469902896, 0.0], [72.95713253487406, 18.799230218235625, 0.0], [72.99594317606906, 18.77301780962052, 0.0], [72.97827223920957, 18.80759590914986, 0.0], [72.99929189499866, 18.80920050982689, 0.0], [72.97508759728966, 18.839501449561105, 0.0], [72.9953865856626, 18.87151067145339, 0.0], [72.9609940855838, 18.841038618424026, 0.0], [72.91834791053792, 18.855407596427508, 0.0], [72.90407301254946, 18.904435194397482, 0.0], [72.93706077814345, 18.9093319637613, 0.0], [72.9408106000988, 18.9444896824751, 0.0], [72.95917130454015, 18.957162262763273, 0.0], [72.94710896584735, 18.986850246921357, 0.0], [72.88530043125049, 18.981478205341574, 0.0], [72.87824291965957, 19.021936442878424, 0.0], [72.85432057803304, 18.997203427255265, 0.0], [72.84337231332805, 18.930294657743236, 0.0], [72.81195123052392, 18.895127663811923, 0.0], [72.80356021647849, 18.89881462317306, 0.0], [72.82559494579486, 18.919446160830514, 0.0], [72.82360580795805, 18.94124944406838, 0.0], [72.81217937798534, 18.955271001735895, 0.0], [72.79331517999559, 18.939408251297106, 0.0], [72.79249653705706, 18.949906451397396, 0.0], [72.817461126299, 19.025563783158216, 0.0], [72.83260246186023, 19.023681010108596, 0.0], [72.83863137739894, 19.046523181207114, 0.0], [72.81701339796933, 19.04147410080414, 0.0], [72.83322334260298, 19.084831055981983, 0.0], [72.81163060822348, 19.14523104883756, 0.0], [72.7860730224757, 19.13352079562813, 0.0], [72.79548422100291, 19.194667729892295, 0.0], [72.7814100533208, 19.19543057505257, 0.0], [72.77865496899992, 19.278924847752222, 0.0], [72.78692804746306, 19.307684235931305, 0.0], [72.82995145097347, 19.334621363734225, 0.0], [72.800190670347, 19.32384711666505, 0.0], [72.74469336591457, 19.37803633278272, 0.0], [72.75992691706469, 19.392709666807363, 0.0], [72.74954767814275, 19.489269328780008, 0.0], [72.71973195273338, 19.500766466290443, 0.0], [72.71109041686508, 19.540783503494897, 0.0], [72.70890928815635, 19.598764185720157, 0.0], [72.72534332214332, 19.609571404797787, 0.0], [72.69913400971237, 19.661478808710754, 0.0], [72.70814365730068, 19.703810729679756, 0.0], [72.69707436667491, 19.71924471674229, 0.0], [72.6755236200381, 19.71571327142298, 0.0], [72.68284783872113, 19.793488519629754, 0.0], [72.67131674623032, 19.813643073544462, 0.0], [72.66768322881622, 19.80132425730228, 0.0], [72.65398062751346, 19.810937677585603, 0.0], [72.64199056980553, 19.84398236432703, 0.0], [72.64805583425918, 19.87005468194548, 0.0], [72.6802716776335, 19.864896242227616, 0.0], [72.67880257181433, 19.920742148138093, 0.0], [72.66421602373936, 19.933488839161814, 0.0], [72.72197582684618, 19.970623773489375, 0.0], [72.70788379712803, 20.070025490456946, 0.0], [72.74658519423882, 20.116141611977685, 0.0], [72.74241779730126, 20.24120040807877, 0.0], [72.75660065608191, 20.290163172883844, 0.0], [72.78850196665465, 20.346762494838266, 0.0], [72.82327210398255, 20.365895337500366, 0.0], [72.80460292475549, 20.37227195037626, 0.0], [72.82014375011762, 20.433908259428406, 0.0], [72.8462685542316, 20.478029978364347, 0.0], [72.85812432978771, 20.465636556411052, 0.0], [72.88593742017427, 20.497677181813227, 0.0], [72.89798637715634, 20.584872431118086, 0.0], [72.85293687736261, 20.756805745604098, 0.0], [72.82021273458018, 20.79379837026198, 0.0], [72.83923622085725, 20.805248422485512, 0.0], [72.78017427692956, 20.921150922764124, 0.0], [72.8199764124842, 20.927503695034506, 0.0], [72.8203662007517, 20.95229978808566, 0.0], [72.75465206581876, 20.93865886034668, 0.0], [72.72215695480116, 21.03773327939122, 0.0], [72.72617841528587, 21.061030184301373, 0.0], [72.74893359944582, 21.057224080378102, 0.0], [72.74118841245428, 21.074457118089317, 0.0], [72.70990942497198, 21.07983493955084, 0.0], [72.7024714920405, 21.096159100617445, 0.0], [72.68478788044793, 21.082973677540917, 0.0], [72.66982347746544, 21.115038353673796, 0.0], [72.64153890026235, 21.085153062188798, 0.0], [72.61989833420887, 21.100748407204872, 0.0], [72.63805831900252, 21.2111079093116, 0.0], [72.65735441892967, 21.224651914961374, 0.0], [72.62225692862893, 21.24259340640955, 0.0], [72.60034101131605, 21.28986997820453, 0.0], [72.60116760118844, 21.38862422918046, 0.0], [72.67933389970592, 21.439955434570823, 0.0], [72.68730213639948, 21.452444538424032, 0.0], [72.61312130104086, 21.400109721815515, 0.0], [72.57957706264192, 21.413856435601783, 0.0], [72.65582446361682, 21.469170922527766, 0.0], [72.70283033945948, 21.525668795093313, 0.0], [72.74999998147986, 21.527518969949828, 0.0], [72.77022324076061, 21.562515464279283, 0.0], [72.76006327392834, 21.56033232840805, 0.0], [72.75445383873958, 21.56627563005556, 0.0], [72.80224034170475, 21.58721331313818, 0.0], [72.83014570121261, 21.628448991527424, 0.0], [72.8284574925701, 21.65091484045513, 0.0], [72.86790648887866, 21.64221722379052, 0.0], [72.87723776745474, 21.672558608724234, 0.0], [72.96297828549518, 21.674034656587928, 0.0], [72.8619065680901, 21.68759118057072, 0.0], [72.80129464704721, 21.6576851761171, 0.0], [72.73808078293939, 21.690970059599444, 0.0], [72.71291031626161, 21.67958336435782, 0.0], [72.60809172258266, 21.68805508595875, 0.0], [72.54355212668125, 21.660507256341937, 0.0], [72.53247146896112, 21.71810149760978, 0.0], [72.60717422348473, 21.753050573730047, 0.0], [72.61004497816816, 21.790179762697292, 0.0], [72.59302452050237, 21.804915109445226, 0.0], [72.62043153298055, 21.82992539332295, 0.0], [72.61033234142451, 21.839683135441565, 0.0], [72.62335263662237, 21.883751333689066, 0.0], [72.6481698731675, 21.897309763449684, 0.0], [72.69126520222947, 21.882581341024544, 0.0], [72.69190307742035, 21.941874948567325, 0.0], [72.71941253595348, 21.93922411545741, 0.0], [72.74828854445008, 21.96746291340424, 0.0], [72.72522339688875, 21.996465984953826, 0.0], [72.70780615112545, 21.953397868334747, 0.0], [72.63998974124115, 21.956825762779804, 0.0], [72.54536124952934, 21.91098873793318, 0.0], [72.52796675578857, 21.93701622138936, 0.0], [72.54785929479023, 21.964388748164893, 0.0], [72.53054446341523, 21.955075323248717, 0.0], [72.5258942453071, 21.959872578632716, 0.0], [72.53976175301905, 21.96175418784365, 0.0], [72.5281350316404, 21.98226191128377, 0.0], [72.54854345340186, 21.991051215466733, 0.0], [72.54316391576076, 22.126342594840903, 0.0], [72.58095837647605, 22.199154521311428, 0.0], [72.64996108179221, 22.21546297918919, 0.0], [72.65952980293478, 22.199426990407375, 0.0], [72.78268456548317, 22.157569291561554, 0.0], [72.78275586932023, 22.19286689640119, 0.0], [72.85379973759319, 22.238852218363146, 0.0], [72.84921907404535, 22.27494792815144, 0.0], [72.69895634161172, 22.199905674225516, 0.0], [72.62417667637419, 22.233910530418296, 0.0], [72.5437345292134, 22.223072064858087, 0.0], [72.30003250560925, 22.033369204354265, 0.0], [72.26886893768452, 21.97060303428553, 0.0], [72.21166860107763, 21.962067029315072, 0.0], [72.20419536314078, 21.891069329571277, 0.0], [72.24245950512294, 21.829811416793518, 0.0], [72.23548003693422, 21.812038888121194, 0.0], [72.20282372341215, 21.819055414831595, 0.0], [72.28284355258205, 21.69695816344648, 0.0], [72.30612665312485, 21.62600920785946, 0.0], [72.26995725936608, 21.572642105773983, 0.0], [72.23535452519022, 21.456008320813023, 0.0], [72.10784189927176, 21.302474603295384, 0.0], [72.0826664988485, 21.24513505087998, 0.0], [72.11205342353334, 21.198630700662875, 0.0], [72.08766895357874, 21.191884688723786, 0.0], [72.01779218852556, 21.15391148771819, 0.0], [72.01022954580631, 21.134670084535273, 0.0], [71.9965979160862, 21.14190705444292, 0.0], [71.97390346058522, 21.122232000405585, 0.0], [71.89833422269584, 21.109941461412287, 0.0], [71.87896920100846, 21.08875332097387, 0.0], [71.8130782236746, 21.067467656751457, 0.0], [71.79763059472329, 21.055218565189243, 0.0], [71.80585534798648, 21.038061182889468, 0.0], [71.7166791908609, 21.020751908415924, 0.0], [71.68191229773697, 20.99654828589803, 0.0], [71.67700642283097, 21.001747368250246, 0.0], [71.64708260470485, 20.99420334194191, 0.0], [71.63677115713197, 20.980710438914144, 0.0], [71.64771159356525, 20.974650854660887, 0.0], [71.61714827713945, 20.966986520818644, 0.0], [71.6074925646543, 20.97795987781315, 0.0], [71.61072965972778, 20.966213924974177, 0.0], [71.56558329629212, 20.948951876748865, 0.0], [71.51665436501166, 20.9481165496312, 0.0], [71.50666799242825, 20.918769037693117, 0.0], [71.43998249000911, 20.86952080314824, 0.0], [71.38449070588435, 20.875797243955056, 0.0], [71.37429150153544, 20.867891681382115, 0.0], [71.38406653326373, 20.856757263673156, 0.0], [71.32172641396195, 20.846647211278068, 0.0], [71.20916499059571, 20.80085498123176, 0.0], [71.15615199215442, 20.777709750481595, 0.0], [71.14807546110094, 20.758250353051473, 0.0], [71.08651057344801, 20.75554931530563, 0.0], [71.0789611060648, 20.736761980674405, 0.0], [71.05060915653723, 20.73042352706993, 0.0], [71.0021101005904, 20.73608851884019, 0.0]], [[80.12864361332647, 25.338506082621567, 0.0], [80.12968155362569, 25.33766501412971, 0.0], [80.12725287941753, 25.33963300313903, 0.0], [80.12864361332647, 25.338506082621567, 0.0]], [[80.1362822440005, 25.34224073343389, 0.0], [80.13685390372571, 25.34305388989478, 0.0], [80.1348076425971, 25.34014313923028, 0.0], [80.1362822440005, 25.34224073343389, 0.0]], [[80.13743849141845, 25.34390691127634, 0.0], [80.1394767984433, 25.346881080748453, 0.0], [80.13696302464298, 25.343213119377065, 0.0], [80.13743849141845, 25.34390691127634, 0.0]], [[80.16611888571582, 25.36383425921586, 0.0], [80.16696309969605, 25.363994369165553, 0.0], [80.16490341494301, 25.363603731753987, 0.0], [80.16611888571582, 25.36383425921586, 0.0]], [[80.20774116035201, 25.403647918093007, 0.0], [80.20892440593997, 25.403029017071738, 0.0], [80.2061772965071, 25.40446588196904, 0.0], [80.20774116035201, 25.403647918093007, 0.0]], [[80.21872554662427, 25.39852634660336, 0.0], [80.21976349217876, 25.398293191688907, 0.0], [80.21736869186361, 25.398831129572464, 0.0], [80.21872554662427, 25.39852634660336, 0.0]], [[80.29326601872825, 25.411365635374775, 0.0], [80.2939104307699, 25.410776843994697, 0.0], [80.29074396538158, 25.413669930511592, 0.0], [80.29326601872825, 25.411365635374775, 0.0]], [[80.34025056185254, 25.27871948216174, 0.0], [80.34091198742365, 25.27869435925004, 0.0], [80.33713418724999, 25.278837817414228, 0.0], [80.34025056185254, 25.27871948216174, 0.0]], [[80.34091198742365, 25.27869435925004, 0.0], [80.34196945323943, 25.278657698035097, 0.0], [80.34505219717485, 25.278550788430653, 0.0], [80.34091198742365, 25.27869435925004, 0.0]], [[80.35871971455335, 25.25989975439564, 0.0], [80.35958999313121, 25.259094927207776, 0.0], [80.35756955795645, 25.26096339191769, 0.0], [80.35871971455335, 25.25989975439564, 0.0]], [[80.36479960361515, 25.252371151487086, 0.0], [80.36491890343609, 25.252236985237488, 0.0], [80.36353636130863, 25.253791808106126, 0.0], [80.36479960361515, 25.252371151487086, 0.0]], [[80.37535239658064, 25.24306641491473, 0.0], [80.37626169080518, 25.24239856945517, 0.0], [80.37388955223587, 25.24414080229108, 0.0], [80.37535239658064, 25.24306641491473, 0.0]], [[74.12350773906319, 15.436924121441672, 0.0], [74.12352465211175, 15.43693799408446, 0.0], [74.12411718622512, 15.437424027934664, 0.0], [74.12350773906319, 15.436924121441672, 0.0]], [[74.08716749563189, 15.310789856814722, 0.0], [74.08726734486675, 15.310678187545, 0.0], [74.08684960463422, 15.311145383048535, 0.0], [74.08716749563189, 15.310789856814722, 0.0]], [[77.86262747473263, 30.11551778592012, 0.0], [77.86221921731774, 30.11509765965525, 0.0], [77.86149077034686, 30.114348024068015, 0.0], [77.86262747473263, 30.11551778592012, 0.0]], [[77.75821063958179, 29.960170886187203, 0.0], [77.75817380217754, 29.96011685732326, 0.0], [77.75804800747238, 29.95993235590425, 0.0], [77.75821063958179, 29.960170886187203, 0.0]], [[77.4714569180811, 27.38033984087412, 0.0], [77.47110577877953, 27.38102895167663, 0.0], [77.47172283176255, 27.379817980185127, 0.0], [77.4714569180811, 27.38033984087412, 0.0]], [[77.59871428425876, 27.29714867092771, 0.0], [77.59866735181424, 27.297204238996017, 0.0], [77.598830175497, 27.2970114532188, 0.0], [77.59871428425876, 27.29714867092771, 0.0]], [[77.6511533502051, 27.226134922464215, 0.0], [77.65115548531872, 27.22613813050887, 0.0], [77.65092737959145, 27.225795518062238, 0.0], [77.6511533502051, 27.226134922464215, 0.0]], [[77.67782245427274, 27.19010507563191, 0.0], [77.67931064051001, 27.192064861502654, 0.0], [77.6778203189667, 27.190102264858854, 0.0], [77.67782245427274, 27.19010507563191, 0.0]], [[77.67067672013229, 27.179765411222967, 0.0], [77.6718689340409, 27.18105396093537, 0.0], [77.66959098973294, 27.178591916127047, 0.0], [77.67067672013229, 27.179765411222967, 0.0]], [[77.67903354246641, 27.045876035355747, 0.0], [77.67902603040378, 27.04586768735612, 0.0], [77.67940160810925, 27.046285028501117, 0.0], [77.67903354246641, 27.045876035355747, 0.0]], [[77.3976770671923, 28.469274566070602, 0.0], [77.39602034781234, 28.470077523696467, 0.0], [77.39205431927824, 28.47199961037757, 0.0], [77.3976770671923, 28.469274566070602, 0.0]], [[77.40809422811923, 28.46716867689832, 0.0], [77.40789700365517, 28.467165471248727, 0.0], [77.4076997875243, 28.467162264572963, 0.0], [77.40809422811923, 28.46716867689832, 0.0]], [[77.40809804651083, 28.46698522787234, 0.0], [77.40809477681918, 28.467142322616844, 0.0], [77.40809440961878, 28.467159959402583, 0.0], [77.40809804651083, 28.46698522787234, 0.0]], [[77.42387106740934, 28.452908404612636, 0.0], [77.42379334462925, 28.452890245888913, 0.0], [77.42336478128404, 28.452790115599846, 0.0], [77.42387106740934, 28.452908404612636, 0.0]], [[77.43484480057916, 28.450406001437685, 0.0], [77.43468083899208, 28.45093218164488, 0.0], [77.43352184242659, 28.454651447605453, 0.0], [77.43484480057916, 28.450406001437685, 0.0]], [[77.44996587638688, 28.426989816046003, 0.0], [77.44872545924576, 28.427101587195846, 0.0], [77.45036855106375, 28.4269535305014, 0.0], [77.44996587638688, 28.426989816046003, 0.0]], [[77.45851386731069, 28.424560171558145, 0.0], [77.45837615961779, 28.424566947715658, 0.0], [77.4572462452942, 28.42462254170704, 0.0], [77.45851386731069, 28.424560171558145, 0.0]], [[77.46196242038528, 28.423422220415656, 0.0], [77.46196238650128, 28.423619928124715, 0.0], [77.46196233132906, 28.423936083222145, 0.0], [77.46196242038528, 28.423422220415656, 0.0]], [[77.46171076394026, 28.422528126071533, 0.0], [77.46179890217545, 28.42283553399272, 0.0], [77.46182705610279, 28.422933729081237, 0.0], [77.46171076394026, 28.422528126071533, 0.0]], [[77.49832105215276, 28.374921404192936, 0.0], [77.4975789846642, 28.37596507843145, 0.0], [77.49683690367121, 28.377008749397348, 0.0], [77.49832105215276, 28.374921404192936, 0.0]], [[77.53502619985682, 28.189307917663065, 0.0], [77.53404539484227, 28.188104951337785, 0.0], [77.53348995305663, 28.187423684189643, 0.0], [77.53502619985682, 28.189307917663065, 0.0]], [[77.53759659591667, 28.190351939427437, 0.0], [77.53576367430664, 28.189607464988356, 0.0], [77.5354048757649, 28.189461728623602, 0.0], [77.53759659591667, 28.190351939427437, 0.0]], [[77.1319870120434, 29.484943007657733, 0.0], [77.13223924103887, 29.48467732468253, 0.0], [77.13198615617557, 29.484944739244987, 0.0], [77.1319870120434, 29.484943007657733, 0.0]], [[77.11936159404381, 29.56685664358027, 0.0], [77.1193615940224, 29.566856644495754, 0.0], [77.1183568861637, 29.56725998853555, 0.0], [77.11936159404381, 29.56685664358027, 0.0]], [[77.11149486484017, 29.605675840477645, 0.0], [77.11131322569736, 29.604930779732367, 0.0], [77.11146557856426, 29.60555571146516, 0.0], [77.11149486484017, 29.605675840477645, 0.0]], [[77.15712097649339, 29.322146238123857, 0.0], [77.15711304985568, 29.32231165694236, 0.0], [77.15714372946937, 29.32167137028645, 0.0], [77.15712097649339, 29.322146238123857, 0.0]], [[77.15647809251368, 29.31929046568693, 0.0], [77.15656502196236, 29.319697500619473, 0.0], [77.15658658424066, 29.319798465306114, 0.0], [77.15647809251368, 29.31929046568693, 0.0]], [[77.15827302726763, 29.30325768060074, 0.0], [77.1582409879061, 29.304328507361088, 0.0], [77.1582117667626, 29.30530510938705, 0.0], [77.15827302726763, 29.30325768060074, 0.0]], [[77.42257401449643, 30.13949334859445, 0.0], [77.42270124832797, 30.140111153950585, 0.0], [77.42254521948135, 30.13935352577442, 0.0], [77.42257401449643, 30.13949334859445, 0.0]], [[78.90818933071385, 29.39111087375982, 0.0], [78.9079659439618, 29.390915142185815, 0.0], [78.90756107523731, 29.390560394807277, 0.0], [78.90818933071385, 29.39111087375982, 0.0]], [[78.85531731856217, 29.34967826143559, 0.0], [78.85539657916378, 29.34968364233258, 0.0], [78.85597584005994, 29.349722969983866, 0.0], [78.85531731856217, 29.34967826143559, 0.0]], [[78.87929954950083, 29.20818734616188, 0.0], [78.87967749185451, 29.208687394134326, 0.0], [78.8801646438857, 29.209331928815907, 0.0], [78.87929954950083, 29.20818734616188, 0.0]], [[79.08637651601173, 26.356636015496896, 0.0], [79.08503499223119, 26.357667790089188, 0.0], [79.08446595806423, 26.358105428671617, 0.0], [79.08637651601173, 26.356636015496896, 0.0]], [[79.11085162481459, 26.349608082747928, 0.0], [79.11339939959097, 26.349003352972993, 0.0], [79.11288805140208, 26.34912472749543, 0.0], [79.11192558026406, 26.34935317769688, 0.0], [79.11085162481459, 26.349608082747928, 0.0]], [[79.13354508967966, 26.329016321977168, 0.0], [79.13354508865899, 26.329016321971523, 0.0], [79.13373579949956, 26.328524979168435, 0.0], [79.13354508967966, 26.329016321977168, 0.0]], [[79.13479185475238, 26.32537425680271, 0.0], [79.13479185373181, 26.32537425679708, 0.0], [79.13482586876486, 26.325251349154712, 0.0], [79.13479185475238, 26.32537425680271, 0.0]], [[79.12483143803047, 26.311620576152368, 0.0], [79.12240209653154, 26.312687424071292, 0.0], [79.1219375297294, 26.312891432304298, 0.0], [79.12483143803047, 26.311620576152368, 0.0]], [[79.11780862620247, 26.303888769608545, 0.0], [79.11780862518202, 26.303888769602786, 0.0], [79.11844785122508, 26.302502572506413, 0.0], [79.11780862620247, 26.303888769608545, 0.0]], [[79.08702883970577, 26.272233290579344, 0.0], [79.08743156173749, 26.272632999759722, 0.0], [79.0869884501243, 26.272193204211053, 0.0], [79.08702883970577, 26.272233290579344, 0.0]], [[79.04949120327431, 26.255566220697055, 0.0], [79.05130331793706, 26.254896156501903, 0.0], [79.05029517499263, 26.255268940491277, 0.0], [79.04949120327431, 26.255566220697055, 0.0]], [[79.05664676244095, 26.249239888664434, 0.0], [79.05664676244777, 26.249239887744693, 0.0], [79.05686220149997, 26.24914817608604, 0.0], [79.05664676244095, 26.249239888664434, 0.0]], [[79.00869544959428, 26.22633092315321, 0.0], [79.00869544960146, 26.226330922233437, 0.0], [79.00942396951345, 26.226196372704862, 0.0], [79.00869544959428, 26.22633092315321, 0.0]], [[79.01242329802896, 26.225715527506427, 0.0], [79.01242329803611, 26.225715526586626, 0.0], [79.01363283719445, 26.225513741177394, 0.0], [79.01242329802896, 26.225715527506427, 0.0]], [[79.02366576534334, 26.19430951464173, 0.0], [79.02366576433083, 26.19430951371551, 0.0], [79.02588007034755, 26.192099325875795, 0.0], [79.02366576534334, 26.19430951464173, 0.0]], [[78.95092049296797, 26.129039841812393, 0.0], [78.94959613517133, 26.12880723436727, 0.0], [78.94891035001388, 26.12868678006108, 0.0], [78.95092049296797, 26.129039841812393, 0.0]], [[78.95364005330568, 26.128663466585927, 0.0], [78.95524453151626, 26.12798591658761, 0.0], [78.95206730820703, 26.129327600003585, 0.0], [78.95364005330568, 26.128663466585927, 0.0]], [[78.96734223254535, 26.120040205912723, 0.0], [78.9671379254335, 26.12015114498865, 0.0], [78.9634394466479, 26.122159330858054, 0.0], [78.96734223254535, 26.120040205912723, 0.0]], [[78.97202500759307, 26.11839661887282, 0.0], [78.96947005136992, 26.119293393757154, 0.0], [78.96890341218831, 26.119492273921566, 0.0], [78.97202500759307, 26.11839661887282, 0.0]], [[78.9771770053298, 26.11187748913854, 0.0], [78.97712388211825, 26.11201397444334, 0.0], [78.97746301444322, 26.111142644947932, 0.0], [78.9771770053298, 26.11187748913854, 0.0]], [[78.97865422725982, 26.103698398267024, 0.0], [78.97780755460235, 26.10411508107484, 0.0], [78.97729862688254, 26.104365541864055, 0.0], [78.97865422725982, 26.103698398267024, 0.0]], [[78.99093497445394, 26.09576796625109, 0.0], [78.99093497344245, 26.09576796532457, 0.0], [78.99209341711337, 26.094726510390952, 0.0], [78.99093497445394, 26.09576796625109, 0.0]], [[78.99631050003349, 26.092846324758987, 0.0], [78.99506566761721, 26.09312642802708, 0.0], [78.9982247856607, 26.092415564785842, 0.0], [78.99631050003349, 26.092846324758987, 0.0]], [[79.26552056901194, 25.27958318214368, 0.0], [79.26552056900668, 25.27958318306409, 0.0], [79.26472834768647, 25.27779157620997, 0.0], [79.26552056901194, 25.27958318214368, 0.0]], [[79.30982443503147, 25.173014470303276, 0.0], [79.30982443402992, 25.173014468457836, 0.0], [79.31039639374946, 25.172202752964562, 0.0], [79.30982443503147, 25.173014470303276, 0.0]], [[78.17071939648582, 24.85431513065764, 0.0], [78.17083185091138, 24.853998582979017, 0.0], [78.17039266332408, 24.85523484855035, 0.0], [78.17071939648582, 24.85431513065764, 0.0]], [[78.88417836503668, 25.158830257753866, 0.0], [78.88417836504468, 25.15883025683343, 0.0], [78.88428909044796, 25.158916007808912, 0.0], [78.88417836503668, 25.158830257753866, 0.0]], [[78.91541755937673, 25.193785036509315, 0.0], [78.9149045079307, 25.193201329226344, 0.0], [78.9164502315338, 25.194959906653235, 0.0], [78.91541755937673, 25.193785036509315, 0.0]], [[78.92722120026687, 25.206097517542723, 0.0], [78.92901925386415, 25.207567913562304, 0.0], [78.92556095720656, 25.20473977709847, 0.0], [78.92722120026687, 25.206097517542723, 0.0]], [[78.93529200443395, 25.21070248901544, 0.0], [78.93717168239837, 25.21115086470691, 0.0], [78.93803097165909, 25.21135583244668, 0.0], [78.93529200443395, 25.21070248901544, 0.0]], [[78.95385808982253, 25.218962618305255, 0.0], [78.95435889644725, 25.21876564487031, 0.0], [78.95566756104785, 25.218250923058317, 0.0], [78.95385808982253, 25.218962618305255, 0.0]], [[78.9562338268012, 25.218028186791898, 0.0], [78.95674713212631, 25.217826280683344, 0.0], [78.95566756104785, 25.218250923058317, 0.0], [78.9562338268012, 25.218028186791898, 0.0]], [[79.02028388303987, 25.26991702386653, 0.0], [79.0209939305911, 25.2694889762491, 0.0], [79.0165560305393, 25.27216424658478, 0.0], [79.02028388303987, 25.26991702386653, 0.0]], [[79.03510662459037, 25.173571803404915, 0.0], [79.03615672495619, 25.173039603610597, 0.0], [79.03737095837081, 25.17242420653633, 0.0], [79.03510662459037, 25.173571803404915, 0.0]], [[79.03292320653004, 25.163485796292807, 0.0], [79.03400092841568, 25.162977142359168, 0.0], [79.0318370949541, 25.16399840071524, 0.0], [79.03292320653004, 25.163485796292807, 0.0]], [[79.18348236197897, 25.11571042784188, 0.0], [79.18340584694256, 25.11577911280549, 0.0], [79.18371690186605, 25.115635005401067, 0.0], [79.18348236197897, 25.11571042784188, 0.0]], [[79.18397266105802, 25.114672089987668, 0.0], [79.18393159283266, 25.114723519680254, 0.0], [79.18402127324876, 25.114649940533877, 0.0], [79.18397266105802, 25.114672089987668, 0.0]], [[78.48578699150985, 24.36933719612477, 0.0], [78.48578699051554, 24.36933719519424, 0.0], [78.48472139711576, 24.368037906711805, 0.0], [78.48578699150985, 24.36933719612477, 0.0]], [[78.51929158418996, 24.387555606725574, 0.0], [78.51929158417938, 24.387555607646235, 0.0], [78.51851870749013, 24.3877787992159, 0.0], [78.51929158418996, 24.387555606725574, 0.0]], [[78.53726645747483, 24.36804539497198, 0.0], [78.53611445511233, 24.36806328111858, 0.0], [78.5334316576141, 24.36810489929229, 0.0], [78.53726645747483, 24.36804539497198, 0.0]], [[78.5396094827479, 24.367159804156284, 0.0], [78.53960948374252, 24.367159805086494, 0.0], [78.53866941188743, 24.367757852011405, 0.0], [78.5396094827479, 24.367159804156284, 0.0]], [[78.69359361546734, 24.231866664803555, 0.0], [78.69370477102191, 24.231752987416236, 0.0], [78.69414615356507, 24.231301594769086, 0.0], [78.69359361546734, 24.231866664803555, 0.0]], [[78.69635940664939, 24.229729029290734, 0.0], [78.69620142447069, 24.229795197800552, 0.0], [78.69953366471405, 24.22839948737441, 0.0], [78.69635940664939, 24.229729029290734, 0.0]], [[78.69953366471405, 24.22839948737441, 0.0], [78.70099234620643, 24.22778848628933, 0.0], [78.7028785985379, 24.22699835634668, 0.0], [78.69953366471405, 24.22839948737441, 0.0]], [[78.78143952410754, 24.205216748781293, 0.0], [78.78133542830743, 24.205494906493193, 0.0], [78.78112878428493, 24.206047085767533, 0.0], [78.78143952410754, 24.205216748781293, 0.0]], [[78.78160311917955, 24.204005177340562, 0.0], [78.7814581797208, 24.205078589611574, 0.0], [78.78143952410754, 24.205216748781293, 0.0], [78.78160311917955, 24.204005177340562, 0.0]], [[78.78096528192984, 24.200905335418746, 0.0], [78.78102634759354, 24.201089453500632, 0.0], [78.78125317415025, 24.201773355196075, 0.0], [78.78096528192984, 24.200905335418746, 0.0]], [[78.17808584590756, 24.843267461127855, 0.0], [78.17750659518424, 24.843333941074555, 0.0], [78.18062288602412, 24.842976260713442, 0.0], [78.17808584590756, 24.843267461127855, 0.0]], [[78.20403358602549, 24.824404678119574, 0.0], [78.20577931017094, 24.822295541481196, 0.0], [78.20484018344561, 24.82343018085745, 0.0], [78.20403358602549, 24.824404678119574, 0.0]], [[78.20770824749424, 24.820066000362512, 0.0], [78.20863463105627, 24.819039743820934, 0.0], [78.20670228540475, 24.82118039240977, 0.0], [78.20770824749424, 24.820066000362512, 0.0]], [[78.22408726204013, 24.793770062037353, 0.0], [78.22324867097325, 24.79562357199921, 0.0], [78.224359592303, 24.793168126759767, 0.0], [78.22408726204013, 24.793770062037353, 0.0]], [[78.24077834343055, 24.724805815361638, 0.0], [78.23974670168572, 24.726142717454373, 0.0], [78.24181004294769, 24.723536591093534, 0.0], [78.24077834343055, 24.724805815361638, 0.0]], [[78.2701491976351, 24.671930830122832, 0.0], [78.26873477764808, 24.67389335041628, 0.0], [78.2706932860928, 24.67112769063119, 0.0], [78.2701491976351, 24.671930830122832, 0.0]], [[78.27762163505498, 24.616562965623473, 0.0], [78.27745571894211, 24.617066497319986, 0.0], [78.27765101959409, 24.61642134016699, 0.0], [78.27762163505498, 24.616562965623473, 0.0]], [[78.26518403663006, 24.564810496723982, 0.0], [78.26512931434497, 24.565080176134007, 0.0], [78.26528624422129, 24.564478405988172, 0.0], [78.26518403663006, 24.564810496723982, 0.0]], [[78.2522174626668, 24.483004795080646, 0.0], [78.25126122815972, 24.4831733232845, 0.0], [78.253683505891, 24.482746404375636, 0.0], [78.2522174626668, 24.483004795080646, 0.0]], [[78.95701959145535, 24.48215505575516, 0.0], [78.9570195914479, 24.482155056675825, 0.0], [78.9554616120748, 24.481675114356396, 0.0], [78.95701959145535, 24.48215505575516, 0.0]], [[78.9443238488961, 24.479287671685295, 0.0], [78.94432384888857, 24.47928767260597, 0.0], [78.94319535209569, 24.479025395890787, 0.0], [78.9443238488961, 24.479287671685295, 0.0]], [[78.94025911145614, 24.47917874464731, 0.0], [78.94025911144858, 24.479178745568014, 0.0], [78.93876398460738, 24.479308701525625, 0.0], [78.94025911145614, 24.47917874464731, 0.0]], [[78.40402889734756, 25.215738983739783, 0.0], [78.40403751286827, 25.215731548406293, 0.0], [78.40402405514477, 25.215743162589288, 0.0], [78.40402889734756, 25.215738983739783, 0.0]], [[78.93849712202827, 25.422642496405707, 0.0], [78.94037441048359, 25.425827174173463, 0.0], [78.93846723401518, 25.422591794615155, 0.0], [78.93849712202827, 25.422642496405707, 0.0]], [[78.94295346245003, 25.382860942956746, 0.0], [78.94461838879683, 25.384727168158985, 0.0], [78.94414621033921, 25.384197907883788, 0.0], [78.94295346245003, 25.382860942956746, 0.0]], [[78.94783335148588, 25.38585943847142, 0.0], [78.94822969448057, 25.386691649304584, 0.0], [78.94762740035208, 25.38542699641811, 0.0], [78.94783335148588, 25.38585943847142, 0.0]], [[78.83677374654856, 25.239926245274543, 0.0], [78.83559592073541, 25.24207985269224, 0.0], [78.83513954008474, 25.242914303120756, 0.0], [78.83677374654856, 25.239926245274543, 0.0]], [[78.85679700863349, 25.24315778315158, 0.0], [78.8567970093628, 25.243157783695082, 0.0], [78.85708149673586, 25.2435561328462, 0.0], [78.85679700863349, 25.24315778315158, 0.0]], [[78.88177793976354, 25.220646938708445, 0.0], [78.88177794076732, 25.22064693963617, 0.0], [78.88152304470816, 25.220833489046907, 0.0], [78.88177793976354, 25.220646938708445, 0.0]], [[78.57906595175179, 25.34482675740776, 0.0], [78.58016186689385, 25.345519718627514, 0.0], [78.5777538344978, 25.343997072089635, 0.0], [78.57906595175179, 25.34482675740776, 0.0]], [[78.61633488046543, 25.415003094919857, 0.0], [78.61722715578567, 25.415150121138748, 0.0], [78.61562108716365, 25.414885475806564, 0.0], [78.61633488046543, 25.415003094919857, 0.0]], [[78.66082899793506, 25.384285408388457, 0.0], [78.66140950308291, 25.383976284781102, 0.0], [78.65987814116498, 25.38479174120624, 0.0], [78.66082899793506, 25.384285408388457, 0.0]], [[78.67407068328588, 25.38126654854523, 0.0], [78.67407068327634, 25.38126654946552, 0.0], [78.67275053722956, 25.381383965294667, 0.0], [78.67407068328588, 25.38126654854523, 0.0]], [[78.72156550152427, 25.345081152008948, 0.0], [78.72412234759065, 25.343967256271398, 0.0], [78.72065665920238, 25.345477078320176, 0.0], [78.72156550152427, 25.345081152008948, 0.0]], [[78.79220459005549, 25.417545691316267, 0.0], [78.79310826143299, 25.41707393171887, 0.0], [78.79031343904585, 25.41853293866771, 0.0], [78.79220459005549, 25.417545691316267, 0.0]], [[78.7382116440713, 25.49552114583623, 0.0], [78.73892209065978, 25.49617195482563, 0.0], [78.73634974506865, 25.493815500287436, 0.0], [78.7382116440713, 25.49552114583623, 0.0]], [[78.81042795475493, 25.45447898012004, 0.0], [78.8112411898466, 25.455167768412455, 0.0], [78.80918642170631, 25.453427415887774, 0.0], [78.81042795475493, 25.45447898012004, 0.0]], [[78.81822693527171, 25.464559222844837, 0.0], [78.81923817926528, 25.46591189519586, 0.0], [78.81740365968712, 25.46345796415091, 0.0], [78.81822693527171, 25.464559222844837, 0.0]], [[78.42579000963751, 25.491473406061115, 0.0], [78.42746436740241, 25.489469989164476, 0.0], [78.42815588638203, 25.488642545032217, 0.0], [78.42579000963751, 25.491473406061115, 0.0]], [[78.806082988985, 25.68968083534891, 0.0], [78.80542255939427, 25.69063151879595, 0.0], [78.80608298935812, 25.689680834465943, 0.0], [78.806082988985, 25.68968083534891, 0.0]], [[78.76069193546222, 25.72306104541114, 0.0], [78.76069193445544, 25.7230610444829, 0.0], [78.76168072120402, 25.72192788090004, 0.0], [78.76069193546222, 25.72306104541114, 0.0]], [[78.75829765290953, 25.726939558738707, 0.0], [78.75829765205236, 25.726939559752907, 0.0], [78.75829888274804, 25.726933857828566, 0.0], [78.75829765290953, 25.726939558738707, 0.0]], [[78.75552867617668, 25.734668708097384, 0.0], [78.75556976689445, 25.73444404114084, 0.0], [78.75547914150906, 25.73493954515696, 0.0], [78.75552867617668, 25.734668708097384, 0.0]], [[78.85702189852218, 25.841109845312506, 0.0], [78.85702189853042, 25.84110984439244, 0.0], [78.85789397136328, 25.841509105470557, 0.0], [78.85702189852218, 25.841109845312506, 0.0]], [[78.33899235370671, 25.429619590003924, 0.0], [78.33899223774362, 25.429620168609624, 0.0], [78.3390656602496, 25.429252439628097, 0.0], [78.33899235370671, 25.429619590003924, 0.0]], [[78.76548223599158, 26.766226234566112, 0.0], [78.76598354292241, 26.765002347653027, 0.0], [78.76567786799033, 26.76574862354646, 0.0], [78.76548223599158, 26.766226234566112, 0.0]], [[78.76647654861807, 26.763897699985208, 0.0], [78.76623084997276, 26.76444822522643, 0.0], [78.76598354292241, 26.765002347653027, 0.0], [78.76647654861807, 26.763897699985208, 0.0]], [[78.82810549929256, 26.745328621070723, 0.0], [78.82929857725719, 26.742975869108818, 0.0], [78.82754807064693, 26.74642784234382, 0.0], [78.82810549929256, 26.745328621070723, 0.0]], [[78.87953700938365, 26.697233118547963, 0.0], [78.88435396604677, 26.696867409746844, 0.0], [78.87916348637123, 26.697261472542564, 0.0], [78.87953700938365, 26.697233118547963, 0.0]], [[78.90602424980604, 26.705887445154172, 0.0], [78.90626309468465, 26.706115130593695, 0.0], [78.90401570886849, 26.70397270865141, 0.0], [78.90602424980604, 26.705887445154172, 0.0]], [[78.94923194891973, 26.693417910014194, 0.0], [78.95023800928918, 26.693133043703657, 0.0], [78.94677526294741, 26.694113494315022, 0.0], [78.94923194891973, 26.693417910014194, 0.0]], [[78.94377626204788, 26.656096022655362, 0.0], [78.94504560344458, 26.65515096421245, 0.0], [78.94322148100066, 26.656509065458085, 0.0], [78.94377626204788, 26.656096022655362, 0.0]], [[78.95114337233488, 26.655037579256177, 0.0], [78.95304135443554, 26.655542425299405, 0.0], [78.94928970122115, 26.654544497728164, 0.0], [78.95114337233488, 26.655037579256177, 0.0]], [[79.00730999212715, 26.624748809421405, 0.0], [79.00730999314297, 26.624748810347324, 0.0], [79.00716900878481, 26.62498164103945, 0.0], [79.00730999212715, 26.624748809421405, 0.0]], [[79.01128739602662, 26.544361055523773, 0.0], [79.01199734026879, 26.545096159636, 0.0], [79.01055368461762, 26.543601331944465, 0.0], [79.01128739602662, 26.544361055523773, 0.0]], [[79.09766343319988, 26.450521942780476, 0.0], [79.09905482603399, 26.45192168053261, 0.0], [79.09805360335189, 26.45091445642637, 0.0], [79.09766343319988, 26.450521942780476, 0.0]], [[79.10395641795171, 26.449787010289814, 0.0], [79.1058124607001, 26.44900748957867, 0.0], [79.10493220985772, 26.449377189478827, 0.0], [79.10395641795171, 26.449787010289814, 0.0]], [[78.36687740550802, 26.86786389070149, 0.0], [78.36860059130635, 26.867093577125775, 0.0], [78.36798961443317, 26.86736670448136, 0.0], [78.36687740550802, 26.86786389070149, 0.0]], [[78.38965183174514, 26.829164701997644, 0.0], [78.38965183275809, 26.82916470292738, 0.0], [78.38876254340751, 26.830691484708815, 0.0], [78.38965183174514, 26.829164701997644, 0.0]], [[78.41804990754129, 26.821943091621893, 0.0], [78.42051074556521, 26.82280526171328, 0.0], [78.4172348769154, 26.82165753110946, 0.0], [78.41804990754129, 26.821943091621893, 0.0]], [[78.44912515894492, 26.80619271011331, 0.0], [78.44912515996938, 26.806192710123444, 0.0], [78.44845269102574, 26.80736328314584, 0.0], [78.44912515894492, 26.80619271011331, 0.0]], [[78.65327138529237, 26.76600568317121, 0.0], [78.65759383596887, 26.764167008318974, 0.0], [78.655116979235, 26.765220629516516, 0.0], [78.65327138529237, 26.76600568317121, 0.0]], [[78.65862636112703, 26.763814284061453, 0.0], [78.65973798569215, 26.763434531140664, 0.0], [78.65759383596887, 26.764167008318974, 0.0], [78.65862636112703, 26.763814284061453, 0.0]], [[78.69104383917433, 26.790666444099852, 0.0], [78.69320036240674, 26.791345524654137, 0.0], [78.69039261369082, 26.790461369401267, 0.0], [78.69104383917433, 26.790666444099852, 0.0]], [[78.21728317863658, 26.93605596149601, 0.0], [78.2172831786236, 26.93605596241515, 0.0], [78.2170696931518, 26.935810325639064, 0.0], [78.21728317863658, 26.93605596149601, 0.0]], [[78.21456667708337, 26.844493804362067, 0.0], [78.21344387249238, 26.845331050044543, 0.0], [78.2133620920126, 26.845392030971816, 0.0], [78.21456667708337, 26.844493804362067, 0.0]], [[78.21618358869249, 26.84368829950198, 0.0], [78.21702247289079, 26.84336449913607, 0.0], [78.21456667708337, 26.844493804362067, 0.0], [78.21618358869249, 26.84368829950198, 0.0]], [[78.12157724842241, 26.948078343863898, 0.0], [78.12157724840874, 26.948078344782996, 0.0], [78.12126555645312, 26.947962181286158, 0.0], [78.12157724842241, 26.948078343863898, 0.0]], [[78.08668786893074, 29.625033413240164, 0.0], [78.08536897977946, 29.627676991311915, 0.0], [78.08468851575306, 29.629040858250622, 0.0], [78.08668786893074, 29.625033413240164, 0.0]], [[79.36980270456678, 25.259990343232452, 0.0], [79.36852253244037, 25.260336865923637, 0.0], [79.36699862311471, 25.26074934867408, 0.0], [79.36980270456678, 25.259990343232452, 0.0]], [[79.70991051505987, 25.12911157589559, 0.0], [79.71168991880262, 25.128782128525646, 0.0], [79.7099105150578, 25.129111576816044, 0.0], [79.70919677575013, 25.129337686073786, 0.0], [79.70776903818957, 25.129785292708128, 0.0], [79.70612877210654, 25.130332114973864, 0.0], [79.70607373582699, 25.130350460475082, 0.0], [79.70607368221634, 25.130350469578005, 0.0], [79.70776903819376, 25.129785290867193, 0.0], [79.70991051505987, 25.12911157589559, 0.0]], [[79.73837271053057, 25.133994310188548, 0.0], [79.7389259604214, 25.134616879628517, 0.0], [79.73657310966016, 25.131969076769003, 0.0], [79.73837271053057, 25.133994310188548, 0.0]], [[79.75794298814655, 25.135740157249227, 0.0], [79.7579429881483, 25.13574015632874, 0.0], [79.75936461488338, 25.13521374659934, 0.0], [79.75794298814655, 25.135740157249227, 0.0]], [[79.78130723098673, 25.12167732957431, 0.0], [79.7813072309883, 25.12167732865384, 0.0], [79.781489487485, 25.121602538565853, 0.0], [79.78130723098673, 25.12167732957431, 0.0]], [[79.80639120206884, 25.11143730784767, 0.0], [79.80639120105783, 25.111437307846412, 0.0], [79.80642815926032, 25.11136100372224, 0.0], [79.80639120206884, 25.11143730784767, 0.0]], [[79.81160982554458, 25.10927793695189, 0.0], [79.81160982554593, 25.109277936031393, 0.0], [79.81160989934185, 25.10927793888271, 0.0], [79.81160982554458, 25.10927793695189, 0.0]], [[79.82949791930623, 25.09909710556796, 0.0], [79.82949791829655, 25.09909710464632, 0.0], [79.82958728439066, 25.099071817880855, 0.0], [79.82949791930623, 25.09909710556796, 0.0]], [[79.84730773219846, 25.09388105860046, 0.0], [79.84730773219955, 25.09388105767998, 0.0], [79.84833718707264, 25.09386124502666, 0.0], [79.84730773219846, 25.09388105860046, 0.0]], [[79.87766983087872, 25.14250867666921, 0.0], [79.8776698308796, 25.142508675748722, 0.0], [79.8777417435604, 25.142516502240184, 0.0], [79.87766983087872, 25.14250867666921, 0.0]], [[79.8785375958525, 25.14269674808672, 0.0], [79.87853759585337, 25.142696747166227, 0.0], [79.87857978966898, 25.142701549217048, 0.0], [79.8785375958525, 25.14269674808672, 0.0]], [[79.87896878026059, 25.14254280152794, 0.0], [79.8789687792503, 25.14254280060667, 0.0], [79.87897649135171, 25.1425390354775, 0.0], [79.87896878026059, 25.14254280152794, 0.0]], [[79.8782277332159, 25.144935831680638, 0.0], [79.87822132934879, 25.144924898025703, 0.0], [79.87822773327088, 25.14493583085254, 0.0], [79.8782277332159, 25.144935831680638, 0.0]], [[79.86943962119848, 25.171588920664842, 0.0], [79.86943962119942, 25.171588919744405, 0.0], [79.87009432744112, 25.172275035677323, 0.0], [79.86943962119848, 25.171588920664842, 0.0]], [[79.88475695537805, 25.2465420819492, 0.0], [79.88475695537888, 25.24654208102878, 0.0], [79.88501003707307, 25.246411167144938, 0.0], [79.88475695537805, 25.2465420819492, 0.0]], [[79.8852284742426, 25.2463885238662, 0.0], [79.88526809353344, 25.246311801179395, 0.0], [79.88501003707307, 25.246411167144938, 0.0], [79.8852284742426, 25.2463885238662, 0.0]], [[79.91822879922411, 25.238145089497934, 0.0], [79.91822878199264, 25.238145134587345, 0.0], [79.91822878199234, 25.238145133669203, 0.0], [79.91822879922411, 25.238145089497934, 0.0]], [[79.91720297166596, 25.227886024668216, 0.0], [79.91720297166657, 25.22788602374779, 0.0], [79.91734061932318, 25.227471042564126, 0.0], [79.91720297166596, 25.227886024668216, 0.0]], [[79.98111140889492, 25.262137461633916, 0.0], [79.98111140889505, 25.262137460713475, 0.0], [79.98149313437524, 25.262472025248375, 0.0], [79.98111140889492, 25.262137461633916, 0.0]], [[80.0737096187476, 25.337711651901135, 0.0], [80.07508288746362, 25.338766820147878, 0.0], [80.0727791998083, 25.336996739346247, 0.0], [80.0737096187476, 25.337711651901135, 0.0]], [[79.31188275716977, 25.22239045840052, 0.0], [79.31188275716484, 25.222390459320927, 0.0], [79.31059894356795, 25.222927494862585, 0.0], [79.31188275716977, 25.22239045840052, 0.0]], [[79.31376053807494, 25.221630573203544, 0.0], [79.31727401816973, 25.2202762939865, 0.0], [79.31298111344132, 25.22193099108794, 0.0], [79.31376053807494, 25.221630573203544, 0.0]], [[79.32625579411004, 25.2197661745162, 0.0], [79.32625579410521, 25.219766175436607, 0.0], [79.32520454795996, 25.218895980671594, 0.0], [79.32625579411004, 25.2197661745162, 0.0]], [[79.33738733026891, 25.199563015004482, 0.0], [79.33738733128058, 25.19956301500881, 0.0], [79.33691859920704, 25.20033342734451, 0.0], [79.33738733026891, 25.199563015004482, 0.0]], [[79.35852590437379, 25.108340900373467, 0.0], [79.35736070842849, 25.109011215750993, 0.0], [79.36087774843134, 25.10698788542627, 0.0], [79.35852590437379, 25.108340900373467, 0.0]], [[79.36555625074952, 25.105425927593068, 0.0], [79.36449800119757, 25.105677731740737, 0.0], [79.36784110193459, 25.104882234232203, 0.0], [79.36555625074952, 25.105425927593068, 0.0]], [[79.37872785723918, 25.067121904378237, 0.0], [79.37671109654187, 25.06744381716973, 0.0], [79.37983366759177, 25.066945384147488, 0.0], [79.37872785723918, 25.067121904378237, 0.0]], [[79.35559817601006, 25.060261355659463, 0.0], [79.35491426103202, 25.060513683219927, 0.0], [79.35806229868393, 25.05935219270207, 0.0], [79.35559817601006, 25.060261355659463, 0.0]], [[79.14924260391784, 29.099773565313555, 0.0], [79.14980869297148, 29.09990355261939, 0.0], [79.14968705565015, 29.099875621847502, 0.0], [79.14924260391784, 29.099773565313555, 0.0]], [[80.35351852723358, 25.013697411001573, 0.0], [80.35344919785884, 25.013386000858763, 0.0], [80.35344919824624, 25.013386000780518, 0.0], [80.35351852723358, 25.013697411001573, 0.0]], [[80.37584843561869, 25.041117883492024, 0.0], [80.37365418595289, 25.041679721618912, 0.0], [80.37320330171043, 25.04192345616443, 0.0], [80.37365418594753, 25.041679719777925, 0.0], [80.37584843561869, 25.041117883492024, 0.0]], [[80.3721777131565, 25.042528336295362, 0.0], [80.37182584584514, 25.042568937826264, 0.0], [80.37216787377133, 25.042529470113582, 0.0], [80.37217766062749, 25.042528341024347, 0.0], [80.3721777131565, 25.042528336295362, 0.0]], [[80.5034385869395, 25.004852621679394, 0.0], [80.50343858694309, 25.004852622599927, 0.0], [80.50219655200502, 25.004578545053857, 0.0], [80.5034385869395, 25.004852621679394, 0.0]], [[80.62913721286522, 25.132738166713793, 0.0], [80.63079317102834, 25.131763215801264, 0.0], [80.62978146923342, 25.13235886238762, 0.0], [80.62913721286522, 25.132738166713793, 0.0]], [[80.6613313478741, 25.067920154918234, 0.0], [80.66133134787884, 25.067920155838728, 0.0], [80.65999319621777, 25.068959896891513, 0.0], [80.6613313478741, 25.067920154918234, 0.0]], [[80.68496422859214, 25.049948625935787, 0.0], [80.68496422859705, 25.049948626856253, 0.0], [80.68437044293306, 25.049732750853973, 0.0], [80.68496422859214, 25.049948625935787, 0.0]], [[80.6887697769595, 25.05112541134542, 0.0], [80.68876977696445, 25.051125412265947, 0.0], [80.68681361087555, 25.050620967961088, 0.0], [80.6887697769595, 25.05112541134542, 0.0]], [[80.69548029333397, 25.054847497060067, 0.0], [80.69548029333896, 25.05484749798056, 0.0], [80.69308858384834, 25.05411639795352, 0.0], [80.69548029333397, 25.054847497060067, 0.0]], [[80.69745476510245, 25.05540764800467, 0.0], [80.6984608686166, 25.05568469787484, 0.0], [80.6960225332292, 25.05501324382443, 0.0], [80.69745476510245, 25.05540764800467, 0.0]], [[80.70775313744387, 25.11772598926903, 0.0], [80.70773507927586, 25.11771531675369, 0.0], [80.70775162732798, 25.11772509676724, 0.0], [80.70775313744387, 25.11772598926903, 0.0]], [[80.70733238969218, 25.117788693788054, 0.0], [80.70722825186213, 25.11786997868872, 0.0], [80.70727988186664, 25.11782967837486, 0.0], [80.70733238969218, 25.117788693788054, 0.0]], [[80.82857728281327, 25.111334771192755, 0.0], [80.82893941318751, 25.110910555176474, 0.0], [80.82874728483024, 25.111135623330966, 0.0], [80.82857728281327, 25.111334771192755, 0.0]], [[80.88470781515514, 25.181969977218976, 0.0], [80.88517719752076, 25.181804793160634, 0.0], [80.88498947459179, 25.181870856844547, 0.0], [80.88470781515514, 25.181969977218976, 0.0]], [[80.8853240820174, 25.181455733635346, 0.0], [80.88574914586982, 25.180445592492152, 0.0], [80.88553351071525, 25.180958038794504, 0.0], [80.8853240820174, 25.181455733635346, 0.0]], [[80.88901879645131, 25.177642695853418, 0.0], [80.88891659500653, 25.177834022562767, 0.0], [80.8891338879144, 25.177427236691212, 0.0], [80.88901879645131, 25.177642695853418, 0.0]], [[80.89038456567569, 25.174605092270138, 0.0], [80.88985360905455, 25.175013080689144, 0.0], [80.88985283533823, 25.175013675158485, 0.0], [80.89038456567569, 25.174605092270138, 0.0]], [[80.89303994416551, 25.17134087084103, 0.0], [80.89211401942009, 25.172556713338928, 0.0], [80.89200135635876, 25.172704651049514, 0.0], [80.89303994416551, 25.17134087084103, 0.0]], [[80.89382555875913, 25.1705066083153, 0.0], [80.89504398504423, 25.169228887395104, 0.0], [80.89419114462166, 25.17012323500461, 0.0], [80.89382555875913, 25.1705066083153, 0.0]], [[80.89538991547296, 25.168866118054765, 0.0], [80.89516734193013, 25.16909952588128, 0.0], [80.89504398504423, 25.169228887395104, 0.0], [80.89538991547296, 25.168866118054765, 0.0]], [[80.89934052710274, 25.165382529355245, 0.0], [80.90066451192213, 25.16423577905053, 0.0], [80.8999255420851, 25.164875831515467, 0.0], [80.89934052710274, 25.165382529355245, 0.0]], [[80.90152887667482, 25.163251155603124, 0.0], [80.90071520293262, 25.164178036230336, 0.0], [80.90066451192213, 25.16423577905053, 0.0], [80.90152887667482, 25.163251155603124, 0.0]], [[80.90165127062645, 25.163111731416606, 0.0], [80.9023900905094, 25.162294654704777, 0.0], [80.90173538132579, 25.163018713249947, 0.0], [80.90165127062645, 25.163111731416606, 0.0]], [[80.9060669643045, 25.15890836817356, 0.0], [80.90606696429799, 25.15890836725307, 0.0], [80.90790683426776, 25.158950240940968, 0.0], [80.9060669643045, 25.15890836817356, 0.0]], [[80.90790683426776, 25.158950240940968, 0.0], [80.91057488550308, 25.159010922242672, 0.0], [80.91130674933353, 25.159027560242478, 0.0], [80.90790683426776, 25.158950240940968, 0.0]], [[80.806963829334, 24.941269408323425, 0.0], [80.80696383034363, 24.941269408318156, 0.0], [80.8065502917728, 24.94215702016675, 0.0], [80.806963829334, 24.941269408323425, 0.0]], [[80.90968508210459, 24.95232582500195, 0.0], [80.90888715441781, 24.952034352259997, 0.0], [80.90828359052927, 24.951813874330114, 0.0], [80.90968508210459, 24.95232582500195, 0.0]], [[80.97858295383098, 24.933239856655305, 0.0], [80.97858295383799, 24.933239857575835, 0.0], [80.97679981164713, 24.933752945933662, 0.0], [80.97858295383098, 24.933239856655305, 0.0]], [[80.99830713101082, 24.93394407199069, 0.0], [80.99928123853628, 24.93501915058023, 0.0], [80.9983161005465, 24.933953971932315, 0.0], [80.99830713101082, 24.93394407199069, 0.0]], [[81.20609056075847, 24.931019462799302, 0.0], [81.20685302748986, 24.93069694881644, 0.0], [81.20617620172351, 24.930983238344698, 0.0], [81.20609056075847, 24.931019462799302, 0.0]], [[81.30632771446695, 25.163937393758168, 0.0], [81.30632771445757, 25.163937392837763, 0.0], [81.30821755946155, 25.163868816700308, 0.0], [81.30632771446695, 25.163937393758168, 0.0]], [[81.31040727397793, 25.16385996867309, 0.0], [81.31040727398734, 25.163859969593517, 0.0], [81.3087836882592, 25.163866532579032, 0.0], [81.31040727397793, 25.16385996867309, 0.0]], [[81.47791471121317, 25.0774037283986, 0.0], [81.47791471122379, 25.07740372931905, 0.0], [81.47597874130025, 25.077597781234324, 0.0], [81.47791471121317, 25.0774037283986, 0.0]], [[81.48698804677322, 25.122545201325728, 0.0], [81.48698804678389, 25.122545202246094, 0.0], [81.48622198525081, 25.120461603402866, 0.0], [81.48698804677322, 25.122545201325728, 0.0]], [[81.58119014346957, 25.189675781586914, 0.0], [81.57979786501781, 25.19030279669926, 0.0], [81.57890473891764, 25.19070500773963, 0.0], [81.58119014346957, 25.189675781586914, 0.0]], [[81.59281449815454, 25.164245643726126, 0.0], [81.59281449713176, 25.16424564281609, 0.0], [81.59435603756931, 25.163726323925093, 0.0], [81.59281449815454, 25.164245643726126, 0.0]], [[81.60307499856015, 25.07245589137834, 0.0], [81.6054499198136, 25.07124376749475, 0.0], [81.60054906041792, 25.073745027816482, 0.0], [81.60307499856015, 25.07245589137834, 0.0]], [[81.61113564057294, 25.064319614001338, 0.0], [81.61113563955082, 25.064319613091406, 0.0], [81.61273159784051, 25.06327860049731, 0.0], [81.61113564057294, 25.064319614001338, 0.0]], [[81.6146028814367, 25.055745990076954, 0.0], [81.61380419523158, 25.05593642552739, 0.0], [81.61306511957542, 25.056112642981656, 0.0], [81.6146028814367, 25.055745990076954, 0.0]], [[81.62470467317534, 25.05333695485167, 0.0], [81.624704673187, 25.053336955772124, 0.0], [81.6216785548289, 25.054058691803103, 0.0], [81.62470467317534, 25.05333695485167, 0.0]], [[81.62496124315594, 25.05327575920927, 0.0], [81.62578427571106, 25.053079452180867, 0.0], [81.62489999359875, 25.053290368640596, 0.0], [81.62496124315594, 25.05327575920927, 0.0]], [[81.67036824815159, 25.060109982931024, 0.0], [81.67036824816357, 25.060109983851486, 0.0], [81.66819285470982, 25.060965152334518, 0.0], [81.67036824815159, 25.060109982931024, 0.0]], [[81.72147564873428, 25.04561183981074, 0.0], [81.72147564874663, 25.045611840731215, 0.0], [81.72103981966255, 25.04478528625806, 0.0], [81.72147564873428, 25.04561183981074, 0.0]], [[81.73587532812921, 25.046579533269067, 0.0], [81.73587532915207, 25.046579534178175, 0.0], [81.73394461161246, 25.047647061670393, 0.0], [81.73587532812921, 25.046579533269067, 0.0]], [[81.78546689955158, 25.01298666424199, 0.0], [81.78546690057452, 25.012986665150773, 0.0], [81.7845370178821, 25.014176703888303, 0.0], [81.78546689955158, 25.01298666424199, 0.0]], [[81.80690664051963, 25.008551271512445, 0.0], [81.80690664053257, 25.0085512724329, 0.0], [81.80597554650205, 25.007387654953636, 0.0], [81.80690664051963, 25.008551271512445, 0.0]], [[81.92634937725943, 24.872584639397793, 0.0], [81.92634937627807, 24.87258464125137, 0.0], [81.92603260575443, 24.872318415046795, 0.0], [81.92634937725943, 24.872584639397793, 0.0]], [[81.93394990554593, 24.85844416298051, 0.0], [81.93385766656904, 24.856562245424822, 0.0], [81.93385766659952, 24.856562245408664, 0.0], [81.93394990554593, 24.85844416298051, 0.0]], [[81.94293587981716, 24.843994230819316, 0.0], [81.94293587880836, 24.84399423083202, 0.0], [81.9441741171322, 24.84123783275415, 0.0], [81.94293587981716, 24.843994230819316, 0.0]], [[81.94997449043224, 24.839747851287708, 0.0], [81.94997449044621, 24.839747852208152, 0.0], [81.94908037348249, 24.8399625358136, 0.0], [81.94997449043224, 24.839747851287708, 0.0]], [[82.01549438114532, 24.846157599118833, 0.0], [82.01499049966867, 24.84621945913496, 0.0], [82.01618365580848, 24.846072976016792, 0.0], [82.01549438114532, 24.846157599118833, 0.0]], [[82.02495893922531, 24.841068242272648, 0.0], [82.02495893923982, 24.841068243193092, 0.0], [82.02400293614116, 24.841200440219477, 0.0], [82.02495893922531, 24.841068242272648, 0.0]], [[82.05017586250987, 24.830618274410302, 0.0], [82.05017586252455, 24.8306182753308, 0.0], [82.04931466783846, 24.83068369626636, 0.0], [82.05017586250987, 24.830618274410302, 0.0]], [[82.07008329177116, 24.81997585354779, 0.0], [82.07157434791912, 24.81917937757654, 0.0], [82.06676095893046, 24.82175047373121, 0.0], [82.07008329177116, 24.81997585354779, 0.0]], [[82.07332982199559, 24.820772157587037, 0.0], [82.07457037072624, 24.82189773958608, 0.0], [82.07157437891786, 24.819179360588016, 0.0], [82.07332982199559, 24.820772157587037, 0.0]], [[82.09062411561116, 24.817426706179486, 0.0], [82.09062411562613, 24.81742670709998, 0.0], [82.09015346314649, 24.817581180737736, 0.0], [82.09062411561116, 24.817426706179486, 0.0]], [[82.0918673791845, 24.81701864379585, 0.0], [82.0932834788103, 24.816820837346224, 0.0], [82.09451339341526, 24.816649029494503, 0.0], [82.0918673791845, 24.81701864379585, 0.0]], [[82.12732439608872, 24.787294673239277, 0.0], [82.12732439506524, 24.787294672332663, 0.0], [82.12888490924644, 24.786156377826373, 0.0], [82.12732439608872, 24.787294673239277, 0.0]], [[82.1959029033995, 24.814098738388225, 0.0], [82.19590290237525, 24.81409873748206, 0.0], [82.19530412395643, 24.813403896796846, 0.0], [82.1959029033995, 24.814098738388225, 0.0]], [[82.39237697989923, 24.593323097941564, 0.0], [82.39237697988213, 24.593323097020985, 0.0], [82.3939987728991, 24.59317094739008, 0.0], [82.39237697989923, 24.593323097941564, 0.0]], [[82.68344542170986, 24.687592666951318, 0.0], [82.68344542169066, 24.687592666030806, 0.0], [82.68486820764103, 24.6867961813415, 0.0], [82.68344542170986, 24.687592666951318, 0.0]], [[82.72819277330309, 24.420861772532074, 0.0], [82.7281927722977, 24.420861772549927, 0.0], [82.72708564797217, 24.420235795378357, 0.0], [82.72819277330309, 24.420861772532074, 0.0]], [[80.47815516663526, 25.06904365774433, 0.0], [80.47794753355548, 25.0691184543957, 0.0], [80.47878680689573, 25.068816116689216, 0.0], [80.47815516663526, 25.06904365774433, 0.0]], [[80.48302821598404, 25.06710247103425, 0.0], [80.48303414515316, 25.067117180621086, 0.0], [80.48292065979687, 25.06683564920151, 0.0], [80.48302821598404, 25.06710247103425, 0.0]], [[80.48154238422136, 25.064117904546812, 0.0], [80.48162906660261, 25.064304877873493, 0.0], [80.48147240620497, 25.063966963982953, 0.0], [80.48154238422136, 25.064117904546812, 0.0]], [[80.4809208873829, 25.062477444847186, 0.0], [80.48089084558497, 25.062540882099448, 0.0], [80.48094792517632, 25.06242035094477, 0.0], [80.4809208873829, 25.062477444847186, 0.0]], [[80.48308571097478, 25.061687976044176, 0.0], [80.48294015722763, 25.06162181518336, 0.0], [80.48310374449703, 25.061696173003252, 0.0], [80.48308571097478, 25.061687976044176, 0.0]], [[80.48660290787696, 25.0602654936742, 0.0], [80.48660750150971, 25.060292290897557, 0.0], [80.48658965510292, 25.060188189569374, 0.0], [80.48660290787696, 25.0602654936742, 0.0]], [[80.48590826980562, 25.059296895149973, 0.0], [80.48589366194493, 25.05935240358785, 0.0], [80.48590853380873, 25.05929589188557, 0.0], [80.48590826980562, 25.059296895149973, 0.0]], [[80.48293986330542, 25.055286176916955, 0.0], [80.48291807665841, 25.055396180683747, 0.0], [80.48294372596494, 25.05526667210872, 0.0], [80.48293986330542, 25.055286176916955, 0.0]], [[80.4811003436652, 25.058232259895867, 0.0], [80.48098305011092, 25.058117266353094, 0.0], [80.48115362440618, 25.05828449511952, 0.0], [80.4811003436652, 25.058232259895867, 0.0]], [[80.47779139908408, 25.060810260890065, 0.0], [80.47784102575643, 25.060794771913358, 0.0], [80.47764158630186, 25.0608570196438, 0.0], [80.47779139908408, 25.060810260890065, 0.0]], [[80.47584940879139, 25.060577798650925, 0.0], [80.47587291173778, 25.060566036803344, 0.0], [80.4758386549329, 25.06058318081033, 0.0], [80.47584940879139, 25.060577798650925, 0.0]], [[80.47374453284377, 25.062910669684804, 0.0], [80.47402062732331, 25.062783854184513, 0.0], [80.47353295642593, 25.063007851188114, 0.0], [80.47374453284377, 25.062910669684804, 0.0]], [[80.4739032066428, 25.064073354604524, 0.0], [80.47373342291499, 25.063679034949278, 0.0], [80.47400493304116, 25.064309611467454, 0.0], [80.4739032066428, 25.064073354604524, 0.0]], [[80.47670817623995, 25.07301922065106, 0.0], [80.47668308363826, 25.07304848346279, 0.0], [80.47678849865036, 25.07292554842984, 0.0], [80.47670817623995, 25.07301922065106, 0.0]], [[80.47728446482925, 25.07245181344724, 0.0], [80.47697993242272, 25.072715096324547, 0.0], [80.4774852415129, 25.0722782311637, 0.0], [80.47728446482925, 25.07245181344724, 0.0]], [[80.45495975974085, 25.125712620409274, 0.0], [80.45489316165506, 25.125984802454806, 0.0], [80.45500261648901, 25.125537464147968, 0.0], [80.45495975974085, 25.125712620409274, 0.0]], [[80.45755168313318, 25.12335108671079, 0.0], [80.45754864023056, 25.12341498448335, 0.0], [80.45755339878, 25.12331504755039, 0.0], [80.45755168313318, 25.12335108671079, 0.0]], [[80.45999874969533, 25.12222574458211, 0.0], [80.45989954632759, 25.12229187965245, 0.0], [80.46017080604652, 25.122111039915687, 0.0], [80.45999874969533, 25.12222574458211, 0.0]], [[80.46069481798222, 25.121974929430575, 0.0], [80.46097982332252, 25.12192068358172, 0.0], [80.46075444826641, 25.12196358001725, 0.0], [80.46069481798222, 25.121974929430575, 0.0]], [[80.46147631278019, 25.120084681199486, 0.0], [80.46125275323365, 25.120713344334433, 0.0], [80.46152234023889, 25.119955248295387, 0.0], [80.46147631278019, 25.120084681199486, 0.0]], [[80.46178547192287, 25.11915287342299, 0.0], [80.46178407945754, 25.119198579578192, 0.0], [80.46180455997191, 25.11852620742267, 0.0], [80.46178547192287, 25.11915287342299, 0.0]], [[80.4607683359673, 25.114709825856238, 0.0], [80.46077043065065, 25.114710916837872, 0.0], [80.46054200199613, 25.114591943849142, 0.0], [80.4607683359673, 25.114709825856238, 0.0]], [[80.45457742568333, 25.115749463218112, 0.0], [80.4547608601983, 25.115759388346866, 0.0], [80.45394137680779, 25.115715048457968, 0.0], [80.45457742568333, 25.115749463218112, 0.0]], [[80.44270365782127, 25.11657610407164, 0.0], [80.44271508028145, 25.116457441238012, 0.0], [80.44269636103587, 25.116651911163792, 0.0], [80.44270365782127, 25.11657610407164, 0.0]], [[80.44082127593151, 25.11661320391491, 0.0], [80.44060211879945, 25.11669538845062, 0.0], [80.44089018132165, 25.116587363852823, 0.0], [80.44082127593151, 25.11661320391491, 0.0]], [[80.43971022310862, 25.11653543033957, 0.0], [80.43973898458879, 25.116552220167357, 0.0], [80.43961237578338, 25.116478311544085, 0.0], [80.43971022310862, 25.11653543033957, 0.0]], [[80.43874668504318, 25.11772407502513, 0.0], [80.43861764779645, 25.11768524293639, 0.0], [80.43902355196754, 25.117807394405858, 0.0], [80.43874668504318, 25.11772407502513, 0.0]], [[80.43932672688578, 25.121857231059025, 0.0], [80.44014764146294, 25.12288039960113, 0.0], [80.43982694404713, 25.122480692076657, 0.0], [80.43932672688578, 25.121857231059025, 0.0]], [[80.4426730549892, 25.122871719209233, 0.0], [80.4421820815954, 25.12297557789219, 0.0], [80.44280074000883, 25.122844708755533, 0.0], [80.4426730549892, 25.122871719209233, 0.0]], [[80.44644481632838, 25.127928015586846, 0.0], [80.44619147259095, 25.128043830010814, 0.0], [80.44660787763478, 25.127853472325754, 0.0], [80.44644481632838, 25.127928015586846, 0.0]], [[80.44943189220326, 25.12709189411406, 0.0], [80.449058723487, 25.127056354202047, 0.0], [80.44955840955984, 25.127103943012813, 0.0], [80.44943189220326, 25.12709189411406, 0.0]], [[80.44980925220071, 25.127226447241995, 0.0], [80.44970345225603, 25.12717477779916, 0.0], [80.44955840955984, 25.127103943012813, 0.0], [80.44980925220071, 25.127226447241995, 0.0]], [[80.45048640009541, 25.127722603294558, 0.0], [80.45059347504849, 25.127984342850137, 0.0], [80.45054130057434, 25.127856805855338, 0.0], [80.45048640009541, 25.127722603294558, 0.0]], [[80.45196000199186, 25.12987545584446, 0.0], [80.45143154058997, 25.130085538988318, 0.0], [80.45218133899625, 25.129787465131297, 0.0], [80.45196000199186, 25.12987545584446, 0.0]], [[80.45383957314945, 25.128838024463402, 0.0], [80.4552149166574, 25.1280505332841, 0.0], [80.45218133899625, 25.129787465131297, 0.0], [80.45383957314945, 25.128838024463402, 0.0]], [[84.09397187354311, 25.715653526076295, 0.0], [84.09246058696752, 25.714945720057152, 0.0], [84.09409960860144, 25.715713348726837, 0.0], [84.09397187354311, 25.715653526076295, 0.0]], [[84.17867606740529, 25.714869586558347, 0.0], [84.18004949578253, 25.71390547991915, 0.0], [84.17865997288659, 25.71488088459854, 0.0], [84.17867606740529, 25.714869586558347, 0.0]], [[84.18427468213132, 25.71128018154314, 0.0], [84.18324917004044, 25.711907351023275, 0.0], [84.18526921768708, 25.71067194447965, 0.0], [84.18427468213132, 25.71128018154314, 0.0]], [[84.20100967547842, 25.69287171712661, 0.0], [84.20079747661931, 25.693875045231337, 0.0], [84.20126430367863, 25.69166775508422, 0.0], [84.20100967547842, 25.69287171712661, 0.0]], [[84.23735287154355, 25.662597634546465, 0.0], [84.23713502988082, 25.66259942549228, 0.0], [84.23809799553597, 25.662591505688866, 0.0], [84.23735287154355, 25.662597634546465, 0.0]], [[84.25746323534676, 25.662699353894023, 0.0], [84.25770255300266, 25.66270006148355, 0.0], [84.26166133155633, 25.66271171946889, 0.0], [84.25746323534676, 25.662699353894023, 0.0]], [[84.32577498879533, 25.680977258643853, 0.0], [84.32533907661592, 25.678146588725454, 0.0], [84.32578114377611, 25.681017224570514, 0.0], [84.32577498879533, 25.680977258643853, 0.0]], [[84.3282144000655, 25.698657129730368, 0.0], [84.32812934134311, 25.698094746492554, 0.0], [84.3278223995622, 25.696065301207426, 0.0], [84.3282144000655, 25.698657129730368, 0.0]], [[84.3290925909391, 25.705304980009654, 0.0], [84.32903030060073, 25.70479395677358, 0.0], [84.32912883693591, 25.705602335623244, 0.0], [84.3290925909391, 25.705304980009654, 0.0]], [[84.50729982981656, 25.68078511310812, 0.0], [84.50716112565712, 25.680414776347703, 0.0], [84.50762080767804, 25.681642108919938, 0.0], [84.50729982981656, 25.68078511310812, 0.0]], [[84.51562447297154, 25.677459050171528, 0.0], [84.51695474048934, 25.676720865484178, 0.0], [84.51557741816306, 25.677485161857796, 0.0], [84.51562447297154, 25.677459050171528, 0.0]], [[84.54398397589101, 25.68866782967101, 0.0], [84.54183708345349, 25.689045165377472, 0.0], [84.5442311096072, 25.68862439185296, 0.0], [84.54398397589101, 25.68866782967101, 0.0]], [[83.39618308476781, 24.830223770230184, 0.0], [83.39561913998261, 24.829397803968266, 0.0], [83.39618322697724, 24.830223958640385, 0.0], [83.39618308476781, 24.830223770230184, 0.0]], [[83.32101121677597, 25.022438890767116, 0.0], [83.32074350756334, 25.020748855031936, 0.0], [83.32068015678902, 25.02034891851242, 0.0], [83.32101121677597, 25.022438890767116, 0.0]], [[83.35069351493881, 25.105067722251505, 0.0], [83.3506935117847, 25.10506779505867, 0.0], [83.350693514711, 25.105067721864, 0.0], [83.35069351493881, 25.105067722251505, 0.0]], [[83.42920574320252, 25.253103573166296, 0.0], [83.42920574215857, 25.25310357378864, 0.0], [83.42805938291923, 25.253514788918586, 0.0], [83.42920574320252, 25.253103573166296, 0.0]], [[83.44013090881253, 25.25528380679981, 0.0], [83.44050797758264, 25.255057982528353, 0.0], [83.43975881416682, 25.255681127098605, 0.0], [83.44013090881253, 25.25528380679981, 0.0]], [[83.4506465100681, 25.260830552694745, 0.0], [83.45009070947455, 25.26103843439226, 0.0], [83.45064653578137, 25.260830530025427, 0.0], [83.4506465100681, 25.260830552694745, 0.0]], [[83.49114139877129, 25.28965523943514, 0.0], [83.4903766885913, 25.28947980120929, 0.0], [83.49114154933564, 25.28965526458381, 0.0], [83.49114139877129, 25.28965523943514, 0.0]], [[83.52808015131544, 25.302473063862855, 0.0], [83.52721097666556, 25.302756919513858, 0.0], [83.52808018213491, 25.302473042906183, 0.0], [83.52808015131544, 25.302473063862855, 0.0]], [[83.57552464942118, 25.3076184974059, 0.0], [83.57549571659158, 25.30758800247502, 0.0], [83.57580843375143, 25.307917630378746, 0.0], [83.57552464942118, 25.3076184974059, 0.0]], [[83.6400649198931, 25.340192755144788, 0.0], [83.63934589686319, 25.34063649220875, 0.0], [83.64134130606908, 25.339822504943044, 0.0], [83.6400649198931, 25.340192755144788, 0.0]], [[83.69507619231794, 25.382559075034948, 0.0], [83.69501615616616, 25.38258559484409, 0.0], [83.69493336609729, 25.382622169190174, 0.0], [83.69507619231794, 25.382559075034948, 0.0]], [[83.81214196055427, 25.45120754128893, 0.0], [83.81269250598388, 25.45364058835533, 0.0], [83.81258229362037, 25.4531535305658, 0.0], [83.81214196055427, 25.45120754128893, 0.0]], [[83.8723730774521, 25.493864459380365, 0.0], [83.8722311648067, 25.4937566402271, 0.0], [83.87215923516804, 25.493701990292067, 0.0], [83.8723730774521, 25.493864459380365, 0.0]], [[83.87480507719316, 25.515078629489217, 0.0], [83.87521790424903, 25.51599934357218, 0.0], [83.8748050628148, 25.515078590261048, 0.0], [83.87480507719316, 25.515078629489217, 0.0]], [[83.92459010236212, 25.554314673002338, 0.0], [83.92841723371586, 25.55656555635023, 0.0], [83.92459006095103, 25.55431464643046, 0.0], [83.92459010236212, 25.554314673002338, 0.0]], [[84.18922558489074, 26.624678744881376, 0.0], [84.18903601049237, 26.624582050208513, 0.0], [84.18822698459587, 26.62416939220282, 0.0], [84.18922558489074, 26.624678744881376, 0.0]], [[84.28949277580524, 26.60441752304267, 0.0], [84.28678532617646, 26.605436759431555, 0.0], [84.28616740537164, 26.605669370290226, 0.0], [84.28949277580524, 26.60441752304267, 0.0]], [[84.30120902157648, 26.608305514914196, 0.0], [84.30098602332136, 26.60769941554695, 0.0], [84.30069016963257, 26.606895288680683, 0.0], [84.30120902157648, 26.608305514914196, 0.0]], [[84.02166946738708, 26.237957183456103, 0.0], [84.0230107606732, 26.237732382224333, 0.0], [84.0230030297072, 26.237733678211665, 0.0], [84.02166946738708, 26.237957183456103, 0.0]], [[84.17478709900723, 26.286224479475198, 0.0], [84.1745903472823, 26.28732138304901, 0.0], [84.17467653853718, 26.286840860848027, 0.0], [84.17478709900723, 26.286224479475198, 0.0]], [[84.17443450477361, 26.290652230489105, 0.0], [84.17450529801553, 26.292273214136305, 0.0], [84.17444303766466, 26.29084761635128, 0.0], [84.17443450477361, 26.290652230489105, 0.0]], [[84.18578848101386, 26.311858099404727, 0.0], [84.18597354792928, 26.312899356940957, 0.0], [84.18592814908007, 26.31264392913939, 0.0], [84.18578848101386, 26.311858099404727, 0.0]], [[84.01792599461423, 27.074504129979758, 0.0], [84.01880125504996, 27.07653995321892, 0.0], [84.01828805576345, 27.075483689270985, 0.0], [84.01792599461423, 27.074504129979758, 0.0]], [[84.01318092711827, 27.071034881628005, 0.0], [84.01366461927816, 27.071306055419488, 0.0], [84.01318092645664, 27.071034881557804, 0.0], [84.01318092711827, 27.071034881628005, 0.0]], [[84.0067404373814, 27.059983112939705, 0.0], [84.00674038695342, 27.059983109626675, 0.0], [84.00718393741226, 27.05998344243142, 0.0], [84.0067404373814, 27.059983112939705, 0.0]], [[84.04717892543115, 27.030025816405324, 0.0], [84.04749608196882, 27.030359877047694, 0.0], [84.04749607995109, 27.030359875361075, 0.0], [84.04717892543115, 27.030025816405324, 0.0]], [[84.04424571510984, 27.01672127157446, 0.0], [84.0444518997861, 27.017317016340257, 0.0], [84.04424570068454, 27.016721237923555, 0.0], [84.04424571510984, 27.01672127157446, 0.0]], [[84.14037394164222, 26.867600951401787, 0.0], [84.1408822026531, 26.868954536543846, 0.0], [84.14069779189286, 26.868463424253186, 0.0], [84.14037394164222, 26.867600951401787, 0.0]], [[84.14060834559511, 26.852676993030386, 0.0], [84.14060837931066, 26.853554894324954, 0.0], [84.1406083741889, 26.853431472865747, 0.0], [84.14060834559511, 26.852676993030386, 0.0]], [[88.93395887455601, 26.333564198650507, 0.0], [88.91806353861033, 26.32557395875477, 0.0], [88.92476864425765, 26.294383891105596, 0.0], [88.95440314854048, 26.27463806704265, 0.0], [88.98145854394323, 26.28297369611126, 0.0], [88.98290279671743, 26.301090222368348, 0.0], [88.96077880113167, 26.294954820687803, 0.0], [88.93395887455601, 26.333564198650507, 0.0]]], [[[71.15543725997122, 20.760650718165838, 0.0], [71.1499137785433, 20.759425602062507, 0.0], [71.15142120726995, 20.76390719687628, 0.0], [71.15543725997122, 20.760650718165838, 0.0]]], [[[71.17139413662136, 20.765337561222164, 0.0], [71.17078262087455, 20.765094856338468, 0.0], [71.17123233488448, 20.76533756156766, 0.0], [71.17139413662136, 20.765337561222164, 0.0]]], [[[71.17203896424286, 20.765822970419514, 0.0], [71.1723173581089, 20.76559454199181, 0.0], [71.17122519686781, 20.76541608374524, 0.0], [71.17203896424286, 20.765822970419514, 0.0]]], [[[71.17541099978241, 20.766765000126366, 0.0], [71.17615830032913, 20.766542700426456, 0.0], [71.17512280007682, 20.7665169996821, 0.0], [71.17541099978241, 20.766765000126366, 0.0]]], [[[71.25414927427333, 20.813507542573664, 0.0], [71.25675261236721, 20.812007714399122, 0.0], [71.2546650219156, 20.81171848339452, 0.0], [71.25414927427333, 20.813507542573664, 0.0]]], [[[71.26078721682492, 20.815960322078965, 0.0], [71.26315324621989, 20.816335379283565, 0.0], [71.26109296058497, 20.814874609800743, 0.0], [71.26078721682492, 20.815960322078965, 0.0]]], [[[71.2688948506756, 20.820014442055587, 0.0], [71.27107951453728, 20.820209729425457, 0.0], [71.27064798791632, 20.819262639801074, 0.0], [71.2688948506756, 20.820014442055587, 0.0]]], [[[71.30313653470994, 20.830978590947403, 0.0], [71.30297274108122, 20.832012689589927, 0.0], [71.3049036108284, 20.832541901525044, 0.0], [71.30313653470994, 20.830978590947403, 0.0]]], [[[71.30760823193707, 20.832335170825317, 0.0], [71.30906357755964, 20.83289123904006, 0.0], [71.30919324699312, 20.83279647828913, 0.0], [71.30760823193707, 20.832335170825317, 0.0]]], [[[71.30399488723872, 20.83437509431664, 0.0], [71.30317375457207, 20.833715365486338, 0.0], [71.30277010571999, 20.833941043168643, 0.0], [71.30399488723872, 20.83437509431664, 0.0]]], [[[71.45745560019957, 20.878060700067305, 0.0], [71.45623550075177, 20.878002599807612, 0.0], [71.45613589930367, 20.878367800657433, 0.0], [71.45745560019957, 20.878060700067305, 0.0]]], [[[71.5281556027003, 20.904770430803424, 0.0], [71.52710458541529, 20.902637499263335, 0.0], [71.52565642803194, 20.903662963770103, 0.0], [71.5281556027003, 20.904770430803424, 0.0]]], [[[71.5353179005017, 20.903641299559663, 0.0], [71.53416420034283, 20.903989899142008, 0.0], [71.53559179985167, 20.904089499944, 0.0], [71.5353179005017, 20.903641299559663, 0.0]]], [[[71.53632219943776, 20.90382389998807, 0.0], [71.53662929961578, 20.904114400185822, 0.0], [71.5367952997664, 20.903915199478572, 0.0], [71.53632219943776, 20.90382389998807, 0.0]]], [[[71.53365790036598, 20.904130999453834, 0.0], [71.53361639911854, 20.90386539943747, 0.0], [71.53340059995192, 20.9038902994044, 0.0], [71.53365790036598, 20.904130999453834, 0.0]]], [[[71.51277902362744, 20.91107621371896, 0.0], [71.52449811989214, 20.904916183551887, 0.0], [71.50990634342479, 20.90389796476947, 0.0], [71.51277902362744, 20.91107621371896, 0.0]]], [[[71.52034785399421, 20.91337751918945, 0.0], [71.5212541124327, 20.913101298460308, 0.0], [71.52018243817035, 20.913041999358498, 0.0], [71.52034785399421, 20.91337751918945, 0.0]]], [[[71.54686319990067, 20.913070099815307, 0.0], [71.5467553000471, 20.91365109985066, 0.0], [71.54726990005189, 20.913343999796833, 0.0], [71.54686319990067, 20.913070099815307, 0.0]]], [[[71.54495698075226, 20.913950369410546, 0.0], [71.54551838622386, 20.91362769765025, 0.0], [71.54483041204008, 20.91343741978959, 0.0], [71.54495698075226, 20.913950369410546, 0.0]]], [[[71.67553100021941, 20.98447529993142, 0.0], [71.67514709981972, 20.984113900442185, 0.0], [71.67510230009678, 20.984430500435224, 0.0], [71.67553100021941, 20.98447529993142, 0.0]]], [[[71.6766934998559, 20.987759199905145, 0.0], [71.67508989997845, 20.98811869957451, 0.0], [71.67627250050059, 20.98951220033955, 0.0], [71.6766934998559, 20.987759199905145, 0.0]]], [[[71.67533889973063, 20.99155489944034, 0.0], [71.67699060059681, 20.99377100024121, 0.0], [71.6772332002123, 20.99381930008731, 0.0], [71.67533889973063, 20.99155489944034, 0.0]]], [[[71.68624689994971, 20.993326799910584, 0.0], [71.68558459976701, 20.993696600216442, 0.0], [71.68655299974554, 20.993778800347506, 0.0], [71.68624689994971, 20.993326799910584, 0.0]]], [[[71.65834547815727, 20.995631569740528, 0.0], [71.65535411281999, 20.995148941314742, 0.0], [71.65828315792803, 20.99647155042528, 0.0], [71.65834547815727, 20.995631569740528, 0.0]]], [[[71.70858039990422, 20.99695819987004, 0.0], [71.70941869994064, 20.998435600557965, 0.0], [71.7106338000296, 20.998152299648886, 0.0], [71.70858039990422, 20.99695819987004, 0.0]]], [[[71.6981473007856, 20.998435600560903, 0.0], [71.70335140001741, 20.996817100008016, 0.0], [71.69644580008023, 20.997406399386257, 0.0], [71.6981473007856, 20.998435600560903, 0.0]]], [[[71.91548246226223, 21.106505122530507, 0.0], [71.91618548942323, 21.107692685650736, 0.0], [71.91649321068965, 21.106762320255825, 0.0], [71.91548246226223, 21.106505122530507, 0.0]]], [[[72.01305325359695, 21.13355947031006, 0.0], [72.01142173315984, 21.133210591048442, 0.0], [72.01099305366178, 21.133612184348085, 0.0], [72.01305325359695, 21.13355947031006, 0.0]]], [[[72.03527296258741, 21.156210881564476, 0.0], [72.03315029453577, 21.15559126022219, 0.0], [72.03511849273441, 21.156888408307864, 0.0], [72.03527296258741, 21.156210881564476, 0.0]]], [[[72.04622400017755, 21.16199999967919, 0.0], [72.04670399941583, 21.16051200080845, 0.0], [72.04555200020302, 21.16070399989778, 0.0], [72.04622400017755, 21.16199999967919, 0.0]]], [[[72.06742845546874, 21.176596195811566, 0.0], [72.06767852951198, 21.17735498404272, 0.0], [72.06806851279806, 21.177246753092536, 0.0], [72.06742845546874, 21.176596195811566, 0.0]]], [[[72.08384880008018, 21.186494200008458, 0.0], [72.08350829934987, 21.186264600096422, 0.0], [72.08351500037412, 21.18645099962887, 0.0], [72.08384880008018, 21.186494200008458, 0.0]]], [[[72.36115810992999, 21.595694587897963, 0.0], [72.34909349508128, 21.60592239419772, 0.0], [72.35031178536259, 21.608432136661243, 0.0], [72.36115810992999, 21.595694587897963, 0.0]]], [[[69.32380937592862, 22.30306623362775, 0.0], [69.32430900694696, 22.303414042927823, 0.0], [69.32461000134151, 22.30308902520262, 0.0], [69.32380937592862, 22.30306623362775, 0.0]]], [[[69.3100796000412, 22.30510459940134, 0.0], [69.310320300139, 22.304955200311422, 0.0], [69.31026220041898, 22.304888799982876, 0.0], [69.3100796000412, 22.30510459940134, 0.0]]], [[[69.32773369919204, 22.336379000401642, 0.0], [69.32802419989919, 22.337192399451503, 0.0], [69.32852220026179, 22.336470300107578, 0.0], [69.32773369919204, 22.336379000401642, 0.0]]], [[[69.45168794304014, 22.358232362081157, 0.0], [69.45245071040497, 22.35070050673235, 0.0], [69.43828297220202, 22.353853930122593, 0.0], [69.45168794304014, 22.358232362081157, 0.0]]], [[[69.18513970066424, 22.366765299799248, 0.0], [69.18479939962936, 22.36419229954459, 0.0], [69.1833801001523, 22.36763680057492, 0.0], [69.18513970066424, 22.366765299799248, 0.0]]], [[[69.1948838999394, 22.3741689001807, 0.0], [69.19421160023093, 22.36800199959243, 0.0], [69.19092480013138, 22.369811399998184, 0.0], [69.1948838999394, 22.3741689001807, 0.0]]], [[[69.54816368405447, 22.37315558184595, 0.0], [69.55083351660257, 22.373734801660124, 0.0], [69.55162046456526, 22.37289070755686, 0.0], [69.54816368405447, 22.37315558184595, 0.0]]], [[[69.33982117946343, 22.3803890238287, 0.0], [69.3233596415718, 22.38129129127054, 0.0], [69.33940896325574, 22.38597409329667, 0.0], [69.33982117946343, 22.3803890238287, 0.0]]], [[[69.21663819914728, 22.382659799964042, 0.0], [69.21711959951992, 22.382626599812752, 0.0], [69.216845699417, 22.382419099721954, 0.0], [69.21663819914728, 22.382659799964042, 0.0]]], [[[69.21384940058658, 22.382726199916764, 0.0], [69.21482049984432, 22.383763700347316, 0.0], [69.21428099943792, 22.382551900252803, 0.0], [69.21384940058658, 22.382726199916764, 0.0]]], [[[69.1996812997607, 22.384510699975493, 0.0], [69.20032039984991, 22.387208200399005, 0.0], [69.20185589979714, 22.38700899991615, 0.0], [69.1996812997607, 22.384510699975493, 0.0]]], [[[69.48265782553747, 22.388074212038905, 0.0], [69.48231642572267, 22.38623222303315, 0.0], [69.47736935382616, 22.38683148212059, 0.0], [69.47923978362846, 22.388374453822824, 0.0], [69.48265782553747, 22.388074212038905, 0.0]]], [[[69.20513439991018, 22.389747999606236, 0.0], [69.20509289943915, 22.389590299587063, 0.0], [69.20503480035224, 22.389706499831462, 0.0], [69.20513439991018, 22.389747999606236, 0.0]]], [[[69.20359060047274, 22.389673299723782, 0.0], [69.20415500029624, 22.389698200568986, 0.0], [69.20415500052307, 22.389623500298022, 0.0], [69.20359060047274, 22.389673299723782, 0.0]]], [[[69.47905288569366, 22.398019245024525, 0.0], [69.48389630065856, 22.388520401916892, 0.0], [69.47611344584254, 22.38913051964204, 0.0], [69.47905288569366, 22.398019245024525, 0.0]]], [[[69.20534190030382, 22.395665899688737, 0.0], [69.20601420017441, 22.396388000162737, 0.0], [69.20542490011226, 22.395458399855148, 0.0], [69.20534190030382, 22.395665899688737, 0.0]]], [[[69.20945039960219, 22.400181100517752, 0.0], [69.20945039967447, 22.39994039980579, 0.0], [69.2093756994417, 22.400131299846944, 0.0], [69.20945039960219, 22.400181100517752, 0.0]]], [[[69.20864530055108, 22.401127299824207, 0.0], [69.20847099995508, 22.401442700404036, 0.0], [69.20871170010457, 22.401193700066898, 0.0], [69.20864530055108, 22.401127299824207, 0.0]]], [[[69.49810356864648, 22.432475378361556, 0.0], [69.55128209255632, 22.407653881571825, 0.0], [69.54130106890887, 22.394148333783725, 0.0], [69.55826528829382, 22.376153623928342, 0.0], [69.54084301099721, 22.38055256620561, 0.0], [69.51879696693166, 22.37243029952222, 0.0], [69.51774902202523, 22.410042019924006, 0.0], [69.49810356864648, 22.432475378361556, 0.0]]], [[[69.20686080011694, 22.403733499861133, 0.0], [69.20823030012417, 22.40286199995825, 0.0], [69.20843780055009, 22.4023058999851, 0.0], [69.20694380005396, 22.403086099656246, 0.0], [69.20686080011694, 22.403733499861133, 0.0]]], [[[69.20555770006193, 22.40477930000641, 0.0], [69.20595610018563, 22.405011700400216, 0.0], [69.20579839957465, 22.404123599689076, 0.0], [69.20555770006193, 22.40477930000641, 0.0]]], [[[69.16574800020248, 22.413263000101086, 0.0], [69.16735399951018, 22.41165700033839, 0.0], [69.16677000011343, 22.411000000027972, 0.0], [69.16574800020248, 22.413263000101086, 0.0]]], [[[69.27841509963213, 22.417171200416874, 0.0], [69.27925340009374, 22.41541160013706, 0.0], [69.2781494993545, 22.416058999394153, 0.0], [69.27841509963213, 22.417171200416874, 0.0]]], [[[69.27657250038057, 22.419246200488192, 0.0], [69.27799180034272, 22.419237899640976, 0.0], [69.27780919970358, 22.418573900027205, 0.0], [69.27657250038057, 22.419246200488192, 0.0]]], [[[69.07157909958845, 22.429861899650362, 0.0], [69.0718281004384, 22.429679299972655, 0.0], [69.07164549967672, 22.429629500573782, 0.0], [69.07157909958845, 22.429861899650362, 0.0]]], [[[69.05276299960214, 22.430326699973943, 0.0], [69.05317799945362, 22.430110899758716, 0.0], [69.05272980018897, 22.43013579993293, 0.0], [69.05276299960214, 22.430326699973943, 0.0]]], [[[69.621201246386, 22.457336843466546, 0.0], [69.65682751198295, 22.42537913853491, 0.0], [69.63649788126762, 22.405715812472064, 0.0], [69.59034686796859, 22.430723935355445, 0.0], [69.621201246386, 22.457336843466546, 0.0]]], [[[69.11026540016442, 22.436734299935008, 0.0], [69.11060569949846, 22.436916899788997, 0.0], [69.11061399988351, 22.43679239960438, 0.0], [69.11026540016442, 22.436734299935008, 0.0]]], [[[69.06907250024089, 22.438112100104576, 0.0], [69.06885669984719, 22.43797930025058, 0.0], [69.06917209997472, 22.43827810035853, 0.0], [69.06907250024089, 22.438112100104576, 0.0]]], [[[69.73562531953763, 22.448281235407073, 0.0], [69.73843885843438, 22.44835709686455, 0.0], [69.73887655039091, 22.44771190709821, 0.0], [69.73562531953763, 22.448281235407073, 0.0]]], [[[69.14597996452802, 22.474214113193344, 0.0], [69.14473636418018, 22.45044921681406, 0.0], [69.11542192078872, 22.466788147176334, 0.0], [69.10833886076381, 22.436969205298283, 0.0], [69.08417104525195, 22.422462675949145, 0.0], [69.09397292146357, 22.460910696322888, 0.0], [69.12682889155427, 22.47497633715873, 0.0], [69.14597996452802, 22.474214113193344, 0.0]]], [[[69.73759281597093, 22.449226017159532, 0.0], [69.73690983249247, 22.44888017086767, 0.0], [69.73611280222475, 22.449370534458684, 0.0], [69.73759281597093, 22.449226017159532, 0.0]]], [[[69.29171139470998, 22.458718146606678, 0.0], [69.31776363298704, 22.472089965616753, 0.0], [69.32645542437109, 22.457169755154453, 0.0], [69.29171139470998, 22.458718146606678, 0.0]]], [[[69.30507930846603, 22.470613103906953, 0.0], [69.30420381543132, 22.472576842816093, 0.0], [69.30807159565434, 22.47140448254532, 0.0], [69.30507930846603, 22.470613103906953, 0.0]]], [[[69.08509979979362, 22.48591180003063, 0.0], [69.08703369952703, 22.488891499712594, 0.0], [69.08832019962708, 22.489621900127467, 0.0], [69.08509979979362, 22.48591180003063, 0.0]]], [[[69.80081160029907, 22.488955899949385, 0.0], [69.80314240003405, 22.49361359954048, 0.0], [69.8044913994717, 22.492513299770998, 0.0], [69.80081160029907, 22.488955899949385, 0.0]]], [[[69.31598428754468, 22.52182012067356, 0.0], [69.35414530888906, 22.523870166981517, 0.0], [69.36346300550358, 22.512199150931508, 0.0], [69.34629998654826, 22.504299977458018, 0.0], [69.31598428754468, 22.52182012067356, 0.0]]], [[[69.94507050003298, 22.523351500207117, 0.0], [69.93291039938583, 22.519445899800758, 0.0], [69.93855020053425, 22.532346899749495, 0.0], [69.94507050003298, 22.523351500207117, 0.0]]], [[[69.93490902205872, 22.526153924469796, 0.0], [69.92835929368748, 22.530825018471923, 0.0], [69.93617117556718, 22.533680302245337, 0.0], [69.93490902205872, 22.526153924469796, 0.0]]], [[[69.40306450001286, 22.52756949939587, 0.0], [69.40395259987037, 22.52834140022414, 0.0], [69.40377830025771, 22.527129600073994, 0.0], [69.40306450001286, 22.52756949939587, 0.0]]], [[[69.94471090051155, 22.531276799533163, 0.0], [69.94507449941611, 22.529667900065846, 0.0], [69.9431065995684, 22.530989800420926, 0.0], [69.94471090051155, 22.531276799533163, 0.0]]], [[[69.93148180019402, 22.540597199867687, 0.0], [69.919086299364, 22.5425498995135, 0.0], [69.93470540024701, 22.5350413004337, 0.0], [69.9165293000039, 22.53144219959648, 0.0], [69.93059570027425, 22.519768700043166, 0.0], [69.91866449999335, 22.513359599776276, 0.0], [69.86366559934459, 22.52821869976653, 0.0], [69.89097860039385, 22.524410600632013, 0.0], [69.91677379993008, 22.54883329975835, 0.0], [69.93148180019402, 22.540597199867687, 0.0]]], [[[69.95458670030125, 22.534749900077223, 0.0], [69.95681299993493, 22.53494119982821, 0.0], [69.95436539989322, 22.534275300110178, 0.0], [69.95458670030125, 22.534749900077223, 0.0]]], [[[70.05813676294876, 22.539492369926077, 0.0], [70.0482154674828, 22.52375091013609, 0.0], [70.03491069687611, 22.53558676046304, 0.0], [70.04391712666188, 22.553517957969294, 0.0], [70.05813676294876, 22.539492369926077, 0.0]]], [[[69.93087980051624, 22.53971689934358, 0.0], [69.932957300343, 22.53853059966122, 0.0], [69.93040540008943, 22.538988999956008, 0.0], [69.93087980051624, 22.53971689934358, 0.0]]], [[[69.95764239987228, 22.541311100200645, 0.0], [69.96396900028283, 22.54225530068411, 0.0], [69.95707549981763, 22.53883909975809, 0.0], [69.95764239987228, 22.541311100200645, 0.0]]], [[[69.94435840085858, 22.55036170026835, 0.0], [69.95038359973718, 22.53650620013901, 0.0], [69.9393204004395, 22.54005150046547, 0.0], [69.94435840085858, 22.55036170026835, 0.0]]], [[[70.01451619953848, 22.550729500286533, 0.0], [70.02432380056497, 22.552524600260995, 0.0], [70.01204870045267, 22.549449500735626, 0.0], [70.01451619953848, 22.550729500286533, 0.0]]], [[[70.00506999931781, 22.549933799750068, 0.0], [70.00948749984904, 22.551854899765043, 0.0], [70.01205979941739, 22.554201100334694, 0.0], [70.01179200031994, 22.552232799392254, 0.0], [70.00506999931781, 22.549933799750068, 0.0]]], [[[70.0178796000206, 22.558155100316664, 0.0], [70.0243387001612, 22.55612380020554, 0.0], [70.01298010027753, 22.55379330006524, 0.0], [70.0178796000206, 22.558155100316664, 0.0]]], [[[70.03988029980253, 22.5643674998673, 0.0], [70.0408833996724, 22.565627899713526, 0.0], [70.04605229957743, 22.570772300216593, 0.0], [70.03988029980253, 22.5643674998673, 0.0]]], [[[70.02407610025622, 22.584107999727674, 0.0], [70.00685380005064, 22.554606099816578, 0.0], [70.00269720084239, 22.556224700198914, 0.0], [70.00491150001818, 22.568561300551938, 0.0], [70.00094809948641, 22.57230820001659, 0.0], [69.99416259925287, 22.549491199708772, 0.0], [69.97507510092362, 22.546785800046145, 0.0], [69.97830340020877, 22.548544599960145, 0.0], [69.98080589974975, 22.55603750030336, 0.0], [69.97580029921988, 22.563397599617648, 0.0], [69.97730079929258, 22.548646899932177, 0.0], [69.9593624993837, 22.550064900154222, 0.0], [69.97596480014928, 22.58041919996371, 0.0], [70.00489749989516, 22.59280120015702, 0.0], [70.02407610025622, 22.584107999727674, 0.0]]], [[[69.93245271077467, 22.57892854116991, 0.0], [69.9330841798374, 22.577641455822228, 0.0], [69.93218476850676, 22.57763276541414, 0.0], [69.93245271077467, 22.57892854116991, 0.0]]], [[[70.04529014314352, 22.59461117931318, 0.0], [70.04664740608088, 22.593688125289226, 0.0], [70.04481315370882, 22.59362735487235, 0.0], [70.04529014314352, 22.59461117931318, 0.0]]], [[[69.9611295995712, 22.59938020024304, 0.0], [69.96239359987806, 22.59930969915029, 0.0], [69.96063090028838, 22.598601799358388, 0.0], [69.9611295995712, 22.59938020024304, 0.0]]], [[[69.95215930054711, 22.604809299902332, 0.0], [69.95884909981795, 22.595712500167906, 0.0], [69.95093920019721, 22.600401999601573, 0.0], [69.95215930054711, 22.604809299902332, 0.0]]], [[[70.12911577251919, 22.98192846408187, 0.0], [70.13226589389402, 22.982298528704437, 0.0], [70.13056882123179, 22.98001853473134, 0.0], [70.12911577251919, 22.98192846408187, 0.0]]], [[[70.4297382450556, 22.975988852700745, 0.0], [70.43573971316249, 22.984307690063456, 0.0], [70.45631673495956, 22.997667022297566, 0.0], [70.44994534447709, 22.985227061812125, 0.0], [70.4297382450556, 22.975988852700745, 0.0]]], [[[70.4111011449968, 22.992094666901504, 0.0], [70.41558087858894, 23.017152372392754, 0.0], [70.44932771697653, 23.04939002451936, 0.0], [70.43120906214303, 23.006243879400454, 0.0], [70.4111011449968, 22.992094666901504, 0.0]]], [[[70.42157891499347, 23.026934524589954, 0.0], [70.42804851088975, 23.04254058769553, 0.0], [70.44198881885143, 23.04713136685225, 0.0], [70.43304126158692, 23.036014739901717, 0.0], [70.42157891499347, 23.026934524589954, 0.0]]], [[[70.44832964559951, 23.026635195791144, 0.0], [70.46008871625256, 23.04691025797488, 0.0], [70.44919706714349, 23.025144839457912, 0.0], [70.44832964559951, 23.026635195791144, 0.0]]], [[[70.45169638084323, 23.045293790705863, 0.0], [70.45262709878322, 23.04331125713665, 0.0], [70.45104587440296, 23.042454247020743, 0.0], [70.45169638084323, 23.045293790705863, 0.0]]], [[[70.46252608648301, 23.051279398950772, 0.0], [70.48344122222353, 23.062720591731143, 0.0], [70.46202762660135, 23.04266070572585, 0.0], [70.46252608648301, 23.051279398950772, 0.0]]], [[[70.45971862642892, 23.055642376745915, 0.0], [70.45847819365446, 23.053841598396264, 0.0], [70.45748798230233, 23.05421234571179, 0.0], [70.45971862642892, 23.055642376745915, 0.0]]], [[[70.46592625834425, 23.057842125983235, 0.0], [70.46277708809507, 23.05461126384448, 0.0], [70.46224529108433, 23.054719954191164, 0.0], [70.46592625834425, 23.057842125983235, 0.0]]], [[[70.25764803020547, 23.173804260205987, 0.0], [70.25661994222335, 23.170621012886176, 0.0], [70.25646397388994, 23.173774695929776, 0.0], [70.25764803020547, 23.173804260205987, 0.0]]], [[[70.25383517048827, 23.1710873927209, 0.0], [70.24956959636859, 23.176977399235593, 0.0], [70.2558519415617, 23.17592931328131, 0.0], [70.25383517048827, 23.1710873927209, 0.0]]], [[[68.5253185558356, 23.689686439978164, 0.0], [68.5298092227202, 23.67568511620725, 0.0], [68.53856712022743, 23.685644720069885, 0.0], [68.54742652824599, 23.674954379307376, 0.0], [68.52869775901623, 23.67399592071193, 0.0], [68.52204239948662, 23.65347752016754, 0.0], [68.5253185558356, 23.689686439978164, 0.0]]], [[[73.01072820827389, 8.277513290662315, 0.0], [73.0110419008077, 8.27587677392402, 0.0], [73.0101245789216, 8.277517606145368, 0.0], [73.01072820827389, 8.277513290662315, 0.0]]], [[[73.0358845521389, 8.264093077780274, 0.0], [73.0206976528433, 8.268487886630872, 0.0], [73.01764118975473, 8.275331729495555, 0.0], [73.04762763301989, 8.27513605917851, 0.0], [73.06350480325084, 8.293544012895552, 0.0], [73.06851764206868, 8.30880313867988, 0.0], [73.07480236177645, 8.320319084194065, 0.0], [73.0782878408525, 8.323967977298496, 0.0], [73.0658529103132, 8.284624620069781, 0.0], [73.0358845521389, 8.264093077780274, 0.0]]], [[[73.01371617251313, 8.30209015427571, 0.0], [73.01367542542124, 8.301656113578261, 0.0], [73.01348927348508, 8.301945374545443, 0.0], [73.01371617251313, 8.30209015427571, 0.0]]], [[[73.62706032351598, 10.071867023210588, 0.0], [73.6279680217482, 10.074036913959553, 0.0], [73.62868417615422, 10.073322667981396, 0.0], [73.62706032351598, 10.071867023210588, 0.0]]], [[[73.6305258894196, 10.073208870424892, 0.0], [73.63086604319447, 10.072860621265521, 0.0], [73.63049955253804, 10.072747161867117, 0.0], [73.6305258894196, 10.073208870424892, 0.0]]], [[[72.64045408978248, 10.578966441349328, 0.0], [72.64952689483849, 10.563262290179287, 0.0], [72.61678051931611, 10.542093330557105, 0.0], [72.64045408978248, 10.578966441349328, 0.0]]], [[[72.71995031731967, 11.113540225377461, 0.0], [72.72084323804222, 11.13016083340326, 0.0], [72.73388549541973, 11.135847653665024, 0.0], [72.71995031731967, 11.113540225377461, 0.0]]], [[[72.76157529176969, 11.182518157908008, 0.0], [72.77932586754356, 11.24234501110817, 0.0], [72.79007604401346, 11.260149044375867, 0.0], [72.77694938231367, 11.217148690576737, 0.0], [72.76948175545883, 11.20542062759525, 0.0], [72.76294356280962, 11.183915469022255, 0.0], [72.76157529176969, 11.182518157908008, 0.0]]], [[[73.00719612231802, 11.471116947886388, 0.0], [72.99805078106517, 11.496967857833086, 0.0], [72.99942506242546, 11.498188921271948, 0.0], [73.0098194691588, 11.487349743798744, 0.0], [73.00719612231802, 11.471116947886388, 0.0]]], [[[72.71723434034288, 11.694463721878536, 0.0], [72.70536676260714, 11.682913815253917, 0.0], [72.71635655948941, 11.703662302447603, 0.0], [72.71723434034288, 11.694463721878536, 0.0]]], [[[73.45878669974759, 15.886685000097208, 0.0], [73.4589330998342, 15.887607699735323, 0.0], [73.45925199994791, 15.88686370023008, 0.0], [73.45878669974759, 15.886685000097208, 0.0]]], [[[73.45771990041146, 15.887365400079382, 0.0], [73.4579864000594, 15.887201599906986, 0.0], [73.45784180038017, 15.887125899947225, 0.0], [73.45771990041146, 15.887365400079382, 0.0]]], [[[73.46435409953602, 15.888183699833652, 0.0], [73.46198679974455, 15.888979000174658, 0.0], [73.46209149957228, 15.890036100336745, 0.0], [73.46435409953602, 15.888183699833652, 0.0]]], [[[73.45584659957042, 15.887727199913098, 0.0], [73.45561539955644, 15.889748399659052, 0.0], [73.45666660016228, 15.887996499567354, 0.0], [73.45584659957042, 15.887727199913098, 0.0]]], [[[73.46654586315708, 15.893938310019275, 0.0], [73.46717597715158, 15.89419348639222, 0.0], [73.46706826768465, 15.89371706686871, 0.0], [73.46654586315708, 15.893938310019275, 0.0]]], [[[73.46529600025222, 15.895012299827064, 0.0], [73.46534489993252, 15.89571999980548, 0.0], [73.46563069990196, 15.894716199712487, 0.0], [73.46529600025222, 15.895012299827064, 0.0]]], [[[73.46603665812877, 15.895448033342003, 0.0], [73.46661691733432, 15.895381476256118, 0.0], [73.46654064790985, 15.895217443223784, 0.0], [73.46603665812877, 15.895448033342003, 0.0]]], [[[73.46664689965482, 15.898257799928805, 0.0], [73.46702160013547, 15.898417700122163, 0.0], [73.46706319997755, 15.89811820037235, 0.0], [73.46664689965482, 15.898257799928805, 0.0]]], [[[73.46571470027297, 15.898552299593254, 0.0], [73.46500179976096, 15.89961499970727, 0.0], [73.46562910027497, 15.899418200015276, 0.0], [73.46571470027297, 15.898552299593254, 0.0]]], [[[73.4720740003562, 15.904822000328362, 0.0], [73.4717980000558, 15.904729999789245, 0.0], [73.47184400018664, 15.904868000271536, 0.0], [73.4720740003562, 15.904822000328362, 0.0]]], [[[73.46692199990562, 15.90509800006079, 0.0], [73.46687600014178, 15.90459200022452, 0.0], [73.46669200024942, 15.90468399996491, 0.0], [73.46692199990562, 15.90509800006079, 0.0]]], [[[73.57851229996108, 15.90999610009994, 0.0], [73.57908500013578, 15.909987799805396, 0.0], [73.57909329981989, 15.909913100332737, 0.0], [73.57851229996108, 15.90999610009994, 0.0]]], [[[73.4726950002345, 15.914689000362593, 0.0], [73.47281000033244, 15.914090999751371, 0.0], [73.47246499951719, 15.91404500033798, 0.0], [73.4726950002345, 15.914689000362593, 0.0]]], [[[73.46637930015186, 15.925110400259111, 0.0], [73.46558249960522, 15.925118700082244, 0.0], [73.46588129989051, 15.925732899818229, 0.0], [73.46637930015186, 15.925110400259111, 0.0]]], [[[73.46603900015535, 15.92638030040553, 0.0], [73.46666929971558, 15.926554200345494, 0.0], [73.46667689961683, 15.926158000343476, 0.0], [73.46603900015535, 15.92638030040553, 0.0]]], [[[73.46285180010267, 15.929559200249278, 0.0], [73.46281860039896, 15.930613299921392, 0.0], [73.46333320042737, 15.929633899872556, 0.0], [73.46285180010267, 15.929559200249278, 0.0]]], [[[73.46298509971378, 15.931415000352423, 0.0], [73.46297730003332, 15.931492900209214, 0.0], [73.46304039951697, 15.931461900305548, 0.0], [73.46298509971378, 15.931415000352423, 0.0]]], [[[73.46363200034456, 15.932763000139055, 0.0], [73.46352410010137, 15.931592699863362, 0.0], [73.46290990039168, 15.93265509991983, 0.0], [73.46363200034456, 15.932763000139055, 0.0]]], [[[73.47937401811124, 15.970642797130463, 0.0], [73.47897698714343, 15.970640353105322, 0.0], [73.47926269106844, 15.970848702949683, 0.0], [73.47937401811124, 15.970642797130463, 0.0]]], [[[73.47960881521826, 15.97132029673631, 0.0], [73.47998220649491, 15.971335857707189, 0.0], [73.47956164105483, 15.97084945963151, 0.0], [73.47960881521826, 15.97132029673631, 0.0]]], [[[73.47906999962825, 15.972005400334826, 0.0], [73.47965100014262, 15.972295900096583, 0.0], [73.47958459958443, 15.971482499871637, 0.0], [73.47906999962825, 15.972005400334826, 0.0]]], [[[73.45877329973558, 15.985946599582672, 0.0], [73.45926669965212, 15.985239999903676, 0.0], [73.45841319964079, 15.98545329970136, 0.0], [73.45877329973558, 15.985946599582672, 0.0]]], [[[73.45986689971794, 15.986559799581137, 0.0], [73.45936679972796, 15.986353100097086, 0.0], [73.45952680029998, 15.986739699912638, 0.0], [73.45986689971794, 15.986559799581137, 0.0]]], [[[73.46028039957824, 15.986819700036143, 0.0], [73.46114730023557, 15.986799700073558, 0.0], [73.46064720035659, 15.986193200072814, 0.0], [73.46028039957824, 15.986819700036143, 0.0]]], [[[73.4589599999601, 15.986912999629276, 0.0], [73.45843319989503, 15.986673100259138, 0.0], [73.45863989983232, 15.987086299661613, 0.0], [73.4589599999601, 15.986912999629276, 0.0]]], [[[73.45627820023599, 15.987642600238066, 0.0], [73.45655209995485, 15.98744340022739, 0.0], [73.45630309992896, 15.987302300093067, 0.0], [73.45627820023599, 15.987642600238066, 0.0]]], [[[73.46361269977308, 15.988993399878108, 0.0], [73.46307260039057, 15.988786799808004, 0.0], [73.46327929998363, 15.989206699677222, 0.0], [73.46361269977308, 15.988993399878108, 0.0]]], [[[73.46472639964772, 15.991094600291394, 0.0], [73.46431959966343, 15.990708000342837, 0.0], [73.46427960001095, 15.99115459986183, 0.0], [73.46472639964772, 15.991094600291394, 0.0]]], [[[73.47568500013521, 15.991577999987392, 0.0], [73.47589199975184, 15.99097999963297, 0.0], [73.47536300038111, 15.991209999916036, 0.0], [73.47568500013521, 15.991577999987392, 0.0]]], [[[73.46479070418194, 15.99157901349178, 0.0], [73.46407588253422, 15.992321048768698, 0.0], [73.46477891952006, 15.992939095447294, 0.0], [73.46479070418194, 15.99157901349178, 0.0]]], [[[73.456939599694, 15.993386200410837, 0.0], [73.45648339975824, 15.993583900424724, 0.0], [73.45681320034464, 15.993748699716232, 0.0], [73.456939599694, 15.993386200410837, 0.0]]], [[[73.47160460039524, 15.993708800394595, 0.0], [73.47101109967251, 15.993235600441935, 0.0], [73.4709377997574, 15.993775499871896, 0.0], [73.47160460039524, 15.993708800394595, 0.0]]], [[[73.45787380040231, 15.99340270046098, 0.0], [73.45730229968247, 15.99402340005334, 0.0], [73.45790130007641, 15.993896999952241, 0.0], [73.45787380040231, 15.99340270046098, 0.0]]], [[[73.45552720004231, 15.993583900150696, 0.0], [73.45513149983711, 15.993918999956351, 0.0], [73.45539529990172, 15.993968400209816, 0.0], [73.45552720004231, 15.993583900150696, 0.0]]], [[[73.4563020996912, 15.993583899758432, 0.0], [73.45590089997135, 15.993896999767523, 0.0], [73.45618119969538, 15.993962900001637, 0.0], [73.4563020996912, 15.993583899758432, 0.0]]], [[[73.4722314999645, 15.993855499652541, 0.0], [73.47187800026738, 15.994102100223037, 0.0], [73.47211810014858, 15.994228700194812, 0.0], [73.4722314999645, 15.993855499652541, 0.0]]], [[[73.45511499976713, 15.9940013997017, 0.0], [73.45466990042848, 15.994215600024194, 0.0], [73.45497759969551, 15.99436940031416, 0.0], [73.45511499976713, 15.9940013997017, 0.0]]], [[[73.47099779976853, 15.994122099869063, 0.0], [73.4705310001371, 15.994415400204975, 0.0], [73.4708443998594, 15.994468699720382, 0.0], [73.47099779976853, 15.994122099869063, 0.0]]], [[[73.4702975996698, 15.994122099906257, 0.0], [73.46977739992879, 15.994262099982615, 0.0], [73.4701375003774, 15.994475399656032, 0.0], [73.4702975996698, 15.994122099906257, 0.0]]], [[[73.45829841643956, 15.994690473833773, 0.0], [73.45785246039064, 15.994555957136207, 0.0], [73.45794428637367, 15.994887483293533, 0.0], [73.45829841643956, 15.994690473833773, 0.0]]], [[[73.47137120003232, 15.994735300306315, 0.0], [73.47081110025756, 15.994901999803615, 0.0], [73.47121120006271, 15.99507530024456, 0.0], [73.47137120003232, 15.994735300306315, 0.0]]], [[[73.4718713996712, 15.994675299763552, 0.0], [73.47151790008873, 15.994928599576491, 0.0], [73.47190470035518, 15.994975300002531, 0.0], [73.4718713996712, 15.994675299763552, 0.0]]], [[[73.47052430033702, 15.994981900022427, 0.0], [73.4696907001638, 15.995695100422935, 0.0], [73.47001749957465, 15.995788500156529, 0.0], [73.47052430033702, 15.994981900022427, 0.0]]], [[[73.47129119964383, 15.99541520027484, 0.0], [73.47094440029845, 15.995661799580489, 0.0], [73.4712379004135, 15.99576179971972, 0.0], [73.47129119964383, 15.99541520027484, 0.0]]], [[[73.4699640998052, 15.996708300302021, 0.0], [73.46971740031495, 15.997068199755137, 0.0], [73.47001079989369, 15.996988199979938, 0.0], [73.4699640998052, 15.996708300302021, 0.0]]], [[[73.4712709179131, 15.997491729848518, 0.0], [73.47154089848594, 15.998038802063707, 0.0], [73.47158657239575, 15.997352715887404, 0.0], [73.4712709179131, 15.997491729848518, 0.0]]], [[[73.46003979995163, 16.02365789975664, 0.0], [73.46029589983472, 16.02360649997093, 0.0], [73.46026959987319, 16.023408700282854, 0.0], [73.46003979995163, 16.02365789975664, 0.0]]], [[[73.45929110043073, 16.045626399990116, 0.0], [73.46080170026498, 16.039077699607585, 0.0], [73.45702519986199, 16.0407293996464, 0.0], [73.45929110043073, 16.045626399990116, 0.0]]], [[[73.46486209966785, 16.046086199889892, 0.0], [73.46460669956784, 16.047065000374275, 0.0], [73.46519300038693, 16.04680819998588, 0.0], [73.46486209966785, 16.046086199889892, 0.0]]], [[[73.46155949962134, 16.051306500111338, 0.0], [73.46116889956251, 16.051825299572666, 0.0], [73.46144129978588, 16.052066699539164, 0.0], [73.46155949962134, 16.051306500111338, 0.0]]], [[[73.46382136610526, 16.073779748849176, 0.0], [73.46350704067156, 16.073935649688064, 0.0], [73.46375448273591, 16.073969058192468, 0.0], [73.46382136610526, 16.073779748849176, 0.0]]], [[[73.46410265512813, 16.074274317138038, 0.0], [73.46362542306775, 16.074343191147815, 0.0], [73.46406412372232, 16.074423160241984, 0.0], [73.46410265512813, 16.074274317138038, 0.0]]], [[[73.45778879983268, 16.087549699648903, 0.0], [73.45768919975686, 16.08812240011339, 0.0], [73.45827019952164, 16.089218000407918, 0.0], [73.45778879983268, 16.087549699648903, 0.0]]], [[[73.44470800012992, 16.098215200385106, 0.0], [73.44401080018717, 16.09903690042788, 0.0], [73.44415189965477, 16.09926930019965, 0.0], [73.44470800012992, 16.098215200385106, 0.0]]], [[[73.44355430000286, 16.099584700058642, 0.0], [73.44300650024361, 16.10272209960073, 0.0], [73.443969299777, 16.099667699735374, 0.0], [73.44355430000286, 16.099584700058642, 0.0]]], [[[73.4416701999546, 16.103286499789462, 0.0], [73.44171170033174, 16.104149700299406, 0.0], [73.44195239953076, 16.10302920039345, 0.0], [73.4416701999546, 16.103286499789462, 0.0]]], [[[73.28310389988494, 16.957730299664238, 0.0], [73.28348619961945, 16.95752529983174, 0.0], [73.28306210025201, 16.957401899955503, 0.0], [73.28310389988494, 16.957730299664238, 0.0]]], [[[73.28558813725586, 16.98947586876576, 0.0], [73.2854262109864, 16.989353237043854, 0.0], [73.28548236009208, 16.989505733547404, 0.0], [73.28558813725586, 16.98947586876576, 0.0]]], [[[73.12016890541716, 17.76655021557393, 0.0], [73.11968777557642, 17.766160903651237, 0.0], [73.11947519048408, 17.765520371074007, 0.0], [73.12016890541716, 17.76655021557393, 0.0]]], [[[73.10127211947888, 17.804713143604946, 0.0], [73.1015684981118, 17.80411700994739, 0.0], [73.10136224748116, 17.804056476355637, 0.0], [73.10127211947888, 17.804713143604946, 0.0]]], [[[73.08775140014633, 17.807360100456737, 0.0], [73.0874102003115, 17.807733700261533, 0.0], [73.08780249973422, 17.807783900311367, 0.0], [73.08775140014633, 17.807360100456737, 0.0]]], [[[73.0827993000865, 17.8179645003096, 0.0], [73.08503849961237, 17.81552510023453, 0.0], [73.08365759979317, 17.81453840019749, 0.0], [73.0827993000865, 17.8179645003096, 0.0]]], [[[72.97845419030347, 18.103449948510548, 0.0], [72.9769463384993, 18.104052863109665, 0.0], [72.97815912084978, 18.10460645436127, 0.0], [72.97845419030347, 18.103449948510548, 0.0]]], [[[72.96355590039715, 18.300841999586204, 0.0], [72.96584729979047, 18.29883990032885, 0.0], [72.96310400015521, 18.299654500047946, 0.0], [72.96355590039715, 18.300841999586204, 0.0]]], [[[72.9327059002304, 18.322698200358168, 0.0], [72.93238219987289, 18.321461499571942, 0.0], [72.93193400025761, 18.321743699715633, 0.0], [72.9327059002304, 18.322698200358168, 0.0]]], [[[72.81275200021926, 18.70675269979537, 0.0], [72.81492440021624, 18.70337630004752, 0.0], [72.81313650029823, 18.70249269991467, 0.0], [72.81275200021926, 18.70675269979537, 0.0]]], [[[72.84210989992924, 18.70747759989521, 0.0], [72.84227310016288, 18.706393000384367, 0.0], [72.84150470006578, 18.70558490035874, 0.0], [72.84210989992924, 18.70747759989521, 0.0]]], [[[72.8996969306853, 18.83202069229559, 0.0], [72.8995546493476, 18.829905635000646, 0.0], [72.89832850090202, 18.83140926460542, 0.0], [72.8996969306853, 18.83202069229559, 0.0]]], [[[72.89716430010681, 18.834204999852545, 0.0], [72.89652720043897, 18.8335371004097, 0.0], [72.89644040016418, 18.834397399858847, 0.0], [72.89716430010681, 18.834204999852545, 0.0]]], [[[72.82771320041365, 18.901985900188695, 0.0], [72.82718290036287, 18.90269829999761, 0.0], [72.82783720007518, 18.903003500333742, 0.0], [72.82771320041365, 18.901985900188695, 0.0]]], [[[72.84776560021547, 18.91914480023701, 0.0], [72.84759129999773, 18.91829819980845, 0.0], [72.84720120035773, 18.918605299661923, 0.0], [72.84776560021547, 18.91914480023701, 0.0]]], [[[72.85204649983844, 18.94860949964955, 0.0], [72.85126629974691, 18.94758030007499, 0.0], [72.85126629967455, 18.948576299676407, 0.0], [72.85204649983844, 18.94860949964955, 0.0]]], [[[72.8998906999446, 18.961504900287544, 0.0], [72.90618490022136, 18.95940809985124, 0.0], [72.9027869001779, 18.956904699812593, 0.0], [72.8998906999446, 18.961504900287544, 0.0]]], [[[72.94134439973728, 18.96971309976386, 0.0], [72.93519699980503, 18.952857400024413, 0.0], [72.9247640004304, 18.960091900345887, 0.0], [72.92863259957397, 18.966997599728757, 0.0], [72.94134439973728, 18.96971309976386, 0.0]]], [[[72.8108315051644, 19.079799822561505, 0.0], [72.80744807606833, 19.074510070488476, 0.0], [72.80887987411619, 19.079243445217127, 0.0], [72.8108315051644, 19.079799822561505, 0.0]]], [[[72.77446037048684, 19.134058188408652, 0.0], [72.77346965995893, 19.132874990003792, 0.0], [72.7730411845446, 19.133702656045497, 0.0], [72.77446037048684, 19.134058188408652, 0.0]]], [[[72.7828428001196, 19.133082699781355, 0.0], [72.78132720013535, 19.134993700050707, 0.0], [72.78311660009736, 19.134467199919662, 0.0], [72.7828428001196, 19.133082699781355, 0.0]]], [[[72.76632014370978, 19.24109500340635, 0.0], [72.76804345064767, 19.24132891097472, 0.0], [72.76616405033771, 19.23952230343677, 0.0], [72.76632014370978, 19.24109500340635, 0.0]]], [[[72.75867510008347, 19.26722400025081, 0.0], [72.75795959988213, 19.26710240027354, 0.0], [72.75852420040556, 19.26768120027828, 0.0], [72.75867510008347, 19.26722400025081, 0.0]]], [[[72.76436800032096, 19.284564699559393, 0.0], [72.76343389981261, 19.284310100206984, 0.0], [72.76413870016128, 19.28500589965144, 0.0], [72.76436800032096, 19.284564699559393, 0.0]]], [[[72.76999196368983, 19.30986867308423, 0.0], [72.76970878977302, 19.30914364408652, 0.0], [72.76952341804898, 19.309736676344357, 0.0], [72.76999196368983, 19.30986867308423, 0.0]]], [[[72.77179832643782, 19.309006784313258, 0.0], [72.77293906329105, 19.30951928233743, 0.0], [72.77228038382646, 19.308352161642414, 0.0], [72.77179832643782, 19.309006784313258, 0.0]]], [[[72.79419252185042, 19.32039414172301, 0.0], [72.79328079580017, 19.32170459647648, 0.0], [72.7951308365362, 19.320603746701057, 0.0], [72.79419252185042, 19.32039414172301, 0.0]]], [[[72.76341389960938, 19.335522900004612, 0.0], [72.76252490045255, 19.335726599774826, 0.0], [72.76332189988567, 19.336192199884433, 0.0], [72.76341389960938, 19.335522900004612, 0.0]]], [[[72.7562383118405, 19.342839832252167, 0.0], [72.75467470747611, 19.34632963560592, 0.0], [72.75714453295029, 19.349696634880644, 0.0], [72.7562383118405, 19.342839832252167, 0.0]]], [[[72.72827690003761, 19.467160300417092, 0.0], [72.73646900045577, 19.465674600171624, 0.0], [72.73353080002484, 19.459109299903453, 0.0], [72.72827690003761, 19.467160300417092, 0.0]]], [[[72.74337889960621, 21.578705100056574, 0.0], [72.75684349937764, 21.594040999925635, 0.0], [72.77066810031039, 21.597352899925987, 0.0], [72.7533152999939, 21.56603329954147, 0.0], [72.74337889960621, 21.578705100056574, 0.0]]], [[[72.74001873135863, 21.644758842372326, 0.0], [72.8158983730251, 21.65284755643484, 0.0], [72.81977827568221, 21.623857980104056, 0.0], [72.72769795830064, 21.585772458199276, 0.0], [72.70194278711804, 21.59207080617938, 0.0], [72.64220657172488, 21.532245340887066, 0.0], [72.57519465884332, 21.5323254209226, 0.0], [72.58016544137705, 21.585712740164006, 0.0], [72.6004747236841, 21.5779326280534, 0.0], [72.59880227913067, 21.54866821021969, 0.0], [72.61742312629973, 21.546973856410556, 0.0], [72.60695504492944, 21.587579026983597, 0.0], [72.62660387339828, 21.628827040721266, 0.0], [72.67189992939743, 21.645324773309067, 0.0], [72.74001873135863, 21.644758842372326, 0.0]]], [[[72.74950925111847, 21.65368496430261, 0.0], [72.74947754207781, 21.651725149043052, 0.0], [72.74950947295582, 21.656055480883012, 0.0], [72.74950925111847, 21.65368496430261, 0.0]]], [[[72.75062531477971, 21.66017963508289, 0.0], [72.74334599818303, 21.648077219237628, 0.0], [72.74038485442293, 21.64729840068252, 0.0], [72.74102746969945, 21.655226192632103, 0.0], [72.75062531477971, 21.66017963508289, 0.0]]], [[[72.73544927007536, 21.653467130630602, 0.0], [72.72531127797825, 21.65091560337094, 0.0], [72.73708724900533, 21.659715951855596, 0.0], [72.73544927007536, 21.653467130630602, 0.0]]], [[[72.76061419581605, 21.65902831494091, 0.0], [72.75062392669209, 21.654008801724853, 0.0], [72.7603042689372, 21.660107266849636, 0.0], [72.76061419581605, 21.65902831494091, 0.0]]], [[[72.73398777498251, 21.66492817360346, 0.0], [72.72417049301, 21.65260722078085, 0.0], [72.71513178638618, 21.659678639869863, 0.0], [72.72993879763762, 21.661894733429826, 0.0], [72.73398777498251, 21.66492817360346, 0.0]]], [[[72.74241924707604, 21.65751829025645, 0.0], [72.7453675633932, 21.661236479781785, 0.0], [72.74728571474509, 21.661178910198373, 0.0], [72.74241924707604, 21.65751829025645, 0.0]]], [[[72.7263986835761, 21.67035534353678, 0.0], [72.72603734568928, 21.662388432479712, 0.0], [72.7166917660515, 21.663606439420416, 0.0], [72.7263986835761, 21.67035534353678, 0.0]]], [[[73.63141653049003, 10.06856709174212, 0.0], [73.63043128822974, 10.06788449331537, 0.0], [73.63030353356898, 10.068300352493697, 0.0], [73.63141653049003, 10.06856709174212, 0.0]]], [[[73.63164914502256, 10.068924223088521, 0.0], [73.63135269578817, 10.068689166716165, 0.0], [73.63128882705246, 10.06879758897223, 0.0], [73.63164914502256, 10.068924223088521, 0.0]]], [[[73.6329081378459, 10.069665548409542, 0.0], [73.63281684770374, 10.068485718847574, 0.0], [73.63225125428781, 10.068702651113353, 0.0], [73.6329081378459, 10.069665548409542, 0.0]]], [[[73.6346904452088, 10.071523471669254, 0.0], [73.63351168721526, 10.071854967480588, 0.0], [73.63457477338676, 10.071995805745003, 0.0], [73.6346904452088, 10.071523471669254, 0.0]]], [[[73.64674247729212, 10.057812502075215, 0.0], [73.6349059777614, 10.070953895565223, 0.0], [73.65110086842107, 10.101647798437826, 0.0], [73.64771046944969, 10.080998195133866, 0.0], [73.64674247729212, 10.057812502075215, 0.0]]], [[[73.65251554807008, 10.108889568853767, 0.0], [73.65196806438504, 10.1084240088168, 0.0], [73.65201824016413, 10.10921504076086, 0.0], [73.65251554807008, 10.108889568853767, 0.0]]], [[[73.65896986033748, 10.155106805385438, 0.0], [73.66128093729952, 10.129579273595558, 0.0], [73.65990756851006, 10.128928428492994, 0.0], [73.65896986033748, 10.155106805385438, 0.0]]], [[[73.66015374553157, 10.809314183785471, 0.0], [73.69932559380327, 10.816097739020943, 0.0], [73.70163874707363, 10.814026922703865, 0.0], [73.66015374553157, 10.809314183785471, 0.0]]], [[[74.50900869962325, 13.981690300319363, 0.0], [74.50925769961698, 13.981607300196705, 0.0], [74.50919960007676, 13.98154920041548, 0.0], [74.50900869962325, 13.981690300319363, 0.0]]], [[[74.50920249995518, 13.982165700150086, 0.0], [74.50940280022446, 13.982088699738624, 0.0], [74.50932190025947, 13.981959800425937, 0.0], [74.50920249995518, 13.982165700150086, 0.0]]], [[[74.50538989988715, 13.997510099574344, 0.0], [74.50573020032918, 13.997518399928358, 0.0], [74.50574680020506, 13.997319200212294, 0.0], [74.50538989988715, 13.997510099574344, 0.0]]], [[[74.50566380022046, 13.99901240028927, 0.0], [74.50598750010603, 13.998937699697665, 0.0], [74.50581320045121, 13.998871299988739, 0.0], [74.50566380022046, 13.99901240028927, 0.0]]], [[[74.5063693002742, 13.99962659999868, 0.0], [74.50689220040339, 13.999468899722915, 0.0], [74.50666810030329, 13.999228199981749, 0.0], [74.5063693002742, 13.99962659999868, 0.0]]], [[[74.5057052997879, 14.000747099844439, 0.0], [74.50580489975879, 14.000929699747793, 0.0], [74.50591279981606, 14.000755400130878, 0.0], [74.5057052997879, 14.000747099844439, 0.0]]], [[[74.48234080002652, 14.010698800042539, 0.0], [74.4824320996891, 14.007196200166707, 0.0], [74.47907889966577, 14.008515900217056, 0.0], [74.48234080002652, 14.010698800042539, 0.0]]], [[[74.32275669959786, 14.010267200054596, 0.0], [74.32360330006586, 14.010707100067139, 0.0], [74.32314679979531, 14.010126099974954, 0.0], [74.32275669959786, 14.010267200054596, 0.0]]], [[[74.32493129966112, 14.020409799544451, 0.0], [74.32944649981592, 14.015620700085105, 0.0], [74.32481509956517, 14.014375700141203, 0.0], [74.32493129966112, 14.020409799544451, 0.0]]], [[[74.49180229481058, 14.017498628769891, 0.0], [74.49198310546024, 14.017982104396046, 0.0], [74.49219585280443, 14.017629564113314, 0.0], [74.49180229481058, 14.017498628769891, 0.0]]], [[[74.4882337999707, 14.019314199614014, 0.0], [74.48863220044748, 14.01986200043586, 0.0], [74.48890610017719, 14.019529999595091, 0.0], [74.4882337999707, 14.019314199614014, 0.0]]], [[[74.48727929975101, 14.024269300275298, 0.0], [74.4843079004394, 14.022783600176579, 0.0], [74.48703860009905, 14.024584699702542, 0.0], [74.48727929975101, 14.024269300275298, 0.0]]], [[[74.48551969980065, 14.025472800227107, 0.0], [74.48548649977064, 14.025215500389924, 0.0], [74.48536200015204, 14.02519060010027, 0.0], [74.48551969980065, 14.025472800227107, 0.0]]], [[[74.47881329978613, 14.082045600163166, 0.0], [74.4784730000641, 14.082369299704183, 0.0], [74.47902910031749, 14.0824274004477, 0.0], [74.47881329978613, 14.082045600163166, 0.0]]], [[[74.47021020007446, 14.083101899565559, 0.0], [74.47023840044537, 14.084520799948193, 0.0], [74.47164669985222, 14.08424040011864, 0.0], [74.47021020007446, 14.083101899565559, 0.0]]], [[[74.48074720000965, 14.087224800266235, 0.0], [74.47998359962054, 14.087174999908216, 0.0], [74.47963500013309, 14.087681300055399, 0.0], [74.48074720000965, 14.087224800266235, 0.0]]], [[[74.40228400008561, 14.315674999882688, 0.0], [74.40075500016876, 14.31205599958439, 0.0], [74.39776300034536, 14.312914000359202, 0.0], [74.40228400008561, 14.315674999882688, 0.0]]], [[[74.38720620014952, 14.418353300225311, 0.0], [74.38692399971194, 14.417041899623834, 0.0], [74.38655880001694, 14.417357299697768, 0.0], [74.38720620014952, 14.418353300225311, 0.0]]], [[[74.31881419964073, 14.51706520016868, 0.0], [74.3190880996442, 14.517214600406088, 0.0], [74.3190466002933, 14.516799600030856, 0.0], [74.31881419964073, 14.51706520016868, 0.0]]], [[[74.31942840033051, 14.519239800173962, 0.0], [74.31947820003286, 14.51895760038773, 0.0], [74.31932050008875, 14.519123600049765, 0.0], [74.31942840033051, 14.519239800173962, 0.0]]], [[[74.3093771001041, 14.526319700268191, 0.0], [74.30892889997892, 14.525581000095885, 0.0], [74.3086051995664, 14.52591300026316, 0.0], [74.3093771001041, 14.526319700268191, 0.0]]], [[[74.27284500005955, 14.624645000149762, 0.0], [74.27306999956434, 14.624900000022727, 0.0], [74.27314999967233, 14.624550000272592, 0.0], [74.27284500005955, 14.624645000149762, 0.0]]], [[[74.27326499993946, 14.636865000436714, 0.0], [74.27363000013445, 14.636879999898385, 0.0], [74.27328499976758, 14.636714999767959, 0.0], [74.27326499993946, 14.636865000436714, 0.0]]], [[[74.2772150004422, 14.660435000195735, 0.0], [74.27581499961123, 14.66077499994134, 0.0], [74.27749500033055, 14.661224999653578, 0.0], [74.2772150004422, 14.660435000195735, 0.0]]], [[[74.25403499964858, 14.704205000054115, 0.0], [74.25431000015949, 14.70429499981999, 0.0], [74.25427000014054, 14.704149999575582, 0.0], [74.25403499964858, 14.704205000054115, 0.0]]], [[[74.2523649998289, 14.704449999898387, 0.0], [74.25243500039493, 14.70485500026566, 0.0], [74.25324999962064, 14.704320000359024, 0.0], [74.2523649998289, 14.704449999898387, 0.0]]], [[[74.24148883478426, 14.710169630796004, 0.0], [74.23847620883262, 14.711260636650492, 0.0], [74.24138660977808, 14.711774501536912, 0.0], [74.24148883478426, 14.710169630796004, 0.0]]], [[[74.25655353598583, 14.724155373901977, 0.0], [74.2541592487981, 14.721681436930842, 0.0], [74.25469269678446, 14.724700339111532, 0.0], [74.25655353598583, 14.724155373901977, 0.0]]], [[[74.14918829991701, 14.7247736995799, 0.0], [74.14850260024228, 14.725051499687284, 0.0], [74.1485716995949, 14.725213699539564, 0.0], [74.14918829991701, 14.7247736995799, 0.0]]], [[[74.14699319976023, 14.726479600224286, 0.0], [74.14850780023691, 14.725242400084323, 0.0], [74.14584899996021, 14.725426199863922, 0.0], [74.14699319976023, 14.726479600224286, 0.0]]], [[[74.16503520027581, 14.73440639993341, 0.0], [74.1642563999804, 14.734926300359662, 0.0], [74.16506940045451, 14.735247199640428, 0.0], [74.16503520027581, 14.73440639993341, 0.0]]], [[[74.15660647184272, 14.736753548210716, 0.0], [74.15387923065903, 14.742241371957965, 0.0], [74.15812955133254, 14.738381792423398, 0.0], [74.15660647184272, 14.736753548210716, 0.0]]], [[[74.22919920016697, 14.740846899768387, 0.0], [74.22924699979099, 14.74071319998431, 0.0], [74.22915890016714, 14.740768299564902, 0.0], [74.22919920016697, 14.740846899768387, 0.0]]], [[[74.12770897464597, 14.758674572104875, 0.0], [74.1292508002184, 14.757466321287191, 0.0], [74.12762191833625, 14.758147325205123, 0.0], [74.12770897464597, 14.758674572104875, 0.0]]], [[[74.10843501447232, 14.763864841450689, 0.0], [74.10707237833277, 14.755772895136731, 0.0], [74.10627553610367, 14.76324784146835, 0.0], [74.10843501447232, 14.763864841450689, 0.0]]], [[[74.13908534552588, 14.763117991339781, 0.0], [74.14324978860098, 14.758307648151058, 0.0], [74.13843975151862, 14.760862847970124, 0.0], [74.13908534552588, 14.763117991339781, 0.0]]], [[[74.0867793996898, 14.792874200193983, 0.0], [74.08725249975731, 14.792791200326834, 0.0], [74.08708650039794, 14.792625199579788, 0.0], [74.0867793996898, 14.792874200193983, 0.0]]], [[[74.08629129992079, 14.795647699864706, 0.0], [74.0891123999105, 14.795260500184025, 0.0], [74.08856890018032, 14.793530000028097, 0.0], [74.08629129992079, 14.795647699864706, 0.0]]], [[[74.05599470003894, 14.81730939979302, 0.0], [74.0571151998432, 14.815425300381442, 0.0], [74.05431810046919, 14.816404699614777, 0.0], [74.05599470003894, 14.81730939979302, 0.0]]], [[[74.07158269975352, 14.818859599640723, 0.0], [74.07181260016146, 14.819543700129529, 0.0], [74.07217080001573, 14.818971899628174, 0.0], [74.07158269975352, 14.818859599640723, 0.0]]], [[[74.07198423310543, 14.820164531105462, 0.0], [74.07205265683294, 14.81993979323533, 0.0], [74.07179027445929, 14.820102998410789, 0.0], [74.07198423310543, 14.820164531105462, 0.0]]], [[[74.06663440009588, 14.820356399972015, 0.0], [74.06628620032028, 14.81989810002831, 0.0], [74.06641970042197, 14.820373800367369, 0.0], [74.06663440009588, 14.820356399972015, 0.0]]], [[[74.06409549986378, 14.821210400417526, 0.0], [74.06341579999138, 14.819070999723438, 0.0], [74.06226740037462, 14.820833899592808, 0.0], [74.06409549986378, 14.821210400417526, 0.0]]], [[[74.06730299674523, 14.820412394744015, 0.0], [74.0674921318113, 14.820189412827357, 0.0], [74.06720664662217, 14.820343298624717, 0.0], [74.06730299674523, 14.820412394744015, 0.0]]], [[[74.05671799987498, 14.820446999981721, 0.0], [74.06160629987312, 14.81999050024562, 0.0], [74.05745400003775, 14.819015900388726, 0.0], [74.05671799987498, 14.820446999981721, 0.0]]], [[[74.09399590034509, 14.838638800437533, 0.0], [74.09364489978555, 14.835963700131686, 0.0], [74.09292920002682, 14.836904800185854, 0.0], [74.09399590034509, 14.838638800437533, 0.0]]], [[[74.09733699960036, 14.84259119962124, 0.0], [74.1020431002515, 14.843670200367331, 0.0], [74.10085620009758, 14.841512199892103, 0.0], [74.09733699960036, 14.84259119962124, 0.0]]], [[[74.10947150740047, 14.84287930953939, 0.0], [74.11009297128989, 14.84577261575091, 0.0], [74.11305044739423, 14.842336769063815, 0.0], [74.10947150740047, 14.84287930953939, 0.0]]], [[[74.09767079963498, 14.848093100317872, 0.0], [74.09687340041165, 14.847700100037398, 0.0], [74.09675309999008, 14.84795089963243, 0.0], [74.09767079963498, 14.848093100317872, 0.0]]], [[[74.1066088618394, 14.864837615801907, 0.0], [74.10703164658744, 14.865714331153548, 0.0], [74.10782154123515, 14.86534833088726, 0.0], [74.1066088618394, 14.864837615801907, 0.0]]], [[[74.10191721208965, 14.87825455605977, 0.0], [74.10172635928893, 14.87630189521687, 0.0], [74.10002298082965, 14.876746384280604, 0.0], [74.10191721208965, 14.87825455605977, 0.0]]], [[[74.09729120034345, 14.878537299888809, 0.0], [74.09528790033663, 14.876237700127026, 0.0], [74.09456799961221, 14.87651800041649, 0.0], [74.09729120034345, 14.878537299888809, 0.0]]], [[[74.0952070997647, 14.879518300396995, 0.0], [74.09457630002258, 14.880374000290184, 0.0], [74.0954671004248, 14.879726700448298, 0.0], [74.0952070997647, 14.879518300396995, 0.0]]], [[[74.09239076232443, 14.880540525728616, 0.0], [74.09220749275565, 14.880686886833368, 0.0], [74.09236532151935, 14.880689137867693, 0.0], [74.09239076232443, 14.880540525728616, 0.0]]], [[[74.09389627535548, 14.88104975296442, 0.0], [74.09375378856328, 14.880957430636197, 0.0], [74.09377473061457, 14.881106768848943, 0.0], [74.09389627535548, 14.88104975296442, 0.0]]], [[[74.0941962183593, 14.88116701536462, 0.0], [74.09402067665724, 14.881110271658596, 0.0], [74.09405117508182, 14.881241657991488, 0.0], [74.0941962183593, 14.88116701536462, 0.0]]], [[[74.09351271596152, 14.881545365115084, 0.0], [74.0933243507702, 14.881420768216673, 0.0], [74.0933127411096, 14.881574046424214, 0.0], [74.09351271596152, 14.881545365115084, 0.0]]], [[[74.09254699992684, 14.881681399545432, 0.0], [74.0922641003273, 14.882544300406503, 0.0], [74.09346679986079, 14.883097100022656, 0.0], [74.09254699992684, 14.881681399545432, 0.0]]], [[[74.0634218001926, 14.891893200036607, 0.0], [74.0650875997246, 14.89223169981138, 0.0], [74.06363310003388, 14.891480799908642, 0.0], [74.0634218001926, 14.891893200036607, 0.0]]], [[[74.01428373936557, 15.00793549416787, 0.0], [74.01144515500033, 15.007703094884263, 0.0], [74.01244944983858, 15.008981292077625, 0.0], [74.01428373936557, 15.00793549416787, 0.0]]], [[[73.76009970018603, 15.344226599580942, 0.0], [73.76038189987041, 15.344118700178635, 0.0], [73.76011629984134, 15.344044000046647, 0.0], [73.76009970018603, 15.344226599580942, 0.0]]], [[[73.7663918999966, 15.348941800057647, 0.0], [73.7664132000813, 15.348611999727622, 0.0], [73.76622919955554, 15.348586799850239, 0.0], [73.7663918999966, 15.348941800057647, 0.0]]], [[[73.76439910031561, 15.348857999685583, 0.0], [73.76375169969529, 15.349231499891875, 0.0], [73.76430780019348, 15.34936430003088, 0.0], [73.76439910031561, 15.348857999685583, 0.0]]], [[[73.77337140013506, 15.349231499553184, 0.0], [73.77362039978607, 15.349123599999134, 0.0], [73.77332989962103, 15.349190000132355, 0.0], [73.77337140013506, 15.349231499553184, 0.0]]], [[[73.77575350011129, 15.34965480042468, 0.0], [73.77552939978791, 15.349438999976739, 0.0], [73.77541319992481, 15.3494970998104, 0.0], [73.77575350011129, 15.34965480042468, 0.0]]], [[[73.77143010017625, 15.349817900119621, 0.0], [73.77194380017185, 15.349372600278219, 0.0], [73.77125490039857, 15.349455599904507, 0.0], [73.77143010017625, 15.349817900119621, 0.0]]], [[[73.77065780017325, 15.349617200108607, 0.0], [73.77109069956221, 15.349753000298001, 0.0], [73.77109609954657, 15.34962030025054, 0.0], [73.77065780017325, 15.349617200108607, 0.0]]], [[[73.7731531004225, 15.349615300092058, 0.0], [73.77338819993687, 15.349747999793507, 0.0], [73.77341950036725, 15.349679399991738, 0.0], [73.7731531004225, 15.349615300092058, 0.0]]], [[[73.77419830032476, 15.349844399891595, 0.0], [73.77464570018813, 15.34966810011974, 0.0], [73.77411349991355, 15.349687899636763, 0.0], [73.77419830032476, 15.349844399891595, 0.0]]], [[[73.77655029986707, 15.349812499746207, 0.0], [73.77640089978391, 15.349671400256764, 0.0], [73.77638429995162, 15.349754399860439, 0.0], [73.77655029986707, 15.349812499746207, 0.0]]], [[[73.78304249962322, 15.350110299910357, 0.0], [73.78311259977148, 15.349901100039922, 0.0], [73.78300349996351, 15.349908800203327, 0.0], [73.78304249962322, 15.350110299910357, 0.0]]], [[[73.78490523396424, 15.351734960828583, 0.0], [73.78500283374208, 15.351584061247662, 0.0], [73.78479023416507, 15.351643561556312, 0.0], [73.78490523396424, 15.351734960828583, 0.0]]], [[[73.76820849962711, 15.35197270026288, 0.0], [73.7683688002324, 15.351887299605709, 0.0], [73.76814279982977, 15.351768999694702, 0.0], [73.76820849962711, 15.35197270026288, 0.0]]], [[[73.78082479993799, 15.35492530012889, 0.0], [73.78233540032562, 15.34912359963761, 0.0], [73.7688147002745, 15.351987099790758, 0.0], [73.78082479993799, 15.35492530012889, 0.0]]], [[[73.76155220002126, 15.351787899759888, 0.0], [73.76502159995394, 15.352061800296763, 0.0], [73.767304099626, 15.35147250028128, 0.0], [73.76155220002126, 15.351787899759888, 0.0]]], [[[73.76901619960258, 15.353585500294079, 0.0], [73.76900479955306, 15.35339159989628, 0.0], [73.76890019957604, 15.353372600300677, 0.0], [73.76901619960258, 15.353585500294079, 0.0]]], [[[73.77620900046425, 15.354774400009934, 0.0], [73.77637130024381, 15.35465649980881, 0.0], [73.77629120045606, 15.354590800117444, 0.0], [73.77620900046425, 15.354774400009934, 0.0]]], [[[73.77457770021257, 15.3550136000118, 0.0], [73.77460850029253, 15.35487510034714, 0.0], [73.77446169968792, 15.354872000096748, 0.0], [73.77457770021257, 15.3550136000118, 0.0]]], [[[73.79443679982984, 15.378173600448847, 0.0], [73.7968188995864, 15.373160399762217, 0.0], [73.79368149996813, 15.374820399757603, 0.0], [73.79443679982984, 15.378173600448847, 0.0]]], [[[73.77430060028333, 15.399649600467555, 0.0], [73.77373800031596, 15.40037460007707, 0.0], [73.77441659987902, 15.40012519985894, 0.0], [73.77430060028333, 15.399649600467555, 0.0]]], [[[73.67094110041343, 15.728811299680912, 0.0], [73.67124879975839, 15.72892510040488, 0.0], [73.67102030015239, 15.728685199981916, 0.0], [73.67094110041343, 15.728811299680912, 0.0]]], [[[73.64843519952618, 15.730891300178543, 0.0], [73.6484807000318, 15.731331000320788, 0.0], [73.64866140011878, 15.73123700000974, 0.0], [73.64843519952618, 15.730891300178543, 0.0]]], [[[73.65000500037368, 15.746634999975509, 0.0], [73.64997999993955, 15.745620000237079, 0.0], [73.649020000073, 15.746135000318139, 0.0], [73.65000500037368, 15.746634999975509, 0.0]]], [[[73.65253859965146, 15.746447899599874, 0.0], [73.65322349968807, 15.746019499684055, 0.0], [73.652303400319, 15.746004499886705, 0.0], [73.65253859965146, 15.746447899599874, 0.0]]], [[[73.64307300016566, 15.747084399891248, 0.0], [73.64262589958885, 15.747326300367511, 0.0], [73.64295870021184, 15.747460599815275, 0.0], [73.64307300016566, 15.747084399891248, 0.0]]], [[[73.65364999959121, 15.748044999692855, 0.0], [73.65327999958858, 15.748699999795566, 0.0], [73.65381000016262, 15.748495000101187, 0.0], [73.65364999959121, 15.748044999692855, 0.0]]], [[[74.67509840002458, 13.19340870003608, 0.0], [74.67563140021994, 13.193725599978366, 0.0], [74.67532619963548, 13.193055499755792, 0.0], [74.67509840002458, 13.19340870003608, 0.0]]], [[[74.67515870012943, 13.19466719975761, 0.0], [74.67550700019967, 13.195023999928749, 0.0], [74.67532710044411, 13.194479499973104, 0.0], [74.67515870012943, 13.19466719975761, 0.0]]], [[[74.67236399993836, 13.196096999656682, 0.0], [74.67292499981706, 13.19640299977356, 0.0], [74.67277199960328, 13.195926999594501, 0.0], [74.67236399993836, 13.196096999656682, 0.0]]], [[[74.6742526996472, 13.196954199757304, 0.0], [74.67396260003572, 13.197290999796826, 0.0], [74.674126199721, 13.19737459990365, 0.0], [74.6742526996472, 13.196954199757304, 0.0]]], [[[74.67132529994352, 13.197629599974944, 0.0], [74.6716302999322, 13.197914900288051, 0.0], [74.67182820024708, 13.197684300359446, 0.0], [74.67132529994352, 13.197629599974944, 0.0]]], [[[74.670347100196, 13.198743799571279, 0.0], [74.67094569982723, 13.199747900006901, 0.0], [74.67170369956963, 13.199250399598599, 0.0], [74.670347100196, 13.198743799571279, 0.0]]], [[[74.72055769982852, 13.242645199951214, 0.0], [74.72114609967566, 13.242968299578532, 0.0], [74.72099609991508, 13.242358800007633, 0.0], [74.72055769982852, 13.242645199951214, 0.0]]], [[[74.72077520022272, 13.272903499702771, 0.0], [74.72128669961802, 13.272685000179582, 0.0], [74.72117859962576, 13.272484300437437, 0.0], [74.72077520022272, 13.272903499702771, 0.0]]], [[[74.7002907458148, 13.279817494247885, 0.0], [74.69915174447591, 13.280752492636946, 0.0], [74.7000187446004, 13.281007493883804, 0.0], [74.7002907458148, 13.279817494247885, 0.0]]], [[[74.70018430181142, 13.28144548991988, 0.0], [74.700507300379, 13.283332489526076, 0.0], [74.70030330162594, 13.281394489483136, 0.0], [74.70018430181142, 13.28144548991988, 0.0]]], [[[74.69089309981894, 13.33326380027129, 0.0], [74.69182460000349, 13.330883499938523, 0.0], [74.69020629996952, 13.331100699961587, 0.0], [74.69089309981894, 13.33326380027129, 0.0]]], [[[74.69045320762667, 13.333328907980006, 0.0], [74.69043794813763, 13.332890217790352, 0.0], [74.6902853607562, 13.332920735401293, 0.0], [74.69045320762667, 13.333328907980006, 0.0]]], [[[74.6891225002962, 13.339606899722483, 0.0], [74.68683109991319, 13.337135700008396, 0.0], [74.68792470000585, 13.340920399876245, 0.0], [74.6891225002962, 13.339606899722483, 0.0]]], [[[74.68231280012527, 13.343609700058957, 0.0], [74.68683619995167, 13.34222999982613, 0.0], [74.68588540028621, 13.341224799889186, 0.0], [74.68231280012527, 13.343609700058957, 0.0]]], [[[74.68109689982067, 13.344645500268532, 0.0], [74.68179659993827, 13.344289899685764, 0.0], [74.6817826997717, 13.343757899634245, 0.0], [74.68109689982067, 13.344645500268532, 0.0]]], [[[74.68216470003071, 13.344750299763959, 0.0], [74.68198819987278, 13.345012600320027, 0.0], [74.68222130021259, 13.344968900429166, 0.0], [74.68216470003071, 13.344750299763959, 0.0]]], [[[74.68182399961422, 13.347209399960255, 0.0], [74.68122229974014, 13.347542699782014, 0.0], [74.6812688996853, 13.34770479979685, 0.0], [74.68182399961422, 13.347209399960255, 0.0]]], [[[74.68162799976972, 13.348194199949797, 0.0], [74.682394100212, 13.348281999986861, 0.0], [74.68318279959487, 13.346698999606076, 0.0], [74.68162799976972, 13.348194199949797, 0.0]]], [[[74.68288700030715, 13.360266000158385, 0.0], [74.68266599983144, 13.360096000259276, 0.0], [74.68266600041393, 13.360282999636535, 0.0], [74.68288700030715, 13.360266000158385, 0.0]]], [[[74.68259483379413, 13.36047711716116, 0.0], [74.68244183387819, 13.3606301172009, 0.0], [74.68256083400068, 13.360681117015314, 0.0], [74.68259483379413, 13.36047711716116, 0.0]]], [[[74.681769399562, 13.360985300231938, 0.0], [74.68151739973342, 13.361165100095919, 0.0], [74.68160909987927, 13.361223200292088, 0.0], [74.681769399562, 13.360985300231938, 0.0]]], [[[74.67477639998593, 13.375839100057561, 0.0], [74.67528070026127, 13.37522209965232, 0.0], [74.67463940000938, 13.375687599779875, 0.0], [74.67477639998593, 13.375839100057561, 0.0]]], [[[74.67442590005652, 13.377260500339537, 0.0], [74.67418299991594, 13.376065900032351, 0.0], [74.67381870011938, 13.376604199767819, 0.0], [74.67442590005652, 13.377260500339537, 0.0]]], [[[74.67345199980271, 13.377147000180738, 0.0], [74.67387699962897, 13.377011000373056, 0.0], [74.6738600002601, 13.376875000052275, 0.0], [74.67345199980271, 13.377147000180738, 0.0]]], [[[74.67496500010638, 13.377503999999485, 0.0], [74.6748459999886, 13.377249000374654, 0.0], [74.67472699993891, 13.377487000411696, 0.0], [74.67496500010638, 13.377503999999485, 0.0]]], [[[74.67127129966963, 13.382241399850576, 0.0], [74.67435400045326, 13.379071099694531, 0.0], [74.67395389978289, 13.377039999609508, 0.0], [74.67127129966963, 13.382241399850576, 0.0]]], [[[74.6849516599884, 13.382621571258705, 0.0], [74.68326360051209, 13.380456917344308, 0.0], [74.68196032178585, 13.384219006830607, 0.0], [74.6849516599884, 13.382621571258705, 0.0]]], [[[74.66491380000741, 13.453136700276074, 0.0], [74.6654784002413, 13.45213069969043, 0.0], [74.6645892003648, 13.452532299615157, 0.0], [74.66491380000741, 13.453136700276074, 0.0]]], [[[74.65131415562001, 13.655413877284353, 0.0], [74.65131415575055, 13.655165921460654, 0.0], [74.65116156828249, 13.655280362619884, 0.0], [74.65131415562001, 13.655413877284353, 0.0]]], [[[74.65118753886952, 13.656161764938169, 0.0], [74.65142404932352, 13.65584133037163, 0.0], [74.65124475935212, 13.655803183136452, 0.0], [74.65118753886952, 13.656161764938169, 0.0]]], [[[74.65244099973603, 13.65699429955526, 0.0], [74.65194299973167, 13.65758360012273, 0.0], [74.6522749996512, 13.657699799718163, 0.0], [74.65244099973603, 13.65699429955526, 0.0]]], [[[74.65255719961526, 13.657782799992061, 0.0], [74.65229160022649, 13.65858790031553, 0.0], [74.65220860046554, 13.65938469991171, 0.0], [74.65255719961526, 13.657782799992061, 0.0]]], [[[74.6379575004059, 13.677354200172646, 0.0], [74.6383973997815, 13.67782729970047, 0.0], [74.63807370039366, 13.677204799936312, 0.0], [74.6379575004059, 13.677354200172646, 0.0]]], [[[74.64287940014675, 13.680499900456397, 0.0], [74.64240630012819, 13.680259199972115, 0.0], [74.64240629999405, 13.680483299967879, 0.0], [74.64287940014675, 13.680499900456397, 0.0]]], [[[74.64295410024042, 13.681064299834263, 0.0], [74.64337740016522, 13.68123029987154, 0.0], [74.64334420017003, 13.68101449986639, 0.0], [74.64295410024042, 13.681064299834263, 0.0]]], [[[74.63613150021013, 13.684459000028907, 0.0], [74.63667099983337, 13.685114699977646, 0.0], [74.63677890036794, 13.684683100459983, 0.0], [74.63613150021013, 13.684459000028907, 0.0]]], [[[74.62443020042164, 13.685649099786824, 0.0], [74.62432259956486, 13.685162299974799, 0.0], [74.62412439977089, 13.685400100407378, 0.0], [74.62443020042164, 13.685649099786824, 0.0]]], [[[74.6288567002101, 13.776372699763485, 0.0], [74.62882259973762, 13.776658100403884, 0.0], [74.62902090040411, 13.776308799830595, 0.0], [74.6288567002101, 13.776372699763485, 0.0]]], [[[74.61589450026293, 13.827278699958821, 0.0], [74.61551520041233, 13.827162700295373, 0.0], [74.61556030030391, 13.827357200142082, 0.0], [74.61589450026293, 13.827278699958821, 0.0]]], [[[74.61480379965191, 13.828039800330002, 0.0], [74.61472430034858, 13.82824620017317, 0.0], [74.61501009988959, 13.828159399629557, 0.0], [74.61480379965191, 13.828039800330002, 0.0]]], [[[74.61516530006656, 13.828422400142419, 0.0], [74.61539950043239, 13.828054999650684, 0.0], [74.61511190044604, 13.828170599940755, 0.0], [74.61516530006656, 13.828422400142419, 0.0]]], [[[74.53928870033485, 13.887605400361762, 0.0], [74.53905189975993, 13.887769300183804, 0.0], [74.53907870040193, 13.887843200310156, 0.0], [74.53928870033485, 13.887605400361762, 0.0]]], [[[74.53877719979768, 13.888485099819546, 0.0], [74.53858559961434, 13.88880689997005, 0.0], [74.53895369995442, 13.888563900117031, 0.0], [74.53877719979768, 13.888485099819546, 0.0]]], [[[74.58123940038011, 13.890013700053954, 0.0], [74.58128010036005, 13.889635499884811, 0.0], [74.58104560041356, 13.889780400114306, 0.0], [74.58123940038011, 13.890013700053954, 0.0]]], [[[74.52574979961362, 13.973481599622286, 0.0], [74.52625610027705, 13.973548000211384, 0.0], [74.5261979996747, 13.973274099649613, 0.0], [74.52574979961362, 13.973481599622286, 0.0]]], [[[74.52376610031686, 13.975183100227117, 0.0], [74.52420599953695, 13.97503370005292, 0.0], [74.52405660033041, 13.974784699848463, 0.0], [74.52376610031686, 13.975183100227117, 0.0]]], [[[74.50959349970734, 13.981892400016731, 0.0], [74.5098689002976, 13.981954000271577, 0.0], [74.50964930037593, 13.981784599632508, 0.0], [74.50959349970734, 13.981892400016731, 0.0]]], [[[78.2052015633821, 8.84147203114354, 0.0], [78.21921110087162, 8.834610596226316, 0.0], [78.21614705769233, 8.831918689752564, 0.0], [78.2052015633821, 8.84147203114354, 0.0]]], [[[78.227090228434, 8.87118939827661, 0.0], [78.22592179850429, 8.8663473082406, 0.0], [78.22193651187948, 8.87259979959802, 0.0], [78.227090228434, 8.87118939827661, 0.0]]], [[[78.27130612592312, 8.939611003239728, 0.0], [78.27022859058367, 8.943166863169697, 0.0], [78.27362332635008, 8.944477561904979, 0.0], [78.27130612592312, 8.939611003239728, 0.0]]], [[[78.25096015612307, 8.952473375417805, 0.0], [78.25438184367958, 8.955816456740493, 0.0], [78.25506023618844, 8.953519333913297, 0.0], [78.25096015612307, 8.952473375417805, 0.0]]], [[[78.49125596073911, 9.0864568401488, 0.0], [78.49011662183186, 9.09348693800818, 0.0], [78.49566439391617, 9.089723918873649, 0.0], [78.49125596073911, 9.0864568401488, 0.0]]], [[[78.5360088327293, 9.103769984659545, 0.0], [78.53839828881841, 9.102600198683483, 0.0], [78.53507348139217, 9.102244729532753, 0.0], [78.5360088327293, 9.103769984659545, 0.0]]], [[[78.57941468300575, 9.112870100414575, 0.0], [78.58054375878096, 9.101358639572435, 0.0], [78.5707108153784, 9.101552954189879, 0.0], [78.57941468300575, 9.112870100414575, 0.0]]], [[[78.69384185110755, 9.152857015389952, 0.0], [78.69700368529273, 9.152589692300626, 0.0], [78.69466458247473, 9.150549232876239, 0.0], [78.69384185110755, 9.152857015389952, 0.0]]], [[[78.75377136811767, 9.153043205001834, 0.0], [78.75372169583845, 9.154137884779146, 0.0], [78.7550545283458, 9.154075426578814, 0.0], [78.75377136811767, 9.153043205001834, 0.0]]], [[[78.73119312374565, 9.152275043265208, 0.0], [78.72837178361442, 9.153924998411476, 0.0], [78.73180397688053, 9.155640758860581, 0.0], [78.73119312374565, 9.152275043265208, 0.0]]], [[[78.75252609303297, 9.15560751813773, 0.0], [78.75088772126598, 9.156479211019251, 0.0], [78.75191462089505, 9.157026893335631, 0.0], [78.75252609303297, 9.15560751813773, 0.0]]], [[[78.69841643932148, 9.158752908095018, 0.0], [78.69829465913243, 9.157937503633448, 0.0], [78.69794978685252, 9.158232114097661, 0.0], [78.69841643932148, 9.158752908095018, 0.0]]], [[[78.81951924597278, 9.165193378436507, 0.0], [78.81866212123501, 9.16071511133449, 0.0], [78.81692339905125, 9.160365272695323, 0.0], [78.81951924597278, 9.165193378436507, 0.0]]], [[[78.82902045426967, 9.170431487095764, 0.0], [78.8239509824465, 9.166524000870075, 0.0], [78.82853914929666, 9.173683445510108, 0.0], [78.82902045426967, 9.170431487095764, 0.0]]], [[[78.9697370202571, 9.183847748658478, 0.0], [78.96914449568217, 9.182399708654968, 0.0], [78.9693830142938, 9.183933947234213, 0.0], [78.9697370202571, 9.183847748658478, 0.0]]], [[[78.94340637116723, 9.18766590529215, 0.0], [78.93068378771964, 9.181525649121934, 0.0], [78.92353872020928, 9.183318054688606, 0.0], [78.8972644928959, 9.179674299557197, 0.0], [78.94340637116723, 9.18766590529215, 0.0]]], [[[78.70189781897211, 9.185822480230494, 0.0], [78.70393251696686, 9.184784271650674, 0.0], [78.70424920971705, 9.184079009046616, 0.0], [78.70189781897211, 9.185822480230494, 0.0]]], [[[78.97073102755665, 9.185922996083777, 0.0], [78.97012483566358, 9.184442094130699, 0.0], [78.96892879343736, 9.186153860185918, 0.0], [78.9686153927819, 9.186129852073158, 0.0], [78.96809039999174, 9.185738349656166, 0.0], [78.96718815327901, 9.183130589566947, 0.0], [78.96719426485056, 9.187714950839043, 0.0], [78.97073102755665, 9.185922996083777, 0.0]]], [[[78.91040728716351, 9.186462253271294, 0.0], [78.91013209898472, 9.18598839263343, 0.0], [78.91008636472226, 9.186535669639833, 0.0], [78.91040728716351, 9.186462253271294, 0.0]]], [[[79.06961549688256, 9.210672720795573, 0.0], [79.08745969681269, 9.191956896403893, 0.0], [79.05676835857405, 9.198019958982895, 0.0], [79.06961549688256, 9.210672720795573, 0.0]]], [[[79.14056427396419, 9.213064515635493, 0.0], [79.13899092215185, 9.213788670714289, 0.0], [79.14153391739579, 9.214253828856958, 0.0], [79.14056427396419, 9.213064515635493, 0.0]]], [[[79.12294136948857, 9.214832002997, 0.0], [79.12397552135724, 9.214294993896841, 0.0], [79.12270030504328, 9.214674458796928, 0.0], [79.12294136948857, 9.214832002997, 0.0]]], [[[79.13411272476091, 9.215982818242894, 0.0], [79.12912475777249, 9.214585045084565, 0.0], [79.13298577413022, 9.216164565880254, 0.0], [79.13411272476091, 9.215982818242894, 0.0]]], [[[79.12211439501937, 9.216919961836481, 0.0], [79.1236182636979, 9.217543942363017, 0.0], [79.12293337472819, 9.216059277616772, 0.0], [79.12211439501937, 9.216919961836481, 0.0]]], [[[79.49187781216929, 9.124026926470206, 0.0], [79.49694500836067, 9.12359577149523, 0.0], [79.48889671608579, 9.118942061856675, 0.0], [79.49187781216929, 9.124026926470206, 0.0]]], [[[79.48831229628577, 9.126523491733858, 0.0], [79.48829916394646, 9.128227788332143, 0.0], [79.48895871873171, 9.12800158957548, 0.0], [79.48831229628577, 9.126523491733858, 0.0]]], [[[79.48163077603539, 9.128686455757098, 0.0], [79.47973416047974, 9.129699582225618, 0.0], [79.4806260010416, 9.130558331076978, 0.0], [79.48190870200266, 9.130200739662936, 0.0], [79.48163077603539, 9.128686455757098, 0.0]]], [[[79.48283300429375, 9.133342425397748, 0.0], [79.48333821110297, 9.13423733815775, 0.0], [79.48228218860656, 9.131837213122523, 0.0], [79.48283300429375, 9.133342425397748, 0.0]]], [[[79.47346777359724, 9.136609079631858, 0.0], [79.47361382468064, 9.138399188559504, 0.0], [79.47369471668681, 9.135008603996885, 0.0], [79.47346777359724, 9.136609079631858, 0.0]]], [[[79.46741488327976, 9.143378191782924, 0.0], [79.46778708661452, 9.14039438876723, 0.0], [79.46511760631202, 9.143320019760617, 0.0], [79.46741488327976, 9.143378191782924, 0.0]]], [[[79.45470533893368, 9.145320587426339, 0.0], [79.45378154306077, 9.143896763298823, 0.0], [79.45412760263521, 9.145628094194072, 0.0], [79.45470533893368, 9.145320587426339, 0.0]]], [[[79.4550786987251, 9.146825938739438, 0.0], [79.45622970513197, 9.147386254734345, 0.0], [79.45643426443037, 9.146703583476791, 0.0], [79.4550786987251, 9.146825938739438, 0.0]]], [[[79.45266298328485, 9.146424088403677, 0.0], [79.45235438205643, 9.149778515397777, 0.0], [79.45451474054526, 9.147400208017498, 0.0], [79.45266298328485, 9.146424088403677, 0.0]]], [[[79.44511297933074, 9.15365877681813, 0.0], [79.44562661654565, 9.151606258812809, 0.0], [79.44470300873282, 9.151032363756308, 0.0], [79.44511297933074, 9.15365877681813, 0.0]]], [[[79.44764672825293, 9.152785770701202, 0.0], [79.44350322624608, 9.156927594110785, 0.0], [79.44581899098019, 9.157930771772628, 0.0], [79.44764672825293, 9.152785770701202, 0.0]]], [[[79.18106415622388, 9.249930042355468, 0.0], [79.22364618274703, 9.24715065500563, 0.0], [79.19933005066116, 9.230202836848573, 0.0], [79.17931051633103, 9.238198739134246, 0.0], [79.18106415622388, 9.249930042355468, 0.0]]], [[[79.23561258900997, 9.243585061009199, 0.0], [79.23566161623033, 9.240235122954234, 0.0], [79.2327458398202, 9.243454758405543, 0.0], [79.23561258900997, 9.243585061009199, 0.0]]], [[[82.31959599574155, 16.567130188834973, 0.0], [82.31815781369761, 16.56728715453371, 0.0], [82.31933867941652, 16.567711238390153, 0.0], [82.31959599574155, 16.567130188834973, 0.0]]], [[[82.31948684677438, 16.573105477315245, 0.0], [82.31507909048767, 16.571601160463707, 0.0], [82.31909736210558, 16.5756233736333, 0.0], [82.31948684677438, 16.573105477315245, 0.0]]], [[[82.34412220971555, 16.60712893532186, 0.0], [82.33591551416227, 16.58950763723977, 0.0], [82.32967260735299, 16.593984761969715, 0.0], [82.34412220971555, 16.60712893532186, 0.0]]], [[[82.33822179597911, 16.605574631843247, 0.0], [82.33701141006118, 16.607561521922225, 0.0], [82.33094464193925, 16.61796603772679, 0.0], [82.33822179597911, 16.605574631843247, 0.0]]], [[[83.00957940005756, 17.48417100004738, 0.0], [83.00938690024267, 17.483048699625048, 0.0], [83.0089699001988, 17.48393849998956, 0.0], [83.00957940005756, 17.48417100004738, 0.0]]], [[[83.1101257000391, 17.54253820009873, 0.0], [83.10932490022383, 17.54310319971501, 0.0], [83.11000790041862, 17.54324449955464, 0.0], [83.1101257000391, 17.54253820009873, 0.0]]], [[[83.1106615996929, 17.543685899856754, 0.0], [83.11085589987067, 17.54409790007575, 0.0], [83.11091480039916, 17.543821300234445, 0.0], [83.1106615996929, 17.543685899856754, 0.0]]], [[[83.24000999993589, 17.619896300053618, 0.0], [83.24053880036068, 17.619772500379387, 0.0], [83.24016149999149, 17.61960960015092, 0.0], [83.24000999993589, 17.619896300053618, 0.0]]], [[[84.5566823998221, 18.806413699994334, 0.0], [84.55709219962138, 18.80542560006415, 0.0], [84.55636899992889, 18.805883500255565, 0.0], [84.5566823998221, 18.806413699994334, 0.0]]], [[[84.5768700997312, 18.835789799621892, 0.0], [84.57672539978651, 18.836368200171567, 0.0], [84.57703879968268, 18.8361994999945, 0.0], [84.5768700997312, 18.835789799621892, 0.0]]], [[[84.5769424004406, 18.838030999856247, 0.0], [84.57718349960393, 18.83704299976573, 0.0], [84.5765326001, 18.837428500325036, 0.0], [84.5769424004406, 18.838030999856247, 0.0]]], [[[86.78082599261651, 20.361548237012276, 0.0], [86.78379362544771, 20.361639498541845, 0.0], [86.78006295189154, 20.358129037908288, 0.0], [86.78082599261651, 20.361548237012276, 0.0]]], [[[86.80553904929359, 20.395767734075747, 0.0], [86.79838191024295, 20.36478856401602, 0.0], [86.79676267578847, 20.40039105560293, 0.0], [86.80553904929359, 20.395767734075747, 0.0]]], [[[86.79029447175951, 20.382280282335316, 0.0], [86.7927191888322, 20.38298755578253, 0.0], [86.79171522446556, 20.38151769793912, 0.0], [86.79029447175951, 20.382280282335316, 0.0]]], [[[86.78751039570648, 20.388931836352075, 0.0], [86.8000489156974, 20.443119607505484, 0.0], [86.79322492156619, 20.49324209225611, 0.0], [86.8082439813577, 20.4531185177039, 0.0], [86.78751039570648, 20.388931836352075, 0.0]]], [[[87.01109305738449, 20.71137430251217, 0.0], [87.0066739816963, 20.71217367006443, 0.0], [87.01317850621267, 20.717172524546836, 0.0], [87.01109305738449, 20.71137430251217, 0.0]]], [[[87.0037835390892, 20.71512995926125, 0.0], [87.00620217403274, 20.715050102240784, 0.0], [87.0017314402119, 20.711523292544975, 0.0], [87.0037835390892, 20.71512995926125, 0.0]]], [[[87.05616399137645, 20.72974261466322, 0.0], [87.05616994233249, 20.732855489398652, 0.0], [87.05790301849733, 20.73121941222794, 0.0], [87.05616399137645, 20.72974261466322, 0.0]]], [[[87.07350912830393, 20.727459023962368, 0.0], [87.07536694378756, 20.73578482566474, 0.0], [87.07788766487829, 20.743929581807006, 0.0], [87.07350912830393, 20.727459023962368, 0.0]]], [[[87.05206036549284, 20.736819036132914, 0.0], [87.05104274465789, 20.738409663516258, 0.0], [87.05312664033454, 20.737089787518492, 0.0], [87.05206036549284, 20.736819036132914, 0.0]]], [[[87.07096323672802, 20.736342407916247, 0.0], [87.0710353950766, 20.74688729251598, 0.0], [87.07226114012438, 20.74898763034066, 0.0], [87.07096323672802, 20.736342407916247, 0.0]]], [[[87.0596464542298, 20.743860071083265, 0.0], [87.04999256956461, 20.74330743982438, 0.0], [87.04937804283696, 20.744030490824855, 0.0], [87.05658764546713, 20.74546949787605, 0.0], [87.05884959482641, 20.74492206576756, 0.0], [87.0596464542298, 20.743860071083265, 0.0]]], [[[87.09841764898539, 20.748039431225422, 0.0], [87.09689014258717, 20.747782776103662, 0.0], [87.09690009122414, 20.748320406348885, 0.0], [87.09841764898539, 20.748039431225422, 0.0]]], [[[87.0996872485251, 20.750505502132427, 0.0], [87.10201684517763, 20.75068485295961, 0.0], [87.0998254072178, 20.748784082255867, 0.0], [87.0996872485251, 20.750505502132427, 0.0]]], [[[87.08502184067147, 20.764622932775353, 0.0], [87.09348324747698, 20.752998377734087, 0.0], [87.07250404843745, 20.75477502584981, 0.0], [87.08502184067147, 20.764622932775353, 0.0]]], [[[87.07556615080244, 20.7694208910894, 0.0], [87.07407142747358, 20.787502331819027, 0.0], [87.06926530959522, 20.793861068676616, 0.0], [87.07475437346892, 20.789020060569868, 0.0], [87.07556615080244, 20.7694208910894, 0.0]]], [[[86.98035616129951, 20.782782389030775, 0.0], [86.9829411733075, 20.779010185024177, 0.0], [86.97923754883612, 20.77739687248504, 0.0], [86.98035616129951, 20.782782389030775, 0.0]]], [[[86.98657573180411, 20.801993242961355, 0.0], [86.98776713249667, 20.80396314870305, 0.0], [86.99012635943903, 20.80243172315262, 0.0], [86.98657573180411, 20.801993242961355, 0.0]]], [[[87.43030643803775, 21.586573161113662, 0.0], [87.41656085461969, 21.569999707426692, 0.0], [87.41371485954463, 21.560165114920174, 0.0], [87.41899651217209, 21.57872352880757, 0.0], [87.43030643803775, 21.586573161113662, 0.0]]], [[[92.52313131485504, 10.89862370047034, 0.0], [92.52953987933705, 10.86708325232097, 0.0], [92.54222782202292, 10.859158407678597, 0.0], [92.53377218952963, 10.889966167582019, 0.0], [92.56197298875168, 10.863633738163927, 0.0], [92.5674298428266, 10.81026821018242, 0.0], [92.54830895987853, 10.809482069885334, 0.0], [92.5587610878068, 10.809168065629892, 0.0], [92.56051967476273, 10.795752176395265, 0.0], [92.57922086253855, 10.785444705570356, 0.0], [92.5615331662853, 10.802840215093877, 0.0], [92.571238473396, 10.810562741785452, 0.0], [92.58670441491681, 10.789880150246091, 0.0], [92.58336243240345, 10.744184976847048, 0.0], [92.59937965698454, 10.705774901466896, 0.0], [92.59741660739323, 10.677787503400788, 0.0], [92.58026285379019, 10.680805344002573, 0.0], [92.58235021217259, 10.658030619173836, 0.0], [92.53884351142689, 10.617521267053455, 0.0], [92.54232245807674, 10.59478331178069, 0.0], [92.56989193090925, 10.578790666135482, 0.0], [92.53293671679317, 10.518548659787593, 0.0], [92.51326433803602, 10.51083920023362, 0.0], [92.43505162003216, 10.548907648809463, 0.0], [92.3876499331169, 10.531532131733808, 0.0], [92.41911758275914, 10.615793508312848, 0.0], [92.40112266493945, 10.659493622240742, 0.0], [92.38136228975497, 10.670280164115097, 0.0], [92.37307326750772, 10.782743272490906, 0.0], [92.3836796259124, 10.79552712523821, 0.0], [92.3950317436791, 10.785591560438176, 0.0], [92.39240283617569, 10.775208452398969, 0.0], [92.3952057144628, 10.748951376864289, 0.0], [92.39875730152838, 10.743942549887796, 0.0], [92.39595482827595, 10.760494830385891, 0.0], [92.40347983820968, 10.768355416189408, 0.0], [92.40837576852948, 10.763993073702233, 0.0], [92.40609425146127, 10.75824786966905, 0.0], [92.40841174793259, 10.755296000842462, 0.0], [92.41932533457161, 10.772576251362944, 0.0], [92.41037805282923, 10.76436812878223, 0.0], [92.40258836692067, 10.769042466855948, 0.0], [92.39686911556886, 10.763139170919786, 0.0], [92.39338579150566, 10.775217432136273, 0.0], [92.39390697917406, 10.777721737341013, 0.0], [92.39561677715515, 10.773947266315755, 0.0], [92.40416128473188, 10.775357349112111, 0.0], [92.41059847824552, 10.77829067899526, 0.0], [92.39565787116531, 10.77485126077753, 0.0], [92.39563070538573, 10.786310253777497, 0.0], [92.41689070935564, 10.795715943302454, 0.0], [92.42549428734522, 10.826805712870417, 0.0], [92.45728548376555, 10.841744539344065, 0.0], [92.45450604694827, 10.866864321148158, 0.0], [92.49653435967423, 10.89705251643056, 0.0], [92.51103535513835, 10.871814209927692, 0.0], [92.5024186361379, 10.873804295596802, 0.0], [92.49144906091222, 10.87147403087975, 0.0], [92.49013733177944, 10.859965854901517, 0.0], [92.486136669437, 10.862154930529334, 0.0], [92.47681673750823, 10.861809665374787, 0.0], [92.49060825183071, 10.859635724159919, 0.0], [92.49585732223488, 10.870708685412923, 0.0], [92.50034227720876, 10.86315370523804, 0.0], [92.50384089796805, 10.862535801270479, 0.0], [92.50636937832172, 10.863662382770926, 0.0], [92.50798396517771, 10.862822271378306, 0.0], [92.49798378628545, 10.871189767565584, 0.0], [92.51045067806672, 10.869861270907984, 0.0], [92.51788390080219, 10.877408298000638, 0.0], [92.50296219930898, 10.89771677550212, 0.0], [92.52313131485504, 10.89862370047034, 0.0]]], [[[92.20998166744208, 10.981806745808013, 0.0], [92.2207126065387, 10.974358182506803, 0.0], [92.2108947025634, 10.974813190151172, 0.0], [92.20998166744208, 10.981806745808013, 0.0]]], [[[92.56214558600553, 11.39826142787018, 0.0], [92.5558019185829, 11.389987670904576, 0.0], [92.55152201984873, 11.392563278269176, 0.0], [92.56214558600553, 11.39826142787018, 0.0]]], [[[92.5477517937882, 11.39112030738128, 0.0], [92.5404425232508, 11.39674171693081, 0.0], [92.5499581928121, 11.398642918653257, 0.0], [92.5477517937882, 11.39112030738128, 0.0]]], [[[92.56051142909021, 11.514557096298635, 0.0], [92.56085535618455, 11.513870042171247, 0.0], [92.5607590514665, 11.51382477010297, 0.0], [92.56051142909021, 11.514557096298635, 0.0]]], [[[92.25724404727798, 11.515262404002039, 0.0], [92.25832161241752, 11.514187046743041, 0.0], [92.25472351183281, 11.514131283640765, 0.0], [92.25724404727798, 11.515262404002039, 0.0]]], [[[92.24064848360948, 11.516101803418035, 0.0], [92.2391538888734, 11.515446897267486, 0.0], [92.23890653360898, 11.515740870016907, 0.0], [92.24064848360948, 11.516101803418035, 0.0]]], [[[92.23981006953788, 11.517146336903478, 0.0], [92.23956279280856, 11.517752111021773, 0.0], [92.23995685212903, 11.517358687312038, 0.0], [92.23981006953788, 11.517146336903478, 0.0]]], [[[92.2702825817751, 11.520072542889503, 0.0], [92.26968836517587, 11.515606155848257, 0.0], [92.26652527789646, 11.51659501043995, 0.0], [92.2702825817751, 11.520072542889503, 0.0]]], [[[92.55122142387526, 11.528852884751208, 0.0], [92.56849296674883, 11.529706511907023, 0.0], [92.565438325407, 11.516632912577062, 0.0], [92.55122142387526, 11.528852884751208, 0.0]]], [[[92.20704160739297, 11.532228408676406, 0.0], [92.20690901530486, 11.533272680139271, 0.0], [92.2078667465473, 11.532445156237262, 0.0], [92.20704160739297, 11.532228408676406, 0.0]]], [[[92.20602451375072, 11.533883190868467, 0.0], [92.2053048423257, 11.53385626532778, 0.0], [92.20501158015884, 11.534380673354255, 0.0], [92.20602451375072, 11.533883190868467, 0.0]]], [[[92.20719382477556, 11.53546499899028, 0.0], [92.20712060964443, 11.535903469503276, 0.0], [92.20738645025779, 11.535641227745389, 0.0], [92.20719382477556, 11.53546499899028, 0.0]]], [[[92.55516527339019, 11.540403426402698, 0.0], [92.55491796399839, 11.539282296113612, 0.0], [92.55456955364359, 11.539526295699288, 0.0], [92.55516527339019, 11.540403426402698, 0.0]]], [[[92.54050159638227, 11.553888367624383, 0.0], [92.54153253750532, 11.555796256614814, 0.0], [92.54368763164624, 11.553893757582838, 0.0], [92.54050159638227, 11.553888367624383, 0.0]]], [[[92.53990891047219, 11.558471797892315, 0.0], [92.5412801668367, 11.556460637934212, 0.0], [92.53938295904054, 11.554303855636562, 0.0], [92.53840170149442, 11.55511276555859, 0.0], [92.53990891047219, 11.558471797892315, 0.0]]], [[[92.20283076724769, 11.587441424985544, 0.0], [92.26930961395533, 11.585210730964242, 0.0], [92.26669154016052, 11.561690302202415, 0.0], [92.27299530827308, 11.535302612377448, 0.0], [92.26012172115678, 11.517247979892757, 0.0], [92.21035075128592, 11.53081262235586, 0.0], [92.20283076724769, 11.587441424985544, 0.0]]], [[[92.56238129473925, 11.557573390550733, 0.0], [92.56208326465234, 11.55766825781307, 0.0], [92.56220699925639, 11.557718002846217, 0.0], [92.56238129473925, 11.557573390550733, 0.0]]], [[[92.56738239825688, 11.559355485833347, 0.0], [92.56669005881051, 11.559771173029711, 0.0], [92.56710714744067, 11.559965686789452, 0.0], [92.56738239825688, 11.559355485833347, 0.0]]], [[[92.57020151942756, 11.560110915972412, 0.0], [92.57034836546842, 11.559500701654585, 0.0], [92.57005497459562, 11.559500628496153, 0.0], [92.57020151942756, 11.560110915972412, 0.0]]], [[[92.56310054966467, 11.559793097779435, 0.0], [92.5627292172026, 11.559842728924068, 0.0], [92.5632975744846, 11.560132161167008, 0.0], [92.56310054966467, 11.559793097779435, 0.0]]], [[[92.57354359365955, 11.559844818941459, 0.0], [92.57430910670631, 11.560161378135993, 0.0], [92.57354369185786, 11.559234567503111, 0.0], [92.57354359365955, 11.559844818941459, 0.0]]], [[[92.574065782547, 11.561987523107945, 0.0], [92.57548543374047, 11.570626173460301, 0.0], [92.57636105169786, 11.571055752098285, 0.0], [92.574065782547, 11.561987523107945, 0.0]]], [[[92.56361666357176, 11.568531085045946, 0.0], [92.56692171229142, 11.570104805711274, 0.0], [92.56485473790802, 11.567107342138579, 0.0], [92.56361666357176, 11.568531085045946, 0.0]]], [[[92.52990703546944, 11.569127760193423, 0.0], [92.52891623678009, 11.570768338035508, 0.0], [92.53008979959482, 11.571012877540932, 0.0], [92.52990703546944, 11.569127760193423, 0.0]]], [[[92.26795303031771, 11.571739515282694, 0.0], [92.26914453669373, 11.57291530754438, 0.0], [92.26835204856837, 11.571183656570113, 0.0], [92.26795303031771, 11.571739515282694, 0.0]]], [[[92.56936001723047, 11.573572432974682, 0.0], [92.56881469057517, 11.572595927361215, 0.0], [92.5687641177925, 11.573038889035203, 0.0], [92.56936001723047, 11.573572432974682, 0.0]]], [[[92.19709273702631, 11.577886907569681, 0.0], [92.19639585182054, 11.57800008936506, 0.0], [92.19676277273945, 11.578329995484197, 0.0], [92.19709273702631, 11.577886907569681, 0.0]]], [[[92.57015221877333, 11.578355136921608, 0.0], [92.569459962287, 11.578088231723008, 0.0], [92.56948280641444, 11.578504172878212, 0.0], [92.57015221877333, 11.578355136921608, 0.0]]], [[[92.5283641095938, 11.576459339343197, 0.0], [92.52607975548867, 11.580120072271134, 0.0], [92.5298079890801, 11.577418113989157, 0.0], [92.5283641095938, 11.576459339343197, 0.0]]], [[[92.19865059978999, 11.579906700069769, 0.0], [92.1980386001676, 11.579022699863396, 0.0], [92.19783459963112, 11.579906700200862, 0.0], [92.19865059978999, 11.579906700069769, 0.0]]], [[[92.5689875317287, 11.579575351849693, 0.0], [92.56822189370484, 11.579430602220711, 0.0], [92.56819432038823, 11.579647512151356, 0.0], [92.5689875317287, 11.579575351849693, 0.0]]], [[[92.54318213698505, 11.606036047592925, 0.0], [92.54393832370043, 11.591412836841732, 0.0], [92.57157628865286, 11.587789350925535, 0.0], [92.55411112861627, 11.55797380610538, 0.0], [92.54010026415393, 11.562268971317453, 0.0], [92.52682697645155, 11.553698721268894, 0.0], [92.53440988114139, 11.566100523338122, 0.0], [92.52796769403025, 11.596303543829658, 0.0], [92.54318213698505, 11.606036047592925, 0.0]]], [[[92.19617195617342, 11.580866044923093, 0.0], [92.19655774334387, 11.583261748050022, 0.0], [92.19671746457693, 11.580676032377733, 0.0], [92.19617195617342, 11.580866044923093, 0.0]]], [[[92.57846335355202, 11.58296277437292, 0.0], [92.57624845109572, 11.586266809104929, 0.0], [92.5774173169543, 11.587636698122282, 0.0], [92.57846335355202, 11.58296277437292, 0.0]]], [[[92.19795237767401, 11.586891248724797, 0.0], [92.19718691107816, 11.58743838667456, 0.0], [92.1991401680829, 11.588156646749564, 0.0], [92.19795237767401, 11.586891248724797, 0.0]]], [[[92.26427861072044, 11.5891551811201, 0.0], [92.26477347734946, 11.589874088760656, 0.0], [92.26609887536152, 11.588830370504, 0.0], [92.26427861072044, 11.5891551811201, 0.0]]], [[[92.20041086777074, 11.590845883113959, 0.0], [92.20104293733475, 11.588377670272859, 0.0], [92.19881949642709, 11.589133108396483, 0.0], [92.20041086777074, 11.590845883113959, 0.0]]], [[[92.22236823864696, 11.592624806711918, 0.0], [92.22176365439616, 11.594437722511246, 0.0], [92.22280860262181, 11.593379533531708, 0.0], [92.22236823864696, 11.592624806711918, 0.0]]], [[[92.55125921890307, 11.595324972862382, 0.0], [92.55266712655379, 11.594041456333432, 0.0], [92.5517043586832, 11.593887584490938, 0.0], [92.55125921890307, 11.595324972862382, 0.0]]], [[[92.22895310187553, 11.595529109733237, 0.0], [92.22877374611869, 11.593974159184278, 0.0], [92.22802645654957, 11.594060333115772, 0.0], [92.22895310187553, 11.595529109733237, 0.0]]], [[[92.58302559198346, 11.982494703691241, 0.0], [92.5798125606808, 11.977259784675024, 0.0], [92.5813313347962, 11.982743035965392, 0.0], [92.58302559198346, 11.982494703691241, 0.0]]], [[[88.01868051422409, 21.55556045153109, 0.0], [88.00957274379046, 21.554176925813053, 0.0], [88.01659447440309, 21.56296941702081, 0.0], [88.01868051422409, 21.55556045153109, 0.0]]], [[[88.49623898007006, 21.599253021982516, 0.0], [88.53734491181973, 21.577602768239785, 0.0], [88.54783387626523, 21.536668368519237, 0.0], [88.53448959297373, 21.52721910034736, 0.0], [88.48477479375403, 21.552197889085463, 0.0], [88.49623898007006, 21.599253021982516, 0.0]]], [[[88.82978682737692, 21.60318111788171, 0.0], [88.89188923666879, 21.581198157464588, 0.0], [88.90598794579593, 21.547560220291174, 0.0], [88.87609487227981, 21.534403926680543, 0.0], [88.83117917924353, 21.55116919565008, 0.0], [88.82978682737692, 21.60318111788171, 0.0]]], [[[88.16663208882385, 21.602762009619, 0.0], [88.20440180156025, 21.547024455791533, 0.0], [88.19746266823893, 21.54116157410734, 0.0], [88.17567302075194, 21.549857760364464, 0.0], [88.16394300146275, 21.58610410697872, 0.0], [88.16663208882385, 21.602762009619, 0.0]]], [[[89.15079168824815, 21.600510026042794, 0.0], [89.13604456461508, 21.594826224092554, 0.0], [89.13576482612902, 21.60058832131261, 0.0], [89.15079168824815, 21.600510026042794, 0.0]]], [[[88.54383869872999, 21.636432383305312, 0.0], [88.58697766203366, 21.605935663489415, 0.0], [88.55592625508358, 21.560348115198302, 0.0], [88.51173692253275, 21.60300160655261, 0.0], [88.5224024648478, 21.65845694310468, 0.0], [88.54383869872999, 21.636432383305312, 0.0]]], [[[88.77466308460907, 21.64928892200846, 0.0], [88.80004792684497, 21.59123948442198, 0.0], [88.77611394820006, 21.56983575384043, 0.0], [88.7154438117657, 21.572463861500086, 0.0], [88.71750215464944, 21.644005763632148, 0.0], [88.68442609347723, 21.6843065274595, 0.0], [88.69251088648808, 21.72015618225668, 0.0], [88.7077796976804, 21.681373383577192, 0.0], [88.74378834667692, 21.652121881680078, 0.0], [88.77466308460907, 21.64928892200846, 0.0]]], [[[88.35025317775087, 21.680464801611755, 0.0], [88.34430472034843, 21.627601854233816, 0.0], [88.30910146113673, 21.608002160625563, 0.0], [88.3066108513883, 21.705634832336532, 0.0], [88.35025317775087, 21.680464801611755, 0.0]]], [[[88.20681175027761, 21.670735540907426, 0.0], [88.22596427754931, 21.66978182475074, 0.0], [88.23100212865019, 21.644993145443998, 0.0], [88.21105469448328, 21.620534144062418, 0.0], [88.21283872482721, 21.598386557605224, 0.0], [88.18016142916272, 21.685183760011906, 0.0], [88.20353572300307, 21.725842148699748, 0.0], [88.21357260878601, 21.700129207242266, 0.0], [88.19387146853965, 21.687634646262598, 0.0], [88.20681175027761, 21.670735540907426, 0.0]]], [[[88.6412082258169, 21.67963145944896, 0.0], [88.63092153072512, 21.64967049611031, 0.0], [88.63087873063333, 21.67328755991488, 0.0], [88.6412082258169, 21.67963145944896, 0.0]]], [[[88.40164577783206, 21.73727550769758, 0.0], [88.4281242241343, 21.70227754067145, 0.0], [88.41332607320176, 21.692929504441572, 0.0], [88.41105122691795, 21.65582909309119, 0.0], [88.43194904933104, 21.620447465615335, 0.0], [88.39694182199717, 21.589933613867178, 0.0], [88.38093809978554, 21.662890622843427, 0.0], [88.40423731028999, 21.71662948601931, 0.0], [88.36876110438189, 21.72697692627091, 0.0], [88.3891179113596, 21.735750568539657, 0.0], [88.39582885850811, 21.754637629022273, 0.0], [88.40164577783206, 21.73727550769758, 0.0]]], [[[88.0428293064518, 21.692346064435565, 0.0], [88.04451172572742, 21.699066291366147, 0.0], [88.0454296254249, 21.699396382832525, 0.0], [88.0428293064518, 21.692346064435565, 0.0]]], [[[88.05210569093983, 21.702677861736394, 0.0], [88.05133115660084, 21.696229130631874, 0.0], [88.0494138045964, 21.694489713826876, 0.0], [88.05210569093983, 21.702677861736394, 0.0]]], [[[88.04364113520002, 21.700592071702975, 0.0], [88.0424770214451, 21.708155264601462, 0.0], [88.04276651131501, 21.70896820115559, 0.0], [88.04364113520002, 21.700592071702975, 0.0]]], [[[88.05345851865644, 21.70309837508589, 0.0], [88.05371071659333, 21.710879004654473, 0.0], [88.05574963669184, 21.711394684124695, 0.0], [88.05345851865644, 21.70309837508589, 0.0]]], [[[88.42624733585886, 21.80879167000653, 0.0], [88.42999138485467, 21.799271578129623, 0.0], [88.45557424551441, 21.789128350399142, 0.0], [88.47143996703657, 21.79246610960967, 0.0], [88.45279555700812, 21.718411547088774, 0.0], [88.47150629388273, 21.673876961611104, 0.0], [88.45016090222379, 21.611770274251175, 0.0], [88.43399496427419, 21.603711531203988, 0.0], [88.44113065591182, 21.622828423890944, 0.0], [88.41914062425833, 21.682925880139432, 0.0], [88.43248841827838, 21.704380392848105, 0.0], [88.38341676386943, 21.77769087041808, 0.0], [88.42624733585886, 21.80879167000653, 0.0]]], [[[88.602891976504, 21.686759756329636, 0.0], [88.59100728940868, 21.658341639234727, 0.0], [88.60267086170374, 21.612540090082035, 0.0], [88.52855206281954, 21.65706343639849, 0.0], [88.5062855244646, 21.758358756886178, 0.0], [88.54226792931341, 21.81144300698749, 0.0], [88.57327122201703, 21.788492489697123, 0.0], [88.56160439621978, 21.762121983809298, 0.0], [88.57355195853977, 21.722659987660407, 0.0], [88.602891976504, 21.686759756329636, 0.0]]], [[[88.39001412654777, 21.758214561360646, 0.0], [88.36327588655978, 21.72590641264676, 0.0], [88.39413677773547, 21.71240418426282, 0.0], [88.35706616309365, 21.686461452115513, 0.0], [88.33843884765561, 21.71158335274909, 0.0], [88.34853150482527, 21.722540365127166, 0.0], [88.34431940815644, 21.756414705298535, 0.0], [88.39001412654777, 21.758214561360646, 0.0]]], [[[88.20382832096655, 21.733166954995696, 0.0], [88.19449610450785, 21.730752763505564, 0.0], [88.20648312224739, 21.759760945512983, 0.0], [88.20382832096655, 21.733166954995696, 0.0]]], [[[88.61861131081638, 21.78348618182424, 0.0], [88.62987520247312, 21.73614115059686, 0.0], [88.6109180684504, 21.70477465990772, 0.0], [88.59705723839369, 21.71567803421328, 0.0], [88.62027685047117, 21.728039985727897, 0.0], [88.62172635984037, 21.740047132555333, 0.0], [88.58738584246122, 21.75720983491983, 0.0], [88.58882615737124, 21.776593478243644, 0.0], [88.61861131081638, 21.78348618182424, 0.0]]], [[[88.30410111714737, 21.738327181448604, 0.0], [88.29189316001478, 21.71206278373358, 0.0], [88.27975820308741, 21.73492346710539, 0.0], [88.28911279579535, 21.77875162743919, 0.0], [88.30410111714737, 21.738327181448604, 0.0]]], [[[88.61948380717924, 21.737834337465905, 0.0], [88.57879616730929, 21.727527391622314, 0.0], [88.58458473441648, 21.74843189878439, 0.0], [88.56878485079807, 21.769703621319255, 0.0], [88.58222693801808, 21.776408928853364, 0.0], [88.58726119630185, 21.753303746317407, 0.0], [88.61948380717924, 21.737834337465905, 0.0]]], [[[88.13583708741571, 21.875334278525706, 0.0], [88.17100246487847, 21.809315116825676, 0.0], [88.17125190345108, 21.740096350738114, 0.0], [88.15324198107247, 21.681956512335255, 0.0], [88.13419491397858, 21.678479161257815, 0.0], [88.14507628541813, 21.63897728100039, 0.0], [88.11868139022599, 21.625403889882467, 0.0], [88.05729184222187, 21.639388292939728, 0.0], [88.04135183001198, 21.649532168933483, 0.0], [88.04138478748743, 21.67570508529759, 0.0], [88.05100700729594, 21.687617554243904, 0.0], [88.05692954686656, 21.70971537624586, 0.0], [88.05521334144379, 21.720945065958574, 0.0], [88.07649069049553, 21.751757330596035, 0.0], [88.10157812322336, 21.83210489724046, 0.0], [88.13583708741571, 21.875334278525706, 0.0]]], [[[89.0248239024522, 21.871309805187973, 0.0], [89.01945950235961, 21.766152010435153, 0.0], [89.05592380266138, 21.732524123211775, 0.0], [89.0941989341129, 21.641339263226566, 0.0], [89.0504949971931, 21.61556664094858, 0.0], [89.02407012821422, 21.65821723103958, 0.0], [89.0355357598975, 21.61541180661944, 0.0], [88.99797549418408, 21.603225687737375, 0.0], [88.99726803810434, 21.62197108682335, 0.0], [88.96828797574203, 21.619833497745237, 0.0], [88.93872306618317, 21.64614239357237, 0.0], [88.95130953471401, 21.693853910486848, 0.0], [88.92126242236776, 21.72152080047212, 0.0], [88.93170871536392, 21.744425725908393, 0.0], [88.92084010246214, 21.762386559199935, 0.0], [88.91467307567657, 21.716179027690345, 0.0], [88.94013249272409, 21.68904163511078, 0.0], [88.92296700568298, 21.632307655769687, 0.0], [88.88413263358939, 21.66117372642049, 0.0], [88.86964814492205, 21.70416753933902, 0.0], [88.87722031637787, 21.766613411452767, 0.0], [88.83505651075355, 21.782792208786365, 0.0], [88.85315497576453, 21.888889718938294, 0.0], [88.8190051625318, 21.929260401309495, 0.0], [88.85969140647667, 21.91271324288976, 0.0], [88.90258654995054, 21.921025547055276, 0.0], [88.9118202816314, 21.930882338252772, 0.0], [89.0248239024522, 21.871309805187973, 0.0]]], [[[88.19801883301, 21.769505074057243, 0.0], [88.19264755041056, 21.758191086552632, 0.0], [88.19260910224628, 21.779712608766975, 0.0], [88.19801883301, 21.769505074057243, 0.0]]], [[[88.17666364314, 21.791336894124655, 0.0], [88.18561299502024, 21.790629472569087, 0.0], [88.18120085978366, 21.783699573450747, 0.0], [88.17666364314, 21.791336894124655, 0.0]]], [[[88.487780921235, 21.834283922708785, 0.0], [88.50001844778434, 21.81182297518428, 0.0], [88.48545679491015, 21.798860573791156, 0.0], [88.45323113920456, 21.810786279727207, 0.0], [88.487780921235, 21.834283922708785, 0.0]]], [[[88.1952046625271, 21.83941691321575, 0.0], [88.16727025191315, 21.863864503939723, 0.0], [88.16636244099932, 21.86973944945533, 0.0], [88.1952046625271, 21.83941691321575, 0.0]]], [[[88.57338020210199, 21.879595243440125, 0.0], [88.57382448443363, 21.855587667112957, 0.0], [88.55668542427247, 21.827692985705237, 0.0], [88.55997268670387, 21.85150957415006, 0.0], [88.5540543880286, 21.875674394707023, 0.0], [88.57338020210199, 21.879595243440125, 0.0]]], [[[88.67009175062519, 21.9142180697479, 0.0], [88.64456489306063, 21.78793783390613, 0.0], [88.58630997951452, 21.801521337238416, 0.0], [88.58020668234403, 21.834727531874975, 0.0], [88.63664048436159, 21.9217753168296, 0.0], [88.67009175062519, 21.9142180697479, 0.0]]], [[[88.56995147420194, 21.900692384856388, 0.0], [88.5761512200189, 21.883061151812637, 0.0], [88.5575883510622, 21.880963642901566, 0.0], [88.55222676852526, 21.873587374766274, 0.0], [88.55148251479224, 21.81670418841651, 0.0], [88.53097333314756, 21.846026902840116, 0.0], [88.54348114404739, 21.85495646072288, 0.0], [88.55046760081, 21.879380097141244, 0.0], [88.54108822778419, 21.901153993127522, 0.0], [88.56995147420194, 21.900692384856388, 0.0]]], [[[88.0821330618315, 21.842375702478815, 0.0], [88.07235746895236, 21.85838346778665, 0.0], [88.08121148690743, 21.879849265151826, 0.0], [88.09672051081724, 21.86126960984077, 0.0], [88.0821330618315, 21.842375702478815, 0.0]]], [[[88.16924540085485, 21.868785961614655, 0.0], [88.16528131186631, 21.879163730564642, 0.0], [88.17414900201005, 21.863478785632907, 0.0], [88.16924540085485, 21.868785961614655, 0.0]]], [[[88.10079141440261, 21.86902450973554, 0.0], [88.08387170359626, 21.909696783756385, 0.0], [88.08561954888319, 21.914371596112478, 0.0], [88.11978998106694, 21.890979666461053, 0.0], [88.10079141440261, 21.86902450973554, 0.0]]], [[[88.48219601517084, 21.90088174065062, 0.0], [88.49365962621248, 21.90575780288958, 0.0], [88.4856042712583, 21.897153279193954, 0.0], [88.48219601517084, 21.90088174065062, 0.0]]], [[[88.1263399989734, 21.947451029322114, 0.0], [88.14545223564122, 21.924710012324486, 0.0], [88.12671759241346, 21.933896601705868, 0.0], [88.11894437442753, 21.92835255238616, 0.0], [88.11693441465131, 21.923982520468467, 0.0], [88.1450150353138, 21.917337249712293, 0.0], [88.1300128786855, 21.899131490793227, 0.0], [88.08985743198093, 21.92654890445844, 0.0], [88.1263399989734, 21.947451029322114, 0.0]]], [[[88.58606178509113, 21.954234213828517, 0.0], [88.61003280518685, 21.922470818260923, 0.0], [88.58257364466442, 21.891439317684778, 0.0], [88.55009633590616, 21.922381553016116, 0.0], [88.54348294410674, 21.968554208561503, 0.0], [88.58606178509113, 21.954234213828517, 0.0]]], [[[88.59898909541519, 21.97296201457173, 0.0], [88.61503075813329, 21.937508018558557, 0.0], [88.61077730439288, 21.92937061171835, 0.0], [88.5919697525264, 21.951548079829244, 0.0], [88.57648690605201, 21.96064283765105, 0.0], [88.57742859318273, 21.981283561562616, 0.0], [88.59580990997863, 21.98858516525683, 0.0], [88.59963917221182, 21.99149827003642, 0.0], [88.60299351556031, 21.997450224463662, 0.0], [88.6071001776415, 22.000046738124297, 0.0], [88.59898909541519, 21.97296201457173, 0.0]]], [[[88.13958109487962, 22.016146145284207, 0.0], [88.1252325589375, 21.995984347028006, 0.0], [88.0854075231748, 22.006918458916886, 0.0], [88.12233272414322, 22.02061286020706, 0.0], [88.13958109487962, 22.016146145284207, 0.0]]], [[[92.77142600766076, 9.258822580381597, 0.0], [92.81766541105672, 9.21199055687401, 0.0], [92.82706684595335, 9.138407351521328, 0.0], [92.79906515703468, 9.120594233188974, 0.0], [92.7273155681939, 9.124898851642744, 0.0], [92.7144420929083, 9.154402250885152, 0.0], [92.71969158617425, 9.218526241782527, 0.0], [92.76371673112698, 9.215825365637444, 0.0], [92.77142600766076, 9.258822580381597, 0.0]]], [[[92.62269335663436, 10.925803030204323, 0.0], [92.6212342777593, 10.92427516457464, 0.0], [92.62074483343042, 10.925093390506207, 0.0], [92.62269335663436, 10.925803030204323, 0.0]]], [[[92.62160013725979, 10.927678914473356, 0.0], [92.61147326198767, 10.926417532680171, 0.0], [92.6020089406386, 10.936284677261524, 0.0], [92.60847654578465, 10.939612032482653, 0.0], [92.62160013725979, 10.927678914473356, 0.0]]], [[[92.60618937606051, 10.94061983280026, 0.0], [92.60390689683736, 10.940289766083321, 0.0], [92.60107083481921, 10.941121274260311, 0.0], [92.60618937606051, 10.94061983280026, 0.0]]], [[[92.60838954912138, 10.942093642410109, 0.0], [92.60760727696271, 10.942559119601297, 0.0], [92.60842605089555, 10.942523000284357, 0.0], [92.60838954912138, 10.942093642410109, 0.0]]], [[[92.60591024601585, 10.94318285889222, 0.0], [92.60607034886978, 10.942323990727665, 0.0], [92.60580042057914, 10.942839322751666, 0.0], [92.60591024601585, 10.94318285889222, 0.0]]], [[[92.59747538721787, 10.942052141409285, 0.0], [92.5973241673573, 10.944922454330031, 0.0], [92.59898488261808, 10.941514301207054, 0.0], [92.59747538721787, 10.942052141409285, 0.0]]], [[[92.60526054904699, 10.944846266725172, 0.0], [92.6034261406726, 10.946355929632496, 0.0], [92.60562193011175, 10.945144638496023, 0.0], [92.60526054904699, 10.944846266725172, 0.0]]], [[[92.60055306293384, 10.950930171241058, 0.0], [92.6002054237911, 10.951712188767553, 0.0], [92.60076345870557, 10.951554018974278, 0.0], [92.60055306293384, 10.950930171241058, 0.0]]], [[[92.66813986641078, 10.984730629590842, 0.0], [92.65817180002165, 10.99080258877333, 0.0], [92.66653973782903, 10.992686490756665, 0.0], [92.66813986641078, 10.984730629590842, 0.0]]], [[[92.72421921197844, 11.148310347365872, 0.0], [92.73036936936076, 11.141789730137736, 0.0], [92.72132386101198, 11.14170685942525, 0.0], [92.72421921197844, 11.148310347365872, 0.0]]], [[[92.67588087265996, 11.189296330574647, 0.0], [92.67586042432083, 11.176788152413124, 0.0], [92.67393982483595, 11.190232419684984, 0.0], [92.67588087265996, 11.189296330574647, 0.0]]], [[[92.67260375237133, 11.195087635553618, 0.0], [92.67190781282001, 11.195151083655233, 0.0], [92.67228787265891, 11.195539749043219, 0.0], [92.67260375237133, 11.195087635553618, 0.0]]], [[[92.7047067337674, 11.290236435432302, 0.0], [92.70393873757652, 11.262282139935348, 0.0], [92.6862347551343, 11.24179974523331, 0.0], [92.7047067337674, 11.290236435432302, 0.0]]], [[[92.72102631119812, 11.333474261006554, 0.0], [92.70770500569148, 11.29948001674772, 0.0], [92.6955061447832, 11.309844114840761, 0.0], [92.72102631119812, 11.333474261006554, 0.0]]], [[[92.63749604554059, 11.513106132061163, 0.0], [92.67425748473882, 11.490403033502275, 0.0], [92.68449796457311, 11.433331003915098, 0.0], [92.66099731572433, 11.411930740719114, 0.0], [92.63613602682088, 11.416819418050475, 0.0], [92.63371628946106, 11.403719303654764, 0.0], [92.67479587678703, 11.399768750051615, 0.0], [92.69066119032735, 11.374528053683283, 0.0], [92.66374286566565, 11.352785118770896, 0.0], [92.59765386931586, 11.34502499767197, 0.0], [92.57960184166477, 11.367439634934358, 0.0], [92.58573170267171, 11.39999209367855, 0.0], [92.62178989403345, 11.404451730331404, 0.0], [92.61066209469803, 11.472307383133465, 0.0], [92.63749604554059, 11.513106132061163, 0.0]]], [[[92.61510650719764, 11.51026948044553, 0.0], [92.60306151612993, 11.5034928410453, 0.0], [92.61502857044707, 11.511074158508684, 0.0], [92.61510650719764, 11.51026948044553, 0.0]]], [[[92.64323578442759, 11.514319280892517, 0.0], [92.64462457062432, 11.51424682370193, 0.0], [92.64322648711767, 11.513401622675762, 0.0], [92.64323578442759, 11.514319280892517, 0.0]]], [[[92.61625646811204, 11.528405301479335, 0.0], [92.61531218525148, 11.528210884255417, 0.0], [92.61526636748918, 11.528454998831318, 0.0], [92.61625646811204, 11.528405301479335, 0.0]]], [[[92.59636254915435, 11.530158026086132, 0.0], [92.60736888728437, 11.521032213210995, 0.0], [92.60591141269288, 11.518776423263441, 0.0], [92.59636254915435, 11.530158026086132, 0.0]]], [[[92.58661268096607, 11.53084401632645, 0.0], [92.5882491642436, 11.530450958993272, 0.0], [92.58666319077494, 11.530355831196323, 0.0], [92.58661268096607, 11.53084401632645, 0.0]]], [[[92.59321782984364, 11.53213759960485, 0.0], [92.58985354495731, 11.530500886528124, 0.0], [92.58955543147938, 11.531626377463622, 0.0], [92.59321782984364, 11.53213759960485, 0.0]]], [[[92.61496371706744, 11.532044232458693, 0.0], [92.61521121656635, 11.531311856366884, 0.0], [92.61476658498893, 11.531750329099664, 0.0], [92.61496371706744, 11.532044232458693, 0.0]]], [[[92.63080096448407, 11.53302972551081, 0.0], [92.63045261818408, 11.533418424854698, 0.0], [92.63068640237108, 11.533608274277388, 0.0], [92.63080096448407, 11.53302972551081, 0.0]]], [[[92.58211462930372, 11.539563254813869, 0.0], [92.5851721034386, 11.540336603742237, 0.0], [92.58273425685674, 11.534310620723065, 0.0], [92.58211462930372, 11.539563254813869, 0.0]]], [[[92.62611636968457, 11.547241835817134, 0.0], [92.62839460793747, 11.544190591766752, 0.0], [92.62717063410464, 11.542197100646156, 0.0], [92.62611636968457, 11.547241835817134, 0.0]]], [[[92.61734202605973, 11.55995756589121, 0.0], [92.61638463221024, 11.535999564894013, 0.0], [92.60964186866929, 11.531406620425082, 0.0], [92.60130195699445, 11.554676998552678, 0.0], [92.6081967231176, 11.553660320479457, 0.0], [92.61734202605973, 11.55995756589121, 0.0]]], [[[92.59148449833957, 11.577996612515928, 0.0], [92.59501459766726, 11.533353833270592, 0.0], [92.58778594687904, 11.532602556731177, 0.0], [92.59148449833957, 11.577996612515928, 0.0]]], [[[92.6308519237383, 11.556336792634559, 0.0], [92.63183760441228, 11.557358332259485, 0.0], [92.63109834266437, 11.556066796194711, 0.0], [92.6308519237383, 11.556336792634559, 0.0]]], [[[92.60731633532389, 11.556526272076711, 0.0], [92.6071097480712, 11.562682966990044, 0.0], [92.60864128891886, 11.556209913697012, 0.0], [92.60731633532389, 11.556526272076711, 0.0]]], [[[92.598463610735, 11.560794494057506, 0.0], [92.59883907720024, 11.560083082899538, 0.0], [92.59858217908896, 11.560043559929168, 0.0], [92.598463610735, 11.560794494057506, 0.0]]], [[[92.61800644048152, 11.57737915741032, 0.0], [92.61395410589158, 11.563044948365777, 0.0], [92.59921945971777, 11.569056123148641, 0.0], [92.60114821120297, 11.585921748084486, 0.0], [92.61800644048152, 11.57737915741032, 0.0]]], [[[92.59974969841107, 11.587228041819253, 0.0], [92.59933713391875, 11.586581587622698, 0.0], [92.59907568941948, 11.587571573282176, 0.0], [92.59974969841107, 11.587228041819253, 0.0]]], [[[92.59303736713848, 11.589243502446502, 0.0], [92.59354623192085, 11.590332957788938, 0.0], [92.59452746821361, 11.589139696886836, 0.0], [92.59303736713848, 11.589243502446502, 0.0]]], [[[92.68912068595164, 11.608616645360012, 0.0], [92.69069414927743, 11.611685622923416, 0.0], [92.68997343283017, 11.608182479272065, 0.0], [92.68912068595164, 11.608616645360012, 0.0]]], [[[92.68618660501346, 11.630907154185435, 0.0], [92.68715399866275, 11.630396162582759, 0.0], [92.68620925012671, 11.629691190118987, 0.0], [92.68618660501346, 11.630907154185435, 0.0]]], [[[92.75583989954146, 11.636731899660669, 0.0], [92.75558970034382, 11.63677209992637, 0.0], [92.75579090036493, 11.63684549996529, 0.0], [92.75583989954146, 11.636731899660669, 0.0]]], [[[92.75469282943376, 11.636355941826011, 0.0], [92.75480252010577, 11.637228465123336, 0.0], [92.75529801220162, 11.636699748661039, 0.0], [92.75469282943376, 11.636355941826011, 0.0]]], [[[92.68869594383396, 11.63541335463968, 0.0], [92.68569335737908, 11.639875591342893, 0.0], [92.68644199051967, 11.640503572582428, 0.0], [92.68869594383396, 11.63541335463968, 0.0]]], [[[92.7546143598173, 11.637648739446506, 0.0], [92.75305975984311, 11.637819871699172, 0.0], [92.7542654627415, 11.638493922632689, 0.0], [92.7546143598173, 11.637648739446506, 0.0]]], [[[92.68044580020921, 11.648358200134448, 0.0], [92.68004449992073, 11.648326399756423, 0.0], [92.68040870013883, 11.648504800129755, 0.0], [92.68044580020921, 11.648358200134448, 0.0]]], [[[92.69685642543222, 11.664020653325773, 0.0], [92.69950583831252, 11.659169703959499, 0.0], [92.69220999968252, 11.660690337541526, 0.0], [92.69685642543222, 11.664020653325773, 0.0]]], [[[92.76039325148315, 11.6687194092104, 0.0], [92.75811926458134, 11.678188512106468, 0.0], [92.76490537231666, 11.68210583156665, 0.0], [92.76039325148315, 11.6687194092104, 0.0]]], [[[92.73288389974617, 11.681821800241265, 0.0], [92.73274739972197, 11.681923499649423, 0.0], [92.73290719992606, 11.681943800022726, 0.0], [92.73288389974617, 11.681821800241265, 0.0]]], [[[92.7332267001743, 11.682481000305337, 0.0], [92.73319190015219, 11.682626099851964, 0.0], [92.73328479990043, 11.682504199649284, 0.0], [92.7332267001743, 11.682481000305337, 0.0]]], [[[92.72501864019394, 11.688010615827002, 0.0], [92.72114309312562, 11.68775429125082, 0.0], [92.72128556727891, 11.688604064904231, 0.0], [92.72501864019394, 11.688010615827002, 0.0]]], [[[92.5867644321963, 11.700059066943306, 0.0], [92.58655786397865, 11.701306662281787, 0.0], [92.58697065200866, 11.701333845465888, 0.0], [92.5867644321963, 11.700059066943306, 0.0]]], [[[92.5859691487563, 11.704670192004507, 0.0], [92.5863695353114, 11.704176653811981, 0.0], [92.5858590309185, 11.703923188299878, 0.0], [92.5859691487563, 11.704670192004507, 0.0]]], [[[92.58499789532875, 11.704972484064267, 0.0], [92.58520438229912, 11.704032274158466, 0.0], [92.58491551126265, 11.703914654082132, 0.0], [92.58499789532875, 11.704972484064267, 0.0]]], [[[92.58265659678217, 11.708002957496076, 0.0], [92.58301592501533, 11.708172581988533, 0.0], [92.5829059136395, 11.70767530846262, 0.0], [92.58265659678217, 11.708002957496076, 0.0]]], [[[92.58395323087905, 11.708380530887409, 0.0], [92.58429489882704, 11.708207855004366, 0.0], [92.58419570510296, 11.708045972511847, 0.0], [92.58395323087905, 11.708380530887409, 0.0]]], [[[92.70172379116184, 12.232484653084265, 0.0], [92.70369710286869, 12.192643444847727, 0.0], [92.71185674296706, 12.18969832462419, 0.0], [92.70359555262797, 12.190961942819897, 0.0], [92.70103044143002, 12.18694871763021, 0.0], [92.70882931908652, 12.148285385390654, 0.0], [92.71936569823838, 12.17971526557096, 0.0], [92.74750965703517, 12.177267955006913, 0.0], [92.75102062640904, 12.180586461866124, 0.0], [92.7565630642323, 12.163164595367123, 0.0], [92.72540820371249, 12.09589990219811, 0.0], [92.73611707435711, 12.078777766604915, 0.0], [92.7323987289579, 12.072315346057646, 0.0], [92.7295018365296, 12.075263628606102, 0.0], [92.7281515611071, 12.075449418038353, 0.0], [92.7240767266572, 12.07287893490097, 0.0], [92.72275549019508, 12.064399489339944, 0.0], [92.72513329565177, 12.073353213471085, 0.0], [92.73288860669028, 12.068382545778498, 0.0], [92.7369296873607, 12.078067736541458, 0.0], [92.73359929928345, 12.065344693313804, 0.0], [92.7378300697633, 12.056537678550308, 0.0], [92.73317054611644, 12.061376101808593, 0.0], [92.72745653248356, 12.059534066400914, 0.0], [92.7252972136931, 12.057387790394055, 0.0], [92.72506932185871, 12.04965377241827, 0.0], [92.72063400510892, 12.052507575897424, 0.0], [92.71812998175896, 12.049389473729581, 0.0], [92.71381420963948, 12.052776567630309, 0.0], [92.71243607475652, 12.051524920680919, 0.0], [92.71335834768303, 12.049015915825283, 0.0], [92.71097081902582, 12.050734291399648, 0.0], [92.70983155468132, 12.049771900934626, 0.0], [92.70931158202778, 12.04639090241908, 0.0], [92.70713957572069, 12.047110282271658, 0.0], [92.70067164033256, 12.040720511979698, 0.0], [92.69868823220257, 12.042470415551552, 0.0], [92.69728712921211, 12.040671734759702, 0.0], [92.69660337080575, 12.04249808952463, 0.0], [92.69680935246525, 12.040206302607059, 0.0], [92.7007357440625, 12.040078691271946, 0.0], [92.71316968483173, 12.047926552420298, 0.0], [92.7150492035639, 12.051682242572658, 0.0], [92.70957855806226, 12.033919539171093, 0.0], [92.70944937389984, 12.032048263985331, 0.0], [92.71043632336831, 12.0310444015529, 0.0], [92.71608653866019, 12.049819577856224, 0.0], [92.7196038743243, 12.048512045830957, 0.0], [92.72111125620879, 12.051585279915411, 0.0], [92.72544555302368, 12.048849021796578, 0.0], [92.72734436273095, 12.054331371443803, 0.0], [92.72807189474261, 12.035490803159153, 0.0], [92.74001327264861, 12.028606317374786, 0.0], [92.73856949420149, 12.024263017950572, 0.0], [92.7260154058159, 12.025425076934942, 0.0], [92.72494054065059, 12.024602801537911, 0.0], [92.72514208175323, 12.02326468522021, 0.0], [92.77051470055295, 11.99861286782995, 0.0], [92.76394436870054, 11.986563871533221, 0.0], [92.75993732460452, 11.99464899314836, 0.0], [92.74394507189042, 11.9997256664216, 0.0], [92.7435662226299, 11.994297075118219, 0.0], [92.74123041315733, 11.997204519467918, 0.0], [92.74023880629994, 11.99766155416567, 0.0], [92.73050087955731, 11.999708524027513, 0.0], [92.72206379604233, 11.993464653586813, 0.0], [92.73156858477326, 11.971072478261828, 0.0], [92.71523201660986, 11.967145595594943, 0.0], [92.71048780456279, 11.933082542105272, 0.0], [92.71378325518, 11.931399965663912, 0.0], [92.71097217798454, 11.925954005051084, 0.0], [92.7141243481499, 11.921920912395901, 0.0], [92.72301464551559, 11.931442119859625, 0.0], [92.72506772023314, 11.897259200162493, 0.0], [92.71818569645517, 11.892099417625637, 0.0], [92.7133453670223, 11.897873335467827, 0.0], [92.71161962956117, 11.89817679048088, 0.0], [92.70987034849675, 11.896518346939958, 0.0], [92.70716371345179, 11.900872181974878, 0.0], [92.70390479012855, 11.900760169918165, 0.0], [92.71366835682942, 11.889058747295735, 0.0], [92.72421178426481, 11.891175258922434, 0.0], [92.7222154567046, 11.878925966255666, 0.0], [92.70980792513132, 11.872832201261748, 0.0], [92.70638162985317, 11.864439046618184, 0.0], [92.72332537844646, 11.876832701526935, 0.0], [92.72422208179248, 11.856554440663308, 0.0], [92.70170014539956, 11.814333028470447, 0.0], [92.70075455071854, 11.829611921656104, 0.0], [92.69519781014495, 11.812906314410382, 0.0], [92.65474358712935, 11.833847111136174, 0.0], [92.69191729355168, 11.813671101747932, 0.0], [92.67008264226766, 11.798197969847234, 0.0], [92.67237868551561, 11.782769806806321, 0.0], [92.69750117442085, 11.812512494680941, 0.0], [92.70580044374887, 11.792693277394061, 0.0], [92.69960648519901, 11.809627986756, 0.0], [92.72965041471997, 11.854780571452505, 0.0], [92.74425960790258, 11.93209833562631, 0.0], [92.78299231523494, 11.936915896099547, 0.0], [92.789976521885, 11.885450392103358, 0.0], [92.75445437835444, 11.700648571508534, 0.0], [92.74340649525477, 11.711536301342983, 0.0], [92.7447229310742, 11.690439457225283, 0.0], [92.71654875470752, 11.705421197716115, 0.0], [92.7109492008407, 11.693249782694867, 0.0], [92.6964535272124, 11.718876481408813, 0.0], [92.68996706559389, 11.69774399428267, 0.0], [92.6890290173252, 11.707264016381298, 0.0], [92.68520415779187, 11.70921313354889, 0.0], [92.68529204944261, 11.712716389540914, 0.0], [92.68222379436497, 11.714095743573633, 0.0], [92.68627364325218, 11.692207461143548, 0.0], [92.7056767297315, 11.70005894763285, 0.0], [92.70772267842558, 11.67050894220638, 0.0], [92.6601424513308, 11.652230754212336, 0.0], [92.67368998969097, 11.623993370310739, 0.0], [92.68112571390128, 11.638077428648195, 0.0], [92.68411752173407, 11.626134088278654, 0.0], [92.68657573761317, 11.628217407884136, 0.0], [92.6874877583224, 11.626020375720387, 0.0], [92.69120110909319, 11.622471001674807, 0.0], [92.68851904114364, 11.62421649913533, 0.0], [92.68720291111215, 11.62331271380931, 0.0], [92.68836636217799, 11.618136657844, 0.0], [92.68488664756168, 11.62024842535155, 0.0], [92.6833734355211, 11.62029849809393, 0.0], [92.68174092025578, 11.619340441893511, 0.0], [92.67203210962866, 11.609198595779134, 0.0], [92.67294879519307, 11.607367693459796, 0.0], [92.68882474202063, 11.617404266436466, 0.0], [92.69219160367801, 11.622692269920272, 0.0], [92.68779075552186, 11.627426063553195, 0.0], [92.69064743328225, 11.627425434568389, 0.0], [92.69494579326513, 11.616426414923916, 0.0], [92.68928716278694, 11.614511113156722, 0.0], [92.68639587658788, 11.602993881020176, 0.0], [92.70163138217319, 11.617726536582506, 0.0], [92.6940653500731, 11.652865180357761, 0.0], [92.71014493579456, 11.643313798976257, 0.0], [92.7282088490013, 11.658224996605702, 0.0], [92.71437512822683, 11.678435558193877, 0.0], [92.75599215623077, 11.66504711066949, 0.0], [92.73772130338065, 11.638716096032338, 0.0], [92.75428047098329, 11.61415639255842, 0.0], [92.7102269747701, 11.477384922274775, 0.0], [92.69691072096936, 11.505783378867742, 0.0], [92.66749825785324, 11.50182936523335, 0.0], [92.64520170833917, 11.522526144182974, 0.0], [92.64625072438274, 11.572399415506375, 0.0], [92.63239656827494, 11.580785459645263, 0.0], [92.61647912124883, 11.563440774373866, 0.0], [92.61879386048982, 11.582589129278388, 0.0], [92.60183759002501, 11.608648215861463, 0.0], [92.62701466188828, 11.626441180119665, 0.0], [92.63490564540433, 11.61547459961611, 0.0], [92.6447011274605, 11.635273198754765, 0.0], [92.63039006584839, 11.65188165324846, 0.0], [92.63040790085931, 11.628299003276354, 0.0], [92.60809037468127, 11.632385016562356, 0.0], [92.59770261332778, 11.649086994575436, 0.0], [92.58967952423818, 11.707913780893824, 0.0], [92.6037791358397, 11.707020065779314, 0.0], [92.58666480000595, 11.716664768632208, 0.0], [92.59129043506027, 11.738281484725379, 0.0], [92.55805305364517, 11.692299552594177, 0.0], [92.55865444201903, 11.772654460668416, 0.0], [92.54957633204022, 11.802233076592781, 0.0], [92.54072139851667, 11.785537188561303, 0.0], [92.529408666928, 11.794999195355878, 0.0], [92.54284102688206, 11.801349835043629, 0.0], [92.54955598835319, 11.809745817587118, 0.0], [92.53165320839464, 11.805929931793374, 0.0], [92.5467377881718, 11.82943995747089, 0.0], [92.5469056155549, 11.836179785779004, 0.0], [92.54501756414204, 11.84334388123546, 0.0], [92.52382493083591, 11.807369266632307, 0.0], [92.505665931931, 11.824516805393344, 0.0], [92.5201328695408, 11.839674437465067, 0.0], [92.50750340047983, 11.841495778096926, 0.0], [92.51397524795628, 11.872407942876524, 0.0], [92.52756000437773, 11.872494269491725, 0.0], [92.52023912587727, 11.898618778197308, 0.0], [92.5385467330534, 11.903502335304088, 0.0], [92.54025955996552, 11.931017626608742, 0.0], [92.56406588318872, 11.950808895914395, 0.0], [92.58054071081948, 11.9313748095038, 0.0], [92.58287160109958, 11.877005414860852, 0.0], [92.59896505546614, 11.899644801272432, 0.0], [92.5991012028604, 11.86608627792573, 0.0], [92.6047838252037, 11.852864952085557, 0.0], [92.61026351741874, 11.847305316236005, 0.0], [92.60030254332406, 11.878914946109694, 0.0], [92.60629427403636, 11.913527107918458, 0.0], [92.61977541469895, 11.921831320971226, 0.0], [92.62035369302062, 11.931075298464815, 0.0], [92.59866630186865, 11.904494992477419, 0.0], [92.59263339870756, 11.918493678912892, 0.0], [92.6076244757707, 11.929804628367416, 0.0], [92.62815914873994, 12.043004698852114, 0.0], [92.62204638695691, 12.101387803066958, 0.0], [92.66412101946227, 12.221847749525974, 0.0], [92.65484726369017, 12.180195573827243, 0.0], [92.67395444566193, 12.217787103858914, 0.0], [92.6750514297051, 12.186995485642361, 0.0], [92.68128762640224, 12.191961924962309, 0.0], [92.68784114533489, 12.235182264624838, 0.0], [92.70172379116184, 12.232484653084265, 0.0]]], [[[92.60161056175987, 11.93535505385615, 0.0], [92.60480099454418, 11.9353055647927, 0.0], [92.60330947567239, 11.92897266119804, 0.0], [92.60161056175987, 11.93535505385615, 0.0]]], [[[92.72847625506037, 11.952635603867195, 0.0], [92.72390305586259, 11.950517270743411, 0.0], [92.7321563750737, 11.95993438503267, 0.0], [92.72847625506037, 11.952635603867195, 0.0]]], [[[92.60307639994329, 11.975802364198842, 0.0], [92.60189277865277, 11.96414462753266, 0.0], [92.60814257054611, 11.940065622055421, 0.0], [92.60154158356445, 11.936177798735457, 0.0], [92.59747085697838, 11.92496717558492, 0.0], [92.58634154742843, 11.975289848344147, 0.0], [92.60307639994329, 11.975802364198842, 0.0]]], [[[92.7228393568992, 11.954450248989364, 0.0], [92.72437223478998, 11.95302128438731, 0.0], [92.7219246966147, 11.951272788959718, 0.0], [92.7228393568992, 11.954450248989364, 0.0]]], [[[92.76694206603541, 11.964542516457882, 0.0], [92.75819543355675, 11.944704155530962, 0.0], [92.7349168446208, 11.951823966360243, 0.0], [92.74841072983274, 11.968955579919479, 0.0], [92.76694206603541, 11.964542516457882, 0.0]]], [[[92.60747531600495, 11.966287592129506, 0.0], [92.60529039280391, 11.960673305563784, 0.0], [92.60460593628028, 11.966563090435201, 0.0], [92.60747531600495, 11.966287592129506, 0.0]]], [[[92.73817930000206, 11.964140299894975, 0.0], [92.73766629960781, 11.964464299298882, 0.0], [92.73826029978673, 11.964464299347528, 0.0], [92.73817930000206, 11.964140299894975, 0.0]]], [[[92.74257201092469, 11.967655280379983, 0.0], [92.7422357595091, 11.965218970922601, 0.0], [92.74041318098548, 11.965233298428311, 0.0], [92.74257201092469, 11.967655280379983, 0.0]]], [[[92.60039002780337, 11.98172826445565, 0.0], [92.59992167272125, 11.982347417509873, 0.0], [92.6001420531144, 11.9825192811306, 0.0], [92.60039002780337, 11.98172826445565, 0.0]]], [[[92.73365078754077, 11.977232687872895, 0.0], [92.75696273086044, 11.99291200979156, 0.0], [92.76078693698976, 11.983172479208566, 0.0], [92.73365078754077, 11.977232687872895, 0.0]]], [[[92.77001727718662, 12.017066443323106, 0.0], [92.77619591157956, 12.015394803728105, 0.0], [92.77026592485052, 12.012412867893001, 0.0], [92.77001727718662, 12.017066443323106, 0.0]]], [[[92.74843541015176, 12.05439614979233, 0.0], [92.78219391167454, 12.048542239704704, 0.0], [92.77769171936835, 12.024132554146306, 0.0], [92.72929854959345, 12.03690066515236, 0.0], [92.72724036342021, 12.058598511087766, 0.0], [92.73693338441264, 12.05392531945672, 0.0], [92.73907003735901, 12.056491907600634, 0.0], [92.73628172668211, 12.066012648493428, 0.0], [92.74441561854026, 12.05620946592657, 0.0], [92.74843541015176, 12.05439614979233, 0.0]]], [[[92.73656774584589, 12.069131485659744, 0.0], [92.75517508121611, 12.06675913023152, 0.0], [92.75379689905458, 12.057858529013842, 0.0], [92.73656774584589, 12.069131485659744, 0.0]]], [[[92.73940791003422, 12.11226612939834, 0.0], [92.74050531848945, 12.11123960448826, 0.0], [92.73879614626631, 12.110440257765209, 0.0], [92.73940791003422, 12.11226612939834, 0.0]]], [[[92.75364999396466, 12.143146431222286, 0.0], [92.75677041010047, 12.148935131588207, 0.0], [92.75401752555436, 12.1426628553094, 0.0], [92.75364999396466, 12.143146431222286, 0.0]]], [[[92.75903210021006, 12.166272800185496, 0.0], [92.75879139969872, 12.168165199805934, 0.0], [92.75984549989072, 12.168480599838187, 0.0], [92.75903210021006, 12.166272800185496, 0.0]]], [[[92.71334910421376, 12.169675509459955, 0.0], [92.712747223762, 12.1704972441064, 0.0], [92.71337091682997, 12.170555787118786, 0.0], [92.71334910421376, 12.169675509459955, 0.0]]], [[[92.7593322524303, 12.169703656860893, 0.0], [92.75938227152777, 12.172546883895285, 0.0], [92.75974514121236, 12.172580840406034, 0.0], [92.7593322524303, 12.169703656860893, 0.0]]], [[[92.75554629675025, 12.180854212382409, 0.0], [92.76149996420841, 12.174357451184637, 0.0], [92.75841710407038, 12.173877833403493, 0.0], [92.75554629675025, 12.180854212382409, 0.0]]], [[[92.71949902084197, 12.18022522723199, 0.0], [92.720926344362, 12.181754513618289, 0.0], [92.71962111219051, 12.179933395039892, 0.0], [92.71949902084197, 12.18022522723199, 0.0]]], [[[92.72827467749796, 12.18395030048903, 0.0], [92.72868115045677, 12.189130168260974, 0.0], [92.73027994731538, 12.18856002590522, 0.0], [92.72827467749796, 12.18395030048903, 0.0]]], [[[92.70629065559436, 12.197317102901307, 0.0], [92.7073424449676, 12.197135104482228, 0.0], [92.70662783173316, 12.196510405517405, 0.0], [92.70629065559436, 12.197317102901307, 0.0]]], [[[92.7292553418207, 12.24259163276443, 0.0], [92.74236401347646, 12.204757087661903, 0.0], [92.73891290216702, 12.236187221240648, 0.0], [92.74410678871533, 12.22787240433674, 0.0], [92.7616779953511, 12.229804205486575, 0.0], [92.76328815113385, 12.181945004595885, 0.0], [92.73262333491414, 12.184524384619523, 0.0], [92.72850702124602, 12.197679623750858, 0.0], [92.72247034119381, 12.18832515129695, 0.0], [92.7292553418207, 12.24259163276443, 0.0]]], [[[92.68170576921172, 12.214619098388063, 0.0], [92.6810138231367, 12.223374677758095, 0.0], [92.68186414963728, 12.223831034523876, 0.0], [92.68170576921172, 12.214619098388063, 0.0]]], [[[92.6953612051783, 12.245804558443508, 0.0], [92.69656661285038, 12.250193232360775, 0.0], [92.69830650810286, 12.243552779788716, 0.0], [92.6953612051783, 12.245804558443508, 0.0]]], [[[92.731379899896, 12.252229700105508, 0.0], [92.73161150016193, 12.252543599653924, 0.0], [92.73179119994661, 12.251880399689103, 0.0], [92.731379899896, 12.252229700105508, 0.0]]], [[[92.72089974151964, 12.255640823317748, 0.0], [92.7239976723051, 12.25610981503922, 0.0], [92.72343156422481, 12.25400359376858, 0.0], [92.72089974151964, 12.255640823317748, 0.0]]], [[[92.7157122165037, 12.258226479789878, 0.0], [92.71684757482875, 12.258976690216944, 0.0], [92.71680131483951, 12.256219396252453, 0.0], [92.7157122165037, 12.258226479789878, 0.0]]], [[[92.70362283371843, 12.299733743135556, 0.0], [92.72307270724082, 12.290940104188097, 0.0], [92.71878317745073, 12.28318635448944, 0.0], [92.70992601901908, 12.229657141541862, 0.0], [92.6987260616425, 12.274730796444038, 0.0], [92.70362283371843, 12.299733743135556, 0.0]]], [[[92.74936923951537, 12.287003821673506, 0.0], [92.74172062014563, 12.255467437321908, 0.0], [92.73457699252435, 12.248134529846237, 0.0], [92.73881212137317, 12.28242613882286, 0.0], [92.74936923951537, 12.287003821673506, 0.0]]], [[[92.76426233594078, 12.265604655000526, 0.0], [92.7522083579315, 12.27787392570185, 0.0], [92.76218227828923, 12.294094438706416, 0.0], [92.76733450529699, 12.284996474050848, 0.0], [92.76426233594078, 12.265604655000526, 0.0]]], [[[92.7352128866558, 12.281335172490614, 0.0], [92.73505140787256, 12.290574363243655, 0.0], [92.7367364888637, 12.292716667040722, 0.0], [92.7352128866558, 12.281335172490614, 0.0]]], [[[92.75142613896428, 12.29098503061734, 0.0], [92.75051061266164, 12.290986273708686, 0.0], [92.75126194026183, 12.291720983489421, 0.0], [92.75142613896428, 12.29098503061734, 0.0]]], [[[92.76841645478927, 12.288630853168984, 0.0], [92.76885911283738, 12.294509352247454, 0.0], [92.77007947245926, 12.295002266249163, 0.0], [92.76841645478927, 12.288630853168984, 0.0]]], [[[92.7515076403744, 12.292613761444764, 0.0], [92.75230477537733, 12.294329327795001, 0.0], [92.75316210694754, 12.294114782098163, 0.0], [92.7515076403744, 12.292613761444764, 0.0]]], [[[92.7627195330976, 12.297175000931661, 0.0], [92.76497625147479, 12.299401701655672, 0.0], [92.76437450929731, 12.29672784517888, 0.0], [92.7627195330976, 12.297175000931661, 0.0]]], [[[92.68499432382018, 12.554273016996161, 0.0], [92.68415638243444, 12.516886650328015, 0.0], [92.67813778264784, 12.505564428754758, 0.0], [92.66179931748282, 12.53287716970887, 0.0], [92.68499432382018, 12.554273016996161, 0.0]]], [[[92.70001905465949, 12.638225617688084, 0.0], [92.70191944672695, 12.636114297895995, 0.0], [92.69919019807568, 12.637136583428568, 0.0], [92.70001905465949, 12.638225617688084, 0.0]]], [[[92.70275846657003, 12.640299394392112, 0.0], [92.69887772663105, 12.638953640603166, 0.0], [92.70152512649851, 12.641190170494234, 0.0], [92.70275846657003, 12.640299394392112, 0.0]]], [[[92.7005446853358, 12.641213060993463, 0.0], [92.7004523919298, 12.640431160096467, 0.0], [92.7001900144285, 12.640413158005362, 0.0], [92.7005446853358, 12.641213060993463, 0.0]]], [[[92.70236825477463, 12.643721012589301, 0.0], [92.70283698329382, 12.641162655087678, 0.0], [92.70094070839014, 12.641750801481873, 0.0], [92.70236825477463, 12.643721012589301, 0.0]]], [[[92.72636884209298, 12.655531973219992, 0.0], [92.72921280853221, 12.653411050576068, 0.0], [92.73013794340635, 12.653121407712439, 0.0], [92.72809427170802, 12.653547093752364, 0.0], [92.72636884209298, 12.655531973219992, 0.0]]], [[[92.7240393849711, 12.655044739092748, 0.0], [92.7269945106164, 12.654587086636, 0.0], [92.72494072502685, 12.652748328122248, 0.0], [92.7240393849711, 12.655044739092748, 0.0]]], [[[92.77285402528011, 12.673661895388515, 0.0], [92.78199151014157, 12.68824237363957, 0.0], [92.77537641000015, 12.674490101799298, 0.0], [92.77285402528011, 12.673661895388515, 0.0]]], [[[92.72473823592217, 12.68372174276028, 0.0], [92.72481388415903, 12.683391901987196, 0.0], [92.72437516873666, 12.683281120461286, 0.0], [92.72473823592217, 12.68372174276028, 0.0]]], [[[92.71344250926566, 12.689797424965427, 0.0], [92.7147319210974, 12.688780593929197, 0.0], [92.71388764627186, 12.68855980540569, 0.0], [92.71344250926566, 12.689797424965427, 0.0]]], [[[92.72400470022743, 12.692406599788086, 0.0], [92.7235907001683, 12.691440599762682, 0.0], [92.72296969953014, 12.691923600047756, 0.0], [92.72400470022743, 12.692406599788086, 0.0]]], [[[92.72212501360796, 12.692417039242422, 0.0], [92.72273443358729, 12.69225672325816, 0.0], [92.72252700927908, 12.691930730704719, 0.0], [92.72212501360796, 12.692417039242422, 0.0]]], [[[92.73205571061786, 12.703407908046293, 0.0], [92.7293849648811, 12.702595442247734, 0.0], [92.73047748915512, 12.7058176077666, 0.0], [92.73205571061786, 12.703407908046293, 0.0]]], [[[92.72196734021979, 12.7376312133853, 0.0], [92.7290096001066, 12.73025217035432, 0.0], [92.72712941087113, 12.72655574277786, 0.0], [92.72196734021979, 12.7376312133853, 0.0]]], [[[92.73846870798936, 12.73287868185214, 0.0], [92.73734071644942, 12.73323171910206, 0.0], [92.73750687224165, 12.734099444233667, 0.0], [92.73846870798936, 12.73287868185214, 0.0]]], [[[92.7256672358731, 12.751870715142205, 0.0], [92.72592180696562, 12.753791946783979, 0.0], [92.72617208020036, 12.751718652154292, 0.0], [92.7256672358731, 12.751870715142205, 0.0]]], [[[92.653650843758, 12.772533077297483, 0.0], [92.65546960358081, 12.770774715412077, 0.0], [92.6543550091631, 12.76947754674372, 0.0], [92.653650843758, 12.772533077297483, 0.0]]], [[[92.71631753779704, 12.774800575319222, 0.0], [92.71674078594579, 12.773688544728463, 0.0], [92.71593961693111, 12.774000651427452, 0.0], [92.71631753779704, 12.774800575319222, 0.0]]], [[[92.70989402542513, 12.828666555964098, 0.0], [92.71125276693148, 12.777188518709767, 0.0], [92.72480351781398, 12.748346518470985, 0.0], [92.71730519667622, 12.756340778256476, 0.0], [92.71656384084065, 12.719169886037372, 0.0], [92.69370382454406, 12.79763639209114, 0.0], [92.70989402542513, 12.828666555964098, 0.0]]], [[[92.71925936340689, 12.784454335639092, 0.0], [92.72400288312566, 12.762070057257727, 0.0], [92.71656668569196, 12.788188606206852, 0.0], [92.71925936340689, 12.784454335639092, 0.0]]], [[[92.7148075544363, 12.776129872057354, 0.0], [92.71686169697446, 12.776789199234846, 0.0], [92.71683353384401, 12.775388021100929, 0.0], [92.7148075544363, 12.776129872057354, 0.0]]], [[[92.71592030415958, 12.783858677931482, 0.0], [92.71485627145175, 12.783284945986859, 0.0], [92.71554275080116, 12.78407122374001, 0.0], [92.71592030415958, 12.783858677931482, 0.0]]], [[[92.7165229822032, 12.790277877022941, 0.0], [92.71750526456809, 12.790183469032685, 0.0], [92.7173455872042, 12.789747763498127, 0.0], [92.7165229822032, 12.790277877022941, 0.0]]], [[[92.71641731104381, 12.795054454016087, 0.0], [92.71906401869202, 12.791347319760543, 0.0], [92.7185849391602, 12.791044625580984, 0.0], [92.71641731104381, 12.795054454016087, 0.0]]], [[[92.72047937691964, 12.795134611422155, 0.0], [92.72213339133774, 12.796743205675238, 0.0], [92.72251097419328, 12.796571329753792, 0.0], [92.72047937691964, 12.795134611422155, 0.0]]], [[[92.71460728801856, 12.794869651168096, 0.0], [92.71460818292789, 12.797274264147825, 0.0], [92.71519777589995, 12.797504614244025, 0.0], [92.71460728801856, 12.794869651168096, 0.0]]], [[[92.71633118127271, 12.798683997449755, 0.0], [92.71489346973928, 12.80069793577392, 0.0], [92.71544116975149, 12.801160596849737, 0.0], [92.71633118127271, 12.798683997449755, 0.0]]], [[[92.71624490979022, 12.80194290374439, 0.0], [92.71539914403034, 12.804211866912661, 0.0], [92.71628473283292, 12.804702975357133, 0.0], [92.71624490979022, 12.80194290374439, 0.0]]], [[[92.72401767025616, 12.83199815771879, 0.0], [92.72571997559196, 12.838316478435674, 0.0], [92.72650786787518, 12.838840533627549, 0.0], [92.72401767025616, 12.83199815771879, 0.0]]], [[[92.76803377457375, 12.86207599658043, 0.0], [92.78078928422362, 12.840073679592747, 0.0], [92.78506907510594, 12.83256838227674, 0.0], [92.7839752812486, 12.824699173625818, 0.0], [92.76803377457375, 12.86207599658043, 0.0]]], [[[92.75943738528622, 12.85955975677914, 0.0], [92.76562560864866, 12.849422145743622, 0.0], [92.76505815670944, 12.84755950175127, 0.0], [92.76581574484725, 12.837277052109176, 0.0], [92.76525849461254, 12.836061160599497, 0.0], [92.75943738528622, 12.85955975677914, 0.0]]], [[[92.71937841687719, 12.865031242869746, 0.0], [92.71761177545577, 12.835281590252228, 0.0], [92.70862903718935, 12.833494180480136, 0.0], [92.71937841687719, 12.865031242869746, 0.0]]], [[[92.73110326591079, 12.856041838465774, 0.0], [92.72849596492745, 12.8561105253788, 0.0], [92.73100235969484, 12.857040776429246, 0.0], [92.73110326591079, 12.856041838465774, 0.0]]], [[[92.76502892596154, 12.872955243533015, 0.0], [92.76566822048953, 12.861384211063642, 0.0], [92.76533708358852, 12.855273209135788, 0.0], [92.76024716994027, 12.868344379138364, 0.0], [92.76502892596154, 12.872955243533015, 0.0]]], [[[92.75591810590961, 12.878821687151627, 0.0], [92.75771455061933, 12.875976857961673, 0.0], [92.75586044140414, 12.876334158045335, 0.0], [92.75591810590961, 12.878821687151627, 0.0]]], [[[92.69811502726489, 12.989418687104468, 0.0], [92.71959852129677, 12.97905914206042, 0.0], [92.7097791352792, 12.946035298135135, 0.0], [92.72145581781947, 12.944571996543845, 0.0], [92.7206550619011, 12.889601141129898, 0.0], [92.71821002333638, 12.88132139096518, 0.0], [92.70731524807574, 12.883932397216295, 0.0], [92.70589135320246, 12.883046852548933, 0.0], [92.7038355954554, 12.88003709220748, 0.0], [92.70402355388009, 12.877239214911745, 0.0], [92.703056400596, 12.878188632021237, 0.0], [92.70202893814323, 12.877872481551597, 0.0], [92.70160030893896, 12.87731663130855, 0.0], [92.71870965808142, 12.874835156556795, 0.0], [92.69959843116023, 12.840226554379873, 0.0], [92.67108489710925, 12.83762342825381, 0.0], [92.68805341020605, 12.816973809175723, 0.0], [92.66727911893503, 12.782593475976572, 0.0], [92.64686317694373, 12.862005672049255, 0.0], [92.67899512791143, 12.94219492037699, 0.0], [92.67948964857798, 12.94853605042991, 0.0], [92.6680625790174, 12.957196899774214, 0.0], [92.66971409752668, 12.966105162588518, 0.0], [92.69811502726489, 12.989418687104468, 0.0]]], [[[92.75485340995988, 12.911078644075, 0.0], [92.75623049534333, 12.897216129379972, 0.0], [92.75267434134784, 12.889585979945593, 0.0], [92.74804686701195, 12.894598040066718, 0.0], [92.75485340995988, 12.911078644075, 0.0]]], [[[92.76793644152346, 12.916247306882852, 0.0], [92.76817266668948, 12.917548476849698, 0.0], [92.76818815687092, 12.916158238662474, 0.0], [92.76793644152346, 12.916247306882852, 0.0]]], [[[92.76652362306221, 12.921970492517966, 0.0], [92.7612266046111, 12.921956359275379, 0.0], [92.76518451958901, 12.926087991181507, 0.0], [92.76652362306221, 12.921970492517966, 0.0]]], [[[92.77075304889546, 12.932520414690762, 0.0], [92.77381371451068, 12.921195939210504, 0.0], [92.77183256471471, 12.917591123242758, 0.0], [92.77075304889546, 12.932520414690762, 0.0]]], [[[92.75907981550023, 12.93515880499304, 0.0], [92.76573501288667, 12.928212483226266, 0.0], [92.76247960217295, 12.92548432975352, 0.0], [92.75907981550023, 12.93515880499304, 0.0]]], [[[92.67343920216803, 12.933394347059238, 0.0], [92.67301530093549, 12.932897117458413, 0.0], [92.67291853375244, 12.93308696850792, 0.0], [92.67343920216803, 12.933394347059238, 0.0]]], [[[92.67213517085628, 12.93345298136346, 0.0], [92.6725223226983, 12.933109516453866, 0.0], [92.67206158369001, 12.932793080757996, 0.0], [92.67213517085628, 12.93345298136346, 0.0]]], [[[92.67655847442693, 12.94724372225797, 0.0], [92.67756767745374, 12.947175821539817, 0.0], [92.67701452407626, 12.946452722427068, 0.0], [92.67655847442693, 12.94724372225797, 0.0]]], [[[92.66942971383736, 12.948740384594943, 0.0], [92.67197805002196, 12.948387642630781, 0.0], [92.67037424047538, 12.947795688530263, 0.0], [92.66942971383736, 12.948740384594943, 0.0]]], [[[92.67555431149552, 12.949350018528568, 0.0], [92.67281216513959, 12.94843276831398, 0.0], [92.67216708290032, 12.948853158449174, 0.0], [92.67555431149552, 12.949350018528568, 0.0]]], [[[92.66665133594647, 12.951262588014835, 0.0], [92.66841601433349, 12.949463615272274, 0.0], [92.66629170141222, 12.950223072639039, 0.0], [92.66665133594647, 12.951262588014835, 0.0]]], [[[92.67038894108094, 12.95237417495168, 0.0], [92.66925025377311, 12.950159593955425, 0.0], [92.66903850755972, 12.951438693265025, 0.0], [92.67038894108094, 12.95237417495168, 0.0]]], [[[92.66791878187114, 12.95204893696638, 0.0], [92.66704314039109, 12.951777812341016, 0.0], [92.66702014488305, 12.952039957585459, 0.0], [92.66791878187114, 12.95204893696638, 0.0]]], [[[92.66917229689486, 12.95222511699187, 0.0], [92.66948124314825, 12.953205875629804, 0.0], [92.66997887551727, 12.952803581206728, 0.0], [92.66917229689486, 12.95222511699187, 0.0]]], [[[92.66930157861898, 12.953544868481693, 0.0], [92.66670243638421, 12.953572167577454, 0.0], [92.66866146727983, 12.956030767148436, 0.0], [92.66930157861898, 12.953544868481693, 0.0]]], [[[92.71296808856287, 13.091795767410767, 0.0], [92.70600776218525, 13.070857529918984, 0.0], [92.699594216453, 13.070253827754923, 0.0], [92.69466838867326, 13.09656537952223, 0.0], [92.71296808856287, 13.091795767410767, 0.0]]], [[[92.72751616217077, 13.092667183337234, 0.0], [92.73157971026426, 13.095522069539644, 0.0], [92.72709540966393, 13.08990571578692, 0.0], [92.72751616217077, 13.092667183337234, 0.0]]], [[[92.75453617772752, 13.20201819902933, 0.0], [92.75538496147178, 13.20184223077892, 0.0], [92.75473476240626, 13.201209447191562, 0.0], [92.75453617772752, 13.20201819902933, 0.0]]], [[[92.85176867316474, 8.838610486619597, 0.0], [92.85981916027842, 8.819622028399339, 0.0], [92.84642398562842, 8.817386686679146, 0.0], [92.85176867316474, 8.838610486619597, 0.0]]], [[[92.86331633766011, 8.834401285939654, 0.0], [92.86324005891505, 8.834102135743882, 0.0], [92.86306602286339, 8.834293014687473, 0.0], [92.86331633766011, 8.834401285939654, 0.0]]], [[[92.78567027769627, 12.07355296050256, 0.0], [92.78688241727386, 12.077704841862714, 0.0], [92.78734861020813, 12.077847266978285, 0.0], [92.78567027769627, 12.07355296050256, 0.0]]], [[[92.79922136672877, 12.07631569905349, 0.0], [92.79862205444796, 12.075154019778552, 0.0], [92.79847040419216, 12.07657334457981, 0.0], [92.79922136672877, 12.07631569905349, 0.0]]], [[[92.79190465079441, 12.078878282262409, 0.0], [92.7920011492276, 12.078731400713606, 0.0], [92.79191388699438, 12.078697423420644, 0.0], [92.79190465079441, 12.078878282262409, 0.0]]], [[[92.79159468088483, 12.07906135840242, 0.0], [92.79177053598532, 12.078788738620622, 0.0], [92.79167505662515, 12.078731338847035, 0.0], [92.79159468088483, 12.07906135840242, 0.0]]], [[[92.79119737546861, 12.079183327196615, 0.0], [92.7910480534947, 12.079079398809865, 0.0], [92.79114453587412, 12.079192331714715, 0.0], [92.79119737546861, 12.079183327196615, 0.0]]], [[[92.79983395661816, 12.089232296526774, 0.0], [92.79927816882245, 12.090176920482481, 0.0], [92.79997636909687, 12.089745332479458, 0.0], [92.79983395661816, 12.089232296526774, 0.0]]], [[[92.95651833959168, 12.092220347862597, 0.0], [92.95688103147256, 12.089806559149304, 0.0], [92.95582465752325, 12.091189845405681, 0.0], [92.95651833959168, 12.092220347862597, 0.0]]], [[[92.94547489897151, 12.119721870993992, 0.0], [92.95729968428337, 12.099226688835678, 0.0], [92.95013087881857, 12.07923652014424, 0.0], [92.94547489897151, 12.119721870993992, 0.0]]], [[[92.95585977092274, 12.131268898312436, 0.0], [92.95694612251765, 12.13020204644943, 0.0], [92.95538877931692, 12.130683633280524, 0.0], [92.95585977092274, 12.131268898312436, 0.0]]], [[[92.85120437137067, 12.141230751655122, 0.0], [92.85138124378051, 12.141644304390763, 0.0], [92.8515443000056, 12.141445439209452, 0.0], [92.85120437137067, 12.141230751655122, 0.0]]], [[[92.85200604581563, 12.141752703401284, 0.0], [92.85154438243472, 12.141965246367427, 0.0], [92.85203366193053, 12.142005839433201, 0.0], [92.85200604581563, 12.141752703401284, 0.0]]], [[[92.86535061687285, 12.181943901082562, 0.0], [92.86514406824013, 12.183060369475477, 0.0], [92.86602157793662, 12.18240479705333, 0.0], [92.86535061687285, 12.181943901082562, 0.0]]], [[[92.81387726915574, 12.31122065042457, 0.0], [92.8321210133709, 12.292016145427114, 0.0], [92.84699724608453, 12.303658470120904, 0.0], [92.85038438087322, 12.283274413852784, 0.0], [92.85484832073709, 12.287922727918735, 0.0], [92.85409891021716, 12.286697887330567, 0.0], [92.85417670612127, 12.284507852648696, 0.0], [92.8560082257603, 12.283526725793378, 0.0], [92.85375330945558, 12.28122405215148, 0.0], [92.85472317185126, 12.28133009849907, 0.0], [92.85607481546703, 12.283158251587198, 0.0], [92.8561416043039, 12.283784345104877, 0.0], [92.85472889389911, 12.288386036425274, 0.0], [92.85223945439125, 12.285599779563626, 0.0], [92.84900124664124, 12.302051250128079, 0.0], [92.87222643788206, 12.301705788123671, 0.0], [92.87151945240747, 12.29539359885312, 0.0], [92.86904867542648, 12.295308245789316, 0.0], [92.86600299952592, 12.29316635525579, 0.0], [92.86344139630212, 12.28678215748223, 0.0], [92.86651546727832, 12.293186589417958, 0.0], [92.87029195497512, 12.294722654475676, 0.0], [92.88205807956899, 12.262525147848704, 0.0], [92.88509001078614, 12.270474395414102, 0.0], [92.8912634762412, 12.266436750801516, 0.0], [92.8752493752703, 12.25060666495062, 0.0], [92.86963197371742, 12.250970417460525, 0.0], [92.86811890523758, 12.257255626984309, 0.0], [92.86424694691667, 12.258307377397664, 0.0], [92.86565855104028, 12.26111181778528, 0.0], [92.86373745746329, 12.261419522370458, 0.0], [92.8646040471021, 12.262515530751907, 0.0], [92.8629657554219, 12.263569068700281, 0.0], [92.86186935837603, 12.262543206324594, 0.0], [92.86195912123371, 12.263566940262535, 0.0], [92.85786529117978, 12.244497563269086, 0.0], [92.86450137144928, 12.208789326671818, 0.0], [92.88286165695257, 12.197677206862586, 0.0], [92.87456442047298, 12.192296479621762, 0.0], [92.85316440178883, 12.204332124968296, 0.0], [92.82756266399885, 12.203001425344578, 0.0], [92.83324014167148, 12.205887151098887, 0.0], [92.83490638046948, 12.211460396642273, 0.0], [92.83318108420292, 12.214380501695903, 0.0], [92.83568770648131, 12.21307398906581, 0.0], [92.83842419362335, 12.213030833831903, 0.0], [92.83985091310319, 12.212146963973337, 0.0], [92.84053328472373, 12.212332200317965, 0.0], [92.84058691368797, 12.219390459113267, 0.0], [92.81739216529935, 12.23296146165515, 0.0], [92.81113751284077, 12.234080243884485, 0.0], [92.8069831127085, 12.232260870142566, 0.0], [92.8059169653703, 12.231074291117553, 0.0], [92.80506450660852, 12.232003150127758, 0.0], [92.80262185222828, 12.232644929762168, 0.0], [92.80572394215156, 12.230764697385373, 0.0], [92.81703368605311, 12.232452906342141, 0.0], [92.84046509906311, 12.219089883119858, 0.0], [92.8402691047772, 12.212445269516236, 0.0], [92.83351885422104, 12.214791809310015, 0.0], [92.83280426487967, 12.21452523713443, 0.0], [92.82676538904285, 12.203003732212945, 0.0], [92.84472042784665, 12.200805284008382, 0.0], [92.84002035478474, 12.185263184937481, 0.0], [92.85414098152182, 12.191033665477528, 0.0], [92.85483696647043, 12.16179025797099, 0.0], [92.8444634362564, 12.147453720787322, 0.0], [92.82238529486379, 12.178138430976912, 0.0], [92.82077418652807, 12.159759461568047, 0.0], [92.8172297989834, 12.163723700771374, 0.0], [92.80756553758029, 12.160073750572298, 0.0], [92.80677044953606, 12.171159476875141, 0.0], [92.80109394220898, 12.170585204150441, 0.0], [92.80713364801719, 12.159944856187753, 0.0], [92.82693270780383, 12.156138466076099, 0.0], [92.81641580219143, 12.124614364380603, 0.0], [92.80149280569887, 12.131991933684578, 0.0], [92.81811296805476, 12.113180446208329, 0.0], [92.78362540208128, 12.106030467517478, 0.0], [92.80079146526919, 12.093535500209704, 0.0], [92.76344496210179, 12.063223543935381, 0.0], [92.75204576833363, 12.07440209102326, 0.0], [92.75462660913348, 12.076041288883005, 0.0], [92.7581689341425, 12.081389396158077, 0.0], [92.76036063739745, 12.08906729322793, 0.0], [92.75906270785025, 12.091065007339354, 0.0], [92.76162135619359, 12.089754664888268, 0.0], [92.76375710800714, 12.090141451703104, 0.0], [92.75882151168207, 12.09157122081187, 0.0], [92.76068125049282, 12.092900563330286, 0.0], [92.76032961556338, 12.095350429179637, 0.0], [92.76222438869182, 12.09521061389922, 0.0], [92.76377892269849, 12.0966189732337, 0.0], [92.76335581288996, 12.099617990309357, 0.0], [92.76356531296187, 12.0967929654446, 0.0], [92.7599988408088, 12.095427193437278, 0.0], [92.75776519197555, 12.09093818288146, 0.0], [92.75784053584084, 12.081497811853016, 0.0], [92.74721146545014, 12.074126269086294, 0.0], [92.73776932066791, 12.097540439979902, 0.0], [92.76345884880338, 12.1652406364944, 0.0], [92.77080750585422, 12.241573923488907, 0.0], [92.75000018909569, 12.232433402591258, 0.0], [92.74113666847884, 12.24537571359002, 0.0], [92.74938838965262, 12.274089806028368, 0.0], [92.76323681973288, 12.262482533368548, 0.0], [92.7876820024204, 12.280240858985211, 0.0], [92.77537911806733, 12.30118584290859, 0.0], [92.76694928245165, 12.297195600096693, 0.0], [92.77088855442314, 12.313120680251737, 0.0], [92.79500494470865, 12.303590193322465, 0.0], [92.81387726915574, 12.31122065042457, 0.0]]], [[[92.84731365126851, 12.196088148222557, 0.0], [92.84800302798548, 12.196827176741776, 0.0], [92.84801662162663, 12.195545668318152, 0.0], [92.84731365126851, 12.196088148222557, 0.0]]], [[[92.92395149839432, 12.216418187317457, 0.0], [92.9405267858642, 12.21523645099211, 0.0], [92.93206944798895, 12.195505874567498, 0.0], [92.92395149839432, 12.216418187317457, 0.0]]], [[[92.87155926784736, 12.2279488473872, 0.0], [92.87037146842326, 12.22833787662011, 0.0], [92.87101492597773, 12.228898222445304, 0.0], [92.87155926784736, 12.2279488473872, 0.0]]], [[[92.88425309121139, 12.2489654319077, 0.0], [92.89766473151852, 12.2586743345138, 0.0], [92.8971912100961, 12.256207144151588, 0.0], [92.90515244328931, 12.252019386091252, 0.0], [92.90446361106027, 12.247607962040249, 0.0], [92.9136957232353, 12.232152231525722, 0.0], [92.91350822964338, 12.221086880107832, 0.0], [92.8910441879482, 12.231315468481412, 0.0], [92.87749014800185, 12.209308215144556, 0.0], [92.86968800436874, 12.244843312446045, 0.0], [92.87732021419184, 12.248959555614112, 0.0], [92.87911956194559, 12.238251651240068, 0.0], [92.88464803835643, 12.238569160875798, 0.0], [92.88425309121139, 12.2489654319077, 0.0]]], [[[92.8813348507228, 12.24154355621542, 0.0], [92.88176221468987, 12.239292504653674, 0.0], [92.88068678161203, 12.239391999284692, 0.0], [92.8813348507228, 12.24154355621542, 0.0]]], [[[92.86088505487984, 12.246121989534865, 0.0], [92.86613836355558, 12.236567719920023, 0.0], [92.86505138211086, 12.236025504403768, 0.0], [92.86088505487984, 12.246121989534865, 0.0]]], [[[92.91095315622591, 12.245273983393826, 0.0], [92.91208851890259, 12.24390673938263, 0.0], [92.9116680268355, 12.243497671659615, 0.0], [92.91095315622591, 12.245273983393826, 0.0]]], [[[92.87930624329422, 12.246322434688565, 0.0], [92.88092348611856, 12.248598675942848, 0.0], [92.88041390662882, 12.245796057687057, 0.0], [92.87930624329422, 12.246322434688565, 0.0]]], [[[92.91031181124346, 12.247931758448518, 0.0], [92.91158474803346, 12.249034805544092, 0.0], [92.91149075655633, 12.247161202264468, 0.0], [92.91031181124346, 12.247931758448518, 0.0]]], [[[92.90592719024126, 12.249816271728516, 0.0], [92.90786897699171, 12.249380225172374, 0.0], [92.90606742826576, 12.248690710395188, 0.0], [92.90592719024126, 12.249816271728516, 0.0]]], [[[92.91080330444525, 12.250784055693257, 0.0], [92.91175107241695, 12.250026677480944, 0.0], [92.91099250448688, 12.249784027792458, 0.0], [92.91080330444525, 12.250784055693257, 0.0]]], [[[92.90626000337859, 12.252769805574312, 0.0], [92.90761371910989, 12.251061725135738, 0.0], [92.90619128942363, 12.251280818286554, 0.0], [92.90626000337859, 12.252769805574312, 0.0]]], [[[92.90704819456873, 12.253411776391864, 0.0], [92.90763630040964, 12.254648089022682, 0.0], [92.90859221079994, 12.255278716286655, 0.0], [92.90704819456873, 12.253411776391864, 0.0]]], [[[92.90519123509571, 12.254647807219536, 0.0], [92.90469947839856, 12.254243226910496, 0.0], [92.90493154727997, 12.254754067072101, 0.0], [92.90519123509571, 12.254647807219536, 0.0]]], [[[92.91765918045742, 12.254915234612485, 0.0], [92.91852908452594, 12.253981270373249, 0.0], [92.91779597220614, 12.253816232549386, 0.0], [92.91765918045742, 12.254915234612485, 0.0]]], [[[92.91918237008626, 12.255218267803166, 0.0], [92.92047426092178, 12.255589663064733, 0.0], [92.91951694357228, 12.254420044472358, 0.0], [92.91918237008626, 12.255218267803166, 0.0]]], [[[92.91777280092306, 12.256593938616128, 0.0], [92.91904973711245, 12.256309380390285, 0.0], [92.91776205367488, 12.255926111318752, 0.0], [92.91777280092306, 12.256593938616128, 0.0]]], [[[92.90857821936815, 12.25667778695524, 0.0], [92.90685700916185, 12.257226769987719, 0.0], [92.90782664855455, 12.258329822219231, 0.0], [92.90857821936815, 12.25667778695524, 0.0]]], [[[92.89996972812887, 12.257883623695445, 0.0], [92.90053740464886, 12.257614702060323, 0.0], [92.89981583002404, 12.257589754901874, 0.0], [92.89996972812887, 12.257883623695445, 0.0]]], [[[92.9026889329687, 12.256922096587124, 0.0], [92.90130778887571, 12.260117352120263, 0.0], [92.90251889079835, 12.260788857692624, 0.0], [92.9026889329687, 12.256922096587124, 0.0]]], [[[92.86295793509056, 12.259067016153004, 0.0], [92.86396686801233, 12.2595006878277, 0.0], [92.86416671009694, 12.259254359536273, 0.0], [92.86295793509056, 12.259067016153004, 0.0]]], [[[92.91317151045075, 12.26048528609166, 0.0], [92.91410371797537, 12.262000358170583, 0.0], [92.91434228641666, 12.260564932320097, 0.0], [92.91317151045075, 12.26048528609166, 0.0]]], [[[92.91612088204303, 12.262238649601981, 0.0], [92.91733676582486, 12.261416731779422, 0.0], [92.9156673970463, 12.26144552220388, 0.0], [92.91612088204303, 12.262238649601981, 0.0]]], [[[92.91448929644582, 12.263877543303868, 0.0], [92.91543809932014, 12.262797616791815, 0.0], [92.91410679320539, 12.263208588287663, 0.0], [92.91448929644582, 12.263877543303868, 0.0]]], [[[92.90193727744763, 12.26404530275719, 0.0], [92.90209240790988, 12.263885609218356, 0.0], [92.90206959454876, 12.263625537915933, 0.0], [92.90193727744763, 12.26404530275719, 0.0]]], [[[92.93385122528457, 12.310665481200175, 0.0], [92.94301506534339, 12.274797905678232, 0.0], [92.92215174018233, 12.229277981252647, 0.0], [92.91986531479502, 12.269136204129746, 0.0], [92.90003910471604, 12.271568360719368, 0.0], [92.90114898370344, 12.289890893394924, 0.0], [92.91339074975058, 12.304096763764255, 0.0], [92.92753834997654, 12.278086463401735, 0.0], [92.93385122528457, 12.310665481200175, 0.0]]], [[[92.88823926258945, 12.278439479357719, 0.0], [92.88389651400264, 12.274488078449581, 0.0], [92.88812851643989, 12.280724376820814, 0.0], [92.88823926258945, 12.278439479357719, 0.0]]], [[[92.87834067558576, 12.290226073319253, 0.0], [92.88451821758464, 12.279758617658688, 0.0], [92.87689871486647, 12.284028596025781, 0.0], [92.87710453321249, 12.288772558116001, 0.0], [92.87834067558576, 12.290226073319253, 0.0]]], [[[92.89062601004403, 12.298140913422232, 0.0], [92.89064522672315, 12.293426350599338, 0.0], [92.88692179984884, 12.293816693540753, 0.0], [92.89062601004403, 12.298140913422232, 0.0]]], [[[92.88035170678565, 12.300810357971248, 0.0], [92.88473321113935, 12.297014360772069, 0.0], [92.87603277677835, 12.294787414071363, 0.0], [92.88035170678565, 12.300810357971248, 0.0]]], [[[92.86529536929339, 12.305967551115952, 0.0], [92.86472939071518, 12.30312220127091, 0.0], [92.86309064119888, 12.303325942429678, 0.0], [92.86529536929339, 12.305967551115952, 0.0]]], [[[92.85804288448807, 12.311040192423482, 0.0], [92.85804758938147, 12.312150191633554, 0.0], [92.85869171277139, 12.311241664201773, 0.0], [92.85804288448807, 12.311040192423482, 0.0]]], [[[92.85941668099703, 12.334759600699359, 0.0], [92.86325231170207, 12.330559637441972, 0.0], [92.90007911757459, 12.32349909776875, 0.0], [92.85616752816522, 12.31464777078296, 0.0], [92.85607151193845, 12.317888786188293, 0.0], [92.8588458988162, 12.318132398131176, 0.0], [92.86059064113907, 12.319074499079857, 0.0], [92.86184371968434, 12.321126387973399, 0.0], [92.8602782429326, 12.320105169073065, 0.0], [92.86110635056173, 12.323727912358798, 0.0], [92.85718578875209, 12.328305173793614, 0.0], [92.85844570828698, 12.329803460540155, 0.0], [92.85503717972858, 12.332052794485517, 0.0], [92.85644652268562, 12.333275171483779, 0.0], [92.85688210683445, 12.339919754372536, 0.0], [92.85771335376106, 12.33495423699708, 0.0], [92.85941668099703, 12.334759600699359, 0.0]]], [[[92.90608000743754, 12.339730500963418, 0.0], [92.90370547837813, 12.33961040272575, 0.0], [92.90392365155249, 12.341108838371635, 0.0], [92.90608000743754, 12.339730500963418, 0.0]]], [[[92.91907396935295, 12.351167505480008, 0.0], [92.90674181486105, 12.341671927953099, 0.0], [92.91393102402495, 12.356365305731552, 0.0], [92.91907396935295, 12.351167505480008, 0.0]]], [[[92.89392128194282, 12.406299789954556, 0.0], [92.88226240345546, 12.37370097065048, 0.0], [92.84269703723784, 12.401108990956626, 0.0], [92.85435099880621, 12.409349814788598, 0.0], [92.88012865734255, 12.398438889485513, 0.0], [92.89392128194282, 12.406299789954556, 0.0]]], [[[92.8971340355485, 12.396758079164279, 0.0], [92.89658760386142, 12.392014218634046, 0.0], [92.89443720294862, 12.395946340257783, 0.0], [92.8971340355485, 12.396758079164279, 0.0]]], [[[92.84246417849097, 12.395180892657091, 0.0], [92.84276076212576, 12.395822672052084, 0.0], [92.84294922966205, 12.395268981793823, 0.0], [92.84246417849097, 12.395180892657091, 0.0]]], [[[92.95720628201764, 12.433740216460793, 0.0], [92.93234033949679, 12.35958906084914, 0.0], [92.91642909705297, 12.362871679516322, 0.0], [92.93085858425822, 12.418346657415253, 0.0], [92.94733606815547, 12.415577944972043, 0.0], [92.95720628201764, 12.433740216460793, 0.0]]], [[[92.84151804805049, 12.4034013591986, 0.0], [92.84209751732452, 12.40380973934268, 0.0], [92.84170758031964, 12.403280587255557, 0.0], [92.84151804805049, 12.4034013591986, 0.0]]], [[[92.86507265359394, 12.408525249019554, 0.0], [92.86411138198704, 12.40779092639261, 0.0], [92.86406530471353, 12.408477730833164, 0.0], [92.86507265359394, 12.408525249019554, 0.0]]], [[[92.87623483216437, 12.410172927284735, 0.0], [92.87740267871129, 12.408821815984911, 0.0], [92.87376214103513, 12.408898488268171, 0.0], [92.87623483216437, 12.410172927284735, 0.0]]], [[[92.89868855183002, 12.410937885315727, 0.0], [92.89645596006933, 12.410634741525342, 0.0], [92.89787210033101, 12.412280302422143, 0.0], [92.89868855183002, 12.410937885315727, 0.0]]], [[[92.90204532180113, 12.41336564052013, 0.0], [92.90190757403825, 12.411939493822588, 0.0], [92.90133731622629, 12.412072765650041, 0.0], [92.90204532180113, 12.41336564052013, 0.0]]], [[[92.88823315418607, 12.412807552212755, 0.0], [92.8886516239352, 12.412889020544199, 0.0], [92.88843010622047, 12.412678096626147, 0.0], [92.88823315418607, 12.412807552212755, 0.0]]], [[[92.88828800829484, 12.414498091663248, 0.0], [92.88851359071022, 12.413189556797354, 0.0], [92.88794556154603, 12.413684434503564, 0.0], [92.88828800829484, 12.414498091663248, 0.0]]], [[[92.88797064180973, 12.414421185760697, 0.0], [92.88819368511604, 12.414771516067162, 0.0], [92.88818452673691, 12.414455094226325, 0.0], [92.88797064180973, 12.414421185760697, 0.0]]], [[[92.86814512907007, 12.413958484009685, 0.0], [92.85863759903403, 12.417890289332567, 0.0], [92.86783608930614, 12.420128484309993, 0.0], [92.86814512907007, 12.413958484009685, 0.0]]], [[[92.8382779066979, 12.41131052400723, 0.0], [92.84198667083365, 12.416009068794908, 0.0], [92.85843000170837, 12.413307713166901, 0.0], [92.8382779066979, 12.41131052400723, 0.0]]], [[[92.90341526728447, 12.423164712796085, 0.0], [92.89823005508843, 12.421769446144031, 0.0], [92.89963904154365, 12.426199369342804, 0.0], [92.90341526728447, 12.423164712796085, 0.0]]], [[[92.91496275145151, 12.441334034232224, 0.0], [92.91579719768856, 12.442028310958916, 0.0], [92.91582123489755, 12.441341061431288, 0.0], [92.91496275145151, 12.441334034232224, 0.0]]], [[[92.89705378157072, 12.926710581359599, 0.0], [92.90214168290149, 12.920075645930526, 0.0], [92.89900361641234, 12.919352275320183, 0.0], [92.89739175857751, 12.91411056142635, 0.0], [92.90035945178953, 12.911529876350851, 0.0], [92.9223210339949, 12.915389839520586, 0.0], [92.90588714294883, 12.887016102816776, 0.0], [92.92462580388548, 12.88790391718232, 0.0], [92.92638412778558, 12.858140867102966, 0.0], [92.94116054387204, 12.855990867648392, 0.0], [92.94026318328235, 12.837583634276537, 0.0], [92.93560111210603, 12.839801132178131, 0.0], [92.93041364078631, 12.83840414542324, 0.0], [92.92742594489579, 12.832697931358108, 0.0], [92.92901045001457, 12.831628841835101, 0.0], [92.92670260508376, 12.831803061448591, 0.0], [92.92412580341829, 12.829962404384545, 0.0], [92.92255604388068, 12.826075389338161, 0.0], [92.92263698150059, 12.82195420845548, 0.0], [92.92544191657288, 12.817244316095714, 0.0], [92.92748005489915, 12.815757128924265, 0.0], [92.92976022141488, 12.816541168322647, 0.0], [92.92622245527927, 12.813054181805832, 0.0], [92.92441848515143, 12.801076416733974, 0.0], [92.93057549632208, 12.8163195706728, 0.0], [92.92428869737091, 12.829538659442528, 0.0], [92.94910945129794, 12.838187928674037, 0.0], [92.95111796124962, 12.795211785462854, 0.0], [92.92641809930939, 12.774390289241136, 0.0], [92.93894177242026, 12.767527938127103, 0.0], [92.94987967465993, 12.770071770807416, 0.0], [92.96444335605533, 12.725811907163463, 0.0], [92.98004972158732, 12.709395063511074, 0.0], [92.963855310011, 12.70440099874449, 0.0], [92.95669572012409, 12.624211098756566, 0.0], [92.94553678225668, 12.631346477583106, 0.0], [92.92972887336813, 12.616923243334112, 0.0], [92.94559623780903, 12.629895625983012, 0.0], [92.95879757902586, 12.619609343379006, 0.0], [92.9754200161019, 12.5430073133351, 0.0], [92.96882709163683, 12.496659734433422, 0.0], [92.96006961626887, 12.485670125736103, 0.0], [92.94590433035623, 12.499658318473967, 0.0], [92.93636797754493, 12.481431354495092, 0.0], [92.93261901300586, 12.481896810101905, 0.0], [92.93283755092496, 12.485237188948128, 0.0], [92.93119300039506, 12.487630569536854, 0.0], [92.92680679518509, 12.488602285327973, 0.0], [92.92883997929123, 12.48873566370106, 0.0], [92.92921487150466, 12.489158251866467, 0.0], [92.92850877493237, 12.490448784355493, 0.0], [92.92720919577651, 12.490380889959328, 0.0], [92.92653305506823, 12.488471178189009, 0.0], [92.93261903301729, 12.484715080376043, 0.0], [92.9261448512058, 12.476739241719523, 0.0], [92.93430504639474, 12.470090412632242, 0.0], [92.92178251305693, 12.465707841592346, 0.0], [92.92027107501013, 12.472885612529309, 0.0], [92.91617028223422, 12.473760027092494, 0.0], [92.91970507776074, 12.476155870840929, 0.0], [92.91840778154862, 12.478169467539418, 0.0], [92.92088469170848, 12.479875986893425, 0.0], [92.92031183450685, 12.483284059208609, 0.0], [92.9112424298899, 12.489256645158461, 0.0], [92.91315337910508, 12.492805118872862, 0.0], [92.91216651246035, 12.494362197962388, 0.0], [92.91397186887194, 12.496760174251442, 0.0], [92.91457451025295, 12.500025226821956, 0.0], [92.91428694956446, 12.500025271020299, 0.0], [92.91182379616883, 12.494375651633804, 0.0], [92.91292109557948, 12.492547408565946, 0.0], [92.91086289066904, 12.48932669505965, 0.0], [92.92052825535471, 12.479984400524284, 0.0], [92.91824909467122, 12.478601135543112, 0.0], [92.91913244377221, 12.476106146604526, 0.0], [92.91516254857393, 12.478108254079778, 0.0], [92.9131111044208, 12.476975780258188, 0.0], [92.91263948207431, 12.478399550848915, 0.0], [92.91202771045171, 12.478700126065414, 0.0], [92.90921961974536, 12.477447739072069, 0.0], [92.9084791026406, 12.476699631308957, 0.0], [92.90827914075923, 12.47537294783323, 0.0], [92.9082261936418, 12.476267921527876, 0.0], [92.90736362758695, 12.476932295595448, 0.0], [92.90690366273908, 12.476785279597602, 0.0], [92.9072738921934, 12.477497274831284, 0.0], [92.90692885432978, 12.477630542955518, 0.0], [92.90664826603025, 12.477409072718341, 0.0], [92.90714506960421, 12.477472362762041, 0.0], [92.90671963324074, 12.476746874204856, 0.0], [92.9082792146413, 12.475160526262439, 0.0], [92.91236583046701, 12.47833173046422, 0.0], [92.91260745590243, 12.47701640397333, 0.0], [92.91388170545322, 12.475811911224005, 0.0], [92.90570377472834, 12.470653672825422, 0.0], [92.9077878355099, 12.467218652266807, 0.0], [92.90716894534334, 12.469241376023962, 0.0], [92.91180536611635, 12.471038501651472, 0.0], [92.9148705258739, 12.477651669007038, 0.0], [92.9154688694799, 12.472996034043978, 0.0], [92.9194454172548, 12.472752256600042, 0.0], [92.92156404475959, 12.464835394624894, 0.0], [92.94990991961801, 12.476196678529883, 0.0], [92.95783698138267, 12.472705385233493, 0.0], [92.94463775872981, 12.45126870670338, 0.0], [92.91238681029516, 12.45056942579659, 0.0], [92.91481809978382, 12.444419993310705, 0.0], [92.91065798993492, 12.444844507827582, 0.0], [92.90818821006266, 12.443890550451908, 0.0], [92.90742958701648, 12.44231526115348, 0.0], [92.9090420672067, 12.437987419716183, 0.0], [92.92288342813548, 12.434654848498777, 0.0], [92.91077680470994, 12.405388618877147, 0.0], [92.90803202126301, 12.420973681423357, 0.0], [92.89096751136552, 12.43656340538836, 0.0], [92.8948516239413, 12.435820499716991, 0.0], [92.89579205612714, 12.436451162169703, 0.0], [92.8954907080231, 12.437210485068661, 0.0], [92.89635298572931, 12.437490877241341, 0.0], [92.8964976795541, 12.438519221252871, 0.0], [92.89704044504371, 12.43849446730119, 0.0], [92.8844518487702, 12.44176032029428, 0.0], [92.88992155027512, 12.447872531481464, 0.0], [92.89566380326045, 12.44785760154117, 0.0], [92.89896338289951, 12.451094452962593, 0.0], [92.88884467389904, 12.463753624394943, 0.0], [92.89628436614089, 12.450104138010998, 0.0], [92.88571285003574, 12.449374666876224, 0.0], [92.88360772314175, 12.442460800317347, 0.0], [92.87700951148308, 12.445087815551014, 0.0], [92.88621741332305, 12.456484810741284, 0.0], [92.88379303856952, 12.45852517166911, 0.0], [92.87869000138994, 12.458060849698496, 0.0], [92.88313599582574, 12.46653243215095, 0.0], [92.87891569328004, 12.466913474322391, 0.0], [92.87895239584641, 12.46754180224531, 0.0], [92.8813463441219, 12.46815479860863, 0.0], [92.88184528855706, 12.468726626842756, 0.0], [92.88158293123033, 12.469775236719341, 0.0], [92.88040962822564, 12.471325427569859, 0.0], [92.87860976063412, 12.46725471340215, 0.0], [92.87889503973955, 12.466603830801056, 0.0], [92.88051896313874, 12.465815450121234, 0.0], [92.881229877312, 12.46441887889956, 0.0], [92.87803687954772, 12.458060739736172, 0.0], [92.88527458844878, 12.455953588205427, 0.0], [92.86877598355956, 12.446158751343892, 0.0], [92.8431906204716, 12.470765850815596, 0.0], [92.8432608202215, 12.480341567338415, 0.0], [92.83548882436646, 12.500637575140326, 0.0], [92.83817277244111, 12.49737601468616, 0.0], [92.84218409402439, 12.497113415715644, 0.0], [92.85113832638507, 12.502128563751308, 0.0], [92.85514648508394, 12.50976450466072, 0.0], [92.83505808115058, 12.501416301664504, 0.0], [92.83759043450287, 12.493335152216309, 0.0], [92.8225293176754, 12.500023601149246, 0.0], [92.83687263146902, 12.491249218881087, 0.0], [92.83559104850343, 12.486586855125035, 0.0], [92.83414221765388, 12.488756663346727, 0.0], [92.8328657777176, 12.489258492173178, 0.0], [92.82461514506751, 12.482885729969508, 0.0], [92.82260508956796, 12.485313109677316, 0.0], [92.81580399073054, 12.486809450626513, 0.0], [92.82447129423738, 12.482174915964436, 0.0], [92.83397657073893, 12.488467365357753, 0.0], [92.83487338204235, 12.485800399754073, 0.0], [92.84239127125042, 12.479313413608402, 0.0], [92.8405067719616, 12.47139440964204, 0.0], [92.8408431122198, 12.476389077650476, 0.0], [92.8334170536543, 12.481515554951276, 0.0], [92.831765722478, 12.481050087437145, 0.0], [92.8315701175397, 12.48013481163991, 0.0], [92.83356605739111, 12.47539306018496, 0.0], [92.82945381093613, 12.474710835616103, 0.0], [92.82872909866171, 12.471684670601876, 0.0], [92.82555997964027, 12.473294033622098, 0.0], [92.82516664694218, 12.47293694244329, 0.0], [92.82559894017638, 12.471992222854881, 0.0], [92.82908323372202, 12.471616889506347, 0.0], [92.83062902406357, 12.474541290175642, 0.0], [92.82993890522698, 12.47207111535588, 0.0], [92.83030906462245, 12.470561340476776, 0.0], [92.83154854553189, 12.469297894453783, 0.0], [92.83325510120001, 12.469480801895722, 0.0], [92.83479696552536, 12.480159400657929, 0.0], [92.83939058389011, 12.46445620072162, 0.0], [92.8845288487147, 12.43610571479124, 0.0], [92.89926490041704, 12.416802819778681, 0.0], [92.88479189505362, 12.431258010101685, 0.0], [92.87403437434938, 12.413421654062457, 0.0], [92.85955025821075, 12.436826592416633, 0.0], [92.84566367300422, 12.423474047903719, 0.0], [92.83705526546098, 12.43075920579963, 0.0], [92.84169649368474, 12.437452905246957, 0.0], [92.83600098156548, 12.443605330711703, 0.0], [92.83550768009721, 12.43070510340501, 0.0], [92.82149678403778, 12.434075681984003, 0.0], [92.82014933593112, 12.43706126547764, 0.0], [92.81076014328876, 12.442858372009479, 0.0], [92.8167967255607, 12.444659627039762, 0.0], [92.81210776290065, 12.448323205388013, 0.0], [92.81612300667506, 12.446795412079798, 0.0], [92.8182111037877, 12.449050884826073, 0.0], [92.81823894518358, 12.451297190263363, 0.0], [92.81766419473111, 12.45198749364347, 0.0], [92.81709104577106, 12.451902853390642, 0.0], [92.81599852708429, 12.450720178175875, 0.0], [92.81603326390818, 12.454332388645444, 0.0], [92.81525181721177, 12.454717658301131, 0.0], [92.81149283098546, 12.448774029349655, 0.0], [92.8163309313424, 12.44480502700512, 0.0], [92.81021926356074, 12.442680676755005, 0.0], [92.81948794443136, 12.43495696518446, 0.0], [92.80415838207425, 12.441083091258315, 0.0], [92.79584809236242, 12.43788429368931, 0.0], [92.79953704807777, 12.464656261222617, 0.0], [92.78575776017941, 12.474714781921108, 0.0], [92.78954091437312, 12.477108444426227, 0.0], [92.79072745187618, 12.480776575844937, 0.0], [92.79064221435549, 12.482650221581872, 0.0], [92.79000043204029, 12.483583507572405, 0.0], [92.7866102127465, 12.483895105180144, 0.0], [92.78542347529475, 12.474680663967568, 0.0], [92.79096801709167, 12.469095709517326, 0.0], [92.77186919531822, 12.471035977161229, 0.0], [92.79820086269606, 12.46406630033325, 0.0], [92.78724245900017, 12.437087457201423, 0.0], [92.82963454495888, 12.42826466217029, 0.0], [92.81497051437418, 12.424895515946627, 0.0], [92.83394225171553, 12.410484565127135, 0.0], [92.8157545695598, 12.416994396782298, 0.0], [92.80416111105147, 12.411737452654565, 0.0], [92.80331290224031, 12.404564061092877, 0.0], [92.80245066850047, 12.404751624756566, 0.0], [92.80176771615116, 12.40594264410452, 0.0], [92.80133775272829, 12.405906430319536, 0.0], [92.79965699286822, 12.40431534021394, 0.0], [92.7991306036891, 12.400798645545947, 0.0], [92.80360257034496, 12.404475918813501, 0.0], [92.80420018654598, 12.411274113742232, 0.0], [92.81571313800421, 12.416381881885654, 0.0], [92.83840050715784, 12.408633136153021, 0.0], [92.82164958760798, 12.402288124385633, 0.0], [92.81966498162448, 12.389080390382956, 0.0], [92.83240551625049, 12.400630825868522, 0.0], [92.84155090305588, 12.39139315296286, 0.0], [92.83997820181885, 12.39111759881025, 0.0], [92.83893425328152, 12.389809174254033, 0.0], [92.84087657331291, 12.385334067062496, 0.0], [92.83753634783635, 12.389382146514313, 0.0], [92.83565997037984, 12.38693694774328, 0.0], [92.83534241546315, 12.38413900286219, 0.0], [92.83239969937381, 12.385725817187865, 0.0], [92.82813458667684, 12.381380043771872, 0.0], [92.83004944341216, 12.378457605688556, 0.0], [92.82876665964133, 12.378925509336996, 0.0], [92.8275963864061, 12.378808119207111, 0.0], [92.82570184626448, 12.377377566723485, 0.0], [92.82556846817829, 12.37639901837379, 0.0], [92.825064694672, 12.376390740039838, 0.0], [92.82136140170992, 12.380062738201017, 0.0], [92.82010601776764, 12.379165563371792, 0.0], [92.8230762770669, 12.374217398513789, 0.0], [92.83019202197384, 12.378315264569316, 0.0], [92.82995097276482, 12.382961911429133, 0.0], [92.83565741526826, 12.383795464116574, 0.0], [92.83755470273223, 12.38885322669313, 0.0], [92.838710590768, 12.383528429374104, 0.0], [92.84141680443537, 12.385370100501623, 0.0], [92.84007704690924, 12.39058420482636, 0.0], [92.84486355389441, 12.387717946839093, 0.0], [92.84232578280188, 12.391795385842235, 0.0], [92.86105751995085, 12.369437672402771, 0.0], [92.85081992381987, 12.36761770258389, 0.0], [92.84626304988355, 12.365453157583689, 0.0], [92.84665828586702, 12.363884669386277, 0.0], [92.84539371118639, 12.36311185813317, 0.0], [92.8446328767317, 12.363676983996749, 0.0], [92.84576855654552, 12.363708462400757, 0.0], [92.84592040131362, 12.364528848568739, 0.0], [92.84358009400168, 12.364856873832847, 0.0], [92.84460981266987, 12.363166215846872, 0.0], [92.88333059495392, 12.357025495691381, 0.0], [92.8989665299544, 12.333759059230891, 0.0], [92.87952862025925, 12.344852065224288, 0.0], [92.87144226935371, 12.329968094081982, 0.0], [92.85706228980064, 12.345206012421526, 0.0], [92.84789454047933, 12.343478372626324, 0.0], [92.85962940249125, 12.341917172772732, 0.0], [92.8594466303739, 12.335344887735406, 0.0], [92.8569993951311, 12.340392048581855, 0.0], [92.854722300287, 12.332337577529708, 0.0], [92.85568055554262, 12.330452497234706, 0.0], [92.85806411692903, 12.329473551016187, 0.0], [92.85420880611775, 12.326841154862668, 0.0], [92.84546980875581, 12.329256147332178, 0.0], [92.84254570886799, 12.326799817690043, 0.0], [92.84188379214886, 12.327909574154846, 0.0], [92.8429158793447, 12.32789587697746, 0.0], [92.84309772196539, 12.330042913206917, 0.0], [92.8418564132521, 12.329717643092494, 0.0], [92.84109351518863, 12.33157773821769, 0.0], [92.83930742773804, 12.331306762084038, 0.0], [92.83940412206995, 12.332773524647685, 0.0], [92.83716057687737, 12.332635833528528, 0.0], [92.83571263734811, 12.33434005415558, 0.0], [92.83195437426522, 12.335703202957736, 0.0], [92.83186471163864, 12.335542722595898, 0.0], [92.84281685020882, 12.326458504551454, 0.0], [92.84552621867982, 12.328860538648591, 0.0], [92.84744213675837, 12.325796686670538, 0.0], [92.84837367157893, 12.328083495246084, 0.0], [92.85136453840465, 12.325955534445546, 0.0], [92.85468689548964, 12.326608276189715, 0.0], [92.85676057181057, 12.328212622454524, 0.0], [92.8601194552322, 12.31915600971198, 0.0], [92.85489265061129, 12.319489076534865, 0.0], [92.8474553226031, 12.308280228844866, 0.0], [92.83379561418681, 12.308552929837278, 0.0], [92.831450707764, 12.302676892151519, 0.0], [92.8098088647646, 12.315648188084303, 0.0], [92.77866890802552, 12.313074250332175, 0.0], [92.76948983833607, 12.320684886825246, 0.0], [92.7719804435953, 12.327350200849407, 0.0], [92.77159658354562, 12.327757001571301, 0.0], [92.77051391352514, 12.327878813382133, 0.0], [92.77078261124441, 12.329302693434535, 0.0], [92.76952276680854, 12.330310486138453, 0.0], [92.77105362403074, 12.330604584361181, 0.0], [92.77211078557991, 12.332139265568252, 0.0], [92.77206239444318, 12.332905447322865, 0.0], [92.77043478618887, 12.333759476644415, 0.0], [92.75281239202286, 12.296094548566828, 0.0], [92.73412504937062, 12.302426354461575, 0.0], [92.74360424031924, 12.326528168514193, 0.0], [92.74773630127946, 12.344421486582258, 0.0], [92.74745256202404, 12.349813359525228, 0.0], [92.74372276925882, 12.353438678780448, 0.0], [92.7464489795216, 12.352389418359902, 0.0], [92.74987145392218, 12.355901979976455, 0.0], [92.74965581142746, 12.35885129596879, 0.0], [92.74853821167864, 12.360159616640502, 0.0], [92.74293322517556, 12.35931276718424, 0.0], [92.74668770642404, 12.361174169280567, 0.0], [92.74917836357807, 12.365617787053232, 0.0], [92.7426114308135, 12.359457425572119, 0.0], [92.73875879085328, 12.314966615665904, 0.0], [92.71947705872964, 12.300342449876021, 0.0], [92.69903885589093, 12.3282786222144, 0.0], [92.6951290521224, 12.400409285704754, 0.0], [92.70736949464458, 12.594005924671498, 0.0], [92.68398464619791, 12.609049866574248, 0.0], [92.70258650191184, 12.60478720739686, 0.0], [92.71823991212325, 12.644334952342815, 0.0], [92.7199333752745, 12.618408663644887, 0.0], [92.7224360383993, 12.615356852016802, 0.0], [92.72747963067012, 12.636159624224359, 0.0], [92.73330182024627, 12.624066745047921, 0.0], [92.73491875284766, 12.627252534771426, 0.0], [92.73565898578622, 12.625371976295861, 0.0], [92.74003485292022, 12.622373434184695, 0.0], [92.74031932512838, 12.62039362798387, 0.0], [92.74086212517993, 12.619701854076014, 0.0], [92.74273977819603, 12.619203829353152, 0.0], [92.74410676292412, 12.619203206604451, 0.0], [92.74766153077495, 12.620459234682638, 0.0], [92.72852445002964, 12.636037172557597, 0.0], [92.73282793331423, 12.657106768733101, 0.0], [92.77314526684047, 12.67038959306218, 0.0], [92.77838502530165, 12.641202043014554, 0.0], [92.77544962581487, 12.637833490449797, 0.0], [92.7751021795804, 12.631356274681716, 0.0], [92.76523373601889, 12.632057104634514, 0.0], [92.76227138417762, 12.627752767266069, 0.0], [92.76186774107549, 12.624421384573143, 0.0], [92.77565932977923, 12.630737273200042, 0.0], [92.77848745589522, 12.637888970527515, 0.0], [92.77882175383488, 12.629635695571283, 0.0], [92.78437902289149, 12.623974380870816, 0.0], [92.77645165702546, 12.590469394702204, 0.0], [92.77892657088614, 12.579975059574036, 0.0], [92.78598974213195, 12.6245173811703, 0.0], [92.77908341324817, 12.671020312437221, 0.0], [92.78709696631896, 12.7027803796847, 0.0], [92.78097482396626, 12.725368205490634, 0.0], [92.78368698479343, 12.72460531237415, 0.0], [92.78698294030066, 12.726405255584483, 0.0], [92.78969515521231, 12.725466031381428, 0.0], [92.78124535319226, 12.740382748118824, 0.0], [92.76160097231248, 12.722810953543158, 0.0], [92.78181424087724, 12.733689270723293, 0.0], [92.77578392532861, 12.718378669247285, 0.0], [92.78301673566374, 12.692410139364755, 0.0], [92.76939416154572, 12.673103239606464, 0.0], [92.73195522443618, 12.672596500121367, 0.0], [92.72642109470273, 12.694094897337637, 0.0], [92.74471513337973, 12.699167299184788, 0.0], [92.74584060721955, 12.722818817017677, 0.0], [92.74044233307343, 12.739047301405568, 0.0], [92.72967832717465, 12.743892593885272, 0.0], [92.7200031095714, 12.790293890034361, 0.0], [92.73120198436513, 12.797517670033178, 0.0], [92.73211204072528, 12.79334996400764, 0.0], [92.73570902857503, 12.793637966148042, 0.0], [92.73274119610818, 12.789308911182525, 0.0], [92.73561463899598, 12.788620857988485, 0.0], [92.7350613020999, 12.78708879426826, 0.0], [92.73694353719945, 12.784154665649595, 0.0], [92.73570516142476, 12.785135944112774, 0.0], [92.73521233286239, 12.785000522914432, 0.0], [92.73508707185485, 12.782971110331049, 0.0], [92.73773333337628, 12.779155309411019, 0.0], [92.73903750309886, 12.790924774320564, 0.0], [92.73121302810763, 12.801707655983709, 0.0], [92.72046629619045, 12.796996833885904, 0.0], [92.72207114915669, 12.825227904542514, 0.0], [92.73052801797358, 12.836249264672958, 0.0], [92.73530992476515, 12.807252183123286, 0.0], [92.73773580215281, 12.80438565406466, 0.0], [92.73911899897142, 12.83701908641711, 0.0], [92.74031636409909, 12.836476241741737, 0.0], [92.74183400613613, 12.821862714451356, 0.0], [92.74257959193474, 12.82066012309489, 0.0], [92.7560952038963, 12.846794896955881, 0.0], [92.75344148221677, 12.8189400758595, 0.0], [92.76553747335092, 12.818835053253565, 0.0], [92.77269891757632, 12.842563068003319, 0.0], [92.78383154046273, 12.762146259220255, 0.0], [92.7933784629011, 12.774363640222292, 0.0], [92.78041588074218, 12.805052129168201, 0.0], [92.78983300136018, 12.814713578146725, 0.0], [92.79220275209593, 12.809682808187485, 0.0], [92.79034188102342, 12.807497414944457, 0.0], [92.79202056257202, 12.799639470952364, 0.0], [92.79275282518536, 12.799106084811013, 0.0], [92.7942797353608, 12.799718510187848, 0.0], [92.79493607384532, 12.798651722058128, 0.0], [92.79179479886325, 12.797340994233496, 0.0], [92.792446443088, 12.79342445724427, 0.0], [92.79466637644204, 12.793668497043274, 0.0], [92.80062972305423, 12.81282839731663, 0.0], [92.78921363811251, 12.828858878602526, 0.0], [92.78207172793941, 12.809181191697451, 0.0], [92.78566902132403, 12.832924543068602, 0.0], [92.7817968716755, 12.859983334273421, 0.0], [92.79300517104033, 12.84450687742056, 0.0], [92.78839635955401, 12.861490702961595, 0.0], [92.80041070395463, 12.848459299878318, 0.0], [92.7927569379031, 12.863678290759264, 0.0], [92.79443165288872, 12.863705390182027, 0.0], [92.79665462967642, 12.864830730759634, 0.0], [92.8001672185425, 12.860570491027415, 0.0], [92.80439878455591, 12.86107195699255, 0.0], [92.79079030911741, 12.889935556653805, 0.0], [92.80883634964673, 12.897489713162683, 0.0], [92.82975069614307, 12.884618795844696, 0.0], [92.83413257277006, 12.885675637318036, 0.0], [92.84069257165287, 12.891609018779631, 0.0], [92.83960193995115, 12.876677669052686, 0.0], [92.84769681678455, 12.876067035235945, 0.0], [92.84439548807315, 12.875132217548652, 0.0], [92.84240442906248, 12.871952783400866, 0.0], [92.84320344290106, 12.870513027974935, 0.0], [92.84144533701806, 12.86804554933905, 0.0], [92.83988889835045, 12.868120166385442, 0.0], [92.84069011091498, 12.869817554728174, 0.0], [92.83932925241665, 12.872254073138434, 0.0], [92.83885681865286, 12.871519647989347, 0.0], [92.83635162188361, 12.865856665419674, 0.0], [92.83973925181708, 12.861385758751172, 0.0], [92.83837842382377, 12.864179374364486, 0.0], [92.84255794944646, 12.868502863057214, 0.0], [92.84370760950428, 12.870911360826314, 0.0], [92.84277532941198, 12.87192565980762, 0.0], [92.84450596750682, 12.874833860097578, 0.0], [92.85388011842417, 12.877111614164418, 0.0], [92.85267509064751, 12.873538828891292, 0.0], [92.84971173772233, 12.873988112827437, 0.0], [92.84670698472692, 12.869326344744644, 0.0], [92.84814378611813, 12.867067688199631, 0.0], [92.85107603589073, 12.866318725154738, 0.0], [92.8450587989834, 12.862224598394496, 0.0], [92.84955723634171, 12.845100410254936, 0.0], [92.84864278178986, 12.844955937322215, 0.0], [92.84878082915743, 12.846970420251008, 0.0], [92.84750323779367, 12.847730879890216, 0.0], [92.84554129370282, 12.845961920508437, 0.0], [92.84138009784833, 12.846382889910819, 0.0], [92.83819007651206, 12.844445280078553, 0.0], [92.83625060935353, 12.84711085532809, 0.0], [92.82593641388506, 12.830991509293328, 0.0], [92.82344076930671, 12.82310450120718, 0.0], [92.828861740974, 12.818889070086009, 0.0], [92.82910326551254, 12.817225404111932, 0.0], [92.82805522029605, 12.817043503075181, 0.0], [92.82702570594503, 12.816270331520128, 0.0], [92.82669828490552, 12.814030153825609, 0.0], [92.82763681009564, 12.810329584866352, 0.0], [92.82840526106997, 12.810057398271267, 0.0], [92.82697457353855, 12.813971860191382, 0.0], [92.82944272404846, 12.817212658503141, 0.0], [92.82901533109549, 12.819227870647106, 0.0], [92.82365735262134, 12.823210697077943, 0.0], [92.826175795672, 12.830885721280108, 0.0], [92.85007478273096, 12.845001126204414, 0.0], [92.84546817712435, 12.861987876734874, 0.0], [92.85189439488524, 12.866339115321782, 0.0], [92.84975557604726, 12.873139870051197, 0.0], [92.85284699898612, 12.872980888845571, 0.0], [92.85474868359903, 12.877571331157856, 0.0], [92.86055840209724, 12.87731653664643, 0.0], [92.86219890011924, 12.878253979540267, 0.0], [92.86122753297131, 12.873224962080323, 0.0], [92.86151259912411, 12.871172822882263, 0.0], [92.86396319212487, 12.869630793320876, 0.0], [92.86444191980574, 12.868541336046798, 0.0], [92.86328121032763, 12.869493148597867, 0.0], [92.86165530787086, 12.868577242654085, 0.0], [92.86127830743727, 12.865771552850012, 0.0], [92.8624263491114, 12.8635899898561, 0.0], [92.86461019110189, 12.868817030430575, 0.0], [92.86248692350752, 12.878278788107973, 0.0], [92.86189723479083, 12.87844167027162, 0.0], [92.86050552966022, 12.877653357677211, 0.0], [92.86031215384409, 12.878069242035265, 0.0], [92.87432431287964, 12.882337226791634, 0.0], [92.87131469556012, 12.892373741797716, 0.0], [92.89107816567967, 12.895207289246427, 0.0], [92.90011318867872, 12.902843982667195, 0.0], [92.89240585309038, 12.915658362775254, 0.0], [92.89705378157072, 12.926710581359599, 0.0]]], [[[92.77941582151267, 12.648556828476993, 0.0], [92.78099041317377, 12.655836793343662, 0.0], [92.78058199506664, 12.646136542034167, 0.0], [92.77941582151267, 12.648556828476993, 0.0]]], [[[92.78247118033607, 12.718719859628244, 0.0], [92.78098780210865, 12.711549167042262, 0.0], [92.77699961475187, 12.71791362048846, 0.0], [92.78066944203648, 12.717200955493498, 0.0], [92.78247118033607, 12.718719859628244, 0.0]]], [[[92.7819705009963, 12.718694616025326, 0.0], [92.7807638027321, 12.718736588214263, 0.0], [92.78190516876592, 12.719034091474425, 0.0], [92.7819705009963, 12.718694616025326, 0.0]]], [[[92.95492115210787, 12.757740157013824, 0.0], [92.95598016118068, 12.756646151436728, 0.0], [92.95407377599142, 12.75763626637895, 0.0], [92.95492115210787, 12.757740157013824, 0.0]]], [[[92.94122432776128, 12.76947341573513, 0.0], [92.9398749050861, 12.76869607402856, 0.0], [92.93931307231861, 12.769396723742364, 0.0], [92.94122432776128, 12.76947341573513, 0.0]]], [[[92.94474067018216, 12.771136428579577, 0.0], [92.94523800094095, 12.770431239120924, 0.0], [92.94299276370378, 12.769667632323179, 0.0], [92.94474067018216, 12.771136428579577, 0.0]]], [[[92.83140934549007, 12.885211039611129, 0.0], [92.8319669628348, 12.885809938248624, 0.0], [92.83216735194706, 12.885665201991074, 0.0], [92.83140934549007, 12.885211039611129, 0.0]]], [[[92.83088882982277, 12.885780668761258, 0.0], [92.83085880147888, 12.88533773533571, 0.0], [92.83046028841439, 12.885683543932894, 0.0], [92.83088882982277, 12.885780668761258, 0.0]]], [[[92.83392528548977, 12.886919106740597, 0.0], [92.83497354932858, 12.886964168932524, 0.0], [92.83370407213528, 12.886494408858567, 0.0], [92.83392528548977, 12.886919106740597, 0.0]]], [[[92.78160948124504, 12.892259697524356, 0.0], [92.78810402385058, 12.88309797530852, 0.0], [92.78169510116203, 12.883920363042598, 0.0], [92.78160948124504, 12.892259697524356, 0.0]]], [[[92.8909659891445, 12.897852571207926, 0.0], [92.89259321597596, 12.89951625399842, 0.0], [92.8924707856945, 12.897763109950965, 0.0], [92.8909659891445, 12.897852571207926, 0.0]]], [[[92.87920931816315, 12.905745127335061, 0.0], [92.88021418915852, 12.903150866442703, 0.0], [92.87860608342886, 12.902258721808293, 0.0], [92.87920931816315, 12.905745127335061, 0.0]]], [[[92.7909967212418, 12.91726792605509, 0.0], [92.79199041514417, 12.892232782280786, 0.0], [92.77351303630167, 12.906275573990543, 0.0], [92.7909967212418, 12.91726792605509, 0.0]]], [[[92.87953166222512, 12.907408487119554, 0.0], [92.87738620841506, 12.910347904157062, 0.0], [92.87866298090213, 12.91291567105034, 0.0], [92.87953166222512, 12.907408487119554, 0.0]]], [[[92.86400808448538, 12.912684531810612, 0.0], [92.86333826807272, 12.914910835151044, 0.0], [92.86448046828274, 12.912808715410996, 0.0], [92.86400808448538, 12.912684531810612, 0.0]]], [[[92.92905960418229, 12.916954754570833, 0.0], [92.93738613146242, 12.914791378672298, 0.0], [92.9334737831234, 12.911471752241868, 0.0], [92.92905960418229, 12.916954754570833, 0.0]]], [[[92.85973690570464, 12.933595851640126, 0.0], [92.88553450265402, 12.923549412751795, 0.0], [92.86267788079955, 12.918047836148181, 0.0], [92.85973690570464, 12.933595851640126, 0.0]]], [[[92.88950722546048, 12.932877339332157, 0.0], [92.8901525235352, 12.931426469071507, 0.0], [92.88896807590726, 12.932154094380618, 0.0], [92.88950722546048, 12.932877339332157, 0.0]]], [[[92.8874084658023, 12.933128596544462, 0.0], [92.89327172754716, 12.937524140349062, 0.0], [92.89327651799424, 12.936457458493809, 0.0], [92.8874084658023, 12.933128596544462, 0.0]]], [[[92.90022335061396, 12.940392620358992, 0.0], [92.90231095000345, 12.94051025671744, 0.0], [92.90280652500817, 12.937373470868105, 0.0], [92.90094241898196, 12.938756459505731, 0.0], [92.9002510560251, 12.939655824506147, 0.0], [92.90038928671851, 12.939845673953917, 0.0], [92.90026027597769, 12.939949626685642, 0.0], [92.90037544905844, 12.940166597433016, 0.0], [92.90022335061396, 12.940392620358992, 0.0]]], [[[92.90037544905844, 12.940166597433016, 0.0], [92.89909196055943, 12.940358635851167, 0.0], [92.89840289144496, 12.941542752332229, 0.0], [92.90037544905844, 12.940166597433016, 0.0]]], [[[92.90051352625217, 12.942318091084797, 0.0], [92.9019284462484, 12.94078142662184, 0.0], [92.89907115086496, 12.94229540598526, 0.0], [92.90051352625217, 12.942318091084797, 0.0]]], [[[92.89906427041593, 12.942125457290052, 0.0], [92.89822312447039, 12.942363145471042, 0.0], [92.89857339690363, 12.94257105705409, 0.0], [92.89906427041593, 12.942125457290052, 0.0]]], [[[92.877524417863, 12.962488443629239, 0.0], [92.87885718427532, 12.96196067381218, 0.0], [92.87866062308547, 12.960909460892566, 0.0], [92.877524417863, 12.962488443629239, 0.0]]], [[[92.8832408999755, 12.965170200108501, 0.0], [92.88296839981311, 12.965419200131294, 0.0], [92.88326430039838, 12.965450400230326, 0.0], [92.8832408999755, 12.965170200108501, 0.0]]], [[[92.88271923358452, 12.96610473771529, 0.0], [92.88161311807963, 12.96575202031541, 0.0], [92.88170057971094, 12.96656110582832, 0.0], [92.88271923358452, 12.96610473771529, 0.0]]], [[[92.88610755053159, 12.979140611496561, 0.0], [92.88694161091188, 12.980284270847491, 0.0], [92.88705237661331, 12.979219801223877, 0.0], [92.88610755053159, 12.979140611496561, 0.0]]], [[[92.88882204717748, 12.981217779186553, 0.0], [92.88809850059654, 12.980923909204796, 0.0], [92.88831501140464, 12.98141663225512, 0.0], [92.88882204717748, 12.981217779186553, 0.0]]], [[[92.8933549197675, 12.984219510825152, 0.0], [92.8934080425967, 12.983116587150679, 0.0], [92.89279042044558, 12.983125606327363, 0.0], [92.8933549197675, 12.984219510825152, 0.0]]], [[[92.83086385048053, 13.001378053186926, 0.0], [92.833078493409, 13.002052000754317, 0.0], [92.83105776743255, 13.000025544262643, 0.0], [92.83086385048053, 13.001378053186926, 0.0]]], [[[92.78755369985367, 13.010910599902578, 0.0], [92.78658769979504, 13.011738600398854, 0.0], [92.78776069973286, 13.011462600326048, 0.0], [92.78755369985367, 13.010910599902578, 0.0]]], [[[92.93004335639546, 13.02528823241575, 0.0], [92.94622754514873, 12.99873728355558, 0.0], [92.94159901132258, 12.994170543797464, 0.0], [92.91322134425276, 13.011822793242777, 0.0], [92.92068569481482, 13.031308570151172, 0.0], [92.93004335639546, 13.02528823241575, 0.0]]], [[[92.78476675756778, 13.013283544401853, 0.0], [92.78445791560821, 13.013495878457842, 0.0], [92.78470218251493, 13.013631509560076, 0.0], [92.78476675756778, 13.013283544401853, 0.0]]], [[[92.94796262982452, 13.019490726298706, 0.0], [92.94838475378941, 13.024677682360116, 0.0], [92.94928054087487, 13.01859594610552, 0.0], [92.94796262982452, 13.019490726298706, 0.0]]], [[[92.93015119969651, 13.028020400534349, 0.0], [92.9313383001745, 13.028437600148736, 0.0], [92.93089920022523, 13.027413499857694, 0.0], [92.93015119969651, 13.028020400534349, 0.0]]], [[[92.93215195548298, 13.048747531173479, 0.0], [92.93036838451225, 13.053265936685778, 0.0], [92.9314007978029, 13.054431677449214, 0.0], [92.93215195548298, 13.048747531173479, 0.0]]], [[[92.78565403977227, 13.055449418169422, 0.0], [92.78527607529249, 13.05525960867708, 0.0], [92.78550187751976, 13.055675276659226, 0.0], [92.78565403977227, 13.055449418169422, 0.0]]], [[[92.78782190724161, 13.060248374671191, 0.0], [92.78796008163187, 13.060912557423833, 0.0], [92.78807524648091, 13.060917087810935, 0.0], [92.78782190724161, 13.060248374671191, 0.0]]], [[[92.91577333199254, 13.06320804461532, 0.0], [92.91204947446955, 13.058158432048234, 0.0], [92.91306972852092, 13.067303814253739, 0.0], [92.91577333199254, 13.06320804461532, 0.0]]], [[[92.91307894661568, 13.068166842786836, 0.0], [92.91410210394017, 13.068794983677726, 0.0], [92.91414372384611, 13.067249650779425, 0.0], [92.91307894661568, 13.068166842786836, 0.0]]], [[[92.910912041172, 13.074076783143274, 0.0], [92.91078974260564, 13.076078423566447, 0.0], [92.91182476457466, 13.073819272151281, 0.0], [92.910912041172, 13.074076783143274, 0.0]]], [[[92.7948929848129, 13.075216802560613, 0.0], [92.79468312047634, 13.076789194114244, 0.0], [92.79495499532621, 13.076974470244068, 0.0], [92.7948929848129, 13.075216802560613, 0.0]]], [[[92.79359560212285, 13.092852402841869, 0.0], [92.79267364274803, 13.092660239742218, 0.0], [92.79288105769585, 13.093387678358347, 0.0], [92.79359560212285, 13.092852402841869, 0.0]]], [[[92.79292713323093, 13.09363848483418, 0.0], [92.79319207351747, 13.094076786318963, 0.0], [92.79330051221737, 13.093882520953022, 0.0], [92.79292713323093, 13.09363848483418, 0.0]]], [[[92.84010976543202, 13.143701833134203, 0.0], [92.84065383851382, 13.143105355426792, 0.0], [92.84004058192122, 13.143001450891596, 0.0], [92.84010976543202, 13.143701833134203, 0.0]]], [[[92.80863516295992, 13.148074107667465, 0.0], [92.80777977194047, 13.149330288122048, 0.0], [92.80856819960417, 13.149904144220875, 0.0], [92.80863516295992, 13.148074107667465, 0.0]]], [[[92.80735670011713, 13.152567699547788, 0.0], [92.80625269964611, 13.15270570002833, 0.0], [92.8072187000471, 13.152912699455703, 0.0], [92.80735670011713, 13.152567699547788, 0.0]]], [[[92.80431652357422, 13.153774119410773, 0.0], [92.80420140445378, 13.15219705902501, 0.0], [92.80338972945549, 13.153191094958034, 0.0], [92.80431652357422, 13.153774119410773, 0.0]]], [[[92.80927548411762, 13.163134834412322, 0.0], [92.80955219371882, 13.16400245976764, 0.0], [92.80950145529273, 13.162845633242668, 0.0], [92.80927548411762, 13.163134834412322, 0.0]]], [[[92.8098448486602, 13.167323706006249, 0.0], [92.80953366643776, 13.166758810589558, 0.0], [92.80923160526072, 13.16713383508704, 0.0], [92.8098448486602, 13.167323706006249, 0.0]]], [[[92.80989558146217, 13.169185402368543, 0.0], [92.80990016637851, 13.168525648741536, 0.0], [92.80914390891517, 13.169049755483634, 0.0], [92.80989558146217, 13.169185402368543, 0.0]]], [[[92.79323888478558, 13.167665724241045, 0.0], [92.79609778205838, 13.170729712788434, 0.0], [92.79635391906713, 13.16800040428413, 0.0], [92.79323888478558, 13.167665724241045, 0.0]]], [[[92.79258370379073, 13.171239951918427, 0.0], [92.79154146254278, 13.171275943337474, 0.0], [92.79212706032675, 13.171741476602678, 0.0], [92.79258370379073, 13.171239951918427, 0.0]]], [[[92.82587563476682, 13.20893667508042, 0.0], [92.82321891543191, 13.20679710892678, 0.0], [92.82248554133034, 13.206941772168921, 0.0], [92.82587563476682, 13.20893667508042, 0.0]]], [[[92.8265951592938, 13.208936635912783, 0.0], [92.82552522442104, 13.211286475179696, 0.0], [92.82731933415165, 13.210414248103975, 0.0], [92.8265951592938, 13.208936635912783, 0.0]]], [[[92.82782670162324, 13.210328354901037, 0.0], [92.82770690052072, 13.211652416504817, 0.0], [92.82868460707908, 13.210884117720227, 0.0], [92.82782670162324, 13.210328354901037, 0.0]]], [[[92.82998075854684, 13.212284910282662, 0.0], [92.825512186755, 13.237172309164002, 0.0], [92.85042412931263, 13.238625047514093, 0.0], [92.85224171595092, 13.221858277414274, 0.0], [92.85519449897919, 13.219469705195971, 0.0], [92.84780534854416, 13.212726170540398, 0.0], [92.84832360035715, 13.208080818085378, 0.0], [92.84990095225892, 13.207488624827787, 0.0], [92.85418629247567, 13.209054211672719, 0.0], [92.8584841074671, 13.20612947467551, 0.0], [92.86123943950122, 13.206378389997564, 0.0], [92.85821788915472, 13.200774823576273, 0.0], [92.85912623362834, 13.199373808131854, 0.0], [92.86292599672291, 13.196469876490546, 0.0], [92.85717019405017, 13.196224605670494, 0.0], [92.85607693092814, 13.19516292552295, 0.0], [92.85537743229382, 13.190739201016394, 0.0], [92.85661265812706, 13.188240205773516, 0.0], [92.85827783171301, 13.18766606259197, 0.0], [92.86043229163006, 13.191737009772483, 0.0], [92.86091071220284, 13.185519190810178, 0.0], [92.86166913930889, 13.184294468832023, 0.0], [92.86311962621866, 13.184825102921149, 0.0], [92.86051354418915, 13.192033827115717, 0.0], [92.85572688788064, 13.190536350198526, 0.0], [92.8638114020558, 13.196081076659778, 0.0], [92.86211859489421, 13.206601027104124, 0.0], [92.85460575444756, 13.20969089753795, 0.0], [92.84894369632663, 13.208388936701631, 0.0], [92.85601659395482, 13.219636398703159, 0.0], [92.85483675691786, 13.233957995507918, 0.0], [92.85152468382171, 13.239657585375372, 0.0], [92.84249570910058, 13.240817902794378, 0.0], [92.839018930271, 13.245895823939541, 0.0], [92.85017195341868, 13.262173021800509, 0.0], [92.8551314383683, 13.250588978152466, 0.0], [92.85467031409041, 13.25406048527636, 0.0], [92.85802016081735, 13.252257341921204, 0.0], [92.85944561390106, 13.2564969321218, 0.0], [92.86047005143301, 13.254106050821672, 0.0], [92.86238951107691, 13.252940053007919, 0.0], [92.86885359690196, 13.254603519493111, 0.0], [92.87039922489546, 13.258305202143335, 0.0], [92.81109645487044, 13.270826204461441, 0.0], [92.84081748771553, 13.301204283116435, 0.0], [92.82046391820928, 13.310845894160133, 0.0], [92.83001578304068, 13.369093070670361, 0.0], [92.84935188407621, 13.377814148335716, 0.0], [92.84787619896959, 13.363454951985307, 0.0], [92.8499861210817, 13.359373877548544, 0.0], [92.85158329743014, 13.358732226326136, 0.0], [92.85436205523385, 13.359175383596943, 0.0], [92.8506722924471, 13.376264019426221, 0.0], [92.86973724456651, 13.390678311390417, 0.0], [92.85887493208386, 13.383939059846202, 0.0], [92.863583428004, 13.389819399347209, 0.0], [92.86329224829252, 13.397674592321932, 0.0], [92.86238259343283, 13.401294815106871, 0.0], [92.85811314123006, 13.385209044887079, 0.0], [92.84042250186755, 13.388452465035797, 0.0], [92.84206320277139, 13.409649964609486, 0.0], [92.87048481144579, 13.413986297629203, 0.0], [92.87298725426446, 13.402393350913226, 0.0], [92.87892889836314, 13.396133543653558, 0.0], [92.88270527725156, 13.395084872193795, 0.0], [92.8825713500733, 13.393869082684267, 0.0], [92.88013376118889, 13.393014936913463, 0.0], [92.87916885112416, 13.39111217356102, 0.0], [92.88570470861566, 13.36722089197051, 0.0], [92.88576163049603, 13.398036095726331, 0.0], [92.88908078298266, 13.39419870720323, 0.0], [92.8938867229248, 13.394781408115223, 0.0], [92.89495289485475, 13.391735057215522, 0.0], [92.89863222526347, 13.391043209836079, 0.0], [92.89847500680325, 13.388543841263624, 0.0], [92.90291163367773, 13.38993543025518, 0.0], [92.90233890017502, 13.387531025206929, 0.0], [92.90597600287043, 13.382378148480917, 0.0], [92.91597509797477, 13.382408314059948, 0.0], [92.92476633892589, 13.390207662085412, 0.0], [92.90724554875213, 13.382667243567175, 0.0], [92.90395551886593, 13.394341995650535, 0.0], [92.8987289761807, 13.389140414237085, 0.0], [92.89900617246232, 13.3911109680276, 0.0], [92.89312507277666, 13.395933986363648, 0.0], [92.88897464249864, 13.394854067659463, 0.0], [92.89942751978718, 13.402803334044984, 0.0], [92.89678765998787, 13.412611283242647, 0.0], [92.87450155293628, 13.402067933996411, 0.0], [92.87320878678769, 13.436358679170525, 0.0], [92.89000604703769, 13.423061292970992, 0.0], [92.89858043386893, 13.426161086240281, 0.0], [92.89898702198592, 13.42876437455076, 0.0], [92.87082609454174, 13.44513133009146, 0.0], [92.87422004884151, 13.45963945295662, 0.0], [92.86886765835686, 13.473998346956515, 0.0], [92.89105812972014, 13.47851744596149, 0.0], [92.88787099745075, 13.469030897846464, 0.0], [92.89822425154445, 13.465147719377411, 0.0], [92.90186223426079, 13.496287716459221, 0.0], [92.92489557797002, 13.498923545323327, 0.0], [92.92469313077056, 13.480786255226503, 0.0], [92.93181910525493, 13.480739511265929, 0.0], [92.9210615129743, 13.47234878108611, 0.0], [92.91870082672199, 13.467883798899134, 0.0], [92.92078722684975, 13.463051907324374, 0.0], [92.91957747712902, 13.46382047222364, 0.0], [92.91556904339173, 13.463473158629341, 0.0], [92.9201591434659, 13.462812482591337, 0.0], [92.91850099246393, 13.461108873435046, 0.0], [92.91836621958637, 13.456498849214547, 0.0], [92.92037005867665, 13.455020558040225, 0.0], [92.93222335420253, 13.47186282729927, 0.0], [92.92761984476995, 13.475131564091209, 0.0], [92.93282133865661, 13.481024014842118, 0.0], [92.92748172934466, 13.497702701550985, 0.0], [92.93040470850646, 13.4952026961505, 0.0], [92.93480502597352, 13.50002413687131, 0.0], [92.9132575062821, 13.512364433385404, 0.0], [92.9271612030332, 13.514684892578552, 0.0], [92.9261465494935, 13.521618290405467, 0.0], [92.93290867730697, 13.520251803830062, 0.0], [92.93611619252171, 13.527184174565395, 0.0], [92.93942751954971, 13.524674892959704, 0.0], [92.94132635640773, 13.525840448743887, 0.0], [92.94002760792698, 13.523205840027202, 0.0], [92.94045685535804, 13.522003491799051, 0.0], [92.9418148442086, 13.52182685145934, 0.0], [92.94324717832468, 13.523155230904543, 0.0], [92.94387438470842, 13.519756263937648, 0.0], [92.94426692403854, 13.519462373517005, 0.0], [92.9451724598462, 13.520081305530438, 0.0], [92.93802977204851, 13.53158583086171, 0.0], [92.91444136007749, 13.520427342706698, 0.0], [92.91355235628498, 13.53509835310172, 0.0], [92.9652079669904, 13.549977811041066, 0.0], [92.97964356508552, 13.526975467327652, 0.0], [92.98703473713255, 13.527691364266689, 0.0], [92.986210301781, 13.523018052338836, 0.0], [92.99200689371614, 13.522016834225152, 0.0], [92.9905683082523, 13.51788166172251, 0.0], [92.99540552799786, 13.519900081793978, 0.0], [92.99576350849165, 13.524415360542726, 0.0], [92.99983823499231, 13.523388045096354, 0.0], [92.99999999994206, 13.52391349264551, 0.0], [92.99548655272723, 13.52480419377153, 0.0], [92.99473587970134, 13.520148961027788, 0.0], [92.99102361357932, 13.523246662515598, 0.0], [92.98699581084959, 13.523537542054653, 0.0], [92.99103139486057, 13.539057443313, 0.0], [92.98208807403813, 13.569439482232113, 0.0], [93.00367726039835, 13.56626029339951, 0.0], [93.01051602333766, 13.548662556450555, 0.0], [93.02732946474153, 13.57939980532283, 0.0], [93.0431650106975, 13.50490553431049, 0.0], [93.03372368257214, 13.465861941494238, 0.0], [93.01862216658007, 13.466303743878804, 0.0], [93.0161478345266, 13.462337620315378, 0.0], [93.01440482454997, 13.455315457558505, 0.0], [93.01191577986239, 13.453605360658663, 0.0], [93.01201501146657, 13.458813824277007, 0.0], [93.01035619089201, 13.459776103482088, 0.0], [93.0080605237291, 13.45936815993383, 0.0], [93.00945930138815, 13.46130386585282, 0.0], [93.0077357358763, 13.462361043497468, 0.0], [93.00608657894307, 13.462360284384182, 0.0], [93.00511141662096, 13.463282154148741, 0.0], [93.01156485464826, 13.45329324277063, 0.0], [93.02989591492165, 13.461077134550582, 0.0], [93.03659659099198, 13.441285710570936, 0.0], [92.99651926070143, 13.441060828942918, 0.0], [92.98908778572944, 13.427405938448631, 0.0], [93.0390401144652, 13.427912812967277, 0.0], [93.0463314206267, 13.404563084173578, 0.0], [93.06106433216735, 13.421471945663741, 0.0], [93.06849682043661, 13.39662960771796, 0.0], [93.05112046288257, 13.389798202084437, 0.0], [93.04704284845802, 13.374610218146774, 0.0], [93.041923844048, 13.38196012992472, 0.0], [93.01287905733096, 13.37730128403416, 0.0], [93.00364972909597, 13.392393446131207, 0.0], [92.9992071836677, 13.39594978805502, 0.0], [93.00372861328633, 13.391633917757298, 0.0], [92.99640899989406, 13.387570667249916, 0.0], [92.99677638570904, 13.383764923232043, 0.0], [92.99991589701251, 13.382241785752571, 0.0], [92.99704342044214, 13.382354654619986, 0.0], [92.99435571507065, 13.380407971293929, 0.0], [92.99114296084257, 13.38087049050712, 0.0], [92.98875461945606, 13.377319122089217, 0.0], [92.98906937716009, 13.379104250866495, 0.0], [92.98589838389871, 13.380014132731555, 0.0], [92.97962935177671, 13.3799174022023, 0.0], [92.98872666678294, 13.376781293375227, 0.0], [92.99225521976105, 13.380291453461545, 0.0], [92.9949076416776, 13.376335478729349, 0.0], [92.99382917224438, 13.379843262705544, 0.0], [93.00014066352968, 13.381879916941228, 0.0], [93.00318006196125, 13.389603629811205, 0.0], [93.01412884029362, 13.37073700491412, 0.0], [93.03432547658642, 13.374398079717304, 0.0], [93.03143707410403, 13.343896817045817, 0.0], [92.99918885613481, 13.350494810832398, 0.0], [92.9841620799702, 13.328015901612892, 0.0], [92.97304264613423, 13.359341960539279, 0.0], [92.94540451753318, 13.3510215003906, 0.0], [92.95191427056514, 13.326943156020107, 0.0], [92.96117585409405, 13.323080310590568, 0.0], [92.94946635382709, 13.321185798603015, 0.0], [92.94790104754522, 13.318736581390594, 0.0], [92.94842676068156, 13.317375996317553, 0.0], [92.9607041078291, 13.320309896195447, 0.0], [92.964606955571, 13.328344555080763, 0.0], [92.99697227226689, 13.314893846582185, 0.0], [92.9826953702981, 13.299226038922368, 0.0], [92.98289343683341, 13.298398848360842, 0.0], [92.98466057302196, 13.297674930161707, 0.0], [92.98627925405049, 13.295278774925457, 0.0], [92.99024216255044, 13.292877025930107, 0.0], [92.99055088132991, 13.291905147434186, 0.0], [92.98616214766925, 13.291504870315455, 0.0], [92.98429126365147, 13.287207446545727, 0.0], [92.98167066089798, 13.288288782007498, 0.0], [92.98062941833287, 13.28153225246264, 0.0], [92.97836007384784, 13.283811129764885, 0.0], [92.97386014069515, 13.281905620553152, 0.0], [92.98105843964716, 13.281247329751755, 0.0], [92.99250759944795, 13.292107628399926, 0.0], [92.99439813485532, 13.279772452494946, 0.0], [93.00000000024866, 13.280854286772865, 0.0], [92.99719828689481, 13.290186800590611, 0.0], [92.98635949487544, 13.299156647728474, 0.0], [92.99504354566157, 13.29711878638948, 0.0], [93.00084307859001, 13.298725625846146, 0.0], [93.0025300867113, 13.303907794420232, 0.0], [93.02100821291059, 13.296772379328477, 0.0], [93.01202075478905, 13.295588527923128, 0.0], [93.01109234085787, 13.276824894790042, 0.0], [93.02535331818227, 13.28257283756494, 0.0], [93.0335532944472, 13.277607028832714, 0.0], [93.04571933892392, 13.282747224940492, 0.0], [93.03974140954084, 13.269769291347371, 0.0], [93.04370690401213, 13.25426715884983, 0.0], [93.0658013759684, 13.273782455328355, 0.0], [93.03175438338297, 13.178583658627549, 0.0], [93.0343264499064, 13.081416800410155, 0.0], [93.00343680779616, 13.028155692449872, 0.0], [92.96641361583926, 13.029686497010426, 0.0], [92.97469877895334, 13.014243790082615, 0.0], [92.95963930456442, 13.014228009369054, 0.0], [92.93319581961741, 13.042238782087274, 0.0], [92.95673089871633, 13.065638090781183, 0.0], [92.93729382886866, 13.065449723815979, 0.0], [92.94558514772388, 13.0896568309069, 0.0], [92.9393573504417, 13.088570416634791, 0.0], [92.94614101964034, 13.12351437692067, 0.0], [92.94445168163936, 13.133907532852536, 0.0], [92.93975141043596, 13.140125361584895, 0.0], [92.94038313413678, 13.14073532814724, 0.0], [92.94209600339914, 13.139564885183784, 0.0], [92.94329251076978, 13.139750158461762, 0.0], [92.94122257737318, 13.145525000387565, 0.0], [92.93926873055533, 13.139981007859918, 0.0], [92.94569832167446, 13.123719662663765, 0.0], [92.93359352293275, 13.109292933552167, 0.0], [92.93455125821446, 13.060596960630452, 0.0], [92.92872290218062, 13.072536948414806, 0.0], [92.92259297464275, 13.05348940654777, 0.0], [92.91222756224681, 13.079982469160763, 0.0], [92.90087421866544, 13.081866494262945, 0.0], [92.89886226605935, 13.095513214698501, 0.0], [92.88711432536103, 13.093340056356864, 0.0], [92.8924167470987, 13.100755941685353, 0.0], [92.89229437008261, 13.103314669898724, 0.0], [92.87716883728794, 13.149908841706749, 0.0], [92.87299148691672, 13.149080906922356, 0.0], [92.88876198131346, 13.107926133270793, 0.0], [92.88148708610947, 13.108401364094881, 0.0], [92.87319918663381, 13.103462917642934, 0.0], [92.88896736191639, 13.10710150815365, 0.0], [92.88556795626475, 13.092300509133322, 0.0], [92.91213865976785, 13.066793125105608, 0.0], [92.89506485961468, 13.058662391180931, 0.0], [92.8857800630232, 13.045360776585479, 0.0], [92.8580325252798, 13.0799013088822, 0.0], [92.84358977069473, 13.050892510031321, 0.0], [92.8602838906802, 13.0655978198306, 0.0], [92.86355675784641, 13.043651288603423, 0.0], [92.87006463829522, 13.054799232335903, 0.0], [92.87258079352945, 13.043520886524506, 0.0], [92.88651316300842, 13.043903728804546, 0.0], [92.8970974918911, 13.0581498392276, 0.0], [92.9145824007887, 13.05553123052283, 0.0], [92.92110710069505, 13.039690215470275, 0.0], [92.90825304637393, 13.019395054931845, 0.0], [92.90219497367347, 13.02274011679395, 0.0], [92.89634509216019, 13.020077960274378, 0.0], [92.89533614107445, 13.01808297971751, 0.0], [92.9104683405962, 13.007516640621962, 0.0], [92.9015893150087, 13.00244385080225, 0.0], [92.90150126528823, 13.006365680023938, 0.0], [92.89774544504606, 13.008054971491525, 0.0], [92.899809681206, 13.009677371548786, 0.0], [92.89767133764468, 13.011046109622416, 0.0], [92.89647804455927, 13.009509643419745, 0.0], [92.89658378763038, 13.011100094305155, 0.0], [92.8942659282, 13.011110996380694, 0.0], [92.9014165439282, 13.002010072240342, 0.0], [92.91280943811448, 13.004828450450136, 0.0], [92.91838787718072, 12.987279359701304, 0.0], [92.93303209483902, 12.99129448865088, 0.0], [92.93938131962948, 12.968795991301102, 0.0], [92.91045768013865, 12.945305236724163, 0.0], [92.90613181840368, 12.98356633506426, 0.0], [92.89620965955972, 12.995313233144511, 0.0], [92.88620377184397, 12.982455571514238, 0.0], [92.89058365975404, 12.9973038119712, 0.0], [92.88304634087459, 13.00551292594905, 0.0], [92.87067336434238, 12.935591807238984, 0.0], [92.84941977993388, 12.945571095251337, 0.0], [92.85420830399393, 12.954725025893692, 0.0], [92.85127874971732, 12.961024279876018, 0.0], [92.84001092238148, 12.94991281820204, 0.0], [92.85883775431138, 12.917886334757904, 0.0], [92.84477473145364, 12.912634311383261, 0.0], [92.87494107319385, 12.90817323836093, 0.0], [92.86861240188597, 12.890458644011884, 0.0], [92.87281591349607, 12.88365505389325, 0.0], [92.84227269357105, 12.876923950142181, 0.0], [92.84260092218678, 12.89219446638482, 0.0], [92.83837131259901, 12.892762647167268, 0.0], [92.82878185649662, 12.886836416421618, 0.0], [92.8097527980585, 12.909194549439231, 0.0], [92.80136360566934, 12.899734888254805, 0.0], [92.78998116677958, 12.960932983553379, 0.0], [92.79937395128708, 12.991846929729158, 0.0], [92.82208180828925, 12.977166009793937, 0.0], [92.80702102294524, 12.9990147043407, 0.0], [92.82285575293926, 13.00650502949705, 0.0], [92.82466311410566, 12.998481589472654, 0.0], [92.8419822008282, 12.991375985022971, 0.0], [92.83310853322429, 13.004722285827038, 0.0], [92.8228142168696, 13.007399490614816, 0.0], [92.82595954358239, 13.016752518855036, 0.0], [92.82928663573703, 13.01523884473712, 0.0], [92.83531440510268, 13.018742544118021, 0.0], [92.83713731337235, 13.023066481504321, 0.0], [92.83503337990514, 13.019054310553217, 0.0], [92.83163251042497, 13.020446169014544, 0.0], [92.829203708909, 13.016083712892357, 0.0], [92.82602573646032, 13.017669268028259, 0.0], [92.8204803085356, 13.012150583101603, 0.0], [92.8181773739009, 13.012319997287909, 0.0], [92.81762975143383, 13.015928050755845, 0.0], [92.81504720126746, 13.016691322696554, 0.0], [92.8135560841179, 13.022055500209099, 0.0], [92.81277278622379, 13.021846652926294, 0.0], [92.81431239135378, 13.006854937076165, 0.0], [92.7879593014141, 13.019546551135912, 0.0], [92.79923122487389, 13.04338927814454, 0.0], [92.79170600635375, 13.05334927678689, 0.0], [92.79676353015893, 13.067992142739866, 0.0], [92.79284429512852, 13.091982482274958, 0.0], [92.80081942098681, 13.09134851479116, 0.0], [92.79764659793666, 13.081475238190475, 0.0], [92.81412406866133, 13.07230846194297, 0.0], [92.80557851303787, 13.100916885644272, 0.0], [92.82057730141877, 13.091209386171386, 0.0], [92.8293552748858, 13.108919734597006, 0.0], [92.80847937815571, 13.127277126025346, 0.0], [92.82306981418425, 13.134800966053959, 0.0], [92.84721879929482, 13.118154295951372, 0.0], [92.84842654549146, 13.150223626103411, 0.0], [92.80792709287778, 13.15379018938885, 0.0], [92.8141564734097, 13.174734511622143, 0.0], [92.81933519891672, 13.162127431587923, 0.0], [92.82635885644721, 13.175019159980966, 0.0], [92.83716497785275, 13.161993586248881, 0.0], [92.8444138155699, 13.160865476740643, 0.0], [92.84724529184221, 13.161800525167958, 0.0], [92.84833830167533, 13.162780961996964, 0.0], [92.84867007075475, 13.16125355474732, 0.0], [92.84917891439979, 13.161115344180116, 0.0], [92.84828756250988, 13.162930094074001, 0.0], [92.83748319563551, 13.162196926606713, 0.0], [92.83460201219239, 13.175289938438683, 0.0], [92.81577507684163, 13.184135728737237, 0.0], [92.82998075854684, 13.212284910282662, 0.0]]], [[[92.83938427318614, 13.248872871959087, 0.0], [92.83869240834606, 13.248895584810931, 0.0], [92.83918368629668, 13.249155414444726, 0.0], [92.83938427318614, 13.248872871959087, 0.0]]], [[[92.84040770024558, 13.24937470005427, 0.0], [92.83951069969548, 13.249788699278868, 0.0], [92.84026969961573, 13.249995699815537, 0.0], [92.84040770024558, 13.24937470005427, 0.0]]], [[[92.81307649944158, 13.287305579271402, 0.0], [92.81922353997126, 13.285435807334517, 0.0], [92.81675564841946, 13.281616104834402, 0.0], [92.81307649944158, 13.287305579271402, 0.0]]], [[[92.79977753711908, 13.286443315523904, 0.0], [92.80032679430225, 13.28603218036951, 0.0], [92.80000854532165, 13.28551684068157, 0.0], [92.79977753711908, 13.286443315523904, 0.0]]], [[[92.79383270022193, 13.287462700118576, 0.0], [92.79272869938396, 13.287738699527681, 0.0], [92.79362570022292, 13.28808370009575, 0.0], [92.79383270022193, 13.287462700118576, 0.0]]], [[[92.81722369964456, 13.29850269953331, 0.0], [92.81611969972981, 13.298847699850272, 0.0], [92.81667169968574, 13.299123700229824, 0.0], [92.81722369964456, 13.29850269953331, 0.0]]], [[[92.82913867589153, 13.369318901754994, 0.0], [92.82961893709067, 13.368315614859677, 0.0], [92.82903729608192, 13.368369748899136, 0.0], [92.82913867589153, 13.369318901754994, 0.0]]], [[[92.81078707695106, 13.432025499940616, 0.0], [92.81757645241248, 13.403987073118742, 0.0], [92.80659849396402, 13.401159596249538, 0.0], [92.81078707695106, 13.432025499940616, 0.0]]], [[[92.8460418251904, 13.419693144317135, 0.0], [92.84722842142745, 13.419666153725773, 0.0], [92.84661439606128, 13.419241240187716, 0.0], [92.8460418251904, 13.419693144317135, 0.0]]], [[[92.86170757986243, 13.420797177672224, 0.0], [92.86226616743647, 13.422555354848763, 0.0], [92.86288030402687, 13.42132603169002, 0.0], [92.86170757986243, 13.420797177672224, 0.0]]], [[[92.84118510794704, 13.450466963308259, 0.0], [92.83803106915886, 13.420324891923078, 0.0], [92.82080918891796, 13.420615645190301, 0.0], [92.84118510794704, 13.450466963308259, 0.0]]], [[[92.86984240644284, 13.454057646338873, 0.0], [92.86930675079775, 13.453822614885025, 0.0], [92.86974543011739, 13.454224871956367, 0.0], [92.86984240644284, 13.454057646338873, 0.0]]], [[[92.87083669987726, 13.45451170002657, 0.0], [92.87049169978633, 13.45506370007459, 0.0], [92.87104369970552, 13.455063700053323, 0.0], [92.87083669987726, 13.45451170002657, 0.0]]], [[[92.86592629769683, 13.461863002880344, 0.0], [92.86505805767354, 13.463932977241164, 0.0], [92.86719615783888, 13.464204221232242, 0.0], [92.86592629769683, 13.461863002880344, 0.0]]], [[[92.86884122081563, 13.514338326814956, 0.0], [92.87251338692167, 13.501760038395684, 0.0], [92.86511403824225, 13.503133916300651, 0.0], [92.86884122081563, 13.514338326814956, 0.0]]], [[[92.90570184547197, 13.521558951521493, 0.0], [92.90638037325316, 13.520056190826734, 0.0], [92.90510611553238, 13.519968426845631, 0.0], [92.90570184547197, 13.521558951521493, 0.0]]], [[[92.9071502663699, 13.538181752619334, 0.0], [92.90629903257123, 13.529278111148816, 0.0], [92.90279787556469, 13.531574561518589, 0.0], [92.9071502663699, 13.538181752619334, 0.0]]], [[[92.87359428952476, 13.541185297235435, 0.0], [92.8776409446176, 13.537818073059677, 0.0], [92.87540508538444, 13.535287090790789, 0.0], [92.87359428952476, 13.541185297235435, 0.0]]], [[[92.91439006036705, 13.544196307402661, 0.0], [92.91528112981364, 13.541308085923548, 0.0], [92.91303156409805, 13.54223499903164, 0.0], [92.91439006036705, 13.544196307402661, 0.0]]], [[[92.90453454371645, 13.598271307307634, 0.0], [92.88871175818747, 13.57470262539606, 0.0], [92.88006284392658, 13.577527873359859, 0.0], [92.88538652132948, 13.59760848939075, 0.0], [92.90453454371645, 13.598271307307634, 0.0]]], [[[93.04948033014202, 8.442622758560155, 0.0], [93.04971196323818, 8.442446526266856, 0.0], [93.04950764128155, 8.442360530715941, 0.0], [93.04948033014202, 8.442622758560155, 0.0]]], [[[93.04984348961173, 8.443016185504119, 0.0], [93.04956652602311, 8.443205992328162, 0.0], [93.04981625409273, 8.44316082475552, 0.0], [93.04984348961173, 8.443016185504119, 0.0]]], [[[93.05015222421387, 8.443337256488112, 0.0], [93.0502247900981, 8.443893354914808, 0.0], [93.05038834099885, 8.443409588884704, 0.0], [93.05015222421387, 8.443337256488112, 0.0]]], [[[93.04997949855229, 8.444530812745244, 0.0], [93.04971608380745, 8.444833684782285, 0.0], [93.05004756368618, 8.444698143117945, 0.0], [93.04997949855229, 8.444530812745244, 0.0]]], [[[93.05009752786926, 8.444689091294144, 0.0], [93.0500883157482, 8.445114042460409, 0.0], [93.05032903756107, 8.444955899103736, 0.0], [93.05009752786926, 8.444689091294144, 0.0]]], [[[93.04966146049446, 8.445344572931234, 0.0], [93.04980677622162, 8.445050761392652, 0.0], [93.04968422459247, 8.445046163392544, 0.0], [93.04966146049446, 8.445344572931234, 0.0]]], [[[93.04951605450434, 8.44564742972384, 0.0], [93.0497249188406, 8.445724378554903, 0.0], [93.04968863765265, 8.44545763593044, 0.0], [93.04951605450434, 8.44564742972384, 0.0]]], [[[93.03338505975285, 8.47317819536692, 0.0], [93.0477280251878, 8.440506453759888, 0.0], [93.02655263253001, 8.447392064821624, 0.0], [93.03338505975285, 8.47317819536692, 0.0]]], [[[93.01424399236751, 11.850004182275342, 0.0], [93.03121867489418, 11.837389599343643, 0.0], [93.06241214689769, 11.845313051796637, 0.0], [93.07152806003911, 11.83411361853938, 0.0], [93.04230898017289, 11.809868979007305, 0.0], [93.01376621939066, 11.828265917309567, 0.0], [93.01424399236751, 11.850004182275342, 0.0]]], [[[93.0724137734311, 11.833648196928042, 0.0], [93.07166120673747, 11.833869591589327, 0.0], [93.07224842929575, 11.834339794521043, 0.0], [93.0724137734311, 11.833648196928042, 0.0]]], [[[93.07164673047491, 11.837508421971236, 0.0], [93.0712104288439, 11.83914920145664, 0.0], [93.07188073629288, 11.837467758027644, 0.0], [93.07164673047491, 11.837508421971236, 0.0]]], [[[92.99549048033201, 11.94585587370323, 0.0], [92.99483378353467, 11.946660727429828, 0.0], [92.9955547550966, 11.946828042864695, 0.0], [92.99549048033201, 11.94585587370323, 0.0]]], [[[92.96466672274248, 12.049424598882837, 0.0], [92.97499726830159, 12.01617033557296, 0.0], [92.97296213372884, 12.04315854050432, 0.0], [93.01478361874847, 12.02729771465938, 0.0], [93.00710425497147, 12.002990604817088, 0.0], [93.05408678207414, 11.90278642844596, 0.0], [93.04410455377054, 11.883717332241568, 0.0], [93.02543774245736, 11.885777197477958, 0.0], [92.9923340431175, 11.934518968517152, 0.0], [93.00428416850754, 11.947945088322271, 0.0], [93.009409634557, 11.942721845246343, 0.0], [93.01280620584062, 11.943812528381766, 0.0], [93.01473516336489, 11.941756592565232, 0.0], [93.01448816452714, 11.9393608210933, 0.0], [93.01537923990506, 11.938267242908305, 0.0], [93.01493696192601, 11.942145449312228, 0.0], [93.01289788039625, 11.944129044160603, 0.0], [93.00892262462285, 11.943666355496514, 0.0], [93.00997258836485, 11.946632020509949, 0.0], [93.0046833306533, 11.948338561577371, 0.0], [93.00159873102574, 11.947514469356232, 0.0], [93.00839901431857, 11.95511136176027, 0.0], [93.00851807160831, 11.95587534548918, 0.0], [93.00693781201524, 11.958220708596857, 0.0], [92.97508699754306, 11.945546063700668, 0.0], [92.95844295393353, 11.980949582083923, 0.0], [92.92295085801008, 11.998442292483587, 0.0], [92.94942268121797, 12.01379499172965, 0.0], [92.96466672274248, 12.049424598882837, 0.0]]], [[[92.97141138431088, 12.036428143915819, 0.0], [92.97200593238205, 12.035804300008166, 0.0], [92.97131015831708, 12.035399813306139, 0.0], [92.97141138431088, 12.036428143915819, 0.0]]], [[[92.98964951975861, 12.036886305895887, 0.0], [92.98960611845003, 12.03800062801481, 0.0], [92.9902189994868, 12.037462567397522, 0.0], [92.98964951975861, 12.036886305895887, 0.0]]], [[[92.9774785407953, 12.041946571397293, 0.0], [92.9775704073263, 12.04200753070479, 0.0], [92.97762774029347, 12.041935188171934, 0.0], [92.9774785407953, 12.041946571397293, 0.0]]], [[[92.97726960250041, 12.04223133049455, 0.0], [92.9772696789131, 12.042425672691593, 0.0], [92.97734769103295, 12.042267510523384, 0.0], [92.97726960250041, 12.04223133049455, 0.0]]], [[[92.97679892909242, 12.042450595425628, 0.0], [92.97689769546635, 12.042394082428931, 0.0], [92.976798935612, 12.042369295812833, 0.0], [92.97679892909242, 12.042450595425628, 0.0]]], [[[92.97630069355678, 12.042665425450204, 0.0], [92.9761446000809, 12.042710630002837, 0.0], [92.97618134429025, 12.042758110264263, 0.0], [92.97630069355678, 12.042665425450204, 0.0]]], [[[92.97570369904615, 12.042828247507495, 0.0], [92.97587595428088, 12.04288017068229, 0.0], [92.97589204108814, 12.042767219921693, 0.0], [92.97570369904615, 12.042828247507495, 0.0]]], [[[92.97437193324079, 12.042814839229147, 0.0], [92.97433067357133, 12.042916574085103, 0.0], [92.97443266347807, 12.042860070762885, 0.0], [92.97437193324079, 12.042814839229147, 0.0]]], [[[92.97520088357743, 12.042875773002248, 0.0], [92.97524748518543, 12.042917432561756, 0.0], [92.9752580889873, 12.042861093869522, 0.0], [92.97520088357743, 12.042875773002248, 0.0]]], [[[92.97772165939374, 12.04248151771417, 0.0], [92.97774283134463, 12.043411073307762, 0.0], [92.97811476102935, 12.04296571586996, 0.0], [92.97772165939374, 12.04248151771417, 0.0]]], [[[92.97484465143538, 12.043045499544364, 0.0], [92.97489088833159, 12.04311087407694, 0.0], [92.9749276054644, 12.04301206281561, 0.0], [92.97484465143538, 12.043045499544364, 0.0]]], [[[92.97850970031514, 12.043187217051452, 0.0], [92.97871640189395, 12.043309226681732, 0.0], [92.97853496824331, 12.04313521915421, 0.0], [92.97850970031514, 12.043187217051452, 0.0]]], [[[92.97835123011912, 12.043078684855168, 0.0], [92.97817451073654, 12.043734134140687, 0.0], [92.97859932293288, 12.043770248488011, 0.0], [92.97835123011912, 12.043078684855168, 0.0]]], [[[92.97880144378566, 12.043727307405128, 0.0], [92.97893457152848, 12.043645926441116, 0.0], [92.97886051645357, 12.04360473272195, 0.0], [92.97880144378566, 12.043727307405128, 0.0]]], [[[92.97825496503545, 12.044059610606173, 0.0], [92.97831239219917, 12.043962398534145, 0.0], [92.97825497282338, 12.04395787283691, 0.0], [92.97825496503545, 12.044059610606173, 0.0]]], [[[92.97884735616663, 12.04403469376578, 0.0], [92.9786246593604, 12.04403467759769, 0.0], [92.97869124792713, 12.044285545192443, 0.0], [92.97884735616663, 12.04403469376578, 0.0]]], [[[92.96720352988166, 12.065132016932711, 0.0], [92.97058588021844, 12.063282927161413, 0.0], [92.96805976526046, 12.062582523736562, 0.0], [92.96720352988166, 12.065132016932711, 0.0]]], [[[92.96470754291168, 12.066601354988906, 0.0], [92.96400923692144, 12.064646459808685, 0.0], [92.96152019835672, 12.066269415960662, 0.0], [92.96470754291168, 12.066601354988906, 0.0]]], [[[93.00922297172573, 12.066503014577465, 0.0], [93.01266856935375, 12.066676198303588, 0.0], [93.01186066022976, 12.065007386287139, 0.0], [93.00922297172573, 12.066503014577465, 0.0]]], [[[93.00997043394348, 12.069899088466945, 0.0], [93.00824288462613, 12.070138043950076, 0.0], [93.00853663629174, 12.070816413257639, 0.0], [93.00997043394348, 12.069899088466945, 0.0]]], [[[93.00533378468259, 12.072280124520406, 0.0], [93.00645175641998, 12.068622553990089, 0.0], [93.00414945541449, 12.069955492420739, 0.0], [93.00533378468259, 12.072280124520406, 0.0]]], [[[93.0523229099265, 12.073164756536515, 0.0], [93.0534485893639, 12.072911838301392, 0.0], [93.05335224502126, 12.07240538648239, 0.0], [93.0523229099265, 12.073164756536515, 0.0]]], [[[93.05403635775761, 12.074060494017024, 0.0], [93.05440870750627, 12.073278341523276, 0.0], [93.0536827226251, 12.073576583867046, 0.0], [93.05403635775761, 12.074060494017024, 0.0]]], [[[93.07676093589708, 12.07684034043501, 0.0], [93.07731233743806, 12.076383739262745, 0.0], [93.07670126823876, 12.07647859761846, 0.0], [93.07676093589708, 12.07684034043501, 0.0]]], [[[92.95788838365935, 12.108549529967325, 0.0], [93.00502757404689, 12.100635363493282, 0.0], [92.99414217896441, 12.043683860224489, 0.0], [92.974924208299, 12.067221710569054, 0.0], [92.95643884269892, 12.073072804925177, 0.0], [92.97177152034452, 12.086588987130602, 0.0], [92.95751463058008, 12.087182552527675, 0.0], [92.95788838365935, 12.108549529967325, 0.0]]], [[[93.03385405240832, 12.104760564412004, 0.0], [93.03387303084212, 12.10290216862203, 0.0], [93.03319232910407, 12.104950267513606, 0.0], [93.03385405240832, 12.104760564412004, 0.0]]], [[[93.02855445451219, 12.163558392317718, 0.0], [93.02374131289105, 12.141473051354838, 0.0], [93.03382354532437, 12.099619428335146, 0.0], [93.05379780824187, 12.07818774070155, 0.0], [93.05050042048215, 12.072797100513405, 0.0], [93.05319746619267, 12.05378414108854, 0.0], [93.04343840477594, 12.04264470751443, 0.0], [93.0050653907784, 12.076760988042384, 0.0], [93.00719448726583, 12.104990615311221, 0.0], [93.00594795917111, 12.1080783979187, 0.0], [92.99956313693228, 12.109762310920331, 0.0], [92.99948550986326, 12.110163541619038, 0.0], [93.00160909213818, 12.11090713164089, 0.0], [93.00280789588373, 12.112019970021693, 0.0], [93.0037934503122, 12.117482547559389, 0.0], [92.99534848565756, 12.131670123364593, 0.0], [93.02855445451219, 12.163558392317718, 0.0]]], [[[93.00131138038118, 12.108736608507815, 0.0], [92.99913771618108, 12.107338265847293, 0.0], [92.99812230598985, 12.107893791798153, 0.0], [93.00131138038118, 12.108736608507815, 0.0]]], [[[92.9913290476488, 12.109751781974841, 0.0], [92.99207812387783, 12.111514523372763, 0.0], [92.9925256908672, 12.109875885672425, 0.0], [92.9913290476488, 12.109751781974841, 0.0]]], [[[92.97772533635302, 12.109374513190978, 0.0], [92.97581482697136, 12.111878906596456, 0.0], [92.97655060778571, 12.112190284535254, 0.0], [92.97772533635302, 12.109374513190978, 0.0]]], [[[92.97315138749822, 12.116340594787612, 0.0], [92.97231272715932, 12.115443556136631, 0.0], [92.9720785761582, 12.11635220543467, 0.0], [92.97315138749822, 12.116340594787612, 0.0]]], [[[92.96057639656576, 12.118016812884543, 0.0], [92.96258811222344, 12.11397049418365, 0.0], [92.95937332207694, 12.1192023034529, 0.0], [92.96057639656576, 12.118016812884543, 0.0]]], [[[92.96070512884637, 12.11941582959209, 0.0], [92.96034469392092, 12.120785479017393, 0.0], [92.96101297724448, 12.119474562918777, 0.0], [92.96070512884637, 12.11941582959209, 0.0]]], [[[92.95616429537881, 12.127245720104316, 0.0], [92.95732001234502, 12.124038007996296, 0.0], [92.95638974216433, 12.12330807263897, 0.0], [92.95616429537881, 12.127245720104316, 0.0]]], [[[92.99074633793943, 12.158398918307368, 0.0], [92.98992154645055, 12.157906395435152, 0.0], [92.98960461876466, 12.15846923866082, 0.0], [92.98818220707001, 12.156146149414598, 0.0], [92.9891741016943, 12.153578526325727, 0.0], [92.99190799001468, 12.155243658140288, 0.0], [92.9919909638751, 12.145362512460416, 0.0], [92.99439836008332, 12.156280522174328, 0.0], [92.99784260683666, 12.14594909923147, 0.0], [92.99317427199192, 12.136120746486545, 0.0], [93.00097036249898, 12.110970161476937, 0.0], [92.96507815460221, 12.118018663765136, 0.0], [92.95424762494612, 12.135743989666395, 0.0], [92.95660306230948, 12.149964389346458, 0.0], [92.97591601465126, 12.143941395673775, 0.0], [92.98779455482217, 12.14667871771963, 0.0], [92.98840218156515, 12.15292774271589, 0.0], [92.98611271285951, 12.15712065522158, 0.0], [92.9902574059354, 12.160202585776688, 0.0], [92.99074633793943, 12.158398918307368, 0.0]]], [[[93.07441287406908, 12.07873905803437, 0.0], [93.04798077896425, 12.114083747058139, 0.0], [93.06844562628885, 12.121481233589222, 0.0], [93.0352744030247, 12.132089883350034, 0.0], [93.06913147324167, 12.212230599032456, 0.0], [93.08793406936428, 12.19514165999004, 0.0], [93.07626166332616, 12.179730361712878, 0.0], [93.09190675540206, 12.18188015706953, 0.0], [93.08452896373343, 12.119340513375002, 0.0], [93.096575641533, 12.138902445254892, 0.0], [93.10158998471513, 12.128769824497038, 0.0], [93.09707594756757, 12.092808790958914, 0.0], [93.07441287406908, 12.07873905803437, 0.0]]], [[[93.00416537062341, 12.1500024140856, 0.0], [93.00595328066038, 12.149528384408317, 0.0], [93.00500266451199, 12.147940893236473, 0.0], [93.00416537062341, 12.1500024140856, 0.0]]], [[[92.98738649007015, 12.150923258128909, 0.0], [92.98810088753551, 12.15105640471697, 0.0], [92.98778603290494, 12.150493719005787, 0.0], [92.98738649007015, 12.150923258128909, 0.0]]], [[[93.00732152982849, 12.15250418661653, 0.0], [93.00663234465135, 12.152106000666963, 0.0], [93.005639450764, 12.152634624364476, 0.0], [93.00732152982849, 12.15250418661653, 0.0]]], [[[92.98455700465708, 12.154298080598197, 0.0], [92.98524435421658, 12.156894803557952, 0.0], [92.98580934583815, 12.156517273320736, 0.0], [92.98455700465708, 12.154298080598197, 0.0]]], [[[93.01434673163445, 12.156594525328622, 0.0], [93.01225603763223, 12.155653217565334, 0.0], [93.01346411127511, 12.157182000089119, 0.0], [93.01434673163445, 12.156594525328622, 0.0]]], [[[93.01315576015516, 12.158271597328595, 0.0], [93.01216780442815, 12.157923047479557, 0.0], [93.01216747654456, 12.158736943197113, 0.0], [93.01315576015516, 12.158271597328595, 0.0]]], [[[93.01494568841828, 12.16446693103099, 0.0], [93.01574999203943, 12.16441297604255, 0.0], [93.01516189948117, 12.163947024447435, 0.0], [93.01494568841828, 12.16446693103099, 0.0]]], [[[93.01876147610491, 12.22340218053522, 0.0], [93.02070494832688, 12.224433513636477, 0.0], [93.01997468246202, 12.223244471929378, 0.0], [93.01876147610491, 12.22340218053522, 0.0]]], [[[93.02821391619396, 12.275930119603663, 0.0], [93.02045771103379, 12.275104369384813, 0.0], [93.02876421222243, 12.279950015248462, 0.0], [93.02821391619396, 12.275930119603663, 0.0]]], [[[93.07206949197358, 12.315094402161968, 0.0], [93.06125377431619, 12.3152775365396, 0.0], [93.07327398884334, 12.31672691873184, 0.0], [93.07206949197358, 12.315094402161968, 0.0]]], [[[92.96834403648593, 12.741480345927819, 0.0], [92.96881798016277, 12.740577039630528, 0.0], [92.96840351562058, 12.740404636895502, 0.0], [92.96834403648593, 12.741480345927819, 0.0]]], [[[92.96711981380983, 12.74313047031648, 0.0], [92.96833495449503, 12.74184192522947, 0.0], [92.9681231317811, 12.741796804367128, 0.0], [92.96711981380983, 12.74313047031648, 0.0]]], [[[92.96047909374964, 12.755260048901137, 0.0], [92.9605989043758, 12.755888356961755, 0.0], [92.96077380399025, 12.755287107408023, 0.0], [92.96047909374964, 12.755260048901137, 0.0]]], [[[92.95889535429978, 12.757529336874118, 0.0], [92.95873861720395, 12.756729300966043, 0.0], [92.95845784225116, 12.757529394067323, 0.0], [92.95889535429978, 12.757529336874118, 0.0]]], [[[93.0078473512917, 12.998306697407724, 0.0], [92.98139194244585, 12.967904944204262, 0.0], [92.97859381809673, 12.927955535412893, 0.0], [92.96804646057208, 12.94247857257427, 0.0], [92.95320473282527, 12.934275204476227, 0.0], [92.95730348011439, 12.948961318121988, 0.0], [92.97259013120787, 12.946385933454772, 0.0], [92.95371176055276, 12.95792331599124, 0.0], [92.95783178415127, 12.989490043649283, 0.0], [92.97200270746514, 12.970253729197735, 0.0], [92.98444370310963, 12.994449321023847, 0.0], [93.0078473512917, 12.998306697407724, 0.0]]], [[[92.976975933783, 12.987324271553808, 0.0], [92.97800984665318, 12.986606570835873, 0.0], [92.97722771374094, 12.986176377138687, 0.0], [92.976975933783, 12.987324271553808, 0.0]]], [[[92.9739352004712, 12.993740500155235, 0.0], [92.97378680032087, 12.993699700055029, 0.0], [92.97385200047265, 12.993826000565774, 0.0], [92.9739352004712, 12.993740500155235, 0.0]]], [[[92.97327487682762, 12.993932238724756, 0.0], [92.9733465137979, 12.994490357587864, 0.0], [92.97352384711884, 12.994203345725003, 0.0], [92.97327487682762, 12.993932238724756, 0.0]]], [[[92.9705196236943, 12.99929115061265, 0.0], [92.97016698768974, 12.999406433729886, 0.0], [92.97030991427876, 12.999598506052507, 0.0], [92.9705196236943, 12.99929115061265, 0.0]]], [[[92.9866814149358, 13.001411415034871, 0.0], [92.98742728393667, 12.997973688941826, 0.0], [92.98521037824982, 12.998626377731442, 0.0], [92.9866814149358, 13.001411415034871, 0.0]]], [[[93.06113974339428, 13.221096964185366, 0.0], [93.0557133037806, 13.224937492880144, 0.0], [93.05681536075762, 13.227328735116792, 0.0], [93.06113974339428, 13.221096964185366, 0.0]]], [[[93.05904131387916, 13.227549623787436, 0.0], [93.06103933853751, 13.225511619913533, 0.0], [93.06028288185104, 13.224788262100358, 0.0], [93.05904131387916, 13.227549623787436, 0.0]]], [[[93.06183253634151, 13.227259711163748, 0.0], [93.06183253641443, 13.225726183859837, 0.0], [93.06153498565283, 13.227397041567489, 0.0], [93.06183253634151, 13.227259711163748, 0.0]]], [[[93.0492334111994, 13.263686648232982, 0.0], [93.04819056133914, 13.262723308964182, 0.0], [93.04825947588816, 13.263754177831178, 0.0], [93.0492334111994, 13.263686648232982, 0.0]]], [[[93.06784313505081, 13.267159272118091, 0.0], [93.06789864751978, 13.266625775114539, 0.0], [93.06758477795314, 13.266616662553636, 0.0], [93.06784313505081, 13.267159272118091, 0.0]]], [[[93.06969470024069, 13.266900700010101, 0.0], [93.06948770033546, 13.267935699743266, 0.0], [93.06990169982534, 13.268073699654062, 0.0], [93.06969470024069, 13.266900700010101, 0.0]]], [[[93.06847085163446, 13.267281484831857, 0.0], [93.06806000538661, 13.26746676537863, 0.0], [93.06839231332394, 13.26758891319463, 0.0], [93.06847085163446, 13.267281484831857, 0.0]]], [[[93.06817985780579, 13.268149503156572, 0.0], [93.06782914539555, 13.267774160115463, 0.0], [93.06784754971359, 13.268027355457395, 0.0], [93.06817985780579, 13.268149503156572, 0.0]]], [[[93.06849817771565, 13.268891059427864, 0.0], [93.06818432927395, 13.268777959044074, 0.0], [93.06832736117788, 13.269031181485852, 0.0], [93.06849817771565, 13.268891059427864, 0.0]]], [[[93.07099908302199, 13.272829614017116, 0.0], [93.0707221535477, 13.272725567066944, 0.0], [93.0708651974279, 13.272942617671571, 0.0], [93.07099908302199, 13.272829614017116, 0.0]]], [[[93.07050516958307, 13.272897328387783, 0.0], [93.07040817867679, 13.273155020033542, 0.0], [93.07054205492977, 13.273082707833005, 0.0], [93.07050516958307, 13.272897328387783, 0.0]]], [[[93.07011273140571, 13.27329511664225, 0.0], [93.06981736351243, 13.273073511690633, 0.0], [93.06991423319259, 13.273362892826484, 0.0], [93.07011273140571, 13.27329511664225, 0.0]]], [[[93.07108671722709, 13.273137078324778, 0.0], [93.0709527669931, 13.273548484125783, 0.0], [93.07107738093666, 13.273616329510093, 0.0], [93.07108671722709, 13.273137078324778, 0.0]]], [[[93.0705050398064, 13.273485092899222, 0.0], [93.07069423765519, 13.27372928019409, 0.0], [93.07065736409218, 13.273485124797217, 0.0], [93.0705050398064, 13.273485092899222, 0.0]]], [[[93.07178358472333, 13.273747592501456, 0.0], [93.07137272952203, 13.273932879293017, 0.0], [93.07170504850572, 13.274055021655455, 0.0], [93.07178358472333, 13.273747592501456, 0.0]]], [[[93.07043566753994, 13.27409092690456, 0.0], [93.07006644053558, 13.273887391216304, 0.0], [93.07031100489738, 13.274240101274636, 0.0], [93.07043566753994, 13.27409092690456, 0.0]]], [[[93.0711788035064, 13.27420411469762, 0.0], [93.0708649462268, 13.27409101690762, 0.0], [93.0710079836069, 13.274344237634017, 0.0], [93.0711788035064, 13.27420411469762, 0.0]]], [[[93.0706477828245, 13.27507208434727, 0.0], [93.07070329176922, 13.274538587456433, 0.0], [93.07038941130526, 13.274529479219753, 0.0], [93.0706477828245, 13.27507208434727, 0.0]]], [[[93.03219498223524, 13.280834719847538, 0.0], [93.03263403308314, 13.279428767160645, 0.0], [93.03124884412493, 13.2804455481577, 0.0], [93.03219498223524, 13.280834719847538, 0.0]]], [[[93.01650786003303, 13.285015247858155, 0.0], [93.01378947532373, 13.283897330802267, 0.0], [93.01382552669429, 13.285836967098284, 0.0], [93.01650786003303, 13.285015247858155, 0.0]]], [[[93.02139225199495, 13.29467467322521, 0.0], [93.02102769901205, 13.294358037648935, 0.0], [93.02105063832977, 13.294692619611642, 0.0], [93.02139225199495, 13.29467467322521, 0.0]]], [[[93.04917728035116, 13.296108578787875, 0.0], [93.04640841046103, 13.293218666512047, 0.0], [93.04468623420328, 13.294167597044385, 0.0], [93.04917728035116, 13.296108578787875, 0.0]]], [[[93.02182600325251, 13.295104367331561, 0.0], [93.02144741758121, 13.295221767599488, 0.0], [93.02189516042039, 13.295312372753303, 0.0], [93.02182600325251, 13.295104367331561, 0.0]]], [[[93.07585973011841, 13.295459467469065, 0.0], [93.07557807566641, 13.295762337966034, 0.0], [93.07577195197675, 13.295807587243965, 0.0], [93.07585973011841, 13.295459467469065, 0.0]]], [[[93.07605348338294, 13.296128649739227, 0.0], [93.07645054400349, 13.295834843114875, 0.0], [93.07606744166377, 13.295572537711074, 0.0], [93.07605348338294, 13.296128649739227, 0.0]]], [[[93.07759540832619, 13.295735587327801, 0.0], [93.07738762150888, 13.296011345357853, 0.0], [93.07752149191884, 13.296024934206438, 0.0], [93.07759540832619, 13.295735587327801, 0.0]]], [[[93.076958329687, 13.295880150495563, 0.0], [93.0767043955438, 13.296069995153415, 0.0], [93.07683825228865, 13.296155923677558, 0.0], [93.076958329687, 13.295880150495563, 0.0]]], [[[93.07605348338294, 13.296128649739227, 0.0], [93.07565188168641, 13.296038147780619, 0.0], [93.07587341799253, 13.296273295122328, 0.0], [93.07605348338294, 13.296128649739227, 0.0]]], [[[93.07770149229036, 13.296214859228229, 0.0], [93.07743370684909, 13.296418266505427, 0.0], [93.07764142745708, 13.296490644550047, 0.0], [93.07770149229036, 13.296214859228229, 0.0]]], [[[93.07611340704943, 13.296576264511712, 0.0], [93.07605346084742, 13.296241680980648, 0.0], [93.07593337882244, 13.296535539539333, 0.0], [93.07611340704943, 13.296576264511712, 0.0]]], [[[92.98400549687531, 13.298167863375681, 0.0], [92.98396469704727, 13.299790455916764, 0.0], [92.98509542583312, 13.30000690917511, 0.0], [92.98400549687531, 13.298167863375681, 0.0]]], [[[93.00725848897092, 13.320801398600999, 0.0], [93.01246376802814, 13.306005689832947, 0.0], [93.0114226831853, 13.301144884710915, 0.0], [93.00215133980703, 13.30430096167074, 0.0], [92.99486841819743, 13.297588919664507, 0.0], [93.00725848897092, 13.320801398600999, 0.0]]], [[[93.02155911115449, 13.315029414544096, 0.0], [93.02170209792457, 13.315341438255402, 0.0], [93.02185919195063, 13.315038577646376, 0.0], [93.02155911115449, 13.315029414544096, 0.0]]], [[[93.01548797473727, 13.325850756837804, 0.0], [93.02028678378673, 13.321467153082729, 0.0], [93.0203229285511, 13.312474407540053, 0.0], [93.02313648209113, 13.307583548224638, 0.0], [93.0212000603837, 13.301601156143553, 0.0], [93.01548797473727, 13.325850756837804, 0.0]]], [[[93.02232060633192, 13.315644610463266, 0.0], [93.02217734349671, 13.315992688382606, 0.0], [93.02236668535085, 13.31585712683759, 0.0], [93.02232060633192, 13.315644610463266, 0.0]]], [[[93.02209413168835, 13.316259408546143, 0.0], [93.02205705387065, 13.316603008545243, 0.0], [93.02216787181892, 13.316562361729845, 0.0], [93.02209413168835, 13.316259408546143, 0.0]]], [[[93.02151614040905, 13.318406768675619, 0.0], [93.02127156206565, 13.318148959080379, 0.0], [93.02132683105361, 13.318460946809882, 0.0], [93.02151614040905, 13.318406768675619, 0.0]]], [[[93.00563758765406, 13.32164160019846, 0.0], [92.99432096461692, 13.31969503795785, 0.0], [93.00572945605163, 13.322604667895416, 0.0], [93.00563758765406, 13.32164160019846, 0.0]]], [[[92.96477172126963, 13.33697259726723, 0.0], [92.96750718536559, 13.332976189973829, 0.0], [92.9660855632769, 13.332804962432215, 0.0], [92.96477172126963, 13.33697259726723, 0.0]]], [[[93.00828555049823, 13.335749098933402, 0.0], [93.0080308195587, 13.337412799786366, 0.0], [93.00893584419684, 13.33725948853852, 0.0], [93.00828555049823, 13.335749098933402, 0.0]]], [[[93.01294288120395, 13.338590516894225, 0.0], [93.01431010420697, 13.337361333296526, 0.0], [93.01249106904204, 13.337134479762724, 0.0], [93.01294288120395, 13.338590516894225, 0.0]]], [[[93.05376394859219, 13.38306684639169, 0.0], [93.0880624011249, 13.346036089332152, 0.0], [93.07148222136146, 13.322662937023475, 0.0], [93.07805693509458, 13.296287264049502, 0.0], [93.05846572696143, 13.32889470639657, 0.0], [93.03840746402, 13.322219910291466, 0.0], [93.05376394859219, 13.38306684639169, 0.0]]], [[[93.02036943080407, 13.344249722682578, 0.0], [93.01742695247025, 13.336666388333276, 0.0], [93.01787090136412, 13.345641233373259, 0.0], [93.02036943080407, 13.344249722682578, 0.0]]], [[[93.03531133061587, 13.342785973449018, 0.0], [93.03744055257899, 13.340842574944451, 0.0], [93.03610662972162, 13.339625903842588, 0.0], [93.03531133061587, 13.342785973449018, 0.0]]], [[[93.0361403631642, 13.361332363168476, 0.0], [93.03496756266001, 13.361169191111085, 0.0], [93.03496745032321, 13.361476634487165, 0.0], [93.0361403631642, 13.361332363168476, 0.0]]], [[[93.0755223486486, 13.367152677367672, 0.0], [93.07574948132384, 13.362749045630204, 0.0], [93.07210561263938, 13.36556505526554, 0.0], [93.0755223486486, 13.367152677367672, 0.0]]], [[[93.03668838556256, 13.36542878610604, 0.0], [93.03962081764367, 13.364756112041473, 0.0], [93.03648135364341, 13.363308258118584, 0.0], [93.03668838556256, 13.36542878610604, 0.0]]], [[[93.0472971529791, 13.373574933893318, 0.0], [93.0403825110029, 13.365380293143671, 0.0], [93.03657910560698, 13.374010038136692, 0.0], [93.0472971529791, 13.373574933893318, 0.0]]], [[[93.03547098503972, 13.37359370244395, 0.0], [93.03602474638687, 13.374629255542862, 0.0], [93.0363158083877, 13.374240529990393, 0.0], [93.03547098503972, 13.37359370244395, 0.0]]], [[[93.0455675926677, 13.37600145017659, 0.0], [93.04516334082551, 13.375516865855863, 0.0], [93.04509837224776, 13.375987403648098, 0.0], [93.0455675926677, 13.37600145017659, 0.0]]], [[[93.04472410134419, 13.376476772858467, 0.0], [93.04441964388218, 13.375495572153104, 0.0], [93.04416998213014, 13.376408781150827, 0.0], [93.04472410134419, 13.376476772858467, 0.0]]], [[[93.07724283345057, 13.377140380235451, 0.0], [93.07701189659478, 13.377370920533565, 0.0], [93.07731668677607, 13.377312200431652, 0.0], [93.07724283345057, 13.377140380235451, 0.0]]], [[[93.06216760034769, 13.387237586340666, 0.0], [93.06081112034501, 13.382489972488253, 0.0], [93.05940645221159, 13.385550487968695, 0.0], [93.06216760034769, 13.387237586340666, 0.0]]], [[[93.07217927520466, 13.43227559014814, 0.0], [93.07133806631352, 13.41334060882294, 0.0], [93.06962937212842, 13.412580689147823, 0.0], [93.06553033880932, 13.422643996908102, 0.0], [93.07217927520466, 13.43227559014814, 0.0]]], [[[93.07409127342191, 13.433410790621604, 0.0], [93.07364815378598, 13.431954876766527, 0.0], [93.07304290551983, 13.432786658962213, 0.0], [93.07409127342191, 13.433410790621604, 0.0]]], [[[93.07703377179018, 13.43214992828671, 0.0], [93.07584640060527, 13.433750214808956, 0.0], [93.07776790774757, 13.433592324186215, 0.0], [93.07703377179018, 13.43214992828671, 0.0]]], [[[92.98521435482435, 13.529370743984433, 0.0], [92.98406417299029, 13.529685027993203, 0.0], [92.98465689576491, 13.530033617475212, 0.0], [92.98521435482435, 13.529370743984433, 0.0]]], [[[92.98382482671815, 13.529795601249603, 0.0], [92.97839024782907, 13.530761036320971, 0.0], [92.98272287162884, 13.538184238349917, 0.0], [92.98643084298905, 13.536062400593254, 0.0], [92.9856456555486, 13.530256245893737, 0.0], [92.98433748118718, 13.530293884519638, 0.0], [92.98382482671815, 13.529795601249603, 0.0]]], [[[92.97793355525879, 13.535523315117556, 0.0], [92.9784929055024, 13.536427106827546, 0.0], [92.97864487072094, 13.535346783216673, 0.0], [92.97793355525879, 13.535523315117556, 0.0]]], [[[93.05076122061607, 13.565473378924954, 0.0], [93.05564242247412, 13.562129065198768, 0.0], [93.0528751293713, 13.558909251725847, 0.0], [93.05076122061607, 13.565473378924954, 0.0]]], [[[93.00000000013065, 13.572676682657292, 0.0], [93.0000000006044, 13.568609533521581, 0.0], [92.99822439031922, 13.57067841277223, 0.0], [93.00000000013065, 13.572676682657292, 0.0]]], [[[92.98356900021031, 13.578027000277016, 0.0], [92.98331599989699, 13.577728000503443, 0.0], [92.98345400029903, 13.578119000486089, 0.0], [92.98356900021031, 13.578027000277016, 0.0]]], [[[93.00341800051586, 13.584743000122646, 0.0], [93.00431500017, 13.584513000271278, 0.0], [93.00408500044321, 13.584190999755123, 0.0], [93.00341800051586, 13.584743000122646, 0.0]]], [[[93.01519801740227, 13.62976950533939, 0.0], [93.01480019580694, 13.630366125214286, 0.0], [93.01479934377431, 13.632269522172871, 0.0], [93.01519801740227, 13.62976950533939, 0.0]]], [[[93.01283429180857, 13.63309151893196, 0.0], [93.01391515062089, 13.63502251193755, 0.0], [93.01410095068536, 13.633055899631792, 0.0], [93.01283429180857, 13.63309151893196, 0.0]]], [[[93.0678319874437, 13.651727435444064, 0.0], [93.05513010304301, 13.642673088102637, 0.0], [93.04435636003093, 13.620973071018827, 0.0], [93.04514298285014, 13.647372203603679, 0.0], [93.0678319874437, 13.651727435444064, 0.0]]], [[[93.01037228515709, 13.63884583437752, 0.0], [93.01034933523418, 13.638493175578613, 0.0], [93.01008103821121, 13.638854746318794, 0.0], [93.01037228515709, 13.63884583437752, 0.0]]], [[[93.03428523974983, 13.642372794410797, 0.0], [93.0352470959613, 13.64160001530223, 0.0], [93.03463236633444, 13.641265238313766, 0.0], [93.03428523974983, 13.642372794410797, 0.0]]], [[[93.03474127588005, 13.646871476181778, 0.0], [93.0344183561891, 13.644972489725749, 0.0], [93.03338275028472, 13.645107760149438, 0.0], [93.03474127588005, 13.646871476181778, 0.0]]], [[[93.01988053370285, 13.673829841294197, 0.0], [93.02855936698322, 13.62544360208028, 0.0], [93.001361983503, 13.64855303764839, 0.0], [92.9736004642584, 13.643908376230517, 0.0], [92.979669701238, 13.666609695851296, 0.0], [93.01988053370285, 13.673829841294197, 0.0]]], [[[93.03147800018989, 13.662621000523787, 0.0], [93.03136299986966, 13.661977000713616, 0.0], [93.03104099991951, 13.662644000636455, 0.0], [93.03147800018989, 13.662621000523787, 0.0]]], [[[93.03019533637648, 13.663440427205407, 0.0], [93.02975611181621, 13.663343870356668, 0.0], [93.02975250163058, 13.663606937710973, 0.0], [93.03019533637648, 13.663440427205407, 0.0]]], [[[93.02683200053467, 13.671154000583892, 0.0], [93.02745300006879, 13.671016000418659, 0.0], [93.02733800059958, 13.670762999902623, 0.0], [93.02683200053467, 13.671154000583892, 0.0]]], [[[93.54396269933173, 7.524108700171442, 0.0], [93.54145469937968, 7.511876699845964, 0.0], [93.54057469930808, 7.52421870053821, 0.0], [93.54396269933173, 7.524108700171442, 0.0]]], [[[93.44122916284698, 7.877284680450497, 0.0], [93.44223571713621, 7.876665098794382, 0.0], [93.4415917821996, 7.876371351498789, 0.0], [93.44122916284698, 7.877284680450497, 0.0]]], [[[93.3862858724257, 7.891310525721567, 0.0], [93.38781850073924, 7.891432487782336, 0.0], [93.38638555177256, 7.88982300759903, 0.0], [93.3862858724257, 7.891310525721567, 0.0]]], [[[93.38950993311595, 7.890537231376504, 0.0], [93.387052292997, 7.895922247929359, 0.0], [93.38913835459039, 7.900335009305781, 0.0], [93.38950993311595, 7.890537231376504, 0.0]]], [[[93.3953600689503, 7.902708470515546, 0.0], [93.39871552573787, 7.898494384960753, 0.0], [93.3950696893061, 7.898625656893699, 0.0], [93.3953600689503, 7.902708470515546, 0.0]]], [[[93.39254388627496, 7.899430633021248, 0.0], [93.39037184516926, 7.901741051153231, 0.0], [93.3945211426425, 7.902681312890095, 0.0], [93.39254388627496, 7.899430633021248, 0.0]]], [[[93.56859876983101, 7.927094792975291, 0.0], [93.56871214171375, 7.926805464700043, 0.0], [93.56846728095952, 7.926941114356676, 0.0], [93.56859876983101, 7.927094792975291, 0.0]]], [[[93.32673319283813, 7.930417426985868, 0.0], [93.32253820803508, 7.931126783969995, 0.0], [93.3230550767941, 7.931927086100655, 0.0], [93.32673319283813, 7.930417426985868, 0.0]]], [[[93.33814265282659, 7.937146352488956, 0.0], [93.33866824761597, 7.942684983467149, 0.0], [93.33996989987665, 7.941509553561766, 0.0], [93.33814265282659, 7.937146352488956, 0.0]]], [[[93.37334805947587, 8.021657493605247, 0.0], [93.40136592859689, 8.008781475613102, 0.0], [93.40361737925961, 7.961557600682415, 0.0], [93.42091141127366, 7.96861386811769, 0.0], [93.45190107209073, 7.939293012183477, 0.0], [93.46620778593518, 7.891097250688605, 0.0], [93.45445967915512, 7.872440068526351, 0.0], [93.41197567684502, 7.906934791140011, 0.0], [93.3880954138074, 7.901582886589019, 0.0], [93.3679572873111, 7.877665195358387, 0.0], [93.33499429532446, 7.900143462035857, 0.0], [93.32681108485393, 7.923463681835823, 0.0], [93.33548174117749, 7.924495390819609, 0.0], [93.34114993379266, 7.930170144837518, 0.0], [93.34182885250071, 7.946858487972476, 0.0], [93.3318919746868, 7.94950708217096, 0.0], [93.33785710735233, 7.935233837776066, 0.0], [93.32359426321625, 7.935856189251763, 0.0], [93.32107810148707, 7.929349758152611, 0.0], [93.32447531894502, 7.925185950146456, 0.0], [93.3219541734502, 7.922934050869753, 0.0], [93.30786693456857, 7.933855594672612, 0.0], [93.30061048177889, 7.961479660482797, 0.0], [93.31997703202583, 8.00737855085196, 0.0], [93.37334805947587, 8.021657493605247, 0.0]]], [[[93.53409288582402, 8.026289955211341, 0.0], [93.57331131731173, 7.994228094945166, 0.0], [93.56941944019806, 7.928265923509088, 0.0], [93.49445388390365, 7.994231041814537, 0.0], [93.51592822305174, 8.000682660952533, 0.0], [93.52207686111711, 8.026178556274559, 0.0], [93.53244859593083, 8.015999047808654, 0.0], [93.53197401925517, 8.008394118254632, 0.0], [93.53801710661757, 8.002499597316156, 0.0], [93.5380996144938, 7.998711826256976, 0.0], [93.5409983415013, 7.996591922945153, 0.0], [93.54271381863101, 7.991881123100933, 0.0], [93.54376624758562, 7.991361361268702, 0.0], [93.53409288582402, 8.026289955211341, 0.0]]], [[[93.47747293304928, 8.00934189018829, 0.0], [93.47662444366283, 8.009233514671726, 0.0], [93.47688322237644, 8.009916312911642, 0.0], [93.47747293304928, 8.00934189018829, 0.0]]], [[[93.47742760228586, 8.009766978888761, 0.0], [93.47911099222262, 8.010232485618962, 0.0], [93.47897472619708, 8.009327938515604, 0.0], [93.47742760228586, 8.009766978888761, 0.0]]], [[[93.47472893123985, 8.014041440718893, 0.0], [93.47584483098655, 8.01319098641492, 0.0], [93.47569506494268, 8.012924144057145, 0.0], [93.47472893123985, 8.014041440718893, 0.0]]], [[[93.474307285932, 8.015570211175449, 0.0], [93.47499226610302, 8.01489618476302, 0.0], [93.47458388862262, 8.0147967956636, 0.0], [93.474307285932, 8.015570211175449, 0.0]]], [[[93.4756097566258, 8.016980944597847, 0.0], [93.47482931791035, 8.017035392647154, 0.0], [93.47557347540803, 8.017229730672927, 0.0], [93.4756097566258, 8.016980944597847, 0.0]]], [[[93.47359915517299, 8.03590853286696, 0.0], [93.4743340410051, 8.034809412724726, 0.0], [93.47358087634021, 8.034936190419984, 0.0], [93.47359915517299, 8.03590853286696, 0.0]]], [[[93.49403430998251, 8.046839414155633, 0.0], [93.49349485850355, 8.048621426387756, 0.0], [93.49524179848449, 8.048512408219787, 0.0], [93.49403430998251, 8.046839414155633, 0.0]]], [[[93.51370642976212, 8.064869452061352, 0.0], [93.51411030148587, 8.064516907571063, 0.0], [93.51380640428988, 8.064335932926598, 0.0], [93.51370642976212, 8.064869452061352, 0.0]]], [[[93.51444472441611, 8.069173937152856, 0.0], [93.51493015205052, 8.069079076814681, 0.0], [93.51478045264413, 8.06890270288259, 0.0], [93.51444472441611, 8.069173937152856, 0.0]]], [[[93.51348577885958, 8.07556220717847, 0.0], [93.51386250840208, 8.074766573175571, 0.0], [93.51315932879015, 8.074920137960916, 0.0], [93.51348577885958, 8.07556220717847, 0.0]]], [[[93.57103950249986, 8.127369761397171, 0.0], [93.59154941818984, 8.049863360084336, 0.0], [93.584759667232, 8.038071159878914, 0.0], [93.56258676549673, 8.067484054421557, 0.0], [93.57820984133826, 8.074240951994762, 0.0], [93.56076366096899, 8.09298839864378, 0.0], [93.56766939024952, 8.119583688843903, 0.0], [93.5608701005192, 8.108053394843607, 0.0], [93.55286926382176, 8.120390620457677, 0.0], [93.57103950249986, 8.127369761397171, 0.0]]], [[[93.48340174023049, 8.222784295377656, 0.0], [93.53463278844188, 8.228997386187414, 0.0], [93.53547918046817, 8.198601088952659, 0.0], [93.52525560083464, 8.178063064626901, 0.0], [93.50412852851221, 8.175999813635807, 0.0], [93.49279068951287, 8.146169365630884, 0.0], [93.5377625518011, 8.089986775698849, 0.0], [93.54079513014786, 8.036138791987517, 0.0], [93.52125871700345, 8.050588902536774, 0.0], [93.51444524729479, 8.0334830168638, 0.0], [93.4984511599502, 8.03592063859576, 0.0], [93.48823009691289, 7.998780656812364, 0.0], [93.47585222600452, 8.046102036831854, 0.0], [93.49911421502516, 8.038046079952428, 0.0], [93.49377872249984, 8.057521824204306, 0.0], [93.50184676476006, 8.069007578729119, 0.0], [93.50384852661254, 8.0500322930534, 0.0], [93.51569197888206, 8.05325476395762, 0.0], [93.52115593016136, 8.080383982755873, 0.0], [93.50458196884333, 8.085655763052204, 0.0], [93.47574935528098, 8.05289954574165, 0.0], [93.46971713958717, 8.088611362232879, 0.0], [93.48390744166281, 8.087635789864722, 0.0], [93.48783819285254, 8.09076444947844, 0.0], [93.48786198371624, 8.095065431243372, 0.0], [93.45878286527116, 8.102113502845867, 0.0], [93.43750796281837, 8.170729488641713, 0.0], [93.48675446098545, 8.1985152947972, 0.0], [93.48340174023049, 8.222784295377656, 0.0]]], [[[93.1940735289233, 8.186548992986413, 0.0], [93.1937331841677, 8.186386247920677, 0.0], [93.1938148279022, 8.18663043548194, 0.0], [93.1940735289233, 8.186548992986413, 0.0]]], [[[93.19744132647983, 8.190418528313858, 0.0], [93.19706915951824, 8.190355302110321, 0.0], [93.19719627330466, 8.1905632840666, 0.0], [93.19744132647983, 8.190418528313858, 0.0]]], [[[93.1883746143092, 8.190406489165, 0.0], [93.18783456383066, 8.19049249131626, 0.0], [93.18791627199965, 8.190686930204452, 0.0], [93.1883746143092, 8.190406489165, 0.0]]], [[[93.1865690087534, 8.193838437257398, 0.0], [93.18605163064395, 8.193689336608955, 0.0], [93.18624686136667, 8.19415951742019, 0.0], [93.1865690087534, 8.193838437257398, 0.0]]], [[[93.17533307453826, 8.194152015539746, 0.0], [93.1752195850843, 8.193727020596478, 0.0], [93.17486568305443, 8.19411585604993, 0.0], [93.17533307453826, 8.194152015539746, 0.0]]], [[[93.18813482212798, 8.195379954865052, 0.0], [93.18782167609507, 8.195149442290507, 0.0], [93.18779445719834, 8.195380022504532, 0.0], [93.18813482212798, 8.195379954865052, 0.0]]], [[[93.21134234470829, 8.196804332747542, 0.0], [93.21117446778446, 8.197129874402467, 0.0], [93.21146487780993, 8.197089198525958, 0.0], [93.21134234470829, 8.196804332747542, 0.0]]], [[[93.12663192134997, 8.216349934839505, 0.0], [93.1269813641753, 8.216001847296853, 0.0], [93.12649119818829, 8.216083229451337, 0.0], [93.12663192134997, 8.216349934839505, 0.0]]], [[[93.11746474511467, 8.219193797633915, 0.0], [93.11731498932107, 8.218759750141817, 0.0], [93.11716067182556, 8.218868249822695, 0.0], [93.11746474511467, 8.219193797633915, 0.0]]], [[[93.1173148948015, 8.220292409166348, 0.0], [93.11705173413917, 8.22015680486662, 0.0], [93.1170880161696, 8.220346658246196, 0.0], [93.1173148948015, 8.220292409166348, 0.0]]], [[[93.23833070020541, 8.222563999960482, 0.0], [93.23887069993314, 8.22137599992315, 0.0], [93.23779069987336, 8.22227600073967, 0.0], [93.23833070020541, 8.222563999960482, 0.0]]], [[[93.23382178244647, 8.223985168753973, 0.0], [93.2344208588987, 8.224012137181273, 0.0], [93.23440263606044, 8.22390360245916, 0.0], [93.23382178244647, 8.223985168753973, 0.0]]], [[[93.227055255076, 8.224321464518257, 0.0], [93.22657435554531, 8.224868710669629, 0.0], [93.22725958498832, 8.224714823635875, 0.0], [93.227055255076, 8.224321464518257, 0.0]]], [[[93.24238368906946, 8.232961883966857, 0.0], [93.24212038216855, 8.232817316677583, 0.0], [93.24225208920059, 8.233052326181527, 0.0], [93.24238368906946, 8.232961883966857, 0.0]]], [[[93.24198448164067, 8.233748710311412, 0.0], [93.24179842808542, 8.233879889814764, 0.0], [93.24199362672834, 8.233857249332527, 0.0], [93.24198448164067, 8.233748710311412, 0.0]]], [[[93.2421479855919, 8.234164607912122, 0.0], [93.24197557743699, 8.234187235362073, 0.0], [93.24208903651815, 8.234277711220637, 0.0], [93.2421479855919, 8.234164607912122, 0.0]]], [[[93.23002885232255, 8.261703227959462, 0.0], [93.24121624556037, 8.22938595534451, 0.0], [93.22950080688219, 8.221802564277652, 0.0], [93.20969326829679, 8.2514041096424, 0.0], [93.23002885232255, 8.261703227959462, 0.0]]], [[[93.2266488021067, 8.266632258509599, 0.0], [93.2266307626148, 8.267003038656116, 0.0], [93.22673061091632, 8.266939754516132, 0.0], [93.2266488021067, 8.266632258509599, 0.0]]], [[[93.11833860917723, 8.355532980112436, 0.0], [93.13351942343871, 8.345803197886905, 0.0], [93.11972429443207, 8.272803199102896, 0.0], [93.19282650469988, 8.218600299238055, 0.0], [93.19090311906302, 8.196116489234987, 0.0], [93.11162386523824, 8.223642560498712, 0.0], [93.07584267915628, 8.27346031916602, 0.0], [93.08493169503456, 8.340800828096572, 0.0], [93.11833860917723, 8.355532980112436, 0.0]]], [[[93.08886561640746, 8.345533147262449, 0.0], [93.0896784605868, 8.34544703284342, 0.0], [93.08926514611517, 8.345135060691364, 0.0], [93.08886561640746, 8.345533147262449, 0.0]]], [[[93.61360836888376, 8.417910940866157, 0.0], [93.61423494476193, 8.418543916835349, 0.0], [93.61388081200127, 8.417757205295246, 0.0], [93.61360836888376, 8.417910940866157, 0.0]]], [[[93.613113386484, 8.4200313778941, 0.0], [93.6130453428109, 8.419506881462683, 0.0], [93.61290451854916, 8.419950028535617, 0.0], [93.613113386484, 8.4200313778941, 0.0]]], [[[93.61325866795987, 8.420573933387747, 0.0], [93.6124096167586, 8.42085420128507, 0.0], [93.61249128310912, 8.421030539236698, 0.0], [93.61325866795987, 8.420573933387747, 0.0]]], [[[93.61354475104073, 8.421062271582432, 0.0], [93.6137036326465, 8.420723112254484, 0.0], [93.61345844282641, 8.420822627128391, 0.0], [93.61354475104073, 8.421062271582432, 0.0]]], [[[93.61263656901545, 8.423019912774073, 0.0], [93.61254577165492, 8.422640078837647, 0.0], [93.61242312142866, 8.422857166546015, 0.0], [93.61263656901545, 8.423019912774073, 0.0]]], [[[93.60628839977724, 8.432577531186197, 0.0], [93.6064699813125, 8.432283654053776, 0.0], [93.60616576574218, 8.432401164824373, 0.0], [93.60628839977724, 8.432577531186197, 0.0]]], [[[93.6073824956411, 8.435977524796161, 0.0], [93.60676951288417, 8.436325615060161, 0.0], [93.60748692781806, 8.43613121548541, 0.0], [93.6073824956411, 8.435977524796161, 0.0]]], [[[93.60786293331056, 8.457503102652327, 0.0], [93.60700013051883, 8.456711841126527, 0.0], [93.6057967356533, 8.457593408939744, 0.0], [93.60786293331056, 8.457503102652327, 0.0]]], [[[93.6109415903752, 8.459723069322395, 0.0], [93.61076456170272, 8.459221266583434, 0.0], [93.61041036106505, 8.45927997739206, 0.0], [93.6109415903752, 8.459723069322395, 0.0]]], [[[93.61273689961276, 8.4854385997875, 0.0], [93.61217250004003, 8.486144100240333, 0.0], [93.61263729972968, 8.486218799601241, 0.0], [93.61273689961276, 8.4854385997875, 0.0]]], [[[93.6031341186431, 8.487523704403017, 0.0], [93.60283892400587, 8.486171865030471, 0.0], [93.60247563035553, 8.486533497122785, 0.0], [93.6031341186431, 8.487523704403017, 0.0]]], [[[93.6058674512753, 8.498749999273784, 0.0], [93.60610812410971, 8.498519433401386, 0.0], [93.60558589095976, 8.498284266498963, 0.0], [93.6058674512753, 8.498749999273784, 0.0]]], [[[93.61394193200555, 8.505514280642391, 0.0], [93.61413719513762, 8.505695140753252, 0.0], [93.61411909978042, 8.505514362672805, 0.0], [93.61394193200555, 8.505514280642391, 0.0]]], [[[93.60804177090338, 8.52248215298938, 0.0], [93.60804626366625, 8.522852893605043, 0.0], [93.60839598181104, 8.522450574787015, 0.0], [93.60804177090338, 8.52248215298938, 0.0]]], [[[93.60994927679278, 8.523345836995457, 0.0], [93.60982207373425, 8.523002243177439, 0.0], [93.6098129728545, 8.523336735149533, 0.0], [93.60994927679278, 8.523345836995457, 0.0]]], [[[93.61077117496626, 8.526311790326046, 0.0], [93.61069393692858, 8.526822672397861, 0.0], [93.61093016574529, 8.526302675950678, 0.0], [93.61077117496626, 8.526311790326046, 0.0]]], [[[93.60914974873526, 8.528016211950819, 0.0], [93.6088681171572, 8.527866961951709, 0.0], [93.60872279492813, 8.528016158137467, 0.0], [93.60914974873526, 8.528016211950819, 0.0]]], [[[93.61361422551552, 8.530720000933881, 0.0], [93.61383226588727, 8.530475897874334, 0.0], [93.61363699524883, 8.530412531364165, 0.0], [93.61361422551552, 8.530720000933881, 0.0]]], [[[93.61294654454368, 8.532921840510362, 0.0], [93.61305557440225, 8.53269120697372, 0.0], [93.61286027194869, 8.532722900438626, 0.0], [93.61294654454368, 8.532921840510362, 0.0]]], [[[93.61195628026124, 8.537167231717438, 0.0], [93.61217883143429, 8.537185242092152, 0.0], [93.61214704307666, 8.536737664173526, 0.0], [93.61195628026124, 8.537167231717438, 0.0]]], [[[93.61247849598101, 8.538324595989785, 0.0], [93.61251031087149, 8.53873156276628, 0.0], [93.61258298127227, 8.53832008959704, 0.0], [93.61247849598101, 8.538324595989785, 0.0]]], [[[93.60242721794143, 8.538609067861989, 0.0], [93.60250893475398, 8.539323391787674, 0.0], [93.60294953073678, 8.539034086065802, 0.0], [93.60242721794143, 8.538609067861989, 0.0]]], [[[93.60991192457696, 8.549898770328527, 0.0], [93.61049331402572, 8.549632116957385, 0.0], [93.6100799379706, 8.549329134892279, 0.0], [93.60991192457696, 8.549898770328527, 0.0]]], [[[93.60033265014106, 8.549712947515182, 0.0], [93.6006097107086, 8.549893866580677, 0.0], [93.60053705521136, 8.549627066579925, 0.0], [93.60033265014106, 8.549712947515182, 0.0]]], [[[93.60918964783932, 8.550595001072253, 0.0], [93.60955755965531, 8.550821084840273, 0.0], [93.60932136528763, 8.550513662030166, 0.0], [93.60918964783932, 8.550595001072253, 0.0]]], [[[93.59991425514902, 8.557986718714474, 0.0], [93.59977800208114, 8.557959613995724, 0.0], [93.5997871463881, 8.558054570693354, 0.0], [93.59991425514902, 8.557986718714474, 0.0]]], [[[93.61120157011312, 8.55821334750229, 0.0], [93.61091542497024, 8.558154556147475, 0.0], [93.61117883989037, 8.558376099786415, 0.0], [93.61120157011312, 8.55821334750229, 0.0]]], [[[93.59984156296393, 8.55845236802419, 0.0], [93.59980530192081, 8.558217259365913, 0.0], [93.59967354744258, 8.558393566122335, 0.0], [93.59984156296393, 8.55845236802419, 0.0]]], [[[93.61019316104597, 8.558638327134446, 0.0], [93.6104520633622, 8.558480086908682, 0.0], [93.61032493119764, 8.558303732356233, 0.0], [93.61019316104597, 8.558638327134446, 0.0]]], [[[93.61082912584222, 8.55868354177464, 0.0], [93.61108802850087, 8.558525301153955, 0.0], [93.6109608048046, 8.558348947834816, 0.0], [93.61082912584222, 8.55868354177464, 0.0]]], [[[93.60007773075691, 8.558569945995883, 0.0], [93.59990512445985, 8.558597077164647, 0.0], [93.59995511016285, 8.558660403981545, 0.0], [93.60007773075691, 8.558569945995883, 0.0]]], [[[93.59941912731045, 8.558574404240153, 0.0], [93.59959170778589, 8.558646767334796, 0.0], [93.59949633415022, 8.558438793593972, 0.0], [93.59941912731045, 8.558574404240153, 0.0]]], [[[93.61059284078578, 8.560718091968436, 0.0], [93.6107881128878, 8.560944084923769, 0.0], [93.61078813535197, 8.560672831447894, 0.0], [93.61059284078578, 8.560718091968436, 0.0]]], [[[93.60064532893367, 8.561549424532965, 0.0], [93.6008406472457, 8.56151782605244, 0.0], [93.6006362548303, 8.561499692382842, 0.0], [93.60064532893367, 8.561549424532965, 0.0]]], [[[93.60049546886366, 8.56171219322873, 0.0], [93.60055901139877, 8.56190212570021, 0.0], [93.60059996013014, 8.561648898107496, 0.0], [93.60049546886366, 8.56171219322873, 0.0]]], [[[93.60143106060917, 8.563452951735142, 0.0], [93.60112668858294, 8.563073091290033, 0.0], [93.60099954008611, 8.56329018306495, 0.0], [93.60143106060917, 8.563452951735142, 0.0]]], [[[93.60041352628583, 8.563986369054211, 0.0], [93.60094502265014, 8.563466461694123, 0.0], [93.60038634274858, 8.563339797473247, 0.0], [93.60041352628583, 8.563986369054211, 0.0]]], [[[93.6028708692587, 8.564022703940969, 0.0], [93.60300264496414, 8.563339975911388, 0.0], [93.60276638575961, 8.5640905221419, 0.0], [93.6028708692587, 8.564022703940969, 0.0]]], [[[93.61045644168186, 8.563679396732617, 0.0], [93.61015212884944, 8.564140619657232, 0.0], [93.61030202770614, 8.564289802623797, 0.0], [93.61045644168186, 8.563679396732617, 0.0]]], [[[93.60297987312815, 8.56486361076049, 0.0], [93.60283904242965, 8.564700842877462, 0.0], [93.60278907477918, 8.564822935942356, 0.0], [93.60297987312815, 8.56486361076049, 0.0]]], [[[93.60307520289491, 8.56584925691909, 0.0], [93.60338405881143, 8.5654966605018, 0.0], [93.60330233594343, 8.565419726193523, 0.0], [93.60307520289491, 8.56584925691909, 0.0]]], [[[93.6109741394192, 8.56613894611308, 0.0], [93.61118314672738, 8.566143499674801, 0.0], [93.61108315532589, 8.56600789549718, 0.0], [93.6109741394192, 8.56613894611308, 0.0]]], [[[93.60337948430671, 8.567033833984746, 0.0], [93.60329773524258, 8.56676704852428, 0.0], [93.60317053493777, 8.566893693556827, 0.0], [93.60337948430671, 8.567033833984746, 0.0]]], [[[93.60302969326075, 8.567128716941937, 0.0], [93.60279800137006, 8.567318658229057, 0.0], [93.60298881458392, 8.56730958652741, 0.0], [93.60302969326075, 8.567128716941937, 0.0]]], [[[93.60713120571829, 8.570112959995349, 0.0], [93.60733564779105, 8.570045164946233, 0.0], [93.60725841046339, 8.569932135637929, 0.0], [93.60713120571829, 8.570112959995349, 0.0]]], [[[93.60745369354709, 8.57050626422145, 0.0], [93.6076490489502, 8.57026672170128, 0.0], [93.60738560540379, 8.57037522190634, 0.0], [93.60745369354709, 8.57050626422145, 0.0]]], [[[93.60754451262723, 8.570931317910352, 0.0], [93.60762177884598, 8.57071882415848, 0.0], [93.60750365608678, 8.570782142352039, 0.0], [93.60754451262723, 8.570931317910352, 0.0]]], [[[93.60694942259562, 8.573408902553183, 0.0], [93.60722194793087, 8.573295866201223, 0.0], [93.60714472397035, 8.573191881709514, 0.0], [93.60694942259562, 8.573408902553183, 0.0]]], [[[93.60648609049483, 8.573937846965121, 0.0], [93.60647697259341, 8.573689219776979, 0.0], [93.60636791234296, 8.573851926054656, 0.0], [93.60648609049483, 8.573937846965121, 0.0]]], [[[93.60227980556675, 8.57386528951316, 0.0], [93.60252056863314, 8.574181753369524, 0.0], [93.60262955368475, 8.574028092974908, 0.0], [93.60227980556675, 8.57386528951316, 0.0]]], [[[93.60194367933072, 8.574389688792646, 0.0], [93.60192096038776, 8.574100380661994, 0.0], [93.6017528680281, 8.574344490908098, 0.0], [93.60194367933072, 8.574389688792646, 0.0]]], [[[93.60557751740805, 8.57437179614758, 0.0], [93.60580920079512, 8.57446224207287, 0.0], [93.60575012841167, 8.57428596124286, 0.0], [93.60557751740805, 8.57437179614758, 0.0]]], [[[93.60282944827767, 8.57464744144773, 0.0], [93.6030610264517, 8.574728844148567, 0.0], [93.60294749423191, 8.57453446792425, 0.0], [93.60282944827767, 8.57464744144773, 0.0]]], [[[93.60538225241524, 8.5746702192006, 0.0], [93.60561837934966, 8.57469734467985, 0.0], [93.60550029669734, 8.574557154944635, 0.0], [93.60538225241524, 8.5746702192006, 0.0]]], [[[93.6051414800189, 8.575153951123223, 0.0], [93.6051414954209, 8.57499123527232, 0.0], [93.60506880980327, 8.575113273378113, 0.0], [93.6051414800189, 8.575153951123223, 0.0]]], [[[93.6028612068729, 8.575194511915218, 0.0], [93.60286122313998, 8.575031796206778, 0.0], [93.60278853551699, 8.575153833163768, 0.0], [93.6028612068729, 8.575194511915218, 0.0]]], [[[93.60289753772024, 8.57552911371559, 0.0], [93.6028020704245, 8.575438724413461, 0.0], [93.60281571173537, 8.575560716822245, 0.0], [93.60289753772024, 8.57552911371559, 0.0]]], [[[93.60282019992277, 8.576275069833448, 0.0], [93.60266577254461, 8.576252517464425, 0.0], [93.60268398814648, 8.576451384584917, 0.0], [93.60282019992277, 8.576275069833448, 0.0]]], [[[93.60260217490482, 8.576663884515375, 0.0], [93.60254316472175, 8.57646951307731, 0.0], [93.6025204054882, 8.576731757622074, 0.0], [93.60260217490482, 8.576663884515375, 0.0]]], [[[93.60845409993863, 8.581718600050083, 0.0], [93.60790629959551, 8.578680799837642, 0.0], [93.60669449927832, 8.581643899953137, 0.0], [93.60845409993863, 8.581718600050083, 0.0]]], [[[93.59845907722271, 8.583074694354073, 0.0], [93.59780059841853, 8.579991161410637, 0.0], [93.59652396755777, 8.58304748199274, 0.0], [93.59845907722271, 8.583074694354073, 0.0]]], [[[93.08637041018291, 11.784790582642763, 0.0], [93.07622656923412, 11.783509750933181, 0.0], [93.08394723655897, 11.789862004926015, 0.0], [93.08637041018291, 11.784790582642763, 0.0]]], [[[93.07837361701839, 12.076533117647806, 0.0], [93.0789386390754, 12.07710293222576, 0.0], [93.07905357815885, 12.076587479918414, 0.0], [93.07837361701839, 12.076533117647806, 0.0]]], [[[93.07962318663802, 12.077216075850757, 0.0], [93.07995409644192, 12.07647457234217, 0.0], [93.07945784806935, 12.07682718827123, 0.0], [93.07962318663802, 12.077216075850757, 0.0]]], [[[93.0823704891737, 12.078270016298413, 0.0], [93.08284362905673, 12.078871462695442, 0.0], [93.08282992983287, 12.078274600652433, 0.0], [93.0823704891737, 12.078270016298413, 0.0]]], [[[93.12365677023679, 12.148747028530028, 0.0], [93.11766425668623, 12.129941545416429, 0.0], [93.11152494406979, 12.129783163105282, 0.0], [93.10856491832769, 12.14494863787726, 0.0], [93.12365677023679, 12.148747028530028, 0.0]]], [[[93.1065663543688, 12.260830570290189, 0.0], [93.10447565818794, 12.211574631129984, 0.0], [93.10011879508237, 12.200419523902982, 0.0], [93.08773660647371, 12.227342515172532, 0.0], [93.0834266489607, 12.216781588730228, 0.0], [93.06180891126886, 12.233453641732092, 0.0], [93.07252577265291, 12.262264160454869, 0.0], [93.08548326868709, 12.238386123535216, 0.0], [93.1065663543688, 12.260830570290189, 0.0]]], [[[93.08027763694888, 13.294890590475369, 0.0], [93.07993598606505, 13.295134678823345, 0.0], [93.08032377354736, 13.295035278642217, 0.0], [93.08027763694888, 13.294890590475369, 0.0]]], [[[93.07819092481243, 13.29566787748798, 0.0], [93.07783081020885, 13.2958938747647, 0.0], [93.0780708314884, 13.296038597799651, 0.0], [93.07819092481243, 13.29566787748798, 0.0]]], [[[93.07838010880813, 13.296120035948498, 0.0], [93.07863399738227, 13.296169815352588, 0.0], [93.07851400981787, 13.295970858878965, 0.0], [93.07838010880813, 13.296120035948498, 0.0]]], [[[93.07878162642501, 13.296667179989937, 0.0], [93.07850004761768, 13.296576704235322, 0.0], [93.0786200179664, 13.296866085475715, 0.0], [93.07878162642501, 13.296667179989937, 0.0]]], [[[93.08212833965705, 13.297391154655509, 0.0], [93.08177755337788, 13.29707008823251, 0.0], [93.081925197296, 13.297522237833505, 0.0], [93.08212833965705, 13.297391154655509, 0.0]]], [[[93.0800417022409, 13.297671119133556, 0.0], [93.0797047114563, 13.297657496427965, 0.0], [93.07992624625537, 13.297933331438927, 0.0], [93.0800417022409, 13.297671119133556, 0.0]]], [[[93.08054479937009, 13.298145937224076, 0.0], [93.08102944762973, 13.298539368374588, 0.0], [93.08079409342065, 13.298087202958241, 0.0], [93.08054479937009, 13.298145937224076, 0.0]]], [[[93.0813710529855, 13.298566553405317, 0.0], [93.08120480728196, 13.298887533821398, 0.0], [93.08145870216109, 13.298919225579077, 0.0], [93.0813710529855, 13.298566553405317, 0.0]]], [[[93.08209562918219, 13.299687943826674, 0.0], [93.08191092843231, 13.299950145567372, 0.0], [93.0820124789081, 13.300008938706178, 0.0], [93.08209562918219, 13.299687943826674, 0.0]]], [[[93.08254799739987, 13.299905038027939, 0.0], [93.0823263538474, 13.300239574418965, 0.0], [93.08251563535295, 13.30018082956759, 0.0], [93.08254799739987, 13.299905038027939, 0.0]]], [[[93.08282955523876, 13.300153753016867, 0.0], [93.08300495334753, 13.300298461715544, 0.0], [93.08303729312, 13.300153787033734, 0.0], [93.08282955523876, 13.300153753016867, 0.0]]], [[[93.08094363994884, 13.366285572272577, 0.0], [93.08064348805635, 13.36631264862766, 0.0], [93.08092976347672, 13.36641668511032, 0.0], [93.08094363994884, 13.366285572272577, 0.0]]], [[[93.08136844075767, 13.366416758953365, 0.0], [93.08112829909209, 13.366552355085586, 0.0], [93.08134069494788, 13.366642815213284, 0.0], [93.08136844075767, 13.366416758953365, 0.0]]], [[[93.08087891828448, 13.36670603503459, 0.0], [93.08064339171898, 13.36685519584248, 0.0], [93.08083270950056, 13.36689139710299, 0.0], [93.08087891828448, 13.36670603503459, 0.0]]], [[[93.08225026673918, 13.367271416007743, 0.0], [93.08207014267651, 13.367474840812926, 0.0], [93.08232411553726, 13.367470361088877, 0.0], [93.08225026673918, 13.367271416007743, 0.0]]], [[[93.08161770247418, 13.366945783819242, 0.0], [93.08121539540106, 13.37021456161538, 0.0], [93.0829287353731, 13.369229215785259, 0.0], [93.08161770247418, 13.366945783819242, 0.0]]], [[[93.07798180645182, 13.376521106912092, 0.0], [93.07761696179487, 13.376706411010167, 0.0], [93.07792634448006, 13.376774285639454, 0.0], [93.07798180645182, 13.376521106912092, 0.0]]], [[[93.0800551310397, 13.377005241644394, 0.0], [93.07974118056572, 13.376657053242065, 0.0], [93.07977806016528, 13.377005194045505, 0.0], [93.0800551310397, 13.377005241644394, 0.0]]], [[[93.0797597136674, 13.376313443526822, 0.0], [93.07802785166149, 13.377230946708856, 0.0], [93.07901597925886, 13.377746541355373, 0.0], [93.0797597136674, 13.376313443526822, 0.0]]], [[[93.07783851026889, 13.377280646000408, 0.0], [93.07752447926248, 13.377371014183488, 0.0], [93.07769070124436, 13.377479553101741, 0.0], [93.07783851026889, 13.377280646000408, 0.0]]], [[[93.08329829130439, 13.396302334664034, 0.0], [93.08292881812692, 13.396397220963424, 0.0], [93.0831135103484, 13.396614269253893, 0.0], [93.08329829130439, 13.396302334664034, 0.0]]], [[[93.08182970538671, 13.396256885602947, 0.0], [93.08225422553151, 13.398354798660941, 0.0], [93.08275336810776, 13.396139483736933, 0.0], [93.08182970538671, 13.396256885602947, 0.0]]], [[[93.08580292587332, 13.416101098802619, 0.0], [93.0907499505459, 13.412308488727104, 0.0], [93.09020571834601, 13.40677898012245, 0.0], [93.08580292587332, 13.416101098802619, 0.0]]], [[[93.08667334501756, 13.432689522907332, 0.0], [93.08738479695013, 13.43174469342558, 0.0], [93.08666435011857, 13.431070931686914, 0.0], [93.08667334501756, 13.432689522907332, 0.0]]], [[[93.09598062804413, 13.431153482635871, 0.0], [93.10432660390693, 13.435652830965692, 0.0], [93.10442410402375, 13.429110663315265, 0.0], [93.09598062804413, 13.431153482635871, 0.0]]], [[[93.10799305802603, 13.655777221976896, 0.0], [93.10853845939359, 13.656283439354068, 0.0], [93.10833044829403, 13.655750128631164, 0.0], [93.10799305802603, 13.655777221976896, 0.0]]], [[[93.11081222071377, 13.657395443414108, 0.0], [93.11035009720182, 13.657829314297206, 0.0], [93.11050253848255, 13.657955838074766, 0.0], [93.11081222071377, 13.657395443414108, 0.0]]], [[[93.1063106172915, 13.657521742926804, 0.0], [93.105922396247, 13.658231272831529, 0.0], [93.10623200561737, 13.658104729827267, 0.0], [93.1063106172915, 13.657521742926804, 0.0]]], [[[93.10786329714837, 13.661196289140968, 0.0], [93.10716540478433, 13.661499053717318, 0.0], [93.1073455964831, 13.66164826335701, 0.0], [93.10786329714837, 13.661196289140968, 0.0]]], [[[93.84756424455458, 6.782011768914356, 0.0], [93.84794267774261, 6.781672483149783, 0.0], [93.8474337498846, 6.782037867170012, 0.0], [93.84756424455458, 6.782011768914356, 0.0]]], [[[93.94968322527448, 6.935861869825483, 0.0], [93.95018066503596, 6.93408936526358, 0.0], [93.9493075308732, 6.935016391902087, 0.0], [93.94968322527448, 6.935861869825483, 0.0]]], [[[93.95293730005773, 6.937903600170818, 0.0], [93.95329420065349, 6.937845500000965, 0.0], [93.95306180013438, 6.93763800019926, 0.0], [93.95293730005773, 6.937903600170818, 0.0]]], [[[93.94626410069895, 6.95394749977795, 0.0], [93.9462060001464, 6.95383960038002, 0.0], [93.94618109999692, 6.953972399887245, 0.0], [93.94626410069895, 6.95394749977795, 0.0]]], [[[93.94734309999664, 6.95408859999805, 0.0], [93.94765850076678, 6.954254600506166, 0.0], [93.9475672001444, 6.953964100613607, 0.0], [93.94734309999664, 6.95408859999805, 0.0]]], [[[93.94594040070241, 6.956470700063563, 0.0], [93.94587400059153, 6.956329600325771, 0.0], [93.94585740019664, 6.956462399994522, 0.0], [93.94594040070241, 6.956470700063563, 0.0]]], [[[93.94431360069453, 6.987105999945223, 0.0], [93.94433850052674, 6.986782299906997, 0.0], [93.94417250003279, 6.986915100362545, 0.0], [93.94431360069453, 6.987105999945223, 0.0]]], [[[93.94529300074775, 6.991978099900477, 0.0], [93.94518510073293, 6.991803799834455, 0.0], [93.94516850041381, 6.991944900156563, 0.0], [93.94529300074775, 6.991978099900477, 0.0]]], [[[93.9444049005312, 6.991646099939719, 0.0], [93.94428870065498, 6.992301800665764, 0.0], [93.94506890046345, 6.991944900201251, 0.0], [93.9444049005312, 6.991646099939719, 0.0]]], [[[93.83738836187285, 7.244667888631251, 0.0], [93.83878967850063, 7.216399721311587, 0.0], [93.8699484144034, 7.204713170201884, 0.0], [93.88104365287597, 7.089690829872295, 0.0], [93.90176460585344, 7.081497159340405, 0.0], [93.91244205388654, 7.025135768406292, 0.0], [93.94462964184753, 7.00140315719969, 0.0], [93.93343661711822, 6.988870060501923, 0.0], [93.92342873990039, 7.009508343307316, 0.0], [93.90987861273868, 6.999317083130483, 0.0], [93.94135109077904, 6.954342592813862, 0.0], [93.91537701670676, 6.947282902996078, 0.0], [93.90968206957469, 6.910636245304947, 0.0], [93.89147481812257, 6.901196276180849, 0.0], [93.89772353017266, 6.813464360997241, 0.0], [93.87598728577386, 6.793226355483617, 0.0], [93.86241179054448, 6.813532573126968, 0.0], [93.84701796242129, 6.811338971065595, 0.0], [93.85493850973263, 6.819989095717636, 0.0], [93.85524580176069, 6.826197161452241, 0.0], [93.85510102750766, 6.827838550575574, 0.0], [93.85054070319295, 6.83332294471827, 0.0], [93.84720652941253, 6.834959554193653, 0.0], [93.84198085572635, 6.778498552442082, 0.0], [93.82247903538315, 6.752782631992987, 0.0], [93.79915130067404, 6.766185984200828, 0.0], [93.80986967342166, 6.811972857244997, 0.0], [93.79548946917035, 6.809511036217246, 0.0], [93.77775675505214, 6.832228551262467, 0.0], [93.78561194662987, 6.846902488748415, 0.0], [93.76262641313996, 6.862894838620046, 0.0], [93.77686023696216, 6.880477758419111, 0.0], [93.73170887466452, 6.921883601145214, 0.0], [93.74101096615452, 6.956258874388833, 0.0], [93.72634910496288, 6.958804684798052, 0.0], [93.71560534011894, 6.9895474331925, 0.0], [93.71980885831543, 6.99084201175096, 0.0], [93.7220728887817, 6.986705584232223, 0.0], [93.7250927382293, 6.982185010726401, 0.0], [93.73120392863156, 6.975395617187474, 0.0], [93.73276082589834, 6.974717885203006, 0.0], [93.73381958556175, 6.975048201582095, 0.0], [93.7369459249068, 6.976921034483257, 0.0], [93.73569767252343, 6.989906522233207, 0.0], [93.73844936169148, 6.989030166686187, 0.0], [93.73895138025826, 6.989803471059208, 0.0], [93.73815364781939, 6.994247830207486, 0.0], [93.73310752328882, 6.995516891729316, 0.0], [93.73734257300009, 6.997869365517952, 0.0], [93.73764413201971, 7.000004472796208, 0.0], [93.73285397461457, 6.995765487790184, 0.0], [93.73307290036308, 6.97502991410706, 0.0], [93.71749954566995, 6.994991978954255, 0.0], [93.695992263369, 6.992003756573125, 0.0], [93.69310489526198, 7.009635441015465, 0.0], [93.69868034821717, 7.009734099454382, 0.0], [93.7012735763354, 7.010398322077672, 0.0], [93.70321984251915, 7.011835876187642, 0.0], [93.70147807283698, 7.015408206468651, 0.0], [93.69818393229667, 7.018533022080003, 0.0], [93.70071901874039, 7.023144606551997, 0.0], [93.70072827442249, 7.024428752612892, 0.0], [93.70008124905489, 7.025360208612393, 0.0], [93.69779119371533, 7.024912985365596, 0.0], [93.69534247535692, 7.02291028457331, 0.0], [93.70179414357098, 7.011004121798423, 0.0], [93.65502683595292, 7.005493187093545, 0.0], [93.66697115945081, 7.022565522664037, 0.0], [93.64439138780895, 7.10068514748808, 0.0], [93.65433640365994, 7.10913079989785, 0.0], [93.6619907648404, 7.109437783054849, 0.0], [93.6617735283822, 7.1105771717277, 0.0], [93.66582934647295, 7.110780308726395, 0.0], [93.66727341207027, 7.112606833307578, 0.0], [93.64839771620856, 7.110668444677405, 0.0], [93.64317932516622, 7.127276219078475, 0.0], [93.66499460584814, 7.141987774041563, 0.0], [93.66083720551697, 7.177418550412061, 0.0], [93.67632642791425, 7.193038808081075, 0.0], [93.72215559596933, 7.18901177418245, 0.0], [93.74929367753822, 7.215918187586081, 0.0], [93.79206683855249, 7.20826400875316, 0.0], [93.79622742433483, 7.235429850384623, 0.0], [93.83738836187285, 7.244667888631251, 0.0]]], [[[93.94663930043161, 7.011690900645541, 0.0], [93.94686170015949, 7.011466499888773, 0.0], [93.94669570001977, 7.011383500753643, 0.0], [93.94663930043161, 7.011690900645541, 0.0]]], [[[93.94541750008928, 7.012960500314581, 0.0], [93.94528180043895, 7.012837200238702, 0.0], [93.94527640010666, 7.012943900275967, 0.0], [93.94541750008928, 7.012960500314581, 0.0]]], [[[93.92694350060454, 7.028354399890329, 0.0], [93.92687530000548, 7.02824910059336, 0.0], [93.9268587001374, 7.028348699943757, 0.0], [93.92694350060454, 7.028354399890329, 0.0]]], [[[93.90305219220636, 7.077629149974582, 0.0], [93.9041415604256, 7.077750190584904, 0.0], [93.9045046835255, 7.077144986165981, 0.0], [93.90305219220636, 7.077629149974582, 0.0]]], [[[93.71360469991023, 7.221300699779135, 0.0], [93.71877470019571, 7.206098699896333, 0.0], [93.70968869990828, 7.230012699546317, 0.0], [93.71360469991023, 7.221300699779135, 0.0]]], [[[93.79948571775208, 7.245522266785163, 0.0], [93.78745117932081, 7.243150846032747, 0.0], [93.79784610095801, 7.248827207819497, 0.0], [93.79948571775208, 7.245522266785163, 0.0]]], [[[93.84586869981726, 7.285452699440837, 0.0], [93.84727670056421, 7.28961069986029, 0.0], [93.84798069989884, 7.289478699461585, 0.0], [93.84586869981726, 7.285452699440837, 0.0]]], [[[93.62143155563524, 7.330606591413342, 0.0], [93.61947067873125, 7.325180837907818, 0.0], [93.61700245929546, 7.330846149839897, 0.0], [93.62143155563524, 7.330606591413342, 0.0]]], [[[93.70027777483396, 7.447172130679097, 0.0], [93.70969636754022, 7.405071365861959, 0.0], [93.74383225417742, 7.361449798140018, 0.0], [93.713600313692, 7.311368145413337, 0.0], [93.67487490616317, 7.29185939941798, 0.0], [93.63580805784143, 7.242813979432189, 0.0], [93.60709450316692, 7.310508333509734, 0.0], [93.62331546976905, 7.32279805902001, 0.0], [93.61943837228982, 7.374256676068597, 0.0], [93.6549249031807, 7.385184043580799, 0.0], [93.65630500701172, 7.365963236998166, 0.0], [93.67029327170746, 7.391151064785761, 0.0], [93.70180406348031, 7.393638055546758, 0.0], [93.6898844393186, 7.404224665919856, 0.0], [93.70027777483396, 7.447172130679097, 0.0]]], [[[93.76660269969726, 7.403922700424826, 0.0], [93.76829669989017, 7.394484699876415, 0.0], [93.76178470015988, 7.398334700332762, 0.0], [93.76660269969726, 7.403922700424826, 0.0]]], [[[93.68383252790798, 7.400255657980802, 0.0], [93.669869030378, 7.406044723376706, 0.0], [93.67546359590705, 7.412514347232441, 0.0], [93.68383252790798, 7.400255657980802, 0.0]]], [[[93.63050429930082, 7.472317652853692, 0.0], [93.63130613061571, 7.471978576422956, 0.0], [93.63132870815335, 7.471607779768085, 0.0], [93.63050429930082, 7.472317652853692, 0.0]]], [[[93.65042070023897, 7.471176700310822, 0.0], [93.64562470009999, 7.477116699730249, 0.0], [93.65110269980637, 7.474432700058245, 0.0], [93.65042070023897, 7.471176700310822, 0.0]]], [[[93.62327861368794, 7.481509753470839, 0.0], [93.61844941768196, 7.482445683043252, 0.0], [93.61896583244796, 7.483417775914759, 0.0], [93.62327861368794, 7.481509753470839, 0.0]]], [[[93.64291639169014, 8.395322584806292, 0.0], [93.64351990869433, 8.38922800791457, 0.0], [93.63380401593584, 8.394676439449377, 0.0], [93.64291639169014, 8.395322584806292, 0.0]]], [[[93.63587729961185, 8.392793999542594, 0.0], [93.63562830003872, 8.39252839945781, 0.0], [93.63548719931417, 8.392652899652798, 0.0], [93.63587729961185, 8.392793999542594, 0.0]]], [[[93.6256679018464, 8.39449569950565, 0.0], [93.62588585299635, 8.394188190079245, 0.0], [93.62546365923123, 8.394061598879901, 0.0], [93.6256679018464, 8.39449569950565, 0.0]]], [[[93.63168829185547, 8.395209954871127, 0.0], [93.63143859667558, 8.394531810371626, 0.0], [93.63123431875829, 8.39497940555486, 0.0], [93.63168829185547, 8.395209954871127, 0.0]]], [[[93.62730692085232, 8.395011092592963, 0.0], [93.62733870822282, 8.394726219389325, 0.0], [93.62719346900376, 8.394780448036968, 0.0], [93.62730692085232, 8.395011092592963, 0.0]]], [[[93.62726153886368, 8.395313986661959, 0.0], [93.62714353402127, 8.395133186832235, 0.0], [93.62711626975012, 8.395350125730008, 0.0], [93.62726153886368, 8.395313986661959, 0.0]]], [[[93.62603571254495, 8.39588368151767, 0.0], [93.62622642269167, 8.395580737422122, 0.0], [93.62604933141462, 8.395540045845237, 0.0], [93.62603571254495, 8.39588368151767, 0.0]]], [[[93.63425880014682, 8.3967364997517, 0.0], [93.63360309932858, 8.39679460006453, 0.0], [93.63371929984896, 8.39784040004418, 0.0], [93.63425880014682, 8.3967364997517, 0.0]]], [[[93.62524112774813, 8.397863957834213, 0.0], [93.62478715906171, 8.396557334621626, 0.0], [93.62458284372676, 8.397895664415177, 0.0], [93.62524112774813, 8.397863957834213, 0.0]]], [[[93.62435130102384, 8.39703206624942, 0.0], [93.62382457174829, 8.39850594634205, 0.0], [93.62400164599559, 8.39859186330961, 0.0], [93.62435130102384, 8.39703206624942, 0.0]]], [[[93.62311626902377, 8.398157845806221, 0.0], [93.62328431434817, 8.397936342787688, 0.0], [93.6231526110466, 8.397936279237857, 0.0], [93.62311626902377, 8.398157845806221, 0.0]]], [[[93.62298918543455, 8.398605495404105, 0.0], [93.62315715412869, 8.398392947575855, 0.0], [93.62301642309608, 8.398370377098102, 0.0], [93.62298918543455, 8.398605495404105, 0.0]]], [[[93.6233705190638, 8.39862352488359, 0.0], [93.62352947368214, 8.39839751391079, 0.0], [93.62341597695139, 8.398365855471612, 0.0], [93.6233705190638, 8.39862352488359, 0.0]]], [[[93.6231707633177, 8.399066586728193, 0.0], [93.62327977711966, 8.398849609107742, 0.0], [93.6230890174957, 8.398953565198436, 0.0], [93.6231707633177, 8.399066586728193, 0.0]]], [[[93.623184356631, 8.399274596958636, 0.0], [93.62342046772318, 8.399301719852225, 0.0], [93.62340691324586, 8.399175113301762, 0.0], [93.623184356631, 8.399274596958636, 0.0]]], [[[93.63246599980994, 8.399591699643612, 0.0], [93.63233320002308, 8.399417399401022, 0.0], [93.63227509951241, 8.399483799631513, 0.0], [93.63246599980994, 8.399591699643612, 0.0]]], [[[93.62289384190433, 8.40044555239605, 0.0], [93.62314810758062, 8.40023766082304, 0.0], [93.62300279483493, 8.40013360356193, 0.0], [93.62289384190433, 8.40044555239605, 0.0]]], [[[93.6224125054405, 8.400486291464764, 0.0], [93.62261683679448, 8.400291865920263, 0.0], [93.62236712553512, 8.4003371229808, 0.0], [93.6224125054405, 8.400486291464764, 0.0]]], [[[93.62263501698895, 8.400870617481807, 0.0], [93.62286657426279, 8.400775642212365, 0.0], [93.62281204871928, 8.400644487129307, 0.0], [93.62263501698895, 8.400870617481807, 0.0]]], [[[93.62219911397456, 8.401150882758264, 0.0], [93.62222184326811, 8.400879591662799, 0.0], [93.62213106599307, 8.400970093046181, 0.0], [93.62219911397456, 8.401150882758264, 0.0]]], [[[93.62241255327733, 8.402055121974122, 0.0], [93.62264861415647, 8.401878826243998, 0.0], [93.62239441189996, 8.401842686839656, 0.0], [93.62241255327733, 8.402055121974122, 0.0]]], [[[93.62337749947538, 8.417171099991448, 0.0], [93.62375099982317, 8.41737029993313, 0.0], [93.62359329932677, 8.417013399516959, 0.0], [93.62337749947538, 8.417171099991448, 0.0]]], [[[93.62275499973678, 8.41884769939867, 0.0], [93.62250599943584, 8.418930699751167, 0.0], [93.62263049984625, 8.41899709969659, 0.0], [93.62275499973678, 8.41884769939867, 0.0]]], [[[93.62233170012952, 8.420059499715135, 0.0], [93.62275499939649, 8.41963619979248, 0.0], [93.6225474993804, 8.4193871996118, 0.0], [93.62233170012952, 8.420059499715135, 0.0]]], [[[93.62220720011238, 8.420997399863374, 0.0], [93.62208269923266, 8.420723499521163, 0.0], [93.62206610011788, 8.420980799617567, 0.0], [93.62220720011238, 8.420997399863374, 0.0]]], [[[93.62210759973145, 8.421794199664555, 0.0], [93.62192499934937, 8.421760999567537, 0.0], [93.62199139997398, 8.421885499716618, 0.0], [93.62210759973145, 8.421794199664555, 0.0]]], [[[93.62031479981279, 8.425852900102706, 0.0], [93.62043099981838, 8.425877800006681, 0.0], [93.62040609978419, 8.425819699752147, 0.0], [93.62031479981279, 8.425852900102706, 0.0]]], [[[93.6200326000813, 8.427720400159458, 0.0], [93.62003259985052, 8.427595900149567, 0.0], [93.61997449993744, 8.427604199873219, 0.0], [93.6200326000813, 8.427720400159458, 0.0]]], [[[93.62648169961967, 8.4287578998962, 0.0], [93.62628249940946, 8.428998599360312, 0.0], [93.62669749947261, 8.428965400213412, 0.0], [93.62648169961967, 8.4287578998962, 0.0]]], [[[93.61627269931944, 8.454554300040037, 0.0], [93.61615649963146, 8.454355099967364, 0.0], [93.61613990012626, 8.454462999922304, 0.0], [93.61627269931944, 8.454554300040037, 0.0]]], [[[93.61784970009796, 8.455342799702326, 0.0], [93.61793269965531, 8.454969299663542, 0.0], [93.61781649942702, 8.454902899654915, 0.0], [93.61784970009796, 8.455342799702326, 0.0]]], [[[93.61711929980116, 8.45540089996502, 0.0], [93.61714419967922, 8.455541999527128, 0.0], [93.61730189971296, 8.455467299713693, 0.0], [93.61711929980116, 8.45540089996502, 0.0]]], [[[93.61652999937562, 8.45577439977561, 0.0], [93.61649679958826, 8.456496499403915, 0.0], [93.61712759958355, 8.456156199630087, 0.0], [93.61652999937562, 8.45577439977561, 0.0]]], [[[93.61750939951482, 8.456305599951907, 0.0], [93.61755089990098, 8.456023400234022, 0.0], [93.61738489986833, 8.45615619937168, 0.0], [93.61750939951482, 8.456305599951907, 0.0]]], [[[93.62001599972861, 8.458778999584025, 0.0], [93.62043929946552, 8.45892839967694, 0.0], [93.62057209979537, 8.458770699631254, 0.0], [93.62001599972861, 8.458778999584025, 0.0]]], [[[93.62546836006585, 8.470266819382518, 0.0], [93.62583158034134, 8.470782244179194, 0.0], [93.62592694788593, 8.47037534589704, 0.0], [93.62546836006585, 8.470266819382518, 0.0]]], [[[93.62873354879939, 8.487637299420683, 0.0], [93.62931482390094, 8.487198683055379, 0.0], [93.62917408475577, 8.486968177409581, 0.0], [93.62873354879939, 8.487637299420683, 0.0]]], [[[93.62844748286464, 8.487931173727048, 0.0], [93.62850202012636, 8.488170773697497, 0.0], [93.62869721724408, 8.487922088267828, 0.0], [93.62844748286464, 8.487931173727048, 0.0]]], [[[93.60021492776978, 8.544974724488108, 0.0], [93.60691777938592, 8.569959171998715, 0.0], [93.60724032032937, 8.56889671448927, 0.0], [93.61017017565055, 8.565885785953839, 0.0], [93.60838111083464, 8.552019203087953, 0.0], [93.61167023510092, 8.53253746060532, 0.0], [93.61469975910538, 8.528626759772965, 0.0], [93.62553657899227, 8.523694229097856, 0.0], [93.62147185724992, 8.507621345768577, 0.0], [93.6323481091153, 8.467721297324504, 0.0], [93.6264310710365, 8.47145141433581, 0.0], [93.61718536973838, 8.468078478413004, 0.0], [93.61259109387278, 8.423214267345582, 0.0], [93.60691896364534, 8.444599447809127, 0.0], [93.61376607743955, 8.462331975677076, 0.0], [93.60944218428439, 8.481474564082188, 0.0], [93.61921036773121, 8.486606414297896, 0.0], [93.61206558262857, 8.526320876239394, 0.0], [93.60021492776978, 8.544974724488108, 0.0]]], [[[93.61393299181123, 8.501666806052294, 0.0], [93.6144869868035, 8.501987837746237, 0.0], [93.61449611093477, 8.501612553398893, 0.0], [93.61393299181123, 8.501666806052294, 0.0]]], [[[93.61435079652031, 8.502729275633497, 0.0], [93.61440982383856, 8.502426361971676, 0.0], [93.61420092375653, 8.50263888358783, 0.0], [93.61435079652031, 8.502729275633497, 0.0]]], [[[93.6243602452631, 8.503131762187087, 0.0], [93.62445560440385, 8.502996117815469, 0.0], [93.62429667102379, 8.502978101553479, 0.0], [93.6243602452631, 8.503131762187087, 0.0]]], [[[93.62416955663467, 8.503140841414025, 0.0], [93.62402873449749, 8.503366916093801, 0.0], [93.62416951486891, 8.503339736235606, 0.0], [93.62416955663467, 8.503140841414025, 0.0]]], [[[93.6145459908335, 8.504578453609058, 0.0], [93.61442788817924, 8.504469921814872, 0.0], [93.6144688138864, 8.504610142012185, 0.0], [93.6145459908335, 8.504578453609058, 0.0]]], [[[93.61469590994339, 8.504754772117048, 0.0], [93.61496836037684, 8.50485428722492, 0.0], [93.61496837776293, 8.504637211174261, 0.0], [93.61469590994339, 8.504754772117048, 0.0]]], [[[93.62292968585581, 8.504840809719433, 0.0], [93.62297964280984, 8.505057805767196, 0.0], [93.62314308174219, 8.504827262997557, 0.0], [93.62292968585581, 8.504840809719433, 0.0]]], [[[93.61432804741493, 8.504818034103174, 0.0], [93.61431434204788, 8.505111922088895, 0.0], [93.61446879920437, 8.504885919280486, 0.0], [93.61432804741493, 8.504818034103174, 0.0]]], [[[93.61459139204155, 8.505645490321, 0.0], [93.61440520189625, 8.505342511997664, 0.0], [93.61439607202168, 8.505600213546952, 0.0], [93.61459139204155, 8.505645490321, 0.0]]], [[[93.62200313726412, 8.507707236316337, 0.0], [93.62205310195856, 8.507928754275238, 0.0], [93.62214854031554, 8.5078971259913, 0.0], [93.62200313726412, 8.507707236316337, 0.0]]], [[[93.61944597535009, 8.527568839268682, 0.0], [93.61958680793344, 8.527342766349845, 0.0], [93.61945058258107, 8.527270444209437, 0.0], [93.61944597535009, 8.527568839268682, 0.0]]], [[[93.61519028799843, 8.529291319129879, 0.0], [93.61539468269268, 8.529549043444462, 0.0], [93.61548552390005, 8.529309483133796, 0.0], [93.61519028799843, 8.529291319129879, 0.0]]], [[[93.85659320657102, 12.300561753350513, 0.0], [93.86668379423664, 12.274761261482743, 0.0], [93.84137229463708, 12.270750038379582, 0.0], [93.84025689196307, 12.295380196492042, 0.0], [93.85659320657102, 12.300561753350513, 0.0]]], [[[94.26646165615445, 13.46256270832704, 0.0], [94.26322048351851, 13.440794302718453, 0.0], [94.24530388416933, 13.43286273851087, 0.0], [94.24756621181521, 13.459801478785577, 0.0], [94.26646165615445, 13.46256270832704, 0.0]]]]}}]}