{
  "type": "FeatureCollection",
  "features": [
    {
      "type": "Feature",
      "geometry": {
        "type": "Point",
        "coordinates": [
          88.2788,
          26.8826
        ]
      },
      "properties": {
        "date": "07/22/2009 12:00:00 AM",
        "location": "Kerseong, West Bengal ",
        "state": "Bengal",
        "deaths": 0,
        "trigger": "downpour",
        "type": "landslide",
        "source": "NASA GLC",
        "severity": "medium"
      }
    },
    {
      "type": "Feature",
      "geometry": {
        "type": "Point",
        "coordinates": [
          88.3143,
          26.8572
        ]
      },
      "properties": {
        "date": "07/22/2009 12:00:00 AM",
        "location": "Gayabari,  West Bengal ",
        "state": "Bengal",
        "deaths": 0,
        "trigger": "downpour",
        "type": "landslide",
        "source": "NASA GLC",
        "severity": "medium"
      }
    },
    {
      "type": "Feature",
      "geometry": {
        "type": "Point",
        "coordinates": [
          88.527,
          27.478
        ]
      },
      "properties": {
        "date": "07/01/2009 05:40:00 AM",
        "location": "4th Mile, Lower Mangshila in North Sikkim",
        "state": "nan",
        "deaths": 0,
        "trigger": "downpour",
        "type": "landslide",
        "source": "NASA GLC",
        "severity": "medium"
      }
    },
    {
      "type": "Feature",
      "geometry": {
        "type": "Point",
        "coordinates": [
          94.48214677,
          25.3098633
        ]
      },
      "properties": {
        "date": "07/29/2010 11:00:00 PM",
        "location": "Chingai-Kuingai(Quingai) route (16 kms), Chingai subdivision, Ukhrul district, Manipur",
        "state": "Manipur",
        "deaths": 0,
        "trigger": "downpour",
        "type": "landslide",
        "source": "NASA GLC",
        "severity": "medium"
      }
    },
    {
      "type": "Feature",
      "geometry": {
        "type": "Point",
        "coordinates": [
          79.6367,
          29.7334
        ]
      },
      "properties": {
        "date": "07/21/2011 12:00:00 AM",
        "location": "Kumaon, Uttarakhand",
        "state": "Uttarakhand",
        "deaths": 0,
        "trigger": "rain",
        "type": "landslide",
        "source": "NASA GLC",
        "severity": "medium"
      }
    },
    {
      "type": "Feature",
      "geometry": {
        "type": "Point",
        "coordinates": [
          74.3333,
          33.8778
        ]
      },
      "properties": {
        "date": "03/19/2007 12:00:00 AM",
        "location": "Doba",
        "state": "Kashmir",
        "deaths": 0,
        "trigger": "rain",
        "type": "landslide",
        "source": "NASA GLC",
        "severity": "medium"
      }
    },
    {
      "type": "Feature",
      "geometry": {
        "type": "Point",
        "coordinates": [
          78.7963,
          30.7666
        ]
      },
      "properties": {
        "date": "06/29/2011 12:00:00 AM",
        "location": "National Highway leading to Gangotri, from Dehradun",
        "state": "Uttarakhand",
        "deaths": 0,
        "trigger": "downpour",
        "type": "landslide",
        "source": "NASA GLC",
        "severity": "medium"
      }
    },
    {
      "type": "Feature",
      "geometry": {
        "type": "Point",
        "coordinates": [
          78.5925,
          30.7652
        ]
      },
      "properties": {
        "date": "07/09/2011 12:00:00 AM",
        "location": "Gangotri",
        "state": "Uttarakhand",
        "deaths": 0,
        "trigger": "downpour",
        "type": "landslide",
        "source": "NASA GLC",
        "severity": "medium"
      }
    },
    {
      "type": "Feature",
      "geometry": {
        "type": "Point",
        "coordinates": [
          79.0685,
          30.7331
        ]
      },
      "properties": {
        "date": "07/09/2011 12:00:00 AM",
        "location": "Kedarnath",
        "state": "Uttarakhand",
        "deaths": 0,
        "trigger": "downpour",
        "type": "landslide",
        "source": "NASA GLC",
        "severity": "medium"
      }
    },
    {
      "type": "Feature",
      "geometry": {
        "type": "Point",
        "coordinates": [
          78.4129,
          31.0188
        ]
      },
      "properties": {
        "date": "07/09/2011 12:00:00 AM",
        "location": "Yamunotri",
        "state": "Uttarakhand",
        "deaths": 0,
        "trigger": "downpour",
        "type": "landslide",
        "source": "NASA GLC",
        "severity": "medium"
      }
    },
    {
      "type": "Feature",
      "geometry": {
        "type": "Point",
        "coordinates": [
          79.3318,
          30.4043
        ]
      },
      "properties": {
        "date": "07/21/2011 12:00:00 AM",
        "location": "Chamoli , Uttarakhand",
        "state": "Uttarakhand",
        "deaths": 0,
        "trigger": "rain",
        "type": "landslide",
        "source": "NASA GLC",
        "severity": "medium"
      }
    },
    {
      "type": "Feature",
      "geometry": {
        "type": "Point",
        "coordinates": [
          77.1029,
          31.0226
        ]
      },
      "properties": {
        "date": "09/18/2012 12:00:00 AM",
        "location": "Jatog and Kaithlighat railway stations, Kaithleeghat, Himachal Pradesh",
        "state": "Himachal Pradesh",
        "deaths": 0,
        "trigger": "downpour",
        "type": "landslide",
        "source": "NASA GLC",
        "severity": "medium"
      }
    },
    {
      "type": "Feature",
      "geometry": {
        "type": "Point",
        "coordinates": [
          88.556,
          27.8385
        ]
      },
      "properties": {
        "date": "09/19/2012 12:00:00 AM",
        "location": "North Skkimm Hwy between, Chungthang and Mangan, North Skimm (9 landslides)",
        "state": "nan",
        "deaths": 0,
        "trigger": "downpour",
        "type": "landslide",
        "source": "NASA GLC",
        "severity": "large"
      }
    },
    {
      "type": "Feature",
      "geometry": {
        "type": "Point",
        "coordinates": [
          88.605,
          27.6558
        ]
      },
      "properties": {
        "date": "09/19/2012 12:00:00 AM",
        "location": "\u00a0Chungthang and Pegong. Houses, between Rangma and Chungthang ",
        "state": "nan",
        "deaths": 0,
        "trigger": "downpour",
        "type": "landslide",
        "source": "NASA GLC",
        "severity": "large"
      }
    },
    {
      "type": "Feature",
      "geometry": {
        "type": "Point",
        "coordinates": [
          78.3881,
          30.4954
        ]
      },
      "properties": {
        "date": "06/16/2013 12:00:00 AM",
        "location": "Rishikesh-Joshimath-Mana Road, Uttarakhand",
        "state": "Uttarakhand",
        "deaths": 0,
        "trigger": "rain",
        "type": "landslide",
        "source": "NASA GLC",
        "severity": "medium"
      }
    },
    {
      "type": "Feature",
      "geometry": {
        "type": "Point",
        "coordinates": [
          78.6695,
          30.885
        ]
      },
      "properties": {
        "date": "06/16/2013 12:00:00 AM",
        "location": "Dharasu-Gangotri Road, Uttarakhand",
        "state": "Uttarakhand",
        "deaths": 0,
        "trigger": "rain",
        "type": "landslide",
        "source": "NASA GLC",
        "severity": "medium"
      }
    },
    {
      "type": "Feature",
      "geometry": {
        "type": "Point",
        "coordinates": [
          80.417,
          29.7986
        ]
      },
      "properties": {
        "date": "06/16/2013 12:00:00 AM",
        "location": "Pithoragarh-Ghatiabgarh Road, Uttarakhand",
        "state": "Uttarakhand",
        "deaths": 0,
        "trigger": "rain",
        "type": "landslide",
        "source": "NASA GLC",
        "severity": "medium"
      }
    },
    {
      "type": "Feature",
      "geometry": {
        "type": "Point",
        "coordinates": [
          77.5947,
          10.9628
        ]
      },
      "properties": {
        "date": "06/25/2013 08:00:00 AM",
        "location": "Thenpara, Kerala-Tamil Nadu Inter-State Highway, Nadukani Ghat Road Connecting Nilambur With Gudallur In Tamilnadu",
        "state": "Tamil N\u0101du",
        "deaths": 0,
        "trigger": "downpour",
        "type": "landslide",
        "source": "NASA GLC",
        "severity": "medium"
      }
    },
    {
      "type": "Feature",
      "geometry": {
        "type": "Point",
        "coordinates": [
          77.5947,
          10.9628
        ]
      },
      "properties": {
        "date": "06/25/2013 08:00:00 AM",
        "location": "Jaram, Kerala-Tamil Nadu Inter-State Highway, Nadukani Ghat Road Connecting Nilambur With Gudallur In Tamilnadu",
        "state": "Tamil N\u0101du",
        "deaths": 0,
        "trigger": "downpour",
        "type": "landslide",
        "source": "NASA GLC",
        "severity": "medium"
      }
    },
    {
      "type": "Feature",
      "geometry": {
        "type": "Point",
        "coordinates": [
          93.9413,
          25.7658
        ]
      },
      "properties": {
        "date": "07/17/2013 12:00:00 AM",
        "location": "National Highway 29 Between Patkai Bridge And Kukidolong, Nagaland",
        "state": "N\u0101g\u0101land",
        "deaths": 0,
        "trigger": "rain",
        "type": "mudslide",
        "source": "NASA GLC",
        "severity": "medium"
      }
    },
    {
      "type": "Feature",
      "geometry": {
        "type": "Point",
        "coordinates": [
          94.0885,
          25.7131
        ]
      },
      "properties": {
        "date": "07/17/2013 12:00:00 AM",
        "location": "National Highway 2 Near Meriema Village, 10 Km Away From Kohima",
        "state": "N\u0101g\u0101land",
        "deaths": 0,
        "trigger": "rain",
        "type": "mudslide",
        "source": "NASA GLC",
        "severity": "medium"
      }
    },
    {
      "type": "Feature",
      "geometry": {
        "type": "Point",
        "coordinates": [
          74.4725,
          34.1587
        ]
      },
      "properties": {
        "date": "04/02/2015 12:00:00 AM",
        "location": "Frasthar",
        "state": "Kashmir",
        "deaths": 0,
        "trigger": "continuous_rain",
        "type": "landslide",
        "source": "NASA GLC",
        "severity": "medium"
      }
    },
    {
      "type": "Feature",
      "geometry": {
        "type": "Point",
        "coordinates": [
          73.8277,
          15.4014
        ]
      },
      "properties": {
        "date": "07/28/2007 12:00:00 AM",
        "location": "Vasco",
        "state": "Goa",
        "deaths": 0,
        "trigger": "rain",
        "type": "landslide",
        "source": "NASA GLC",
        "severity": "medium"
      }
    },
    {
      "type": "Feature",
      "geometry": {
        "type": "Point",
        "coordinates": [
          75.2565,
          12.6771
        ]
      },
      "properties": {
        "date": "06/27/2011 12:00:00 AM",
        "location": "Madikeri-Mangalore highway",
        "state": "Karnataka",
        "deaths": 0,
        "trigger": "rain",
        "type": "landslide",
        "source": "NASA GLC",
        "severity": "medium"
      }
    },
    {
      "type": "Feature",
      "geometry": {
        "type": "Point",
        "coordinates": [
          80.1327,
          29.4085
        ]
      },
      "properties": {
        "date": "08/17/2009 06:00:00 PM",
        "location": "Pithoragarh district",
        "state": "Uttarakhand",
        "deaths": 0,
        "trigger": "continuous_rain",
        "type": "landslide",
        "source": "NASA GLC",
        "severity": "medium"
      }
    },
    {
      "type": "Feature",
      "geometry": {
        "type": "Point",
        "coordinates": [
          94.1078,
          24.1419
        ]
      },
      "properties": {
        "date": "08/01/2015 12:00:00 AM",
        "location": "between Moltuk to New Songjang village",
        "state": "Manipur",
        "deaths": 0,
        "trigger": "continuous_rain",
        "type": "landslide",
        "source": "NASA GLC",
        "severity": "medium"
      }
    },
    {
      "type": "Feature",
      "geometry": {
        "type": "Point",
        "coordinates": [
          79.0765,
          30.4619
        ]
      },
      "properties": {
        "date": "06/16/2013 12:00:00 AM",
        "location": "Rudraprayag-Gaurikund Road, Uttarakhand",
        "state": "Uttarakhand",
        "deaths": 0,
        "trigger": "rain",
        "type": "landslide",
        "source": "NASA GLC",
        "severity": "medium"
      }
    },
    {
      "type": "Feature",
      "geometry": {
        "type": "Point",
        "coordinates": [
          78.3221,
          30.1281
        ]
      },
      "properties": {
        "date": "07/05/2012 12:00:00 AM",
        "location": "Badrinath Rd,  Rishikesh, Uttarakhand",
        "state": "Uttarakhand",
        "deaths": 0,
        "trigger": "downpour",
        "type": "landslide",
        "source": "NASA GLC",
        "severity": "large"
      }
    },
    {
      "type": "Feature",
      "geometry": {
        "type": "Point",
        "coordinates": [
          75.203,
          33.3893
        ]
      },
      "properties": {
        "date": "07/22/2010 05:00:00 AM",
        "location": "near Panthal, between Ramban and Ramsu(?), on Jammu-Srinagar hwy, Jammu and Kashmir",
        "state": "Kashmir",
        "deaths": 0,
        "trigger": "downpour",
        "type": "landslide",
        "source": "NASA GLC",
        "severity": "medium"
      }
    },
    {
      "type": "Feature",
      "geometry": {
        "type": "Point",
        "coordinates": [
          75.2382,
          33.241
        ]
      },
      "properties": {
        "date": "09/25/2010 12:00:00 AM",
        "location": "Dharam-Tharad area(?), Ramban district",
        "state": "Kashmir",
        "deaths": 0,
        "trigger": "downpour",
        "type": "landslide",
        "source": "NASA GLC",
        "severity": "medium"
      }
    },
    {
      "type": "Feature",
      "geometry": {
        "type": "Point",
        "coordinates": [
          77.009,
          8.4557
        ]
      },
      "properties": {
        "date": "11/13/2013 11:00:00 PM",
        "location": "Karakkamandapam, Kerala",
        "state": "Kerala",
        "deaths": 0,
        "trigger": "downpour",
        "type": "landslide",
        "source": "NASA GLC",
        "severity": "medium"
      }
    },
    {
      "type": "Feature",
      "geometry": {
        "type": "Point",
        "coordinates": [
          94.1167,
          25.616
        ]
      },
      "properties": {
        "date": "07/12/2013 11:00:00 PM",
        "location": "National Highway 2 Near Phesama Village Close To Kisama Naha Heritage Site, Kohima District, Nagaland",
        "state": "N\u0101g\u0101land",
        "deaths": 0,
        "trigger": "downpour",
        "type": "landslide",
        "source": "NASA GLC",
        "severity": "medium"
      }
    },
    {
      "type": "Feature",
      "geometry": {
        "type": "Point",
        "coordinates": [
          77.9798,
          31.5639
        ]
      },
      "properties": {
        "date": "06/17/2011 12:00:00 AM",
        "location": "Nathpa village, Kinnaur District, Himachal Pradesh",
        "state": "Himachal Pradesh",
        "deaths": 0,
        "trigger": "downpour",
        "type": "landslide",
        "source": "NASA GLC",
        "severity": "medium"
      }
    },
    {
      "type": "Feature",
      "geometry": {
        "type": "Point",
        "coordinates": [
          77.1213,
          31.0365
        ]
      },
      "properties": {
        "date": "08/22/2015 04:30:00 AM",
        "location": "Shimla-Kalka National Highway near Shoghi",
        "state": "Himachal Pradesh",
        "deaths": 0,
        "trigger": "downpour",
        "type": "landslide",
        "source": "NASA GLC",
        "severity": "medium"
      }
    },
    {
      "type": "Feature",
      "geometry": {
        "type": "Point",
        "coordinates": [
          78.6149,
          30.819
        ]
      },
      "properties": {
        "date": "07/28/2013 12:00:00 AM",
        "location": "Bhatwari Area Of Uttarkashi Districti, Uttarakhand",
        "state": "Uttarakhand",
        "deaths": 0,
        "trigger": "downpour",
        "type": "mudslide",
        "source": "NASA GLC",
        "severity": "small"
      }
    },
    {
      "type": "Feature",
      "geometry": {
        "type": "Point",
        "coordinates": [
          88.255,
          27.0605
        ]
      },
      "properties": {
        "date": "09/25/2011 12:00:00 AM",
        "location": "Singamari, Darhelling, West Bengal",
        "state": "Bengal",
        "deaths": 0,
        "trigger": "downpour",
        "type": "landslide",
        "source": "NASA GLC",
        "severity": "medium"
      }
    },
    {
      "type": "Feature",
      "geometry": {
        "type": "Point",
        "coordinates": [
          94.1351,
          25.4769
        ]
      },
      "properties": {
        "date": "10/08/2010 12:00:00 AM",
        "location": "Sahong, Tabu and Pani village under Tadubi police station of Senapati district, NH-39",
        "state": "N\u0101g\u0101land",
        "deaths": 0,
        "trigger": "downpour",
        "type": "mudslide",
        "source": "NASA GLC",
        "severity": "medium"
      }
    },
    {
      "type": "Feature",
      "geometry": {
        "type": "Point",
        "coordinates": [
          88.29184021,
          26.87324244
        ]
      },
      "properties": {
        "date": "07/03/2009 12:00:00 AM",
        "location": "Darjeeling (between Tin Dharia and Rongtong)",
        "state": "Bengal",
        "deaths": 0,
        "trigger": "rain",
        "type": "landslide",
        "source": "NASA GLC",
        "severity": "medium"
      }
    },
    {
      "type": "Feature",
      "geometry": {
        "type": "Point",
        "coordinates": [
          75.7627,
          33.334
        ]
      },
      "properties": {
        "date": "08/09/2010 06:00:00 PM",
        "location": "nan",
        "state": "Kashmir",
        "deaths": 0,
        "trigger": "downpour",
        "type": "landslide",
        "source": "NASA GLC",
        "severity": "medium"
      }
    },
    {
      "type": "Feature",
      "geometry": {
        "type": "Point",
        "coordinates": [
          75.1921061,
          33.33875958
        ]
      },
      "properties": {
        "date": "02/13/2011 12:00:00 AM",
        "location": "Srinagar-Jammu Natl. Hwy., at Panthal, Srinagar, Jammu and Kashmir",
        "state": "Kashmir",
        "deaths": 0,
        "trigger": "rain",
        "type": "landslide",
        "source": "NASA GLC",
        "severity": "medium"
      }
    },
    {
      "type": "Feature",
      "geometry": {
        "type": "Point",
        "coordinates": [
          73.3747,
          18.7624
        ]
      },
      "properties": {
        "date": "06/15/2010 12:00:00 AM",
        "location": "Khandala, on Mumbai-Pune Expressway",
        "state": "Maharashtra",
        "deaths": 0,
        "trigger": "downpour",
        "type": "landslide",
        "source": "NASA GLC",
        "severity": "small"
      }
    },
    {
      "type": "Feature",
      "geometry": {
        "type": "Point",
        "coordinates": [
          75.2373,
          33.2407
        ]
      },
      "properties": {
        "date": "01/12/2012 10:00:00 PM",
        "location": "Shatani Nallah, Ramban District",
        "state": "Kashmir",
        "deaths": 0,
        "trigger": "downpour",
        "type": "landslide",
        "source": "NASA GLC",
        "severity": "medium"
      }
    },
    {
      "type": "Feature",
      "geometry": {
        "type": "Point",
        "coordinates": [
          93.1645,
          25.5215
        ]
      },
      "properties": {
        "date": "08/20/2009 12:00:00 AM",
        "location": "Lumding-Badarpur section in North Cachar Hills district",
        "state": "Assam",
        "deaths": 0,
        "trigger": "downpour",
        "type": "landslide",
        "source": "NASA GLC",
        "severity": "medium"
      }
    },
    {
      "type": "Feature",
      "geometry": {
        "type": "Point",
        "coordinates": [
          75.2845,
          33.2049
        ]
      },
      "properties": {
        "date": "07/12/2015 12:00:00 AM",
        "location": "Between Batote and Ramban",
        "state": "Kashmir",
        "deaths": 0,
        "trigger": "continuous_rain",
        "type": "landslide",
        "source": "NASA GLC",
        "severity": "medium"
      }
    },
    {
      "type": "Feature",
      "geometry": {
        "type": "Point",
        "coordinates": [
          75.244,
          33.2609
        ]
      },
      "properties": {
        "date": "02/16/2011 06:00:00 PM",
        "location": "near Ramban, Jammu-Srinagar hwy, Jammu and Kashmir",
        "state": "Kashmir",
        "deaths": 0,
        "trigger": "downpour",
        "type": "landslide",
        "source": "NASA GLC",
        "severity": "medium"
      }
    },
    {
      "type": "Feature",
      "geometry": {
        "type": "Point",
        "coordinates": [
          77.2181,
          32.3491
        ]
      },
      "properties": {
        "date": "07/15/2011 06:00:00 PM",
        "location": "Rahni",
        "state": "Himachal Pradesh",
        "deaths": 0,
        "trigger": "downpour",
        "type": "landslide",
        "source": "NASA GLC",
        "severity": "medium"
      }
    },
    {
      "type": "Feature",
      "geometry": {
        "type": "Point",
        "coordinates": [
          77.4871,
          34.1416
        ]
      },
      "properties": {
        "date": "08/06/2010 12:30:00 AM",
        "location": "villages Shapoo(?), Bazgo(?) and wide area around Leh, Ladakh, Jammu and Kashmir",
        "state": "Kashmir",
        "deaths": 0,
        "trigger": "downpour",
        "type": "landslide",
        "source": "NASA GLC",
        "severity": "very_large"
      }
    },
    {
      "type": "Feature",
      "geometry": {
        "type": "Point",
        "coordinates": [
          91.2,
          25.8833
        ]
      },
      "properties": {
        "date": "06/09/2010 02:15:00 PM",
        "location": "Ishok Chingphu(?), Bishnupur, Assam",
        "state": "Megh\u0101laya",
        "deaths": 0,
        "trigger": "downpour",
        "type": "landslide",
        "source": "NASA GLC",
        "severity": "medium"
      }
    },
    {
      "type": "Feature",
      "geometry": {
        "type": "Point",
        "coordinates": [
          88.2778,
          26.885
        ]
      },
      "properties": {
        "date": "06/20/2008 12:00:00 AM",
        "location": "Kurseong sub division",
        "state": "Bengal",
        "deaths": 0,
        "trigger": "rain",
        "type": "landslide",
        "source": "NASA GLC",
        "severity": "medium"
      }
    },
    {
      "type": "Feature",
      "geometry": {
        "type": "Point",
        "coordinates": [
          75.0582,
          32.6987
        ]
      },
      "properties": {
        "date": "08/07/2016 12:00:00 AM",
        "location": "Parmandal, Jammu",
        "state": "Kashmir",
        "deaths": 0,
        "trigger": "continuous_rain",
        "type": "landslide",
        "source": "NASA GLC",
        "severity": "medium"
      }
    },
    {
      "type": "Feature",
      "geometry": {
        "type": "Point",
        "coordinates": [
          75.3226,
          34.2952
        ]
      },
      "properties": {
        "date": "06/08/2016 10:00:00 PM",
        "location": "Srinagar-Leh highway in Shutkady near Sonamarg, Ganderbal district, Jammu and Kashmir, India",
        "state": "Kashmir",
        "deaths": 0,
        "trigger": "downpour",
        "type": "landslide",
        "source": "NASA GLC",
        "severity": "medium"
      }
    },
    {
      "type": "Feature",
      "geometry": {
        "type": "Point",
        "coordinates": [
          94.0462,
          25.3179
        ]
      },
      "properties": {
        "date": "10/09/2010 12:00:00 AM",
        "location": "NH-39 in Karong area, Manipur",
        "state": "N\u0101g\u0101land",
        "deaths": 0,
        "trigger": "downpour",
        "type": "landslide",
        "source": "NASA GLC",
        "severity": "medium"
      }
    },
    {
      "type": "Feature",
      "geometry": {
        "type": "Point",
        "coordinates": [
          93.4333,
          24.75
        ]
      },
      "properties": {
        "date": "10/21/2007 12:00:00 AM",
        "location": "National Highway 53 at Nungba in Tamenglong district of Manipur",
        "state": "Assam",
        "deaths": 0,
        "trigger": "rain",
        "type": "landslide",
        "source": "NASA GLC",
        "severity": "medium"
      }
    },
    {
      "type": "Feature",
      "geometry": {
        "type": "Point",
        "coordinates": [
          94.3619,
          25.0985
        ]
      },
      "properties": {
        "date": "09/24/2013 12:00:00 AM",
        "location": "Ukhrul, Manipur",
        "state": "Manipur",
        "deaths": 0,
        "trigger": "unknown",
        "type": "landslide",
        "source": "NASA GLC",
        "severity": "medium"
      }
    },
    {
      "type": "Feature",
      "geometry": {
        "type": "Point",
        "coordinates": [
          75.496,
          34.1601
        ]
      },
      "properties": {
        "date": "07/03/2011 12:00:00 AM",
        "location": "Blocked the track between Railpathri and Baltal",
        "state": "Kashmir",
        "deaths": 0,
        "trigger": "rain",
        "type": "landslide",
        "source": "NASA GLC",
        "severity": "medium"
      }
    },
    {
      "type": "Feature",
      "geometry": {
        "type": "Point",
        "coordinates": [
          88.28,
          26.88
        ]
      },
      "properties": {
        "date": "06/17/2011 12:00:00 AM",
        "location": "St Mary's Hill, 3 km from Kurseong, West Bengal",
        "state": "Bengal",
        "deaths": 0,
        "trigger": "downpour",
        "type": "mudslide",
        "source": "NASA GLC",
        "severity": "large"
      }
    },
    {
      "type": "Feature",
      "geometry": {
        "type": "Point",
        "coordinates": [
          78.61786282,
          30.80200029
        ]
      },
      "properties": {
        "date": "08/13/2010 12:00:00 AM",
        "location": "Gangotree national highway near Bhatvaree, Uttarkashi district",
        "state": "Uttarakhand",
        "deaths": 0,
        "trigger": "downpour",
        "type": "landslide",
        "source": "NASA GLC",
        "severity": "medium"
      }
    },
    {
      "type": "Feature",
      "geometry": {
        "type": "Point",
        "coordinates": [
          76.9792,
          9.6326
        ]
      },
      "properties": {
        "date": "06/01/2011 11:00:00 PM",
        "location": "Kottayam-Kattapana road, at Ellapara(Elappara) village, Idukki, Kerala",
        "state": "Kerala",
        "deaths": 0,
        "trigger": "downpour",
        "type": "landslide",
        "source": "NASA GLC",
        "severity": "medium"
      }
    },
    {
      "type": "Feature",
      "geometry": {
        "type": "Point",
        "coordinates": [
          75.1773,
          33.3308
        ]
      },
      "properties": {
        "date": "03/19/2011 12:00:00 AM",
        "location": "Jammu-Srinagar hwy, Digdol, Ramban, Jammu and Kashmir",
        "state": "Kashmir",
        "deaths": 0,
        "trigger": "downpour",
        "type": "landslide",
        "source": "NASA GLC",
        "severity": "medium"
      }
    },
    {
      "type": "Feature",
      "geometry": {
        "type": "Point",
        "coordinates": [
          73.7735,
          19.3421
        ]
      },
      "properties": {
        "date": "08/02/2016 10:30:00 PM",
        "location": "Malshej ghat, Maharashtra, India",
        "state": "Maharashtra",
        "deaths": 0,
        "trigger": "monsoon",
        "type": "rock_fall",
        "source": "NASA GLC",
        "severity": "medium"
      }
    },
    {
      "type": "Feature",
      "geometry": {
        "type": "Point",
        "coordinates": [
          79.2498,
          30.2835
        ]
      },
      "properties": {
        "date": "07/26/2013 12:00:00 AM",
        "location": "Rishikesh-Badrinath Highway Near Kaleshwar",
        "state": "Uttarakhand",
        "deaths": 0,
        "trigger": "rain",
        "type": "landslide",
        "source": "NASA GLC",
        "severity": "medium"
      }
    },
    {
      "type": "Feature",
      "geometry": {
        "type": "Point",
        "coordinates": [
          76.8521,
          31.9671
        ]
      },
      "properties": {
        "date": "07/07/2013 12:00:00 AM",
        "location": "Mandi-Pathankot Highway At Gumma In Mandi, Himachal Pradesh",
        "state": "Himachal Pradesh",
        "deaths": 0,
        "trigger": "downpour",
        "type": "landslide",
        "source": "NASA GLC",
        "severity": "medium"
      }
    },
    {
      "type": "Feature",
      "geometry": {
        "type": "Point",
        "coordinates": [
          88.3162,
          26.8073
        ]
      },
      "properties": {
        "date": "06/16/2010 12:00:00 AM",
        "location": "Kurseong sub-division, Road between Kurseong and New Jalpaiguri",
        "state": "Bengal",
        "deaths": 0,
        "trigger": "downpour",
        "type": "landslide",
        "source": "NASA GLC",
        "severity": "medium"
      }
    },
    {
      "type": "Feature",
      "geometry": {
        "type": "Point",
        "coordinates": [
          79.8102,
          30.6145
        ]
      },
      "properties": {
        "date": "03/31/2015 12:00:00 AM",
        "location": "Joshimath-Mallari road",
        "state": "Uttarakhand",
        "deaths": 0,
        "trigger": "construction",
        "type": "landslide",
        "source": "NASA GLC",
        "severity": "medium"
      }
    },
    {
      "type": "Feature",
      "geometry": {
        "type": "Point",
        "coordinates": [
          88.6586,
          27.6163
        ]
      },
      "properties": {
        "date": "05/24/2015 12:00:00 AM",
        "location": "Bop, Sikkim",
        "state": "Sikkim",
        "deaths": 0,
        "trigger": "unknown",
        "type": "landslide",
        "source": "NASA GLC",
        "severity": "medium"
      }
    },
    {
      "type": "Feature",
      "geometry": {
        "type": "Point",
        "coordinates": [
          78.8979,
          22.1337
        ]
      },
      "properties": {
        "date": "03/07/2016 12:00:00 AM",
        "location": "Chhindwara",
        "state": "Madhya Pradesh",
        "deaths": 0,
        "trigger": "unknown",
        "type": "landslide",
        "source": "NASA GLC",
        "severity": "medium"
      }
    },
    {
      "type": "Feature",
      "geometry": {
        "type": "Point",
        "coordinates": [
          73.8976,
          15.3455
        ]
      },
      "properties": {
        "date": "06/28/2016 12:00:00 AM",
        "location": "PHC Cansaulim, Goa, India",
        "state": "Goa",
        "deaths": 0,
        "trigger": "downpour",
        "type": "landslide",
        "source": "NASA GLC",
        "severity": "small"
      }
    },
    {
      "type": "Feature",
      "geometry": {
        "type": "Point",
        "coordinates": [
          72.907,
          19.0397
        ]
      },
      "properties": {
        "date": "09/03/2012 12:00:00 AM",
        "location": "Chembur, Mumbai, Maharashtra",
        "state": "Maharashtra",
        "deaths": 0,
        "trigger": "downpour",
        "type": "landslide",
        "source": "NASA GLC",
        "severity": "medium"
      }
    },
    {
      "type": "Feature",
      "geometry": {
        "type": "Point",
        "coordinates": [
          76.9312,
          31.709
        ]
      },
      "properties": {
        "date": "08/24/2012 12:00:00 AM",
        "location": "Mandi, Himachal Pradesh,",
        "state": "Himachal Pradesh",
        "deaths": 0,
        "trigger": "downpour",
        "type": "landslide",
        "source": "NASA GLC",
        "severity": "medium"
      }
    },
    {
      "type": "Feature",
      "geometry": {
        "type": "Point",
        "coordinates": [
          79.4525,
          29.393
        ]
      },
      "properties": {
        "date": "07/06/2015 12:00:00 AM",
        "location": "Mall Rd, Nainital",
        "state": "Uttarakhand",
        "deaths": 0,
        "trigger": "downpour",
        "type": "landslide",
        "source": "NASA GLC",
        "severity": "medium"
      }
    },
    {
      "type": "Feature",
      "geometry": {
        "type": "Point",
        "coordinates": [
          77.1947,
          32.1797
        ]
      },
      "properties": {
        "date": "08/18/2012 12:00:00 AM",
        "location": "Kullu-Manali-Rohtang",
        "state": "Himachal Pradesh",
        "deaths": 0,
        "trigger": "downpour",
        "type": "landslide",
        "source": "NASA GLC",
        "severity": "medium"
      }
    },
    {
      "type": "Feature",
      "geometry": {
        "type": "Point",
        "coordinates": [
          77.1625,
          31.1032
        ]
      },
      "properties": {
        "date": "09/12/2009 11:00:00 PM",
        "location": "Kalka-Shimla toy train track near Kaithlighat",
        "state": "Himachal Pradesh",
        "deaths": 0,
        "trigger": "downpour",
        "type": "landslide",
        "source": "NASA GLC",
        "severity": "small"
      }
    },
    {
      "type": "Feature",
      "geometry": {
        "type": "Point",
        "coordinates": [
          77.1889,
          31.9843
        ]
      },
      "properties": {
        "date": "09/19/2010 12:00:00 AM",
        "location": "roads to Manali, Himachal Pradesh",
        "state": "Himachal Pradesh",
        "deaths": 0,
        "trigger": "downpour",
        "type": "landslide",
        "source": "NASA GLC",
        "severity": "medium"
      }
    },
    {
      "type": "Feature",
      "geometry": {
        "type": "Point",
        "coordinates": [
          91.885,
          25.5728
        ]
      },
      "properties": {
        "date": "06/28/2010 12:00:00 AM",
        "location": "Police CID complex(?), Shillong, Meghalaya",
        "state": "Megh\u0101laya",
        "deaths": 0,
        "trigger": "downpour",
        "type": "landslide",
        "source": "NASA GLC",
        "severity": "medium"
      }
    },
    {
      "type": "Feature",
      "geometry": {
        "type": "Point",
        "coordinates": [
          95.0243,
          26.7223
        ]
      },
      "properties": {
        "date": "04/19/2016 12:00:00 AM",
        "location": "Techahan Ward, Mon, Nagaland, India",
        "state": "Nagaland",
        "deaths": 0,
        "trigger": "continuous_rain",
        "type": "landslide",
        "source": "NASA GLC",
        "severity": "medium"
      }
    },
    {
      "type": "Feature",
      "geometry": {
        "type": "Point",
        "coordinates": [
          73.927,
          15.4465
        ]
      },
      "properties": {
        "date": "06/18/2015 10:00:00 PM",
        "location": "Dhaktebhat in Dongri village of St Andre constituency",
        "state": "Goa",
        "deaths": 0,
        "trigger": "continuous_rain",
        "type": "landslide",
        "source": "NASA GLC",
        "severity": "medium"
      }
    },
    {
      "type": "Feature",
      "geometry": {
        "type": "Point",
        "coordinates": [
          77.6001,
          34.5628
        ]
      },
      "properties": {
        "date": "05/27/2010 09:45:00 AM",
        "location": "Tyakshi(?) village near Turtuk(Nubra Valley) on Leh-Saichen(Siachan) rd, Jammu and kashmir",
        "state": "Kashmir",
        "deaths": 0,
        "trigger": "rain",
        "type": "landslide",
        "source": "NASA GLC",
        "severity": "medium"
      }
    },
    {
      "type": "Feature",
      "geometry": {
        "type": "Point",
        "coordinates": [
          93.4341,
          24.7625
        ]
      },
      "properties": {
        "date": "08/17/2013 11:00:00 PM",
        "location": "The Imphal-Jiribam Section Of Nh-37 In Tamenglong District",
        "state": "Assam",
        "deaths": 0,
        "trigger": "continuous_rain",
        "type": "landslide",
        "source": "NASA GLC",
        "severity": "medium"
      }
    },
    {
      "type": "Feature",
      "geometry": {
        "type": "Point",
        "coordinates": [
          93.816,
          27.0987
        ]
      },
      "properties": {
        "date": "06/09/2015 12:00:00 AM",
        "location": "Itanagar, Arunachal Pradesh",
        "state": "Arunachal Pradesh",
        "deaths": 0,
        "trigger": "continuous_rain",
        "type": "landslide",
        "source": "NASA GLC",
        "severity": "medium"
      }
    },
    {
      "type": "Feature",
      "geometry": {
        "type": "Point",
        "coordinates": [
          88.6193,
          27.4459
        ]
      },
      "properties": {
        "date": "04/11/2007 12:00:00 AM",
        "location": "Sikkim, 13 km north of Gangtok",
        "state": "nan",
        "deaths": 0,
        "trigger": "downpour",
        "type": "landslide",
        "source": "NASA GLC",
        "severity": "medium"
      }
    },
    {
      "type": "Feature",
      "geometry": {
        "type": "Point",
        "coordinates": [
          93.028,
          25.1553
        ]
      },
      "properties": {
        "date": "04/01/2010 12:00:00 AM",
        "location": "Paglanala village, Dholai Block, near Dwarbandh locality of the district, Cachar district (could only find district) 45 km from Silchar, Assam",
        "state": "Assam",
        "deaths": 0,
        "trigger": "downpour",
        "type": "landslide",
        "source": "NASA GLC",
        "severity": "medium"
      }
    },
    {
      "type": "Feature",
      "geometry": {
        "type": "Point",
        "coordinates": [
          78.3041,
          30.2828
        ]
      },
      "properties": {
        "date": "08/10/2011 12:00:00 AM",
        "location": "Chardham yatra",
        "state": "Uttarakhand",
        "deaths": 0,
        "trigger": "rain",
        "type": "landslide",
        "source": "NASA GLC",
        "severity": "medium"
      }
    },
    {
      "type": "Feature",
      "geometry": {
        "type": "Point",
        "coordinates": [
          72.8703,
          19.069
        ]
      },
      "properties": {
        "date": "06/25/2010 12:00:00 AM",
        "location": "hill(?) in Valmik Nagar, Kurla (Valmikinagar), Mumbai",
        "state": "Maharashtra",
        "deaths": 0,
        "trigger": "downpour",
        "type": "landslide",
        "source": "NASA GLC",
        "severity": "medium"
      }
    },
    {
      "type": "Feature",
      "geometry": {
        "type": "Point",
        "coordinates": [
          79.4929,
          30.7412
        ]
      },
      "properties": {
        "date": "07/09/2011 12:00:00 AM",
        "location": "Badrinath",
        "state": "Uttarakhand",
        "deaths": 0,
        "trigger": "downpour",
        "type": "landslide",
        "source": "NASA GLC",
        "severity": "medium"
      }
    },
    {
      "type": "Feature",
      "geometry": {
        "type": "Point",
        "coordinates": [
          92.899,
          22.533
        ]
      },
      "properties": {
        "date": "07/30/2007 12:00:00 AM",
        "location": "Lawngtlai",
        "state": "Mizoram",
        "deaths": 0,
        "trigger": "downpour",
        "type": "landslide",
        "source": "NASA GLC",
        "severity": "medium"
      }
    },
    {
      "type": "Feature",
      "geometry": {
        "type": "Point",
        "coordinates": [
          83.6299,
          19.1497
        ]
      },
      "properties": {
        "date": "08/03/2014 09:00:00 AM",
        "location": "Rayagada, Odisha",
        "state": "State of Odisha",
        "deaths": 0,
        "trigger": "continuous_rain",
        "type": "landslide",
        "source": "NASA GLC",
        "severity": "small"
      }
    },
    {
      "type": "Feature",
      "geometry": {
        "type": "Point",
        "coordinates": [
          75.137,
          32.8468
        ]
      },
      "properties": {
        "date": "09/06/2014 12:00:00 AM",
        "location": "Rakha Jaganoo",
        "state": "Kashmir",
        "deaths": 0,
        "trigger": "rain",
        "type": "landslide",
        "source": "NASA GLC",
        "severity": "medium"
      }
    },
    {
      "type": "Feature",
      "geometry": {
        "type": "Point",
        "coordinates": [
          92.8573,
          25.1175
        ]
      },
      "properties": {
        "date": "06/03/2012 12:00:00 AM",
        "location": "\u00a0between Harangajao and Mailongdisa, Assa,",
        "state": "Assam",
        "deaths": 0,
        "trigger": "downpour",
        "type": "landslide",
        "source": "NASA GLC",
        "severity": "medium"
      }
    },
    {
      "type": "Feature",
      "geometry": {
        "type": "Point",
        "coordinates": [
          80.2565,
          29.8002
        ]
      },
      "properties": {
        "date": "06/30/2016 10:00:00 PM",
        "location": "Didihat, Uttarakhand, India",
        "state": "Uttarakhand",
        "deaths": 0,
        "trigger": "monsoon",
        "type": "mudslide",
        "source": "NASA GLC",
        "severity": "large"
      }
    },
    {
      "type": "Feature",
      "geometry": {
        "type": "Point",
        "coordinates": [
          88.5287,
          27.1761
        ]
      },
      "properties": {
        "date": "08/20/2009 12:00:00 AM",
        "location": "NH31A, Mile 27 near Rambi",
        "state": "Sikkim",
        "deaths": 0,
        "trigger": "downpour",
        "type": "mudslide",
        "source": "NASA GLC",
        "severity": "medium"
      }
    },
    {
      "type": "Feature",
      "geometry": {
        "type": "Point",
        "coordinates": [
          75.8275,
          11.2738
        ]
      },
      "properties": {
        "date": "06/25/2007 12:00:00 AM",
        "location": "Kozhikode",
        "state": "Kerala",
        "deaths": 0,
        "trigger": "rain",
        "type": "landslide",
        "source": "NASA GLC",
        "severity": "medium"
      }
    },
    {
      "type": "Feature",
      "geometry": {
        "type": "Point",
        "coordinates": [
          92.9296,
          23.591
        ]
      },
      "properties": {
        "date": "09/13/2010 12:00:00 AM",
        "location": "near Tuivawl(?), Aizawl-Champhai rd, Aizawl district, Mizoram",
        "state": "Mizoram",
        "deaths": 0,
        "trigger": "downpour",
        "type": "landslide",
        "source": "NASA GLC",
        "severity": "medium"
      }
    },
    {
      "type": "Feature",
      "geometry": {
        "type": "Point",
        "coordinates": [
          78.4358,
          30.7313
        ]
      },
      "properties": {
        "date": "07/18/2016 12:00:00 AM",
        "location": "Gangotri Highway near Helgugad, Uttarkashi, Uttarakhand, India",
        "state": "Uttarakhand",
        "deaths": 0,
        "trigger": "rain",
        "type": "rock_fall",
        "source": "NASA GLC",
        "severity": "medium"
      }
    },
    {
      "type": "Feature",
      "geometry": {
        "type": "Point",
        "coordinates": [
          78.9829,
          30.2851
        ]
      },
      "properties": {
        "date": "09/03/2010 12:00:00 AM",
        "location": "Rudraprayag, Rishikesh-Badrinath hwy",
        "state": "Uttarakhand",
        "deaths": 0,
        "trigger": "downpour",
        "type": "landslide",
        "source": "NASA GLC",
        "severity": "medium"
      }
    },
    {
      "type": "Feature",
      "geometry": {
        "type": "Point",
        "coordinates": [
          78.3399,
          30.8987
        ]
      },
      "properties": {
        "date": "09/04/2010 12:00:00 AM",
        "location": "Ranachatti(?), on road to Yamunotri",
        "state": "Uttarakhand",
        "deaths": 0,
        "trigger": "downpour",
        "type": "landslide",
        "source": "NASA GLC",
        "severity": "medium"
      }
    },
    {
      "type": "Feature",
      "geometry": {
        "type": "Point",
        "coordinates": [
          88.6069,
          27.3383
        ]
      },
      "properties": {
        "date": "05/23/2007 12:00:00 AM",
        "location": "Pangthang, on road b/t Gangtok and North Sikkim",
        "state": "Sikkim",
        "deaths": 0,
        "trigger": "rain",
        "type": "landslide",
        "source": "NASA GLC",
        "severity": "medium"
      }
    },
    {
      "type": "Feature",
      "geometry": {
        "type": "Point",
        "coordinates": [
          73.47,
          18.72
        ]
      },
      "properties": {
        "date": "08/10/2008 12:00:00 AM",
        "location": "Monkey Hill and Khandala, Maharashtra",
        "state": "Maharashtra",
        "deaths": 0,
        "trigger": "rain",
        "type": "landslide",
        "source": "NASA GLC",
        "severity": "medium"
      }
    },
    {
      "type": "Feature",
      "geometry": {
        "type": "Point",
        "coordinates": [
          77.444,
          8.1747
        ]
      },
      "properties": {
        "date": "11/13/2013 12:00:00 AM",
        "location": "Nagercoil, Tamil Nadu",
        "state": "Tamil Nadu",
        "deaths": 0,
        "trigger": "downpour",
        "type": "landslide",
        "source": "NASA GLC",
        "severity": "medium"
      }
    },
    {
      "type": "Feature",
      "geometry": {
        "type": "Point",
        "coordinates": [
          77.6746,
          31.4711
        ]
      },
      "properties": {
        "date": "07/14/2013 12:00:00 AM",
        "location": "Near Rampur, Himachal Pradesh",
        "state": "Himachal Pradesh",
        "deaths": 0,
        "trigger": "downpour",
        "type": "landslide",
        "source": "NASA GLC",
        "severity": "medium"
      }
    },
    {
      "type": "Feature",
      "geometry": {
        "type": "Point",
        "coordinates": [
          77.0969,
          30.904
        ]
      },
      "properties": {
        "date": "07/25/2010 12:00:00 AM",
        "location": "Solan roads",
        "state": "Himachal Pradesh",
        "deaths": 0,
        "trigger": "downpour",
        "type": "landslide",
        "source": "NASA GLC",
        "severity": "medium"
      }
    },
    {
      "type": "Feature",
      "geometry": {
        "type": "Point",
        "coordinates": [
          77.6377,
          10.2379
        ]
      },
      "properties": {
        "date": "10/27/2014 09:00:00 AM",
        "location": "Dum Dum Parai",
        "state": "Tamil Nadu",
        "deaths": 0,
        "trigger": "downpour",
        "type": "rock_fall",
        "source": "NASA GLC",
        "severity": "medium"
      }
    },
    {
      "type": "Feature",
      "geometry": {
        "type": "Point",
        "coordinates": [
          74.9499,
          34.6113
        ]
      },
      "properties": {
        "date": "08/21/2012 12:00:00 AM",
        "location": "Barnoi, Bandipora, Kashmir",
        "state": "Kashmir",
        "deaths": 0,
        "trigger": "downpour",
        "type": "landslide",
        "source": "NASA GLC",
        "severity": "medium"
      }
    },
    {
      "type": "Feature",
      "geometry": {
        "type": "Point",
        "coordinates": [
          93.5063,
          24.9829
        ]
      },
      "properties": {
        "date": "09/01/2013 12:00:00 AM",
        "location": "Tamenglong, Manipur",
        "state": "Assam",
        "deaths": 0,
        "trigger": "continuous_rain",
        "type": "mudslide",
        "source": "NASA GLC",
        "severity": "medium"
      }
    },
    {
      "type": "Feature",
      "geometry": {
        "type": "Point",
        "coordinates": [
          73.8164,
          15.4838
        ]
      },
      "properties": {
        "date": "01/11/2011 12:00:00 AM",
        "location": "St Inez construction site, Panaji",
        "state": "Goa",
        "deaths": 0,
        "trigger": "construction",
        "type": "landslide",
        "source": "NASA GLC",
        "severity": "medium"
      }
    },
    {
      "type": "Feature",
      "geometry": {
        "type": "Point",
        "coordinates": [
          93.3613,
          25.5125
        ]
      },
      "properties": {
        "date": "06/29/2011 12:00:00 AM",
        "location": "Portions of NH 39, Connectin Manipur with Assam via Nagaland",
        "state": "Assam",
        "deaths": 0,
        "trigger": "downpour",
        "type": "landslide",
        "source": "NASA GLC",
        "severity": "medium"
      }
    },
    {
      "type": "Feature",
      "geometry": {
        "type": "Point",
        "coordinates": [
          78.4403,
          30.7333
        ]
      },
      "properties": {
        "date": "09/12/2010 12:00:00 AM",
        "location": "Uttarkashi town, Uttarakhand",
        "state": "Uttarakhand",
        "deaths": 0,
        "trigger": "downpour",
        "type": "landslide",
        "source": "NASA GLC",
        "severity": "medium"
      }
    },
    {
      "type": "Feature",
      "geometry": {
        "type": "Point",
        "coordinates": [
          77.7559,
          33.7403
        ]
      },
      "properties": {
        "date": "07/21/2015 12:00:00 AM",
        "location": "Miru, Manali-Leh highway",
        "state": "Kashmir",
        "deaths": 0,
        "trigger": "continuous_rain",
        "type": "landslide",
        "source": "NASA GLC",
        "severity": "small"
      }
    },
    {
      "type": "Feature",
      "geometry": {
        "type": "Point",
        "coordinates": [
          78.4517,
          30.7467
        ]
      },
      "properties": {
        "date": "07/29/2010 12:00:00 AM",
        "location": "nan",
        "state": "Uttarakhand",
        "deaths": 0,
        "trigger": "downpour",
        "type": "landslide",
        "source": "NASA GLC",
        "severity": "medium"
      }
    },
    {
      "type": "Feature",
      "geometry": {
        "type": "Point",
        "coordinates": [
          88.5575,
          27.5161
        ]
      },
      "properties": {
        "date": "09/30/2011 12:00:00 AM",
        "location": "nan",
        "state": "nan",
        "deaths": 0,
        "trigger": "unknown",
        "type": "landslide",
        "source": "NASA GLC",
        "severity": "medium"
      }
    },
    {
      "type": "Feature",
      "geometry": {
        "type": "Point",
        "coordinates": [
          94.48265093,
          25.31006064
        ]
      },
      "properties": {
        "date": "08/15/2010 11:00:00 PM",
        "location": "Chingai-Kuingai(Quingai) route (16 kms), Chingai subdivision, Ukhrul district, Manipur",
        "state": "Manipur",
        "deaths": 0,
        "trigger": "downpour",
        "type": "landslide",
        "source": "NASA GLC",
        "severity": "medium"
      }
    },
    {
      "type": "Feature",
      "geometry": {
        "type": "Point",
        "coordinates": [
          73.5111,
          19.6699
        ]
      },
      "properties": {
        "date": "07/12/2011 05:15:00 PM",
        "location": "Between Kasara and Igatpuri",
        "state": "Maharashtra",
        "deaths": 0,
        "trigger": "rain",
        "type": "landslide",
        "source": "NASA GLC",
        "severity": "medium"
      }
    },
    {
      "type": "Feature",
      "geometry": {
        "type": "Point",
        "coordinates": [
          77.5528,
          34.1619
        ]
      },
      "properties": {
        "date": "08/06/2010 12:30:00 AM",
        "location": "Leh airport, Ladakh, Jammu and Kashmir",
        "state": "Kashmir",
        "deaths": 0,
        "trigger": "downpour",
        "type": "landslide",
        "source": "NASA GLC",
        "severity": "large"
      }
    },
    {
      "type": "Feature",
      "geometry": {
        "type": "Point",
        "coordinates": [
          77.5063,
          30.9544
        ]
      },
      "properties": {
        "date": "09/19/2010 12:00:00 AM",
        "location": "road to Chopal, Himachal Pradesh",
        "state": "Himachal Pradesh",
        "deaths": 0,
        "trigger": "downpour",
        "type": "landslide",
        "source": "NASA GLC",
        "severity": "medium"
      }
    },
    {
      "type": "Feature",
      "geometry": {
        "type": "Point",
        "coordinates": [
          75.1447,
          32.9262
        ]
      },
      "properties": {
        "date": "07/11/2015 12:00:00 AM",
        "location": "Srinigar-Jammu Highway, Gangroo, Udhampur",
        "state": "Kashmir",
        "deaths": 0,
        "trigger": "continuous_rain",
        "type": "landslide",
        "source": "NASA GLC",
        "severity": "medium"
      }
    },
    {
      "type": "Feature",
      "geometry": {
        "type": "Point",
        "coordinates": [
          77.3544,
          30.6738
        ]
      },
      "properties": {
        "date": "07/14/2013 12:00:00 AM",
        "location": "Sirmaur District, Himachal Pradesh",
        "state": "Himachal Pradesh",
        "deaths": 0,
        "trigger": "rain",
        "type": "landslide",
        "source": "NASA GLC",
        "severity": "medium"
      }
    },
    {
      "type": "Feature",
      "geometry": {
        "type": "Point",
        "coordinates": [
          77.7755,
          31.5304
        ]
      },
      "properties": {
        "date": "08/21/2010 12:00:00 AM",
        "location": "Jeori-Ganvi(?) rd, Kinnuar(Kinnaur) district, Himachal Pradesh",
        "state": "Himachal Pradesh",
        "deaths": 0,
        "trigger": "downpour",
        "type": "landslide",
        "source": "NASA GLC",
        "severity": "medium"
      }
    },
    {
      "type": "Feature",
      "geometry": {
        "type": "Point",
        "coordinates": [
          80.3657,
          29.5659
        ]
      },
      "properties": {
        "date": "08/05/2013 12:00:00 AM",
        "location": "Jhulaghat Area Of Pithoragarh District, Uttarakhand",
        "state": "Uttarakhand",
        "deaths": 0,
        "trigger": "monsoon",
        "type": "landslide",
        "source": "NASA GLC",
        "severity": "medium"
      }
    },
    {
      "type": "Feature",
      "geometry": {
        "type": "Point",
        "coordinates": [
          93.5,
          24.9925
        ]
      },
      "properties": {
        "date": "08/20/2009 12:00:00 AM",
        "location": "Tamei, Tamenglong district on Imphal-Tamenglong (IT) road",
        "state": "Assam",
        "deaths": 0,
        "trigger": "downpour",
        "type": "landslide",
        "source": "NASA GLC",
        "severity": "medium"
      }
    },
    {
      "type": "Feature",
      "geometry": {
        "type": "Point",
        "coordinates": [
          77.1695,
          30.7198
        ]
      },
      "properties": {
        "date": "09/19/2010 12:00:00 AM",
        "location": "Kumarhatti-Nahan road, Himachal Pradesh",
        "state": "Himachal Pradesh",
        "deaths": 0,
        "trigger": "downpour",
        "type": "landslide",
        "source": "NASA GLC",
        "severity": "medium"
      }
    },
    {
      "type": "Feature",
      "geometry": {
        "type": "Point",
        "coordinates": [
          77.6092,
          12.9752
        ]
      },
      "properties": {
        "date": "02/08/2008 12:00:00 AM",
        "location": "Kodaikanal",
        "state": "Karn\u0101taka",
        "deaths": 0,
        "trigger": "rain",
        "type": "landslide",
        "source": "NASA GLC",
        "severity": "medium"
      }
    },
    {
      "type": "Feature",
      "geometry": {
        "type": "Point",
        "coordinates": [
          95.3429,
          28.9205
        ]
      },
      "properties": {
        "date": "06/26/2014 11:00:00 PM",
        "location": "Arunachal Pradesh",
        "state": "Arunachal Pradesh",
        "deaths": 0,
        "trigger": "continuous_rain",
        "type": "landslide",
        "source": "NASA GLC",
        "severity": "medium"
      }
    },
    {
      "type": "Feature",
      "geometry": {
        "type": "Point",
        "coordinates": [
          74.6163,
          33.9243
        ]
      },
      "properties": {
        "date": "04/05/2015 12:00:00 AM",
        "location": "Wadpora, Budgam near Vidyala School",
        "state": "Kashmir",
        "deaths": 0,
        "trigger": "continuous_rain",
        "type": "landslide",
        "source": "NASA GLC",
        "severity": "medium"
      }
    },
    {
      "type": "Feature",
      "geometry": {
        "type": "Point",
        "coordinates": [
          93.871,
          27.6438
        ]
      },
      "properties": {
        "date": "06/12/2016 11:00:00 PM",
        "location": "NH 13 10 kilometers from Old Ziro, Arunachal Pradesh, India",
        "state": "Arunachal Pradesh",
        "deaths": 0,
        "trigger": "downpour",
        "type": "landslide",
        "source": "NASA GLC",
        "severity": "medium"
      }
    },
    {
      "type": "Feature",
      "geometry": {
        "type": "Point",
        "coordinates": [
          76.8403,
          9.7327
        ]
      },
      "properties": {
        "date": "05/28/2008 12:00:00 AM",
        "location": "Periyanmala, Kottayam district, Kerala, India",
        "state": "Kerala",
        "deaths": 0,
        "trigger": "downpour",
        "type": "landslide",
        "source": "NASA GLC",
        "severity": "medium"
      }
    },
    {
      "type": "Feature",
      "geometry": {
        "type": "Point",
        "coordinates": [
          88.251,
          27.0076
        ]
      },
      "properties": {
        "date": "06/27/2015 11:00:00 PM",
        "location": "Old Monastery Road, Ghum",
        "state": "West Bengal",
        "deaths": 0,
        "trigger": "downpour",
        "type": "landslide",
        "source": "NASA GLC",
        "severity": "medium"
      }
    },
    {
      "type": "Feature",
      "geometry": {
        "type": "Point",
        "coordinates": [
          79.4552,
          29.3908
        ]
      },
      "properties": {
        "date": "07/10/2015 12:00:00 AM",
        "location": "Baliyanala, Nainithal",
        "state": "Uttarakhand",
        "deaths": 0,
        "trigger": "continuous_rain",
        "type": "landslide",
        "source": "NASA GLC",
        "severity": "medium"
      }
    },
    {
      "type": "Feature",
      "geometry": {
        "type": "Point",
        "coordinates": [
          93.5935,
          24.8286
        ]
      },
      "properties": {
        "date": "05/31/2011 02:30:00 PM",
        "location": "Gaoilung(Gadailong) village(?), Ward 4(?), Tamenglong, Manipur",
        "state": "Manipur",
        "deaths": 0,
        "trigger": "downpour",
        "type": "landslide",
        "source": "NASA GLC",
        "severity": "medium"
      }
    },
    {
      "type": "Feature",
      "geometry": {
        "type": "Point",
        "coordinates": [
          77.2468,
          32.371
        ]
      },
      "properties": {
        "date": "08/06/2010 01:00:00 AM",
        "location": "Manali-Chandigarh highway",
        "state": "Himachal Pradesh",
        "deaths": 0,
        "trigger": "downpour",
        "type": "landslide",
        "source": "NASA GLC",
        "severity": "medium"
      }
    },
    {
      "type": "Feature",
      "geometry": {
        "type": "Point",
        "coordinates": [
          94.0989,
          27.2298
        ]
      },
      "properties": {
        "date": "06/15/2008 12:00:00 AM",
        "location": "Lakhimpur district, Bihpuria, Assam",
        "state": "Assam",
        "deaths": 0,
        "trigger": "downpour",
        "type": "landslide",
        "source": "NASA GLC",
        "severity": "medium"
      }
    },
    {
      "type": "Feature",
      "geometry": {
        "type": "Point",
        "coordinates": [
          80.2167,
          29.5833
        ]
      },
      "properties": {
        "date": "09/06/2007 12:00:00 AM",
        "location": "Pithoragarh",
        "state": "Uttarakhand",
        "deaths": 0,
        "trigger": "rain",
        "type": "landslide",
        "source": "NASA GLC",
        "severity": "large"
      }
    },
    {
      "type": "Feature",
      "geometry": {
        "type": "Point",
        "coordinates": [
          91.8584,
          25.9703
        ]
      },
      "properties": {
        "date": "09/06/2015 03:00:00 PM",
        "location": "Umling, Meghalaya 793102, India",
        "state": "Meghalaya",
        "deaths": 0,
        "trigger": "unknown",
        "type": "landslide",
        "source": "NASA GLC",
        "severity": "medium"
      }
    },
    {
      "type": "Feature",
      "geometry": {
        "type": "Point",
        "coordinates": [
          74.4838,
          33.6303
        ]
      },
      "properties": {
        "date": "05/14/2015 09:00:00 AM",
        "location": "Poshiana, 27 km point of road from Bafliaz",
        "state": "Kashmir",
        "deaths": 0,
        "trigger": "downpour",
        "type": "landslide",
        "source": "NASA GLC",
        "severity": "small"
      }
    },
    {
      "type": "Feature",
      "geometry": {
        "type": "Point",
        "coordinates": [
          76.921,
          8.4951
        ]
      },
      "properties": {
        "date": "11/13/2013 04:00:00 AM",
        "location": "Valiyasalai, Thiruvananthapuram, Kerala",
        "state": "Kerala",
        "deaths": 0,
        "trigger": "downpour",
        "type": "landslide",
        "source": "NASA GLC",
        "severity": "medium"
      }
    },
    {
      "type": "Feature",
      "geometry": {
        "type": "Point",
        "coordinates": [
          80.6103,
          16.5332
        ]
      },
      "properties": {
        "date": "08/31/2010 12:00:00 AM",
        "location": "Chittinagar, Vijayawada city, Andhra Pradesh",
        "state": "Andhra Pradesh",
        "deaths": 0,
        "trigger": "downpour",
        "type": "landslide",
        "source": "NASA GLC",
        "severity": "medium"
      }
    },
    {
      "type": "Feature",
      "geometry": {
        "type": "Point",
        "coordinates": [
          90.2023,
          25.5145
        ]
      },
      "properties": {
        "date": "08/18/2015 09:00:00 AM",
        "location": "Tura Civil Hospital",
        "state": "Meghalaya",
        "deaths": 0,
        "trigger": "continuous_rain",
        "type": "landslide",
        "source": "NASA GLC",
        "severity": "medium"
      }
    },
    {
      "type": "Feature",
      "geometry": {
        "type": "Point",
        "coordinates": [
          78.037,
          32.2473
        ]
      },
      "properties": {
        "date": "07/13/2015 11:00:00 PM",
        "location": "Spiti Valley, Himachal Pradesh",
        "state": "Himachal Pradesh",
        "deaths": 0,
        "trigger": "continuous_rain",
        "type": "landslide",
        "source": "NASA GLC",
        "severity": "small"
      }
    },
    {
      "type": "Feature",
      "geometry": {
        "type": "Point",
        "coordinates": [
          79.2191,
          30.262
        ]
      },
      "properties": {
        "date": "07/24/2013 12:00:00 AM",
        "location": "Karnaprayag, Uttarakhand",
        "state": "Uttarakhand",
        "deaths": 0,
        "trigger": "downpour",
        "type": "landslide",
        "source": "NASA GLC",
        "severity": "medium"
      }
    },
    {
      "type": "Feature",
      "geometry": {
        "type": "Point",
        "coordinates": [
          75.605,
          12.6445
        ]
      },
      "properties": {
        "date": "08/10/2008 12:00:00 AM",
        "location": "Edakumeri near Subrahmanya",
        "state": "Karnataka",
        "deaths": 0,
        "trigger": "downpour",
        "type": "landslide",
        "source": "NASA GLC",
        "severity": "medium"
      }
    },
    {
      "type": "Feature",
      "geometry": {
        "type": "Point",
        "coordinates": [
          74.1794,
          33.7453
        ]
      },
      "properties": {
        "date": "02/05/2015 12:00:00 AM",
        "location": "Kalsan village near Bagial Dhara",
        "state": "Kashmir",
        "deaths": 0,
        "trigger": "unknown",
        "type": "landslide",
        "source": "NASA GLC",
        "severity": "medium"
      }
    },
    {
      "type": "Feature",
      "geometry": {
        "type": "Point",
        "coordinates": [
          76.7046,
          9.8721
        ]
      },
      "properties": {
        "date": "06/02/2011 12:00:00 AM",
        "location": "Thodpuzha(Thodupuzha) municipality, Idukki, Kerala",
        "state": "Kerala",
        "deaths": 0,
        "trigger": "downpour",
        "type": "landslide",
        "source": "NASA GLC",
        "severity": "medium"
      }
    },
    {
      "type": "Feature",
      "geometry": {
        "type": "Point",
        "coordinates": [
          77.571,
          11.683
        ]
      },
      "properties": {
        "date": "08/22/2014 10:30:00 PM",
        "location": "second hairpin bend near Varattupallam",
        "state": "Tamil Nadu",
        "deaths": 0,
        "trigger": "downpour",
        "type": "other",
        "source": "NASA GLC",
        "severity": "medium"
      }
    },
    {
      "type": "Feature",
      "geometry": {
        "type": "Point",
        "coordinates": [
          72.9266,
          19.153
        ]
      },
      "properties": {
        "date": "06/25/2010 12:00:00 AM",
        "location": "Sewri(?), New Shivaji Nagar, Mumbai",
        "state": "Maharashtra",
        "deaths": 0,
        "trigger": "downpour",
        "type": "landslide",
        "source": "NASA GLC",
        "severity": "medium"
      }
    },
    {
      "type": "Feature",
      "geometry": {
        "type": "Point",
        "coordinates": [
          74.1623,
          15.0275
        ]
      },
      "properties": {
        "date": "06/18/2016 12:00:00 AM",
        "location": "main road between Gulem and Loliem and Cotigao, at Baddem, Goa, India",
        "state": "Goa",
        "deaths": 0,
        "trigger": "downpour",
        "type": "mudslide",
        "source": "NASA GLC",
        "severity": "medium"
      }
    },
    {
      "type": "Feature",
      "geometry": {
        "type": "Point",
        "coordinates": [
          73.5097,
          17.4303
        ]
      },
      "properties": {
        "date": "08/30/2011 12:00:00 AM",
        "location": "Pomendi cutting near Ratnagiri",
        "state": "Maharashtra",
        "deaths": 0,
        "trigger": "continuous_rain",
        "type": "landslide",
        "source": "NASA GLC",
        "severity": "medium"
      }
    },
    {
      "type": "Feature",
      "geometry": {
        "type": "Point",
        "coordinates": [
          73.9593,
          34.6609
        ]
      },
      "properties": {
        "date": "04/08/2015 12:00:00 AM",
        "location": "Keran",
        "state": "Kashmir",
        "deaths": 0,
        "trigger": "continuous_rain",
        "type": "landslide",
        "source": "NASA GLC",
        "severity": "small"
      }
    },
    {
      "type": "Feature",
      "geometry": {
        "type": "Point",
        "coordinates": [
          91.88,
          25.38
        ]
      },
      "properties": {
        "date": "07/26/2007 12:00:00 AM",
        "location": "Singtam",
        "state": "Megh\u0101laya",
        "deaths": 0,
        "trigger": "rain",
        "type": "landslide",
        "source": "NASA GLC",
        "severity": "medium"
      }
    },
    {
      "type": "Feature",
      "geometry": {
        "type": "Point",
        "coordinates": [
          91.7351,
          26.1548
        ]
      },
      "properties": {
        "date": "09/23/2011 12:00:00 AM",
        "location": "Maighuli, Guwahati, Meghalaya",
        "state": "Assam",
        "deaths": 0,
        "trigger": "downpour",
        "type": "landslide",
        "source": "NASA GLC",
        "severity": "large"
      }
    },
    {
      "type": "Feature",
      "geometry": {
        "type": "Point",
        "coordinates": [
          76.83270934,
          34.93977198
        ]
      },
      "properties": {
        "date": "12/16/2007 12:00:00 AM",
        "location": "Thang Bridge 10 km from Turtuk, Leh, Jammu and Kashmir",
        "state": "Kashmir",
        "deaths": 0,
        "trigger": "rain",
        "type": "landslide",
        "source": "NASA GLC",
        "severity": "medium"
      }
    },
    {
      "type": "Feature",
      "geometry": {
        "type": "Point",
        "coordinates": [
          74.0225,
          34.0876
        ]
      },
      "properties": {
        "date": "02/08/2010 06:00:00 PM",
        "location": "Narundi area of Uri, Jammu and Kashmir ",
        "state": "Kashmir",
        "deaths": 0,
        "trigger": "downpour",
        "type": "landslide",
        "source": "NASA GLC",
        "severity": "medium"
      }
    },
    {
      "type": "Feature",
      "geometry": {
        "type": "Point",
        "coordinates": [
          75.24528226,
          33.23738085
        ]
      },
      "properties": {
        "date": "01/09/2008 12:00:00 AM",
        "location": "Panthihal near Ramban,  Srinagar-Jammu highway",
        "state": "Kashmir",
        "deaths": 0,
        "trigger": "rain",
        "type": "landslide",
        "source": "NASA GLC",
        "severity": "medium"
      }
    },
    {
      "type": "Feature",
      "geometry": {
        "type": "Point",
        "coordinates": [
          92.967,
          22.479
        ]
      },
      "properties": {
        "date": "07/30/2007 12:00:00 AM",
        "location": "Saiha",
        "state": "Mizoram",
        "deaths": 0,
        "trigger": "downpour",
        "type": "landslide",
        "source": "NASA GLC",
        "severity": "medium"
      }
    },
    {
      "type": "Feature",
      "geometry": {
        "type": "Point",
        "coordinates": [
          78.3755,
          30.2258
        ]
      },
      "properties": {
        "date": "08/08/2011 12:00:00 AM",
        "location": "Chhatanga area; Helkugad; and Netala, all on the Rishikesh-Yamunotri National Highway",
        "state": "Uttarakhand",
        "deaths": 0,
        "trigger": "downpour",
        "type": "landslide",
        "source": "NASA GLC",
        "severity": "medium"
      }
    },
    {
      "type": "Feature",
      "geometry": {
        "type": "Point",
        "coordinates": [
          79.6628,
          29.6095
        ]
      },
      "properties": {
        "date": "07/22/2010 12:00:00 AM",
        "location": "Patlot-Aghora road, Almora District ",
        "state": "Uttarakhand",
        "deaths": 0,
        "trigger": "downpour",
        "type": "landslide",
        "source": "NASA GLC",
        "severity": "medium"
      }
    },
    {
      "type": "Feature",
      "geometry": {
        "type": "Point",
        "coordinates": [
          88.63411246,
          27.15977181
        ]
      },
      "properties": {
        "date": "08/16/2009 09:30:00 PM",
        "location": "Katare village, 80 km from Kalimpong",
        "state": "Bengal",
        "deaths": 0,
        "trigger": "downpour",
        "type": "landslide",
        "source": "NASA GLC",
        "severity": "medium"
      }
    },
    {
      "type": "Feature",
      "geometry": {
        "type": "Point",
        "coordinates": [
          77.5666,
          10.3448
        ]
      },
      "properties": {
        "date": "07/09/2015 12:00:00 AM",
        "location": "Kodaikanal-Palani Ghat Road",
        "state": "Tamil Nadu",
        "deaths": 0,
        "trigger": "unknown",
        "type": "landslide",
        "source": "NASA GLC",
        "severity": "medium"
      }
    },
    {
      "type": "Feature",
      "geometry": {
        "type": "Point",
        "coordinates": [
          79.5322,
          30.9013
        ]
      },
      "properties": {
        "date": "09/19/2010 06:00:00 PM",
        "location": "near Mt. Kamet and Ghastoli village, near Mana pass, Chamoli district, Uttarakhand",
        "state": "Uttarakhand",
        "deaths": 0,
        "trigger": "downpour",
        "type": "landslide",
        "source": "NASA GLC",
        "severity": "medium"
      }
    },
    {
      "type": "Feature",
      "geometry": {
        "type": "Point",
        "coordinates": [
          78.9,
          30.241
        ]
      },
      "properties": {
        "date": "07/11/2015 12:00:00 AM",
        "location": "Sirobagad area of Rudraprayag",
        "state": "Uttarakhand",
        "deaths": 0,
        "trigger": "continuous_rain",
        "type": "landslide",
        "source": "NASA GLC",
        "severity": "medium"
      }
    },
    {
      "type": "Feature",
      "geometry": {
        "type": "Point",
        "coordinates": [
          96.1779,
          27.8965
        ]
      },
      "properties": {
        "date": "04/21/2010 12:00:00 AM",
        "location": "Arunachal Pradesh ",
        "state": "Arun\u0101chal Pradesh",
        "deaths": 0,
        "trigger": "downpour",
        "type": "landslide",
        "source": "NASA GLC",
        "severity": "medium"
      }
    },
    {
      "type": "Feature",
      "geometry": {
        "type": "Point",
        "coordinates": [
          94.1099,
          25.6682
        ]
      },
      "properties": {
        "date": "06/28/2011 12:00:00 AM",
        "location": "Ruzapfu valley, Kikruma Village, Phek District, Nagaland",
        "state": "N\u0101g\u0101land",
        "deaths": 0,
        "trigger": "downpour",
        "type": "landslide",
        "source": "NASA GLC",
        "severity": "medium"
      }
    },
    {
      "type": "Feature",
      "geometry": {
        "type": "Point",
        "coordinates": [
          93.9815,
          24.004
        ]
      },
      "properties": {
        "date": "08/01/2015 12:00:00 AM",
        "location": "Holenjang, Chandel district",
        "state": "Manipur",
        "deaths": 0,
        "trigger": "continuous_rain",
        "type": "landslide",
        "source": "NASA GLC",
        "severity": "medium"
      }
    },
    {
      "type": "Feature",
      "geometry": {
        "type": "Point",
        "coordinates": [
          78.1514,
          29.9531
        ]
      },
      "properties": {
        "date": "08/28/2013 06:00:00 PM",
        "location": "Haridwar In Uttarakhand Province",
        "state": "Uttarakhand",
        "deaths": 0,
        "trigger": "downpour",
        "type": "landslide",
        "source": "NASA GLC",
        "severity": "medium"
      }
    },
    {
      "type": "Feature",
      "geometry": {
        "type": "Point",
        "coordinates": [
          88.2579,
          27.2879
        ]
      },
      "properties": {
        "date": "06/23/2011 11:30:00 PM",
        "location": "Villages surrounding the West Sikkim district of ",
        "state": "nan",
        "deaths": 0,
        "trigger": "downpour",
        "type": "landslide",
        "source": "NASA GLC",
        "severity": "large"
      }
    },
    {
      "type": "Feature",
      "geometry": {
        "type": "Point",
        "coordinates": [
          78.3911,
          30.4542
        ]
      },
      "properties": {
        "date": "06/24/2013 12:00:00 AM",
        "location": "Rishikesh-Uttarkashi Route, Uttarakhand",
        "state": "Uttarakhand",
        "deaths": 0,
        "trigger": "downpour",
        "type": "debris_flow",
        "source": "NASA GLC",
        "severity": "medium"
      }
    },
    {
      "type": "Feature",
      "geometry": {
        "type": "Point",
        "coordinates": [
          92.9914,
          25.5242
        ]
      },
      "properties": {
        "date": "10/09/2010 12:00:00 AM",
        "location": "road between Haflong and Lanka, Assam",
        "state": "Assam",
        "deaths": 0,
        "trigger": "downpour",
        "type": "landslide",
        "source": "NASA GLC",
        "severity": "medium"
      }
    },
    {
      "type": "Feature",
      "geometry": {
        "type": "Point",
        "coordinates": [
          75.2966,
          33.0809
        ]
      },
      "properties": {
        "date": "03/15/2015 11:00:00 PM",
        "location": "Kheri",
        "state": "Kashmir",
        "deaths": 0,
        "trigger": "snowfall_snowmelt",
        "type": "landslide",
        "source": "NASA GLC",
        "severity": "medium"
      }
    },
    {
      "type": "Feature",
      "geometry": {
        "type": "Point",
        "coordinates": [
          75.5807,
          32.4298
        ]
      },
      "properties": {
        "date": "08/07/2016 12:00:00 AM",
        "location": "Kathua",
        "state": "Kashmir",
        "deaths": 0,
        "trigger": "continuous_rain",
        "type": "landslide",
        "source": "NASA GLC",
        "severity": "medium"
      }
    },
    {
      "type": "Feature",
      "geometry": {
        "type": "Point",
        "coordinates": [
          74.9402,
          33.0097
        ]
      },
      "properties": {
        "date": "02/26/2010 11:00:00 PM",
        "location": "Hathi Matha, between Katra and Vaishno Devi cave shrine in Trikuta hills, Reasi District",
        "state": "Kashmir",
        "deaths": 0,
        "trigger": "downpour",
        "type": "landslide",
        "source": "NASA GLC",
        "severity": "medium"
      }
    },
    {
      "type": "Feature",
      "geometry": {
        "type": "Point",
        "coordinates": [
          79.1127,
          30.506
        ]
      },
      "properties": {
        "date": "07/11/2011 12:00:00 AM",
        "location": "Highways leading to Badrinath and Gangotri",
        "state": "Uttarakhand",
        "deaths": 0,
        "trigger": "downpour",
        "type": "landslide",
        "source": "NASA GLC",
        "severity": "medium"
      }
    },
    {
      "type": "Feature",
      "geometry": {
        "type": "Point",
        "coordinates": [
          74.0934,
          33.775
        ]
      },
      "properties": {
        "date": "08/29/2012 12:00:00 AM",
        "location": "Poonch, Kashmir",
        "state": "Kashmir",
        "deaths": 0,
        "trigger": "downpour",
        "type": "landslide",
        "source": "NASA GLC",
        "severity": "medium"
      }
    },
    {
      "type": "Feature",
      "geometry": {
        "type": "Point",
        "coordinates": [
          93.9157,
          24.6869
        ]
      },
      "properties": {
        "date": "07/25/2011 12:00:00 AM",
        "location": "Manipur",
        "state": "Manipur",
        "deaths": 0,
        "trigger": "downpour",
        "type": "landslide",
        "source": "NASA GLC",
        "severity": "medium"
      }
    },
    {
      "type": "Feature",
      "geometry": {
        "type": "Point",
        "coordinates": [
          75.231,
          33.242
        ]
      },
      "properties": {
        "date": "05/08/2007 12:00:00 AM",
        "location": "Jammu-Srinagar hwy, Samarouli in Ramban district",
        "state": "Kashmir",
        "deaths": 0,
        "trigger": "rain",
        "type": "landslide",
        "source": "NASA GLC",
        "severity": "medium"
      }
    },
    {
      "type": "Feature",
      "geometry": {
        "type": "Point",
        "coordinates": [
          75.8062,
          33.1847
        ]
      },
      "properties": {
        "date": "10/12/2010 06:00:00 PM",
        "location": "Kulgadi, Doda-Kishtwar highway (NH-1B)",
        "state": "Kashmir",
        "deaths": 0,
        "trigger": "downpour",
        "type": "landslide",
        "source": "NASA GLC",
        "severity": "medium"
      }
    },
    {
      "type": "Feature",
      "geometry": {
        "type": "Point",
        "coordinates": [
          96.174,
          27.9032
        ]
      },
      "properties": {
        "date": "05/08/2014 12:00:00 AM",
        "location": "Lohit District of Arunachal Pradesh",
        "state": "Arunachal Pradesh",
        "deaths": 0,
        "trigger": "rain",
        "type": "mudslide",
        "source": "NASA GLC",
        "severity": "medium"
      }
    },
    {
      "type": "Feature",
      "geometry": {
        "type": "Point",
        "coordinates": [
          80.6024,
          16.5172
        ]
      },
      "properties": {
        "date": "04/26/2015 12:00:00 AM",
        "location": "Head Water Works, Kummaripalem, Vijayawada",
        "state": "Andhra Pradesh",
        "deaths": 0,
        "trigger": "unknown",
        "type": "landslide",
        "source": "NASA GLC",
        "severity": "small"
      }
    },
    {
      "type": "Feature",
      "geometry": {
        "type": "Point",
        "coordinates": [
          94.1079,
          25.4191
        ]
      },
      "properties": {
        "date": "07/07/2011 12:00:00 AM",
        "location": "Maram (80 km north of Imphal)",
        "state": "N\u0101g\u0101land",
        "deaths": 0,
        "trigger": "rain",
        "type": "landslide",
        "source": "NASA GLC",
        "severity": "medium"
      }
    },
    {
      "type": "Feature",
      "geometry": {
        "type": "Point",
        "coordinates": [
          75.7964,
          33.1457
        ]
      },
      "properties": {
        "date": "08/07/2016 12:00:00 AM",
        "location": "Doda-Kishtwar road",
        "state": "Kashmir",
        "deaths": 0,
        "trigger": "continuous_rain",
        "type": "landslide",
        "source": "NASA GLC",
        "severity": "medium"
      }
    },
    {
      "type": "Feature",
      "geometry": {
        "type": "Point",
        "coordinates": [
          74.9845,
          33.9513
        ]
      },
      "properties": {
        "date": "05/05/2008 12:00:00 AM",
        "location": "Srinagar-Leh highway at Gomri",
        "state": "Kashmir",
        "deaths": 0,
        "trigger": "downpour",
        "type": "landslide",
        "source": "NASA GLC",
        "severity": "medium"
      }
    },
    {
      "type": "Feature",
      "geometry": {
        "type": "Point",
        "coordinates": [
          74.8678,
          12.8041
        ]
      },
      "properties": {
        "date": "07/04/2016 08:00:00 AM",
        "location": "Kallarakodi, Ullal, India",
        "state": "Karnataka",
        "deaths": 0,
        "trigger": "unknown",
        "type": "landslide",
        "source": "NASA GLC",
        "severity": "small"
      }
    },
    {
      "type": "Feature",
      "geometry": {
        "type": "Point",
        "coordinates": [
          77.0969,
          30.9044
        ]
      },
      "properties": {
        "date": "08/24/2012 12:00:00 AM",
        "location": "Solan, Himachal Pradesh,",
        "state": "Himachal Pradesh",
        "deaths": 0,
        "trigger": "downpour",
        "type": "landslide",
        "source": "NASA GLC",
        "severity": "medium"
      }
    },
    {
      "type": "Feature",
      "geometry": {
        "type": "Point",
        "coordinates": [
          88.4308,
          27.0713
        ]
      },
      "properties": {
        "date": "08/25/2007 12:00:00 AM",
        "location": "Hattisurey in Kalimpong, on National Highway 31A",
        "state": "Bengal",
        "deaths": 0,
        "trigger": "rain",
        "type": "landslide",
        "source": "NASA GLC",
        "severity": "medium"
      }
    },
    {
      "type": "Feature",
      "geometry": {
        "type": "Point",
        "coordinates": [
          77.1788,
          32.17
        ]
      },
      "properties": {
        "date": "07/14/2013 12:00:00 AM",
        "location": "Mehaskwal Village, Himachal Pradesh",
        "state": "Himachal Pradesh",
        "deaths": 0,
        "trigger": "downpour",
        "type": "landslide",
        "source": "NASA GLC",
        "severity": "medium"
      }
    },
    {
      "type": "Feature",
      "geometry": {
        "type": "Point",
        "coordinates": [
          76.1206,
          32.5606
        ]
      },
      "properties": {
        "date": "07/26/2015 12:00:00 AM",
        "location": "Chamba",
        "state": "Himachal Pradesh",
        "deaths": 0,
        "trigger": "continuous_rain",
        "type": "landslide",
        "source": "NASA GLC",
        "severity": "small"
      }
    },
    {
      "type": "Feature",
      "geometry": {
        "type": "Point",
        "coordinates": [
          94.9921,
          26.8716
        ]
      },
      "properties": {
        "date": "07/20/2010 12:00:00 AM",
        "location": "road to Oting near Longlam village, 13 km from Tizit subdivision, Mon district, Nagaland",
        "state": "N\u0101g\u0101land",
        "deaths": 0,
        "trigger": "downpour",
        "type": "landslide",
        "source": "NASA GLC",
        "severity": "medium"
      }
    },
    {
      "type": "Feature",
      "geometry": {
        "type": "Point",
        "coordinates": [
          77.7241,
          31.1628
        ]
      },
      "properties": {
        "date": "07/06/2013 12:00:00 AM",
        "location": "Rohru-Shimla Road At Dochi, Himachal Pradesh",
        "state": "Himachal Pradesh",
        "deaths": 0,
        "trigger": "downpour",
        "type": "landslide",
        "source": "NASA GLC",
        "severity": "medium"
      }
    },
    {
      "type": "Feature",
      "geometry": {
        "type": "Point",
        "coordinates": [
          91.8744337,
          26.09748244
        ]
      },
      "properties": {
        "date": "07/19/2016 09:00:00 AM",
        "location": "12th Mile area at Jorabat, Meghalaya, India",
        "state": "Meghalaya",
        "deaths": 0,
        "trigger": "unknown",
        "type": "landslide",
        "source": "NASA GLC",
        "severity": "medium"
      }
    },
    {
      "type": "Feature",
      "geometry": {
        "type": "Point",
        "coordinates": [
          92.35,
          27.4
        ]
      },
      "properties": {
        "date": "10/29/2008 12:00:00 AM",
        "location": "West Kameng, Arunachal Pradesh",
        "state": "Arun\u0101chal Pradesh",
        "deaths": 0,
        "trigger": "downpour",
        "type": "mudslide",
        "source": "NASA GLC",
        "severity": "medium"
      }
    },
    {
      "type": "Feature",
      "geometry": {
        "type": "Point",
        "coordinates": [
          88.7334,
          27.3702
        ]
      },
      "properties": {
        "date": "09/04/2010 12:00:00 AM",
        "location": "17th mile(?), Jawaharlal Nehru Marg hwy, between Gangtok and Nathu La, Sikkim",
        "state": "Sikkim",
        "deaths": 0,
        "trigger": "downpour",
        "type": "landslide",
        "source": "NASA GLC",
        "severity": "medium"
      }
    },
    {
      "type": "Feature",
      "geometry": {
        "type": "Point",
        "coordinates": [
          88.47,
          26.89
        ]
      },
      "properties": {
        "date": "06/17/2009 04:00:00 AM",
        "location": "Sevoke, 20km from Siliguri, North Eastern, India (Highway NH31A:Coronation Bridge to the Sevoke police outpost section blocked)",
        "state": "Bengal",
        "deaths": 0,
        "trigger": "downpour",
        "type": "mudslide",
        "source": "NASA GLC",
        "severity": "medium"
      }
    },
    {
      "type": "Feature",
      "geometry": {
        "type": "Point",
        "coordinates": [
          78.6437,
          30.7221
        ]
      },
      "properties": {
        "date": "08/20/2010 12:00:00 AM",
        "location": "Nalupani(?), Rishikesh-Gangotri highway, Uttarkhand",
        "state": "Uttarakhand",
        "deaths": 0,
        "trigger": "downpour",
        "type": "landslide",
        "source": "NASA GLC",
        "severity": "medium"
      }
    },
    {
      "type": "Feature",
      "geometry": {
        "type": "Point",
        "coordinates": [
          79.5765,
          30.5631
        ]
      },
      "properties": {
        "date": "04/28/2015 12:00:00 AM",
        "location": "Vishnuprayag, Joshimath",
        "state": "Uttarakhand",
        "deaths": 0,
        "trigger": "continuous_rain",
        "type": "landslide",
        "source": "NASA GLC",
        "severity": "small"
      }
    },
    {
      "type": "Feature",
      "geometry": {
        "type": "Point",
        "coordinates": [
          94.3429,
          24.3527
        ]
      },
      "properties": {
        "date": "07/22/2011 12:00:00 AM",
        "location": "Manipur",
        "state": "Manipur",
        "deaths": 0,
        "trigger": "downpour",
        "type": "landslide",
        "source": "NASA GLC",
        "severity": "small"
      }
    },
    {
      "type": "Feature",
      "geometry": {
        "type": "Point",
        "coordinates": [
          94.7499,
          26.0977
        ]
      },
      "properties": {
        "date": "06/07/2013 12:00:00 AM",
        "location": "Helipong-Chessore Road, Nagaland",
        "state": "N\u0101g\u0101land",
        "deaths": 0,
        "trigger": "unknown",
        "type": "landslide",
        "source": "NASA GLC",
        "severity": "medium"
      }
    },
    {
      "type": "Feature",
      "geometry": {
        "type": "Point",
        "coordinates": [
          88.43849551,
          27.02459801
        ]
      },
      "properties": {
        "date": "08/16/2009 09:00:00 AM",
        "location": "Kalimpong, Darjeeling, West Bengal",
        "state": "Bengal",
        "deaths": 0,
        "trigger": "downpour",
        "type": "landslide",
        "source": "NASA GLC",
        "severity": "medium"
      }
    },
    {
      "type": "Feature",
      "geometry": {
        "type": "Point",
        "coordinates": [
          76.3641,
          32.2067
        ]
      },
      "properties": {
        "date": "07/25/2010 12:00:00 AM",
        "location": "Dharamsala roads",
        "state": "Himachal Pradesh",
        "deaths": 0,
        "trigger": "downpour",
        "type": "landslide",
        "source": "NASA GLC",
        "severity": "medium"
      }
    },
    {
      "type": "Feature",
      "geometry": {
        "type": "Point",
        "coordinates": [
          78.071,
          32.2278
        ]
      },
      "properties": {
        "date": "08/18/2012 12:00:00 AM",
        "location": "Kaza, Himachal Pradesh",
        "state": "Himachal Pradesh",
        "deaths": 0,
        "trigger": "downpour",
        "type": "landslide",
        "source": "NASA GLC",
        "severity": "medium"
      }
    },
    {
      "type": "Feature",
      "geometry": {
        "type": "Point",
        "coordinates": [
          88.2789,
          26.8905
        ]
      },
      "properties": {
        "date": "08/02/2007 12:00:00 AM",
        "location": "Kurseong",
        "state": "Bengal",
        "deaths": 0,
        "trigger": "rain",
        "type": "mudslide",
        "source": "NASA GLC",
        "severity": "medium"
      }
    },
    {
      "type": "Feature",
      "geometry": {
        "type": "Point",
        "coordinates": [
          88.4553,
          26.9282
        ]
      },
      "properties": {
        "date": "07/04/2015 06:00:00 PM",
        "location": "near Kalijhora",
        "state": "West Bengal",
        "deaths": 0,
        "trigger": "unknown",
        "type": "landslide",
        "source": "NASA GLC",
        "severity": "small"
      }
    },
    {
      "type": "Feature",
      "geometry": {
        "type": "Point",
        "coordinates": [
          80.2386,
          30.0712
        ]
      },
      "properties": {
        "date": "07/04/2013 12:00:00 AM",
        "location": "Munsari Tehsil, Uttarakhand",
        "state": "Uttarakhand",
        "deaths": 0,
        "trigger": "continuous_rain",
        "type": "landslide",
        "source": "NASA GLC",
        "severity": "medium"
      }
    },
    {
      "type": "Feature",
      "geometry": {
        "type": "Point",
        "coordinates": [
          78.6185,
          30.8203
        ]
      },
      "properties": {
        "date": "07/25/2013 12:00:00 AM",
        "location": "Ganga Vihar Colony In Bhatwadi Area, Uttarkashi, Uttarakhand",
        "state": "Uttarakhand",
        "deaths": 0,
        "trigger": "continuous_rain",
        "type": "landslide",
        "source": "NASA GLC",
        "severity": "medium"
      }
    },
    {
      "type": "Feature",
      "geometry": {
        "type": "Point",
        "coordinates": [
          88.2548,
          27.0096
        ]
      },
      "properties": {
        "date": "08/29/2007 12:00:00 AM",
        "location": "Ghayabari-Tindharia on National Highway 55, near Darjeeling hills",
        "state": "Bengal",
        "deaths": 0,
        "trigger": "rain",
        "type": "landslide",
        "source": "NASA GLC",
        "severity": "medium"
      }
    },
    {
      "type": "Feature",
      "geometry": {
        "type": "Point",
        "coordinates": [
          73.5036,
          19.678
        ]
      },
      "properties": {
        "date": "07/30/2014 12:00:00 AM",
        "location": "a hillock between Kasara and Igatpuri",
        "state": "Maharashtra",
        "deaths": 0,
        "trigger": "construction",
        "type": "landslide",
        "source": "NASA GLC",
        "severity": "medium"
      }
    },
    {
      "type": "Feature",
      "geometry": {
        "type": "Point",
        "coordinates": [
          73.4703,
          18.7833
        ]
      },
      "properties": {
        "date": "06/21/2015 12:00:00 AM",
        "location": "Ekvira Devi temple, Karla near Khandala",
        "state": "Maharashtra",
        "deaths": 0,
        "trigger": "continuous_rain",
        "type": "landslide",
        "source": "NASA GLC",
        "severity": "small"
      }
    },
    {
      "type": "Feature",
      "geometry": {
        "type": "Point",
        "coordinates": [
          76.3037,
          32.2322
        ]
      },
      "properties": {
        "date": "08/07/2013 03:30:00 AM",
        "location": "Tirah Lines Which Is Almost 5 Kms From Dharamshala, Himachal Pradesh",
        "state": "Himachal Pradesh",
        "deaths": 0,
        "trigger": "downpour",
        "type": "landslide",
        "source": "NASA GLC",
        "severity": "medium"
      }
    },
    {
      "type": "Feature",
      "geometry": {
        "type": "Point",
        "coordinates": [
          88.4445,
          26.9435
        ]
      },
      "properties": {
        "date": "08/17/2010 08:00:00 AM",
        "location": "Hatisur(?), Sevok(Sevoke), Kalimpong sub-division, NH 31A between Siliguri and Gangtok, Sikkim",
        "state": "Bengal",
        "deaths": 0,
        "trigger": "downpour",
        "type": "landslide",
        "source": "NASA GLC",
        "severity": "medium"
      }
    },
    {
      "type": "Feature",
      "geometry": {
        "type": "Point",
        "coordinates": [
          88.4089,
          26.7324
        ]
      },
      "properties": {
        "date": "06/13/2007 12:00:00 AM",
        "location": "Indira Bypass, Amdo Golai",
        "state": "Bengal",
        "deaths": 0,
        "trigger": "rain",
        "type": "landslide",
        "source": "NASA GLC",
        "severity": "small"
      }
    },
    {
      "type": "Feature",
      "geometry": {
        "type": "Point",
        "coordinates": [
          76.9297,
          31.7085
        ]
      },
      "properties": {
        "date": "07/26/2015 12:00:00 AM",
        "location": "Mandi",
        "state": "Himachal Pradesh",
        "deaths": 0,
        "trigger": "continuous_rain",
        "type": "landslide",
        "source": "NASA GLC",
        "severity": "small"
      }
    },
    {
      "type": "Feature",
      "geometry": {
        "type": "Point",
        "coordinates": [
          88.1704,
          26.8861
        ]
      },
      "properties": {
        "date": "10/12/2016 12:00:00 AM",
        "location": "Mirik",
        "state": "West Bengal",
        "deaths": 0,
        "trigger": "downpour",
        "type": "landslide",
        "source": "NASA GLC",
        "severity": "medium"
      }
    },
    {
      "type": "Feature",
      "geometry": {
        "type": "Point",
        "coordinates": [
          75.1466,
          33.0677
        ]
      },
      "properties": {
        "date": "09/07/2014 12:00:00 AM",
        "location": "Saddal village in Pancheri block",
        "state": "Kashmir",
        "deaths": 0,
        "trigger": "downpour",
        "type": "mudslide",
        "source": "NASA GLC",
        "severity": "medium"
      }
    },
    {
      "type": "Feature",
      "geometry": {
        "type": "Point",
        "coordinates": [
          96.5242,
          28.0791
        ]
      },
      "properties": {
        "date": "03/22/2011 12:00:00 AM",
        "location": "road from other districts to Hawai(Tawai?) which is  on Lojit river, near Hayuliang,  Anjaw district, Arunachal Pradesh",
        "state": "Arun\u0101chal Pradesh",
        "deaths": 0,
        "trigger": "downpour",
        "type": "landslide",
        "source": "NASA GLC",
        "severity": "medium"
      }
    },
    {
      "type": "Feature",
      "geometry": {
        "type": "Point",
        "coordinates": [
          77.12,
          31.0
        ]
      },
      "properties": {
        "date": "08/14/2008 12:00:00 AM",
        "location": "Shimla, Mandi, Solan and Sirmaur districts",
        "state": "Himachal Pradesh",
        "deaths": 0,
        "trigger": "monsoon",
        "type": "complex",
        "source": "NASA GLC",
        "severity": "medium"
      }
    },
    {
      "type": "Feature",
      "geometry": {
        "type": "Point",
        "coordinates": [
          74.4203,
          34.0604
        ]
      },
      "properties": {
        "date": "04/03/2015 12:00:00 AM",
        "location": "Reshi Mohalla, Tangmarg",
        "state": "Kashmir",
        "deaths": 0,
        "trigger": "continuous_rain",
        "type": "landslide",
        "source": "NASA GLC",
        "severity": "small"
      }
    },
    {
      "type": "Feature",
      "geometry": {
        "type": "Point",
        "coordinates": [
          73.1703,
          20.5349
        ]
      },
      "properties": {
        "date": "08/20/2014 06:00:00 PM",
        "location": "Korwad village of Dharampur taluka in Valsad district",
        "state": "Gujarat",
        "deaths": 0,
        "trigger": "rain",
        "type": "landslide",
        "source": "NASA GLC",
        "severity": "medium"
      }
    },
    {
      "type": "Feature",
      "geometry": {
        "type": "Point",
        "coordinates": [
          78.1123,
          30.1665
        ]
      },
      "properties": {
        "date": "07/21/2011 12:00:00 AM",
        "location": "Garhwal, Uttarakhand",
        "state": "Uttarakhand",
        "deaths": 0,
        "trigger": "rain",
        "type": "landslide",
        "source": "NASA GLC",
        "severity": "medium"
      }
    },
    {
      "type": "Feature",
      "geometry": {
        "type": "Point",
        "coordinates": [
          73.347,
          18.7631
        ]
      },
      "properties": {
        "date": "08/07/2015 03:30:00 AM",
        "location": "Adoshi tunnel",
        "state": "Maharashtra",
        "deaths": 0,
        "trigger": "continuous_rain",
        "type": "rock_fall",
        "source": "NASA GLC",
        "severity": "small"
      }
    },
    {
      "type": "Feature",
      "geometry": {
        "type": "Point",
        "coordinates": [
          88.6083,
          27.3341
        ]
      },
      "properties": {
        "date": "04/17/2010 03:00:00 PM",
        "location": "Natl. Highway 31-A at Pani House(?), Gangtok",
        "state": "Sikkim",
        "deaths": 0,
        "trigger": "downpour",
        "type": "landslide",
        "source": "NASA GLC",
        "severity": "small"
      }
    },
    {
      "type": "Feature",
      "geometry": {
        "type": "Point",
        "coordinates": [
          94.5466,
          26.0319
        ]
      },
      "properties": {
        "date": "06/24/2015 12:00:00 AM",
        "location": "New Land (\"\"New Colony\"\")",
        "state": "Nagaland",
        "deaths": 0,
        "trigger": "continuous_rain",
        "type": "landslide",
        "source": "NASA GLC",
        "severity": "medium"
      }
    },
    {
      "type": "Feature",
      "geometry": {
        "type": "Point",
        "coordinates": [
          74.0967,
          33.7705
        ]
      },
      "properties": {
        "date": "08/14/2013 12:00:00 AM",
        "location": "Khanater Village Near Poonch",
        "state": "Kashmir",
        "deaths": 0,
        "trigger": "downpour",
        "type": "landslide",
        "source": "NASA GLC",
        "severity": "medium"
      }
    },
    {
      "type": "Feature",
      "geometry": {
        "type": "Point",
        "coordinates": [
          76.3194,
          32.1967
        ]
      },
      "properties": {
        "date": "08/11/2015 11:00:00 PM",
        "location": "Himachal Pradesh School Education Board",
        "state": "Himachal Pradesh",
        "deaths": 0,
        "trigger": "rain",
        "type": "landslide",
        "source": "NASA GLC",
        "severity": "medium"
      }
    },
    {
      "type": "Feature",
      "geometry": {
        "type": "Point",
        "coordinates": [
          72.7169,
          24.5958
        ]
      },
      "properties": {
        "date": "08/09/2011 12:00:00 AM",
        "location": "Mount Abu, Harna Hanuman temple",
        "state": "Rajasthan",
        "deaths": 0,
        "trigger": "downpour",
        "type": "landslide",
        "source": "NASA GLC",
        "severity": "medium"
      }
    },
    {
      "type": "Feature",
      "geometry": {
        "type": "Point",
        "coordinates": [
          79.1492,
          18.431
        ]
      },
      "properties": {
        "date": "06/25/2007 12:00:00 AM",
        "location": "Karimnagar",
        "state": "Andhra Pradesh",
        "deaths": 0,
        "trigger": "rain",
        "type": "landslide",
        "source": "NASA GLC",
        "severity": "medium"
      }
    },
    {
      "type": "Feature",
      "geometry": {
        "type": "Point",
        "coordinates": [
          76.826,
          34.1491
        ]
      },
      "properties": {
        "date": "07/03/2011 12:00:00 AM",
        "location": "South of Kashmir",
        "state": "Kashmir",
        "deaths": 0,
        "trigger": "downpour",
        "type": "landslide",
        "source": "NASA GLC",
        "severity": "medium"
      }
    },
    {
      "type": "Feature",
      "geometry": {
        "type": "Point",
        "coordinates": [
          78.0973,
          30.4554
        ]
      },
      "properties": {
        "date": "07/16/2016 03:00:00 PM",
        "location": "Mussoorie-Tehri bypass, near Landour, Uttarakhand, India",
        "state": "Uttarakhand",
        "deaths": 0,
        "trigger": "downpour",
        "type": "debris_flow",
        "source": "NASA GLC",
        "severity": "medium"
      }
    },
    {
      "type": "Feature",
      "geometry": {
        "type": "Point",
        "coordinates": [
          88.4808,
          27.0765
        ]
      },
      "properties": {
        "date": "06/16/2010 12:00:00 AM",
        "location": "Tripi (Tirpai?) road of Upper Gumfa area in Kalimpong",
        "state": "Bengal",
        "deaths": 0,
        "trigger": "rain",
        "type": "landslide",
        "source": "NASA GLC",
        "severity": "medium"
      }
    },
    {
      "type": "Feature",
      "geometry": {
        "type": "Point",
        "coordinates": [
          93.7706,
          27.1249
        ]
      },
      "properties": {
        "date": "10/01/2014 11:00:00 AM",
        "location": "Karsingsa block point",
        "state": "Arunachal Pradesh",
        "deaths": 0,
        "trigger": "unknown",
        "type": "landslide",
        "source": "NASA GLC",
        "severity": "small"
      }
    },
    {
      "type": "Feature",
      "geometry": {
        "type": "Point",
        "coordinates": [
          94.2442,
          26.1677
        ]
      },
      "properties": {
        "date": "06/12/2016 12:00:00 AM",
        "location": "on road between Mon and Tobu near Telangsao Hydro project , Nagaland, India",
        "state": "Nagaland",
        "deaths": 0,
        "trigger": "continuous_rain",
        "type": "landslide",
        "source": "NASA GLC",
        "severity": "unknown"
      }
    },
    {
      "type": "Feature",
      "geometry": {
        "type": "Point",
        "coordinates": [
          73.9667,
          15.949
        ]
      },
      "properties": {
        "date": "07/30/2010 12:00:00 AM",
        "location": "Amboli ghat in Sindhdurg, Konkan",
        "state": "Maharashtra",
        "deaths": 0,
        "trigger": "downpour",
        "type": "landslide",
        "source": "NASA GLC",
        "severity": "medium"
      }
    },
    {
      "type": "Feature",
      "geometry": {
        "type": "Point",
        "coordinates": [
          95.8011,
          27.174
        ]
      },
      "properties": {
        "date": "06/25/2012 12:00:00 AM",
        "location": "Tirap , Arunachal Pradesh",
        "state": "Arun\u0101chal Pradesh",
        "deaths": 0,
        "trigger": "downpour",
        "type": "landslide",
        "source": "NASA GLC",
        "severity": "large"
      }
    },
    {
      "type": "Feature",
      "geometry": {
        "type": "Point",
        "coordinates": [
          80.6055,
          16.5141
        ]
      },
      "properties": {
        "date": "09/17/2010 09:00:00 AM",
        "location": "Indrakeeladri ghat rd, Vijayawada, Andhra Pradesh",
        "state": "Andhra Pradesh",
        "deaths": 0,
        "trigger": "downpour",
        "type": "landslide",
        "source": "NASA GLC",
        "severity": "medium"
      }
    },
    {
      "type": "Feature",
      "geometry": {
        "type": "Point",
        "coordinates": [
          95.86,
          28.4659
        ]
      },
      "properties": {
        "date": "04/08/2012 12:00:00 AM",
        "location": "Endulin Nallah, Mayodia, 17-camp, 83-camp",
        "state": "Arun\u0101chal Pradesh",
        "deaths": 0,
        "trigger": "downpour",
        "type": "landslide",
        "source": "NASA GLC",
        "severity": "medium"
      }
    },
    {
      "type": "Feature",
      "geometry": {
        "type": "Point",
        "coordinates": [
          74.8735,
          12.896
        ]
      },
      "properties": {
        "date": "07/29/2010 12:00:00 AM",
        "location": "Shakthinagar, Mangalore",
        "state": "Karnataka",
        "deaths": 0,
        "trigger": "downpour",
        "type": "landslide",
        "source": "NASA GLC",
        "severity": "medium"
      }
    },
    {
      "type": "Feature",
      "geometry": {
        "type": "Point",
        "coordinates": [
          78.2741,
          30.4783
        ]
      },
      "properties": {
        "date": "05/31/2011 06:00:00 PM",
        "location": "Chhatanga(?) village on Rishikesh-Yamunotri highway, Uttarkashi ",
        "state": "Uttarakhand",
        "deaths": 0,
        "trigger": "rain",
        "type": "landslide",
        "source": "NASA GLC",
        "severity": "medium"
      }
    },
    {
      "type": "Feature",
      "geometry": {
        "type": "Point",
        "coordinates": [
          79.0478,
          30.688
        ]
      },
      "properties": {
        "date": "09/11/2014 12:00:00 AM",
        "location": "Gaurikund-Kedarnath pedestrian trek",
        "state": "Uttarakhand",
        "deaths": 0,
        "trigger": "downpour",
        "type": "landslide",
        "source": "NASA GLC",
        "severity": "medium"
      }
    },
    {
      "type": "Feature",
      "geometry": {
        "type": "Point",
        "coordinates": [
          79.5306,
          30.6463
        ]
      },
      "properties": {
        "date": "08/09/2010 12:00:00 AM",
        "location": "Nirgaddu about 4 km from Tapovan on Rishikesh - Badrinath route, Uttarakhand ",
        "state": "Uttarakhand",
        "deaths": 0,
        "trigger": "downpour",
        "type": "landslide",
        "source": "NASA GLC",
        "severity": "medium"
      }
    },
    {
      "type": "Feature",
      "geometry": {
        "type": "Point",
        "coordinates": [
          76.2728,
          12.9711
        ]
      },
      "properties": {
        "date": "10/03/2010 12:00:00 AM",
        "location": "nan",
        "state": "Karnataka",
        "deaths": 0,
        "trigger": "rain",
        "type": "landslide",
        "source": "NASA GLC",
        "severity": "medium"
      }
    },
    {
      "type": "Feature",
      "geometry": {
        "type": "Point",
        "coordinates": [
          93.4221,
          24.7505
        ]
      },
      "properties": {
        "date": "08/27/2010 04:30:00 PM",
        "location": "NH-53 at Nungba police station, Kambirong(?), Manipur",
        "state": "Assam",
        "deaths": 0,
        "trigger": "downpour",
        "type": "landslide",
        "source": "NASA GLC",
        "severity": "medium"
      }
    },
    {
      "type": "Feature",
      "geometry": {
        "type": "Point",
        "coordinates": [
          94.0489,
          25.4477
        ]
      },
      "properties": {
        "date": "07/22/2015 12:00:00 AM",
        "location": "15 kms from Maram, National Highway-102/A (Maram Peren road)",
        "state": "Manipur",
        "deaths": 0,
        "trigger": "continuous_rain",
        "type": "landslide",
        "source": "NASA GLC",
        "severity": "medium"
      }
    },
    {
      "type": "Feature",
      "geometry": {
        "type": "Point",
        "coordinates": [
          76.803,
          9.7285
        ]
      },
      "properties": {
        "date": "08/17/2012 12:00:00 AM",
        "location": "Chonamala, Periyamata, Vellampatta",
        "state": "Kerala",
        "deaths": 0,
        "trigger": "downpour",
        "type": "landslide",
        "source": "NASA GLC",
        "severity": "medium"
      }
    },
    {
      "type": "Feature",
      "geometry": {
        "type": "Point",
        "coordinates": [
          94.5808,
          26.284
        ]
      },
      "properties": {
        "date": "08/04/2013 12:00:00 AM",
        "location": "Nanga, Nagaland",
        "state": "N\u0101g\u0101land",
        "deaths": 0,
        "trigger": "continuous_rain",
        "type": "landslide",
        "source": "NASA GLC",
        "severity": "medium"
      }
    },
    {
      "type": "Feature",
      "geometry": {
        "type": "Point",
        "coordinates": [
          91.7351,
          26.149
        ]
      },
      "properties": {
        "date": "06/20/2012 12:00:00 AM",
        "location": "Lalunggaon, Guwahati,  Assam",
        "state": "Assam",
        "deaths": 0,
        "trigger": "downpour",
        "type": "landslide",
        "source": "NASA GLC",
        "severity": "medium"
      }
    },
    {
      "type": "Feature",
      "geometry": {
        "type": "Point",
        "coordinates": [
          93.4093,
          25.0672
        ]
      },
      "properties": {
        "date": "05/22/2011 12:00:00 AM",
        "location": "Kaiphundai(?)-Tousem(in Assam) road, Tamenglong district, Manipur",
        "state": "Assam",
        "deaths": 0,
        "trigger": "downpour",
        "type": "landslide",
        "source": "NASA GLC",
        "severity": "medium"
      }
    },
    {
      "type": "Feature",
      "geometry": {
        "type": "Point",
        "coordinates": [
          78.5017,
          30.3797
        ]
      },
      "properties": {
        "date": "06/18/2013 03:00:00 PM",
        "location": "Road Near Tipri To Kedarnath",
        "state": "Uttarakhand",
        "deaths": 0,
        "trigger": "rain",
        "type": "landslide",
        "source": "NASA GLC",
        "severity": "medium"
      }
    },
    {
      "type": "Feature",
      "geometry": {
        "type": "Point",
        "coordinates": [
          75.72,
          25.08
        ]
      },
      "properties": {
        "date": "08/10/2008 12:00:00 AM",
        "location": "Gaiparnath Mahadev temple, foothills of Chambal ravines",
        "state": "Rajasthan",
        "deaths": 0,
        "trigger": "rain",
        "type": "landslide",
        "source": "NASA GLC",
        "severity": "medium"
      }
    },
    {
      "type": "Feature",
      "geometry": {
        "type": "Point",
        "coordinates": [
          94.1016,
          24.1988
        ]
      },
      "properties": {
        "date": "08/01/2015 12:00:00 AM",
        "location": "between Chalong and Paraolon",
        "state": "Manipur",
        "deaths": 0,
        "trigger": "continuous_rain",
        "type": "landslide",
        "source": "NASA GLC",
        "severity": "medium"
      }
    },
    {
      "type": "Feature",
      "geometry": {
        "type": "Point",
        "coordinates": [
          76.3075,
          32.1764
        ]
      },
      "properties": {
        "date": "08/12/2015 09:00:00 AM",
        "location": "Dharamsala-Kangra state highway",
        "state": "Himachal Pradesh",
        "deaths": 0,
        "trigger": "monsoon",
        "type": "landslide",
        "source": "NASA GLC",
        "severity": "medium"
      }
    },
    {
      "type": "Feature",
      "geometry": {
        "type": "Point",
        "coordinates": [
          79.0544,
          30.6945
        ]
      },
      "properties": {
        "date": "06/17/2013 12:00:00 AM",
        "location": "Rambara District, Uttarakhand",
        "state": "Uttarakhand",
        "deaths": 0,
        "trigger": "downpour",
        "type": "landslide",
        "source": "NASA GLC",
        "severity": "large"
      }
    },
    {
      "type": "Feature",
      "geometry": {
        "type": "Point",
        "coordinates": [
          77.3913,
          31.0766
        ]
      },
      "properties": {
        "date": "08/07/2011 12:00:00 AM",
        "location": "The Rishikesh-Gangotri national highway, Sainj",
        "state": "Himachal Pradesh",
        "deaths": 0,
        "trigger": "rain",
        "type": "landslide",
        "source": "NASA GLC",
        "severity": "medium"
      }
    },
    {
      "type": "Feature",
      "geometry": {
        "type": "Point",
        "coordinates": [
          78.1181,
          31.5124
        ]
      },
      "properties": {
        "date": "06/17/2016 12:00:00 AM",
        "location": "Urni, Satluj river, Kinnaur district, Himachal Pradesh, India",
        "state": "Himachal Pradesh",
        "deaths": 0,
        "trigger": "monsoon",
        "type": "rock_fall",
        "source": "NASA GLC",
        "severity": "large"
      }
    },
    {
      "type": "Feature",
      "geometry": {
        "type": "Point",
        "coordinates": [
          76.6939,
          11.4098
        ]
      },
      "properties": {
        "date": "11/09/2009 12:00:00 AM",
        "location": "Ooty and Coonoor, Tamil Nadu",
        "state": "Tamil Nadu",
        "deaths": 0,
        "trigger": "downpour",
        "type": "landslide",
        "source": "NASA GLC",
        "severity": "medium"
      }
    },
    {
      "type": "Feature",
      "geometry": {
        "type": "Point",
        "coordinates": [
          75.0922,
          32.9411
        ]
      },
      "properties": {
        "date": "11/07/2014 12:00:00 AM",
        "location": "Ramnagar railway station",
        "state": "Kashmir",
        "deaths": 0,
        "trigger": "downpour",
        "type": "mudslide",
        "source": "NASA GLC",
        "severity": "medium"
      }
    },
    {
      "type": "Feature",
      "geometry": {
        "type": "Point",
        "coordinates": [
          75.5227,
          32.3682
        ]
      },
      "properties": {
        "date": "02/15/2012 12:00:00 AM",
        "location": "Surjan village in Bani mountainous belt in Kathua district (",
        "state": "Kashmir",
        "deaths": 0,
        "trigger": "downpour",
        "type": "landslide",
        "source": "NASA GLC",
        "severity": "medium"
      }
    },
    {
      "type": "Feature",
      "geometry": {
        "type": "Point",
        "coordinates": [
          73.0207,
          19.1711
        ]
      },
      "properties": {
        "date": "07/24/2013 12:00:00 AM",
        "location": "National Highway 4, Navi Mumbai, Maharashtra",
        "state": "Maharashtra",
        "deaths": 0,
        "trigger": "downpour",
        "type": "landslide",
        "source": "NASA GLC",
        "severity": "medium"
      }
    },
    {
      "type": "Feature",
      "geometry": {
        "type": "Point",
        "coordinates": [
          76.5959,
          11.3192
        ]
      },
      "properties": {
        "date": "07/25/2013 12:00:00 AM",
        "location": "Avalanche, Nilgiris, Tamil Nadu",
        "state": "Tamil Nadu",
        "deaths": 0,
        "trigger": "downpour",
        "type": "landslide",
        "source": "NASA GLC",
        "severity": "medium"
      }
    },
    {
      "type": "Feature",
      "geometry": {
        "type": "Point",
        "coordinates": [
          76.9517,
          8.4863
        ]
      },
      "properties": {
        "date": "11/13/2013 12:00:00 AM",
        "location": "Thampanoor, Thiruvananthapuram, Kerala",
        "state": "Kerala",
        "deaths": 0,
        "trigger": "downpour",
        "type": "landslide",
        "source": "NASA GLC",
        "severity": "medium"
      }
    },
    {
      "type": "Feature",
      "geometry": {
        "type": "Point",
        "coordinates": [
          94.25,
          27.8776
        ]
      },
      "properties": {
        "date": "06/01/2013 12:00:00 AM",
        "location": "Upper Subansiri",
        "state": "Arun\u0101chal Pradesh",
        "deaths": 0,
        "trigger": "downpour",
        "type": "landslide",
        "source": "NASA GLC",
        "severity": "large"
      }
    },
    {
      "type": "Feature",
      "geometry": {
        "type": "Point",
        "coordinates": [
          77.1792,
          30.9546
        ]
      },
      "properties": {
        "date": "10/04/2010 12:00:00 AM",
        "location": "Roads between Sunnu Pal and Chail, Himachal Pradesh",
        "state": "Himachal Pradesh",
        "deaths": 0,
        "trigger": "downpour",
        "type": "landslide",
        "source": "NASA GLC",
        "severity": "medium"
      }
    },
    {
      "type": "Feature",
      "geometry": {
        "type": "Point",
        "coordinates": [
          74.8586,
          12.8157
        ]
      },
      "properties": {
        "date": "06/24/2016 11:00:00 PM",
        "location": "Maya Bar, Thokkottu, India",
        "state": "Karnataka",
        "deaths": 0,
        "trigger": "downpour",
        "type": "landslide",
        "source": "NASA GLC",
        "severity": "medium"
      }
    },
    {
      "type": "Feature",
      "geometry": {
        "type": "Point",
        "coordinates": [
          91.7356,
          26.1475
        ]
      },
      "properties": {
        "date": "06/02/2012 12:00:00 AM",
        "location": "Guwahati, Assam",
        "state": "Assam",
        "deaths": 0,
        "trigger": "downpour",
        "type": "landslide",
        "source": "NASA GLC",
        "severity": "large"
      }
    },
    {
      "type": "Feature",
      "geometry": {
        "type": "Point",
        "coordinates": [
          75.2006,
          33.2537
        ]
      },
      "properties": {
        "date": "01/16/2008 12:00:00 AM",
        "location": "Panthihal, Srinagar-Jammu highway",
        "state": "Kashmir",
        "deaths": 0,
        "trigger": "snowfall_snowmelt",
        "type": "landslide",
        "source": "NASA GLC",
        "severity": "medium"
      }
    },
    {
      "type": "Feature",
      "geometry": {
        "type": "Point",
        "coordinates": [
          93.487,
          24.9037
        ]
      },
      "properties": {
        "date": "09/01/2013 12:00:00 AM",
        "location": "Tamenglong- Khongsang Road, Manipur",
        "state": "Manipur",
        "deaths": 0,
        "trigger": "continuous_rain",
        "type": "mudslide",
        "source": "NASA GLC",
        "severity": "medium"
      }
    },
    {
      "type": "Feature",
      "geometry": {
        "type": "Point",
        "coordinates": [
          93.9827,
          25.4538
        ]
      },
      "properties": {
        "date": "07/22/2015 12:00:00 AM",
        "location": "22 kms to 30 kms between Sangkungmai and Willong",
        "state": "Manipur",
        "deaths": 0,
        "trigger": "continuous_rain",
        "type": "landslide",
        "source": "NASA GLC",
        "severity": "medium"
      }
    },
    {
      "type": "Feature",
      "geometry": {
        "type": "Point",
        "coordinates": [
          88.1218,
          27.1027
        ]
      },
      "properties": {
        "date": "07/26/2016 11:00:00 PM",
        "location": "Finchaytaar, Lodhoma, Darjeeling, India",
        "state": "West Bengal",
        "deaths": 0,
        "trigger": "downpour",
        "type": "landslide",
        "source": "NASA GLC",
        "severity": "unknown"
      }
    },
    {
      "type": "Feature",
      "geometry": {
        "type": "Point",
        "coordinates": [
          94.3864,
          26.1147
        ]
      },
      "properties": {
        "date": "07/01/2013 12:00:00 AM",
        "location": "Thillong Village, Doyang Along State Highway 1, Wokha To Merapani Road",
        "state": "N\u0101g\u0101land",
        "deaths": 0,
        "trigger": "downpour",
        "type": "landslide",
        "source": "NASA GLC",
        "severity": "medium"
      }
    },
    {
      "type": "Feature",
      "geometry": {
        "type": "Point",
        "coordinates": [
          75.1827,
          33.3037
        ]
      },
      "properties": {
        "date": "02/13/2011 12:00:00 AM",
        "location": "Srinagar-Jammu Natl. Hwy., at Digdole(Digdol)(9 km south of Panthal), Srinagar, Jammu and Kashmir",
        "state": "Kashmir",
        "deaths": 0,
        "trigger": "snowfall_snowmelt",
        "type": "landslide",
        "source": "NASA GLC",
        "severity": "medium"
      }
    },
    {
      "type": "Feature",
      "geometry": {
        "type": "Point",
        "coordinates": [
          77.0965,
          30.9035
        ]
      },
      "properties": {
        "date": "09/19/2010 12:00:00 AM",
        "location": "Pulbhal(?)-Solan rd, Himachal Pradesh",
        "state": "Himachal Pradesh",
        "deaths": 0,
        "trigger": "downpour",
        "type": "landslide",
        "source": "NASA GLC",
        "severity": "medium"
      }
    },
    {
      "type": "Feature",
      "geometry": {
        "type": "Point",
        "coordinates": [
          78.7075,
          10.8319
        ]
      },
      "properties": {
        "date": "12/20/2015 09:00:00 AM",
        "location": "sanjeevinagar area",
        "state": "Tamil Nadu",
        "deaths": 0,
        "trigger": "unknown",
        "type": "landslide",
        "source": "NASA GLC",
        "severity": "medium"
      }
    },
    {
      "type": "Feature",
      "geometry": {
        "type": "Point",
        "coordinates": [
          88.6236,
          27.3425
        ]
      },
      "properties": {
        "date": "09/10/2007 12:00:00 AM",
        "location": "Rhodong village near Rhey in East Sikkim",
        "state": "Sikkim",
        "deaths": 0,
        "trigger": "rain",
        "type": "landslide",
        "source": "NASA GLC",
        "severity": "medium"
      }
    },
    {
      "type": "Feature",
      "geometry": {
        "type": "Point",
        "coordinates": [
          92.7239,
          24.5202
        ]
      },
      "properties": {
        "date": "05/18/2016 08:00:00 AM",
        "location": "Bilaipur, Hailakandi district, Assam, India",
        "state": "Assam",
        "deaths": 0,
        "trigger": "continuous_rain",
        "type": "landslide",
        "source": "NASA GLC",
        "severity": "unknown"
      }
    },
    {
      "type": "Feature",
      "geometry": {
        "type": "Point",
        "coordinates": [
          76.9592,
          10.3316
        ]
      },
      "properties": {
        "date": "05/09/2016 12:10:00 PM",
        "location": ".5 km away from Valparai Police Station at a construction site, Valparai, Tamil Nadu, India",
        "state": "Tamil Nadu",
        "deaths": 0,
        "trigger": "construction",
        "type": "landslide",
        "source": "NASA GLC",
        "severity": "small"
      }
    },
    {
      "type": "Feature",
      "geometry": {
        "type": "Point",
        "coordinates": [
          83.2414,
          19.316
        ]
      },
      "properties": {
        "date": "09/16/2015 12:00:00 AM",
        "location": "railway between Koraput and Rayagada in Odisha, India",
        "state": "Odisha",
        "deaths": 0,
        "trigger": "downpour",
        "type": "landslide",
        "source": "NASA GLC",
        "severity": "medium"
      }
    },
    {
      "type": "Feature",
      "geometry": {
        "type": "Point",
        "coordinates": [
          93.5142,
          24.9818
        ]
      },
      "properties": {
        "date": "07/24/2015 12:00:00 AM",
        "location": "Tamenglong Ward No-IV",
        "state": "Manipur",
        "deaths": 0,
        "trigger": "monsoon",
        "type": "mudslide",
        "source": "NASA GLC",
        "severity": "medium"
      }
    },
    {
      "type": "Feature",
      "geometry": {
        "type": "Point",
        "coordinates": [
          75.8101,
          33.1804
        ]
      },
      "properties": {
        "date": "02/13/2011 12:00:00 AM",
        "location": "Batote-Doda-Kishtwar road, at Jathi(?) and Drabshalla, Jammu and Kashmir",
        "state": "Kashmir",
        "deaths": 0,
        "trigger": "snowfall_snowmelt",
        "type": "landslide",
        "source": "NASA GLC",
        "severity": "medium"
      }
    },
    {
      "type": "Feature",
      "geometry": {
        "type": "Point",
        "coordinates": [
          88.4441,
          26.944
        ]
      },
      "properties": {
        "date": "06/11/2010 12:00:00 AM",
        "location": "near Sevok(Sevoke), Highway 31A to Sikkimand Kalimpong, Hatisura(?), Darjeeling",
        "state": "Bengal",
        "deaths": 0,
        "trigger": "downpour",
        "type": "landslide",
        "source": "NASA GLC",
        "severity": "medium"
      }
    },
    {
      "type": "Feature",
      "geometry": {
        "type": "Point",
        "coordinates": [
          76.8298,
          10.0539
        ]
      },
      "properties": {
        "date": "08/05/2013 09:30:00 AM",
        "location": "Cheeyappara Waterfalls, Ernakulam, Kerala",
        "state": "Kerala",
        "deaths": 0,
        "trigger": "monsoon",
        "type": "mudslide",
        "source": "NASA GLC",
        "severity": "medium"
      }
    },
    {
      "type": "Feature",
      "geometry": {
        "type": "Point",
        "coordinates": [
          77.1586,
          32.0996
        ]
      },
      "properties": {
        "date": "03/05/2011 12:00:00 AM",
        "location": "Kullu-Manali rd, Himachal Pradesh",
        "state": "Himachal Pradesh",
        "deaths": 0,
        "trigger": "downpour",
        "type": "landslide",
        "source": "NASA GLC",
        "severity": "medium"
      }
    },
    {
      "type": "Feature",
      "geometry": {
        "type": "Point",
        "coordinates": [
          73.02,
          19.1869
        ]
      },
      "properties": {
        "date": "07/31/2016 11:00:00 AM",
        "location": "Parsik/ Nutan Tunnel on Central rail, near Diva, Mumbai, India",
        "state": "Maharashtra",
        "deaths": 0,
        "trigger": "downpour",
        "type": "mudslide",
        "source": "NASA GLC",
        "severity": "medium"
      }
    },
    {
      "type": "Feature",
      "geometry": {
        "type": "Point",
        "coordinates": [
          75.1915,
          32.9913
        ]
      },
      "properties": {
        "date": "08/14/2013 12:00:00 AM",
        "location": "Samroli, Udhampur District, Kashmir",
        "state": "Kashmir",
        "deaths": 0,
        "trigger": "downpour",
        "type": "landslide",
        "source": "NASA GLC",
        "severity": "medium"
      }
    },
    {
      "type": "Feature",
      "geometry": {
        "type": "Point",
        "coordinates": [
          79.4954,
          30.7386
        ]
      },
      "properties": {
        "date": "08/04/2016 12:00:00 AM",
        "location": "Valley of Flowers near Badrinath",
        "state": "Uttarakhand",
        "deaths": 0,
        "trigger": "continuous_rain",
        "type": "debris_flow",
        "source": "NASA GLC",
        "severity": "medium"
      }
    },
    {
      "type": "Feature",
      "geometry": {
        "type": "Point",
        "coordinates": [
          76.1147,
          13.1819
        ]
      },
      "properties": {
        "date": "07/02/2011 06:00:00 PM",
        "location": "National Highway 66, connecting Kerala and Karnataka",
        "state": "Karnataka",
        "deaths": 0,
        "trigger": "rain",
        "type": "landslide",
        "source": "NASA GLC",
        "severity": "small"
      }
    },
    {
      "type": "Feature",
      "geometry": {
        "type": "Point",
        "coordinates": [
          78.4375,
          30.9753
        ]
      },
      "properties": {
        "date": "07/31/2016 12:00:00 AM",
        "location": "Janki Chatti, Uttarakhand, India",
        "state": "Uttarakhand",
        "deaths": 0,
        "trigger": "continuous_rain",
        "type": "landslide",
        "source": "NASA GLC",
        "severity": "medium"
      }
    },
    {
      "type": "Feature",
      "geometry": {
        "type": "Point",
        "coordinates": [
          79.3628,
          30.301
        ]
      },
      "properties": {
        "date": "07/24/2013 12:00:00 AM",
        "location": "Thirpak, Uttarakhand",
        "state": "Uttarakhand",
        "deaths": 0,
        "trigger": "downpour",
        "type": "landslide",
        "source": "NASA GLC",
        "severity": "medium"
      }
    },
    {
      "type": "Feature",
      "geometry": {
        "type": "Point",
        "coordinates": [
          72.8899,
          19.0949
        ]
      },
      "properties": {
        "date": "09/03/2009 11:30:00 PM",
        "location": "Saki Naka in Andheri area, Mumbai suburb/slum (Sakinaka is around 23 miles (35 kilometers) from downtown Mumbai)",
        "state": "Maharashtra",
        "deaths": 0,
        "trigger": "downpour",
        "type": "mudslide",
        "source": "NASA GLC",
        "severity": "large"
      }
    },
    {
      "type": "Feature",
      "geometry": {
        "type": "Point",
        "coordinates": [
          76.9354,
          11.2993
        ]
      },
      "properties": {
        "date": "06/16/2011 12:00:00 AM",
        "location": "Munjur near Mettupalayam",
        "state": "Tamil Nadu",
        "deaths": 0,
        "trigger": "rain",
        "type": "landslide",
        "source": "NASA GLC",
        "severity": "medium"
      }
    },
    {
      "type": "Feature",
      "geometry": {
        "type": "Point",
        "coordinates": [
          91.7998,
          26.1985
        ]
      },
      "properties": {
        "date": "09/22/2014 12:00:00 AM",
        "location": "Noonmati",
        "state": "Assam",
        "deaths": 0,
        "trigger": "rain",
        "type": "landslide",
        "source": "NASA GLC",
        "severity": "small"
      }
    },
    {
      "type": "Feature",
      "geometry": {
        "type": "Point",
        "coordinates": [
          94.1139,
          25.6269
        ]
      },
      "properties": {
        "date": "07/12/2013 12:00:00 AM",
        "location": "National Highway 29 Near Phesama Village, Nagaland",
        "state": "N\u0101g\u0101land",
        "deaths": 0,
        "trigger": "downpour",
        "type": "landslide",
        "source": "NASA GLC",
        "severity": "medium"
      }
    },
    {
      "type": "Feature",
      "geometry": {
        "type": "Point",
        "coordinates": [
          76.4319,
          10.3228
        ]
      },
      "properties": {
        "date": "08/05/2013 12:00:00 AM",
        "location": "Nairpara, Kerala",
        "state": "Kerala",
        "deaths": 0,
        "trigger": "monsoon",
        "type": "landslide",
        "source": "NASA GLC",
        "severity": "medium"
      }
    },
    {
      "type": "Feature",
      "geometry": {
        "type": "Point",
        "coordinates": [
          74.172,
          21.6989
        ]
      },
      "properties": {
        "date": "09/25/2013 07:00:00 AM",
        "location": "Taloda, Nandurbar, Maharashtra",
        "state": "Maharashtra",
        "deaths": 0,
        "trigger": "downpour",
        "type": "rock_fall",
        "source": "NASA GLC",
        "severity": "medium"
      }
    },
    {
      "type": "Feature",
      "geometry": {
        "type": "Point",
        "coordinates": [
          76.9313,
          31.7077
        ]
      },
      "properties": {
        "date": "08/13/2011 09:00:00 AM",
        "location": "Manali-Leh highway, Rohtang pass",
        "state": "Himachal Pradesh",
        "deaths": 0,
        "trigger": "downpour",
        "type": "landslide",
        "source": "NASA GLC",
        "severity": "medium"
      }
    },
    {
      "type": "Feature",
      "geometry": {
        "type": "Point",
        "coordinates": [
          74.6566,
          33.9344
        ]
      },
      "properties": {
        "date": "03/30/2015 12:00:00 AM",
        "location": "Khansahib",
        "state": "Kashmir",
        "deaths": 0,
        "trigger": "continuous_rain",
        "type": "landslide",
        "source": "NASA GLC",
        "severity": "medium"
      }
    },
    {
      "type": "Feature",
      "geometry": {
        "type": "Point",
        "coordinates": [
          79.5605,
          30.6594
        ]
      },
      "properties": {
        "date": "08/17/2012 12:00:00 AM",
        "location": "Chamoli, Uttarakhand",
        "state": "Uttarakhand",
        "deaths": 0,
        "trigger": "downpour",
        "type": "landslide",
        "source": "NASA GLC",
        "severity": "medium"
      }
    },
    {
      "type": "Feature",
      "geometry": {
        "type": "Point",
        "coordinates": [
          78.2114,
          31.4582
        ]
      },
      "properties": {
        "date": "09/19/2010 12:00:00 AM",
        "location": "Karcham-Sangla rd, Himachal Pradesh",
        "state": "Himachal Pradesh",
        "deaths": 0,
        "trigger": "downpour",
        "type": "landslide",
        "source": "NASA GLC",
        "severity": "medium"
      }
    },
    {
      "type": "Feature",
      "geometry": {
        "type": "Point",
        "coordinates": [
          77.3737,
          31.5375
        ]
      },
      "properties": {
        "date": "08/21/2013 12:00:00 AM",
        "location": "Kullu-Anni Highway",
        "state": "Himachal Pradesh",
        "deaths": 0,
        "trigger": "downpour",
        "type": "landslide",
        "source": "NASA GLC",
        "severity": "medium"
      }
    },
    {
      "type": "Feature",
      "geometry": {
        "type": "Point",
        "coordinates": [
          75.0944,
          32.5659
        ]
      },
      "properties": {
        "date": "06/15/2008 12:00:00 AM",
        "location": "Charan Padika, Jammu",
        "state": "Kashmir",
        "deaths": 0,
        "trigger": "rain",
        "type": "landslide",
        "source": "NASA GLC",
        "severity": "medium"
      }
    },
    {
      "type": "Feature",
      "geometry": {
        "type": "Point",
        "coordinates": [
          88.4314,
          26.9974
        ]
      },
      "properties": {
        "date": "06/17/2015 12:00:00 AM",
        "location": "National Highway 31A, Darjeeling Hills",
        "state": "West Bengal",
        "deaths": 0,
        "trigger": "downpour",
        "type": "landslide",
        "source": "NASA GLC",
        "severity": "small"
      }
    },
    {
      "type": "Feature",
      "geometry": {
        "type": "Point",
        "coordinates": [
          77.16,
          31.1
        ]
      },
      "properties": {
        "date": "08/17/2008 12:00:00 AM",
        "location": "Shimla district",
        "state": "Himachal Pradesh",
        "deaths": 0,
        "trigger": "rain",
        "type": "landslide",
        "source": "NASA GLC",
        "severity": "medium"
      }
    },
    {
      "type": "Feature",
      "geometry": {
        "type": "Point",
        "coordinates": [
          94.0564,
          24.4279
        ]
      },
      "properties": {
        "date": "09/11/2007 12:00:00 AM",
        "location": "NH-39 at Imphal-Moreh section, Lokchao largest event",
        "state": "Manipur",
        "deaths": 0,
        "trigger": "rain",
        "type": "landslide",
        "source": "NASA GLC",
        "severity": "medium"
      }
    },
    {
      "type": "Feature",
      "geometry": {
        "type": "Point",
        "coordinates": [
          75.3142,
          33.1206
        ]
      },
      "properties": {
        "date": "10/26/2014 12:00:00 AM",
        "location": "Batote",
        "state": "Kashmir",
        "deaths": 0,
        "trigger": "unknown",
        "type": "landslide",
        "source": "NASA GLC",
        "severity": "medium"
      }
    },
    {
      "type": "Feature",
      "geometry": {
        "type": "Point",
        "coordinates": [
          82.5725,
          25.4941
        ]
      },
      "properties": {
        "date": "07/31/2016 12:00:00 AM",
        "location": "NH 5 near Rampur, Uttar Pradesh, India",
        "state": "Uttar Pradesh",
        "deaths": 0,
        "trigger": "rain",
        "type": "landslide",
        "source": "NASA GLC",
        "severity": "small"
      }
    },
    {
      "type": "Feature",
      "geometry": {
        "type": "Point",
        "coordinates": [
          76.6331,
          10.0606
        ]
      },
      "properties": {
        "date": "08/07/2013 08:00:00 AM",
        "location": "Kozhipilly In Velliyamattom Village Under Thodupuzha Taluk",
        "state": "Kerala",
        "deaths": 0,
        "trigger": "monsoon",
        "type": "landslide",
        "source": "NASA GLC",
        "severity": "medium"
      }
    },
    {
      "type": "Feature",
      "geometry": {
        "type": "Point",
        "coordinates": [
          78.3475,
          30.6785
        ]
      },
      "properties": {
        "date": "08/09/2010 12:00:00 AM",
        "location": "Dharasu and Nalupani near Uttarkashi on Rishikesh \u2013 Gangotri highway, Uttarakhand ",
        "state": "Uttarakhand",
        "deaths": 0,
        "trigger": "downpour",
        "type": "landslide",
        "source": "NASA GLC",
        "severity": "medium"
      }
    },
    {
      "type": "Feature",
      "geometry": {
        "type": "Point",
        "coordinates": [
          80.126,
          29.36
        ]
      },
      "properties": {
        "date": "07/20/2010 12:00:00 AM",
        "location": "Tanakupur-Pitoragarh highway, Kumaon(Kumaun) region, Uttarakhand",
        "state": "Uttarakhand",
        "deaths": 0,
        "trigger": "downpour",
        "type": "landslide",
        "source": "NASA GLC",
        "severity": "medium"
      }
    },
    {
      "type": "Feature",
      "geometry": {
        "type": "Point",
        "coordinates": [
          94.9275,
          26.8727
        ]
      },
      "properties": {
        "date": "08/16/2013 12:00:00 AM",
        "location": "Longlem, Nagaland",
        "state": "Assam",
        "deaths": 0,
        "trigger": "rain",
        "type": "landslide",
        "source": "NASA GLC",
        "severity": "medium"
      }
    },
    {
      "type": "Feature",
      "geometry": {
        "type": "Point",
        "coordinates": [
          93.7273,
          27.0011
        ]
      },
      "properties": {
        "date": "09/10/2010 12:00:00 AM",
        "location": "districts Lakhimpur, Dhemaji, Golaghat, and Sonitpur, Assam province",
        "state": "Arun\u0101chal Pradesh",
        "deaths": 0,
        "trigger": "downpour",
        "type": "landslide",
        "source": "NASA GLC",
        "severity": "medium"
      }
    },
    {
      "type": "Feature",
      "geometry": {
        "type": "Point",
        "coordinates": [
          79.6805,
          29.5935
        ]
      },
      "properties": {
        "date": "06/19/2013 12:00:00 AM",
        "location": "Almora, Uttarakhand",
        "state": "Uttarakhand",
        "deaths": 0,
        "trigger": "rain",
        "type": "landslide",
        "source": "NASA GLC",
        "severity": "medium"
      }
    },
    {
      "type": "Feature",
      "geometry": {
        "type": "Point",
        "coordinates": [
          92.7463,
          23.7327
        ]
      },
      "properties": {
        "date": "07/14/2014 06:00:00 PM",
        "location": "Zembabawk, Aizawl",
        "state": "Mizoram",
        "deaths": 0,
        "trigger": "downpour",
        "type": "landslide",
        "source": "NASA GLC",
        "severity": "medium"
      }
    },
    {
      "type": "Feature",
      "geometry": {
        "type": "Point",
        "coordinates": [
          76.9006,
          9.8012
        ]
      },
      "properties": {
        "date": "05/31/2011 12:00:00 AM",
        "location": "Kulamavu region, Kerala",
        "state": "Kerala",
        "deaths": 0,
        "trigger": "downpour",
        "type": "landslide",
        "source": "NASA GLC",
        "severity": "medium"
      }
    },
    {
      "type": "Feature",
      "geometry": {
        "type": "Point",
        "coordinates": [
          74.6624,
          14.0354
        ]
      },
      "properties": {
        "date": "06/14/2011 12:00:00 AM",
        "location": "Coastal Karnataka",
        "state": "Karnataka",
        "deaths": 0,
        "trigger": "downpour",
        "type": "landslide",
        "source": "NASA GLC",
        "severity": "medium"
      }
    },
    {
      "type": "Feature",
      "geometry": {
        "type": "Point",
        "coordinates": [
          74.3524,
          34.209
        ]
      },
      "properties": {
        "date": "04/15/2014 12:00:00 AM",
        "location": "Patan, Baramulla District",
        "state": "Kashmir",
        "deaths": 0,
        "trigger": "unknown",
        "type": "landslide",
        "source": "NASA GLC",
        "severity": "small"
      }
    },
    {
      "type": "Feature",
      "geometry": {
        "type": "Point",
        "coordinates": [
          77.3916,
          31.0766
        ]
      },
      "properties": {
        "date": "08/07/2011 12:00:00 AM",
        "location": "Sainj, Rishikesh-Gangotri National Highway",
        "state": "Himachal Pradesh",
        "deaths": 0,
        "trigger": "downpour",
        "type": "landslide",
        "source": "NASA GLC",
        "severity": "medium"
      }
    },
    {
      "type": "Feature",
      "geometry": {
        "type": "Point",
        "coordinates": [
          74.4016,
          34.0978
        ]
      },
      "properties": {
        "date": "04/03/2015 03:00:00 PM",
        "location": "Nambilnar",
        "state": "Kashmir",
        "deaths": 0,
        "trigger": "continuous_rain",
        "type": "landslide",
        "source": "NASA GLC",
        "severity": "medium"
      }
    },
    {
      "type": "Feature",
      "geometry": {
        "type": "Point",
        "coordinates": [
          80.2214,
          29.58
        ]
      },
      "properties": {
        "date": "07/04/2013 12:00:00 AM",
        "location": "Pithoragarh Tehsil, Uttarakhand",
        "state": "Uttarakhand",
        "deaths": 0,
        "trigger": "downpour",
        "type": "landslide",
        "source": "NASA GLC",
        "severity": "medium"
      }
    },
    {
      "type": "Feature",
      "geometry": {
        "type": "Point",
        "coordinates": [
          88.708,
          27.3721
        ]
      },
      "properties": {
        "date": "06/08/2013 05:00:00 PM",
        "location": "15 Km From Gangtok, Himalayans",
        "state": "Sikkim",
        "deaths": 0,
        "trigger": "downpour",
        "type": "landslide",
        "source": "NASA GLC",
        "severity": "medium"
      }
    },
    {
      "type": "Feature",
      "geometry": {
        "type": "Point",
        "coordinates": [
          75.234,
          33.241
        ]
      },
      "properties": {
        "date": "02/22/2012 12:00:00 AM",
        "location": "Ramban district, Srinagar-Jammu Highway (Khooni Nallah, Higni and Panthal)",
        "state": "Kashmir",
        "deaths": 0,
        "trigger": "downpour",
        "type": "landslide",
        "source": "NASA GLC",
        "severity": "medium"
      }
    },
    {
      "type": "Feature",
      "geometry": {
        "type": "Point",
        "coordinates": [
          73.347,
          18.7632
        ]
      },
      "properties": {
        "date": "07/19/2015 03:00:00 PM",
        "location": "Adoshi Tunnel, Mumbai-Pune Expressway",
        "state": "Maharashtra",
        "deaths": 0,
        "trigger": "continuous_rain",
        "type": "landslide",
        "source": "NASA GLC",
        "severity": "small"
      }
    },
    {
      "type": "Feature",
      "geometry": {
        "type": "Point",
        "coordinates": [
          90.5573,
          25.203
        ]
      },
      "properties": {
        "date": "07/19/2016 12:00:00 AM",
        "location": "Rongthragittim Songittal village, near Sibbari, South Garo Hills District, Meghalaya, India",
        "state": "Meghalaya",
        "deaths": 0,
        "trigger": "continuous_rain",
        "type": "translational_slide",
        "source": "NASA GLC",
        "severity": "large"
      }
    },
    {
      "type": "Feature",
      "geometry": {
        "type": "Point",
        "coordinates": [
          76.7622,
          31.3237
        ]
      },
      "properties": {
        "date": "08/11/2015 12:00:00 AM",
        "location": "Gamraula near Bilaspur",
        "state": "Himachal Pradesh",
        "deaths": 0,
        "trigger": "downpour",
        "type": "landslide",
        "source": "NASA GLC",
        "severity": "medium"
      }
    },
    {
      "type": "Feature",
      "geometry": {
        "type": "Point",
        "coordinates": [
          75.1969,
          33.3343
        ]
      },
      "properties": {
        "date": "03/22/2015 11:00:00 PM",
        "location": "Jammu-Srinagar national highway",
        "state": "Kashmir",
        "deaths": 0,
        "trigger": "snowfall_snowmelt",
        "type": "landslide",
        "source": "NASA GLC",
        "severity": "medium"
      }
    },
    {
      "type": "Feature",
      "geometry": {
        "type": "Point",
        "coordinates": [
          94.8158,
          26.1984
        ]
      },
      "properties": {
        "date": "08/19/2010 06:30:00 AM",
        "location": "Tuensang-Kohima rd, 3 km outside Tuensang, Nagaland",
        "state": "N\u0101g\u0101land",
        "deaths": 0,
        "trigger": "downpour",
        "type": "landslide",
        "source": "NASA GLC",
        "severity": "medium"
      }
    },
    {
      "type": "Feature",
      "geometry": {
        "type": "Point",
        "coordinates": [
          92.4943,
          24.4638
        ]
      },
      "properties": {
        "date": "05/18/2016 08:00:00 AM",
        "location": "Sonachirra, Karimganj district, Assam, India",
        "state": "Assam",
        "deaths": 0,
        "trigger": "continuous_rain",
        "type": "landslide",
        "source": "NASA GLC",
        "severity": "medium"
      }
    },
    {
      "type": "Feature",
      "geometry": {
        "type": "Point",
        "coordinates": [
          82.8555,
          18.7734
        ]
      },
      "properties": {
        "date": "09/15/2015 06:00:00 PM",
        "location": "railway tracks between Dumriput and Damanjodi",
        "state": "Odisha",
        "deaths": 0,
        "trigger": "downpour",
        "type": "rock_fall",
        "source": "NASA GLC",
        "severity": "medium"
      }
    },
    {
      "type": "Feature",
      "geometry": {
        "type": "Point",
        "coordinates": [
          75.264,
          32.6173
        ]
      },
      "properties": {
        "date": "08/20/2015 11:00:00 PM",
        "location": "Morha Kalana of panchyat Dhannuparole in Tehsil Ramkot",
        "state": "Kashmir",
        "deaths": 0,
        "trigger": "unknown",
        "type": "landslide",
        "source": "NASA GLC",
        "severity": "medium"
      }
    },
    {
      "type": "Feature",
      "geometry": {
        "type": "Point",
        "coordinates": [
          74.0478,
          14.9935
        ]
      },
      "properties": {
        "date": "10/02/2009 12:00:00 AM",
        "location": "Konkan railway route in southern village Canacona in Goa",
        "state": "Karnataka",
        "deaths": 0,
        "trigger": "rain",
        "type": "landslide",
        "source": "NASA GLC",
        "severity": "medium"
      }
    },
    {
      "type": "Feature",
      "geometry": {
        "type": "Point",
        "coordinates": [
          92.74128531,
          23.75406693
        ]
      },
      "properties": {
        "date": "09/13/2010 09:00:00 AM",
        "location": "road to Muanna Godown, Zuangtui, Mizoram",
        "state": "Mizoram",
        "deaths": 0,
        "trigger": "downpour",
        "type": "landslide",
        "source": "NASA GLC",
        "severity": "medium"
      }
    },
    {
      "type": "Feature",
      "geometry": {
        "type": "Point",
        "coordinates": [
          75.3278,
          33.1617
        ]
      },
      "properties": {
        "date": "06/09/2011 12:00:00 AM",
        "location": "Baglihar Dam, on river Chenab, Chanderkote in Banihal, Ramban , Jammu and Kashmir",
        "state": "Kashmir",
        "deaths": 0,
        "trigger": "downpour",
        "type": "landslide",
        "source": "NASA GLC",
        "severity": "medium"
      }
    },
    {
      "type": "Feature",
      "geometry": {
        "type": "Point",
        "coordinates": [
          74.2279,
          14.7822
        ]
      },
      "properties": {
        "date": "11/08/2010 07:00:00 PM",
        "location": "rails between Amdalli(?) and near Thodor(Todur) stations bordering Ankola and Karwar talukas in Uttar Kanara district of neighbouring Karnataka",
        "state": "Karnataka",
        "deaths": 0,
        "trigger": "downpour",
        "type": "rock_fall",
        "source": "NASA GLC",
        "severity": "medium"
      }
    },
    {
      "type": "Feature",
      "geometry": {
        "type": "Point",
        "coordinates": [
          94.803,
          26.0814
        ]
      },
      "properties": {
        "date": "08/14/2010 12:00:00 AM",
        "location": "Kiphire-Tuensang rd, Nagaland",
        "state": "N\u0101g\u0101land",
        "deaths": 0,
        "trigger": "downpour",
        "type": "landslide",
        "source": "NASA GLC",
        "severity": "medium"
      }
    },
    {
      "type": "Feature",
      "geometry": {
        "type": "Point",
        "coordinates": [
          94.1318,
          25.7902
        ]
      },
      "properties": {
        "date": "07/10/2016 12:00:00 AM",
        "location": "National Highway 2, near Kohima, Nagaland, India",
        "state": "Nagaland",
        "deaths": 0,
        "trigger": "downpour",
        "type": "landslide",
        "source": "NASA GLC",
        "severity": "medium"
      }
    },
    {
      "type": "Feature",
      "geometry": {
        "type": "Point",
        "coordinates": [
          93.4957,
          24.8961
        ]
      },
      "properties": {
        "date": "08/19/2010 12:00:00 AM",
        "location": "2 km from Khongsang village(?), road between Tamenglong and Imphal or Nungba, Manipur",
        "state": "Manipur",
        "deaths": 0,
        "trigger": "downpour",
        "type": "mudslide",
        "source": "NASA GLC",
        "severity": "medium"
      }
    },
    {
      "type": "Feature",
      "geometry": {
        "type": "Point",
        "coordinates": [
          88.3603,
          27.0377
        ]
      },
      "properties": {
        "date": "09/14/2012 12:00:00 AM",
        "location": "Takdah, West Bengal",
        "state": "Sikkim",
        "deaths": 0,
        "trigger": "downpour",
        "type": "landslide",
        "source": "NASA GLC",
        "severity": "medium"
      }
    },
    {
      "type": "Feature",
      "geometry": {
        "type": "Point",
        "coordinates": [
          74.9437,
          33.0165
        ]
      },
      "properties": {
        "date": "02/13/2011 10:00:00 PM",
        "location": "trail between Adh Kuwari(Adhkuwari) temple and Shri Mata Vaishno Devi Cave Shrine, Trikuta Hills(?), near Katra, Reasi, Jammu and Kashmir",
        "state": "Kashmir",
        "deaths": 0,
        "trigger": "downpour",
        "type": "landslide",
        "source": "NASA GLC",
        "severity": "medium"
      }
    },
    {
      "type": "Feature",
      "geometry": {
        "type": "Point",
        "coordinates": [
          72.8929,
          19.1095
        ]
      },
      "properties": {
        "date": "06/25/2010 12:00:00 AM",
        "location": "Jeevandaya lane(?), Vijay Nagar, Ghatopar(Ghatkopar)",
        "state": "Maharashtra",
        "deaths": 0,
        "trigger": "downpour",
        "type": "landslide",
        "source": "NASA GLC",
        "severity": "medium"
      }
    },
    {
      "type": "Feature",
      "geometry": {
        "type": "Point",
        "coordinates": [
          77.9258,
          31.2403
        ]
      },
      "properties": {
        "date": "08/07/2011 01:00:00 AM",
        "location": "Gumma on Pathankot-Mandi national highway",
        "state": "Himachal Pradesh",
        "deaths": 0,
        "trigger": "downpour",
        "type": "landslide",
        "source": "NASA GLC",
        "severity": "medium"
      }
    },
    {
      "type": "Feature",
      "geometry": {
        "type": "Point",
        "coordinates": [
          79.5192,
          30.6509
        ]
      },
      "properties": {
        "date": "07/08/2011 12:00:00 AM",
        "location": "Lambagad",
        "state": "Uttarakhand",
        "deaths": 0,
        "trigger": "downpour",
        "type": "landslide",
        "source": "NASA GLC",
        "severity": "medium"
      }
    },
    {
      "type": "Feature",
      "geometry": {
        "type": "Point",
        "coordinates": [
          74.3279,
          34.2088
        ]
      },
      "properties": {
        "date": "04/07/2015 12:00:00 AM",
        "location": "Khanpora",
        "state": "Kashmir",
        "deaths": 0,
        "trigger": "continuous_rain",
        "type": "landslide",
        "source": "NASA GLC",
        "severity": "medium"
      }
    },
    {
      "type": "Feature",
      "geometry": {
        "type": "Point",
        "coordinates": [
          92.3576,
          24.8669
        ]
      },
      "properties": {
        "date": "05/09/2014 11:00:00 PM",
        "location": "Satgarakul Village, Karimganj, Assam State",
        "state": "Assam",
        "deaths": 0,
        "trigger": "rain",
        "type": "landslide",
        "source": "NASA GLC",
        "severity": "small"
      }
    },
    {
      "type": "Feature",
      "geometry": {
        "type": "Point",
        "coordinates": [
          93.9136,
          25.7428
        ]
      },
      "properties": {
        "date": "08/28/2007 12:00:00 AM",
        "location": "Phesema area at National Highway 39",
        "state": "N\u0101g\u0101land",
        "deaths": 0,
        "trigger": "rain",
        "type": "landslide",
        "source": "NASA GLC",
        "severity": "medium"
      }
    },
    {
      "type": "Feature",
      "geometry": {
        "type": "Point",
        "coordinates": [
          79.7758,
          29.841
        ]
      },
      "properties": {
        "date": "09/14/2012 12:00:00 AM",
        "location": "Bageshwar, Uttarakhand",
        "state": "Uttarakhand",
        "deaths": 0,
        "trigger": "downpour",
        "type": "landslide",
        "source": "NASA GLC",
        "severity": "large"
      }
    },
    {
      "type": "Feature",
      "geometry": {
        "type": "Point",
        "coordinates": [
          88.4674,
          27.0599
        ]
      },
      "properties": {
        "date": "09/16/2013 03:00:00 PM",
        "location": "Kalimpong, West Bengal",
        "state": "Bengal",
        "deaths": 0,
        "trigger": "downpour",
        "type": "landslide",
        "source": "NASA GLC",
        "severity": "small"
      }
    },
    {
      "type": "Feature",
      "geometry": {
        "type": "Point",
        "coordinates": [
          74.3313,
          33.9659
        ]
      },
      "properties": {
        "date": "03/23/2007 12:00:00 AM",
        "location": "Doba Sayedan, Kashmir",
        "state": "Kashmir",
        "deaths": 0,
        "trigger": "downpour",
        "type": "landslide",
        "source": "NASA GLC",
        "severity": "medium"
      }
    },
    {
      "type": "Feature",
      "geometry": {
        "type": "Point",
        "coordinates": [
          77.1784,
          32.2338
        ]
      },
      "properties": {
        "date": "02/25/2011 12:00:00 AM",
        "location": "road near Manali, Kullu",
        "state": "Himachal Pradesh",
        "deaths": 0,
        "trigger": "continuous_rain",
        "type": "rock_fall",
        "source": "NASA GLC",
        "severity": "medium"
      }
    },
    {
      "type": "Feature",
      "geometry": {
        "type": "Point",
        "coordinates": [
          92.7878,
          23.3572
        ]
      },
      "properties": {
        "date": "08/26/2015 12:00:00 AM",
        "location": "Sailam village",
        "state": "Mizoram",
        "deaths": 0,
        "trigger": "continuous_rain",
        "type": "landslide",
        "source": "NASA GLC",
        "severity": "medium"
      }
    },
    {
      "type": "Feature",
      "geometry": {
        "type": "Point",
        "coordinates": [
          94.11603493,
          25.61560252
        ]
      },
      "properties": {
        "date": "08/19/2010 06:00:00 PM",
        "location": "Kisima, Nagaland",
        "state": "N\u0101g\u0101land",
        "deaths": 0,
        "trigger": "downpour",
        "type": "landslide",
        "source": "NASA GLC",
        "severity": "medium"
      }
    },
    {
      "type": "Feature",
      "geometry": {
        "type": "Point",
        "coordinates": [
          94.8833,
          26.4333
        ]
      },
      "properties": {
        "date": "06/17/2010 07:30:00 PM",
        "location": "Shayoung Ward(?), Longleng, Nagaland",
        "state": "N\u0101g\u0101land",
        "deaths": 0,
        "trigger": "downpour",
        "type": "landslide",
        "source": "NASA GLC",
        "severity": "medium"
      }
    },
    {
      "type": "Feature",
      "geometry": {
        "type": "Point",
        "coordinates": [
          79.0479,
          30.6838
        ]
      },
      "properties": {
        "date": "06/25/2015 12:00:00 AM",
        "location": "5 km from Kedarnath Temple",
        "state": "Uttarakhand",
        "deaths": 0,
        "trigger": "downpour",
        "type": "landslide",
        "source": "NASA GLC",
        "severity": "medium"
      }
    },
    {
      "type": "Feature",
      "geometry": {
        "type": "Point",
        "coordinates": [
          76.9346,
          9.8957
        ]
      },
      "properties": {
        "date": "08/05/2013 12:00:00 AM",
        "location": "Maniyarankudy, Kerala",
        "state": "Kerala",
        "deaths": 0,
        "trigger": "monsoon",
        "type": "landslide",
        "source": "NASA GLC",
        "severity": "medium"
      }
    },
    {
      "type": "Feature",
      "geometry": {
        "type": "Point",
        "coordinates": [
          88.4909,
          27.2084
        ]
      },
      "properties": {
        "date": "09/11/2007 12:00:00 AM",
        "location": "National Highway 31A, between Singtam and Rangpo",
        "state": "nan",
        "deaths": 0,
        "trigger": "rain",
        "type": "debris_flow",
        "source": "NASA GLC",
        "severity": "medium"
      }
    },
    {
      "type": "Feature",
      "geometry": {
        "type": "Point",
        "coordinates": [
          75.9957,
          11.4816
        ]
      },
      "properties": {
        "date": "10/03/2009 12:00:00 AM",
        "location": "Puddipadi, Kozhikode, Kerala ",
        "state": "Kerala",
        "deaths": 0,
        "trigger": "downpour",
        "type": "landslide",
        "source": "NASA GLC",
        "severity": "medium"
      }
    },
    {
      "type": "Feature",
      "geometry": {
        "type": "Point",
        "coordinates": [
          78.4151,
          30.966
        ]
      },
      "properties": {
        "date": "08/20/2010 12:00:00 AM",
        "location": "Ranachatti(?), route to Yamunotri, Garwhal division, Uttarakhand",
        "state": "Uttarakhand",
        "deaths": 0,
        "trigger": "downpour",
        "type": "landslide",
        "source": "NASA GLC",
        "severity": "medium"
      }
    },
    {
      "type": "Feature",
      "geometry": {
        "type": "Point",
        "coordinates": [
          91.7548,
          26.1314
        ]
      },
      "properties": {
        "date": "09/22/2014 12:00:00 AM",
        "location": "Dakhingaon",
        "state": "Assam",
        "deaths": 0,
        "trigger": "rain",
        "type": "landslide",
        "source": "NASA GLC",
        "severity": "small"
      }
    },
    {
      "type": "Feature",
      "geometry": {
        "type": "Point",
        "coordinates": [
          74.3723,
          33.5405
        ]
      },
      "properties": {
        "date": "09/06/2014 12:00:00 AM",
        "location": "Thanmandi area of Rajouri",
        "state": "Kashmir",
        "deaths": 0,
        "trigger": "downpour",
        "type": "landslide",
        "source": "NASA GLC",
        "severity": "medium"
      }
    },
    {
      "type": "Feature",
      "geometry": {
        "type": "Point",
        "coordinates": [
          74.2197,
          15.7051
        ]
      },
      "properties": {
        "date": "12/10/2013 10:30:00 AM",
        "location": "Kankumbi, Karnataka",
        "state": "nan",
        "deaths": 0,
        "trigger": "mining",
        "type": "landslide",
        "source": "NASA GLC",
        "severity": "small"
      }
    },
    {
      "type": "Feature",
      "geometry": {
        "type": "Point",
        "coordinates": [
          78.4401,
          30.7332
        ]
      },
      "properties": {
        "date": "09/20/2010 12:00:00 AM",
        "location": "roads around Uttarkashi, Uttarakhand",
        "state": "Uttarakhand",
        "deaths": 0,
        "trigger": "downpour",
        "type": "landslide",
        "source": "NASA GLC",
        "severity": "medium"
      }
    },
    {
      "type": "Feature",
      "geometry": {
        "type": "Point",
        "coordinates": [
          94.4922,
          26.1699
        ]
      },
      "properties": {
        "date": "07/11/2016 11:00:00 PM",
        "location": "North Point Colony, Akuluto, Nagaland, India",
        "state": "Nagaland",
        "deaths": 0,
        "trigger": "unknown",
        "type": "landslide",
        "source": "NASA GLC",
        "severity": "large"
      }
    },
    {
      "type": "Feature",
      "geometry": {
        "type": "Point",
        "coordinates": [
          94.1167,
          27.2333
        ]
      },
      "properties": {
        "date": "10/29/2008 12:00:00 AM",
        "location": "North Lakhimpur ",
        "state": "Assam",
        "deaths": 0,
        "trigger": "downpour",
        "type": "landslide",
        "source": "NASA GLC",
        "severity": "medium"
      }
    },
    {
      "type": "Feature",
      "geometry": {
        "type": "Point",
        "coordinates": [
          92.6921,
          24.1293
        ]
      },
      "properties": {
        "date": "09/29/2007 12:00:00 AM",
        "location": "National Highway, 45 Aizwal (Mizoram)",
        "state": "Mizoram",
        "deaths": 0,
        "trigger": "rain",
        "type": "landslide",
        "source": "NASA GLC",
        "severity": "medium"
      }
    },
    {
      "type": "Feature",
      "geometry": {
        "type": "Point",
        "coordinates": [
          94.0144205,
          25.03561729
        ]
      },
      "properties": {
        "date": "06/28/2011 12:00:00 AM",
        "location": "Ikou-Gangpijang road, near: Ikou, Saikul, and Gangpijang; Imphal India",
        "state": "Manipur",
        "deaths": 0,
        "trigger": "rain",
        "type": "landslide",
        "source": "NASA GLC",
        "severity": "medium"
      }
    },
    {
      "type": "Feature",
      "geometry": {
        "type": "Point",
        "coordinates": [
          78.9014,
          30.2411
        ]
      },
      "properties": {
        "date": "07/26/2015 12:00:00 AM",
        "location": "Sirobagad, Rishikesh-Badrinath highway",
        "state": "Uttarakhand",
        "deaths": 0,
        "trigger": "continuous_rain",
        "type": "landslide",
        "source": "NASA GLC",
        "severity": "medium"
      }
    },
    {
      "type": "Feature",
      "geometry": {
        "type": "Point",
        "coordinates": [
          75.1793,
          33.3018
        ]
      },
      "properties": {
        "date": "08/14/2013 12:00:00 AM",
        "location": "Ramban District, Kashmir",
        "state": "Kashmir",
        "deaths": 0,
        "trigger": "downpour",
        "type": "landslide",
        "source": "NASA GLC",
        "severity": "medium"
      }
    },
    {
      "type": "Feature",
      "geometry": {
        "type": "Point",
        "coordinates": [
          94.1884,
          25.3833
        ]
      },
      "properties": {
        "date": "08/15/2013 12:00:00 AM",
        "location": "Koide Government High School, Senapati, Manipur",
        "state": "N\u0101g\u0101land",
        "deaths": 0,
        "trigger": "downpour",
        "type": "landslide",
        "source": "NASA GLC",
        "severity": "medium"
      }
    },
    {
      "type": "Feature",
      "geometry": {
        "type": "Point",
        "coordinates": [
          78.7756,
          30.9015
        ]
      },
      "properties": {
        "date": "09/19/2010 12:00:00 AM",
        "location": "roads to Gangotri, Uttarakhand",
        "state": "Uttarakhand",
        "deaths": 0,
        "trigger": "downpour",
        "type": "landslide",
        "source": "NASA GLC",
        "severity": "medium"
      }
    },
    {
      "type": "Feature",
      "geometry": {
        "type": "Point",
        "coordinates": [
          91.7042,
          26.1666
        ]
      },
      "properties": {
        "date": "09/23/2015 12:00:00 AM",
        "location": "Kamakhya Temple",
        "state": "Assam",
        "deaths": 0,
        "trigger": "continuous_rain",
        "type": "landslide",
        "source": "NASA GLC",
        "severity": "medium"
      }
    },
    {
      "type": "Feature",
      "geometry": {
        "type": "Point",
        "coordinates": [
          79.3158,
          30.3642
        ]
      },
      "properties": {
        "date": "08/18/2013 12:00:00 AM",
        "location": "Chamoli District, Uttarakhand",
        "state": "Uttarakhand",
        "deaths": 0,
        "trigger": "rain",
        "type": "landslide",
        "source": "NASA GLC",
        "severity": "medium"
      }
    },
    {
      "type": "Feature",
      "geometry": {
        "type": "Point",
        "coordinates": [
          75.4481,
          33.1261
        ]
      },
      "properties": {
        "date": "11/06/2014 06:00:00 PM",
        "location": "Chakwa bridge, 9 kilomters short of Doda",
        "state": "Kashmir",
        "deaths": 0,
        "trigger": "unknown",
        "type": "landslide",
        "source": "NASA GLC",
        "severity": "medium"
      }
    },
    {
      "type": "Feature",
      "geometry": {
        "type": "Point",
        "coordinates": [
          94.7031,
          26.0977
        ]
      },
      "properties": {
        "date": "06/07/2013 12:00:00 AM",
        "location": "Kuthur \u2013 Huker Road Via Y Anner, Chessore, Nagaland",
        "state": "N\u0101g\u0101land",
        "deaths": 0,
        "trigger": "unknown",
        "type": "landslide",
        "source": "NASA GLC",
        "severity": "medium"
      }
    },
    {
      "type": "Feature",
      "geometry": {
        "type": "Point",
        "coordinates": [
          80.2098,
          29.5885
        ]
      },
      "properties": {
        "date": "08/08/2009 02:00:00 AM",
        "location": "Bala, Pithoragarh, Uttarakhand (450Km from Deheradun)",
        "state": "Uttarakhand",
        "deaths": 0,
        "trigger": "downpour",
        "type": "landslide",
        "source": "NASA GLC",
        "severity": "large"
      }
    },
    {
      "type": "Feature",
      "geometry": {
        "type": "Point",
        "coordinates": [
          77.582,
          10.2462
        ]
      },
      "properties": {
        "date": "11/23/2010 08:00:00 AM",
        "location": "Kodaikanal-Thandigudi(Thandikudi)-Batlagundu hill road, Tamil Nadu province",
        "state": "Tamil Nadu",
        "deaths": 0,
        "trigger": "downpour",
        "type": "landslide",
        "source": "NASA GLC",
        "severity": "medium"
      }
    },
    {
      "type": "Feature",
      "geometry": {
        "type": "Point",
        "coordinates": [
          77.1236,
          11.2777
        ]
      },
      "properties": {
        "date": "10/30/2007 12:00:00 AM",
        "location": "bridge between Coonoor and Barliar, Tamil Nadu",
        "state": "Tamil Nadu",
        "deaths": 0,
        "trigger": "rain",
        "type": "landslide",
        "source": "NASA GLC",
        "severity": "medium"
      }
    },
    {
      "type": "Feature",
      "geometry": {
        "type": "Point",
        "coordinates": [
          76.5289,
          9.5988
        ]
      },
      "properties": {
        "date": "08/07/2011 12:00:00 AM",
        "location": "Kottayam",
        "state": "Kerala",
        "deaths": 0,
        "trigger": "downpour",
        "type": "landslide",
        "source": "NASA GLC",
        "severity": "medium"
      }
    },
    {
      "type": "Feature",
      "geometry": {
        "type": "Point",
        "coordinates": [
          78.5306,
          30.7394
        ]
      },
      "properties": {
        "date": "06/12/2013 10:00:00 PM",
        "location": "Rishikesh-Gangotri National Highway Near Mari Sainji Village, Uttarkashi, Uttarakhand",
        "state": "Uttarakhand",
        "deaths": 0,
        "trigger": "downpour",
        "type": "landslide",
        "source": "NASA GLC",
        "severity": "medium"
      }
    },
    {
      "type": "Feature",
      "geometry": {
        "type": "Point",
        "coordinates": [
          94.1383,
          25.48
        ]
      },
      "properties": {
        "date": "07/25/2016 12:30:00 PM",
        "location": "Imphal-Dimapur road  in Tadubi, Senapati district, Manipur, India",
        "state": "Manipur",
        "deaths": 0,
        "trigger": "continuous_rain",
        "type": "landslide",
        "source": "NASA GLC",
        "severity": "medium"
      }
    },
    {
      "type": "Feature",
      "geometry": {
        "type": "Point",
        "coordinates": [
          74.5915,
          34.0096
        ]
      },
      "properties": {
        "date": "03/30/2015 12:00:00 AM",
        "location": "Beerwah",
        "state": "Kashmir",
        "deaths": 0,
        "trigger": "continuous_rain",
        "type": "landslide",
        "source": "NASA GLC",
        "severity": "medium"
      }
    },
    {
      "type": "Feature",
      "geometry": {
        "type": "Point",
        "coordinates": [
          75.4325,
          33.1289
        ]
      },
      "properties": {
        "date": "06/08/2011 12:00:00 AM",
        "location": "Batote-Doda Highway, Ramgarh(?), Baggar(Bagger)(?) area, Doda district, Jammu and Kashmir",
        "state": "Kashmir",
        "deaths": 0,
        "trigger": "downpour",
        "type": "landslide",
        "source": "NASA GLC",
        "severity": "medium"
      }
    },
    {
      "type": "Feature",
      "geometry": {
        "type": "Point",
        "coordinates": [
          94.1139,
          25.6269
        ]
      },
      "properties": {
        "date": "07/15/2013 12:00:00 AM",
        "location": "National Highway 29 Near Phesama Village, Nagaland",
        "state": "N\u0101g\u0101land",
        "deaths": 0,
        "trigger": "rain",
        "type": "landslide",
        "source": "NASA GLC",
        "severity": "medium"
      }
    },
    {
      "type": "Feature",
      "geometry": {
        "type": "Point",
        "coordinates": [
          92.9974,
          24.7979
        ]
      },
      "properties": {
        "date": "07/22/2015 12:00:00 AM",
        "location": "Lakhipur",
        "state": "Assam",
        "deaths": 0,
        "trigger": "continuous_rain",
        "type": "landslide",
        "source": "NASA GLC",
        "severity": "medium"
      }
    },
    {
      "type": "Feature",
      "geometry": {
        "type": "Point",
        "coordinates": [
          88.363,
          26.7914
        ]
      },
      "properties": {
        "date": "08/16/2009 01:30:00 AM",
        "location": "Gourishankar tea estate premises, Darjeeling, West Bengal",
        "state": "Bengal",
        "deaths": 0,
        "trigger": "downpour",
        "type": "landslide",
        "source": "NASA GLC",
        "severity": "medium"
      }
    },
    {
      "type": "Feature",
      "geometry": {
        "type": "Point",
        "coordinates": [
          78.3299,
          30.9085
        ]
      },
      "properties": {
        "date": "08/15/2015 12:00:00 AM",
        "location": "Yamnotri highway",
        "state": "Uttarakhand",
        "deaths": 0,
        "trigger": "continuous_rain",
        "type": "landslide",
        "source": "NASA GLC",
        "severity": "medium"
      }
    },
    {
      "type": "Feature",
      "geometry": {
        "type": "Point",
        "coordinates": [
          79.9298,
          29.607
        ]
      },
      "properties": {
        "date": "06/29/2011 12:00:00 AM",
        "location": "Almora-Pithoragarh road, between Makrau and Thiari",
        "state": "Uttarakhand",
        "deaths": 0,
        "trigger": "downpour",
        "type": "landslide",
        "source": "NASA GLC",
        "severity": "medium"
      }
    },
    {
      "type": "Feature",
      "geometry": {
        "type": "Point",
        "coordinates": [
          74.0357,
          34.0796
        ]
      },
      "properties": {
        "date": "03/23/2015 12:00:00 AM",
        "location": "Uri",
        "state": "Kashmir",
        "deaths": 0,
        "trigger": "continuous_rain",
        "type": "landslide",
        "source": "NASA GLC",
        "severity": "medium"
      }
    },
    {
      "type": "Feature",
      "geometry": {
        "type": "Point",
        "coordinates": [
          75.5488,
          33.1467
        ]
      },
      "properties": {
        "date": "04/16/2012 12:00:00 AM",
        "location": "Gandoh, Doda district, Jammu ",
        "state": "Kashmir",
        "deaths": 0,
        "trigger": "unknown",
        "type": "landslide",
        "source": "NASA GLC",
        "severity": "medium"
      }
    },
    {
      "type": "Feature",
      "geometry": {
        "type": "Point",
        "coordinates": [
          78.3154,
          30.6004
        ]
      },
      "properties": {
        "date": "09/30/2013 12:00:00 AM",
        "location": "Dharasu, Uttarkashi, Uttarakhand",
        "state": "Uttarakhand",
        "deaths": 0,
        "trigger": "unknown",
        "type": "landslide",
        "source": "NASA GLC",
        "severity": "medium"
      }
    },
    {
      "type": "Feature",
      "geometry": {
        "type": "Point",
        "coordinates": [
          91.7082,
          26.1044
        ]
      },
      "properties": {
        "date": "09/22/2014 12:00:00 AM",
        "location": "Garchuk",
        "state": "Assam",
        "deaths": 0,
        "trigger": "rain",
        "type": "landslide",
        "source": "NASA GLC",
        "severity": "small"
      }
    },
    {
      "type": "Feature",
      "geometry": {
        "type": "Point",
        "coordinates": [
          76.9576,
          30.8741
        ]
      },
      "properties": {
        "date": "09/19/2010 12:00:00 AM",
        "location": "Kasauli-Parwanoo rd, Himachal Pradesh",
        "state": "Himachal Pradesh",
        "deaths": 0,
        "trigger": "downpour",
        "type": "landslide",
        "source": "NASA GLC",
        "severity": "medium"
      }
    },
    {
      "type": "Feature",
      "geometry": {
        "type": "Point",
        "coordinates": [
          74.2525,
          33.6794
        ]
      },
      "properties": {
        "date": "09/03/2015 12:00:00 AM",
        "location": "Poonch",
        "state": "Kashmir",
        "deaths": 0,
        "trigger": "unknown",
        "type": "landslide",
        "source": "NASA GLC",
        "severity": "medium"
      }
    },
    {
      "type": "Feature",
      "geometry": {
        "type": "Point",
        "coordinates": [
          78.2844,
          31.5699
        ]
      },
      "properties": {
        "date": "09/20/2010 12:00:00 AM",
        "location": "Pangi, NH-22, Himachal Pradesh",
        "state": "Himachal Pradesh",
        "deaths": 0,
        "trigger": "downpour",
        "type": "landslide",
        "source": "NASA GLC",
        "severity": "medium"
      }
    },
    {
      "type": "Feature",
      "geometry": {
        "type": "Point",
        "coordinates": [
          80.6526,
          16.5145
        ]
      },
      "properties": {
        "date": "06/02/2016 02:00:00 AM",
        "location": "Gunadala hill of Vijayawada",
        "state": "Andhra Pradesh",
        "deaths": 0,
        "trigger": "downpour",
        "type": "rock_fall",
        "source": "NASA GLC",
        "severity": "small"
      }
    },
    {
      "type": "Feature",
      "geometry": {
        "type": "Point",
        "coordinates": [
          88.167,
          26.9978
        ]
      },
      "properties": {
        "date": "07/01/2015 12:00:00 AM",
        "location": "Sukhiapokhari",
        "state": "West Bengal",
        "deaths": 0,
        "trigger": "downpour",
        "type": "landslide",
        "source": "NASA GLC",
        "severity": "medium"
      }
    },
    {
      "type": "Feature",
      "geometry": {
        "type": "Point",
        "coordinates": [
          75.8289,
          11.4477
        ]
      },
      "properties": {
        "date": "10/03/2009 12:00:00 AM",
        "location": "Balussery, Kozhikode, Kerala",
        "state": "Kerala",
        "deaths": 0,
        "trigger": "downpour",
        "type": "landslide",
        "source": "NASA GLC",
        "severity": "medium"
      }
    },
    {
      "type": "Feature",
      "geometry": {
        "type": "Point",
        "coordinates": [
          88.3372,
          26.8545
        ]
      },
      "properties": {
        "date": "09/28/2011 12:00:00 AM",
        "location": "NH55 at Tindharia",
        "state": "West Bengal",
        "deaths": 0,
        "trigger": "rain",
        "type": "landslide",
        "source": "NASA GLC",
        "severity": "medium"
      }
    },
    {
      "type": "Feature",
      "geometry": {
        "type": "Point",
        "coordinates": [
          74.5594,
          34.1327
        ]
      },
      "properties": {
        "date": "03/15/2015 12:00:00 AM",
        "location": "Shirpora",
        "state": "Kashmir",
        "deaths": 0,
        "trigger": "continuous_rain",
        "type": "landslide",
        "source": "NASA GLC",
        "severity": "small"
      }
    },
    {
      "type": "Feature",
      "geometry": {
        "type": "Point",
        "coordinates": [
          93.8275,
          24.9336
        ]
      },
      "properties": {
        "date": "06/19/2008 12:00:00 AM",
        "location": "Namkaoluang village, Tamenglong-Sangrung (Khongsang) road, NH-53, Manipur",
        "state": "Manipur",
        "deaths": 0,
        "trigger": "monsoon",
        "type": "mudslide",
        "source": "NASA GLC",
        "severity": "medium"
      }
    },
    {
      "type": "Feature",
      "geometry": {
        "type": "Point",
        "coordinates": [
          79.0193,
          30.0667
        ]
      },
      "properties": {
        "date": "06/29/2011 12:00:00 AM",
        "location": "Several roads in Uttarakhand",
        "state": "Uttarakhand",
        "deaths": 0,
        "trigger": "downpour",
        "type": "landslide",
        "source": "NASA GLC",
        "severity": "large"
      }
    },
    {
      "type": "Feature",
      "geometry": {
        "type": "Point",
        "coordinates": [
          94.9731,
          26.4205
        ]
      },
      "properties": {
        "date": "08/16/2013 12:00:00 AM",
        "location": "Yakshu, Nagaland",
        "state": "N\u0101g\u0101land",
        "deaths": 0,
        "trigger": "rain",
        "type": "landslide",
        "source": "NASA GLC",
        "severity": "medium"
      }
    },
    {
      "type": "Feature",
      "geometry": {
        "type": "Point",
        "coordinates": [
          73.6873,
          19.162
        ]
      },
      "properties": {
        "date": "07/30/2014 09:00:00 AM",
        "location": "Malin, Pune, Maharashtra",
        "state": "Maharashtra",
        "deaths": 0,
        "trigger": "continuous_rain",
        "type": "mudslide",
        "source": "NASA GLC",
        "severity": "large"
      }
    },
    {
      "type": "Feature",
      "geometry": {
        "type": "Point",
        "coordinates": [
          93.6885,
          27.1034
        ]
      },
      "properties": {
        "date": "08/05/2011 12:00:00 AM",
        "location": "Itanagar",
        "state": "Arun\u0101chal Pradesh",
        "deaths": 0,
        "trigger": "downpour",
        "type": "landslide",
        "source": "NASA GLC",
        "severity": "medium"
      }
    },
    {
      "type": "Feature",
      "geometry": {
        "type": "Point",
        "coordinates": [
          93.0153,
          27.4888
        ]
      },
      "properties": {
        "date": "08/15/2011 12:00:00 AM",
        "location": "East Kameng, Arunachal Pradesh",
        "state": "Arun\u0101chal Pradesh",
        "deaths": 0,
        "trigger": "downpour",
        "type": "landslide",
        "source": "NASA GLC",
        "severity": "medium"
      }
    },
    {
      "type": "Feature",
      "geometry": {
        "type": "Point",
        "coordinates": [
          73.7767,
          19.3379
        ]
      },
      "properties": {
        "date": "07/25/2013 01:30:00 AM",
        "location": "Malshej Ghat, Maharashtra",
        "state": "Maharashtra",
        "deaths": 0,
        "trigger": "downpour",
        "type": "rock_fall",
        "source": "NASA GLC",
        "severity": "small"
      }
    },
    {
      "type": "Feature",
      "geometry": {
        "type": "Point",
        "coordinates": [
          74.9781,
          33.8911
        ]
      },
      "properties": {
        "date": "03/15/2015 06:00:00 PM",
        "location": "Sonrigund Malangpora, Pulwama",
        "state": "Kashmir",
        "deaths": 0,
        "trigger": "continuous_rain",
        "type": "landslide",
        "source": "NASA GLC",
        "severity": "small"
      }
    },
    {
      "type": "Feature",
      "geometry": {
        "type": "Point",
        "coordinates": [
          76.7705,
          9.8678
        ]
      },
      "properties": {
        "date": "10/27/2010 06:00:00 PM",
        "location": "Poochapra(?), near Thodupuzha, Kattappana, Kerala",
        "state": "Kerala",
        "deaths": 0,
        "trigger": "downpour",
        "type": "landslide",
        "source": "NASA GLC",
        "severity": "medium"
      }
    },
    {
      "type": "Feature",
      "geometry": {
        "type": "Point",
        "coordinates": [
          94.1434,
          23.899
        ]
      },
      "properties": {
        "date": "08/01/2015 12:00:00 AM",
        "location": "Tuitung village, Khengjoi",
        "state": "Manipur",
        "deaths": 0,
        "trigger": "rain",
        "type": "landslide",
        "source": "NASA GLC",
        "severity": "medium"
      }
    },
    {
      "type": "Feature",
      "geometry": {
        "type": "Point",
        "coordinates": [
          77.5101,
          34.208
        ]
      },
      "properties": {
        "date": "08/06/2010 12:30:00 AM",
        "location": "Phyang village, Leh, Ladakh, Jammu and Kashmir",
        "state": "Kashmir",
        "deaths": 0,
        "trigger": "downpour",
        "type": "landslide",
        "source": "NASA GLC",
        "severity": "large"
      }
    },
    {
      "type": "Feature",
      "geometry": {
        "type": "Point",
        "coordinates": [
          77.193,
          31.2077
        ]
      },
      "properties": {
        "date": "06/03/2008 12:00:00 AM",
        "location": "Hindustan-Tibet National Highway near Matiana village",
        "state": "Himachal Pradesh",
        "deaths": 0,
        "trigger": "rain",
        "type": "landslide",
        "source": "NASA GLC",
        "severity": "medium"
      }
    },
    {
      "type": "Feature",
      "geometry": {
        "type": "Point",
        "coordinates": [
          77.4702,
          31.8246
        ]
      },
      "properties": {
        "date": "02/12/2014 12:00:00 AM",
        "location": "Siund - Neuli Rd, Neuli Shanshar, Himachal Pradesh 175123",
        "state": "Himachal Pradesh",
        "deaths": 0,
        "trigger": "snowfall_snowmelt",
        "type": "landslide",
        "source": "NASA GLC",
        "severity": "large"
      }
    },
    {
      "type": "Feature",
      "geometry": {
        "type": "Point",
        "coordinates": [
          94.3136,
          25.0118
        ]
      },
      "properties": {
        "date": "07/07/2016 12:00:00 AM",
        "location": "Imphal-Ukhrul sector of National Highway 102, Manipur, India",
        "state": "Manipur",
        "deaths": 0,
        "trigger": "monsoon",
        "type": "landslide",
        "source": "NASA GLC",
        "severity": "large"
      }
    },
    {
      "type": "Feature",
      "geometry": {
        "type": "Point",
        "coordinates": [
          74.9455,
          33.0068
        ]
      },
      "properties": {
        "date": "08/05/2016 12:00:00 AM",
        "location": "Banganga-Ardhkuwari road, enroute to he cave shrine of Mata Vaishnodevi in Jammu and Kashmir\u2019s Reasi district",
        "state": "Kashmir",
        "deaths": 0,
        "trigger": "downpour",
        "type": "landslide",
        "source": "NASA GLC",
        "severity": "medium"
      }
    },
    {
      "type": "Feature",
      "geometry": {
        "type": "Point",
        "coordinates": [
          95.1645,
          28.1193
        ]
      },
      "properties": {
        "date": "02/18/2013 12:00:00 AM",
        "location": "East Siang, Arunachal Pradesh",
        "state": "Arun\u0101chal Pradesh",
        "deaths": 0,
        "trigger": "rain",
        "type": "landslide",
        "source": "NASA GLC",
        "severity": "medium"
      }
    },
    {
      "type": "Feature",
      "geometry": {
        "type": "Point",
        "coordinates": [
          77.2195,
          32.3109
        ]
      },
      "properties": {
        "date": "09/13/2010 11:00:00 PM",
        "location": "near Rahni Nullah(?), on Manali-Rohtang hwy, Himachal Pradesh",
        "state": "Himachal Pradesh",
        "deaths": 0,
        "trigger": "downpour",
        "type": "landslide",
        "source": "NASA GLC",
        "severity": "medium"
      }
    },
    {
      "type": "Feature",
      "geometry": {
        "type": "Point",
        "coordinates": [
          93.3729,
          25.1019
        ]
      },
      "properties": {
        "date": "08/11/2015 12:00:00 AM",
        "location": "Tousem",
        "state": "Manipur",
        "deaths": 0,
        "trigger": "continuous_rain",
        "type": "landslide",
        "source": "NASA GLC",
        "severity": "medium"
      }
    },
    {
      "type": "Feature",
      "geometry": {
        "type": "Point",
        "coordinates": [
          75.17707406,
          33.27140108
        ]
      },
      "properties": {
        "date": "09/23/2010 12:00:00 AM",
        "location": "Jammu-Srinagar hwy, Magarkote area, Ramban district, Jammu and Kashmir",
        "state": "Kashmir",
        "deaths": 0,
        "trigger": "downpour",
        "type": "landslide",
        "source": "NASA GLC",
        "severity": "medium"
      }
    },
    {
      "type": "Feature",
      "geometry": {
        "type": "Point",
        "coordinates": [
          75.7702,
          33.2706
        ]
      },
      "properties": {
        "date": "07/27/2015 12:00:00 AM",
        "location": "Batote-Kishtwar highway, Kishtwar stretch",
        "state": "Kashmir",
        "deaths": 0,
        "trigger": "downpour",
        "type": "landslide",
        "source": "NASA GLC",
        "severity": "small"
      }
    },
    {
      "type": "Feature",
      "geometry": {
        "type": "Point",
        "coordinates": [
          74.7959,
          33.7099
        ]
      },
      "properties": {
        "date": "03/23/2015 12:00:00 AM",
        "location": "Shopian district",
        "state": "Kashmir",
        "deaths": 0,
        "trigger": "continuous_rain",
        "type": "landslide",
        "source": "NASA GLC",
        "severity": "large"
      }
    },
    {
      "type": "Feature",
      "geometry": {
        "type": "Point",
        "coordinates": [
          72.8276,
          19.4662
        ]
      },
      "properties": {
        "date": "09/21/2015 12:00:00 AM",
        "location": "Jivdani Temple",
        "state": "Maharashtra",
        "deaths": 0,
        "trigger": "downpour",
        "type": "landslide",
        "source": "NASA GLC",
        "severity": "medium"
      }
    },
    {
      "type": "Feature",
      "geometry": {
        "type": "Point",
        "coordinates": [
          77.5947,
          10.9628
        ]
      },
      "properties": {
        "date": "06/25/2013 08:00:00 AM",
        "location": "First Hairpin Bend, Kerala-Tamil Nadu Inter-State Highway, Nadukani Ghat Road Connecting Nilambur With Gudallur In Tamilnadu",
        "state": "Tamil Nadu",
        "deaths": 0,
        "trigger": "downpour",
        "type": "landslide",
        "source": "NASA GLC",
        "severity": "medium"
      }
    },
    {
      "type": "Feature",
      "geometry": {
        "type": "Point",
        "coordinates": [
          88.4658,
          27.1141
        ]
      },
      "properties": {
        "date": "07/20/2011 12:00:00 AM",
        "location": "National Highway 31A in West Bengal's Darjeeling district",
        "state": "Bengal",
        "deaths": 0,
        "trigger": "rain",
        "type": "landslide",
        "source": "NASA GLC",
        "severity": "small"
      }
    },
    {
      "type": "Feature",
      "geometry": {
        "type": "Point",
        "coordinates": [
          88.559,
          27.3773
        ]
      },
      "properties": {
        "date": "07/21/2010 08:00:00 AM",
        "location": "Singtam-Mangan rd, Sikkim",
        "state": "Sikkim",
        "deaths": 0,
        "trigger": "downpour",
        "type": "landslide",
        "source": "NASA GLC",
        "severity": "medium"
      }
    },
    {
      "type": "Feature",
      "geometry": {
        "type": "Point",
        "coordinates": [
          94.8133,
          26.2363
        ]
      },
      "properties": {
        "date": "07/06/2010 12:00:00 AM",
        "location": "Tuensang, Nagaland",
        "state": "N\u0101g\u0101land",
        "deaths": 0,
        "trigger": "monsoon",
        "type": "mudslide",
        "source": "NASA GLC",
        "severity": "medium"
      }
    },
    {
      "type": "Feature",
      "geometry": {
        "type": "Point",
        "coordinates": [
          94.1051,
          25.6278
        ]
      },
      "properties": {
        "date": "08/19/2015 03:00:00 PM",
        "location": "Phesama",
        "state": "Nagaland",
        "deaths": 0,
        "trigger": "continuous_rain",
        "type": "landslide",
        "source": "NASA GLC",
        "severity": "medium"
      }
    },
    {
      "type": "Feature",
      "geometry": {
        "type": "Point",
        "coordinates": [
          78.0767,
          30.4326
        ]
      },
      "properties": {
        "date": "09/19/2010 12:00:00 AM",
        "location": "Dehradun-Mussoorie rd, Himachal Pradesh",
        "state": "Uttarakhand",
        "deaths": 0,
        "trigger": "downpour",
        "type": "landslide",
        "source": "NASA GLC",
        "severity": "medium"
      }
    },
    {
      "type": "Feature",
      "geometry": {
        "type": "Point",
        "coordinates": [
          78.4399,
          30.7333
        ]
      },
      "properties": {
        "date": "07/10/2011 12:00:00 AM",
        "location": "Nalupani area in Uttarkashi district",
        "state": "Uttarakhand",
        "deaths": 0,
        "trigger": "downpour",
        "type": "landslide",
        "source": "NASA GLC",
        "severity": "medium"
      }
    },
    {
      "type": "Feature",
      "geometry": {
        "type": "Point",
        "coordinates": [
          92.7141905,
          23.74182634
        ]
      },
      "properties": {
        "date": "09/13/2010 12:00:00 AM",
        "location": "Hunthar Veng, Mizoram",
        "state": "Mizoram",
        "deaths": 0,
        "trigger": "downpour",
        "type": "landslide",
        "source": "NASA GLC",
        "severity": "medium"
      }
    },
    {
      "type": "Feature",
      "geometry": {
        "type": "Point",
        "coordinates": [
          91.7174,
          23.0137
        ]
      },
      "properties": {
        "date": "08/14/2014 11:00:00 PM",
        "location": "Sabroom",
        "state": "Tripura",
        "deaths": 0,
        "trigger": "downpour",
        "type": "mudslide",
        "source": "NASA GLC",
        "severity": "medium"
      }
    },
    {
      "type": "Feature",
      "geometry": {
        "type": "Point",
        "coordinates": [
          75.247,
          33.245
        ]
      },
      "properties": {
        "date": "12/20/2008 12:00:00 AM",
        "location": "Panthal in Ramban district, National Highway 1; 174 km from Jammu",
        "state": "Kashmir",
        "deaths": 0,
        "trigger": "rain",
        "type": "landslide",
        "source": "NASA GLC",
        "severity": "medium"
      }
    },
    {
      "type": "Feature",
      "geometry": {
        "type": "Point",
        "coordinates": [
          88.7628,
          27.3765
        ]
      },
      "properties": {
        "date": "06/27/2013 11:00:00 PM",
        "location": "Near Changu Lake, 15Km Away From Nathu La, On India-China Border In Eastern Sikkim",
        "state": "Sikkim",
        "deaths": 0,
        "trigger": "downpour",
        "type": "landslide",
        "source": "NASA GLC",
        "severity": "medium"
      }
    },
    {
      "type": "Feature",
      "geometry": {
        "type": "Point",
        "coordinates": [
          74.7362,
          34.6507
        ]
      },
      "properties": {
        "date": "03/19/2012 11:00:00 PM",
        "location": "Gurez, Kashmir",
        "state": "Kashmir",
        "deaths": 0,
        "trigger": "rain",
        "type": "rock_fall",
        "source": "NASA GLC",
        "severity": "medium"
      }
    },
    {
      "type": "Feature",
      "geometry": {
        "type": "Point",
        "coordinates": [
          76.9371,
          9.4237
        ]
      },
      "properties": {
        "date": "08/06/2011 12:00:00 AM",
        "location": "Pallippady in Koruthode panchayat, Cholathadam in Poonjar Thekkekkara Pallippady in Koruthode panchayat and Cholathadam in Poonjar Thekkekkara panchayat",
        "state": "Kerala",
        "deaths": 0,
        "trigger": "downpour",
        "type": "landslide",
        "source": "NASA GLC",
        "severity": "medium"
      }
    },
    {
      "type": "Feature",
      "geometry": {
        "type": "Point",
        "coordinates": [
          94.9152,
          26.222
        ]
      },
      "properties": {
        "date": "08/14/2010 12:00:00 AM",
        "location": "Noklak-Tuensang road, Nagaland",
        "state": "N\u0101g\u0101land",
        "deaths": 0,
        "trigger": "downpour",
        "type": "landslide",
        "source": "NASA GLC",
        "severity": "medium"
      }
    },
    {
      "type": "Feature",
      "geometry": {
        "type": "Point",
        "coordinates": [
          94.5163,
          26.0137
        ]
      },
      "properties": {
        "date": "08/04/2013 12:00:00 AM",
        "location": "Zunheboto, Nagaland",
        "state": "N\u0101g\u0101land",
        "deaths": 0,
        "trigger": "continuous_rain",
        "type": "landslide",
        "source": "NASA GLC",
        "severity": "medium"
      }
    },
    {
      "type": "Feature",
      "geometry": {
        "type": "Point",
        "coordinates": [
          73.1822,
          18.5158
        ]
      },
      "properties": {
        "date": "05/07/2014 05:30:00 PM",
        "location": "Raigad District, Maharashtra",
        "state": "Maharashtra",
        "deaths": 0,
        "trigger": "rain",
        "type": "landslide",
        "source": "NASA GLC",
        "severity": "small"
      }
    },
    {
      "type": "Feature",
      "geometry": {
        "type": "Point",
        "coordinates": [
          73.703,
          24.1965
        ]
      },
      "properties": {
        "date": "09/11/2014 12:00:00 AM",
        "location": "Parsad on NH-8",
        "state": "Rajasthan",
        "deaths": 0,
        "trigger": "continuous_rain",
        "type": "landslide",
        "source": "NASA GLC",
        "severity": "medium"
      }
    },
    {
      "type": "Feature",
      "geometry": {
        "type": "Point",
        "coordinates": [
          91.7645,
          26.1407
        ]
      },
      "properties": {
        "date": "06/26/2014 11:00:00 PM",
        "location": "Narakasur",
        "state": "Assam",
        "deaths": 0,
        "trigger": "continuous_rain",
        "type": "landslide",
        "source": "NASA GLC",
        "severity": "small"
      }
    },
    {
      "type": "Feature",
      "geometry": {
        "type": "Point",
        "coordinates": [
          93.117,
          24.808
        ]
      },
      "properties": {
        "date": "09/06/2011 08:00:00 AM",
        "location": "NH 37 at Awang Khul\u00a0",
        "state": "Assam",
        "deaths": 0,
        "trigger": "rain",
        "type": "landslide",
        "source": "NASA GLC",
        "severity": "medium"
      }
    },
    {
      "type": "Feature",
      "geometry": {
        "type": "Point",
        "coordinates": [
          74.6326,
          33.6549
        ]
      },
      "properties": {
        "date": "10/22/2008 12:00:00 AM",
        "location": "Mughal Road at Lal Ghulam Pahari (25 km from Shopian)",
        "state": "Kashmir",
        "deaths": 0,
        "trigger": "downpour",
        "type": "landslide",
        "source": "NASA GLC",
        "severity": "medium"
      }
    },
    {
      "type": "Feature",
      "geometry": {
        "type": "Point",
        "coordinates": [
          77.312,
          8.2117
        ]
      },
      "properties": {
        "date": "05/20/2016 01:10:00 AM",
        "location": "Eraniel station,  Kanyakumari district, India",
        "state": "Tamil Nadu",
        "deaths": 0,
        "trigger": "unknown",
        "type": "landslide",
        "source": "NASA GLC",
        "severity": "small"
      }
    },
    {
      "type": "Feature",
      "geometry": {
        "type": "Point",
        "coordinates": [
          85.3492,
          24.544
        ]
      },
      "properties": {
        "date": "08/09/2014 08:00:00 AM",
        "location": "Baskatwa in Gaya district",
        "state": "Bihar",
        "deaths": 0,
        "trigger": "unknown",
        "type": "rock_fall",
        "source": "NASA GLC",
        "severity": "medium"
      }
    },
    {
      "type": "Feature",
      "geometry": {
        "type": "Point",
        "coordinates": [
          73.8093,
          15.6019
        ]
      },
      "properties": {
        "date": "07/12/2016 12:00:00 AM",
        "location": "Gaunsawaddo, Mapusa, Goa, India",
        "state": "Goa",
        "deaths": 0,
        "trigger": "monsoon",
        "type": "landslide",
        "source": "NASA GLC",
        "severity": "small"
      }
    },
    {
      "type": "Feature",
      "geometry": {
        "type": "Point",
        "coordinates": [
          79.5566,
          30.6521
        ]
      },
      "properties": {
        "date": "08/08/2011 12:00:00 AM",
        "location": "Govindghat, on the Rishikesh-Badrinath highway",
        "state": "Uttarakhand",
        "deaths": 0,
        "trigger": "downpour",
        "type": "landslide",
        "source": "NASA GLC",
        "severity": "medium"
      }
    },
    {
      "type": "Feature",
      "geometry": {
        "type": "Point",
        "coordinates": [
          88.40011959,
          26.74452462
        ]
      },
      "properties": {
        "date": "08/16/2009 09:00:00 AM",
        "location": "near the Rohini-Sirubari road",
        "state": "Bengal",
        "deaths": 0,
        "trigger": "downpour",
        "type": "landslide",
        "source": "NASA GLC",
        "severity": "medium"
      }
    },
    {
      "type": "Feature",
      "geometry": {
        "type": "Point",
        "coordinates": [
          88.4575,
          27.1344
        ]
      },
      "properties": {
        "date": "08/20/2009 12:00:00 AM",
        "location": "Melli Chalisey, Sikkim",
        "state": "Bengal",
        "deaths": 0,
        "trigger": "downpour",
        "type": "landslide",
        "source": "NASA GLC",
        "severity": "medium"
      }
    },
    {
      "type": "Feature",
      "geometry": {
        "type": "Point",
        "coordinates": [
          88.2746,
          25.4243
        ]
      },
      "properties": {
        "date": "06/30/2015 12:00:00 AM",
        "location": "Mahindra",
        "state": "West Bengal",
        "deaths": 0,
        "trigger": "downpour",
        "type": "landslide",
        "source": "NASA GLC",
        "severity": "medium"
      }
    },
    {
      "type": "Feature",
      "geometry": {
        "type": "Point",
        "coordinates": [
          90.215,
          25.5114
        ]
      },
      "properties": {
        "date": "06/16/2015 06:15:00 AM",
        "location": "Nakham Bazaar, Tura, Meghalaya",
        "state": "Meghalaya",
        "deaths": 0,
        "trigger": "downpour",
        "type": "landslide",
        "source": "NASA GLC",
        "severity": "medium"
      }
    },
    {
      "type": "Feature",
      "geometry": {
        "type": "Point",
        "coordinates": [
          94.7861,
          25.8877
        ]
      },
      "properties": {
        "date": "07/06/2010 12:00:00 AM",
        "location": "Kiphire,  Nagaland",
        "state": "N\u0101g\u0101land",
        "deaths": 0,
        "trigger": "monsoon",
        "type": "mudslide",
        "source": "NASA GLC",
        "severity": "medium"
      }
    },
    {
      "type": "Feature",
      "geometry": {
        "type": "Point",
        "coordinates": [
          94.1072,
          25.6623
        ]
      },
      "properties": {
        "date": "10/10/2010 06:00:00 AM",
        "location": "Lower Chandmari area, PWD department, Kohima, Manipur",
        "state": "N\u0101g\u0101land",
        "deaths": 0,
        "trigger": "downpour",
        "type": "landslide",
        "source": "NASA GLC",
        "severity": "medium"
      }
    },
    {
      "type": "Feature",
      "geometry": {
        "type": "Point",
        "coordinates": [
          91.3681,
          25.9611
        ]
      },
      "properties": {
        "date": "07/07/2016 12:00:00 AM",
        "location": "Kamrup district, Assam, India",
        "state": "Assam",
        "deaths": 0,
        "trigger": "continuous_rain",
        "type": "landslide",
        "source": "NASA GLC",
        "severity": "medium"
      }
    },
    {
      "type": "Feature",
      "geometry": {
        "type": "Point",
        "coordinates": [
          77.0309,
          9.9995
        ]
      },
      "properties": {
        "date": "08/04/2013 11:00:00 PM",
        "location": "Kunjuthanni, Idukki, Kerala",
        "state": "Kerala",
        "deaths": 0,
        "trigger": "monsoon",
        "type": "landslide",
        "source": "NASA GLC",
        "severity": "medium"
      }
    },
    {
      "type": "Feature",
      "geometry": {
        "type": "Point",
        "coordinates": [
          73.1742,
          17.5861
        ]
      },
      "properties": {
        "date": "06/22/2015 03:30:00 AM",
        "location": "Dabhol village of Maharashtra's\u00a0Ratnagiri\u00a0district",
        "state": "Maharashtra",
        "deaths": 0,
        "trigger": "downpour",
        "type": "landslide",
        "source": "NASA GLC",
        "severity": "medium"
      }
    },
    {
      "type": "Feature",
      "geometry": {
        "type": "Point",
        "coordinates": [
          93.9161,
          24.7339
        ]
      },
      "properties": {
        "date": "03/27/2010 08:00:00 PM",
        "location": "LangthAbal Khoupum, Imphal, Manipur",
        "state": "Manipur",
        "deaths": 0,
        "trigger": "downpour",
        "type": "mudslide",
        "source": "NASA GLC",
        "severity": "medium"
      }
    },
    {
      "type": "Feature",
      "geometry": {
        "type": "Point",
        "coordinates": [
          78.3449,
          30.6014
        ]
      },
      "properties": {
        "date": "08/13/2013 08:00:00 AM",
        "location": "Kot Village Of Tehri District,\u00a0Uttarakhand",
        "state": "Uttarakhand",
        "deaths": 0,
        "trigger": "downpour",
        "type": "landslide",
        "source": "NASA GLC",
        "severity": "medium"
      }
    },
    {
      "type": "Feature",
      "geometry": {
        "type": "Point",
        "coordinates": [
          76.635,
          10.0604
        ]
      },
      "properties": {
        "date": "08/17/2012 03:30:00 PM",
        "location": "Ernakulam, Kerala (Monsoon)",
        "state": "Kerala",
        "deaths": 0,
        "trigger": "downpour",
        "type": "landslide",
        "source": "NASA GLC",
        "severity": "large"
      }
    },
    {
      "type": "Feature",
      "geometry": {
        "type": "Point",
        "coordinates": [
          78.4347,
          30.7314
        ]
      },
      "properties": {
        "date": "07/18/2013 12:00:00 AM",
        "location": "Netali Maneri Marg, Uttarkashi District, Uttarakhand",
        "state": "Uttarakhand",
        "deaths": 0,
        "trigger": "downpour",
        "type": "debris_flow",
        "source": "NASA GLC",
        "severity": "small"
      }
    },
    {
      "type": "Feature",
      "geometry": {
        "type": "Point",
        "coordinates": [
          91.7665,
          26.1978
        ]
      },
      "properties": {
        "date": "04/20/2010 12:00:00 AM",
        "location": "Raj Bhavan Guwahati, Assam",
        "state": "Assam",
        "deaths": 0,
        "trigger": "downpour",
        "type": "landslide",
        "source": "NASA GLC",
        "severity": "medium"
      }
    },
    {
      "type": "Feature",
      "geometry": {
        "type": "Point",
        "coordinates": [
          75.452,
          13.986
        ]
      },
      "properties": {
        "date": "08/12/2008 11:00:00 PM",
        "location": "Ayanur near Neriya, Karnataka",
        "state": "Karnataka",
        "deaths": 0,
        "trigger": "downpour",
        "type": "landslide",
        "source": "NASA GLC",
        "severity": "large"
      }
    },
    {
      "type": "Feature",
      "geometry": {
        "type": "Point",
        "coordinates": [
          94.3551,
          24.819
        ]
      },
      "properties": {
        "date": "07/31/2015 09:00:00 AM",
        "location": "Phungyar road",
        "state": "Manipur",
        "deaths": 0,
        "trigger": "continuous_rain",
        "type": "landslide",
        "source": "NASA GLC",
        "severity": "medium"
      }
    },
    {
      "type": "Feature",
      "geometry": {
        "type": "Point",
        "coordinates": [
          79.2293,
          30.4749
        ]
      },
      "properties": {
        "date": "02/23/2011 12:00:00 AM",
        "location": "Rishikesh-Badrinath national highway to Rudraprayag, Chamoli, and Badrinath, Uttarakhand",
        "state": "Uttarakhand",
        "deaths": 0,
        "trigger": "downpour",
        "type": "landslide",
        "source": "NASA GLC",
        "severity": "medium"
      }
    },
    {
      "type": "Feature",
      "geometry": {
        "type": "Point",
        "coordinates": [
          78.1723,
          29.9121
        ]
      },
      "properties": {
        "date": "08/12/2011 12:00:00 AM",
        "location": "The Chardham yatra, shrines of Badrinath, Kedarnath, Gangotri, and Yamunotri",
        "state": "Uttarakhand",
        "deaths": 0,
        "trigger": "rain",
        "type": "landslide",
        "source": "NASA GLC",
        "severity": "medium"
      }
    },
    {
      "type": "Feature",
      "geometry": {
        "type": "Point",
        "coordinates": [
          92.2121,
          25.463
        ]
      },
      "properties": {
        "date": "06/13/2015 12:00:00 AM",
        "location": "Ratacherra village along the NH-44 connecting to Barak Valley in Assam and Tripura, Meghalaya, Mizoramon",
        "state": "Meghalaya",
        "deaths": 0,
        "trigger": "continuous_rain",
        "type": "landslide",
        "source": "NASA GLC",
        "severity": "medium"
      }
    },
    {
      "type": "Feature",
      "geometry": {
        "type": "Point",
        "coordinates": [
          94.4759,
          24.9111
        ]
      },
      "properties": {
        "date": "08/01/2015 12:00:00 AM",
        "location": "between Maku village and Kamjong sub division",
        "state": "Manipur",
        "deaths": 0,
        "trigger": "continuous_rain",
        "type": "landslide",
        "source": "NASA GLC",
        "severity": "medium"
      }
    },
    {
      "type": "Feature",
      "geometry": {
        "type": "Point",
        "coordinates": [
          73.9551,
          15.7067
        ]
      },
      "properties": {
        "date": "08/07/2011 12:00:00 AM",
        "location": "Rishikesh- Gangotri national highway in Maneri area of Uttarkashi district",
        "state": "Goa",
        "deaths": 0,
        "trigger": "downpour",
        "type": "landslide",
        "source": "NASA GLC",
        "severity": "medium"
      }
    },
    {
      "type": "Feature",
      "geometry": {
        "type": "Point",
        "coordinates": [
          95.2253,
          27.8458
        ]
      },
      "properties": {
        "date": "09/19/2012 12:00:00 AM",
        "location": "\u00a0Arunachal Pradesh\u00a0",
        "state": "Arun\u0101chal Pradesh",
        "deaths": 0,
        "trigger": "downpour",
        "type": "landslide",
        "source": "NASA GLC",
        "severity": "medium"
      }
    },
    {
      "type": "Feature",
      "geometry": {
        "type": "Point",
        "coordinates": [
          75.21320384,
          33.33280503
        ]
      },
      "properties": {
        "date": "02/03/2008 12:00:00 AM",
        "location": "along Sringar Jammu highway between Panthial and Nachlana",
        "state": "Kashmir",
        "deaths": 0,
        "trigger": "downpour",
        "type": "landslide",
        "source": "NASA GLC",
        "severity": "medium"
      }
    },
    {
      "type": "Feature",
      "geometry": {
        "type": "Point",
        "coordinates": [
          83.0394,
          18.2807
        ]
      },
      "properties": {
        "date": "08/25/2013 03:00:00 PM",
        "location": "Borra Caves, Andhra Pradesh",
        "state": "Andhra Pradesh",
        "deaths": 0,
        "trigger": "other",
        "type": "rock_fall",
        "source": "NASA GLC",
        "severity": "small"
      }
    },
    {
      "type": "Feature",
      "geometry": {
        "type": "Point",
        "coordinates": [
          72.8974,
          19.0997
        ]
      },
      "properties": {
        "date": "08/17/2010 01:00:00 PM",
        "location": "Rajeev Nagar(?) or Narayan Nagar, Asalfa village, between Ghatkopar and Saki Naka area, somewhere near Lal Bahadur Shastri, Andheri Suburb. Mumbai urban center, ",
        "state": "Maharashtra",
        "deaths": 0,
        "trigger": "downpour",
        "type": "landslide",
        "source": "NASA GLC",
        "severity": "medium"
      }
    },
    {
      "type": "Feature",
      "geometry": {
        "type": "Point",
        "coordinates": [
          91.7599,
          23.8986
        ]
      },
      "properties": {
        "date": "06/03/2010 12:00:00 AM",
        "location": "atharamura hills, Highway 44, Tripura",
        "state": "Tripura",
        "deaths": 0,
        "trigger": "downpour",
        "type": "landslide",
        "source": "NASA GLC",
        "severity": "medium"
      }
    },
    {
      "type": "Feature",
      "geometry": {
        "type": "Point",
        "coordinates": [
          77.1179,
          31.944
        ]
      },
      "properties": {
        "date": "09/20/2010 12:00:00 AM",
        "location": "Kullu village(or district?) below agricultural lands, Himachal Pradesh",
        "state": "Himachal Pradesh",
        "deaths": 0,
        "trigger": "downpour",
        "type": "landslide",
        "source": "NASA GLC",
        "severity": "medium"
      }
    },
    {
      "type": "Feature",
      "geometry": {
        "type": "Point",
        "coordinates": [
          74.8288,
          33.1253
        ]
      },
      "properties": {
        "date": "09/03/2014 12:00:00 AM",
        "location": "Kala Zar in Reasi district",
        "state": "Kashmir",
        "deaths": 0,
        "trigger": "downpour",
        "type": "landslide",
        "source": "NASA GLC",
        "severity": "medium"
      }
    },
    {
      "type": "Feature",
      "geometry": {
        "type": "Point",
        "coordinates": [
          74.839,
          33.0716
        ]
      },
      "properties": {
        "date": "08/07/2016 12:00:00 AM",
        "location": "Reasi",
        "state": "Kashmir",
        "deaths": 0,
        "trigger": "continuous_rain",
        "type": "landslide",
        "source": "NASA GLC",
        "severity": "medium"
      }
    },
    {
      "type": "Feature",
      "geometry": {
        "type": "Point",
        "coordinates": [
          74.0241,
          34.0893
        ]
      },
      "properties": {
        "date": "05/12/2014 12:00:00 AM",
        "location": "Srinagar Muzafarabad Road",
        "state": "Kashmir",
        "deaths": 0,
        "trigger": "rain",
        "type": "landslide",
        "source": "NASA GLC",
        "severity": "small"
      }
    },
    {
      "type": "Feature",
      "geometry": {
        "type": "Point",
        "coordinates": [
          93.8673,
          25.5265
        ]
      },
      "properties": {
        "date": "10/09/2010 12:00:00 AM",
        "location": "NH-39 near Khongnem(?) village, between Imphal and Dimapur, Manipur",
        "state": "N\u0101g\u0101land",
        "deaths": 0,
        "trigger": "downpour",
        "type": "landslide",
        "source": "NASA GLC",
        "severity": "medium"
      }
    },
    {
      "type": "Feature",
      "geometry": {
        "type": "Point",
        "coordinates": [
          78.9228,
          30.2524
        ]
      },
      "properties": {
        "date": "06/24/2013 10:00:00 PM",
        "location": "Sirobhgarh Bend, Srinagar-Rudraprayag Highway, Uttarakhand, Northern India",
        "state": "Uttarakhand",
        "deaths": 0,
        "trigger": "downpour",
        "type": "landslide",
        "source": "NASA GLC",
        "severity": "medium"
      }
    },
    {
      "type": "Feature",
      "geometry": {
        "type": "Point",
        "coordinates": [
          77.1495,
          32.0987
        ]
      },
      "properties": {
        "date": "09/06/2010 12:00:00 AM",
        "location": "road to Manali, Himachal Pradesh",
        "state": "Himachal Pradesh",
        "deaths": 0,
        "trigger": "downpour",
        "type": "landslide",
        "source": "NASA GLC",
        "severity": "medium"
      }
    },
    {
      "type": "Feature",
      "geometry": {
        "type": "Point",
        "coordinates": [
          80.2119,
          12.9746
        ]
      },
      "properties": {
        "date": "11/14/2015 12:00:00 AM",
        "location": "Padmavathy Nagar in West Velachery",
        "state": "Tamil Nadu",
        "deaths": 0,
        "trigger": "rain",
        "type": "landslide",
        "source": "NASA GLC",
        "severity": "medium"
      }
    },
    {
      "type": "Feature",
      "geometry": {
        "type": "Point",
        "coordinates": [
          78.7753,
          30.15
        ]
      },
      "properties": {
        "date": "06/30/2011 12:00:00 AM",
        "location": "Pauri-Safdarkhal road, blocked at Khundadhar",
        "state": "Uttarakhand",
        "deaths": 0,
        "trigger": "downpour",
        "type": "landslide",
        "source": "NASA GLC",
        "severity": "medium"
      }
    },
    {
      "type": "Feature",
      "geometry": {
        "type": "Point",
        "coordinates": [
          75.5469,
          33.1445
        ]
      },
      "properties": {
        "date": "04/03/2015 12:00:00 AM",
        "location": "Diwalkund in Dessa belt of Doda district",
        "state": "Kashmir",
        "deaths": 0,
        "trigger": "continuous_rain",
        "type": "landslide",
        "source": "NASA GLC",
        "severity": "medium"
      }
    },
    {
      "type": "Feature",
      "geometry": {
        "type": "Point",
        "coordinates": [
          91.8717,
          26.1062
        ]
      },
      "properties": {
        "date": "07/25/2015 09:00:00 AM",
        "location": "nan",
        "state": "Assam",
        "deaths": 0,
        "trigger": "continuous_rain",
        "type": "landslide",
        "source": "NASA GLC",
        "severity": "medium"
      }
    },
    {
      "type": "Feature",
      "geometry": {
        "type": "Point",
        "coordinates": [
          78.623,
          30.796
        ]
      },
      "properties": {
        "date": "09/04/2010 12:00:00 AM",
        "location": "Karmkund(?), on Rishikesh-Gangotri hwy",
        "state": "Uttarakhand",
        "deaths": 0,
        "trigger": "downpour",
        "type": "landslide",
        "source": "NASA GLC",
        "severity": "medium"
      }
    },
    {
      "type": "Feature",
      "geometry": {
        "type": "Point",
        "coordinates": [
          74.88548779,
          12.89163444
        ]
      },
      "properties": {
        "date": "06/25/2010 12:00:00 AM",
        "location": "tracks near Kulshekar, between Padil and Thokur, Mangalore to Mumbai",
        "state": "Karnataka",
        "deaths": 0,
        "trigger": "downpour",
        "type": "landslide",
        "source": "NASA GLC",
        "severity": "medium"
      }
    },
    {
      "type": "Feature",
      "geometry": {
        "type": "Point",
        "coordinates": [
          77.1043,
          31.6865
        ]
      },
      "properties": {
        "date": "07/31/2016 11:00:00 PM",
        "location": "Hanogi on the Mandi-Kullu National Highway (NH-21), Himachal Pradesh, India",
        "state": "Himachal Pradesh",
        "deaths": 0,
        "trigger": "rain",
        "type": "landslide",
        "source": "NASA GLC",
        "severity": "medium"
      }
    },
    {
      "type": "Feature",
      "geometry": {
        "type": "Point",
        "coordinates": [
          77.1727,
          31.1054
        ]
      },
      "properties": {
        "date": "07/25/2010 12:00:00 AM",
        "location": "Ruldu Bhatta locality near Lakkar Bazaar",
        "state": "Himachal Pradesh",
        "deaths": 0,
        "trigger": "downpour",
        "type": "landslide",
        "source": "NASA GLC",
        "severity": "medium"
      }
    },
    {
      "type": "Feature",
      "geometry": {
        "type": "Point",
        "coordinates": [
          78.3276,
          30.9206
        ]
      },
      "properties": {
        "date": "05/31/2011 12:00:00 AM",
        "location": "road to Yamunotri shrine, Uttarakashi",
        "state": "Uttarakhand",
        "deaths": 0,
        "trigger": "rain",
        "type": "landslide",
        "source": "NASA GLC",
        "severity": "medium"
      }
    },
    {
      "type": "Feature",
      "geometry": {
        "type": "Point",
        "coordinates": [
          94.1399,
          25.4788
        ]
      },
      "properties": {
        "date": "10/09/2010 12:00:00 AM",
        "location": "NH-39 at Tobio village(?), 7 km form Tadubi, Manipur",
        "state": "N\u0101g\u0101land",
        "deaths": 0,
        "trigger": "downpour",
        "type": "landslide",
        "source": "NASA GLC",
        "severity": "medium"
      }
    },
    {
      "type": "Feature",
      "geometry": {
        "type": "Point",
        "coordinates": [
          74.7756,
          33.1078
        ]
      },
      "properties": {
        "date": "08/06/2015 12:00:00 AM",
        "location": "the cave shrine located in Trikuta Hills of Reasi district",
        "state": "Kashmir",
        "deaths": 0,
        "trigger": "unknown",
        "type": "landslide",
        "source": "NASA GLC",
        "severity": "medium"
      }
    },
    {
      "type": "Feature",
      "geometry": {
        "type": "Point",
        "coordinates": [
          77.17798485,
          31.10587659
        ]
      },
      "properties": {
        "date": "07/12/2011 12:00:00 AM",
        "location": "the Ridge in downtown Shimla",
        "state": "Himachal Pradesh",
        "deaths": 0,
        "trigger": "downpour",
        "type": "landslide",
        "source": "NASA GLC",
        "severity": "small"
      }
    },
    {
      "type": "Feature",
      "geometry": {
        "type": "Point",
        "coordinates": [
          77.1209,
          31.6817
        ]
      },
      "properties": {
        "date": "12/07/2015 12:00:00 AM",
        "location": "Hanogi",
        "state": "Himachal Pradesh",
        "deaths": 0,
        "trigger": "unknown",
        "type": "rock_fall",
        "source": "NASA GLC",
        "severity": "medium"
      }
    },
    {
      "type": "Feature",
      "geometry": {
        "type": "Point",
        "coordinates": [
          74.8556,
          32.7327
        ]
      },
      "properties": {
        "date": "08/11/2011 12:00:00 AM",
        "location": "Jammu-Srinagar National Highway in Jammu City",
        "state": "Kashmir",
        "deaths": 0,
        "trigger": "downpour",
        "type": "landslide",
        "source": "NASA GLC",
        "severity": "medium"
      }
    },
    {
      "type": "Feature",
      "geometry": {
        "type": "Point",
        "coordinates": [
          88.1365,
          27.2644
        ]
      },
      "properties": {
        "date": "08/19/2009 08:30:00 PM",
        "location": "Sombaria, West Sikkim",
        "state": "nan",
        "deaths": 0,
        "trigger": "downpour",
        "type": "landslide",
        "source": "NASA GLC",
        "severity": "medium"
      }
    },
    {
      "type": "Feature",
      "geometry": {
        "type": "Point",
        "coordinates": [
          74.1011,
          33.7732
        ]
      },
      "properties": {
        "date": "03/15/2015 12:00:00 AM",
        "location": "Poonch district",
        "state": "Kashmir",
        "deaths": 0,
        "trigger": "rain",
        "type": "mudslide",
        "source": "NASA GLC",
        "severity": "medium"
      }
    },
    {
      "type": "Feature",
      "geometry": {
        "type": "Point",
        "coordinates": [
          80.553,
          29.8521
        ]
      },
      "properties": {
        "date": "10/04/2016 12:00:00 AM",
        "location": "Mahakali river at Bangabagad",
        "state": "Uttarakhand",
        "deaths": 0,
        "trigger": "unknown",
        "type": "rock_fall",
        "source": "NASA GLC",
        "severity": "medium"
      }
    },
    {
      "type": "Feature",
      "geometry": {
        "type": "Point",
        "coordinates": [
          88.264,
          27.04
        ]
      },
      "properties": {
        "date": "07/22/2009 12:00:00 AM",
        "location": "Darjeeling, West Bengal ",
        "state": "Bengal",
        "deaths": 0,
        "trigger": "downpour",
        "type": "landslide",
        "source": "NASA GLC",
        "severity": "medium"
      }
    },
    {
      "type": "Feature",
      "geometry": {
        "type": "Point",
        "coordinates": [
          90.0896,
          25.5006
        ]
      },
      "properties": {
        "date": "10/20/2014 12:00:00 AM",
        "location": "South West Garo Hills",
        "state": "Meghalaya",
        "deaths": 0,
        "trigger": "rain",
        "type": "landslide",
        "source": "NASA GLC",
        "severity": "medium"
      }
    },
    {
      "type": "Feature",
      "geometry": {
        "type": "Point",
        "coordinates": [
          79.3286,
          30.3056
        ]
      },
      "properties": {
        "date": "07/24/2013 12:00:00 AM",
        "location": "Tefana, Uttarakhand",
        "state": "Uttarakhand",
        "deaths": 0,
        "trigger": "downpour",
        "type": "landslide",
        "source": "NASA GLC",
        "severity": "medium"
      }
    },
    {
      "type": "Feature",
      "geometry": {
        "type": "Point",
        "coordinates": [
          79.5371,
          29.2484
        ]
      },
      "properties": {
        "date": "09/18/2010 12:00:00 AM",
        "location": "Nainital district, Uttarakhand",
        "state": "Uttarakhand",
        "deaths": 0,
        "trigger": "downpour",
        "type": "landslide",
        "source": "NASA GLC",
        "severity": "medium"
      }
    },
    {
      "type": "Feature",
      "geometry": {
        "type": "Point",
        "coordinates": [
          91.7138,
          26.1662
        ]
      },
      "properties": {
        "date": "05/11/2013 09:00:00 AM",
        "location": "Nursery, North Guwahati, Guwahati, Assam,",
        "state": "Assam",
        "deaths": 0,
        "trigger": "rain",
        "type": "landslide",
        "source": "NASA GLC",
        "severity": "medium"
      }
    },
    {
      "type": "Feature",
      "geometry": {
        "type": "Point",
        "coordinates": [
          73.9434,
          15.5935
        ]
      },
      "properties": {
        "date": "06/14/2011 08:00:00 AM",
        "location": "Narvem-Pilgao Road, Bicholim",
        "state": "Goa",
        "deaths": 0,
        "trigger": "downpour",
        "type": "landslide",
        "source": "NASA GLC",
        "severity": "medium"
      }
    },
    {
      "type": "Feature",
      "geometry": {
        "type": "Point",
        "coordinates": [
          94.5234,
          25.8376
        ]
      },
      "properties": {
        "date": "08/04/2013 12:00:00 AM",
        "location": "Tizu, Nagaland",
        "state": "N\u0101g\u0101land",
        "deaths": 0,
        "trigger": "continuous_rain",
        "type": "landslide",
        "source": "NASA GLC",
        "severity": "medium"
      }
    },
    {
      "type": "Feature",
      "geometry": {
        "type": "Point",
        "coordinates": [
          94.4619,
          26.0481
        ]
      },
      "properties": {
        "date": "08/04/2013 12:00:00 AM",
        "location": "Phizo, Nagaland",
        "state": "N\u0101g\u0101land",
        "deaths": 0,
        "trigger": "continuous_rain",
        "type": "landslide",
        "source": "NASA GLC",
        "severity": "medium"
      }
    },
    {
      "type": "Feature",
      "geometry": {
        "type": "Point",
        "coordinates": [
          85.6285,
          24.6997
        ]
      },
      "properties": {
        "date": "06/05/2016 11:00:00 PM",
        "location": "Kakolat Falls, Rajauli Sub-division, India",
        "state": "Bihar",
        "deaths": 0,
        "trigger": "downpour",
        "type": "rock_fall",
        "source": "NASA GLC",
        "severity": "medium"
      }
    },
    {
      "type": "Feature",
      "geometry": {
        "type": "Point",
        "coordinates": [
          91.8342,
          26.1324
        ]
      },
      "properties": {
        "date": "09/22/2014 12:00:00 AM",
        "location": "Batahghuli",
        "state": "Assam",
        "deaths": 0,
        "trigger": "rain",
        "type": "landslide",
        "source": "NASA GLC",
        "severity": "small"
      }
    },
    {
      "type": "Feature",
      "geometry": {
        "type": "Point",
        "coordinates": [
          75.2257,
          33.2451
        ]
      },
      "properties": {
        "date": "08/06/2007 12:00:00 AM",
        "location": "Srinagar-Jammu Highway, R\u0101mban District",
        "state": "Kashmir",
        "deaths": 0,
        "trigger": "rain",
        "type": "landslide",
        "source": "NASA GLC",
        "severity": "medium"
      }
    },
    {
      "type": "Feature",
      "geometry": {
        "type": "Point",
        "coordinates": [
          77.4153,
          31.4161
        ]
      },
      "properties": {
        "date": "09/19/2010 12:00:00 AM",
        "location": "Karsog-Rampur rd, Himachal Pradesh",
        "state": "Himachal Pradesh",
        "deaths": 0,
        "trigger": "downpour",
        "type": "landslide",
        "source": "NASA GLC",
        "severity": "medium"
      }
    },
    {
      "type": "Feature",
      "geometry": {
        "type": "Point",
        "coordinates": [
          77.1963,
          8.3295
        ]
      },
      "properties": {
        "date": "12/09/2010 11:00:00 PM",
        "location": "Kuzhithura-Erannial(Erani)(?) section of Nagercoil-Thiruvananthapuram railway",
        "state": "Tamil Nadu",
        "deaths": 0,
        "trigger": "downpour",
        "type": "landslide",
        "source": "NASA GLC",
        "severity": "medium"
      }
    },
    {
      "type": "Feature",
      "geometry": {
        "type": "Point",
        "coordinates": [
          79.3351,
          30.4068
        ]
      },
      "properties": {
        "date": "08/05/2010 08:00:00 AM",
        "location": "Basantpur or Gouchar village (two conflicting sources), Chamoli district",
        "state": "Uttarakhand",
        "deaths": 0,
        "trigger": "downpour",
        "type": "landslide",
        "source": "NASA GLC",
        "severity": "medium"
      }
    },
    {
      "type": "Feature",
      "geometry": {
        "type": "Point",
        "coordinates": [
          74.9426,
          33.0086
        ]
      },
      "properties": {
        "date": "09/04/2014 12:00:00 AM",
        "location": "Adhkuwari",
        "state": "Kashmir",
        "deaths": 0,
        "trigger": "downpour",
        "type": "rock_fall",
        "source": "NASA GLC",
        "severity": "small"
      }
    },
    {
      "type": "Feature",
      "geometry": {
        "type": "Point",
        "coordinates": [
          88.6458,
          27.1748
        ]
      },
      "properties": {
        "date": "06/07/2012 04:30:00 AM",
        "location": "Rolep, South Sikkim( Mapping to Rhenock 12 miles from Rolep)",
        "state": "Sikkim",
        "deaths": 0,
        "trigger": "rain",
        "type": "landslide",
        "source": "NASA GLC",
        "severity": "large"
      }
    },
    {
      "type": "Feature",
      "geometry": {
        "type": "Point",
        "coordinates": [
          88.4694,
          27.059
        ]
      },
      "properties": {
        "date": "07/15/2014 12:00:00 AM",
        "location": "Kalimpong, West Bengal",
        "state": "West Bengal",
        "deaths": 0,
        "trigger": "rain",
        "type": "landslide",
        "source": "NASA GLC",
        "severity": "small"
      }
    },
    {
      "type": "Feature",
      "geometry": {
        "type": "Point",
        "coordinates": [
          74.2664,
          15.4123
        ]
      },
      "properties": {
        "date": "07/03/2013 02:00:00 AM",
        "location": "Anmod Ghat Road, Goa-Karnataka Border",
        "state": "nan",
        "deaths": 0,
        "trigger": "downpour",
        "type": "landslide",
        "source": "NASA GLC",
        "severity": "medium"
      }
    },
    {
      "type": "Feature",
      "geometry": {
        "type": "Point",
        "coordinates": [
          94.7844,
          25.8702
        ]
      },
      "properties": {
        "date": "07/28/2016 11:00:00 PM",
        "location": "Government Middle School (GMS) Kiphire station \u201cB\u201d, Kiphire, Nagaland, India",
        "state": "Nagaland",
        "deaths": 0,
        "trigger": "downpour",
        "type": "landslide",
        "source": "NASA GLC",
        "severity": "medium"
      }
    },
    {
      "type": "Feature",
      "geometry": {
        "type": "Point",
        "coordinates": [
          94.5224,
          26.0214
        ]
      },
      "properties": {
        "date": "08/19/2015 12:00:00 AM",
        "location": "Zunheboto district",
        "state": "Nagaland",
        "deaths": 0,
        "trigger": "continuous_rain",
        "type": "landslide",
        "source": "NASA GLC",
        "severity": "medium"
      }
    },
    {
      "type": "Feature",
      "geometry": {
        "type": "Point",
        "coordinates": [
          74.856,
          12.9141
        ]
      },
      "properties": {
        "date": "06/27/2011 12:00:00 AM",
        "location": "Karnataka coast, Mangalore",
        "state": "Karnataka",
        "deaths": 0,
        "trigger": "downpour",
        "type": "landslide",
        "source": "NASA GLC",
        "severity": "large"
      }
    },
    {
      "type": "Feature",
      "geometry": {
        "type": "Point",
        "coordinates": [
          80.201,
          29.9964
        ]
      },
      "properties": {
        "date": "07/28/2013 12:00:00 AM",
        "location": "Samkot Village Of Pithoragarhi, Uttarakhand",
        "state": "Uttarakhand",
        "deaths": 0,
        "trigger": "downpour",
        "type": "mudslide",
        "source": "NASA GLC",
        "severity": "small"
      }
    },
    {
      "type": "Feature",
      "geometry": {
        "type": "Point",
        "coordinates": [
          93.4251,
          24.7459
        ]
      },
      "properties": {
        "date": "08/11/2015 12:00:00 AM",
        "location": "Nungba",
        "state": "Manipur",
        "deaths": 0,
        "trigger": "continuous_rain",
        "type": "landslide",
        "source": "NASA GLC",
        "severity": "medium"
      }
    },
    {
      "type": "Feature",
      "geometry": {
        "type": "Point",
        "coordinates": [
          74.2453,
          33.6846
        ]
      },
      "properties": {
        "date": "03/15/2015 06:00:00 PM",
        "location": "Haari village of Poonch district",
        "state": "Kashmir",
        "deaths": 0,
        "trigger": "snowfall_snowmelt",
        "type": "mudslide",
        "source": "NASA GLC",
        "severity": "medium"
      }
    },
    {
      "type": "Feature",
      "geometry": {
        "type": "Point",
        "coordinates": [
          88.28044714,
          26.8867642
        ]
      },
      "properties": {
        "date": "08/16/2009 02:00:00 AM",
        "location": "Kerseong, Sub-division, Siliguri district, West Bengal",
        "state": "Bengal",
        "deaths": 0,
        "trigger": "downpour",
        "type": "landslide",
        "source": "NASA GLC",
        "severity": "medium"
      }
    },
    {
      "type": "Feature",
      "geometry": {
        "type": "Point",
        "coordinates": [
          75.1982,
          33.3041
        ]
      },
      "properties": {
        "date": "10/25/2015 12:00:00 AM",
        "location": "Ramsoo area of Ramban district",
        "state": "Kashmir",
        "deaths": 0,
        "trigger": "downpour",
        "type": "landslide",
        "source": "NASA GLC",
        "severity": "medium"
      }
    },
    {
      "type": "Feature",
      "geometry": {
        "type": "Point",
        "coordinates": [
          73.3678,
          18.7686
        ]
      },
      "properties": {
        "date": "06/22/2015 12:00:00 AM",
        "location": "Mumbai-Pune Expressway near Khandala Tunnel",
        "state": "Maharashtra",
        "deaths": 0,
        "trigger": "monsoon",
        "type": "rock_fall",
        "source": "NASA GLC",
        "severity": "small"
      }
    },
    {
      "type": "Feature",
      "geometry": {
        "type": "Point",
        "coordinates": [
          92.3825,
          25.2568
        ]
      },
      "properties": {
        "date": "08/19/2015 12:00:00 AM",
        "location": "National Highway 44",
        "state": "Meghalaya",
        "deaths": 0,
        "trigger": "rain",
        "type": "landslide",
        "source": "NASA GLC",
        "severity": "medium"
      }
    },
    {
      "type": "Feature",
      "geometry": {
        "type": "Point",
        "coordinates": [
          84.1917,
          19.2046
        ]
      },
      "properties": {
        "date": "10/12/2014 12:00:00 AM",
        "location": "Panikikata hill",
        "state": "Odisha",
        "deaths": 0,
        "trigger": "tropical_cyclone",
        "type": "landslide",
        "source": "NASA GLC",
        "severity": "large"
      }
    },
    {
      "type": "Feature",
      "geometry": {
        "type": "Point",
        "coordinates": [
          76.0539,
          34.6056
        ]
      },
      "properties": {
        "date": "06/25/2015 12:00:00 AM",
        "location": "Srinigar-Ladakh highway",
        "state": "Kashmir",
        "deaths": 0,
        "trigger": "downpour",
        "type": "landslide",
        "source": "NASA GLC",
        "severity": "medium"
      }
    },
    {
      "type": "Feature",
      "geometry": {
        "type": "Point",
        "coordinates": [
          96.9262,
          27.8835
        ]
      },
      "properties": {
        "date": "08/16/2015 12:00:00 AM",
        "location": "Hawai",
        "state": "Arunachal Pradesh",
        "deaths": 0,
        "trigger": "continuous_rain",
        "type": "landslide",
        "source": "NASA GLC",
        "severity": "medium"
      }
    },
    {
      "type": "Feature",
      "geometry": {
        "type": "Point",
        "coordinates": [
          76.3226,
          32.2239
        ]
      },
      "properties": {
        "date": "07/18/2015 12:00:00 AM",
        "location": "Jheol village in Dharamsala subdivision",
        "state": "Himachal Pradesh",
        "deaths": 0,
        "trigger": "monsoon",
        "type": "landslide",
        "source": "NASA GLC",
        "severity": "medium"
      }
    },
    {
      "type": "Feature",
      "geometry": {
        "type": "Point",
        "coordinates": [
          96.5316,
          28.0822
        ]
      },
      "properties": {
        "date": "05/01/2016 12:00:00 AM",
        "location": "Hayuliang, Anjaw district,Arunachal Pradesh, India",
        "state": "Arunachal Pradesh",
        "deaths": 0,
        "trigger": "downpour",
        "type": "landslide",
        "source": "NASA GLC",
        "severity": "medium"
      }
    },
    {
      "type": "Feature",
      "geometry": {
        "type": "Point",
        "coordinates": [
          77.1711,
          10.3018
        ]
      },
      "properties": {
        "date": "11/08/2009 12:00:00 AM",
        "location": "Marayoor in Idukki district, Kerala",
        "state": "Tamil Nadu",
        "deaths": 0,
        "trigger": "downpour",
        "type": "landslide",
        "source": "NASA GLC",
        "severity": "medium"
      }
    },
    {
      "type": "Feature",
      "geometry": {
        "type": "Point",
        "coordinates": [
          91.7056,
          26.1295
        ]
      },
      "properties": {
        "date": "09/22/2014 12:00:00 AM",
        "location": "Dhirenpara",
        "state": "Assam",
        "deaths": 0,
        "trigger": "rain",
        "type": "landslide",
        "source": "NASA GLC",
        "severity": "small"
      }
    },
    {
      "type": "Feature",
      "geometry": {
        "type": "Point",
        "coordinates": [
          76.3369,
          32.2237
        ]
      },
      "properties": {
        "date": "08/08/2014 12:00:00 AM",
        "location": "Chohla",
        "state": "Himachal Pradesh",
        "deaths": 0,
        "trigger": "unknown",
        "type": "landslide",
        "source": "NASA GLC",
        "severity": "medium"
      }
    },
    {
      "type": "Feature",
      "geometry": {
        "type": "Point",
        "coordinates": [
          88.3652,
          27.167
        ]
      },
      "properties": {
        "date": "08/20/2010 12:00:00 AM",
        "location": "many locations around Namchi, Sikkim",
        "state": "Sikkim",
        "deaths": 0,
        "trigger": "downpour",
        "type": "complex",
        "source": "NASA GLC",
        "severity": "medium"
      }
    },
    {
      "type": "Feature",
      "geometry": {
        "type": "Point",
        "coordinates": [
          78.4384,
          31.5986
        ]
      },
      "properties": {
        "date": "06/16/2013 12:00:00 AM",
        "location": "Kinnaur District, Himachal Pradesh",
        "state": "Himachal Pradesh",
        "deaths": 0,
        "trigger": "downpour",
        "type": "landslide",
        "source": "NASA GLC",
        "severity": "medium"
      }
    },
    {
      "type": "Feature",
      "geometry": {
        "type": "Point",
        "coordinates": [
          82.7935,
          18.7828
        ]
      },
      "properties": {
        "date": "09/16/2015 12:00:00 AM",
        "location": "Dumuriput, Odisha 764021, India",
        "state": "Odisha",
        "deaths": 0,
        "trigger": "downpour",
        "type": "landslide",
        "source": "NASA GLC",
        "severity": "medium"
      }
    },
    {
      "type": "Feature",
      "geometry": {
        "type": "Point",
        "coordinates": [
          77.2791,
          28.5746
        ]
      },
      "properties": {
        "date": "12/24/2015 10:00:00 AM",
        "location": "New Friends Colony",
        "state": "NCT",
        "deaths": 0,
        "trigger": "construction",
        "type": "landslide",
        "source": "NASA GLC",
        "severity": "small"
      }
    },
    {
      "type": "Feature",
      "geometry": {
        "type": "Point",
        "coordinates": [
          74.2718,
          34.1802
        ]
      },
      "properties": {
        "date": "04/17/2011 12:00:00 AM",
        "location": "Khadpora(?), Kandi area(?) on the outskirts of the Baramulla town, Jammu and Kashmir",
        "state": "Kashmir",
        "deaths": 0,
        "trigger": "downpour",
        "type": "landslide",
        "source": "NASA GLC",
        "severity": "medium"
      }
    },
    {
      "type": "Feature",
      "geometry": {
        "type": "Point",
        "coordinates": [
          78.3684,
          30.5151
        ]
      },
      "properties": {
        "date": "08/09/2010 12:00:00 AM",
        "location": "Menagarh near Sukki on Rishikesh \u2013 Gangotri highway, Uttarakhand ",
        "state": "Uttarakhand",
        "deaths": 0,
        "trigger": "downpour",
        "type": "landslide",
        "source": "NASA GLC",
        "severity": "medium"
      }
    },
    {
      "type": "Feature",
      "geometry": {
        "type": "Point",
        "coordinates": [
          78.0641,
          30.365
        ]
      },
      "properties": {
        "date": "08/26/2010 08:00:00 AM",
        "location": "Matak Mahari(?), near Dehradun, Uttarakhand",
        "state": "Uttarakhand",
        "deaths": 0,
        "trigger": "downpour",
        "type": "landslide",
        "source": "NASA GLC",
        "severity": "medium"
      }
    },
    {
      "type": "Feature",
      "geometry": {
        "type": "Point",
        "coordinates": [
          79.56,
          30.557
        ]
      },
      "properties": {
        "date": "07/30/2007 12:00:00 AM",
        "location": "Joshimath",
        "state": "Uttarakhand",
        "deaths": 0,
        "trigger": "downpour",
        "type": "landslide",
        "source": "NASA GLC",
        "severity": "medium"
      }
    },
    {
      "type": "Feature",
      "geometry": {
        "type": "Point",
        "coordinates": [
          80.6058,
          16.5141
        ]
      },
      "properties": {
        "date": "10/11/2010 12:00:00 AM",
        "location": "ghat road of the Kanaka Durga temple, Vijayawada district",
        "state": "Andhra Pradesh",
        "deaths": 0,
        "trigger": "downpour",
        "type": "landslide",
        "source": "NASA GLC",
        "severity": "medium"
      }
    },
    {
      "type": "Feature",
      "geometry": {
        "type": "Point",
        "coordinates": [
          94.1211,
          25.5718
        ]
      },
      "properties": {
        "date": "08/21/2010 06:00:00 PM",
        "location": "NH 39 at Kigwema(?), between Mao Gate and Kohima, Nagaland",
        "state": "N\u0101g\u0101land",
        "deaths": 0,
        "trigger": "downpour",
        "type": "landslide",
        "source": "NASA GLC",
        "severity": "medium"
      }
    },
    {
      "type": "Feature",
      "geometry": {
        "type": "Point",
        "coordinates": [
          94.5497,
          26.1807
        ]
      },
      "properties": {
        "date": "08/04/2013 12:00:00 AM",
        "location": "Zhekuto, Nagaland",
        "state": "N\u0101g\u0101land",
        "deaths": 0,
        "trigger": "monsoon",
        "type": "landslide",
        "source": "NASA GLC",
        "severity": "medium"
      }
    },
    {
      "type": "Feature",
      "geometry": {
        "type": "Point",
        "coordinates": [
          78.0193,
          31.6223
        ]
      },
      "properties": {
        "date": "06/17/2013 12:00:00 AM",
        "location": "Chagoan Village Near Tapri, 220 Km From The State Capital Shimla, Kinnaur District, Himachal Pradesh",
        "state": "Himachal Pradesh",
        "deaths": 0,
        "trigger": "downpour",
        "type": "landslide",
        "source": "NASA GLC",
        "severity": "medium"
      }
    },
    {
      "type": "Feature",
      "geometry": {
        "type": "Point",
        "coordinates": [
          88.7648,
          27.3746
        ]
      },
      "properties": {
        "date": "08/26/2009 12:00:00 AM",
        "location": "17th Mile towards Tsomgo Lake, near Kyongsala, Sikkim ",
        "state": "Sikkim",
        "deaths": 0,
        "trigger": "rain",
        "type": "landslide",
        "source": "NASA GLC",
        "severity": "medium"
      }
    },
    {
      "type": "Feature",
      "geometry": {
        "type": "Point",
        "coordinates": [
          78.1346,
          31.5216
        ]
      },
      "properties": {
        "date": "08/20/2014 11:00:00 PM",
        "location": "near Meeru on Chulling-Tapri road",
        "state": "Himachal Pradesh",
        "deaths": 0,
        "trigger": "unknown",
        "type": "landslide",
        "source": "NASA GLC",
        "severity": "medium"
      }
    },
    {
      "type": "Feature",
      "geometry": {
        "type": "Point",
        "coordinates": [
          75.361,
          11.855
        ]
      },
      "properties": {
        "date": "07/20/2007 12:00:00 AM",
        "location": "4 locations in the Kannur district",
        "state": "Kerala",
        "deaths": 0,
        "trigger": "downpour",
        "type": "landslide",
        "source": "NASA GLC",
        "severity": "medium"
      }
    },
    {
      "type": "Feature",
      "geometry": {
        "type": "Point",
        "coordinates": [
          75.1533,
          32.9522
        ]
      },
      "properties": {
        "date": "12/11/2012 12:00:00 AM",
        "location": "Kashimir Valley, Jammu and kashmir",
        "state": "Kashmir",
        "deaths": 0,
        "trigger": "rain",
        "type": "mudslide",
        "source": "NASA GLC",
        "severity": "medium"
      }
    },
    {
      "type": "Feature",
      "geometry": {
        "type": "Point",
        "coordinates": [
          91.8074,
          26.1963
        ]
      },
      "properties": {
        "date": "07/14/2016 12:00:00 AM",
        "location": "Noonmati Nijarapar area of the city, Guwahati, Assam, India",
        "state": "Assam",
        "deaths": 0,
        "trigger": "monsoon",
        "type": "landslide",
        "source": "NASA GLC",
        "severity": "small"
      }
    },
    {
      "type": "Feature",
      "geometry": {
        "type": "Point",
        "coordinates": [
          74.321,
          34.2092
        ]
      },
      "properties": {
        "date": "03/05/2015 12:00:00 AM",
        "location": "Srinagar-Muzaffarabad road near Dankhan area in Baramulla",
        "state": "Kashmir",
        "deaths": 0,
        "trigger": "continuous_rain",
        "type": "landslide",
        "source": "NASA GLC",
        "severity": "medium"
      }
    },
    {
      "type": "Feature",
      "geometry": {
        "type": "Point",
        "coordinates": [
          88.6475,
          27.5509
        ]
      },
      "properties": {
        "date": "07/21/2010 08:00:00 AM",
        "location": "Zang(?), east Sikkim",
        "state": "nan",
        "deaths": 0,
        "trigger": "downpour",
        "type": "landslide",
        "source": "NASA GLC",
        "severity": "medium"
      }
    },
    {
      "type": "Feature",
      "geometry": {
        "type": "Point",
        "coordinates": [
          78.4265,
          30.1035
        ]
      },
      "properties": {
        "date": "09/19/2010 12:00:00 AM",
        "location": "road to Shivpur(Shivpuri), Pauri Garhwal district, Uttarakhand",
        "state": "Uttarakhand",
        "deaths": 0,
        "trigger": "downpour",
        "type": "landslide",
        "source": "NASA GLC",
        "severity": "medium"
      }
    },
    {
      "type": "Feature",
      "geometry": {
        "type": "Point",
        "coordinates": [
          77.2234,
          32.351
        ]
      },
      "properties": {
        "date": "09/03/2009 12:00:00 AM",
        "location": "Marhi region of Himachal Pradesh",
        "state": "Himachal Pradesh",
        "deaths": 0,
        "trigger": "rain",
        "type": "landslide",
        "source": "NASA GLC",
        "severity": "medium"
      }
    },
    {
      "type": "Feature",
      "geometry": {
        "type": "Point",
        "coordinates": [
          94.4703,
          25.6633
        ]
      },
      "properties": {
        "date": "10/08/2010 12:00:00 AM",
        "location": "Phek, Manipur",
        "state": "Manipur",
        "deaths": 0,
        "trigger": "downpour",
        "type": "complex",
        "source": "NASA GLC",
        "severity": "medium"
      }
    },
    {
      "type": "Feature",
      "geometry": {
        "type": "Point",
        "coordinates": [
          82.9565,
          18.3297
        ]
      },
      "properties": {
        "date": "10/12/2014 06:00:00 PM",
        "location": "Medrasula village of Madula panchayat of Araku mandal",
        "state": "Andhra Pradesh",
        "deaths": 0,
        "trigger": "tropical_cyclone",
        "type": "debris_flow",
        "source": "NASA GLC",
        "severity": "medium"
      }
    },
    {
      "type": "Feature",
      "geometry": {
        "type": "Point",
        "coordinates": [
          88.4883,
          27.201
        ]
      },
      "properties": {
        "date": "09/07/2007 12:00:00 AM",
        "location": "National Highway 31A between Rangpo and Tarkhola, in East Sikkim",
        "state": "nan",
        "deaths": 0,
        "trigger": "rain",
        "type": "landslide",
        "source": "NASA GLC",
        "severity": "large"
      }
    },
    {
      "type": "Feature",
      "geometry": {
        "type": "Point",
        "coordinates": [
          77.8644,
          30.7007
        ]
      },
      "properties": {
        "date": "05/23/2016 01:00:00 AM",
        "location": "Chakrata, Uttarakhand, India",
        "state": "Uttarakhand",
        "deaths": 0,
        "trigger": "rain",
        "type": "rock_fall",
        "source": "NASA GLC",
        "severity": "small"
      }
    },
    {
      "type": "Feature",
      "geometry": {
        "type": "Point",
        "coordinates": [
          77.3957,
          28.6363
        ]
      },
      "properties": {
        "date": "01/05/2015 09:00:00 AM",
        "location": "Hindon River in Ghaziabad",
        "state": "Uttar Pradesh",
        "deaths": 0,
        "trigger": "unknown",
        "type": "other",
        "source": "NASA GLC",
        "severity": "small"
      }
    },
    {
      "type": "Feature",
      "geometry": {
        "type": "Point",
        "coordinates": [
          77.895,
          31.4135
        ]
      },
      "properties": {
        "date": "09/15/2010 12:00:00 AM",
        "location": "road to Sangla and Bhaba and Sorang(?) valleys, Kinnaur, Himachal Pradesh",
        "state": "Himachal Pradesh",
        "deaths": 0,
        "trigger": "downpour",
        "type": "landslide",
        "source": "NASA GLC",
        "severity": "medium"
      }
    },
    {
      "type": "Feature",
      "geometry": {
        "type": "Point",
        "coordinates": [
          75.1774,
          33.3308
        ]
      },
      "properties": {
        "date": "02/16/2011 06:00:00 PM",
        "location": "near Digdol, Jammu-Srinagar hwy, Jammu and Kashmir",
        "state": "Kashmir",
        "deaths": 0,
        "trigger": "downpour",
        "type": "landslide",
        "source": "NASA GLC",
        "severity": "medium"
      }
    },
    {
      "type": "Feature",
      "geometry": {
        "type": "Point",
        "coordinates": [
          76.8081,
          9.7268
        ]
      },
      "properties": {
        "date": "08/17/2012 12:00:00 AM",
        "location": "Palomala, Thaland",
        "state": "Kerala",
        "deaths": 0,
        "trigger": "downpour",
        "type": "landslide",
        "source": "NASA GLC",
        "severity": "medium"
      }
    },
    {
      "type": "Feature",
      "geometry": {
        "type": "Point",
        "coordinates": [
          74.2493,
          34.5382
        ]
      },
      "properties": {
        "date": "08/17/2014 06:00:00 PM",
        "location": "Rengpeth village",
        "state": "Kashmir",
        "deaths": 0,
        "trigger": "downpour",
        "type": "landslide",
        "source": "NASA GLC",
        "severity": "medium"
      }
    },
    {
      "type": "Feature",
      "geometry": {
        "type": "Point",
        "coordinates": [
          79.4633,
          29.3802
        ]
      },
      "properties": {
        "date": "07/12/2013 12:00:00 AM",
        "location": "Lohardobha Billage, Dhari, Nainital",
        "state": "Uttarakhand",
        "deaths": 0,
        "trigger": "downpour",
        "type": "mudslide",
        "source": "NASA GLC",
        "severity": "medium"
      }
    },
    {
      "type": "Feature",
      "geometry": {
        "type": "Point",
        "coordinates": [
          88.42280921,
          26.99195749
        ]
      },
      "properties": {
        "date": "07/17/2011 12:00:00 AM",
        "location": "West Bengal-Sikkim at highway Rambi",
        "state": "Sikkim",
        "deaths": 0,
        "trigger": "rain",
        "type": "landslide",
        "source": "NASA GLC",
        "severity": "medium"
      }
    },
    {
      "type": "Feature",
      "geometry": {
        "type": "Point",
        "coordinates": [
          77.1613,
          32.2862
        ]
      },
      "properties": {
        "date": "03/17/2008 12:00:00 AM",
        "location": "Nehrukund in Manali, Himachal Pradesh",
        "state": "Himachal Pradesh",
        "deaths": 0,
        "trigger": "snowfall_snowmelt",
        "type": "landslide",
        "source": "NASA GLC",
        "severity": "medium"
      }
    },
    {
      "type": "Feature",
      "geometry": {
        "type": "Point",
        "coordinates": [
          78.48,
          30.8928
        ]
      },
      "properties": {
        "date": "07/25/2013 12:00:00 AM",
        "location": "Uttarkashi, Uttarakhand",
        "state": "Uttarakhand",
        "deaths": 0,
        "trigger": "continuous_rain",
        "type": "landslide",
        "source": "NASA GLC",
        "severity": "medium"
      }
    },
    {
      "type": "Feature",
      "geometry": {
        "type": "Point",
        "coordinates": [
          73.8119,
          15.5931
        ]
      },
      "properties": {
        "date": "06/17/2011 12:00:00 AM",
        "location": "Angod, Mapusa",
        "state": "Goa",
        "deaths": 0,
        "trigger": "rain",
        "type": "landslide",
        "source": "NASA GLC",
        "severity": "medium"
      }
    },
    {
      "type": "Feature",
      "geometry": {
        "type": "Point",
        "coordinates": [
          75.9568,
          32.7029
        ]
      },
      "properties": {
        "date": "08/26/2010 12:00:00 AM",
        "location": "Koti bridge(?), Chamba-Langera-Bhadarwah border road connecting Doda district of Jammu and Kashmir with Himachal Pradesh",
        "state": "Himachal Pradesh",
        "deaths": 0,
        "trigger": "downpour",
        "type": "landslide",
        "source": "NASA GLC",
        "severity": "medium"
      }
    },
    {
      "type": "Feature",
      "geometry": {
        "type": "Point",
        "coordinates": [
          74.5264,
          33.6296
        ]
      },
      "properties": {
        "date": "07/02/2016 08:00:00 AM",
        "location": "43 km-point on Mughal Road, Poonch district, Jammu and Kashmir, India",
        "state": "Kashmir",
        "deaths": 0,
        "trigger": "unknown",
        "type": "landslide",
        "source": "NASA GLC",
        "severity": "medium"
      }
    },
    {
      "type": "Feature",
      "geometry": {
        "type": "Point",
        "coordinates": [
          77.4668,
          30.9009
        ]
      },
      "properties": {
        "date": "09/19/2010 12:00:00 AM",
        "location": "Rajgarh-Habban road, Himachal Pradesh",
        "state": "Himachal Pradesh",
        "deaths": 0,
        "trigger": "downpour",
        "type": "landslide",
        "source": "NASA GLC",
        "severity": "medium"
      }
    },
    {
      "type": "Feature",
      "geometry": {
        "type": "Point",
        "coordinates": [
          73.3471,
          18.7631
        ]
      },
      "properties": {
        "date": "08/15/2015 07:30:00 AM",
        "location": "Adoshi Tunnel",
        "state": "Maharashtra",
        "deaths": 0,
        "trigger": "monsoon",
        "type": "rock_fall",
        "source": "NASA GLC",
        "severity": "small"
      }
    },
    {
      "type": "Feature",
      "geometry": {
        "type": "Point",
        "coordinates": [
          76.7907,
          31.9906
        ]
      },
      "properties": {
        "date": "07/06/2013 12:00:00 AM",
        "location": "Jogindernagar, Himachal Pradesh",
        "state": "Himachal Pradesh",
        "deaths": 0,
        "trigger": "downpour",
        "type": "landslide",
        "source": "NASA GLC",
        "severity": "small"
      }
    },
    {
      "type": "Feature",
      "geometry": {
        "type": "Point",
        "coordinates": [
          76.8285,
          11.3432
        ]
      },
      "properties": {
        "date": "11/07/2015 12:00:00 AM",
        "location": "Nilgiri Mountain Rail's Barliar-Coonoor sector",
        "state": "Tamil Nadu",
        "deaths": 0,
        "trigger": "unknown",
        "type": "rock_fall",
        "source": "NASA GLC",
        "severity": "small"
      }
    },
    {
      "type": "Feature",
      "geometry": {
        "type": "Point",
        "coordinates": [
          72.9089,
          19.0402
        ]
      },
      "properties": {
        "date": "08/22/2013 11:00:00 AM",
        "location": "Panjarpol On The Eastern Freeway",
        "state": "Maharashtra",
        "deaths": 0,
        "trigger": "continuous_rain",
        "type": "landslide",
        "source": "NASA GLC",
        "severity": "medium"
      }
    },
    {
      "type": "Feature",
      "geometry": {
        "type": "Point",
        "coordinates": [
          79.4633,
          29.3802
        ]
      },
      "properties": {
        "date": "07/12/2013 12:00:00 AM",
        "location": "Nainital District, Uttarakhand",
        "state": "Uttarakhand",
        "deaths": 0,
        "trigger": "rain",
        "type": "landslide",
        "source": "NASA GLC",
        "severity": "medium"
      }
    },
    {
      "type": "Feature",
      "geometry": {
        "type": "Point",
        "coordinates": [
          78.754,
          30.4521
        ]
      },
      "properties": {
        "date": "07/27/2013 12:00:00 AM",
        "location": "Balsori Villages In The Akhrori Area",
        "state": "Uttarakhand",
        "deaths": 0,
        "trigger": "rain",
        "type": "landslide",
        "source": "NASA GLC",
        "severity": "medium"
      }
    },
    {
      "type": "Feature",
      "geometry": {
        "type": "Point",
        "coordinates": [
          75.6953,
          32.9834
        ]
      },
      "properties": {
        "date": "08/07/2016 12:00:00 AM",
        "location": "Sheroora-Subardhar village,15 Km from Bhadarwah town",
        "state": "Kashmir",
        "deaths": 0,
        "trigger": "continuous_rain",
        "type": "landslide",
        "source": "NASA GLC",
        "severity": "medium"
      }
    },
    {
      "type": "Feature",
      "geometry": {
        "type": "Point",
        "coordinates": [
          76.9468,
          9.8539
        ]
      },
      "properties": {
        "date": "08/05/2013 12:00:00 AM",
        "location": "Painavu, Kerala",
        "state": "Kerala",
        "deaths": 0,
        "trigger": "monsoon",
        "type": "landslide",
        "source": "NASA GLC",
        "severity": "medium"
      }
    },
    {
      "type": "Feature",
      "geometry": {
        "type": "Point",
        "coordinates": [
          73.46485294,
          16.94054188
        ]
      },
      "properties": {
        "date": "07/25/2010 12:00:00 AM",
        "location": "Nivsar area",
        "state": "Maharashtra",
        "deaths": 0,
        "trigger": "downpour",
        "type": "landslide",
        "source": "NASA GLC",
        "severity": "medium"
      }
    },
    {
      "type": "Feature",
      "geometry": {
        "type": "Point",
        "coordinates": [
          78.4543,
          30.742
        ]
      },
      "properties": {
        "date": "08/18/2013 12:00:00 AM",
        "location": "Rishikesh-Gangotri Highway",
        "state": "Uttarakhand",
        "deaths": 0,
        "trigger": "rain",
        "type": "landslide",
        "source": "NASA GLC",
        "severity": "medium"
      }
    },
    {
      "type": "Feature",
      "geometry": {
        "type": "Point",
        "coordinates": [
          91.8178,
          26.159
        ]
      },
      "properties": {
        "date": "09/22/2014 12:00:00 AM",
        "location": "VIP Road",
        "state": "Assam",
        "deaths": 0,
        "trigger": "rain",
        "type": "landslide",
        "source": "NASA GLC",
        "severity": "small"
      }
    },
    {
      "type": "Feature",
      "geometry": {
        "type": "Point",
        "coordinates": [
          91.25,
          26.3333
        ]
      },
      "properties": {
        "date": "10/29/2008 12:00:00 AM",
        "location": "Kamrup, and Sonitpur, Assam",
        "state": "Assam",
        "deaths": 0,
        "trigger": "downpour",
        "type": "landslide",
        "source": "NASA GLC",
        "severity": "medium"
      }
    },
    {
      "type": "Feature",
      "geometry": {
        "type": "Point",
        "coordinates": [
          74.5128,
          33.3551
        ]
      },
      "properties": {
        "date": "09/06/2014 12:00:00 AM",
        "location": "Dhok Bagla near Kotranka",
        "state": "Kashmir",
        "deaths": 0,
        "trigger": "continuous_rain",
        "type": "landslide",
        "source": "NASA GLC",
        "severity": "medium"
      }
    },
    {
      "type": "Feature",
      "geometry": {
        "type": "Point",
        "coordinates": [
          95.029,
          26.72
        ]
      },
      "properties": {
        "date": "07/01/2013 12:00:00 AM",
        "location": "Walo Ward, Mon Town, Wokha District, Nagaland",
        "state": "N\u0101g\u0101land",
        "deaths": 0,
        "trigger": "downpour",
        "type": "landslide",
        "source": "NASA GLC",
        "severity": "medium"
      }
    },
    {
      "type": "Feature",
      "geometry": {
        "type": "Point",
        "coordinates": [
          94.108,
          25.4192
        ]
      },
      "properties": {
        "date": "07/29/2011 12:00:00 AM",
        "location": "Maram, Manipur",
        "state": "N\u0101g\u0101land",
        "deaths": 0,
        "trigger": "rain",
        "type": "landslide",
        "source": "NASA GLC",
        "severity": "medium"
      }
    },
    {
      "type": "Feature",
      "geometry": {
        "type": "Point",
        "coordinates": [
          74.118,
          14.8009
        ]
      },
      "properties": {
        "date": "10/11/2016 03:30:00 AM",
        "location": "NH 66 at Mudaga",
        "state": "Karnataka",
        "deaths": 0,
        "trigger": "downpour",
        "type": "landslide",
        "source": "NASA GLC",
        "severity": "medium"
      }
    },
    {
      "type": "Feature",
      "geometry": {
        "type": "Point",
        "coordinates": [
          88.7323,
          27.3736
        ]
      },
      "properties": {
        "date": "09/07/2013 03:00:00 PM",
        "location": "14 Milestone Of J N Marg Near Kyangnosola (East Sikkim)",
        "state": "Sikkim",
        "deaths": 0,
        "trigger": "rain",
        "type": "landslide",
        "source": "NASA GLC",
        "severity": "medium"
      }
    },
    {
      "type": "Feature",
      "geometry": {
        "type": "Point",
        "coordinates": [
          88.2592,
          27.0095
        ]
      },
      "properties": {
        "date": "05/26/2009 12:00:00 AM",
        "location": "Rangiabong (Jorbungalow), Darjeeling, West Bengal",
        "state": "Bengal",
        "deaths": 0,
        "trigger": "tropical_cyclone",
        "type": "landslide",
        "source": "NASA GLC",
        "severity": "medium"
      }
    },
    {
      "type": "Feature",
      "geometry": {
        "type": "Point",
        "coordinates": [
          93.123,
          25.1718
        ]
      },
      "properties": {
        "date": "08/27/2009 12:00:00 AM",
        "location": "between Mahur and Phaiding railway stations on Barail hills (Mahur and Barail hills located)",
        "state": "Assam",
        "deaths": 0,
        "trigger": "downpour",
        "type": "landslide",
        "source": "NASA GLC",
        "severity": "medium"
      }
    },
    {
      "type": "Feature",
      "geometry": {
        "type": "Point",
        "coordinates": [
          88.3403,
          22.6461
        ]
      },
      "properties": {
        "date": "08/31/2007 12:00:00 AM",
        "location": "between Bally Halt and Rajchandrapur stations in Kolkata",
        "state": "Bengal",
        "deaths": 0,
        "trigger": "rain",
        "type": "landslide",
        "source": "NASA GLC",
        "severity": "medium"
      }
    },
    {
      "type": "Feature",
      "geometry": {
        "type": "Point",
        "coordinates": [
          76.1249,
          32.5552
        ]
      },
      "properties": {
        "date": "06/12/2013 12:00:00 AM",
        "location": "Village In Pangi Valley, Chamba District",
        "state": "Himachal Pradesh",
        "deaths": 0,
        "trigger": "downpour",
        "type": "landslide",
        "source": "NASA GLC",
        "severity": "medium"
      }
    },
    {
      "type": "Feature",
      "geometry": {
        "type": "Point",
        "coordinates": [
          76.4949,
          11.4991
        ]
      },
      "properties": {
        "date": "06/25/2013 12:00:00 AM",
        "location": "Gudalur Town, Nilgiris, Tamil Nadu",
        "state": "Tamil Nadu",
        "deaths": 0,
        "trigger": "downpour",
        "type": "landslide",
        "source": "NASA GLC",
        "severity": "small"
      }
    },
    {
      "type": "Feature",
      "geometry": {
        "type": "Point",
        "coordinates": [
          88.4779,
          27.0736
        ]
      },
      "properties": {
        "date": "08/20/2009 12:00:00 AM",
        "location": "Geetkolbong, Kalimpong sub-division, Darjeeling, West Bengal",
        "state": "Bengal",
        "deaths": 0,
        "trigger": "continuous_rain",
        "type": "landslide",
        "source": "NASA GLC",
        "severity": "medium"
      }
    },
    {
      "type": "Feature",
      "geometry": {
        "type": "Point",
        "coordinates": [
          88.263,
          27.0366
        ]
      },
      "properties": {
        "date": "08/05/2010 12:00:00 AM",
        "location": "Darjeeling district, West Bengal, Toy Train route",
        "state": "Bengal",
        "deaths": 0,
        "trigger": "downpour",
        "type": "landslide",
        "source": "NASA GLC",
        "severity": "medium"
      }
    },
    {
      "type": "Feature",
      "geometry": {
        "type": "Point",
        "coordinates": [
          77.6521,
          30.5728
        ]
      },
      "properties": {
        "date": "06/16/2013 12:00:00 AM",
        "location": "National Highway 72-B, Between Paonta Sahib And Sillai, Sirmaur District, Himachal Pradesh",
        "state": "Himachal Pradesh",
        "deaths": 0,
        "trigger": "rain",
        "type": "landslide",
        "source": "NASA GLC",
        "severity": "medium"
      }
    },
    {
      "type": "Feature",
      "geometry": {
        "type": "Point",
        "coordinates": [
          80.1,
          29.33
        ]
      },
      "properties": {
        "date": "07/18/2008 12:00:00 AM",
        "location": "Sukhidhang area of Champawat district in Uttarakhand ",
        "state": "Uttarakhand",
        "deaths": 0,
        "trigger": "rain",
        "type": "landslide",
        "source": "NASA GLC",
        "severity": "medium"
      }
    },
    {
      "type": "Feature",
      "geometry": {
        "type": "Point",
        "coordinates": [
          73.4745894,
          16.93911427
        ]
      },
      "properties": {
        "date": "07/24/2010 09:00:00 AM",
        "location": "Konkan railway near Adavli Station, Maharashtra",
        "state": "Maharashtra",
        "deaths": 0,
        "trigger": "downpour",
        "type": "mudslide",
        "source": "NASA GLC",
        "severity": "medium"
      }
    },
    {
      "type": "Feature",
      "geometry": {
        "type": "Point",
        "coordinates": [
          76.757,
          31.8028
        ]
      },
      "properties": {
        "date": "08/08/2015 12:00:00 AM",
        "location": "Dharampur, Mandi district",
        "state": "Himachal Pradesh",
        "deaths": 0,
        "trigger": "downpour",
        "type": "landslide",
        "source": "NASA GLC",
        "severity": "medium"
      }
    },
    {
      "type": "Feature",
      "geometry": {
        "type": "Point",
        "coordinates": [
          72.9325,
          19.1646
        ]
      },
      "properties": {
        "date": "06/08/2010 12:00:00 AM",
        "location": "Khindipada area, near the BMC pipeline at Bhandup-west",
        "state": "Maharashtra",
        "deaths": 0,
        "trigger": "monsoon",
        "type": "landslide",
        "source": "NASA GLC",
        "severity": "medium"
      }
    },
    {
      "type": "Feature",
      "geometry": {
        "type": "Point",
        "coordinates": [
          78.2242533,
          30.81507336
        ]
      },
      "properties": {
        "date": "06/29/2011 12:00:00 AM",
        "location": "National Highway leading to Yamunotri from Dehradun",
        "state": "Uttarakhand",
        "deaths": 0,
        "trigger": "downpour",
        "type": "landslide",
        "source": "NASA GLC",
        "severity": "medium"
      }
    },
    {
      "type": "Feature",
      "geometry": {
        "type": "Point",
        "coordinates": [
          94.6024,
          25.426
        ]
      },
      "properties": {
        "date": "10/13/2013 07:30:00 PM",
        "location": "Tusom, Manipur",
        "state": "Manipur",
        "deaths": 0,
        "trigger": "downpour",
        "type": "mudslide",
        "source": "NASA GLC",
        "severity": "medium"
      }
    },
    {
      "type": "Feature",
      "geometry": {
        "type": "Point",
        "coordinates": [
          75.1495,
          34.2689
        ]
      },
      "properties": {
        "date": "07/21/2015 12:00:00 AM",
        "location": "Kullan",
        "state": "Kashmir",
        "deaths": 0,
        "trigger": "continuous_rain",
        "type": "landslide",
        "source": "NASA GLC",
        "severity": "medium"
      }
    },
    {
      "type": "Feature",
      "geometry": {
        "type": "Point",
        "coordinates": [
          76.936,
          31.703
        ]
      },
      "properties": {
        "date": "07/07/2013 12:00:00 AM",
        "location": "Mandi-Shimla Highway In Mandi, Himachal Pradesh",
        "state": "Himachal Pradesh",
        "deaths": 0,
        "trigger": "rain",
        "type": "mudslide",
        "source": "NASA GLC",
        "severity": "medium"
      }
    },
    {
      "type": "Feature",
      "geometry": {
        "type": "Point",
        "coordinates": [
          94.5238,
          26.0093
        ]
      },
      "properties": {
        "date": "07/06/2010 12:00:00 AM",
        "location": "Zunheboto, Nagaland",
        "state": "N\u0101g\u0101land",
        "deaths": 0,
        "trigger": "monsoon",
        "type": "mudslide",
        "source": "NASA GLC",
        "severity": "medium"
      }
    },
    {
      "type": "Feature",
      "geometry": {
        "type": "Point",
        "coordinates": [
          93.7525,
          27.1614
        ]
      },
      "properties": {
        "date": "09/02/2013 12:00:00 AM",
        "location": "Arunachal Pradesh",
        "state": "Arun\u0101chal Pradesh",
        "deaths": 0,
        "trigger": "downpour",
        "type": "landslide",
        "source": "NASA GLC",
        "severity": "large"
      }
    },
    {
      "type": "Feature",
      "geometry": {
        "type": "Point",
        "coordinates": [
          73.4469,
          18.241
        ]
      },
      "properties": {
        "date": "06/26/2016 12:00:00 AM",
        "location": "Raigad Fort, Raigad Fort Natural Reserve, Maharashtra, India",
        "state": "Maharashtra",
        "deaths": 0,
        "trigger": "rain",
        "type": "rock_fall",
        "source": "NASA GLC",
        "severity": "small"
      }
    },
    {
      "type": "Feature",
      "geometry": {
        "type": "Point",
        "coordinates": [
          91.6739,
          26.1868
        ]
      },
      "properties": {
        "date": "09/01/2015 12:00:00 AM",
        "location": "Maligaon",
        "state": "Assam",
        "deaths": 0,
        "trigger": "rain",
        "type": "rock_fall",
        "source": "NASA GLC",
        "severity": "medium"
      }
    },
    {
      "type": "Feature",
      "geometry": {
        "type": "Point",
        "coordinates": [
          94.2341227,
          25.51614662
        ]
      },
      "properties": {
        "date": "06/21/2011 12:00:00 AM",
        "location": "Lasumi village in Phek district, Kohima",
        "state": "N\u0101g\u0101land",
        "deaths": 0,
        "trigger": "rain",
        "type": "landslide",
        "source": "NASA GLC",
        "severity": "medium"
      }
    },
    {
      "type": "Feature",
      "geometry": {
        "type": "Point",
        "coordinates": [
          79.151,
          30.2902
        ]
      },
      "properties": {
        "date": "07/23/2013 12:00:00 AM",
        "location": "Gauchar, Chamoli District, Uttarakhand",
        "state": "Uttarakhand",
        "deaths": 0,
        "trigger": "downpour",
        "type": "landslide",
        "source": "NASA GLC",
        "severity": "medium"
      }
    },
    {
      "type": "Feature",
      "geometry": {
        "type": "Point",
        "coordinates": [
          75.0772,
          12.8277
        ]
      },
      "properties": {
        "date": "07/21/2010 12:00:00 AM",
        "location": "Peruvai-Kadengodlu rd(?) between Vittal and Manila(Mani?), Bantwal tuluk, Karnataka",
        "state": "Karnataka",
        "deaths": 0,
        "trigger": "downpour",
        "type": "landslide",
        "source": "NASA GLC",
        "severity": "medium"
      }
    },
    {
      "type": "Feature",
      "geometry": {
        "type": "Point",
        "coordinates": [
          73.2961,
          17.8975
        ]
      },
      "properties": {
        "date": "06/19/2010 08:00:00 AM",
        "location": "Harne(?) village, near Dapoli, Ratnagiri district, Maharashtra",
        "state": "Maharashtra",
        "deaths": 0,
        "trigger": "downpour",
        "type": "landslide",
        "source": "NASA GLC",
        "severity": "medium"
      }
    },
    {
      "type": "Feature",
      "geometry": {
        "type": "Point",
        "coordinates": [
          79.233,
          30.2733
        ]
      },
      "properties": {
        "date": "07/24/2013 12:00:00 AM",
        "location": "Rishikesh-Badrinath Highway, Uttarakhand",
        "state": "Uttarakhand",
        "deaths": 0,
        "trigger": "downpour",
        "type": "landslide",
        "source": "NASA GLC",
        "severity": "medium"
      }
    },
    {
      "type": "Feature",
      "geometry": {
        "type": "Point",
        "coordinates": [
          73.8911,
          15.3739
        ]
      },
      "properties": {
        "date": "06/23/2016 09:00:00 AM",
        "location": "Vollant, Vasco, behind the KTC bus stand, Goa, India",
        "state": "Goa",
        "deaths": 0,
        "trigger": "downpour",
        "type": "rock_fall",
        "source": "NASA GLC",
        "severity": "medium"
      }
    },
    {
      "type": "Feature",
      "geometry": {
        "type": "Point",
        "coordinates": [
          77.1135,
          31.9563
        ]
      },
      "properties": {
        "date": "07/26/2015 12:00:00 AM",
        "location": "Kullu",
        "state": "Himachal Pradesh",
        "deaths": 0,
        "trigger": "continuous_rain",
        "type": "landslide",
        "source": "NASA GLC",
        "severity": "small"
      }
    },
    {
      "type": "Feature",
      "geometry": {
        "type": "Point",
        "coordinates": [
          75.4832,
          34.2946
        ]
      },
      "properties": {
        "date": "04/26/2013 12:00:00 AM",
        "location": "Zojila, India (Srinagar-Kargil Road)",
        "state": "Kashmir",
        "deaths": 0,
        "trigger": "rain",
        "type": "mudslide",
        "source": "NASA GLC",
        "severity": "medium"
      }
    },
    {
      "type": "Feature",
      "geometry": {
        "type": "Point",
        "coordinates": [
          88.4301,
          27.0257
        ]
      },
      "properties": {
        "date": "06/17/2015 12:00:00 AM",
        "location": "National Highway 31A, Darjeeling Hills",
        "state": "West Bengal",
        "deaths": 0,
        "trigger": "downpour",
        "type": "landslide",
        "source": "NASA GLC",
        "severity": "small"
      }
    },
    {
      "type": "Feature",
      "geometry": {
        "type": "Point",
        "coordinates": [
          75.2045,
          33.4209
        ]
      },
      "properties": {
        "date": "01/13/2012 08:00:00 AM",
        "location": "Banihal, Srinagar-Jammu highway",
        "state": "Kashmir",
        "deaths": 0,
        "trigger": "downpour",
        "type": "landslide",
        "source": "NASA GLC",
        "severity": "medium"
      }
    },
    {
      "type": "Feature",
      "geometry": {
        "type": "Point",
        "coordinates": [
          78.9953,
          30.6326
        ]
      },
      "properties": {
        "date": "07/20/2014 12:00:00 AM",
        "location": "Sonprayag, Uttarakhand",
        "state": "Uttarakhand",
        "deaths": 0,
        "trigger": "continuous_rain",
        "type": "landslide",
        "source": "NASA GLC",
        "severity": "small"
      }
    },
    {
      "type": "Feature",
      "geometry": {
        "type": "Point",
        "coordinates": [
          78.0648,
          30.306
        ]
      },
      "properties": {
        "date": "05/22/2016 03:00:00 PM",
        "location": "Chetra Village, Dehradun, India",
        "state": "Uttarakhand",
        "deaths": 0,
        "trigger": "rain",
        "type": "rock_fall",
        "source": "NASA GLC",
        "severity": "small"
      }
    },
    {
      "type": "Feature",
      "geometry": {
        "type": "Point",
        "coordinates": [
          76.8294,
          10.0539
        ]
      },
      "properties": {
        "date": "08/05/2013 05:30:00 AM",
        "location": "Cheeyapara Near Neriyamangalam, Kerala",
        "state": "Kerala",
        "deaths": 0,
        "trigger": "monsoon",
        "type": "mudslide",
        "source": "NASA GLC",
        "severity": "small"
      }
    },
    {
      "type": "Feature",
      "geometry": {
        "type": "Point",
        "coordinates": [
          78.066,
          31.0826
        ]
      },
      "properties": {
        "date": "08/18/2013 12:00:00 AM",
        "location": "Nuranoo, Uttarkashi, Uttarakhand",
        "state": "Himachal Pradesh",
        "deaths": 0,
        "trigger": "unknown",
        "type": "landslide",
        "source": "NASA GLC",
        "severity": "medium"
      }
    },
    {
      "type": "Feature",
      "geometry": {
        "type": "Point",
        "coordinates": [
          88.632,
          27.7565
        ]
      },
      "properties": {
        "date": "06/07/2012 12:00:00 AM",
        "location": "Nathang Maong, Sikkim",
        "state": "nan",
        "deaths": 0,
        "trigger": "downpour",
        "type": "landslide",
        "source": "NASA GLC",
        "severity": "large"
      }
    },
    {
      "type": "Feature",
      "geometry": {
        "type": "Point",
        "coordinates": [
          78.2936,
          30.1642
        ]
      },
      "properties": {
        "date": "07/17/2016 12:00:00 AM",
        "location": "Narendranagar bypass on the Rishikesh-Gangotri national highway,Tehri Garhwal district, Uttarakhand, India",
        "state": "Uttarakhand",
        "deaths": 0,
        "trigger": "downpour",
        "type": "landslide",
        "source": "NASA GLC",
        "severity": "medium"
      }
    },
    {
      "type": "Feature",
      "geometry": {
        "type": "Point",
        "coordinates": [
          75.1915,
          32.9913
        ]
      },
      "properties": {
        "date": "08/07/2013 12:00:00 AM",
        "location": "Samroli, Udhampur District, Kashmir",
        "state": "Kashmir",
        "deaths": 0,
        "trigger": "unknown",
        "type": "landslide",
        "source": "NASA GLC",
        "severity": "small"
      }
    },
    {
      "type": "Feature",
      "geometry": {
        "type": "Point",
        "coordinates": [
          77.0666,
          30.4084
        ]
      },
      "properties": {
        "date": "08/22/2010 12:00:00 AM",
        "location": "Srinagar-Garhwal area of Pauri district, Uttarakhand, Uttranchal",
        "state": "Haryana",
        "deaths": 0,
        "trigger": "downpour",
        "type": "complex",
        "source": "NASA GLC",
        "severity": "medium"
      }
    },
    {
      "type": "Feature",
      "geometry": {
        "type": "Point",
        "coordinates": [
          93.0038,
          26.5836
        ]
      },
      "properties": {
        "date": "07/24/2011 12:30:00 PM",
        "location": "NH 37",
        "state": "Assam",
        "deaths": 0,
        "trigger": "downpour",
        "type": "landslide",
        "source": "NASA GLC",
        "severity": "medium"
      }
    },
    {
      "type": "Feature",
      "geometry": {
        "type": "Point",
        "coordinates": [
          93.9667,
          25.1333
        ]
      },
      "properties": {
        "date": "08/31/2007 12:00:00 AM",
        "location": "Velnal village, Tamei sub-division and Toribari village (3 kilometer toward Tamei from Kangpokpi)",
        "state": "Manipur",
        "deaths": 0,
        "trigger": "rain",
        "type": "landslide",
        "source": "NASA GLC",
        "severity": "medium"
      }
    },
    {
      "type": "Feature",
      "geometry": {
        "type": "Point",
        "coordinates": [
          73.8049,
          15.7156
        ]
      },
      "properties": {
        "date": "09/30/2013 12:00:00 AM",
        "location": "Pernem, Goa",
        "state": "Goa",
        "deaths": 0,
        "trigger": "unknown",
        "type": "landslide",
        "source": "NASA GLC",
        "severity": "medium"
      }
    },
    {
      "type": "Feature",
      "geometry": {
        "type": "Point",
        "coordinates": [
          91.8506,
          25.5576
        ]
      },
      "properties": {
        "date": "08/26/2007 12:00:00 AM",
        "location": "National Highway No 44 at Sonarpur in Meghalaya",
        "state": "Megh\u0101laya",
        "deaths": 0,
        "trigger": "rain",
        "type": "complex",
        "source": "NASA GLC",
        "severity": "medium"
      }
    },
    {
      "type": "Feature",
      "geometry": {
        "type": "Point",
        "coordinates": [
          73.8288,
          15.4951
        ]
      },
      "properties": {
        "date": "05/22/2014 09:00:00 AM",
        "location": "Altinho, Goa",
        "state": "Goa",
        "deaths": 0,
        "trigger": "downpour",
        "type": "landslide",
        "source": "NASA GLC",
        "severity": "small"
      }
    },
    {
      "type": "Feature",
      "geometry": {
        "type": "Point",
        "coordinates": [
          74.8122,
          14.229
        ]
      },
      "properties": {
        "date": "08/12/2008 12:00:00 AM",
        "location": "Jog Falls, Karnataka",
        "state": "Karnataka",
        "deaths": 0,
        "trigger": "rain",
        "type": "mudslide",
        "source": "NASA GLC",
        "severity": "small"
      }
    },
    {
      "type": "Feature",
      "geometry": {
        "type": "Point",
        "coordinates": [
          94.3415,
          25.0634
        ]
      },
      "properties": {
        "date": "07/31/2015 11:00:00 PM",
        "location": "Naga Gate along the Ukhrul-Imphal route",
        "state": "Manipur",
        "deaths": 0,
        "trigger": "continuous_rain",
        "type": "mudslide",
        "source": "NASA GLC",
        "severity": "medium"
      }
    },
    {
      "type": "Feature",
      "geometry": {
        "type": "Point",
        "coordinates": [
          78.6186,
          30.8183
        ]
      },
      "properties": {
        "date": "08/20/2010 12:00:00 AM",
        "location": "Bhatwari, Rishikesh-Gangotri highway, Uttarkhand",
        "state": "Uttarakhand",
        "deaths": 0,
        "trigger": "downpour",
        "type": "landslide",
        "source": "NASA GLC",
        "severity": "medium"
      }
    },
    {
      "type": "Feature",
      "geometry": {
        "type": "Point",
        "coordinates": [
          78.7472,
          30.1176
        ]
      },
      "properties": {
        "date": "08/15/2014 12:00:00 AM",
        "location": "Pauri district of Uttarakhand",
        "state": "Uttarakhand",
        "deaths": 0,
        "trigger": "rain",
        "type": "debris_flow",
        "source": "NASA GLC",
        "severity": "medium"
      }
    },
    {
      "type": "Feature",
      "geometry": {
        "type": "Point",
        "coordinates": [
          93.9128,
          24.837
        ]
      },
      "properties": {
        "date": "10/08/2010 12:00:00 AM",
        "location": "Tharon(?) and Langol Tarung villages, Thangmeiband constituency, Imphal, Manipur",
        "state": "Manipur",
        "deaths": 0,
        "trigger": "downpour",
        "type": "landslide",
        "source": "NASA GLC",
        "severity": "medium"
      }
    },
    {
      "type": "Feature",
      "geometry": {
        "type": "Point",
        "coordinates": [
          83.0645,
          18.2733
        ]
      },
      "properties": {
        "date": "10/31/2010 12:00:00 AM",
        "location": "railroad between Chimidipalli and Borra caves stations, Andhra Pradesh",
        "state": "Andhra Pradesh",
        "deaths": 0,
        "trigger": "downpour",
        "type": "landslide",
        "source": "NASA GLC",
        "severity": "medium"
      }
    },
    {
      "type": "Feature",
      "geometry": {
        "type": "Point",
        "coordinates": [
          88.38,
          27.1499
        ]
      },
      "properties": {
        "date": "07/16/2007 12:00:00 AM",
        "location": "Bardang near Singtam",
        "state": "Sikkim",
        "deaths": 0,
        "trigger": "rain",
        "type": "mudslide",
        "source": "NASA GLC",
        "severity": "medium"
      }
    },
    {
      "type": "Feature",
      "geometry": {
        "type": "Point",
        "coordinates": [
          88.6115,
          27.1954
        ]
      },
      "properties": {
        "date": "09/17/2009 12:00:00 AM",
        "location": "4th Mile on road between Rongli, Rhenock and Rangpo in East Sikkim.",
        "state": "Sikkim",
        "deaths": 0,
        "trigger": "rain",
        "type": "landslide",
        "source": "NASA GLC",
        "severity": "medium"
      }
    },
    {
      "type": "Feature",
      "geometry": {
        "type": "Point",
        "coordinates": [
          93.6884,
          27.1032
        ]
      },
      "properties": {
        "date": "07/19/2011 12:00:00 AM",
        "location": "Itanagar (one near Pachali power house, one near Heema Hospital, and one nearRomik Colony at P Sector)",
        "state": "Arun\u0101chal Pradesh",
        "deaths": 0,
        "trigger": "downpour",
        "type": "landslide",
        "source": "NASA GLC",
        "severity": "medium"
      }
    },
    {
      "type": "Feature",
      "geometry": {
        "type": "Point",
        "coordinates": [
          73.0109,
          19.1993
        ]
      },
      "properties": {
        "date": "08/17/2010 12:00:00 AM",
        "location": "Sonabai Niwas(?), Kalwa, Mumbai",
        "state": "Maharashtra",
        "deaths": 0,
        "trigger": "downpour",
        "type": "landslide",
        "source": "NASA GLC",
        "severity": "medium"
      }
    },
    {
      "type": "Feature",
      "geometry": {
        "type": "Point",
        "coordinates": [
          88.2627,
          27.0375
        ]
      },
      "properties": {
        "date": "08/06/2010 12:00:00 AM",
        "location": "nan",
        "state": "Bengal",
        "deaths": 0,
        "trigger": "downpour",
        "type": "landslide",
        "source": "NASA GLC",
        "severity": "medium"
      }
    },
    {
      "type": "Feature",
      "geometry": {
        "type": "Point",
        "coordinates": [
          78.6171,
          30.7866
        ]
      },
      "properties": {
        "date": "07/25/2013 12:00:00 AM",
        "location": "Malla, Uttarkashi, Uttarakhand",
        "state": "Uttarakhand",
        "deaths": 0,
        "trigger": "continuous_rain",
        "type": "landslide",
        "source": "NASA GLC",
        "severity": "medium"
      }
    },
    {
      "type": "Feature",
      "geometry": {
        "type": "Point",
        "coordinates": [
          91.2698,
          25.4916
        ]
      },
      "properties": {
        "date": "06/28/2010 12:00:00 AM",
        "location": "Borsorsa(?), West Khasi Hills, Meghalaya",
        "state": "Megh\u0101laya",
        "deaths": 0,
        "trigger": "downpour",
        "type": "landslide",
        "source": "NASA GLC",
        "severity": "medium"
      }
    },
    {
      "type": "Feature",
      "geometry": {
        "type": "Point",
        "coordinates": [
          79.0278,
          30.4008
        ]
      },
      "properties": {
        "date": "09/03/2010 12:00:00 AM",
        "location": "Bhatwari, Rishikesh-Gangotri hwy",
        "state": "Uttarakhand",
        "deaths": 0,
        "trigger": "downpour",
        "type": "landslide",
        "source": "NASA GLC",
        "severity": "medium"
      }
    },
    {
      "type": "Feature",
      "geometry": {
        "type": "Point",
        "coordinates": [
          88.22551799,
          27.13862165
        ]
      },
      "properties": {
        "date": "08/23/2011 12:00:00 AM",
        "location": "Samathang, Sikkim",
        "state": "nan",
        "deaths": 0,
        "trigger": "downpour",
        "type": "landslide",
        "source": "NASA GLC",
        "severity": "medium"
      }
    },
    {
      "type": "Feature",
      "geometry": {
        "type": "Point",
        "coordinates": [
          74.9112,
          34.0935
        ]
      },
      "properties": {
        "date": "03/12/2007 12:00:00 AM",
        "location": "Jammu-Srinagar highway",
        "state": "Kashmir",
        "deaths": 0,
        "trigger": "rain",
        "type": "landslide",
        "source": "NASA GLC",
        "severity": "medium"
      }
    },
    {
      "type": "Feature",
      "geometry": {
        "type": "Point",
        "coordinates": [
          77.0198,
          9.5207
        ]
      },
      "properties": {
        "date": "06/02/2011 12:00:00 AM",
        "location": "Peermade(P\u012brmed), Idukki district, Kerala",
        "state": "Tamil Nadu",
        "deaths": 0,
        "trigger": "downpour",
        "type": "landslide",
        "source": "NASA GLC",
        "severity": "medium"
      }
    },
    {
      "type": "Feature",
      "geometry": {
        "type": "Point",
        "coordinates": [
          94.0,
          27.163
        ]
      },
      "properties": {
        "date": "08/14/2008 12:00:00 AM",
        "location": "Kimin-Ziro road in Papum Pare district, road between Doimukh and Sagalee, Doimukh-Hoj road; Arunachal Pradesh",
        "state": "Assam",
        "deaths": 0,
        "trigger": "rain",
        "type": "landslide",
        "source": "NASA GLC",
        "severity": "medium"
      }
    },
    {
      "type": "Feature",
      "geometry": {
        "type": "Point",
        "coordinates": [
          78.0906,
          30.9058
        ]
      },
      "properties": {
        "date": "07/24/2013 12:00:00 AM",
        "location": "Sunali, Uttarakhand",
        "state": "Uttarakhand",
        "deaths": 0,
        "trigger": "downpour",
        "type": "landslide",
        "source": "NASA GLC",
        "severity": "medium"
      }
    },
    {
      "type": "Feature",
      "geometry": {
        "type": "Point",
        "coordinates": [
          91.7697,
          26.1619
        ]
      },
      "properties": {
        "date": "06/27/2014 12:00:00 AM",
        "location": "Bhangagarh, Assam",
        "state": "Assam",
        "deaths": 0,
        "trigger": "rain",
        "type": "landslide",
        "source": "NASA GLC",
        "severity": "small"
      }
    },
    {
      "type": "Feature",
      "geometry": {
        "type": "Point",
        "coordinates": [
          74.9597,
          33.9639
        ]
      },
      "properties": {
        "date": "09/17/2012 12:00:00 AM",
        "location": "Srinagar-Jammu Hwy, between Sheeri and Banihal,  Jammu and Kashmir(midpoint)",
        "state": "Kashmir",
        "deaths": 0,
        "trigger": "downpour",
        "type": "landslide",
        "source": "NASA GLC",
        "severity": "medium"
      }
    },
    {
      "type": "Feature",
      "geometry": {
        "type": "Point",
        "coordinates": [
          93.9877,
          25.0604
        ]
      },
      "properties": {
        "date": "09/08/2007 12:00:00 AM",
        "location": "Lower Shajouba village near Tadubi along NH 39, Manipur ",
        "state": "Manipur",
        "deaths": 0,
        "trigger": "rain",
        "type": "landslide",
        "source": "NASA GLC",
        "severity": "medium"
      }
    },
    {
      "type": "Feature",
      "geometry": {
        "type": "Point",
        "coordinates": [
          77.0857,
          32.3665
        ]
      },
      "properties": {
        "date": "10/11/2013 03:00:00 PM",
        "location": "Shetidhar Peak, Himachal Pradesh",
        "state": "Himachal Pradesh",
        "deaths": 0,
        "trigger": "downpour",
        "type": "landslide",
        "source": "NASA GLC",
        "severity": "medium"
      }
    },
    {
      "type": "Feature",
      "geometry": {
        "type": "Point",
        "coordinates": [
          92.3567,
          25.0951
        ]
      },
      "properties": {
        "date": "06/13/2012 12:00:00 AM",
        "location": "NH44, Malidhor area,  Baleswar",
        "state": "Assam",
        "deaths": 0,
        "trigger": "downpour",
        "type": "landslide",
        "source": "NASA GLC",
        "severity": "medium"
      }
    },
    {
      "type": "Feature",
      "geometry": {
        "type": "Point",
        "coordinates": [
          79.3308,
          30.4043
        ]
      },
      "properties": {
        "date": "07/18/2013 12:00:00 AM",
        "location": "Chamoli District, Uttarakhand",
        "state": "Uttarakhand",
        "deaths": 0,
        "trigger": "downpour",
        "type": "landslide",
        "source": "NASA GLC",
        "severity": "medium"
      }
    },
    {
      "type": "Feature",
      "geometry": {
        "type": "Point",
        "coordinates": [
          78.6007,
          30.1454
        ]
      },
      "properties": {
        "date": "09/18/2010 12:00:00 AM",
        "location": "near Devprayag, Rishikesh-Badrinath hwy, ",
        "state": "Uttarakhand",
        "deaths": 0,
        "trigger": "downpour",
        "type": "landslide",
        "source": "NASA GLC",
        "severity": "medium"
      }
    },
    {
      "type": "Feature",
      "geometry": {
        "type": "Point",
        "coordinates": [
          83.8847,
          21.786
        ]
      },
      "properties": {
        "date": "08/10/2013 10:00:00 AM",
        "location": "A Coal Mine In Sundergarh District Of Odisha",
        "state": "Orissa",
        "deaths": 0,
        "trigger": "downpour",
        "type": "landslide",
        "source": "NASA GLC",
        "severity": "medium"
      }
    },
    {
      "type": "Feature",
      "geometry": {
        "type": "Point",
        "coordinates": [
          92.9064,
          27.2743
        ]
      },
      "properties": {
        "date": "07/16/2011 12:00:00 AM",
        "location": "Mebua (8 km from Seppa)",
        "state": "Arun\u0101chal Pradesh",
        "deaths": 0,
        "trigger": "downpour",
        "type": "landslide",
        "source": "NASA GLC",
        "severity": "medium"
      }
    },
    {
      "type": "Feature",
      "geometry": {
        "type": "Point",
        "coordinates": [
          88.4486,
          26.9343
        ]
      },
      "properties": {
        "date": "10/15/2016 12:00:00 AM",
        "location": "Kalijhora",
        "state": "West Bengal",
        "deaths": 0,
        "trigger": "downpour",
        "type": "rock_fall",
        "source": "NASA GLC",
        "severity": "small"
      }
    },
    {
      "type": "Feature",
      "geometry": {
        "type": "Point",
        "coordinates": [
          74.88567317,
          12.89307458
        ]
      },
      "properties": {
        "date": "06/27/2010 11:00:00 PM",
        "location": "again on tracks near Kulshekar, Mangalore",
        "state": "Karnataka",
        "deaths": 0,
        "trigger": "downpour",
        "type": "landslide",
        "source": "NASA GLC",
        "severity": "medium"
      }
    },
    {
      "type": "Feature",
      "geometry": {
        "type": "Point",
        "coordinates": [
          78.315,
          31.587
        ]
      },
      "properties": {
        "date": "09/19/2008 12:00:00 AM",
        "location": "NH 22, Kinnaur district",
        "state": "Himachal Pradesh",
        "deaths": 0,
        "trigger": "downpour",
        "type": "landslide",
        "source": "NASA GLC",
        "severity": "medium"
      }
    },
    {
      "type": "Feature",
      "geometry": {
        "type": "Point",
        "coordinates": [
          74.0227,
          34.0887
        ]
      },
      "properties": {
        "date": "10/21/2010 11:00:00 PM",
        "location": "Tikri village(?) near LoC, Uri sector, Baramulla district, Jammu and Kashmir",
        "state": "Kashmir",
        "deaths": 0,
        "trigger": "downpour",
        "type": "landslide",
        "source": "NASA GLC",
        "severity": "medium"
      }
    },
    {
      "type": "Feature",
      "geometry": {
        "type": "Point",
        "coordinates": [
          89.9032,
          25.7238
        ]
      },
      "properties": {
        "date": "09/23/2014 12:00:00 AM",
        "location": "Hatsingimari",
        "state": "Assam",
        "deaths": 0,
        "trigger": "continuous_rain",
        "type": "landslide",
        "source": "NASA GLC",
        "severity": "small"
      }
    },
    {
      "type": "Feature",
      "geometry": {
        "type": "Point",
        "coordinates": [
          88.3373,
          26.8546
        ]
      },
      "properties": {
        "date": "07/19/2012 12:00:00 AM",
        "location": "Tindharia railway maintenance shed",
        "state": "West Bengal",
        "deaths": 0,
        "trigger": "monsoon",
        "type": "landslide",
        "source": "NASA GLC",
        "severity": "medium"
      }
    },
    {
      "type": "Feature",
      "geometry": {
        "type": "Point",
        "coordinates": [
          76.7105,
          10.007
        ]
      },
      "properties": {
        "date": "08/17/2012 04:00:00 PM",
        "location": "Paingottoor, kerala, ",
        "state": "Kerala",
        "deaths": 0,
        "trigger": "downpour",
        "type": "landslide",
        "source": "NASA GLC",
        "severity": "medium"
      }
    },
    {
      "type": "Feature",
      "geometry": {
        "type": "Point",
        "coordinates": [
          92.8411,
          24.9849
        ]
      },
      "properties": {
        "date": "05/20/2008 12:00:00 AM",
        "location": "A Cachar District village, near village of Srinager, Assam",
        "state": "Assam",
        "deaths": 0,
        "trigger": "mining",
        "type": "mudslide",
        "source": "NASA GLC",
        "severity": "medium"
      }
    },
    {
      "type": "Feature",
      "geometry": {
        "type": "Point",
        "coordinates": [
          74.8333,
          33.0829
        ]
      },
      "properties": {
        "date": "08/20/2012 12:00:00 AM",
        "location": "Reasi, kashmir",
        "state": "Kashmir",
        "deaths": 0,
        "trigger": "downpour",
        "type": "landslide",
        "source": "NASA GLC",
        "severity": "medium"
      }
    },
    {
      "type": "Feature",
      "geometry": {
        "type": "Point",
        "coordinates": [
          77.13222306,
          31.69137979
        ]
      },
      "properties": {
        "date": "08/06/2011 10:00:00 PM",
        "location": "Manali highway near Hanogi temple in Mandi",
        "state": "Himachal Pradesh",
        "deaths": 0,
        "trigger": "continuous_rain",
        "type": "landslide",
        "source": "NASA GLC",
        "severity": "medium"
      }
    },
    {
      "type": "Feature",
      "geometry": {
        "type": "Point",
        "coordinates": [
          93.9854,
          25.5007
        ]
      },
      "properties": {
        "date": "07/22/2015 12:00:00 AM",
        "location": "Willong-Yangkhullen stretch",
        "state": "Manipur",
        "deaths": 0,
        "trigger": "continuous_rain",
        "type": "landslide",
        "source": "NASA GLC",
        "severity": "medium"
      }
    },
    {
      "type": "Feature",
      "geometry": {
        "type": "Point",
        "coordinates": [
          77.1793,
          31.1011
        ]
      },
      "properties": {
        "date": "07/07/2010 12:00:00 AM",
        "location": "upper Shimla, Himachal Pradesh",
        "state": "Himachal Pradesh",
        "deaths": 0,
        "trigger": "downpour",
        "type": "landslide",
        "source": "NASA GLC",
        "severity": "medium"
      }
    },
    {
      "type": "Feature",
      "geometry": {
        "type": "Point",
        "coordinates": [
          76.7329,
          9.9983
        ]
      },
      "properties": {
        "date": "06/22/2014 03:00:00 AM",
        "location": "Kadavoor, Kerala",
        "state": "Kerala",
        "deaths": 0,
        "trigger": "rain",
        "type": "landslide",
        "source": "NASA GLC",
        "severity": "medium"
      }
    },
    {
      "type": "Feature",
      "geometry": {
        "type": "Point",
        "coordinates": [
          93.125,
          24.3069
        ]
      },
      "properties": {
        "date": "09/16/2010 03:00:00 AM",
        "location": "Taithu village, Churanchandpur district, Mizoram, Manipur",
        "state": "Mizoram",
        "deaths": 0,
        "trigger": "downpour",
        "type": "landslide",
        "source": "NASA GLC",
        "severity": "medium"
      }
    },
    {
      "type": "Feature",
      "geometry": {
        "type": "Point",
        "coordinates": [
          94.1057,
          25.6263
        ]
      },
      "properties": {
        "date": "08/20/2015 06:00:00 PM",
        "location": "between Phesama and Kuima in Nagaland",
        "state": "Nagaland",
        "deaths": 0,
        "trigger": "continuous_rain",
        "type": "landslide",
        "source": "NASA GLC",
        "severity": "medium"
      }
    },
    {
      "type": "Feature",
      "geometry": {
        "type": "Point",
        "coordinates": [
          78.4862,
          30.3799
        ]
      },
      "properties": {
        "date": "07/11/2015 12:00:00 AM",
        "location": "Badrinath Highway near Mulygoan in Tihri",
        "state": "Uttarakhand",
        "deaths": 0,
        "trigger": "continuous_rain",
        "type": "landslide",
        "source": "NASA GLC",
        "severity": "medium"
      }
    },
    {
      "type": "Feature",
      "geometry": {
        "type": "Point",
        "coordinates": [
          77.9521,
          31.5041
        ]
      },
      "properties": {
        "date": "07/07/2010 12:00:00 AM",
        "location": "NH-22 between Rampur and Recong-Peo(Reckong Peo), Himachal Pradesh",
        "state": "Himachal Pradesh",
        "deaths": 0,
        "trigger": "downpour",
        "type": "landslide",
        "source": "NASA GLC",
        "severity": "medium"
      }
    },
    {
      "type": "Feature",
      "geometry": {
        "type": "Point",
        "coordinates": [
          73.3679,
          18.7687
        ]
      },
      "properties": {
        "date": "08/01/2015 03:15:00 PM",
        "location": "Khandala tunnel",
        "state": "Maharashtra",
        "deaths": 0,
        "trigger": "continuous_rain",
        "type": "rock_fall",
        "source": "NASA GLC",
        "severity": "medium"
      }
    },
    {
      "type": "Feature",
      "geometry": {
        "type": "Point",
        "coordinates": [
          74.0256,
          34.0901
        ]
      },
      "properties": {
        "date": "06/05/2010 12:00:00 AM",
        "location": "Laghama(?), Uri Sector, Baramulla district,Jammu and Kashmir",
        "state": "Kashmir",
        "deaths": 0,
        "trigger": "downpour",
        "type": "landslide",
        "source": "NASA GLC",
        "severity": "medium"
      }
    },
    {
      "type": "Feature",
      "geometry": {
        "type": "Point",
        "coordinates": [
          94.7596,
          28.1737
        ]
      },
      "properties": {
        "date": "08/18/2015 12:00:00 AM",
        "location": "Arunachal Pradesh",
        "state": "Arunachal Pradesh",
        "deaths": 0,
        "trigger": "unknown",
        "type": "landslide",
        "source": "NASA GLC",
        "severity": "medium"
      }
    },
    {
      "type": "Feature",
      "geometry": {
        "type": "Point",
        "coordinates": [
          74.9985,
          33.9337
        ]
      },
      "properties": {
        "date": "04/05/2008 12:00:00 AM",
        "location": "Panthial, 170 kilometres from Jammu, Jammu-Srinagar highway",
        "state": "Kashmir",
        "deaths": 0,
        "trigger": "rain",
        "type": "landslide",
        "source": "NASA GLC",
        "severity": "medium"
      }
    },
    {
      "type": "Feature",
      "geometry": {
        "type": "Point",
        "coordinates": [
          93.6086,
          27.0869
        ]
      },
      "properties": {
        "date": "08/17/2014 12:00:00 AM",
        "location": "Arunachal Pradesh/Itanagar",
        "state": "Arunachal Pradesh",
        "deaths": 0,
        "trigger": "downpour",
        "type": "landslide",
        "source": "NASA GLC",
        "severity": "large"
      }
    },
    {
      "type": "Feature",
      "geometry": {
        "type": "Point",
        "coordinates": [
          79.3532,
          29.913
        ]
      },
      "properties": {
        "date": "12/10/2011 12:00:00 AM",
        "location": "Uttarakhand ",
        "state": "Uttarakhand",
        "deaths": 0,
        "trigger": "downpour",
        "type": "landslide",
        "source": "NASA GLC",
        "severity": "medium"
      }
    },
    {
      "type": "Feature",
      "geometry": {
        "type": "Point",
        "coordinates": [
          88.2796,
          26.888
        ]
      },
      "properties": {
        "date": "10/15/2016 12:00:00 AM",
        "location": "Zero near Kurseong",
        "state": "West Bengal",
        "deaths": 0,
        "trigger": "unknown",
        "type": "landslide",
        "source": "NASA GLC",
        "severity": "medium"
      }
    },
    {
      "type": "Feature",
      "geometry": {
        "type": "Point",
        "coordinates": [
          76.2227,
          11.2695
        ]
      },
      "properties": {
        "date": "09/19/2009 12:00:00 AM",
        "location": "Nilambur, Malappuram, Kerala State",
        "state": "Kerala",
        "deaths": 0,
        "trigger": "downpour",
        "type": "landslide",
        "source": "NASA GLC",
        "severity": "medium"
      }
    },
    {
      "type": "Feature",
      "geometry": {
        "type": "Point",
        "coordinates": [
          73.5086,
          18.3978
        ]
      },
      "properties": {
        "date": "08/03/2016 09:00:00 AM",
        "location": "Lavasa near Ekaant Hotel Resort in Davse, Pune District, India",
        "state": "Maharashtra",
        "deaths": 0,
        "trigger": "downpour",
        "type": "landslide",
        "source": "NASA GLC",
        "severity": "medium"
      }
    },
    {
      "type": "Feature",
      "geometry": {
        "type": "Point",
        "coordinates": [
          93.0514,
          23.8447
        ]
      },
      "properties": {
        "date": "08/26/2015 12:00:00 AM",
        "location": "Phullen\u2019s main road",
        "state": "Mizoram",
        "deaths": 0,
        "trigger": "continuous_rain",
        "type": "mudslide",
        "source": "NASA GLC",
        "severity": "medium"
      }
    },
    {
      "type": "Feature",
      "geometry": {
        "type": "Point",
        "coordinates": [
          79.5682,
          28.8665
        ]
      },
      "properties": {
        "date": "08/12/2011 12:00:00 AM",
        "location": "Uttarakhand and the Uttar Pradesh",
        "state": "Uttarakhand",
        "deaths": 0,
        "trigger": "rain",
        "type": "landslide",
        "source": "NASA GLC",
        "severity": "large"
      }
    },
    {
      "type": "Feature",
      "geometry": {
        "type": "Point",
        "coordinates": [
          77.5874,
          34.1114
        ]
      },
      "properties": {
        "date": "08/06/2010 12:30:00 AM",
        "location": "Choglamsar(Choklamsar) village, Jammu and Kashmir",
        "state": "Kashmir",
        "deaths": 0,
        "trigger": "downpour",
        "type": "mudslide",
        "source": "NASA GLC",
        "severity": "very_large"
      }
    },
    {
      "type": "Feature",
      "geometry": {
        "type": "Point",
        "coordinates": [
          75.2439,
          33.2359
        ]
      },
      "properties": {
        "date": "03/10/2014 12:00:00 AM",
        "location": "Jammu and Kashmir",
        "state": "Kashmir",
        "deaths": 0,
        "trigger": "snowfall_snowmelt",
        "type": "landslide",
        "source": "NASA GLC",
        "severity": "medium"
      }
    },
    {
      "type": "Feature",
      "geometry": {
        "type": "Point",
        "coordinates": [
          74.4889,
          33.0365
        ]
      },
      "properties": {
        "date": "09/26/2014 12:00:00 AM",
        "location": "Surankote in Jammu and Kashmir",
        "state": "Kashmir",
        "deaths": 0,
        "trigger": "continuous_rain",
        "type": "landslide",
        "source": "NASA GLC",
        "severity": "medium"
      }
    },
    {
      "type": "Feature",
      "geometry": {
        "type": "Point",
        "coordinates": [
          91.8666,
          25.5772
        ]
      },
      "properties": {
        "date": "09/23/2014 03:00:00 AM",
        "location": "Mawbah under Mawprem area",
        "state": "Meghalaya",
        "deaths": 0,
        "trigger": "continuous_rain",
        "type": "landslide",
        "source": "NASA GLC",
        "severity": "small"
      }
    },
    {
      "type": "Feature",
      "geometry": {
        "type": "Point",
        "coordinates": [
          76.7898,
          9.9903
        ]
      },
      "properties": {
        "date": "10/17/2011 12:00:00 AM",
        "location": "Vannappuram, Kerala,",
        "state": "Kerala",
        "deaths": 0,
        "trigger": "downpour",
        "type": "landslide",
        "source": "NASA GLC",
        "severity": "medium"
      }
    },
    {
      "type": "Feature",
      "geometry": {
        "type": "Point",
        "coordinates": [
          73.46476377,
          16.94057232
        ]
      },
      "properties": {
        "date": "07/26/2010 12:00:00 AM",
        "location": "Nivsar, Maharashtra",
        "state": "Maharashtra",
        "deaths": 0,
        "trigger": "downpour",
        "type": "landslide",
        "source": "NASA GLC",
        "severity": "medium"
      }
    },
    {
      "type": "Feature",
      "geometry": {
        "type": "Point",
        "coordinates": [
          92.0757,
          25.5498
        ]
      },
      "properties": {
        "date": "06/13/2012 12:00:00 AM",
        "location": "NH44, Kuliang",
        "state": "Megh\u0101laya",
        "deaths": 0,
        "trigger": "downpour",
        "type": "landslide",
        "source": "NASA GLC",
        "severity": "medium"
      }
    },
    {
      "type": "Feature",
      "geometry": {
        "type": "Point",
        "coordinates": [
          88.28087032,
          26.88405686
        ]
      },
      "properties": {
        "date": "08/20/2009 08:30:00 PM",
        "location": "Kurseong, Darjeeling, West Bengal",
        "state": "Bengal",
        "deaths": 0,
        "trigger": "continuous_rain",
        "type": "landslide",
        "source": "NASA GLC",
        "severity": "medium"
      }
    },
    {
      "type": "Feature",
      "geometry": {
        "type": "Point",
        "coordinates": [
          93.5444,
          24.8142
        ]
      },
      "properties": {
        "date": "06/10/2012 12:00:00 AM",
        "location": "Imphal-Jiribam section of NH-37 , Manipur",
        "state": "Manipur",
        "deaths": 0,
        "trigger": "downpour",
        "type": "landslide",
        "source": "NASA GLC",
        "severity": "very_large"
      }
    },
    {
      "type": "Feature",
      "geometry": {
        "type": "Point",
        "coordinates": [
          88.2426,
          27.3425
        ]
      },
      "properties": {
        "date": "09/01/2013 06:00:00 PM",
        "location": "Tamabong Village In Sikkim State",
        "state": "Sikkim",
        "deaths": 0,
        "trigger": "downpour",
        "type": "landslide",
        "source": "NASA GLC",
        "severity": "medium"
      }
    },
    {
      "type": "Feature",
      "geometry": {
        "type": "Point",
        "coordinates": [
          76.9101,
          11.3237
        ]
      },
      "properties": {
        "date": "11/07/2015 12:00:00 AM",
        "location": "Nilgiri Mountain Rail's Mettupalayam-Kallar sectors",
        "state": "Tamil Nadu",
        "deaths": 0,
        "trigger": "unknown",
        "type": "rock_fall",
        "source": "NASA GLC",
        "severity": "small"
      }
    },
    {
      "type": "Feature",
      "geometry": {
        "type": "Point",
        "coordinates": [
          79.3211,
          29.5477
        ]
      },
      "properties": {
        "date": "09/19/2010 12:00:00 AM",
        "location": "roads to Rani Khet(Ranikhet) and Jolle Kote(?), Uttarakhand",
        "state": "Uttarakhand",
        "deaths": 0,
        "trigger": "downpour",
        "type": "landslide",
        "source": "NASA GLC",
        "severity": "medium"
      }
    },
    {
      "type": "Feature",
      "geometry": {
        "type": "Point",
        "coordinates": [
          77.5435,
          30.6358
        ]
      },
      "properties": {
        "date": "07/17/2010 12:00:00 AM",
        "location": "Lana Mashoor(?) and Lana Polar(?) and Sewn(?) villages, Sirmaur district",
        "state": "Himachal Pradesh",
        "deaths": 0,
        "trigger": "downpour",
        "type": "landslide",
        "source": "NASA GLC",
        "severity": "medium"
      }
    },
    {
      "type": "Feature",
      "geometry": {
        "type": "Point",
        "coordinates": [
          92.801,
          25.0477
        ]
      },
      "properties": {
        "date": "07/25/2010 12:00:00 AM",
        "location": "road between Halfong and Redzol(?) or Silchar, Assam",
        "state": "Assam",
        "deaths": 0,
        "trigger": "downpour",
        "type": "landslide",
        "source": "NASA GLC",
        "severity": "medium"
      }
    },
    {
      "type": "Feature",
      "geometry": {
        "type": "Point",
        "coordinates": [
          94.04619681,
          25.70223725
        ]
      },
      "properties": {
        "date": "08/13/2010 12:00:00 AM",
        "location": "NH-39 near Kohima Municipality Council(KMC) dumping ground, between Zubza(Sechu) and Kohima, Nagaland",
        "state": "N\u0101g\u0101land",
        "deaths": 0,
        "trigger": "downpour",
        "type": "landslide",
        "source": "NASA GLC",
        "severity": "medium"
      }
    },
    {
      "type": "Feature",
      "geometry": {
        "type": "Point",
        "coordinates": [
          88.1069,
          27.1176
        ]
      },
      "properties": {
        "date": "07/20/2016 12:00:00 AM",
        "location": "Rimbik, Darjeeling, West Bengal state, India",
        "state": "West Bengal",
        "deaths": 0,
        "trigger": "downpour",
        "type": "landslide",
        "source": "NASA GLC",
        "severity": "large"
      }
    },
    {
      "type": "Feature",
      "geometry": {
        "type": "Point",
        "coordinates": [
          77.2847,
          30.7395
        ]
      },
      "properties": {
        "date": "08/24/2012 12:00:00 AM",
        "location": "Sirmaur, Himachal Pradesh,",
        "state": "Himachal Pradesh",
        "deaths": 0,
        "trigger": "downpour",
        "type": "landslide",
        "source": "NASA GLC",
        "severity": "medium"
      }
    },
    {
      "type": "Feature",
      "geometry": {
        "type": "Point",
        "coordinates": [
          76.1201,
          32.5655
        ]
      },
      "properties": {
        "date": "02/16/2012 12:00:00 AM",
        "location": "Tawari bridge, Chamba district of Himachal Pradesh",
        "state": "Himachal Pradesh",
        "deaths": 0,
        "trigger": "downpour",
        "type": "landslide",
        "source": "NASA GLC",
        "severity": "medium"
      }
    },
    {
      "type": "Feature",
      "geometry": {
        "type": "Point",
        "coordinates": [
          75.1922,
          33.3376
        ]
      },
      "properties": {
        "date": "02/26/2015 12:00:00 AM",
        "location": "Ramsu",
        "state": "Kashmir",
        "deaths": 0,
        "trigger": "unknown",
        "type": "landslide",
        "source": "NASA GLC",
        "severity": "medium"
      }
    },
    {
      "type": "Feature",
      "geometry": {
        "type": "Point",
        "coordinates": [
          94.5247,
          26.3185
        ]
      },
      "properties": {
        "date": "06/14/2016 08:00:00 AM",
        "location": "lower Majakong Ward, Mokokchung, Nagaland, India",
        "state": "Nagaland",
        "deaths": 0,
        "trigger": "continuous_rain",
        "type": "landslide",
        "source": "NASA GLC",
        "severity": "medium"
      }
    },
    {
      "type": "Feature",
      "geometry": {
        "type": "Point",
        "coordinates": [
          78.2253,
          11.81
        ]
      },
      "properties": {
        "date": "09/07/2015 12:00:00 AM",
        "location": "Manjakuttai, Tamil Nadu, India",
        "state": "Tamil Nadu",
        "deaths": 0,
        "trigger": "unknown",
        "type": "landslide",
        "source": "NASA GLC",
        "severity": "medium"
      }
    },
    {
      "type": "Feature",
      "geometry": {
        "type": "Point",
        "coordinates": [
          74.056,
          34.0823
        ]
      },
      "properties": {
        "date": "03/11/2014 12:00:00 AM",
        "location": "Azad Jammu and Kashmir",
        "state": "Kashmir",
        "deaths": 0,
        "trigger": "continuous_rain",
        "type": "landslide",
        "source": "NASA GLC",
        "severity": "large"
      }
    },
    {
      "type": "Feature",
      "geometry": {
        "type": "Point",
        "coordinates": [
          76.2833,
          32.2108
        ]
      },
      "properties": {
        "date": "06/12/2013 12:00:00 AM",
        "location": "Gharao Village, Near Holi Township",
        "state": "Himachal Pradesh",
        "deaths": 0,
        "trigger": "downpour",
        "type": "landslide",
        "source": "NASA GLC",
        "severity": "medium"
      }
    },
    {
      "type": "Feature",
      "geometry": {
        "type": "Point",
        "coordinates": [
          91.7896,
          26.1844
        ]
      },
      "properties": {
        "date": "06/26/2014 11:00:00 PM",
        "location": "Bamunimaidam",
        "state": "Assam",
        "deaths": 0,
        "trigger": "continuous_rain",
        "type": "landslide",
        "source": "NASA GLC",
        "severity": "small"
      }
    },
    {
      "type": "Feature",
      "geometry": {
        "type": "Point",
        "coordinates": [
          72.9981,
          19.1355
        ]
      },
      "properties": {
        "date": "08/28/2011 12:00:00 AM",
        "location": "Rabale",
        "state": "Maharashtra",
        "deaths": 0,
        "trigger": "continuous_rain",
        "type": "landslide",
        "source": "NASA GLC",
        "severity": "medium"
      }
    },
    {
      "type": "Feature",
      "geometry": {
        "type": "Point",
        "coordinates": [
          75.4446,
          34.2607
        ]
      },
      "properties": {
        "date": "05/30/2015 12:00:00 AM",
        "location": "Zojila Pass",
        "state": "Kashmir",
        "deaths": 0,
        "trigger": "rain",
        "type": "landslide",
        "source": "NASA GLC",
        "severity": "small"
      }
    },
    {
      "type": "Feature",
      "geometry": {
        "type": "Point",
        "coordinates": [
          78.1443,
          30.4517
        ]
      },
      "properties": {
        "date": "07/24/2015 12:00:00 AM",
        "location": "Kempty Road near Sia village",
        "state": "Uttarakhand",
        "deaths": 0,
        "trigger": "continuous_rain",
        "type": "landslide",
        "source": "NASA GLC",
        "severity": "small"
      }
    },
    {
      "type": "Feature",
      "geometry": {
        "type": "Point",
        "coordinates": [
          77.3544,
          30.6738
        ]
      },
      "properties": {
        "date": "06/16/2013 12:00:00 AM",
        "location": "Sirmaur District, Himachal Pradesh",
        "state": "Himachal Pradesh",
        "deaths": 0,
        "trigger": "rain",
        "type": "landslide",
        "source": "NASA GLC",
        "severity": "medium"
      }
    },
    {
      "type": "Feature",
      "geometry": {
        "type": "Point",
        "coordinates": [
          94.0691,
          24.2451
        ]
      },
      "properties": {
        "date": "09/10/2007 12:00:00 AM",
        "location": "Wamkhu village along the Tengnoupal-Joupi road in Chandel district",
        "state": "Manipur",
        "deaths": 0,
        "trigger": "rain",
        "type": "landslide",
        "source": "NASA GLC",
        "severity": "medium"
      }
    },
    {
      "type": "Feature",
      "geometry": {
        "type": "Point",
        "coordinates": [
          75.8466,
          32.5764
        ]
      },
      "properties": {
        "date": "08/27/2011 12:00:00 AM",
        "location": "Basohli-Bani road",
        "state": "Kashmir",
        "deaths": 0,
        "trigger": "downpour",
        "type": "landslide",
        "source": "NASA GLC",
        "severity": "medium"
      }
    },
    {
      "type": "Feature",
      "geometry": {
        "type": "Point",
        "coordinates": [
          77.7274,
          20.855
        ]
      },
      "properties": {
        "date": "06/20/2012 05:45:00 PM",
        "location": "Hwy 123, Badnera, Maharashtra,",
        "state": "Maharashtra",
        "deaths": 0,
        "trigger": "downpour",
        "type": "landslide",
        "source": "NASA GLC",
        "severity": "large"
      }
    },
    {
      "type": "Feature",
      "geometry": {
        "type": "Point",
        "coordinates": [
          77.3265,
          34.3061
        ]
      },
      "properties": {
        "date": "08/06/2010 12:30:00 AM",
        "location": "Ney village, Ladakh, Jammu and Kashmir",
        "state": "Kashmir",
        "deaths": 0,
        "trigger": "downpour",
        "type": "landslide",
        "source": "NASA GLC",
        "severity": "large"
      }
    },
    {
      "type": "Feature",
      "geometry": {
        "type": "Point",
        "coordinates": [
          77.209,
          31.1066
        ]
      },
      "properties": {
        "date": "07/05/2012 12:00:00 AM",
        "location": "Dhalli, Himachal Pradesh",
        "state": "Himachal Pradesh",
        "deaths": 0,
        "trigger": "downpour",
        "type": "landslide",
        "source": "NASA GLC",
        "severity": "medium"
      }
    },
    {
      "type": "Feature",
      "geometry": {
        "type": "Point",
        "coordinates": [
          94.1136,
          25.6237
        ]
      },
      "properties": {
        "date": "08/12/2015 12:00:00 AM",
        "location": "Phesama village",
        "state": "Nagaland",
        "deaths": 0,
        "trigger": "continuous_rain",
        "type": "mudslide",
        "source": "NASA GLC",
        "severity": "medium"
      }
    },
    {
      "type": "Feature",
      "geometry": {
        "type": "Point",
        "coordinates": [
          75.8011,
          33.1595
        ]
      },
      "properties": {
        "date": "02/06/2010 12:00:00 AM",
        "location": "Srinagar-Jammu highway near Asar, Doda and Kishtwar districts",
        "state": "Kashmir",
        "deaths": 0,
        "trigger": "downpour",
        "type": "landslide",
        "source": "NASA GLC",
        "severity": "medium"
      }
    },
    {
      "type": "Feature",
      "geometry": {
        "type": "Point",
        "coordinates": [
          88.2779,
          26.8811
        ]
      },
      "properties": {
        "date": "07/01/2015 12:00:00 AM",
        "location": "Kurseong",
        "state": "West Bengal",
        "deaths": 0,
        "trigger": "downpour",
        "type": "landslide",
        "source": "NASA GLC",
        "severity": "medium"
      }
    },
    {
      "type": "Feature",
      "geometry": {
        "type": "Point",
        "coordinates": [
          78.0501,
          15.8294
        ]
      },
      "properties": {
        "date": "06/25/2007 12:00:00 AM",
        "location": "Kurnool",
        "state": "Andhra Pradesh",
        "deaths": 0,
        "trigger": "rain",
        "type": "landslide",
        "source": "NASA GLC",
        "severity": "medium"
      }
    },
    {
      "type": "Feature",
      "geometry": {
        "type": "Point",
        "coordinates": [
          76.3738,
          9.9431
        ]
      },
      "properties": {
        "date": "08/02/2014 09:00:00 AM",
        "location": "Thiruvankulam, Kerala",
        "state": "Kerala",
        "deaths": 0,
        "trigger": "continuous_rain",
        "type": "landslide",
        "source": "NASA GLC",
        "severity": "small"
      }
    },
    {
      "type": "Feature",
      "geometry": {
        "type": "Point",
        "coordinates": [
          80.6296,
          16.5121
        ]
      },
      "properties": {
        "date": "05/20/2010 11:00:00 PM",
        "location": "Vijaywada(Vijayawada)",
        "state": "Andhra Pradesh",
        "deaths": 0,
        "trigger": "tropical_cyclone",
        "type": "landslide",
        "source": "NASA GLC",
        "severity": "medium"
      }
    },
    {
      "type": "Feature",
      "geometry": {
        "type": "Point",
        "coordinates": [
          88.3651,
          27.1675
        ]
      },
      "properties": {
        "date": "09/16/2012 12:00:00 AM",
        "location": "Namchi to Phongla, Namchi to Melli ,Namchi to Sumbuk",
        "state": "Sikkim",
        "deaths": 0,
        "trigger": "downpour",
        "type": "landslide",
        "source": "NASA GLC",
        "severity": "medium"
      }
    },
    {
      "type": "Feature",
      "geometry": {
        "type": "Point",
        "coordinates": [
          75.1892,
          32.99
        ]
      },
      "properties": {
        "date": "06/21/2016 12:00:00 AM",
        "location": "Jammu-Srinagar national highway at Samroli, India",
        "state": "Kashmir",
        "deaths": 0,
        "trigger": "downpour",
        "type": "landslide",
        "source": "NASA GLC",
        "severity": "medium"
      }
    },
    {
      "type": "Feature",
      "geometry": {
        "type": "Point",
        "coordinates": [
          78.3233,
          30.6179
        ]
      },
      "properties": {
        "date": "08/17/2012 12:00:00 AM",
        "location": "Gangotri-Rishikesh hwy, Uttarakhand (mid-point of road -exact location unknown)",
        "state": "Uttarakhand",
        "deaths": 0,
        "trigger": "downpour",
        "type": "landslide",
        "source": "NASA GLC",
        "severity": "medium"
      }
    },
    {
      "type": "Feature",
      "geometry": {
        "type": "Point",
        "coordinates": [
          75.1916877,
          33.3390327
        ]
      },
      "properties": {
        "date": "03/19/2011 12:00:00 AM",
        "location": "Jammu-Srinagar hwy, Panthal, Ramban, Jammu and Kashmir",
        "state": "Kashmir",
        "deaths": 0,
        "trigger": "downpour",
        "type": "landslide",
        "source": "NASA GLC",
        "severity": "medium"
      }
    },
    {
      "type": "Feature",
      "geometry": {
        "type": "Point",
        "coordinates": [
          77.09,
          31.13
        ]
      },
      "properties": {
        "date": "08/08/2008 12:00:00 AM",
        "location": "Barog, Shimla; Chandigarh-Shimla national highway",
        "state": "Himachal Pradesh",
        "deaths": 0,
        "trigger": "rain",
        "type": "landslide",
        "source": "NASA GLC",
        "severity": "medium"
      }
    },
    {
      "type": "Feature",
      "geometry": {
        "type": "Point",
        "coordinates": [
          77.2466,
          32.3709
        ]
      },
      "properties": {
        "date": "06/14/2011 12:00:00 AM",
        "location": "The Leh-Manali hwy, Himachal Pradesh",
        "state": "Himachal Pradesh",
        "deaths": 0,
        "trigger": "downpour",
        "type": "landslide",
        "source": "NASA GLC",
        "severity": "medium"
      }
    },
    {
      "type": "Feature",
      "geometry": {
        "type": "Point",
        "coordinates": [
          94.0644,
          24.4072
        ]
      },
      "properties": {
        "date": "08/01/2015 12:00:00 AM",
        "location": "between Bongyang and Lokchao along the Imphal-Moreh highway",
        "state": "Manipur",
        "deaths": 0,
        "trigger": "continuous_rain",
        "type": "landslide",
        "source": "NASA GLC",
        "severity": "medium"
      }
    },
    {
      "type": "Feature",
      "geometry": {
        "type": "Point",
        "coordinates": [
          79.2143,
          30.3629
        ]
      },
      "properties": {
        "date": "07/10/2013 04:30:00 AM",
        "location": "Bhikona Village, Pokhri Block, Chamoli Village, Uttarakhand",
        "state": "Uttarakhand",
        "deaths": 0,
        "trigger": "rain",
        "type": "landslide",
        "source": "NASA GLC",
        "severity": "medium"
      }
    },
    {
      "type": "Feature",
      "geometry": {
        "type": "Point",
        "coordinates": [
          92.694,
          23.7527
        ]
      },
      "properties": {
        "date": "09/16/2010 12:00:00 AM",
        "location": "Aizawl-Lengpui rd 3km from Aizawl, Mizoram, Manipur",
        "state": "Mizoram",
        "deaths": 0,
        "trigger": "downpour",
        "type": "landslide",
        "source": "NASA GLC",
        "severity": "medium"
      }
    },
    {
      "type": "Feature",
      "geometry": {
        "type": "Point",
        "coordinates": [
          74.9397,
          33.0107
        ]
      },
      "properties": {
        "date": "10/22/2010 12:00:00 AM",
        "location": "near Himkoti(?), on road to Bhawan(Vaishno Devi temple) at Katra, Jammu and Kashmir",
        "state": "Kashmir",
        "deaths": 0,
        "trigger": "downpour",
        "type": "landslide",
        "source": "NASA GLC",
        "severity": "medium"
      }
    },
    {
      "type": "Feature",
      "geometry": {
        "type": "Point",
        "coordinates": [
          79.0666,
          30.7351
        ]
      },
      "properties": {
        "date": "06/16/2013 07:30:00 PM",
        "location": "Kedarnath (Hindu Shrine), Near Kedarnath Dome (Mountain), Uttarakhand",
        "state": "Uttarakhand",
        "deaths": 0,
        "trigger": "downpour",
        "type": "debris_flow",
        "source": "NASA GLC",
        "severity": "very_large"
      }
    },
    {
      "type": "Feature",
      "geometry": {
        "type": "Point",
        "coordinates": [
          94.25,
          26.138
        ]
      },
      "properties": {
        "date": "08/19/2008 12:00:00 AM",
        "location": "Akuk village, Wokha District, Nagaland",
        "state": "N\u0101g\u0101land",
        "deaths": 0,
        "trigger": "downpour",
        "type": "mudslide",
        "source": "NASA GLC",
        "severity": "medium"
      }
    },
    {
      "type": "Feature",
      "geometry": {
        "type": "Point",
        "coordinates": [
          77.1104,
          31.958
        ]
      },
      "properties": {
        "date": "08/11/2010 05:00:00 AM",
        "location": "Kullu, Himachal Pradesh",
        "state": "Himachal Pradesh",
        "deaths": 0,
        "trigger": "downpour",
        "type": "landslide",
        "source": "NASA GLC",
        "severity": "medium"
      }
    },
    {
      "type": "Feature",
      "geometry": {
        "type": "Point",
        "coordinates": [
          76.5516,
          10.9654
        ]
      },
      "properties": {
        "date": "10/09/2014 12:00:00 AM",
        "location": "Carmel School in Palakkayam",
        "state": "Kerala",
        "deaths": 0,
        "trigger": "flooding",
        "type": "debris_flow",
        "source": "NASA GLC",
        "severity": "medium"
      }
    },
    {
      "type": "Feature",
      "geometry": {
        "type": "Point",
        "coordinates": [
          94.0573,
          23.9939
        ]
      },
      "properties": {
        "date": "08/01/2015 12:00:00 AM",
        "location": "near S Lamphei Lamkhai and Sehlon village",
        "state": "Manipur",
        "deaths": 0,
        "trigger": "continuous_rain",
        "type": "landslide",
        "source": "NASA GLC",
        "severity": "medium"
      }
    },
    {
      "type": "Feature",
      "geometry": {
        "type": "Point",
        "coordinates": [
          91.72137514,
          26.49349035
        ]
      },
      "properties": {
        "date": "09/01/2015 12:00:00 AM",
        "location": "Amingaon",
        "state": "Assam",
        "deaths": 0,
        "trigger": "rain",
        "type": "landslide",
        "source": "NASA GLC",
        "severity": "medium"
      }
    },
    {
      "type": "Feature",
      "geometry": {
        "type": "Point",
        "coordinates": [
          77.899,
          11.3742
        ]
      },
      "properties": {
        "date": "10/31/2015 12:00:00 AM",
        "location": "Arthanareeswarar Temple",
        "state": "Tamil Nadu",
        "deaths": 0,
        "trigger": "downpour",
        "type": "landslide",
        "source": "NASA GLC",
        "severity": "small"
      }
    },
    {
      "type": "Feature",
      "geometry": {
        "type": "Point",
        "coordinates": [
          78.1677,
          29.9551
        ]
      },
      "properties": {
        "date": "07/17/2016 09:00:00 AM",
        "location": "Railway tunnel a few kilometres from the Haridwar railway station, between Haridwar and Dehradun, Uttarakhand, India",
        "state": "Uttarakhand",
        "deaths": 0,
        "trigger": "downpour",
        "type": "mudslide",
        "source": "NASA GLC",
        "severity": "medium"
      }
    },
    {
      "type": "Feature",
      "geometry": {
        "type": "Point",
        "coordinates": [
          77.8876,
          33.303
        ]
      },
      "properties": {
        "date": "09/16/2012 12:00:00 AM",
        "location": "Manali-Leh hwy, Kullu",
        "state": "Kashmir",
        "deaths": 0,
        "trigger": "downpour",
        "type": "landslide",
        "source": "NASA GLC",
        "severity": "medium"
      }
    },
    {
      "type": "Feature",
      "geometry": {
        "type": "Point",
        "coordinates": [
          77.187,
          32.1896
        ]
      },
      "properties": {
        "date": "07/25/2011 08:00:00 AM",
        "location": "Manali-Leh road, rohtang Pass",
        "state": "Himachal Pradesh",
        "deaths": 0,
        "trigger": "downpour",
        "type": "landslide",
        "source": "NASA GLC",
        "severity": "medium"
      }
    },
    {
      "type": "Feature",
      "geometry": {
        "type": "Point",
        "coordinates": [
          77.1498,
          9.8232
        ]
      },
      "properties": {
        "date": "08/17/2012 12:00:00 AM",
        "location": "Idukki-Kattappana Rd, kerala\u00a0(Mid-point of rd)",
        "state": "Tamil Nadu",
        "deaths": 0,
        "trigger": "downpour",
        "type": "landslide",
        "source": "NASA GLC",
        "severity": "medium"
      }
    },
    {
      "type": "Feature",
      "geometry": {
        "type": "Point",
        "coordinates": [
          94.1066,
          25.67
        ]
      },
      "properties": {
        "date": "08/29/2008 12:00:00 AM",
        "location": "Kohima, Nagaland",
        "state": "N\u0101g\u0101land",
        "deaths": 0,
        "trigger": "downpour",
        "type": "complex",
        "source": "NASA GLC",
        "severity": "medium"
      }
    },
    {
      "type": "Feature",
      "geometry": {
        "type": "Point",
        "coordinates": [
          80.6525,
          16.5157
        ]
      },
      "properties": {
        "date": "08/31/2010 09:00:00 AM",
        "location": "Brahmananda Reddy Nagar(?), Machavaram, Vijayawada city, Andhra Pradesh",
        "state": "Andhra Pradesh",
        "deaths": 0,
        "trigger": "downpour",
        "type": "landslide",
        "source": "NASA GLC",
        "severity": "medium"
      }
    },
    {
      "type": "Feature",
      "geometry": {
        "type": "Point",
        "coordinates": [
          74.9489,
          33.0289
        ]
      },
      "properties": {
        "date": "01/03/2010 02:00:00 AM",
        "location": "Vaishnodevi in Trikuta hills of Reasi district",
        "state": "Kashmir",
        "deaths": 0,
        "trigger": "downpour",
        "type": "landslide",
        "source": "NASA GLC",
        "severity": "medium"
      }
    },
    {
      "type": "Feature",
      "geometry": {
        "type": "Point",
        "coordinates": [
          78.6167,
          31.8833
        ]
      },
      "properties": {
        "date": "09/10/2009 12:00:00 AM",
        "location": "Kaza-Kinnaur highway near Nako, Spiti Valley, Himachal Pradesh",
        "state": "Himachal Pradesh",
        "deaths": 0,
        "trigger": "downpour",
        "type": "landslide",
        "source": "NASA GLC",
        "severity": "medium"
      }
    },
    {
      "type": "Feature",
      "geometry": {
        "type": "Point",
        "coordinates": [
          76.7606,
          10.0486
        ]
      },
      "properties": {
        "date": "08/05/2013 12:00:00 AM",
        "location": "Villanchira, Near Neryamangalam",
        "state": "Kerala",
        "deaths": 0,
        "trigger": "unknown",
        "type": "landslide",
        "source": "NASA GLC",
        "severity": "medium"
      }
    },
    {
      "type": "Feature",
      "geometry": {
        "type": "Point",
        "coordinates": [
          77.5971,
          34.1482
        ]
      },
      "properties": {
        "date": "08/06/2010 12:30:00 AM",
        "location": "eastern edge of Leh city, Ladakh, Jammu and Kashmir",
        "state": "Kashmir",
        "deaths": 0,
        "trigger": "downpour",
        "type": "landslide",
        "source": "NASA GLC",
        "severity": "large"
      }
    },
    {
      "type": "Feature",
      "geometry": {
        "type": "Point",
        "coordinates": [
          76.8806,
          11.338
        ]
      },
      "properties": {
        "date": "10/21/2012 09:00:00 AM",
        "location": "(Rail track between Kallar and Burliar)Tamil Nadu",
        "state": "Tamil Nadu",
        "deaths": 0,
        "trigger": "rain",
        "type": "landslide",
        "source": "NASA GLC",
        "severity": "medium"
      }
    },
    {
      "type": "Feature",
      "geometry": {
        "type": "Point",
        "coordinates": [
          93.8443,
          24.9356
        ]
      },
      "properties": {
        "date": "07/31/2010 09:00:00 AM",
        "location": "Dimapur-Imphal highway (NH 39) near Manipur",
        "state": "Manipur",
        "deaths": 0,
        "trigger": "rain",
        "type": "landslide",
        "source": "NASA GLC",
        "severity": "medium"
      }
    },
    {
      "type": "Feature",
      "geometry": {
        "type": "Point",
        "coordinates": [
          77.1103,
          30.9086
        ]
      },
      "properties": {
        "date": "09/19/2010 12:00:00 AM",
        "location": "near Solan, Kalka-Shimla hwy, Himachal Pradesh",
        "state": "Himachal Pradesh",
        "deaths": 0,
        "trigger": "downpour",
        "type": "landslide",
        "source": "NASA GLC",
        "severity": "medium"
      }
    },
    {
      "type": "Feature",
      "geometry": {
        "type": "Point",
        "coordinates": [
          88.4659,
          27.0638
        ]
      },
      "properties": {
        "date": "06/20/2011 08:30:00 PM",
        "location": "Birik on NH31A, Kalimpong",
        "state": "Bengal",
        "deaths": 0,
        "trigger": "rain",
        "type": "landslide",
        "source": "NASA GLC",
        "severity": "medium"
      }
    },
    {
      "type": "Feature",
      "geometry": {
        "type": "Point",
        "coordinates": [
          73.0226,
          19.0811
        ]
      },
      "properties": {
        "date": "06/18/2013 10:30:00 AM",
        "location": "Sainath Stone Quarry, Rikunda Village, Turbhe, Navi Mumbai, Maharashtra",
        "state": "Maharashtra",
        "deaths": 0,
        "trigger": "continuous_rain",
        "type": "landslide",
        "source": "NASA GLC",
        "severity": "medium"
      }
    },
    {
      "type": "Feature",
      "geometry": {
        "type": "Point",
        "coordinates": [
          77.0588,
          30.8974
        ]
      },
      "properties": {
        "date": "10/03/2016 11:00:00 AM",
        "location": "Chakki-Ka-Mor, about 10 km from Parwanoo",
        "state": "Himachal Pradesh",
        "deaths": 0,
        "trigger": "construction",
        "type": "landslide",
        "source": "NASA GLC",
        "severity": "medium"
      }
    },
    {
      "type": "Feature",
      "geometry": {
        "type": "Point",
        "coordinates": [
          73.593,
          16.9214
        ]
      },
      "properties": {
        "date": "06/25/2013 10:15:00 AM",
        "location": "Konkan Railway Tracks Close To Adavali Station, Ratnagiri, Maharashtra",
        "state": "Maharashtra",
        "deaths": 0,
        "trigger": "monsoon",
        "type": "mudslide",
        "source": "NASA GLC",
        "severity": "medium"
      }
    },
    {
      "type": "Feature",
      "geometry": {
        "type": "Point",
        "coordinates": [
          76.853,
          32.6598
        ]
      },
      "properties": {
        "date": "07/07/2010 12:00:00 AM",
        "location": "Kala Nalah(?), Keylong-Udaipur rd, Himachal Pradesh",
        "state": "Himachal Pradesh",
        "deaths": 0,
        "trigger": "downpour",
        "type": "landslide",
        "source": "NASA GLC",
        "severity": "medium"
      }
    },
    {
      "type": "Feature",
      "geometry": {
        "type": "Point",
        "coordinates": [
          79.5269,
          30.6494
        ]
      },
      "properties": {
        "date": "08/15/2015 12:00:00 AM",
        "location": "Lambagadh",
        "state": "Uttarakhand",
        "deaths": 0,
        "trigger": "continuous_rain",
        "type": "landslide",
        "source": "NASA GLC",
        "severity": "medium"
      }
    },
    {
      "type": "Feature",
      "geometry": {
        "type": "Point",
        "coordinates": [
          77.1402,
          31.0722
        ]
      },
      "properties": {
        "date": "07/02/2013 11:00:00 PM",
        "location": "Press Colony, Near Taradevi, Himachal Pradesh",
        "state": "Himachal Pradesh",
        "deaths": 0,
        "trigger": "downpour",
        "type": "landslide",
        "source": "NASA GLC",
        "severity": "medium"
      }
    },
    {
      "type": "Feature",
      "geometry": {
        "type": "Point",
        "coordinates": [
          74.6264,
          33.0498
        ]
      },
      "properties": {
        "date": "08/14/2013 12:00:00 AM",
        "location": "Jammu-Poonch Highway Near Kalidhar",
        "state": "Kashmir",
        "deaths": 0,
        "trigger": "downpour",
        "type": "landslide",
        "source": "NASA GLC",
        "severity": "medium"
      }
    },
    {
      "type": "Feature",
      "geometry": {
        "type": "Point",
        "coordinates": [
          93.5039,
          24.7543
        ]
      },
      "properties": {
        "date": "06/07/2010 12:00:00 AM",
        "location": "Irang(?) and Barak(?) and Makru(?) on highway 53 between Imphal and Jiribam, Manipur",
        "state": "Manipur",
        "deaths": 0,
        "trigger": "rain",
        "type": "landslide",
        "source": "NASA GLC",
        "severity": "medium"
      }
    },
    {
      "type": "Feature",
      "geometry": {
        "type": "Point",
        "coordinates": [
          72.8102,
          18.9774
        ]
      },
      "properties": {
        "date": "08/29/2011 12:30:00 PM",
        "location": "the 10-storeyed Hill View building the 10-storeyed Hill View building",
        "state": "Maharashtra",
        "deaths": 0,
        "trigger": "downpour",
        "type": "landslide",
        "source": "NASA GLC",
        "severity": "medium"
      }
    },
    {
      "type": "Feature",
      "geometry": {
        "type": "Point",
        "coordinates": [
          77.4138,
          32.7571
        ]
      },
      "properties": {
        "date": "08/04/2010 12:00:00 AM",
        "location": "Baralacha La and Rahni Nallah, Himachal Pradesh along Manali \u2013 Leh highway",
        "state": "Himachal Pradesh",
        "deaths": 0,
        "trigger": "downpour",
        "type": "landslide",
        "source": "NASA GLC",
        "severity": "medium"
      }
    },
    {
      "type": "Feature",
      "geometry": {
        "type": "Point",
        "coordinates": [
          74.2562,
          33.3852
        ]
      },
      "properties": {
        "date": "08/09/2015 01:00:00 PM",
        "location": "Khwas tehsil of Rajouri district",
        "state": "Kashmir",
        "deaths": 0,
        "trigger": "downpour",
        "type": "landslide",
        "source": "NASA GLC",
        "severity": "medium"
      }
    },
    {
      "type": "Feature",
      "geometry": {
        "type": "Point",
        "coordinates": [
          77.089,
          30.895
        ]
      },
      "properties": {
        "date": "12/21/2008 12:00:00 AM",
        "location": "Kalka-Shimla rail line, 1 km from Dharampur railway station at Tunnel No. 27",
        "state": "Himachal Pradesh",
        "deaths": 0,
        "trigger": "unknown",
        "type": "rock_fall",
        "source": "NASA GLC",
        "severity": "medium"
      }
    },
    {
      "type": "Feature",
      "geometry": {
        "type": "Point",
        "coordinates": [
          92.7362,
          23.7131
        ]
      },
      "properties": {
        "date": "06/19/2015 12:00:00 AM",
        "location": "Muanna locality, Mizoram",
        "state": "Mizoram",
        "deaths": 0,
        "trigger": "rain",
        "type": "landslide",
        "source": "NASA GLC",
        "severity": "medium"
      }
    },
    {
      "type": "Feature",
      "geometry": {
        "type": "Point",
        "coordinates": [
          77.1645,
          31.1
        ]
      },
      "properties": {
        "date": "09/19/2008 12:00:00 AM",
        "location": "Rohru,Theog and Chopal sub-divisions, Shimla, Himachal Pradesh",
        "state": "Himachal Pradesh",
        "deaths": 0,
        "trigger": "downpour",
        "type": "landslide",
        "source": "NASA GLC",
        "severity": "large"
      }
    },
    {
      "type": "Feature",
      "geometry": {
        "type": "Point",
        "coordinates": [
          94.9439,
          26.3897
        ]
      },
      "properties": {
        "date": "08/16/2013 12:00:00 AM",
        "location": "Tobu, Nagaland",
        "state": "N\u0101g\u0101land",
        "deaths": 0,
        "trigger": "rain",
        "type": "landslide",
        "source": "NASA GLC",
        "severity": "medium"
      }
    },
    {
      "type": "Feature",
      "geometry": {
        "type": "Point",
        "coordinates": [
          78.63,
          31.8931
        ]
      },
      "properties": {
        "date": "07/27/2013 12:00:00 AM",
        "location": "Malling, Himachal Pradesh",
        "state": "Himachal Pradesh",
        "deaths": 0,
        "trigger": "mining",
        "type": "landslide",
        "source": "NASA GLC",
        "severity": "medium"
      }
    },
    {
      "type": "Feature",
      "geometry": {
        "type": "Point",
        "coordinates": [
          80.8576,
          30.1719
        ]
      },
      "properties": {
        "date": "07/04/2013 12:00:00 AM",
        "location": "Gunji, Uttarakhand",
        "state": "Uttarakhand",
        "deaths": 0,
        "trigger": "continuous_rain",
        "type": "landslide",
        "source": "NASA GLC",
        "severity": "medium"
      }
    },
    {
      "type": "Feature",
      "geometry": {
        "type": "Point",
        "coordinates": [
          73.6608,
          16.5676
        ]
      },
      "properties": {
        "date": "07/22/2010 12:00:00 AM",
        "location": "Rajapur-Vaibhavwadi section of the Konkan railway",
        "state": "Maharashtra",
        "deaths": 0,
        "trigger": "downpour",
        "type": "landslide",
        "source": "NASA GLC",
        "severity": "medium"
      }
    },
    {
      "type": "Feature",
      "geometry": {
        "type": "Point",
        "coordinates": [
          73.5027,
          17.0661
        ]
      },
      "properties": {
        "date": "08/18/2010 04:30:00 AM",
        "location": "Pomendi Hill(?), Goa-Mumbai Konkan railway, both sides of Ratnagiri, Maharashtra",
        "state": "Maharashtra",
        "deaths": 0,
        "trigger": "downpour",
        "type": "landslide",
        "source": "NASA GLC",
        "severity": "medium"
      }
    },
    {
      "type": "Feature",
      "geometry": {
        "type": "Point",
        "coordinates": [
          77.1751,
          31.1003
        ]
      },
      "properties": {
        "date": "07/26/2015 12:00:00 AM",
        "location": "Shimla",
        "state": "Himachal Pradesh",
        "deaths": 0,
        "trigger": "continuous_rain",
        "type": "landslide",
        "source": "NASA GLC",
        "severity": "small"
      }
    },
    {
      "type": "Feature",
      "geometry": {
        "type": "Point",
        "coordinates": [
          75.6157,
          32.6175
        ]
      },
      "properties": {
        "date": "08/20/2015 12:00:00 AM",
        "location": "Morha-Chuhara village in Billawar tehsil",
        "state": "Kashmir",
        "deaths": 0,
        "trigger": "unknown",
        "type": "landslide",
        "source": "NASA GLC",
        "severity": "medium"
      }
    },
    {
      "type": "Feature",
      "geometry": {
        "type": "Point",
        "coordinates": [
          92.3807,
          25.1416
        ]
      },
      "properties": {
        "date": "08/19/2015 12:00:00 AM",
        "location": "Tongseng",
        "state": "Meghalaya",
        "deaths": 0,
        "trigger": "rain",
        "type": "landslide",
        "source": "NASA GLC",
        "severity": "small"
      }
    },
    {
      "type": "Feature",
      "geometry": {
        "type": "Point",
        "coordinates": [
          78.8578,
          31.0358
        ]
      },
      "properties": {
        "date": "08/01/2015 12:00:00 AM",
        "location": "Gangotri highway",
        "state": "Uttarakhand",
        "deaths": 0,
        "trigger": "continuous_rain",
        "type": "rock_fall",
        "source": "NASA GLC",
        "severity": "medium"
      }
    },
    {
      "type": "Feature",
      "geometry": {
        "type": "Point",
        "coordinates": [
          80.2364,
          30.0705
        ]
      },
      "properties": {
        "date": "07/19/2015 03:00:00 PM",
        "location": "Sandrathi village of Munsiyari block of Pithoragarh district",
        "state": "Uttarakhand",
        "deaths": 0,
        "trigger": "monsoon",
        "type": "rock_fall",
        "source": "NASA GLC",
        "severity": "small"
      }
    },
    {
      "type": "Feature",
      "geometry": {
        "type": "Point",
        "coordinates": [
          92.72124394,
          23.73478778
        ]
      },
      "properties": {
        "date": "10/05/2009 12:00:00 AM",
        "location": "Chhinga Veng, Aizawl",
        "state": "Mizoram",
        "deaths": 0,
        "trigger": "downpour",
        "type": "landslide",
        "source": "NASA GLC",
        "severity": "medium"
      }
    },
    {
      "type": "Feature",
      "geometry": {
        "type": "Point",
        "coordinates": [
          91.7825,
          26.1961
        ]
      },
      "properties": {
        "date": "06/22/2016 12:00:00 PM",
        "location": "Piyali Phukan Nagar, Guwahati, India",
        "state": "Assam",
        "deaths": 0,
        "trigger": "downpour",
        "type": "mudslide",
        "source": "NASA GLC",
        "severity": "medium"
      }
    },
    {
      "type": "Feature",
      "geometry": {
        "type": "Point",
        "coordinates": [
          92.3636,
          25.0728
        ]
      },
      "properties": {
        "date": "08/19/2015 12:00:00 AM",
        "location": "National Highway at Kuliang",
        "state": "Meghalaya",
        "deaths": 0,
        "trigger": "rain",
        "type": "landslide",
        "source": "NASA GLC",
        "severity": "medium"
      }
    },
    {
      "type": "Feature",
      "geometry": {
        "type": "Point",
        "coordinates": [
          76.933,
          31.7099
        ]
      },
      "properties": {
        "date": "07/10/2011 12:00:00 AM",
        "location": "Mandi district",
        "state": "Himachal Pradesh",
        "deaths": 0,
        "trigger": "downpour",
        "type": "landslide",
        "source": "NASA GLC",
        "severity": "medium"
      }
    },
    {
      "type": "Feature",
      "geometry": {
        "type": "Point",
        "coordinates": [
          88.5294,
          27.1758
        ]
      },
      "properties": {
        "date": "01/14/2016 05:15:00 AM",
        "location": "NH10 in Rangpo",
        "state": "West Bengal",
        "deaths": 0,
        "trigger": "unknown",
        "type": "rock_fall",
        "source": "NASA GLC",
        "severity": "medium"
      }
    },
    {
      "type": "Feature",
      "geometry": {
        "type": "Point",
        "coordinates": [
          75.2102,
          33.2504
        ]
      },
      "properties": {
        "date": "07/12/2015 12:00:00 AM",
        "location": "Seri in Ramban along Jammu-Srinagar National Highway",
        "state": "Kashmir",
        "deaths": 0,
        "trigger": "continuous_rain",
        "type": "landslide",
        "source": "NASA GLC",
        "severity": "small"
      }
    },
    {
      "type": "Feature",
      "geometry": {
        "type": "Point",
        "coordinates": [
          73.9239,
          15.3826
        ]
      },
      "properties": {
        "date": "09/01/2012 04:30:00 AM",
        "location": "Toyota Showroom, Goa, India",
        "state": "Goa",
        "deaths": 0,
        "trigger": "downpour",
        "type": "landslide",
        "source": "NASA GLC",
        "severity": "medium"
      }
    },
    {
      "type": "Feature",
      "geometry": {
        "type": "Point",
        "coordinates": [
          77.0958,
          30.9012
        ]
      },
      "properties": {
        "date": "08/14/2010 12:00:00 AM",
        "location": "nan",
        "state": "Himachal Pradesh",
        "deaths": 0,
        "trigger": "downpour",
        "type": "landslide",
        "source": "NASA GLC",
        "severity": "medium"
      }
    },
    {
      "type": "Feature",
      "geometry": {
        "type": "Point",
        "coordinates": [
          75.2405,
          33.2394
        ]
      },
      "properties": {
        "date": "05/14/2014 12:00:00 AM",
        "location": "Ramban",
        "state": "Kashmir",
        "deaths": 0,
        "trigger": "rain",
        "type": "landslide",
        "source": "NASA GLC",
        "severity": "small"
      }
    },
    {
      "type": "Feature",
      "geometry": {
        "type": "Point",
        "coordinates": [
          88.5292,
          27.172
        ]
      },
      "properties": {
        "date": "10/15/2016 12:00:00 AM",
        "location": "Rangpo",
        "state": "Sikkim",
        "deaths": 0,
        "trigger": "downpour",
        "type": "landslide",
        "source": "NASA GLC",
        "severity": "medium"
      }
    },
    {
      "type": "Feature",
      "geometry": {
        "type": "Point",
        "coordinates": [
          77.5768,
          34.1534
        ]
      },
      "properties": {
        "date": "06/08/2012 12:00:00 AM",
        "location": "Khardung la Pass, Leh district",
        "state": "Kashmir",
        "deaths": 0,
        "trigger": "downpour",
        "type": "landslide",
        "source": "NASA GLC",
        "severity": "medium"
      }
    },
    {
      "type": "Feature",
      "geometry": {
        "type": "Point",
        "coordinates": [
          84.0696,
          24.0406
        ]
      },
      "properties": {
        "date": "07/18/2015 05:30:00 PM",
        "location": "Kharganjuwa hill near Barki Lami pahar 30km from Daltonganj",
        "state": "Jharkhand",
        "deaths": 0,
        "trigger": "continuous_rain",
        "type": "mudslide",
        "source": "NASA GLC",
        "severity": "medium"
      }
    },
    {
      "type": "Feature",
      "geometry": {
        "type": "Point",
        "coordinates": [
          78.9829,
          30.2853
        ]
      },
      "properties": {
        "date": "09/14/2012 08:00:00 AM",
        "location": "Rudraprayag, Uttarakhand",
        "state": "Uttarakhand",
        "deaths": 0,
        "trigger": "downpour",
        "type": "landslide",
        "source": "NASA GLC",
        "severity": "very_large"
      }
    },
    {
      "type": "Feature",
      "geometry": {
        "type": "Point",
        "coordinates": [
          75.5526,
          33.1488
        ]
      },
      "properties": {
        "date": "04/17/2011 12:00:00 AM",
        "location": "Kundial village(?) or Bopa Pull(?) of Kashtigarh(Kastigarh )(?) or Bhogal village(?), Doda district, Jammu",
        "state": "Kashmir",
        "deaths": 0,
        "trigger": "downpour",
        "type": "landslide",
        "source": "NASA GLC",
        "severity": "medium"
      }
    },
    {
      "type": "Feature",
      "geometry": {
        "type": "Point",
        "coordinates": [
          77.8561,
          31.5728
        ]
      },
      "properties": {
        "date": "08/29/2016 11:00:00 PM",
        "location": "NH-05 near Chaura village",
        "state": "Himachal Pradesh",
        "deaths": 0,
        "trigger": "continuous_rain",
        "type": "rock_fall",
        "source": "NASA GLC",
        "severity": "medium"
      }
    },
    {
      "type": "Feature",
      "geometry": {
        "type": "Point",
        "coordinates": [
          76.8267,
          11.3403
        ]
      },
      "properties": {
        "date": "05/04/2014 12:00:00 AM",
        "location": "Adderlie near Coonoor",
        "state": "Tamil Nadu",
        "deaths": 0,
        "trigger": "rain",
        "type": "landslide",
        "source": "NASA GLC",
        "severity": "small"
      }
    },
    {
      "type": "Feature",
      "geometry": {
        "type": "Point",
        "coordinates": [
          75.4189,
          34.258
        ]
      },
      "properties": {
        "date": "07/24/2015 12:00:00 AM",
        "location": "Baltal",
        "state": "Kashmir",
        "deaths": 0,
        "trigger": "continuous_rain",
        "type": "landslide",
        "source": "NASA GLC",
        "severity": "medium"
      }
    },
    {
      "type": "Feature",
      "geometry": {
        "type": "Point",
        "coordinates": [
          79.0853,
          30.5345
        ]
      },
      "properties": {
        "date": "10/18/2013 09:00:00 AM",
        "location": "National Highway 109, Uttarakhand",
        "state": "Uttarakhand",
        "deaths": 0,
        "trigger": "rain",
        "type": "landslide",
        "source": "NASA GLC",
        "severity": "medium"
      }
    },
    {
      "type": "Feature",
      "geometry": {
        "type": "Point",
        "coordinates": [
          76.2851,
          34.4332
        ]
      },
      "properties": {
        "date": "08/01/2013 08:00:00 PM",
        "location": "Pushkum In Kargil, Kashmir",
        "state": "Kashmir",
        "deaths": 0,
        "trigger": "downpour",
        "type": "landslide",
        "source": "NASA GLC",
        "severity": "medium"
      }
    },
    {
      "type": "Feature",
      "geometry": {
        "type": "Point",
        "coordinates": [
          80.6053,
          16.5141
        ]
      },
      "properties": {
        "date": "08/26/2010 09:00:00 AM",
        "location": "ghat road leading to Sri Kanakadurga(Kanaka Durga) temple, Indrakeeladri hill, Vijayawada city, Andhra Pradesh",
        "state": "Andhra Pradesh",
        "deaths": 0,
        "trigger": "downpour",
        "type": "complex",
        "source": "NASA GLC",
        "severity": "medium"
      }
    },
    {
      "type": "Feature",
      "geometry": {
        "type": "Point",
        "coordinates": [
          92.7187,
          23.7313
        ]
      },
      "properties": {
        "date": "09/14/2015 01:30:00 AM",
        "location": "Aizawl, Mizoram, India",
        "state": "Mizoram",
        "deaths": 0,
        "trigger": "downpour",
        "type": "landslide",
        "source": "NASA GLC",
        "severity": "medium"
      }
    },
    {
      "type": "Feature",
      "geometry": {
        "type": "Point",
        "coordinates": [
          76.3902,
          9.8988
        ]
      },
      "properties": {
        "date": "09/24/2010 01:00:00 AM",
        "location": "rail line between Mulanthuruthy and Piravom near Mulanthruth, Kerala",
        "state": "Kerala",
        "deaths": 0,
        "trigger": "downpour",
        "type": "landslide",
        "source": "NASA GLC",
        "severity": "medium"
      }
    },
    {
      "type": "Feature",
      "geometry": {
        "type": "Point",
        "coordinates": [
          88.28,
          26.89
        ]
      },
      "properties": {
        "date": "06/29/2008 12:00:00 AM",
        "location": "Kurseong sub division, Mamring",
        "state": "Bengal",
        "deaths": 0,
        "trigger": "unknown",
        "type": "landslide",
        "source": "NASA GLC",
        "severity": "medium"
      }
    },
    {
      "type": "Feature",
      "geometry": {
        "type": "Point",
        "coordinates": [
          76.9844,
          30.7059
        ]
      },
      "properties": {
        "date": "09/11/2010 04:00:00 PM",
        "location": "Mandana(Madana) village(?), Panchkula-Morni rd, 20 km from Panchkula, Haryana",
        "state": "Haryana",
        "deaths": 0,
        "trigger": "downpour",
        "type": "landslide",
        "source": "NASA GLC",
        "severity": "medium"
      }
    },
    {
      "type": "Feature",
      "geometry": {
        "type": "Point",
        "coordinates": [
          83.1809,
          19.5178
        ]
      },
      "properties": {
        "date": "05/18/2008 12:00:00 AM",
        "location": "Kalahandi district of Orissa, Depur village",
        "state": "Orissa",
        "deaths": 0,
        "trigger": "mining",
        "type": "landslide",
        "source": "NASA GLC",
        "severity": "medium"
      }
    },
    {
      "type": "Feature",
      "geometry": {
        "type": "Point",
        "coordinates": [
          74.2798,
          34.4002
        ]
      },
      "properties": {
        "date": "04/04/2016 12:00:00 AM",
        "location": "Hanjishat village in Handwara area of Kupwara district",
        "state": "Kashmir",
        "deaths": 0,
        "trigger": "continuous_rain",
        "type": "landslide",
        "source": "NASA GLC",
        "severity": "small"
      }
    },
    {
      "type": "Feature",
      "geometry": {
        "type": "Point",
        "coordinates": [
          88.2833,
          26.8833
        ]
      },
      "properties": {
        "date": "09/07/2007 12:00:00 AM",
        "location": "Darjeeling Hills, multiple villages in area (Kurseong, Kalimpong, Bhalukopa, Kukhleinkhani)",
        "state": "Bengal",
        "deaths": 0,
        "trigger": "rain",
        "type": "landslide",
        "source": "NASA GLC",
        "severity": "medium"
      }
    },
    {
      "type": "Feature",
      "geometry": {
        "type": "Point",
        "coordinates": [
          78.0949,
          30.3822
        ]
      },
      "properties": {
        "date": "07/31/2013 08:00:00 AM",
        "location": "Dehradun, Uttarakhand",
        "state": "Uttarakhand",
        "deaths": 0,
        "trigger": "downpour",
        "type": "landslide",
        "source": "NASA GLC",
        "severity": "medium"
      }
    },
    {
      "type": "Feature",
      "geometry": {
        "type": "Point",
        "coordinates": [
          74.3836,
          34.0786
        ]
      },
      "properties": {
        "date": "03/15/2015 12:00:00 AM",
        "location": "Bandibala",
        "state": "Kashmir",
        "deaths": 0,
        "trigger": "continuous_rain",
        "type": "landslide",
        "source": "NASA GLC",
        "severity": "medium"
      }
    },
    {
      "type": "Feature",
      "geometry": {
        "type": "Point",
        "coordinates": [
          76.9316,
          31.7083
        ]
      },
      "properties": {
        "date": "08/07/2011 07:00:00 AM",
        "location": "On the Manali highway near Mandi",
        "state": "Himachal Pradesh",
        "deaths": 0,
        "trigger": "downpour",
        "type": "landslide",
        "source": "NASA GLC",
        "severity": "medium"
      }
    },
    {
      "type": "Feature",
      "geometry": {
        "type": "Point",
        "coordinates": [
          78.4594,
          30.9936
        ]
      },
      "properties": {
        "date": "08/18/2014 12:00:00 AM",
        "location": "Yamunotri route",
        "state": "Uttarakhand",
        "deaths": 0,
        "trigger": "downpour",
        "type": "landslide",
        "source": "NASA GLC",
        "severity": "medium"
      }
    },
    {
      "type": "Feature",
      "geometry": {
        "type": "Point",
        "coordinates": [
          74.2566,
          14.7395
        ]
      },
      "properties": {
        "date": "10/02/2009 12:00:00 AM",
        "location": "National Highway 17 between Karwar and Ankola (",
        "state": "Karnataka",
        "deaths": 0,
        "trigger": "downpour",
        "type": "landslide",
        "source": "NASA GLC",
        "severity": "medium"
      }
    },
    {
      "type": "Feature",
      "geometry": {
        "type": "Point",
        "coordinates": [
          73.7767,
          19.3379
        ]
      },
      "properties": {
        "date": "07/25/2013 05:00:00 AM",
        "location": "Malshej Ghat, Maharashtra",
        "state": "Maharashtra",
        "deaths": 0,
        "trigger": "downpour",
        "type": "rock_fall",
        "source": "NASA GLC",
        "severity": "medium"
      }
    },
    {
      "type": "Feature",
      "geometry": {
        "type": "Point",
        "coordinates": [
          93.6795,
          25.1604
        ]
      },
      "properties": {
        "date": "03/04/2012 12:00:00 AM",
        "location": "Tamei constituency in Tamenlong district",
        "state": "Manipur",
        "deaths": 0,
        "trigger": "unknown",
        "type": "landslide",
        "source": "NASA GLC",
        "severity": "medium"
      }
    },
    {
      "type": "Feature",
      "geometry": {
        "type": "Point",
        "coordinates": [
          76.69,
          11.41
        ]
      },
      "properties": {
        "date": "06/25/2008 12:00:00 AM",
        "location": "Udhagamandalam",
        "state": "Tamil Nadu",
        "deaths": 0,
        "trigger": "downpour",
        "type": "landslide",
        "source": "NASA GLC",
        "severity": "medium"
      }
    },
    {
      "type": "Feature",
      "geometry": {
        "type": "Point",
        "coordinates": [
          76.9424,
          31.7018
        ]
      },
      "properties": {
        "date": "07/07/2013 12:00:00 AM",
        "location": "Mandi Gurdwara, Himachal Pradesh",
        "state": "Himachal Pradesh",
        "deaths": 0,
        "trigger": "downpour",
        "type": "landslide",
        "source": "NASA GLC",
        "severity": "small"
      }
    },
    {
      "type": "Feature",
      "geometry": {
        "type": "Point",
        "coordinates": [
          88.609,
          27.337
        ]
      },
      "properties": {
        "date": "08/28/2008 12:00:00 AM",
        "location": "Ranka, Sikkim and Louing road",
        "state": "Sikkim",
        "deaths": 0,
        "trigger": "downpour",
        "type": "landslide",
        "source": "NASA GLC",
        "severity": "medium"
      }
    },
    {
      "type": "Feature",
      "geometry": {
        "type": "Point",
        "coordinates": [
          88.6087,
          27.322
        ]
      },
      "properties": {
        "date": "04/17/2010 12:00:00 AM",
        "location": "Nam Nang, Gangtok",
        "state": "Sikkim",
        "deaths": 0,
        "trigger": "downpour",
        "type": "landslide",
        "source": "NASA GLC",
        "severity": "small"
      }
    },
    {
      "type": "Feature",
      "geometry": {
        "type": "Point",
        "coordinates": [
          95.8776,
          28.4298
        ]
      },
      "properties": {
        "date": "05/31/2010 12:00:00 AM",
        "location": "Anini-Roing road,  Dibang Valley,  Arunachal Pradesh ",
        "state": "Arun\u0101chal Pradesh",
        "deaths": 0,
        "trigger": "downpour",
        "type": "landslide",
        "source": "NASA GLC",
        "severity": "medium"
      }
    },
    {
      "type": "Feature",
      "geometry": {
        "type": "Point",
        "coordinates": [
          73.009,
          19.19
        ]
      },
      "properties": {
        "date": "06/21/2016 09:00:00 AM",
        "location": "Parsik Tunnel between Thane and Kalyan railway stations, India",
        "state": "Maharashtra",
        "deaths": 0,
        "trigger": "downpour",
        "type": "landslide",
        "source": "NASA GLC",
        "severity": "small"
      }
    },
    {
      "type": "Feature",
      "geometry": {
        "type": "Point",
        "coordinates": [
          92.7264,
          24.5204
        ]
      },
      "properties": {
        "date": "05/18/2016 08:00:00 AM",
        "location": "Bilaipur, Hailakandi district, Assam, India",
        "state": "Assam",
        "deaths": 0,
        "trigger": "continuous_rain",
        "type": "landslide",
        "source": "NASA GLC",
        "severity": "unknown"
      }
    },
    {
      "type": "Feature",
      "geometry": {
        "type": "Point",
        "coordinates": [
          92.6351,
          27.0136
        ]
      },
      "properties": {
        "date": "07/01/2016 12:00:00 AM",
        "location": "Old Inspection Bungalow, Bhalukpong town, West Kameng, Arunachal Pradesh, India",
        "state": "Arunachal Pradesh",
        "deaths": 0,
        "trigger": "downpour",
        "type": "landslide",
        "source": "NASA GLC",
        "severity": "large"
      }
    },
    {
      "type": "Feature",
      "geometry": {
        "type": "Point",
        "coordinates": [
          77.1935,
          32.3237
        ]
      },
      "properties": {
        "date": "07/08/2011 12:00:00 AM",
        "location": "Manali-Leh highway",
        "state": "Himachal Pradesh",
        "deaths": 0,
        "trigger": "rain",
        "type": "landslide",
        "source": "NASA GLC",
        "severity": "medium"
      }
    },
    {
      "type": "Feature",
      "geometry": {
        "type": "Point",
        "coordinates": [
          75.4466,
          34.2601
        ]
      },
      "properties": {
        "date": "08/13/2013 12:00:00 AM",
        "location": "Zojila Pass",
        "state": "Kashmir",
        "deaths": 0,
        "trigger": "downpour",
        "type": "landslide",
        "source": "NASA GLC",
        "severity": "medium"
      }
    },
    {
      "type": "Feature",
      "geometry": {
        "type": "Point",
        "coordinates": [
          72.8406,
          19.1209
        ]
      },
      "properties": {
        "date": "06/12/2015 11:15:00 AM",
        "location": "Gilbert Hill, Andheri West, Mumbai",
        "state": "Maharashtra",
        "deaths": 0,
        "trigger": "downpour",
        "type": "landslide",
        "source": "NASA GLC",
        "severity": "small"
      }
    },
    {
      "type": "Feature",
      "geometry": {
        "type": "Point",
        "coordinates": [
          88.5577,
          27.7167
        ]
      },
      "properties": {
        "date": "06/03/2012 12:00:00 AM",
        "location": "lachen, Sikkim",
        "state": "nan",
        "deaths": 0,
        "trigger": "downpour",
        "type": "landslide",
        "source": "NASA GLC",
        "severity": "medium"
      }
    },
    {
      "type": "Feature",
      "geometry": {
        "type": "Point",
        "coordinates": [
          75.2476,
          12.8446
        ]
      },
      "properties": {
        "date": "06/18/2013 08:00:00 AM",
        "location": "Tottilagundi, Dakshina Kannada District",
        "state": "Karnataka",
        "deaths": 0,
        "trigger": "rain",
        "type": "landslide",
        "source": "NASA GLC",
        "severity": "medium"
      }
    },
    {
      "type": "Feature",
      "geometry": {
        "type": "Point",
        "coordinates": [
          76.9408,
          9.8306
        ]
      },
      "properties": {
        "date": "06/02/2011 12:00:00 AM",
        "location": "Idukki taluk, Kerala",
        "state": "Kerala",
        "deaths": 0,
        "trigger": "downpour",
        "type": "landslide",
        "source": "NASA GLC",
        "severity": "medium"
      }
    },
    {
      "type": "Feature",
      "geometry": {
        "type": "Point",
        "coordinates": [
          93.6287,
          27.0998
        ]
      },
      "properties": {
        "date": "06/14/2008 12:00:00 AM",
        "location": "Itanagar-Naharlagun, Arunachal Pradesh",
        "state": "Arun\u0101chal Pradesh",
        "deaths": 0,
        "trigger": "rain",
        "type": "landslide",
        "source": "NASA GLC",
        "severity": "large"
      }
    },
    {
      "type": "Feature",
      "geometry": {
        "type": "Point",
        "coordinates": [
          78.8847,
          30.2485
        ]
      },
      "properties": {
        "date": "07/06/2010 12:00:00 AM",
        "location": "highway to Rudraprayag district, Uttarakhand",
        "state": "Uttarakhand",
        "deaths": 0,
        "trigger": "downpour",
        "type": "landslide",
        "source": "NASA GLC",
        "severity": "medium"
      }
    },
    {
      "type": "Feature",
      "geometry": {
        "type": "Point",
        "coordinates": [
          75.2406,
          33.2395
        ]
      },
      "properties": {
        "date": "07/22/2014 05:30:00 AM",
        "location": "Ramban, Kashmir",
        "state": "Kashmir",
        "deaths": 0,
        "trigger": "rain",
        "type": "landslide",
        "source": "NASA GLC",
        "severity": "small"
      }
    },
    {
      "type": "Feature",
      "geometry": {
        "type": "Point",
        "coordinates": [
          91.7599,
          26.1771
        ]
      },
      "properties": {
        "date": "05/11/2013 12:00:00 AM",
        "location": "Sarania Hills, North Guwahati, Guwahati, Assam,",
        "state": "Assam",
        "deaths": 0,
        "trigger": "rain",
        "type": "landslide",
        "source": "NASA GLC",
        "severity": "medium"
      }
    },
    {
      "type": "Feature",
      "geometry": {
        "type": "Point",
        "coordinates": [
          84.0502,
          19.1008
        ]
      },
      "properties": {
        "date": "10/12/2014 12:00:00 AM",
        "location": "Putupadal gram panchayat in Nuagada block",
        "state": "Odisha",
        "deaths": 0,
        "trigger": "tropical_cyclone",
        "type": "landslide",
        "source": "NASA GLC",
        "severity": "medium"
      }
    },
    {
      "type": "Feature",
      "geometry": {
        "type": "Point",
        "coordinates": [
          75.5844,
          12.7796
        ]
      },
      "properties": {
        "date": "10/03/2010 07:00:00 PM",
        "location": "nan",
        "state": "Karnataka",
        "deaths": 0,
        "trigger": "unknown",
        "type": "landslide",
        "source": "NASA GLC",
        "severity": "medium"
      }
    },
    {
      "type": "Feature",
      "geometry": {
        "type": "Point",
        "coordinates": [
          75.1994,
          32.9961
        ]
      },
      "properties": {
        "date": "08/08/2015 12:00:00 AM",
        "location": "Jammu-Srinagar National Highway at Kheri in Udhampur district",
        "state": "Kashmir",
        "deaths": 0,
        "trigger": "downpour",
        "type": "landslide",
        "source": "NASA GLC",
        "severity": "medium"
      }
    },
    {
      "type": "Feature",
      "geometry": {
        "type": "Point",
        "coordinates": [
          95.4993,
          26.9986
        ]
      },
      "properties": {
        "date": "06/25/2012 12:00:00 AM",
        "location": "Khonsa, Arunachal Pradesh",
        "state": "Arun\u0101chal Pradesh",
        "deaths": 0,
        "trigger": "downpour",
        "type": "landslide",
        "source": "NASA GLC",
        "severity": "medium"
      }
    },
    {
      "type": "Feature",
      "geometry": {
        "type": "Point",
        "coordinates": [
          93.8067,
          25.7713
        ]
      },
      "properties": {
        "date": "08/13/2011 08:00:00 AM",
        "location": "Chumukedima, Dimapur",
        "state": "Assam",
        "deaths": 0,
        "trigger": "downpour",
        "type": "mudslide",
        "source": "NASA GLC",
        "severity": "medium"
      }
    },
    {
      "type": "Feature",
      "geometry": {
        "type": "Point",
        "coordinates": [
          88.6556,
          27.0875
        ]
      },
      "properties": {
        "date": "06/30/2015 12:00:00 AM",
        "location": "Lava, Kalimpong",
        "state": "West Bengal",
        "deaths": 0,
        "trigger": "downpour",
        "type": "landslide",
        "source": "NASA GLC",
        "severity": "medium"
      }
    },
    {
      "type": "Feature",
      "geometry": {
        "type": "Point",
        "coordinates": [
          79.349,
          30.4
        ]
      },
      "properties": {
        "date": "07/30/2007 12:00:00 AM",
        "location": "Chamoli",
        "state": "Uttarakhand",
        "deaths": 0,
        "trigger": "downpour",
        "type": "landslide",
        "source": "NASA GLC",
        "severity": "medium"
      }
    },
    {
      "type": "Feature",
      "geometry": {
        "type": "Point",
        "coordinates": [
          74.0226,
          34.0942
        ]
      },
      "properties": {
        "date": "08/19/2013 12:00:00 AM",
        "location": "Dara Gutli Village Of Uri Sector In North Kashmir'S Baramulla District",
        "state": "Kashmir",
        "deaths": 0,
        "trigger": "tropical_cyclone",
        "type": "landslide",
        "source": "NASA GLC",
        "severity": "medium"
      }
    },
    {
      "type": "Feature",
      "geometry": {
        "type": "Point",
        "coordinates": [
          76.5102,
          31.6916
        ]
      },
      "properties": {
        "date": "08/09/2015 12:00:00 AM",
        "location": "NH 88",
        "state": "Himachal Pradesh",
        "deaths": 0,
        "trigger": "rain",
        "type": "rock_fall",
        "source": "NASA GLC",
        "severity": "small"
      }
    },
    {
      "type": "Feature",
      "geometry": {
        "type": "Point",
        "coordinates": [
          93.0515,
          27.8837
        ]
      },
      "properties": {
        "date": "08/01/2013 12:00:00 AM",
        "location": "Polo River At Polosang, Arunachal Pradesh",
        "state": "Arunachal Pradesh",
        "deaths": 0,
        "trigger": "rain",
        "type": "mudslide",
        "source": "NASA GLC",
        "severity": "medium"
      }
    },
    {
      "type": "Feature",
      "geometry": {
        "type": "Point",
        "coordinates": [
          78.3027,
          30.0702
        ]
      },
      "properties": {
        "date": "08/11/2007 12:00:00 AM",
        "location": "Rishikesh",
        "state": "Uttarakhand",
        "deaths": 0,
        "trigger": "rain",
        "type": "landslide",
        "source": "NASA GLC",
        "severity": "medium"
      }
    },
    {
      "type": "Feature",
      "geometry": {
        "type": "Point",
        "coordinates": [
          88.42572376,
          27.05374234
        ]
      },
      "properties": {
        "date": "07/19/2011 12:00:00 AM",
        "location": "200 meters from Teesta Bridge towards Siliguri",
        "state": "Sikkim",
        "deaths": 0,
        "trigger": "rain",
        "type": "landslide",
        "source": "NASA GLC",
        "severity": "medium"
      }
    },
    {
      "type": "Feature",
      "geometry": {
        "type": "Point",
        "coordinates": [
          80.058,
          29.7911
        ]
      },
      "properties": {
        "date": "09/19/2010 12:00:00 AM",
        "location": "roads above Pithoragarh, Uttranchal",
        "state": "Uttarakhand",
        "deaths": 0,
        "trigger": "downpour",
        "type": "landslide",
        "source": "NASA GLC",
        "severity": "medium"
      }
    },
    {
      "type": "Feature",
      "geometry": {
        "type": "Point",
        "coordinates": [
          74.799,
          33.9445
        ]
      },
      "properties": {
        "date": "03/30/2015 12:00:00 AM",
        "location": "Laden in Chadoora",
        "state": "Kashmir",
        "deaths": 0,
        "trigger": "continuous_rain",
        "type": "landslide",
        "source": "NASA GLC",
        "severity": "medium"
      }
    },
    {
      "type": "Feature",
      "geometry": {
        "type": "Point",
        "coordinates": [
          77.1038,
          31.0215
        ]
      },
      "properties": {
        "date": "09/22/2010 12:00:00 AM",
        "location": "between Kathalighat(Kathleeghat) and Knoh(?) stations, rail line between Solan and Shimla 15 km form Shimla, Himachal Pradesh",
        "state": "Himachal Pradesh",
        "deaths": 0,
        "trigger": "downpour",
        "type": "landslide",
        "source": "NASA GLC",
        "severity": "medium"
      }
    },
    {
      "type": "Feature",
      "geometry": {
        "type": "Point",
        "coordinates": [
          77.2147,
          32.4318
        ]
      },
      "properties": {
        "date": "06/29/2011 12:00:00 AM",
        "location": "Manali-Leh road, between Mari and Rohtang",
        "state": "Himachal Pradesh",
        "deaths": 0,
        "trigger": "continuous_rain",
        "type": "landslide",
        "source": "NASA GLC",
        "severity": "medium"
      }
    },
    {
      "type": "Feature",
      "geometry": {
        "type": "Point",
        "coordinates": [
          76.86927482,
          31.46626719
        ]
      },
      "properties": {
        "date": "12/29/2015 12:00:00 AM",
        "location": "National Highway-21 near Rani-Ki-Bain",
        "state": "Himachal Pradesh",
        "deaths": 0,
        "trigger": "construction",
        "type": "complex",
        "source": "NASA GLC",
        "severity": "medium"
      }
    },
    {
      "type": "Feature",
      "geometry": {
        "type": "Point",
        "coordinates": [
          77.4767,
          10.2288
        ]
      },
      "properties": {
        "date": "12/07/2015 12:00:00 AM",
        "location": "Upper Kodaikanal Road",
        "state": "Tamil Nadu",
        "deaths": 0,
        "trigger": "rain",
        "type": "landslide",
        "source": "NASA GLC",
        "severity": "medium"
      }
    },
    {
      "type": "Feature",
      "geometry": {
        "type": "Point",
        "coordinates": [
          93.9482,
          24.8063
        ]
      },
      "properties": {
        "date": "07/06/2011 12:00:00 AM",
        "location": "National Highway 53, Sinam Khul (near Kotlen; ~25 km from Imphal)",
        "state": "Manipur",
        "deaths": 0,
        "trigger": "downpour",
        "type": "landslide",
        "source": "NASA GLC",
        "severity": "medium"
      }
    },
    {
      "type": "Feature",
      "geometry": {
        "type": "Point",
        "coordinates": [
          73.8362,
          15.5063
        ]
      },
      "properties": {
        "date": "09/07/2007 12:00:00 AM",
        "location": "NH-17, Panaji to Mapusa on Old Mandovi bridge, Goa",
        "state": "Goa",
        "deaths": 0,
        "trigger": "rain",
        "type": "landslide",
        "source": "NASA GLC",
        "severity": "medium"
      }
    },
    {
      "type": "Feature",
      "geometry": {
        "type": "Point",
        "coordinates": [
          74.1447,
          15.2932
        ]
      },
      "properties": {
        "date": "06/19/2011 12:00:00 AM",
        "location": "Cuddegal in Sanvordem, outside the mining lease area",
        "state": "Goa",
        "deaths": 0,
        "trigger": "downpour",
        "type": "landslide",
        "source": "NASA GLC",
        "severity": "medium"
      }
    },
    {
      "type": "Feature",
      "geometry": {
        "type": "Point",
        "coordinates": [
          77.08,
          30.7
        ]
      },
      "properties": {
        "date": "09/22/2008 12:00:00 AM",
        "location": "Ghaggar, Morni, Panchkula",
        "state": "Haryana",
        "deaths": 0,
        "trigger": "rain",
        "type": "landslide",
        "source": "NASA GLC",
        "severity": "medium"
      }
    },
    {
      "type": "Feature",
      "geometry": {
        "type": "Point",
        "coordinates": [
          75.1996,
          33.4406
        ]
      },
      "properties": {
        "date": "08/07/2011 12:00:00 AM",
        "location": "Digdol, Jammu-Srinagar National Highway, between Kashmir and the rest of the country",
        "state": "Kashmir",
        "deaths": 0,
        "trigger": "downpour",
        "type": "landslide",
        "source": "NASA GLC",
        "severity": "medium"
      }
    },
    {
      "type": "Feature",
      "geometry": {
        "type": "Point",
        "coordinates": [
          92.8416,
          22.7176
        ]
      },
      "properties": {
        "date": "09/13/2010 12:00:00 AM",
        "location": "Hual(Hu) village(?), Lunglei-Lawngtlai rd, Mizoram",
        "state": "Mizoram",
        "deaths": 0,
        "trigger": "downpour",
        "type": "landslide",
        "source": "NASA GLC",
        "severity": "medium"
      }
    },
    {
      "type": "Feature",
      "geometry": {
        "type": "Point",
        "coordinates": [
          92.8,
          27.7
        ]
      },
      "properties": {
        "date": "08/12/2009 12:00:00 AM",
        "location": "Upper Subansiri District, Arunanchal Pradesh",
        "state": "Arun\u0101chal Pradesh",
        "deaths": 0,
        "trigger": "downpour",
        "type": "landslide",
        "source": "NASA GLC",
        "severity": "medium"
      }
    },
    {
      "type": "Feature",
      "geometry": {
        "type": "Point",
        "coordinates": [
          93.8794,
          25.5098
        ]
      },
      "properties": {
        "date": "07/22/2015 12:00:00 AM",
        "location": "Yangkhullen-Tamphung road till Nagaland border",
        "state": "Manipur",
        "deaths": 0,
        "trigger": "continuous_rain",
        "type": "landslide",
        "source": "NASA GLC",
        "severity": "medium"
      }
    },
    {
      "type": "Feature",
      "geometry": {
        "type": "Point",
        "coordinates": [
          75.4856,
          11.8348
        ]
      },
      "properties": {
        "date": "07/27/2015 09:30:00 AM",
        "location": "near a hill at Puthuvacherry, in Peralassery in Kannur",
        "state": "Kerala",
        "deaths": 0,
        "trigger": "mining",
        "type": "mudslide",
        "source": "NASA GLC",
        "severity": "small"
      }
    },
    {
      "type": "Feature",
      "geometry": {
        "type": "Point",
        "coordinates": [
          76.074,
          11.7095
        ]
      },
      "properties": {
        "date": "06/25/2007 12:00:00 AM",
        "location": "Wayanad",
        "state": "Kerala",
        "deaths": 0,
        "trigger": "monsoon",
        "type": "landslide",
        "source": "NASA GLC",
        "severity": "large"
      }
    },
    {
      "type": "Feature",
      "geometry": {
        "type": "Point",
        "coordinates": [
          94.4182,
          24.8628
        ]
      },
      "properties": {
        "date": "08/30/2009 12:00:00 AM",
        "location": "Road stretch from Gammom to Chamu village, under Kamjong block, Ukhrul district, Manipur",
        "state": "Manipur",
        "deaths": 0,
        "trigger": "downpour",
        "type": "landslide",
        "source": "NASA GLC",
        "severity": "medium"
      }
    },
    {
      "type": "Feature",
      "geometry": {
        "type": "Point",
        "coordinates": [
          79.494,
          29.6131
        ]
      },
      "properties": {
        "date": "09/19/2010 06:00:00 PM",
        "location": "near Chausali village(?), Almora district, Uttarakhand",
        "state": "Uttarakhand",
        "deaths": 0,
        "trigger": "downpour",
        "type": "landslide",
        "source": "NASA GLC",
        "severity": "medium"
      }
    },
    {
      "type": "Feature",
      "geometry": {
        "type": "Point",
        "coordinates": [
          72.9084,
          19.6241
        ]
      },
      "properties": {
        "date": "09/04/2012 09:00:00 AM",
        "location": "\u00a0Varai, Maharashtra",
        "state": "Maharashtra",
        "deaths": 0,
        "trigger": "downpour",
        "type": "landslide",
        "source": "NASA GLC",
        "severity": "medium"
      }
    },
    {
      "type": "Feature",
      "geometry": {
        "type": "Point",
        "coordinates": [
          93.5027,
          24.9786
        ]
      },
      "properties": {
        "date": "07/29/2010 12:00:00 AM",
        "location": "Highway 53 at Tupul, Tamenglong district",
        "state": "Assam",
        "deaths": 0,
        "trigger": "downpour",
        "type": "landslide",
        "source": "NASA GLC",
        "severity": "medium"
      }
    },
    {
      "type": "Feature",
      "geometry": {
        "type": "Point",
        "coordinates": [
          92.8339,
          25.2946
        ]
      },
      "properties": {
        "date": "08/26/2007 12:00:00 AM",
        "location": "Shillong Road at Kuliang in the Jaintia Hills",
        "state": "Assam",
        "deaths": 0,
        "trigger": "rain",
        "type": "landslide",
        "source": "NASA GLC",
        "severity": "medium"
      }
    },
    {
      "type": "Feature",
      "geometry": {
        "type": "Point",
        "coordinates": [
          75.1915,
          33.4431
        ]
      },
      "properties": {
        "date": "08/14/2013 12:00:00 AM",
        "location": "Banihal, Ramban District, Kashmir",
        "state": "Kashmir",
        "deaths": 0,
        "trigger": "downpour",
        "type": "landslide",
        "source": "NASA GLC",
        "severity": "medium"
      }
    },
    {
      "type": "Feature",
      "geometry": {
        "type": "Point",
        "coordinates": [
          73.8182,
          15.3904
        ]
      },
      "properties": {
        "date": "07/25/2015 12:00:00 AM",
        "location": "Vasco",
        "state": "Goa",
        "deaths": 0,
        "trigger": "downpour",
        "type": "landslide",
        "source": "NASA GLC",
        "severity": "small"
      }
    },
    {
      "type": "Feature",
      "geometry": {
        "type": "Point",
        "coordinates": [
          75.1199,
          32.5282
        ]
      },
      "properties": {
        "date": "08/02/2013 04:30:00 AM",
        "location": "Jammu-Pathankot Route Near Samba",
        "state": "Kashmir",
        "deaths": 0,
        "trigger": "continuous_rain",
        "type": "landslide",
        "source": "NASA GLC",
        "severity": "medium"
      }
    },
    {
      "type": "Feature",
      "geometry": {
        "type": "Point",
        "coordinates": [
          75.6233,
          34.3951
        ]
      },
      "properties": {
        "date": "05/17/2010 12:00:00 AM",
        "location": "Srinagar-Leh national highway, Captain Mode, Kashmir valley",
        "state": "Kashmir",
        "deaths": 0,
        "trigger": "downpour",
        "type": "landslide",
        "source": "NASA GLC",
        "severity": "medium"
      }
    },
    {
      "type": "Feature",
      "geometry": {
        "type": "Point",
        "coordinates": [
          78.8743,
          16.0781
        ]
      },
      "properties": {
        "date": "07/23/2016 11:00:00 PM",
        "location": "road leading to Patala Ganga and the ropeway in Srisailam, Andhra Pradesh, India",
        "state": "Andhra Pradesh",
        "deaths": 0,
        "trigger": "downpour",
        "type": "rock_fall",
        "source": "NASA GLC",
        "severity": "medium"
      }
    },
    {
      "type": "Feature",
      "geometry": {
        "type": "Point",
        "coordinates": [
          74.1158,
          15.6365
        ]
      },
      "properties": {
        "date": "10/06/2013 04:30:00 PM",
        "location": "Ponsuli, Goa",
        "state": "nan",
        "deaths": 0,
        "trigger": "downpour",
        "type": "landslide",
        "source": "NASA GLC",
        "severity": "medium"
      }
    },
    {
      "type": "Feature",
      "geometry": {
        "type": "Point",
        "coordinates": [
          76.2665,
          32.0985
        ]
      },
      "properties": {
        "date": "08/12/2007 12:00:00 AM",
        "location": "Kangra",
        "state": "Himachal Pradesh",
        "deaths": 0,
        "trigger": "rain",
        "type": "landslide",
        "source": "NASA GLC",
        "severity": "large"
      }
    },
    {
      "type": "Feature",
      "geometry": {
        "type": "Point",
        "coordinates": [
          91.7162,
          26.1226
        ]
      },
      "properties": {
        "date": "06/22/2012 12:00:00 AM",
        "location": "Lalunggaon near Gorchuk area",
        "state": "Assam",
        "deaths": 0,
        "trigger": "downpour",
        "type": "landslide",
        "source": "NASA GLC",
        "severity": "medium"
      }
    },
    {
      "type": "Feature",
      "geometry": {
        "type": "Point",
        "coordinates": [
          91.893,
          25.583
        ]
      },
      "properties": {
        "date": "09/23/2015 03:00:00 PM",
        "location": "Shillong, Meghalaya, India",
        "state": "Meghalaya",
        "deaths": 0,
        "trigger": "downpour",
        "type": "landslide",
        "source": "NASA GLC",
        "severity": "medium"
      }
    },
    {
      "type": "Feature",
      "geometry": {
        "type": "Point",
        "coordinates": [
          78.1758,
          31.5007
        ]
      },
      "properties": {
        "date": "07/17/2016 12:00:00 AM",
        "location": "Karcham, Himachal Pradesh, India",
        "state": "Himachal Pradesh",
        "deaths": 0,
        "trigger": "unknown",
        "type": "landslide",
        "source": "NASA GLC",
        "severity": "small"
      }
    },
    {
      "type": "Feature",
      "geometry": {
        "type": "Point",
        "coordinates": [
          73.7167,
          16.1078
        ]
      },
      "properties": {
        "date": "07/22/2011 12:00:00 AM",
        "location": "Konkan Railway, between Sindhudurg and Kudal",
        "state": "Maharashtra",
        "deaths": 0,
        "trigger": "downpour",
        "type": "landslide",
        "source": "NASA GLC",
        "severity": "small"
      }
    },
    {
      "type": "Feature",
      "geometry": {
        "type": "Point",
        "coordinates": [
          78.616,
          30.7864
        ]
      },
      "properties": {
        "date": "08/15/2015 12:00:00 AM",
        "location": "Malla",
        "state": "Uttarakhand",
        "deaths": 0,
        "trigger": "continuous_rain",
        "type": "landslide",
        "source": "NASA GLC",
        "severity": "medium"
      }
    },
    {
      "type": "Feature",
      "geometry": {
        "type": "Point",
        "coordinates": [
          76.9161,
          31.8795
        ]
      },
      "properties": {
        "date": "07/07/2013 03:00:00 AM",
        "location": "Mandi-Pathankot Highway At Paddar, Himachal Pradesh",
        "state": "Himachal Pradesh",
        "deaths": 0,
        "trigger": "downpour",
        "type": "landslide",
        "source": "NASA GLC",
        "severity": "medium"
      }
    },
    {
      "type": "Feature",
      "geometry": {
        "type": "Point",
        "coordinates": [
          92.3814,
          24.6005
        ]
      },
      "properties": {
        "date": "06/03/2010 05:00:00 AM",
        "location": "Rongpur village under Bhairabhnagar panchayat in Karimganj district",
        "state": "Assam",
        "deaths": 0,
        "trigger": "downpour",
        "type": "landslide",
        "source": "NASA GLC",
        "severity": "medium"
      }
    },
    {
      "type": "Feature",
      "geometry": {
        "type": "Point",
        "coordinates": [
          74.3445,
          34.2101
        ]
      },
      "properties": {
        "date": "04/06/2011 12:00:00 AM",
        "location": "Latiefabad(?) and Khawar(Kawhar)(?) hamlets, Sheeri(?) area, Baramulla district",
        "state": "Kashmir",
        "deaths": 0,
        "trigger": "downpour",
        "type": "landslide",
        "source": "NASA GLC",
        "severity": "medium"
      }
    },
    {
      "type": "Feature",
      "geometry": {
        "type": "Point",
        "coordinates": [
          78.0803,
          30.4305
        ]
      },
      "properties": {
        "date": "07/19/2014 05:00:00 AM",
        "location": "Mussoorie, Uttarakhand",
        "state": "Uttarakhand",
        "deaths": 0,
        "trigger": "rain",
        "type": "landslide",
        "source": "NASA GLC",
        "severity": "small"
      }
    },
    {
      "type": "Feature",
      "geometry": {
        "type": "Point",
        "coordinates": [
          80.2369,
          30.0718
        ]
      },
      "properties": {
        "date": "07/19/2013 12:00:00 AM",
        "location": "Munsyari Area, Pithoragarh, Uttarakhand",
        "state": "Uttarakhand",
        "deaths": 0,
        "trigger": "downpour",
        "type": "landslide",
        "source": "NASA GLC",
        "severity": "medium"
      }
    },
    {
      "type": "Feature",
      "geometry": {
        "type": "Point",
        "coordinates": [
          78.439,
          30.733
        ]
      },
      "properties": {
        "date": "07/30/2007 12:00:00 AM",
        "location": "Uttarkashi district",
        "state": "Uttarakhand",
        "deaths": 0,
        "trigger": "downpour",
        "type": "landslide",
        "source": "NASA GLC",
        "severity": "medium"
      }
    },
    {
      "type": "Feature",
      "geometry": {
        "type": "Point",
        "coordinates": [
          91.8569,
          27.5799
        ]
      },
      "properties": {
        "date": "04/22/2016 02:30:00 AM",
        "location": "Tawang, Arunachal Pradesh",
        "state": "Arunachal Pradesh",
        "deaths": 0,
        "trigger": "continuous_rain",
        "type": "landslide",
        "source": "NASA GLC",
        "severity": "medium"
      }
    },
    {
      "type": "Feature",
      "geometry": {
        "type": "Point",
        "coordinates": [
          75.3098,
          33.1662
        ]
      },
      "properties": {
        "date": "09/05/2007 12:00:00 AM",
        "location": "Panthal in Jammu\u2019s Ramban district on Srinagar-Jammu Highway",
        "state": "Kashmir",
        "deaths": 0,
        "trigger": "rain",
        "type": "landslide",
        "source": "NASA GLC",
        "severity": "medium"
      }
    },
    {
      "type": "Feature",
      "geometry": {
        "type": "Point",
        "coordinates": [
          77.011,
          9.9147
        ]
      },
      "properties": {
        "date": "08/04/2013 12:00:00 AM",
        "location": "Idukki, Kerala",
        "state": "Kerala",
        "deaths": 0,
        "trigger": "continuous_rain",
        "type": "landslide",
        "source": "NASA GLC",
        "severity": "very_large"
      }
    },
    {
      "type": "Feature",
      "geometry": {
        "type": "Point",
        "coordinates": [
          91.9754,
          27.5754
        ]
      },
      "properties": {
        "date": "08/05/2016 12:00:00 AM",
        "location": "Babrang village under Jang circle in Tawang district",
        "state": "Arunachal Pradesh",
        "deaths": 0,
        "trigger": "downpour",
        "type": "landslide",
        "source": "NASA GLC",
        "severity": "medium"
      }
    },
    {
      "type": "Feature",
      "geometry": {
        "type": "Point",
        "coordinates": [
          80.6128,
          16.6252
        ]
      },
      "properties": {
        "date": "06/25/2007 12:00:00 AM",
        "location": "Prakasam",
        "state": "Andhra Pradesh",
        "deaths": 0,
        "trigger": "rain",
        "type": "landslide",
        "source": "NASA GLC",
        "severity": "medium"
      }
    },
    {
      "type": "Feature",
      "geometry": {
        "type": "Point",
        "coordinates": [
          92.2833,
          27.44
        ]
      },
      "properties": {
        "date": "08/12/2011 12:00:00 AM",
        "location": "East Kameng district in Arunachal Pradesh bordering China",
        "state": "Arun\u0101chal Pradesh",
        "deaths": 0,
        "trigger": "rain",
        "type": "landslide",
        "source": "NASA GLC",
        "severity": "medium"
      }
    },
    {
      "type": "Feature",
      "geometry": {
        "type": "Point",
        "coordinates": [
          79.3276,
          30.4041
        ]
      },
      "properties": {
        "date": "07/25/2013 12:00:00 AM",
        "location": "Alaknanda Valley Of Chamoli District, Uttarakhand",
        "state": "Uttarakhand",
        "deaths": 0,
        "trigger": "continuous_rain",
        "type": "landslide",
        "source": "NASA GLC",
        "severity": "medium"
      }
    },
    {
      "type": "Feature",
      "geometry": {
        "type": "Point",
        "coordinates": [
          94.5438,
          26.2083
        ]
      },
      "properties": {
        "date": "08/04/2013 12:00:00 AM",
        "location": "Longsa, Nagaland",
        "state": "N\u0101g\u0101land",
        "deaths": 0,
        "trigger": "monsoon",
        "type": "landslide",
        "source": "NASA GLC",
        "severity": "medium"
      }
    },
    {
      "type": "Feature",
      "geometry": {
        "type": "Point",
        "coordinates": [
          74.4117,
          34.0968
        ]
      },
      "properties": {
        "date": "03/15/2015 12:00:00 AM",
        "location": "Hajibal",
        "state": "Kashmir",
        "deaths": 0,
        "trigger": "continuous_rain",
        "type": "landslide",
        "source": "NASA GLC",
        "severity": "medium"
      }
    },
    {
      "type": "Feature",
      "geometry": {
        "type": "Point",
        "coordinates": [
          74.8859,
          12.8962
        ]
      },
      "properties": {
        "date": "07/16/2016 03:00:00 PM",
        "location": "Kulashekara-Konguru Mutt Road (Kongoor Mutt Road) near Mangaluru Junction-Panambur Railway line, near Mangaluru, India",
        "state": "Karnataka",
        "deaths": 0,
        "trigger": "construction",
        "type": "landslide",
        "source": "NASA GLC",
        "severity": "small"
      }
    },
    {
      "type": "Feature",
      "geometry": {
        "type": "Point",
        "coordinates": [
          93.9784,
          24.6596
        ]
      },
      "properties": {
        "date": "06/09/2008 12:00:00 AM",
        "location": "near Kuloor church, in Manipur along National Highway",
        "state": "Manipur",
        "deaths": 0,
        "trigger": "monsoon",
        "type": "landslide",
        "source": "NASA GLC",
        "severity": "medium"
      }
    },
    {
      "type": "Feature",
      "geometry": {
        "type": "Point",
        "coordinates": [
          72.8676,
          19.0263
        ]
      },
      "properties": {
        "date": "07/10/2013 12:00:00 AM",
        "location": "Antop Hill, Mumbai",
        "state": "Maharashtra",
        "deaths": 0,
        "trigger": "downpour",
        "type": "landslide",
        "source": "NASA GLC",
        "severity": "medium"
      }
    },
    {
      "type": "Feature",
      "geometry": {
        "type": "Point",
        "coordinates": [
          94.1497,
          25.8266
        ]
      },
      "properties": {
        "date": "10/05/2013 11:00:00 PM",
        "location": "Chiechama, Nagaland",
        "state": "N\u0101g\u0101land",
        "deaths": 0,
        "trigger": "continuous_rain",
        "type": "mudslide",
        "source": "NASA GLC",
        "severity": "medium"
      }
    },
    {
      "type": "Feature",
      "geometry": {
        "type": "Point",
        "coordinates": [
          79.5519,
          29.3576
        ]
      },
      "properties": {
        "date": "07/20/2010 06:00:00 PM",
        "location": "Bhimtal area, Naintal district, Uttarakhand",
        "state": "Uttarakhand",
        "deaths": 0,
        "trigger": "downpour",
        "type": "landslide",
        "source": "NASA GLC",
        "severity": "medium"
      }
    },
    {
      "type": "Feature",
      "geometry": {
        "type": "Point",
        "coordinates": [
          74.8799,
          33.0852
        ]
      },
      "properties": {
        "date": "07/05/2013 11:00:00 PM",
        "location": "Reasi District, Jammu And Kashmir",
        "state": "Kashmir",
        "deaths": 0,
        "trigger": "downpour",
        "type": "landslide",
        "source": "NASA GLC",
        "severity": "medium"
      }
    },
    {
      "type": "Feature",
      "geometry": {
        "type": "Point",
        "coordinates": [
          91.7702,
          26.1768
        ]
      },
      "properties": {
        "date": "07/14/2016 12:00:00 AM",
        "location": "Pub Sarania hill, South Sarania, Guwahati, Assam, India",
        "state": "Assam",
        "deaths": 0,
        "trigger": "monsoon",
        "type": "landslide",
        "source": "NASA GLC",
        "severity": "small"
      }
    },
    {
      "type": "Feature",
      "geometry": {
        "type": "Point",
        "coordinates": [
          93.3497,
          27.8997
        ]
      },
      "properties": {
        "date": "04/02/2010 11:00:00 PM",
        "location": "Koloriang, Kuring Kumey district, Arunachal Pradesh",
        "state": "Arun\u0101chal Pradesh",
        "deaths": 0,
        "trigger": "downpour",
        "type": "mudslide",
        "source": "NASA GLC",
        "severity": "large"
      }
    },
    {
      "type": "Feature",
      "geometry": {
        "type": "Point",
        "coordinates": [
          88.4397,
          27.0816
        ]
      },
      "properties": {
        "date": "07/07/2015 12:00:00 AM",
        "location": "NH-10, Sepi Jhora, Kalimpong",
        "state": "Sikkim",
        "deaths": 0,
        "trigger": "continuous_rain",
        "type": "landslide",
        "source": "NASA GLC",
        "severity": "small"
      }
    },
    {
      "type": "Feature",
      "geometry": {
        "type": "Point",
        "coordinates": [
          73.9214,
          15.5419
        ]
      },
      "properties": {
        "date": "08/17/2013 03:00:00 PM",
        "location": "Pilgao-Narvem",
        "state": "Goa",
        "deaths": 0,
        "trigger": "downpour",
        "type": "landslide",
        "source": "NASA GLC",
        "severity": "medium"
      }
    },
    {
      "type": "Feature",
      "geometry": {
        "type": "Point",
        "coordinates": [
          74.0967,
          33.7706
        ]
      },
      "properties": {
        "date": "08/14/2013 12:00:00 AM",
        "location": "Sanjiote Near Poonch, Kashmir",
        "state": "Kashmir",
        "deaths": 0,
        "trigger": "downpour",
        "type": "landslide",
        "source": "NASA GLC",
        "severity": "medium"
      }
    },
    {
      "type": "Feature",
      "geometry": {
        "type": "Point",
        "coordinates": [
          76.8168,
          9.6991
        ]
      },
      "properties": {
        "date": "08/17/2012 12:00:00 AM",
        "location": "(Thalanadu - Teekoy hwy), Erattupetta, Kottayam (Thalanadu - Teekoy hwy)",
        "state": "Kerala",
        "deaths": 0,
        "trigger": "downpour",
        "type": "landslide",
        "source": "NASA GLC",
        "severity": "medium"
      }
    },
    {
      "type": "Feature",
      "geometry": {
        "type": "Point",
        "coordinates": [
          74.9035,
          33.5808
        ]
      },
      "properties": {
        "date": "04/19/2011 12:00:00 AM",
        "location": "Gudder village(?), Kulgam district, Jammu and Kashmir",
        "state": "Kashmir",
        "deaths": 0,
        "trigger": "downpour",
        "type": "landslide",
        "source": "NASA GLC",
        "severity": "medium"
      }
    },
    {
      "type": "Feature",
      "geometry": {
        "type": "Point",
        "coordinates": [
          77.2853,
          33.287
        ]
      },
      "properties": {
        "date": "12/31/2014 12:00:00 AM",
        "location": "Tsarap River",
        "state": "Kashmir",
        "deaths": 0,
        "trigger": "unknown",
        "type": "landslide",
        "source": "NASA GLC",
        "severity": "large"
      }
    },
    {
      "type": "Feature",
      "geometry": {
        "type": "Point",
        "coordinates": [
          78.2619,
          31.5158
        ]
      },
      "properties": {
        "date": "10/14/2010 07:30:00 PM",
        "location": "road linking Sangla Valley with Recong-Peo of Kinnaur district  at Kupaa",
        "state": "Himachal Pradesh",
        "deaths": 0,
        "trigger": "rain",
        "type": "landslide",
        "source": "NASA GLC",
        "severity": "medium"
      }
    },
    {
      "type": "Feature",
      "geometry": {
        "type": "Point",
        "coordinates": [
          80.4703,
          26.3221
        ]
      },
      "properties": {
        "date": "07/13/2016 11:00:00 PM",
        "location": "Chandanpur village, Maharajpur, Kanpur, India",
        "state": "Uttar Pradesh",
        "deaths": 0,
        "trigger": "monsoon",
        "type": "mudslide",
        "source": "NASA GLC",
        "severity": "medium"
      }
    },
    {
      "type": "Feature",
      "geometry": {
        "type": "Point",
        "coordinates": [
          75.17240669,
          33.35406635
        ]
      },
      "properties": {
        "date": "02/07/2011 12:00:00 AM",
        "location": "Jammu-Srinagar highway, Pathal area, Ramban district, Jammu and Kashmir",
        "state": "Kashmir",
        "deaths": 0,
        "trigger": "downpour",
        "type": "landslide",
        "source": "NASA GLC",
        "severity": "medium"
      }
    },
    {
      "type": "Feature",
      "geometry": {
        "type": "Point",
        "coordinates": [
          76.322,
          10.077
        ]
      },
      "properties": {
        "date": "10/22/2012 09:00:00 AM",
        "location": "(between Burliar and Kallar) Nilgiris, Tamil Nadu,",
        "state": "Kerala",
        "deaths": 0,
        "trigger": "rain",
        "type": "landslide",
        "source": "NASA GLC",
        "severity": "medium"
      }
    },
    {
      "type": "Feature",
      "geometry": {
        "type": "Point",
        "coordinates": [
          92.7175,
          23.7281
        ]
      },
      "properties": {
        "date": "05/11/2013 09:00:00 AM",
        "location": "Laipuitland , Aizawl, Mizoram",
        "state": "Mizoram",
        "deaths": 0,
        "trigger": "rain",
        "type": "landslide",
        "source": "NASA GLC",
        "severity": "large"
      }
    },
    {
      "type": "Feature",
      "geometry": {
        "type": "Point",
        "coordinates": [
          76.818,
          30.9141
        ]
      },
      "properties": {
        "date": "10/03/2010 12:00:00 AM",
        "location": "road from Pinjore(Pinjaur), Haryana to Nalagarh, Himachal Pradesh",
        "state": "Himachal Pradesh",
        "deaths": 0,
        "trigger": "continuous_rain",
        "type": "landslide",
        "source": "NASA GLC",
        "severity": "medium"
      }
    },
    {
      "type": "Feature",
      "geometry": {
        "type": "Point",
        "coordinates": [
          73.7917,
          20.0014
        ]
      },
      "properties": {
        "date": "11/20/2013 11:30:00 PM",
        "location": "Kazigadi Near Nashik, Maharashtra",
        "state": "Maharashtra",
        "deaths": 0,
        "trigger": "unknown",
        "type": "landslide",
        "source": "NASA GLC",
        "severity": "medium"
      }
    },
    {
      "type": "Feature",
      "geometry": {
        "type": "Point",
        "coordinates": [
          93.686,
          25.16
        ]
      },
      "properties": {
        "date": "06/19/2015 12:00:00 AM",
        "location": "amei to Kangpokpi via Imphal road, 0.5 km from Tamei, Tamenglang District",
        "state": "Manipur",
        "deaths": 0,
        "trigger": "monsoon",
        "type": "landslide",
        "source": "NASA GLC",
        "severity": "medium"
      }
    },
    {
      "type": "Feature",
      "geometry": {
        "type": "Point",
        "coordinates": [
          79.1464,
          29.1585
        ]
      },
      "properties": {
        "date": "07/23/2014 11:30:00 PM",
        "location": "Bazpur, Uttarakhand",
        "state": "Uttarakhand",
        "deaths": 0,
        "trigger": "continuous_rain",
        "type": "landslide",
        "source": "NASA GLC",
        "severity": "small"
      }
    },
    {
      "type": "Feature",
      "geometry": {
        "type": "Point",
        "coordinates": [
          75.1984,
          33.3216
        ]
      },
      "properties": {
        "date": "08/14/2013 12:00:00 AM",
        "location": "Panthal Area, Ramban District, Kashmir",
        "state": "Kashmir",
        "deaths": 0,
        "trigger": "downpour",
        "type": "landslide",
        "source": "NASA GLC",
        "severity": "medium"
      }
    },
    {
      "type": "Feature",
      "geometry": {
        "type": "Point",
        "coordinates": [
          76.991,
          30.8522
        ]
      },
      "properties": {
        "date": "08/13/2010 12:00:00 AM",
        "location": "Chandigarh-Shimla national highway (NH 22), near Parwanoo, Himachal pradesh",
        "state": "Himachal Pradesh",
        "deaths": 0,
        "trigger": "rain",
        "type": "landslide",
        "source": "NASA GLC",
        "severity": "medium"
      }
    },
    {
      "type": "Feature",
      "geometry": {
        "type": "Point",
        "coordinates": [
          92.2897,
          25.3433
        ]
      },
      "properties": {
        "date": "05/11/2010 09:00:00 AM",
        "location": "National highway 44 at Sunapur and Tongseng in Jaintia Hills district, eastern Meghalaya",
        "state": "Megh\u0101laya",
        "deaths": 0,
        "trigger": "downpour",
        "type": "landslide",
        "source": "NASA GLC",
        "severity": "medium"
      }
    },
    {
      "type": "Feature",
      "geometry": {
        "type": "Point",
        "coordinates": [
          91.85672387,
          27.5798729
        ]
      },
      "properties": {
        "date": "11/22/2010 12:00:00 AM",
        "location": "Tawang Monastery, Arunachal Pradesh",
        "state": "Arun\u0101chal Pradesh",
        "deaths": 0,
        "trigger": "unknown",
        "type": "landslide",
        "source": "NASA GLC",
        "severity": "medium"
      }
    },
    {
      "type": "Feature",
      "geometry": {
        "type": "Point",
        "coordinates": [
          75.2382,
          33.2412
        ]
      },
      "properties": {
        "date": "08/22/2012 12:00:00 AM",
        "location": "Jammu-Sringar Hwy, between Sri and Ramban, kerala",
        "state": "Kashmir",
        "deaths": 0,
        "trigger": "downpour",
        "type": "landslide",
        "source": "NASA GLC",
        "severity": "medium"
      }
    },
    {
      "type": "Feature",
      "geometry": {
        "type": "Point",
        "coordinates": [
          76.8076,
          11.3464
        ]
      },
      "properties": {
        "date": "04/13/2016 01:00:00 PM",
        "location": "a construction site on Tiger Hill Road",
        "state": "Tamil Nadu",
        "deaths": 0,
        "trigger": "construction",
        "type": "mudslide",
        "source": "NASA GLC",
        "severity": "small"
      }
    },
    {
      "type": "Feature",
      "geometry": {
        "type": "Point",
        "coordinates": [
          77.2135,
          28.5714
        ]
      },
      "properties": {
        "date": "01/29/2015 10:00:00 AM",
        "location": "construction site in East Kidwai Nagar",
        "state": "NCT",
        "deaths": 0,
        "trigger": "unknown",
        "type": "mudslide",
        "source": "NASA GLC",
        "severity": "small"
      }
    },
    {
      "type": "Feature",
      "geometry": {
        "type": "Point",
        "coordinates": [
          91.6906,
          26.1016
        ]
      },
      "properties": {
        "date": "05/11/2013 12:00:00 AM",
        "location": "Boragaon, North Guwahati, Guwahati, Assam,",
        "state": "Assam",
        "deaths": 0,
        "trigger": "rain",
        "type": "landslide",
        "source": "NASA GLC",
        "severity": "medium"
      }
    },
    {
      "type": "Feature",
      "geometry": {
        "type": "Point",
        "coordinates": [
          92.6755,
          24.2315
        ]
      },
      "properties": {
        "date": "05/07/2013 12:00:00 AM",
        "location": "Kolasib, Saiha, Mizoram,",
        "state": "Mizoram",
        "deaths": 0,
        "trigger": "rain",
        "type": "mudslide",
        "source": "NASA GLC",
        "severity": "medium"
      }
    },
    {
      "type": "Feature",
      "geometry": {
        "type": "Point",
        "coordinates": [
          88.1835,
          26.8843
        ]
      },
      "properties": {
        "date": "06/30/2015 11:00:00 PM",
        "location": "Limbu Dhura, Tingling",
        "state": "West Bengal",
        "deaths": 0,
        "trigger": "downpour",
        "type": "landslide",
        "source": "NASA GLC",
        "severity": "medium"
      }
    },
    {
      "type": "Feature",
      "geometry": {
        "type": "Point",
        "coordinates": [
          91.763,
          26.1965
        ]
      },
      "properties": {
        "date": "04/20/2010 12:00:00 AM",
        "location": "Kharghuli, Guwahati, Assam",
        "state": "Assam",
        "deaths": 0,
        "trigger": "downpour",
        "type": "landslide",
        "source": "NASA GLC",
        "severity": "medium"
      }
    },
    {
      "type": "Feature",
      "geometry": {
        "type": "Point",
        "coordinates": [
          84.5322,
          25.4551
        ]
      },
      "properties": {
        "date": "09/05/2015 12:00:00 AM",
        "location": "Bhojpur",
        "state": "Bihar",
        "deaths": 0,
        "trigger": "unknown",
        "type": "landslide",
        "source": "NASA GLC",
        "severity": "medium"
      }
    },
    {
      "type": "Feature",
      "geometry": {
        "type": "Point",
        "coordinates": [
          78.1996,
          31.4551
        ]
      },
      "properties": {
        "date": "06/16/2013 12:00:00 AM",
        "location": "Road To Sangla Valley, Near Kupa Village, Kinnaur District, Himachal Pradesh",
        "state": "Himachal Pradesh",
        "deaths": 0,
        "trigger": "rain",
        "type": "landslide",
        "source": "NASA GLC",
        "severity": "medium"
      }
    },
    {
      "type": "Feature",
      "geometry": {
        "type": "Point",
        "coordinates": [
          78.8205,
          14.4702
        ]
      },
      "properties": {
        "date": "06/25/2007 12:00:00 AM",
        "location": "Cuddappa",
        "state": "Andhra Pradesh",
        "deaths": 0,
        "trigger": "rain",
        "type": "landslide",
        "source": "NASA GLC",
        "severity": "medium"
      }
    },
    {
      "type": "Feature",
      "geometry": {
        "type": "Point",
        "coordinates": [
          80.2182,
          29.5829
        ]
      },
      "properties": {
        "date": "07/28/2014 12:00:00 AM",
        "location": "Pithauragadh, Uttarakhand",
        "state": "Uttarakhand",
        "deaths": 0,
        "trigger": "continuous_rain",
        "type": "landslide",
        "source": "NASA GLC",
        "severity": "medium"
      }
    },
    {
      "type": "Feature",
      "geometry": {
        "type": "Point",
        "coordinates": [
          77.2665,
          34.219
        ]
      },
      "properties": {
        "date": "03/30/2008 12:00:00 AM",
        "location": "Biama area of Khalsi tehsil in Leh district",
        "state": "Kashmir",
        "deaths": 0,
        "trigger": "rain",
        "type": "landslide",
        "source": "NASA GLC",
        "severity": "medium"
      }
    },
    {
      "type": "Feature",
      "geometry": {
        "type": "Point",
        "coordinates": [
          77.1958,
          28.6809
        ]
      },
      "properties": {
        "date": "08/27/2011 12:00:00 AM",
        "location": "Shakti Nagar, New Delhi",
        "state": "NCT",
        "deaths": 0,
        "trigger": "downpour",
        "type": "landslide",
        "source": "NASA GLC",
        "severity": "medium"
      }
    },
    {
      "type": "Feature",
      "geometry": {
        "type": "Point",
        "coordinates": [
          79.0264,
          30.6509
        ]
      },
      "properties": {
        "date": "08/20/2010 12:00:00 AM",
        "location": "Gaurikund, road to Kedarnath, Garwhal division, Uttarakhand",
        "state": "Uttarakhand",
        "deaths": 0,
        "trigger": "downpour",
        "type": "landslide",
        "source": "NASA GLC",
        "severity": "medium"
      }
    },
    {
      "type": "Feature",
      "geometry": {
        "type": "Point",
        "coordinates": [
          91.8806,
          26.1028
        ]
      },
      "properties": {
        "date": "08/22/2015 09:00:00 AM",
        "location": "Natonal Highway in Jorabat area",
        "state": "Assam",
        "deaths": 0,
        "trigger": "continuous_rain",
        "type": "landslide",
        "source": "NASA GLC",
        "severity": "medium"
      }
    },
    {
      "type": "Feature",
      "geometry": {
        "type": "Point",
        "coordinates": [
          75.1999,
          33.3645
        ]
      },
      "properties": {
        "date": "04/17/2011 03:00:00 PM",
        "location": "Jammu and Srinagar Natl. Hwy., Panthal, Ramban",
        "state": "Kashmir",
        "deaths": 0,
        "trigger": "downpour",
        "type": "landslide",
        "source": "NASA GLC",
        "severity": "medium"
      }
    },
    {
      "type": "Feature",
      "geometry": {
        "type": "Point",
        "coordinates": [
          73.5189,
          16.9648
        ]
      },
      "properties": {
        "date": "06/25/2007 12:00:00 AM",
        "location": "Ratnagiri",
        "state": "Maharashtra",
        "deaths": 0,
        "trigger": "rain",
        "type": "landslide",
        "source": "NASA GLC",
        "severity": "medium"
      }
    },
    {
      "type": "Feature",
      "geometry": {
        "type": "Point",
        "coordinates": [
          75.1489,
          32.8363
        ]
      },
      "properties": {
        "date": "08/06/2013 07:00:00 AM",
        "location": "Tunnel Number 16 On The Jammu-Udhampur Section",
        "state": "Kashmir",
        "deaths": 0,
        "trigger": "downpour",
        "type": "landslide",
        "source": "NASA GLC",
        "severity": "medium"
      }
    },
    {
      "type": "Feature",
      "geometry": {
        "type": "Point",
        "coordinates": [
          73.7746,
          19.34
        ]
      },
      "properties": {
        "date": "07/10/2016 08:30:00 AM",
        "location": "Ahmednagar-Thane Road , Malshej Ghat, Maharashtra, India",
        "state": "Maharashtra",
        "deaths": 0,
        "trigger": "unknown",
        "type": "landslide",
        "source": "NASA GLC",
        "severity": "medium"
      }
    },
    {
      "type": "Feature",
      "geometry": {
        "type": "Point",
        "coordinates": [
          77.3052,
          32.3573
        ]
      },
      "properties": {
        "date": "08/15/2013 11:00:00 PM",
        "location": "Manali-Spiti Road Between Gramphu And Chhatru, Himachal Pradesh",
        "state": "Himachal Pradesh",
        "deaths": 0,
        "trigger": "downpour",
        "type": "landslide",
        "source": "NASA GLC",
        "severity": "medium"
      }
    },
    {
      "type": "Feature",
      "geometry": {
        "type": "Point",
        "coordinates": [
          77.3525,
          31.1263
        ]
      },
      "properties": {
        "date": "07/26/2015 12:00:00 AM",
        "location": "Klibi Patwar, Theog",
        "state": "Himachal Pradesh",
        "deaths": 0,
        "trigger": "continuous_rain",
        "type": "landslide",
        "source": "NASA GLC",
        "severity": "medium"
      }
    },
    {
      "type": "Feature",
      "geometry": {
        "type": "Point",
        "coordinates": [
          78.7248,
          31.0343
        ]
      },
      "properties": {
        "date": "08/17/2013 12:00:00 AM",
        "location": "Harsil, Uttarakhand",
        "state": "Uttarakhand",
        "deaths": 0,
        "trigger": "rain",
        "type": "landslide",
        "source": "NASA GLC",
        "severity": "medium"
      }
    },
    {
      "type": "Feature",
      "geometry": {
        "type": "Point",
        "coordinates": [
          74.876,
          32.737
        ]
      },
      "properties": {
        "date": "08/11/2011 04:30:00 AM",
        "location": "On circular road near Panjtirthi",
        "state": "Kashmir",
        "deaths": 0,
        "trigger": "rain",
        "type": "landslide",
        "source": "NASA GLC",
        "severity": "medium"
      }
    },
    {
      "type": "Feature",
      "geometry": {
        "type": "Point",
        "coordinates": [
          74.9566,
          12.8747
        ]
      },
      "properties": {
        "date": "07/14/2015 12:00:00 AM",
        "location": "Farangipete",
        "state": "Karnataka",
        "deaths": 0,
        "trigger": "continuous_rain",
        "type": "landslide",
        "source": "NASA GLC",
        "severity": "small"
      }
    },
    {
      "type": "Feature",
      "geometry": {
        "type": "Point",
        "coordinates": [
          76.0412,
          33.6917
        ]
      },
      "properties": {
        "date": "07/19/2011 12:00:00 AM",
        "location": "Kishtwar",
        "state": "Kashmir",
        "deaths": 0,
        "trigger": "rain",
        "type": "landslide",
        "source": "NASA GLC",
        "severity": "medium"
      }
    },
    {
      "type": "Feature",
      "geometry": {
        "type": "Point",
        "coordinates": [
          76.6952,
          11.404
        ]
      },
      "properties": {
        "date": "09/06/2015 07:10:00 AM",
        "location": "Ooty, India",
        "state": "Tamil Nadu",
        "deaths": 0,
        "trigger": "unknown",
        "type": "rock_fall",
        "source": "NASA GLC",
        "severity": "medium"
      }
    },
    {
      "type": "Feature",
      "geometry": {
        "type": "Point",
        "coordinates": [
          87.3412,
          26.9734
        ]
      },
      "properties": {
        "date": "07/11/2013 12:00:00 AM",
        "location": "Dhankuta",
        "state": "Jharkhand",
        "deaths": 0,
        "trigger": "continuous_rain",
        "type": "mudslide",
        "source": "NASA GLC",
        "severity": "medium"
      }
    },
    {
      "type": "Feature",
      "geometry": {
        "type": "Point",
        "coordinates": [
          74.8862,
          12.8715
        ]
      },
      "properties": {
        "date": "07/31/2010 08:00:00 AM",
        "location": "Padil, NH - 48",
        "state": "Karnataka",
        "deaths": 0,
        "trigger": "downpour",
        "type": "landslide",
        "source": "NASA GLC",
        "severity": "medium"
      }
    },
    {
      "type": "Feature",
      "geometry": {
        "type": "Point",
        "coordinates": [
          75.29048614,
          33.04965334
        ]
      },
      "properties": {
        "date": "03/26/2016 12:00:00 AM",
        "location": "Jammu-Srinagar national highway",
        "state": "Kashmir",
        "deaths": 0,
        "trigger": "continuous_rain",
        "type": "landslide",
        "source": "NASA GLC",
        "severity": "medium"
      }
    },
    {
      "type": "Feature",
      "geometry": {
        "type": "Point",
        "coordinates": [
          76.3374,
          32.2241
        ]
      },
      "properties": {
        "date": "07/31/2015 06:00:00 PM",
        "location": "Chohla village of Kajlot panchayat",
        "state": "Himachal Pradesh",
        "deaths": 0,
        "trigger": "continuous_rain",
        "type": "debris_flow",
        "source": "NASA GLC",
        "severity": "medium"
      }
    },
    {
      "type": "Feature",
      "geometry": {
        "type": "Point",
        "coordinates": [
          94.564,
          26.0838
        ]
      },
      "properties": {
        "date": "08/04/2013 12:00:00 AM",
        "location": "Suruhuto Town, Nagaland",
        "state": "N\u0101g\u0101land",
        "deaths": 0,
        "trigger": "rain",
        "type": "landslide",
        "source": "NASA GLC",
        "severity": "medium"
      }
    },
    {
      "type": "Feature",
      "geometry": {
        "type": "Point",
        "coordinates": [
          77.6538,
          34.1481
        ]
      },
      "properties": {
        "date": "08/06/2010 12:30:00 AM",
        "location": "Sabu(Saboo) village, Leh, Ladakh, Jammu and Kashmir",
        "state": "Kashmir",
        "deaths": 0,
        "trigger": "downpour",
        "type": "landslide",
        "source": "NASA GLC",
        "severity": "large"
      }
    },
    {
      "type": "Feature",
      "geometry": {
        "type": "Point",
        "coordinates": [
          92.6724,
          24.042
        ]
      },
      "properties": {
        "date": "08/27/2015 12:00:00 AM",
        "location": "National Highway 54, at Kawnpui town",
        "state": "Mizoram",
        "deaths": 0,
        "trigger": "downpour",
        "type": "landslide",
        "source": "NASA GLC",
        "severity": "medium"
      }
    },
    {
      "type": "Feature",
      "geometry": {
        "type": "Point",
        "coordinates": [
          78.8996,
          30.2416
        ]
      },
      "properties": {
        "date": "06/29/2011 12:00:00 AM",
        "location": "Rishikesh-Kedarnath national highway, Sirobagad",
        "state": "Uttarakhand",
        "deaths": 0,
        "trigger": "downpour",
        "type": "landslide",
        "source": "NASA GLC",
        "severity": "medium"
      }
    },
    {
      "type": "Feature",
      "geometry": {
        "type": "Point",
        "coordinates": [
          72.566,
          23.0396
        ]
      },
      "properties": {
        "date": "11/20/2009 06:30:00 PM",
        "location": "Parimal underpass near Juta Bazaar, Ahmedabad, Gujrat State",
        "state": "Gujar\u0101t",
        "deaths": 0,
        "trigger": "construction",
        "type": "landslide",
        "source": "NASA GLC",
        "severity": "medium"
      }
    },
    {
      "type": "Feature",
      "geometry": {
        "type": "Point",
        "coordinates": [
          76.7937,
          11.3484
        ]
      },
      "properties": {
        "date": "02/13/2008 12:00:00 AM",
        "location": "Alwarpet in Coonoor",
        "state": "Tamil Nadu",
        "deaths": 0,
        "trigger": "rain",
        "type": "landslide",
        "source": "NASA GLC",
        "severity": "medium"
      }
    },
    {
      "type": "Feature",
      "geometry": {
        "type": "Point",
        "coordinates": [
          79.3888,
          30.5004
        ]
      },
      "properties": {
        "date": "09/04/2010 12:00:00 AM",
        "location": "Chhinka area(?), on Rishikesh-Badrinath hwy",
        "state": "Uttarakhand",
        "deaths": 0,
        "trigger": "downpour",
        "type": "landslide",
        "source": "NASA GLC",
        "severity": "medium"
      }
    },
    {
      "type": "Feature",
      "geometry": {
        "type": "Point",
        "coordinates": [
          93.7145,
          27.125
        ]
      },
      "properties": {
        "date": "07/15/2011 06:00:00 PM",
        "location": "Itanagar/Naharlagur/Nirjuli",
        "state": "Arun\u0101chal Pradesh",
        "deaths": 0,
        "trigger": "downpour",
        "type": "landslide",
        "source": "NASA GLC",
        "severity": "small"
      }
    },
    {
      "type": "Feature",
      "geometry": {
        "type": "Point",
        "coordinates": [
          96.1509,
          28.8254
        ]
      },
      "properties": {
        "date": "04/07/2013 12:00:00 AM",
        "location": "Dibang Valley, Arunachal Pradesh",
        "state": "Arunachal Pradesh",
        "deaths": 0,
        "trigger": "rain",
        "type": "landslide",
        "source": "NASA GLC",
        "severity": "medium"
      }
    },
    {
      "type": "Feature",
      "geometry": {
        "type": "Point",
        "coordinates": [
          75.22742083,
          33.2443135
        ]
      },
      "properties": {
        "date": "07/02/2007 12:00:00 AM",
        "location": "Jammu-Srinagar highway between Ramban and Srinagar",
        "state": "Kashmir",
        "deaths": 0,
        "trigger": "downpour",
        "type": "landslide",
        "source": "NASA GLC",
        "severity": "medium"
      }
    },
    {
      "type": "Feature",
      "geometry": {
        "type": "Point",
        "coordinates": [
          77.1675,
          31.0931
        ]
      },
      "properties": {
        "date": "07/25/2010 09:00:00 AM",
        "location": "Kanlog, Shimla, Himachal Pradesh",
        "state": "Himachal Pradesh",
        "deaths": 0,
        "trigger": "downpour",
        "type": "landslide",
        "source": "NASA GLC",
        "severity": "medium"
      }
    },
    {
      "type": "Feature",
      "geometry": {
        "type": "Point",
        "coordinates": [
          94.0984,
          24.416
        ]
      },
      "properties": {
        "date": "08/01/2015 12:00:00 AM",
        "location": "Senam",
        "state": "Manipur",
        "deaths": 0,
        "trigger": "continuous_rain",
        "type": "landslide",
        "source": "NASA GLC",
        "severity": "medium"
      }
    },
    {
      "type": "Feature",
      "geometry": {
        "type": "Point",
        "coordinates": [
          94.9731,
          26.4205
        ]
      },
      "properties": {
        "date": "08/30/2013 12:00:00 AM",
        "location": "Yakshu, Nagaland",
        "state": "N\u0101g\u0101land",
        "deaths": 0,
        "trigger": "unknown",
        "type": "mudslide",
        "source": "NASA GLC",
        "severity": "medium"
      }
    },
    {
      "type": "Feature",
      "geometry": {
        "type": "Point",
        "coordinates": [
          75.0556,
          32.9148
        ]
      },
      "properties": {
        "date": "09/06/2014 12:00:00 AM",
        "location": "Rakh batla belt in Udhampur",
        "state": "Kashmir",
        "deaths": 0,
        "trigger": "rain",
        "type": "other",
        "source": "NASA GLC",
        "severity": "medium"
      }
    },
    {
      "type": "Feature",
      "geometry": {
        "type": "Point",
        "coordinates": [
          76.2699,
          32.1002
        ]
      },
      "properties": {
        "date": "08/24/2012 12:00:00 AM",
        "location": "Kangra,  Himachal Pradesh",
        "state": "Himachal Pradesh",
        "deaths": 0,
        "trigger": "downpour",
        "type": "landslide",
        "source": "NASA GLC",
        "severity": "medium"
      }
    },
    {
      "type": "Feature",
      "geometry": {
        "type": "Point",
        "coordinates": [
          75.242,
          33.2418
        ]
      },
      "properties": {
        "date": "02/13/2008 12:00:00 AM",
        "location": "Ramban, near Sringar-Jammu highway",
        "state": "Kashmir",
        "deaths": 0,
        "trigger": "rain",
        "type": "landslide",
        "source": "NASA GLC",
        "severity": "medium"
      }
    },
    {
      "type": "Feature",
      "geometry": {
        "type": "Point",
        "coordinates": [
          77.5796,
          32.4035
        ]
      },
      "properties": {
        "date": "09/10/2009 12:00:00 AM",
        "location": "Manali Kaza-Manali Road near Kunzum Pass, Spiti Valley, Himachal Pradesh",
        "state": "Himachal Pradesh",
        "deaths": 0,
        "trigger": "downpour",
        "type": "landslide",
        "source": "NASA GLC",
        "severity": "medium"
      }
    },
    {
      "type": "Feature",
      "geometry": {
        "type": "Point",
        "coordinates": [
          77.1665,
          31.0851
        ]
      },
      "properties": {
        "date": "07/13/2015 12:00:00 AM",
        "location": "Phase-III, Sector 5, New Shimla",
        "state": "Himachal Pradesh",
        "deaths": 0,
        "trigger": "continuous_rain",
        "type": "mudslide",
        "source": "NASA GLC",
        "severity": "small"
      }
    },
    {
      "type": "Feature",
      "geometry": {
        "type": "Point",
        "coordinates": [
          75.244,
          33.2359
        ]
      },
      "properties": {
        "date": "02/23/2014 06:00:00 PM",
        "location": " Ramban district of Jammu and Kashmir",
        "state": "Kashmir",
        "deaths": 0,
        "trigger": "unknown",
        "type": "landslide",
        "source": "NASA GLC",
        "severity": "large"
      }
    },
    {
      "type": "Feature",
      "geometry": {
        "type": "Point",
        "coordinates": [
          94.1327,
          25.4786
        ]
      },
      "properties": {
        "date": "08/27/2010 04:30:00 PM",
        "location": "NH-39 at Ekai village(?), 2 km for Tadubi, Manipur",
        "state": "N\u0101g\u0101land",
        "deaths": 0,
        "trigger": "downpour",
        "type": "landslide",
        "source": "NASA GLC",
        "severity": "medium"
      }
    },
    {
      "type": "Feature",
      "geometry": {
        "type": "Point",
        "coordinates": [
          80.6117,
          16.5175
        ]
      },
      "properties": {
        "date": "10/25/2013 12:00:00 AM",
        "location": "Chrsiturajupuram, Vijayawada, Andhra Pradesh",
        "state": "Andhra Pradesh",
        "deaths": 0,
        "trigger": "rain",
        "type": "landslide",
        "source": "NASA GLC",
        "severity": "medium"
      }
    },
    {
      "type": "Feature",
      "geometry": {
        "type": "Point",
        "coordinates": [
          88.4451,
          27.4885
        ]
      },
      "properties": {
        "date": "06/17/2011 07:30:00 PM",
        "location": "National HWY 31A, Birik (cut off Sikkim)",
        "state": "nan",
        "deaths": 0,
        "trigger": "rain",
        "type": "mudslide",
        "source": "NASA GLC",
        "severity": "medium"
      }
    },
    {
      "type": "Feature",
      "geometry": {
        "type": "Point",
        "coordinates": [
          77.3504,
          34.2116
        ]
      },
      "properties": {
        "date": "08/06/2010 12:15:00 AM",
        "location": "Nimoo(Nimu)(Nimmoo) village, Leh, Ladakh, Jammu and Kashmir",
        "state": "Kashmir",
        "deaths": 0,
        "trigger": "downpour",
        "type": "landslide",
        "source": "NASA GLC",
        "severity": "large"
      }
    },
    {
      "type": "Feature",
      "geometry": {
        "type": "Point",
        "coordinates": [
          94.1739,
          25.8782
        ]
      },
      "properties": {
        "date": "07/01/2011 12:00:00 AM",
        "location": "NH-61 between Botsa and Chiechama",
        "state": "N\u0101g\u0101land",
        "deaths": 0,
        "trigger": "downpour",
        "type": "landslide",
        "source": "NASA GLC",
        "severity": "medium"
      }
    },
    {
      "type": "Feature",
      "geometry": {
        "type": "Point",
        "coordinates": [
          88.3664,
          27.1695
        ]
      },
      "properties": {
        "date": "10/15/2016 12:00:00 AM",
        "location": "Namchi",
        "state": "Sikkim",
        "deaths": 0,
        "trigger": "rain",
        "type": "landslide",
        "source": "NASA GLC",
        "severity": "medium"
      }
    },
    {
      "type": "Feature",
      "geometry": {
        "type": "Point",
        "coordinates": [
          77.9277,
          31.5593
        ]
      },
      "properties": {
        "date": "08/26/2014 12:00:00 AM",
        "location": "a village near Bhavanagar",
        "state": "Himachal Pradesh",
        "deaths": 0,
        "trigger": "unknown",
        "type": "landslide",
        "source": "NASA GLC",
        "severity": "medium"
      }
    },
    {
      "type": "Feature",
      "geometry": {
        "type": "Point",
        "coordinates": [
          92.4584,
          25.0318
        ]
      },
      "properties": {
        "date": "03/19/2015 12:00:00 AM",
        "location": "Ratacherra",
        "state": "Assam",
        "deaths": 0,
        "trigger": "rain",
        "type": "landslide",
        "source": "NASA GLC",
        "severity": "small"
      }
    },
    {
      "type": "Feature",
      "geometry": {
        "type": "Point",
        "coordinates": [
          78.5094,
          30.383
        ]
      },
      "properties": {
        "date": "02/23/2010 12:00:00 AM",
        "location": "nan",
        "state": "Uttarakhand",
        "deaths": 0,
        "trigger": "downpour",
        "type": "landslide",
        "source": "NASA GLC",
        "severity": "medium"
      }
    },
    {
      "type": "Feature",
      "geometry": {
        "type": "Point",
        "coordinates": [
          78.072,
          32.219
        ]
      },
      "properties": {
        "date": "07/07/2010 12:00:00 AM",
        "location": "Chhatru(?), Gramphu(?)-Kaza rd, Himachal Pradesh",
        "state": "Himachal Pradesh",
        "deaths": 0,
        "trigger": "downpour",
        "type": "landslide",
        "source": "NASA GLC",
        "severity": "medium"
      }
    },
    {
      "type": "Feature",
      "geometry": {
        "type": "Point",
        "coordinates": [
          79.5541,
          30.5568
        ]
      },
      "properties": {
        "date": "04/30/2015 12:00:00 AM",
        "location": "Rishikesh-Badrinath National Highway near Joshimath",
        "state": "Uttarakhand",
        "deaths": 0,
        "trigger": "continuous_rain",
        "type": "landslide",
        "source": "NASA GLC",
        "severity": "small"
      }
    },
    {
      "type": "Feature",
      "geometry": {
        "type": "Point",
        "coordinates": [
          94.9829,
          28.611
        ]
      },
      "properties": {
        "date": "09/02/2013 12:00:00 AM",
        "location": "Gosang Village Under Jengging Circle, Arunachal Pradesh",
        "state": "Arun\u0101chal Pradesh",
        "deaths": 0,
        "trigger": "downpour",
        "type": "landslide",
        "source": "NASA GLC",
        "severity": "large"
      }
    },
    {
      "type": "Feature",
      "geometry": {
        "type": "Point",
        "coordinates": [
          93.3783,
          23.5397
        ]
      },
      "properties": {
        "date": "07/28/2016 11:00:00 PM",
        "location": "Ngur, near Mizoram-Myanmar border, India",
        "state": "Mizoram",
        "deaths": 0,
        "trigger": "continuous_rain",
        "type": "landslide",
        "source": "NASA GLC",
        "severity": "medium"
      }
    },
    {
      "type": "Feature",
      "geometry": {
        "type": "Point",
        "coordinates": [
          75.1432,
          32.9295
        ]
      },
      "properties": {
        "date": "09/15/2012 12:00:00 AM",
        "location": "Dhar-Udhampur rd, Moda Dadda, Udhampur",
        "state": "Kashmir",
        "deaths": 0,
        "trigger": "downpour",
        "type": "landslide",
        "source": "NASA GLC",
        "severity": "medium"
      }
    },
    {
      "type": "Feature",
      "geometry": {
        "type": "Point",
        "coordinates": [
          91.7369,
          26.1049
        ]
      },
      "properties": {
        "date": "06/25/2012 06:00:00 PM",
        "location": "Sonaighuli area near Kahilipara, Guwahati City, Assam",
        "state": "Assam",
        "deaths": 0,
        "trigger": "downpour",
        "type": "landslide",
        "source": "NASA GLC",
        "severity": "large"
      }
    },
    {
      "type": "Feature",
      "geometry": {
        "type": "Point",
        "coordinates": [
          88.268,
          26.9599
        ]
      },
      "properties": {
        "date": "08/16/2009 12:00:00 AM",
        "location": "Malutar tea estate, Darjeeling, West Bengal",
        "state": "Bengal",
        "deaths": 0,
        "trigger": "downpour",
        "type": "landslide",
        "source": "NASA GLC",
        "severity": "medium"
      }
    },
    {
      "type": "Feature",
      "geometry": {
        "type": "Point",
        "coordinates": [
          79.3426,
          30.4054
        ]
      },
      "properties": {
        "date": "07/29/2010 12:00:00 AM",
        "location": "nan",
        "state": "Uttarakhand",
        "deaths": 0,
        "trigger": "downpour",
        "type": "landslide",
        "source": "NASA GLC",
        "severity": "medium"
      }
    },
    {
      "type": "Feature",
      "geometry": {
        "type": "Point",
        "coordinates": [
          77.2466,
          32.3712
        ]
      },
      "properties": {
        "date": "06/18/2008 12:00:00 AM",
        "location": "Manali-Leh road, Gulaba near Rohtang Pass",
        "state": "Himachal Pradesh",
        "deaths": 0,
        "trigger": "rain",
        "type": "landslide",
        "source": "NASA GLC",
        "severity": "medium"
      }
    },
    {
      "type": "Feature",
      "geometry": {
        "type": "Point",
        "coordinates": [
          96.1517,
          28.8254
        ]
      },
      "properties": {
        "date": "06/02/2012 12:00:00 AM",
        "location": "Arunachal Pradesh, Dibang,",
        "state": "Arunachal Pradesh",
        "deaths": 0,
        "trigger": "downpour",
        "type": "landslide",
        "source": "NASA GLC",
        "severity": "medium"
      }
    },
    {
      "type": "Feature",
      "geometry": {
        "type": "Point",
        "coordinates": [
          93.0385,
          27.36
        ]
      },
      "properties": {
        "date": "07/15/2015 08:00:00 AM",
        "location": "Type-IV Colony of Seppa in East Kameng",
        "state": "Arunachal Pradesh",
        "deaths": 0,
        "trigger": "monsoon",
        "type": "landslide",
        "source": "NASA GLC",
        "severity": "medium"
      }
    },
    {
      "type": "Feature",
      "geometry": {
        "type": "Point",
        "coordinates": [
          77.9137,
          30.1977
        ]
      },
      "properties": {
        "date": "09/19/2010 09:00:00 AM",
        "location": "near Mohand, Dehradun-Delhi hwy, Uttar Pradesh",
        "state": "Uttarakhand",
        "deaths": 0,
        "trigger": "downpour",
        "type": "landslide",
        "source": "NASA GLC",
        "severity": "medium"
      }
    },
    {
      "type": "Feature",
      "geometry": {
        "type": "Point",
        "coordinates": [
          75.2449,
          33.1213
        ]
      },
      "properties": {
        "date": "03/05/2015 12:00:00 AM",
        "location": "Sanasar area of district Ramban",
        "state": "Kashmir",
        "deaths": 0,
        "trigger": "unknown",
        "type": "landslide",
        "source": "NASA GLC",
        "severity": "medium"
      }
    },
    {
      "type": "Feature",
      "geometry": {
        "type": "Point",
        "coordinates": [
          91.8383,
          26.1309
        ]
      },
      "properties": {
        "date": "10/06/2013 12:45:00 PM",
        "location": "Batahguli, Guwahati, Assam",
        "state": "Assam",
        "deaths": 0,
        "trigger": "downpour",
        "type": "landslide",
        "source": "NASA GLC",
        "severity": "medium"
      }
    },
    {
      "type": "Feature",
      "geometry": {
        "type": "Point",
        "coordinates": [
          95.4112,
          28.3036
        ]
      },
      "properties": {
        "date": "09/09/2010 11:00:00 PM",
        "location": "Mossing(Mosing) village(?), Upper Siang district, Arunachal Pradesh",
        "state": "Arun\u0101chal Pradesh",
        "deaths": 0,
        "trigger": "downpour",
        "type": "landslide",
        "source": "NASA GLC",
        "severity": "medium"
      }
    },
    {
      "type": "Feature",
      "geometry": {
        "type": "Point",
        "coordinates": [
          73.974,
          15.323
        ]
      },
      "properties": {
        "date": "09/10/2008 12:00:00 AM",
        "location": "Solva, Raia",
        "state": "Goa",
        "deaths": 0,
        "trigger": "rain",
        "type": "rock_fall",
        "source": "NASA GLC",
        "severity": "medium"
      }
    },
    {
      "type": "Feature",
      "geometry": {
        "type": "Point",
        "coordinates": [
          93.8474,
          25.1555
        ]
      },
      "properties": {
        "date": "05/31/2011 02:00:00 PM",
        "location": "Roads between Tamei(Tamma?), Kangpokpi and Chalwa, Manipur",
        "state": "Manipur",
        "deaths": 0,
        "trigger": "continuous_rain",
        "type": "landslide",
        "source": "NASA GLC",
        "severity": "small"
      }
    },
    {
      "type": "Feature",
      "geometry": {
        "type": "Point",
        "coordinates": [
          76.9299,
          9.5527
        ]
      },
      "properties": {
        "date": "08/17/2012 12:00:00 AM",
        "location": "Pullupara, Perunanthanam, kerala",
        "state": "Kerala",
        "deaths": 0,
        "trigger": "downpour",
        "type": "landslide",
        "source": "NASA GLC",
        "severity": "medium"
      }
    },
    {
      "type": "Feature",
      "geometry": {
        "type": "Point",
        "coordinates": [
          78.0574,
          30.6639
        ]
      },
      "properties": {
        "date": "08/18/2013 12:00:00 AM",
        "location": "Rishkesh-Yamunotri Highway",
        "state": "Uttarakhand",
        "deaths": 0,
        "trigger": "rain",
        "type": "landslide",
        "source": "NASA GLC",
        "severity": "medium"
      }
    },
    {
      "type": "Feature",
      "geometry": {
        "type": "Point",
        "coordinates": [
          94.0212,
          25.2745
        ]
      },
      "properties": {
        "date": "10/08/2010 12:00:00 AM",
        "location": "Bungte Chiru village(?), Senapati district, Manipur",
        "state": "N\u0101g\u0101land",
        "deaths": 0,
        "trigger": "downpour",
        "type": "landslide",
        "source": "NASA GLC",
        "severity": "medium"
      }
    },
    {
      "type": "Feature",
      "geometry": {
        "type": "Point",
        "coordinates": [
          92.71060943,
          23.73504471
        ]
      },
      "properties": {
        "date": "09/13/2010 12:00:00 AM",
        "location": "road to Kanan Veng from Hunthar Veng, Mizoram",
        "state": "Mizoram",
        "deaths": 0,
        "trigger": "downpour",
        "type": "landslide",
        "source": "NASA GLC",
        "severity": "medium"
      }
    },
    {
      "type": "Feature",
      "geometry": {
        "type": "Point",
        "coordinates": [
          92.8551,
          25.0888
        ]
      },
      "properties": {
        "date": "05/24/2011 12:00:00 AM",
        "location": "Silchar-Haflong rd., at Reko(Rekha )(?), near Harangajao, Barail Hills, Assam",
        "state": "Assam",
        "deaths": 0,
        "trigger": "downpour",
        "type": "complex",
        "source": "NASA GLC",
        "severity": "medium"
      }
    },
    {
      "type": "Feature",
      "geometry": {
        "type": "Point",
        "coordinates": [
          88.6188,
          27.3392
        ]
      },
      "properties": {
        "date": "08/27/2010 06:00:00 PM",
        "location": "Daragaon(?), Gangtok city, Sikkim",
        "state": "Sikkim",
        "deaths": 0,
        "trigger": "downpour",
        "type": "landslide",
        "source": "NASA GLC",
        "severity": "medium"
      }
    },
    {
      "type": "Feature",
      "geometry": {
        "type": "Point",
        "coordinates": [
          78.4606,
          17.4655
        ]
      },
      "properties": {
        "date": "10/17/2016 07:00:00 AM",
        "location": "Ferozeguda",
        "state": "Telangana",
        "deaths": 0,
        "trigger": "construction",
        "type": "mudslide",
        "source": "NASA GLC",
        "severity": "medium"
      }
    },
    {
      "type": "Feature",
      "geometry": {
        "type": "Point",
        "coordinates": [
          78.0169,
          30.3069
        ]
      },
      "properties": {
        "date": "06/17/2013 12:00:00 AM",
        "location": "Dehradun, Uttarakhand",
        "state": "Uttarakhand",
        "deaths": 0,
        "trigger": "rain",
        "type": "landslide",
        "source": "NASA GLC",
        "severity": "medium"
      }
    },
    {
      "type": "Feature",
      "geometry": {
        "type": "Point",
        "coordinates": [
          91.8695,
          26.048
        ]
      },
      "properties": {
        "date": "09/05/2015 12:00:00 AM",
        "location": "Byrnihat",
        "state": "Meghalaya",
        "deaths": 0,
        "trigger": "unknown",
        "type": "landslide",
        "source": "NASA GLC",
        "severity": "medium"
      }
    },
    {
      "type": "Feature",
      "geometry": {
        "type": "Point",
        "coordinates": [
          85.6179,
          24.3599
        ]
      },
      "properties": {
        "date": "07/27/2013 12:00:00 AM",
        "location": "Paharpur\u00a0Locality In\u00a0Koderma",
        "state": "Jharkhand",
        "deaths": 0,
        "trigger": "downpour",
        "type": "landslide",
        "source": "NASA GLC",
        "severity": "small"
      }
    },
    {
      "type": "Feature",
      "geometry": {
        "type": "Point",
        "coordinates": [
          93.0748,
          23.3439
        ]
      },
      "properties": {
        "date": "09/13/2010 12:00:00 AM",
        "location": "near Tuichang(?) on Tuichang river, Aizawl-Champhai rd, Mizoram",
        "state": "Mizoram",
        "deaths": 0,
        "trigger": "downpour",
        "type": "landslide",
        "source": "NASA GLC",
        "severity": "medium"
      }
    },
    {
      "type": "Feature",
      "geometry": {
        "type": "Point",
        "coordinates": [
          90.2191,
          25.5084
        ]
      },
      "properties": {
        "date": "06/16/2015 12:00:00 AM",
        "location": "Akonggre",
        "state": "Meghalaya",
        "deaths": 0,
        "trigger": "downpour",
        "type": "rock_fall",
        "source": "NASA GLC",
        "severity": "small"
      }
    },
    {
      "type": "Feature",
      "geometry": {
        "type": "Point",
        "coordinates": [
          78.3297,
          30.638
        ]
      },
      "properties": {
        "date": "07/06/2010 12:00:00 AM",
        "location": "highway to Uttarkashi district, Uttarakhand",
        "state": "Uttarakhand",
        "deaths": 0,
        "trigger": "downpour",
        "type": "landslide",
        "source": "NASA GLC",
        "severity": "medium"
      }
    },
    {
      "type": "Feature",
      "geometry": {
        "type": "Point",
        "coordinates": [
          94.693,
          26.7103
        ]
      },
      "properties": {
        "date": "08/11/2013 11:00:00 PM",
        "location": "Kangtsung Village",
        "state": "Assam",
        "deaths": 0,
        "trigger": "downpour",
        "type": "landslide",
        "source": "NASA GLC",
        "severity": "very_large"
      }
    },
    {
      "type": "Feature",
      "geometry": {
        "type": "Point",
        "coordinates": [
          75.0327,
          12.8806
        ]
      },
      "properties": {
        "date": "11/11/2010 12:00:00 AM",
        "location": "Bantwal Cross (BC) road flyover, NH48, between Mangalore and Beltangady(Belthangady) and Puttur, Bantwal, Karnataka",
        "state": "Karnataka",
        "deaths": 0,
        "trigger": "downpour",
        "type": "landslide",
        "source": "NASA GLC",
        "severity": "medium"
      }
    },
    {
      "type": "Feature",
      "geometry": {
        "type": "Point",
        "coordinates": [
          77.0991,
          31.0164
        ]
      },
      "properties": {
        "date": "10/15/2014 12:00:00 AM",
        "location": "Kashmaari village in Solan district",
        "state": "Himachal Pradesh",
        "deaths": 0,
        "trigger": "mining",
        "type": "landslide",
        "source": "NASA GLC",
        "severity": "medium"
      }
    },
    {
      "type": "Feature",
      "geometry": {
        "type": "Point",
        "coordinates": [
          88.6428,
          27.3543
        ]
      },
      "properties": {
        "date": "05/31/2010 11:00:00 PM",
        "location": "North Sikkiim Highway, periphery of Gangtok, Sikkim East district",
        "state": "Sikkim",
        "deaths": 0,
        "trigger": "downpour",
        "type": "landslide",
        "source": "NASA GLC",
        "severity": "medium"
      }
    },
    {
      "type": "Feature",
      "geometry": {
        "type": "Point",
        "coordinates": [
          93.4108,
          24.7679
        ]
      },
      "properties": {
        "date": "10/08/2010 12:00:00 AM",
        "location": "Nungba, Tamenglong, Manipur",
        "state": "Assam",
        "deaths": 0,
        "trigger": "downpour",
        "type": "landslide",
        "source": "NASA GLC",
        "severity": "medium"
      }
    },
    {
      "type": "Feature",
      "geometry": {
        "type": "Point",
        "coordinates": [
          75.6695,
          33.2257
        ]
      },
      "properties": {
        "date": "03/03/2011 11:00:00 PM",
        "location": "Srawan village(?), Batote-Doda-Kishtwar road, Kishtwar district",
        "state": "Kashmir",
        "deaths": 0,
        "trigger": "downpour",
        "type": "landslide",
        "source": "NASA GLC",
        "severity": "medium"
      }
    },
    {
      "type": "Feature",
      "geometry": {
        "type": "Point",
        "coordinates": [
          75.8886,
          33.2599
        ]
      },
      "properties": {
        "date": "04/17/2011 12:00:00 AM",
        "location": "Shanna(?), Jammu province",
        "state": "Kashmir",
        "deaths": 0,
        "trigger": "downpour",
        "type": "landslide",
        "source": "NASA GLC",
        "severity": "medium"
      }
    },
    {
      "type": "Feature",
      "geometry": {
        "type": "Point",
        "coordinates": [
          77.9988,
          34.0123
        ]
      },
      "properties": {
        "date": "07/07/2012 12:00:00 AM",
        "location": "Ladakh, Leh",
        "state": "Kashmir",
        "deaths": 0,
        "trigger": "downpour",
        "type": "landslide",
        "source": "NASA GLC",
        "severity": "medium"
      }
    },
    {
      "type": "Feature",
      "geometry": {
        "type": "Point",
        "coordinates": [
          78.6278,
          30.0261
        ]
      },
      "properties": {
        "date": "06/21/2015 12:00:00 AM",
        "location": "Satpuli-Kanskhet Road in Pauri Garhwal district",
        "state": "Uttarakhand",
        "deaths": 0,
        "trigger": "rain",
        "type": "landslide",
        "source": "NASA GLC",
        "severity": "small"
      }
    },
    {
      "type": "Feature",
      "geometry": {
        "type": "Point",
        "coordinates": [
          73.0618,
          19.2677
        ]
      },
      "properties": {
        "date": "09/02/2014 06:00:00 PM",
        "location": "Gayatri Nagar",
        "state": "Maharashtra",
        "deaths": 0,
        "trigger": "continuous_rain",
        "type": "landslide",
        "source": "NASA GLC",
        "severity": "small"
      }
    },
    {
      "type": "Feature",
      "geometry": {
        "type": "Point",
        "coordinates": [
          78.5658,
          29.7036
        ]
      },
      "properties": {
        "date": "09/01/2009 03:00:00 PM",
        "location": "Chinona area in Almora district",
        "state": "Uttarakhand",
        "deaths": 0,
        "trigger": "downpour",
        "type": "landslide",
        "source": "NASA GLC",
        "severity": "medium"
      }
    },
    {
      "type": "Feature",
      "geometry": {
        "type": "Point",
        "coordinates": [
          74.2562,
          33.798
        ]
      },
      "properties": {
        "date": "09/04/2014 12:00:00 AM",
        "location": "Mandi belt along LoC",
        "state": "Kashmir",
        "deaths": 0,
        "trigger": "rain",
        "type": "landslide",
        "source": "NASA GLC",
        "severity": "medium"
      }
    },
    {
      "type": "Feature",
      "geometry": {
        "type": "Point",
        "coordinates": [
          75.1919,
          33.2477
        ]
      },
      "properties": {
        "date": "03/01/2011 03:00:00 PM",
        "location": "Shetani Nallah(?), Jammu-Srinagar National Highway, Jammu and Kashmir",
        "state": "Kashmir",
        "deaths": 0,
        "trigger": "downpour",
        "type": "landslide",
        "source": "NASA GLC",
        "severity": "medium"
      }
    },
    {
      "type": "Feature",
      "geometry": {
        "type": "Point",
        "coordinates": [
          79.0853,
          30.5345
        ]
      },
      "properties": {
        "date": "10/16/2013 06:00:00 PM",
        "location": "National Highway 109, Uttarakhand",
        "state": "Uttarakhand",
        "deaths": 0,
        "trigger": "unknown",
        "type": "landslide",
        "source": "NASA GLC",
        "severity": "medium"
      }
    },
    {
      "type": "Feature",
      "geometry": {
        "type": "Point",
        "coordinates": [
          94.6219,
          25.72
        ]
      },
      "properties": {
        "date": "08/02/2015 12:00:00 AM",
        "location": "Meluri Sub-Division in Phek District of Nagaland",
        "state": "Nagaland",
        "deaths": 0,
        "trigger": "continuous_rain",
        "type": "landslide",
        "source": "NASA GLC",
        "severity": "medium"
      }
    },
    {
      "type": "Feature",
      "geometry": {
        "type": "Point",
        "coordinates": [
          78.3366,
          30.6539
        ]
      },
      "properties": {
        "date": "07/26/2013 12:00:00 AM",
        "location": "Rishikesh-Gangotri Highway Near Dharasu-Nalupani",
        "state": "Uttarakhand",
        "deaths": 0,
        "trigger": "rain",
        "type": "landslide",
        "source": "NASA GLC",
        "severity": "medium"
      }
    },
    {
      "type": "Feature",
      "geometry": {
        "type": "Point",
        "coordinates": [
          94.5282,
          26.0101
        ]
      },
      "properties": {
        "date": "07/26/2016 11:00:00 PM",
        "location": "Zunheboto, Nagaland, India",
        "state": "Nagaland",
        "deaths": 0,
        "trigger": "downpour",
        "type": "landslide",
        "source": "NASA GLC",
        "severity": "medium"
      }
    },
    {
      "type": "Feature",
      "geometry": {
        "type": "Point",
        "coordinates": [
          79.4774,
          30.4605
        ]
      },
      "properties": {
        "date": "07/24/2013 12:00:00 AM",
        "location": "Chamoli, Uttarakhand",
        "state": "Uttarakhand",
        "deaths": 0,
        "trigger": "continuous_rain",
        "type": "landslide",
        "source": "NASA GLC",
        "severity": "medium"
      }
    },
    {
      "type": "Feature",
      "geometry": {
        "type": "Point",
        "coordinates": [
          73.311,
          19.029
        ]
      },
      "properties": {
        "date": "06/22/2015 06:15:00 AM",
        "location": "Village Mohechiwadi under Karjat taluka of Raigad district",
        "state": "Maharashtra",
        "deaths": 0,
        "trigger": "continuous_rain",
        "type": "landslide",
        "source": "NASA GLC",
        "severity": "medium"
      }
    },
    {
      "type": "Feature",
      "geometry": {
        "type": "Point",
        "coordinates": [
          77.15,
          28.758
        ]
      },
      "properties": {
        "date": "05/26/2013 12:00:00 AM",
        "location": "\u00a0Jammu-Srinagar",
        "state": "NCT",
        "deaths": 0,
        "trigger": "downpour",
        "type": "landslide",
        "source": "NASA GLC",
        "severity": "medium"
      }
    },
    {
      "type": "Feature",
      "geometry": {
        "type": "Point",
        "coordinates": [
          75.7797,
          12.9455
        ]
      },
      "properties": {
        "date": "07/08/2015 12:00:00 AM",
        "location": "Yedakumeri, Bengaluru-Mangaluru train",
        "state": "Karnataka",
        "deaths": 0,
        "trigger": "rain",
        "type": "landslide",
        "source": "NASA GLC",
        "severity": "small"
      }
    },
    {
      "type": "Feature",
      "geometry": {
        "type": "Point",
        "coordinates": [
          77.5914,
          32.7334
        ]
      },
      "properties": {
        "date": "08/12/2007 12:00:00 AM",
        "location": "Himachal Pradesh, all over",
        "state": "Himachal Pradesh",
        "deaths": 0,
        "trigger": "rain",
        "type": "landslide",
        "source": "NASA GLC",
        "severity": "medium"
      }
    },
    {
      "type": "Feature",
      "geometry": {
        "type": "Point",
        "coordinates": [
          78.5113,
          30.3351
        ]
      },
      "properties": {
        "date": "07/16/2016 12:00:00 AM",
        "location": "Mathyali village, Jakhnidhar, Uttarakhand, India",
        "state": "Uttarakhand",
        "deaths": 0,
        "trigger": "rain",
        "type": "rock_fall",
        "source": "NASA GLC",
        "severity": "small"
      }
    },
    {
      "type": "Feature",
      "geometry": {
        "type": "Point",
        "coordinates": [
          88.4572,
          27.0875
        ]
      },
      "properties": {
        "date": "09/20/2007 12:00:00 AM",
        "location": "Multiple places along 31A, Tarkhola area in Kalimpong district and Sevoke in WB",
        "state": "Bengal",
        "deaths": 0,
        "trigger": "rain",
        "type": "landslide",
        "source": "NASA GLC",
        "severity": "medium"
      }
    },
    {
      "type": "Feature",
      "geometry": {
        "type": "Point",
        "coordinates": [
          94.1076,
          25.682
        ]
      },
      "properties": {
        "date": "10/09/2010 12:00:00 AM",
        "location": "Lower Pezielietsie(Tinpati), Kohima, Manipur",
        "state": "N\u0101g\u0101land",
        "deaths": 0,
        "trigger": "downpour",
        "type": "landslide",
        "source": "NASA GLC",
        "severity": "medium"
      }
    },
    {
      "type": "Feature",
      "geometry": {
        "type": "Point",
        "coordinates": [
          76.5338,
          31.673
        ]
      },
      "properties": {
        "date": "07/14/2013 12:00:00 AM",
        "location": "Shimla-Nahan Highway, Dosarka, Himachal Pradesh",
        "state": "Himachal Pradesh",
        "deaths": 0,
        "trigger": "rain",
        "type": "landslide",
        "source": "NASA GLC",
        "severity": "medium"
      }
    },
    {
      "type": "Feature",
      "geometry": {
        "type": "Point",
        "coordinates": [
          92.7187,
          23.7348
        ]
      },
      "properties": {
        "date": "09/14/2015 03:10:00 AM",
        "location": "Aizawl, Mizoram, India",
        "state": "Mizoram",
        "deaths": 0,
        "trigger": "downpour",
        "type": "landslide",
        "source": "NASA GLC",
        "severity": "large"
      }
    },
    {
      "type": "Feature",
      "geometry": {
        "type": "Point",
        "coordinates": [
          77.1723589,
          31.09907494
        ]
      },
      "properties": {
        "date": "06/09/2010 12:00:00 AM",
        "location": "Shimla district, Himachal Pradesh",
        "state": "Himachal Pradesh",
        "deaths": 0,
        "trigger": "downpour",
        "type": "landslide",
        "source": "NASA GLC",
        "severity": "medium"
      }
    },
    {
      "type": "Feature",
      "geometry": {
        "type": "Point",
        "coordinates": [
          78.499,
          17.3895
        ]
      },
      "properties": {
        "date": "08/13/2007 12:00:00 AM",
        "location": "Koti railway station",
        "state": "Andhra Pradesh",
        "deaths": 0,
        "trigger": "rain",
        "type": "landslide",
        "source": "NASA GLC",
        "severity": "medium"
      }
    },
    {
      "type": "Feature",
      "geometry": {
        "type": "Point",
        "coordinates": [
          78.1333,
          27.0167
        ]
      },
      "properties": {
        "date": "10/12/2008 12:00:00 AM",
        "location": "Lehrakapura village near Shamsabad town",
        "state": "Uttar Pradesh",
        "deaths": 0,
        "trigger": "rain",
        "type": "mudslide",
        "source": "NASA GLC",
        "severity": "medium"
      }
    },
    {
      "type": "Feature",
      "geometry": {
        "type": "Point",
        "coordinates": [
          78.48,
          30.8928
        ]
      },
      "properties": {
        "date": "07/25/2013 12:00:00 AM",
        "location": "Quaritok, Uttarkashi, Uttarakhand",
        "state": "Uttarakhand",
        "deaths": 0,
        "trigger": "continuous_rain",
        "type": "landslide",
        "source": "NASA GLC",
        "severity": "medium"
      }
    },
    {
      "type": "Feature",
      "geometry": {
        "type": "Point",
        "coordinates": [
          78.4396,
          30.7292
        ]
      },
      "properties": {
        "date": "08/17/2013 12:00:00 AM",
        "location": "Uttarkashi, Uttarakhand",
        "state": "Uttarakhand",
        "deaths": 0,
        "trigger": "rain",
        "type": "landslide",
        "source": "NASA GLC",
        "severity": "medium"
      }
    },
    {
      "type": "Feature",
      "geometry": {
        "type": "Point",
        "coordinates": [
          90.5549,
          25.2193
        ]
      },
      "properties": {
        "date": "08/19/2015 09:00:00 AM",
        "location": "NH-62 at Sibbari",
        "state": "Meghalaya",
        "deaths": 0,
        "trigger": "continuous_rain",
        "type": "landslide",
        "source": "NASA GLC",
        "severity": "medium"
      }
    },
    {
      "type": "Feature",
      "geometry": {
        "type": "Point",
        "coordinates": [
          91.8644,
          27.5748
        ]
      },
      "properties": {
        "date": "07/28/2016 12:00:00 AM",
        "location": "Dolma Lhakang complex, Lumla, Tawang,  Arunachal Pradesh, India",
        "state": "Arunachal Pradesh",
        "deaths": 0,
        "trigger": "monsoon",
        "type": "landslide",
        "source": "NASA GLC",
        "severity": "medium"
      }
    },
    {
      "type": "Feature",
      "geometry": {
        "type": "Point",
        "coordinates": [
          74.499,
          14.7812
        ]
      },
      "properties": {
        "date": "10/02/2009 12:00:00 AM",
        "location": "Madibag near Kadwad village, Uttara Kannada district, North Karnataka",
        "state": "Karnataka",
        "deaths": 0,
        "trigger": "downpour",
        "type": "landslide",
        "source": "NASA GLC",
        "severity": "large"
      }
    },
    {
      "type": "Feature",
      "geometry": {
        "type": "Point",
        "coordinates": [
          88.2807,
          26.8781
        ]
      },
      "properties": {
        "date": "07/01/2015 12:00:00 AM",
        "location": "Khahare Khola, Kurseong",
        "state": "West Bengal",
        "deaths": 0,
        "trigger": "downpour",
        "type": "landslide",
        "source": "NASA GLC",
        "severity": "medium"
      }
    },
    {
      "type": "Feature",
      "geometry": {
        "type": "Point",
        "coordinates": [
          94.0441,
          25.318
        ]
      },
      "properties": {
        "date": "08/09/2013 12:00:00 AM",
        "location": "Senapati, Manipur",
        "state": "N\u0101g\u0101land",
        "deaths": 0,
        "trigger": "downpour",
        "type": "landslide",
        "source": "NASA GLC",
        "severity": "large"
      }
    },
    {
      "type": "Feature",
      "geometry": {
        "type": "Point",
        "coordinates": [
          77.1679,
          31.5596
        ]
      },
      "properties": {
        "date": "07/07/2013 12:00:00 AM",
        "location": "Mandi-Janjheli Road At Odidhar Thunag, Himachal Pradesh",
        "state": "Himachal Pradesh",
        "deaths": 0,
        "trigger": "downpour",
        "type": "landslide",
        "source": "NASA GLC",
        "severity": "medium"
      }
    },
    {
      "type": "Feature",
      "geometry": {
        "type": "Point",
        "coordinates": [
          93.5291,
          24.7016
        ]
      },
      "properties": {
        "date": "08/11/2015 12:00:00 AM",
        "location": "Khoupum",
        "state": "Manipur",
        "deaths": 0,
        "trigger": "continuous_rain",
        "type": "landslide",
        "source": "NASA GLC",
        "severity": "medium"
      }
    },
    {
      "type": "Feature",
      "geometry": {
        "type": "Point",
        "coordinates": [
          83.9462,
          21.464
        ]
      },
      "properties": {
        "date": "09/23/2007 12:00:00 AM",
        "location": "NH6, Sambalpur town before Mahanadi bridge",
        "state": "Orissa",
        "deaths": 0,
        "trigger": "rain",
        "type": "landslide",
        "source": "NASA GLC",
        "severity": "medium"
      }
    },
    {
      "type": "Feature",
      "geometry": {
        "type": "Point",
        "coordinates": [
          88.2374,
          23.9304
        ]
      },
      "properties": {
        "date": "07/21/2007 12:00:00 AM",
        "location": "Beldanga",
        "state": "Bengal",
        "deaths": 0,
        "trigger": "rain",
        "type": "landslide",
        "source": "NASA GLC",
        "severity": "medium"
      }
    },
    {
      "type": "Feature",
      "geometry": {
        "type": "Point",
        "coordinates": [
          83.1993,
          17.6874
        ]
      },
      "properties": {
        "date": "10/02/2015 12:00:00 AM",
        "location": "Simhagiri Colony, Azeemabad, Pedagantyada, Visakhapatnam, Andhra Pradesh, India",
        "state": "Andhra Pradesh",
        "deaths": 0,
        "trigger": "downpour",
        "type": "landslide",
        "source": "NASA GLC",
        "severity": "medium"
      }
    },
    {
      "type": "Feature",
      "geometry": {
        "type": "Point",
        "coordinates": [
          75.2381,
          33.2424
        ]
      },
      "properties": {
        "date": "02/04/2012 12:00:00 AM",
        "location": "Jawahar Tunnel-Patnitop stretch in Ramban district, Jammu-Srinagar highway",
        "state": "Kashmir",
        "deaths": 0,
        "trigger": "downpour",
        "type": "landslide",
        "source": "NASA GLC",
        "severity": "medium"
      }
    },
    {
      "type": "Feature",
      "geometry": {
        "type": "Point",
        "coordinates": [
          78.0319,
          30.3214
        ]
      },
      "properties": {
        "date": "07/06/2011 12:00:00 AM",
        "location": "Gangortri-Rishikesh highway, at Narendranagar in Tehri district of Uttarakhand",
        "state": "Uttarakhand",
        "deaths": 0,
        "trigger": "downpour",
        "type": "landslide",
        "source": "NASA GLC",
        "severity": "medium"
      }
    },
    {
      "type": "Feature",
      "geometry": {
        "type": "Point",
        "coordinates": [
          75.0911,
          32.9041
        ]
      },
      "properties": {
        "date": "08/07/2016 03:00:00 AM",
        "location": "Kheri near Udhampur",
        "state": "Kashmir",
        "deaths": 0,
        "trigger": "continuous_rain",
        "type": "landslide",
        "source": "NASA GLC",
        "severity": "medium"
      }
    },
    {
      "type": "Feature",
      "geometry": {
        "type": "Point",
        "coordinates": [
          79.1939,
          30.1944
        ]
      },
      "properties": {
        "date": "07/23/2013 12:00:00 AM",
        "location": "Deval, Chamoli District, Uttarakhand",
        "state": "Uttarakhand",
        "deaths": 0,
        "trigger": "downpour",
        "type": "landslide",
        "source": "NASA GLC",
        "severity": "medium"
      }
    },
    {
      "type": "Feature",
      "geometry": {
        "type": "Point",
        "coordinates": [
          76.9876,
          31.7756
        ]
      },
      "properties": {
        "date": "08/13/2015 12:00:00 AM",
        "location": "IIT Campus in Mandi",
        "state": "Himachal Pradesh",
        "deaths": 0,
        "trigger": "unknown",
        "type": "landslide",
        "source": "NASA GLC",
        "severity": "medium"
      }
    },
    {
      "type": "Feature",
      "geometry": {
        "type": "Point",
        "coordinates": [
          77.4266,
          30.6935
        ]
      },
      "properties": {
        "date": "07/26/2016 11:00:00 PM",
        "location": "Jwagdhar village, Sangrah, Sirmaur district, Himachal Pradesh, India",
        "state": "Himachal Pradesh",
        "deaths": 0,
        "trigger": "downpour",
        "type": "rock_fall",
        "source": "NASA GLC",
        "severity": "large"
      }
    },
    {
      "type": "Feature",
      "geometry": {
        "type": "Point",
        "coordinates": [
          92.8025,
          25.0633
        ]
      },
      "properties": {
        "date": "06/16/2010 12:00:00 AM",
        "location": "rails between Jatinga and Longrangjao(?), Assam",
        "state": "Assam",
        "deaths": 0,
        "trigger": "downpour",
        "type": "landslide",
        "source": "NASA GLC",
        "severity": "medium"
      }
    },
    {
      "type": "Feature",
      "geometry": {
        "type": "Point",
        "coordinates": [
          94.1095,
          25.6703
        ]
      },
      "properties": {
        "date": "07/11/2011 09:00:00 AM",
        "location": "NH-61, 1 km before reaching Botsa",
        "state": "N\u0101g\u0101land",
        "deaths": 0,
        "trigger": "downpour",
        "type": "landslide",
        "source": "NASA GLC",
        "severity": "medium"
      }
    },
    {
      "type": "Feature",
      "geometry": {
        "type": "Point",
        "coordinates": [
          76.8691,
          11.344
        ]
      },
      "properties": {
        "date": "11/24/2013 11:00:00 PM",
        "location": "Kallar, Tamil Nadu",
        "state": "Tamil Nadu",
        "deaths": 0,
        "trigger": "downpour",
        "type": "rock_fall",
        "source": "NASA GLC",
        "severity": "medium"
      }
    },
    {
      "type": "Feature",
      "geometry": {
        "type": "Point",
        "coordinates": [
          77.5206,
          10.4497
        ]
      },
      "properties": {
        "date": "10/15/2011 12:00:00 AM",
        "location": "Palani, Dindigul district",
        "state": "Tamil Nadu",
        "deaths": 0,
        "trigger": "downpour",
        "type": "landslide",
        "source": "NASA GLC",
        "severity": "medium"
      }
    },
    {
      "type": "Feature",
      "geometry": {
        "type": "Point",
        "coordinates": [
          78.0366,
          30.4876
        ]
      },
      "properties": {
        "date": "08/05/2012 11:30:00 PM",
        "location": "Kempty falls",
        "state": "Uttarakhand",
        "deaths": 0,
        "trigger": "unknown",
        "type": "rock_fall",
        "source": "NASA GLC",
        "severity": "medium"
      }
    },
    {
      "type": "Feature",
      "geometry": {
        "type": "Point",
        "coordinates": [
          76.1238,
          32.5612
        ]
      },
      "properties": {
        "date": "03/10/2015 04:00:00 AM",
        "location": "2 MW Sal-II hydropower project, on the outskirts of Chamba",
        "state": "Himachal Pradesh",
        "deaths": 0,
        "trigger": "downpour",
        "type": "mudslide",
        "source": "NASA GLC",
        "severity": "medium"
      }
    },
    {
      "type": "Feature",
      "geometry": {
        "type": "Point",
        "coordinates": [
          79.6592,
          29.5987
        ]
      },
      "properties": {
        "date": "06/17/2013 12:00:00 AM",
        "location": "Almora, Uttarakhand",
        "state": "Uttarakhand",
        "deaths": 0,
        "trigger": "downpour",
        "type": "landslide",
        "source": "NASA GLC",
        "severity": "medium"
      }
    },
    {
      "type": "Feature",
      "geometry": {
        "type": "Point",
        "coordinates": [
          88.4695,
          26.8692
        ]
      },
      "properties": {
        "date": "10/12/2016 12:00:00 AM",
        "location": "between Siliguri and Sevak",
        "state": "West Bengal",
        "deaths": 0,
        "trigger": "downpour",
        "type": "landslide",
        "source": "NASA GLC",
        "severity": "medium"
      }
    },
    {
      "type": "Feature",
      "geometry": {
        "type": "Point",
        "coordinates": [
          79.5343,
          29.6042
        ]
      },
      "properties": {
        "date": "09/18/2010 12:00:00 AM",
        "location": "villages Pilkha(?), Devali(?), and Balta(?), Avalbagh block(?), Almora(Almorah) district, Uttarakhand",
        "state": "Uttarakhand",
        "deaths": 0,
        "trigger": "downpour",
        "type": "landslide",
        "source": "NASA GLC",
        "severity": "large"
      }
    },
    {
      "type": "Feature",
      "geometry": {
        "type": "Point",
        "coordinates": [
          77.1325,
          31.0655
        ]
      },
      "properties": {
        "date": "07/31/2010 12:00:00 AM",
        "location": "NH-22 near Taradevi",
        "state": "Himachal Pradesh",
        "deaths": 0,
        "trigger": "downpour",
        "type": "landslide",
        "source": "NASA GLC",
        "severity": "medium"
      }
    },
    {
      "type": "Feature",
      "geometry": {
        "type": "Point",
        "coordinates": [
          76.8902,
          8.742
        ]
      },
      "properties": {
        "date": "09/12/2009 12:00:00 AM",
        "location": "Vamanapuram, Thiruvananthapuram district in the state of Kerala",
        "state": "Kerala",
        "deaths": 0,
        "trigger": "rain",
        "type": "landslide",
        "source": "NASA GLC",
        "severity": "medium"
      }
    },
    {
      "type": "Feature",
      "geometry": {
        "type": "Point",
        "coordinates": [
          76.7416,
          10.0011
        ]
      },
      "properties": {
        "date": "08/17/2012 12:00:00 AM",
        "location": "Kadavoor, Erakulam, Kerala",
        "state": "Kerala",
        "deaths": 0,
        "trigger": "downpour",
        "type": "landslide",
        "source": "NASA GLC",
        "severity": "medium"
      }
    },
    {
      "type": "Feature",
      "geometry": {
        "type": "Point",
        "coordinates": [
          75.66,
          12.845
        ]
      },
      "properties": {
        "date": "08/12/2008 12:00:00 AM",
        "location": "Yedakumeri-Shiribagilu in the Hassan-Mangalore section of the line.",
        "state": "Karnataka",
        "deaths": 0,
        "trigger": "rain",
        "type": "landslide",
        "source": "NASA GLC",
        "severity": "medium"
      }
    },
    {
      "type": "Feature",
      "geometry": {
        "type": "Point",
        "coordinates": [
          75.3504,
          32.6188
        ]
      },
      "properties": {
        "date": "08/27/2011 12:00:00 AM",
        "location": "Kathua-Billawar road",
        "state": "Kashmir",
        "deaths": 0,
        "trigger": "downpour",
        "type": "landslide",
        "source": "NASA GLC",
        "severity": "medium"
      }
    },
    {
      "type": "Feature",
      "geometry": {
        "type": "Point",
        "coordinates": [
          88.2806,
          26.8826
        ]
      },
      "properties": {
        "date": "07/07/2015 11:00:00 PM",
        "location": "Kurseong",
        "state": "West Bengal",
        "deaths": 0,
        "trigger": "continuous_rain",
        "type": "landslide",
        "source": "NASA GLC",
        "severity": "medium"
      }
    },
    {
      "type": "Feature",
      "geometry": {
        "type": "Point",
        "coordinates": [
          78.3303,
          30.6293
        ]
      },
      "properties": {
        "date": "08/19/2013 11:00:00 PM",
        "location": "Nalupani Area Of Uttarkashi District, Uttarakhand",
        "state": "Uttarakhand",
        "deaths": 0,
        "trigger": "downpour",
        "type": "debris_flow",
        "source": "NASA GLC",
        "severity": "medium"
      }
    },
    {
      "type": "Feature",
      "geometry": {
        "type": "Point",
        "coordinates": [
          94.04,
          25.705
        ]
      },
      "properties": {
        "date": "08/07/2008 12:00:00 AM",
        "location": "National Highway-39, Dimapur-Imphal road and another under Kiphire district of Nagaland",
        "state": "N\u0101g\u0101land",
        "deaths": 0,
        "trigger": "downpour",
        "type": "landslide",
        "source": "NASA GLC",
        "severity": "medium"
      }
    },
    {
      "type": "Feature",
      "geometry": {
        "type": "Point",
        "coordinates": [
          94.5121,
          26.3186
        ]
      },
      "properties": {
        "date": "06/20/2011 12:00:00 AM",
        "location": "Mokokchung",
        "state": "N\u0101g\u0101land",
        "deaths": 0,
        "trigger": "downpour",
        "type": "landslide",
        "source": "NASA GLC",
        "severity": "medium"
      }
    },
    {
      "type": "Feature",
      "geometry": {
        "type": "Point",
        "coordinates": [
          74.11,
          15.15
        ]
      },
      "properties": {
        "date": "08/09/2008 12:00:00 AM",
        "location": "Goa-Karnataka link, near Dudhsagar waterfall",
        "state": "Goa",
        "deaths": 0,
        "trigger": "rain",
        "type": "landslide",
        "source": "NASA GLC",
        "severity": "medium"
      }
    },
    {
      "type": "Feature",
      "geometry": {
        "type": "Point",
        "coordinates": [
          94.3591,
          25.1122
        ]
      },
      "properties": {
        "date": "08/01/2015 12:00:00 AM",
        "location": "Ukhrul town Circular road from Rayotang to Viewland Zone II",
        "state": "Manipur",
        "deaths": 0,
        "trigger": "continuous_rain",
        "type": "landslide",
        "source": "NASA GLC",
        "severity": "medium"
      }
    },
    {
      "type": "Feature",
      "geometry": {
        "type": "Point",
        "coordinates": [
          94.8885,
          28.9986
        ]
      },
      "properties": {
        "date": "07/05/2012 12:00:00 AM",
        "location": "Tuting, Upper Siang , Arunachal Pradesh",
        "state": "Arunachal Pradesh",
        "deaths": 0,
        "trigger": "downpour",
        "type": "landslide",
        "source": "NASA GLC",
        "severity": "large"
      }
    },
    {
      "type": "Feature",
      "geometry": {
        "type": "Point",
        "coordinates": [
          88.497,
          27.2319
        ]
      },
      "properties": {
        "date": "08/26/2010 11:00:00 PM",
        "location": "NH-31A at Topakhani tunnel(?) and fruit preservation factory(?) and Chisopani bridge(?), near Singtam and Gangtok and Rangpo, Sikkim",
        "state": "nan",
        "deaths": 0,
        "trigger": "downpour",
        "type": "landslide",
        "source": "NASA GLC",
        "severity": "medium"
      }
    },
    {
      "type": "Feature",
      "geometry": {
        "type": "Point",
        "coordinates": [
          80.1306,
          27.5862
        ]
      },
      "properties": {
        "date": "07/29/2011 12:00:00 AM",
        "location": "Uttar Pradesh",
        "state": "Uttar Pradesh",
        "deaths": 0,
        "trigger": "downpour",
        "type": "landslide",
        "source": "NASA GLC",
        "severity": "medium"
      }
    },
    {
      "type": "Feature",
      "geometry": {
        "type": "Point",
        "coordinates": [
          77.1803,
          32.2934
        ]
      },
      "properties": {
        "date": "04/03/2015 12:00:00 AM",
        "location": "3km ahead of Palchan, Manali-Palchan",
        "state": "Himachal Pradesh",
        "deaths": 0,
        "trigger": "downpour",
        "type": "landslide",
        "source": "NASA GLC",
        "severity": "small"
      }
    },
    {
      "type": "Feature",
      "geometry": {
        "type": "Point",
        "coordinates": [
          75.5464,
          33.1517
        ]
      },
      "properties": {
        "date": "01/06/2008 12:00:00 AM",
        "location": "Kandi Canal Project, Gandoh area, Doda district, Kashmir",
        "state": "Kashmir",
        "deaths": 0,
        "trigger": "rain",
        "type": "landslide",
        "source": "NASA GLC",
        "severity": "medium"
      }
    },
    {
      "type": "Feature",
      "geometry": {
        "type": "Point",
        "coordinates": [
          74.1872,
          33.577
        ]
      },
      "properties": {
        "date": "02/13/2011 11:00:00 PM",
        "location": "road between Rajouri(Rajauri) and Poonch(Punch), Jammu and Kashmir",
        "state": "Kashmir",
        "deaths": 0,
        "trigger": "downpour",
        "type": "landslide",
        "source": "NASA GLC",
        "severity": "medium"
      }
    },
    {
      "type": "Feature",
      "geometry": {
        "type": "Point",
        "coordinates": [
          95.0283,
          26.7215
        ]
      },
      "properties": {
        "date": "07/19/2010 06:00:00 AM",
        "location": "Jahjon ward(?), Mon town, Nagaland",
        "state": "N\u0101g\u0101land",
        "deaths": 0,
        "trigger": "downpour",
        "type": "landslide",
        "source": "NASA GLC",
        "severity": "medium"
      }
    },
    {
      "type": "Feature",
      "geometry": {
        "type": "Point",
        "coordinates": [
          78.8371,
          30.3846
        ]
      },
      "properties": {
        "date": "08/20/2010 12:00:00 AM",
        "location": "Lambagad(?), Rishikesh-Badrinath highway, Uttarakhand",
        "state": "Uttarakhand",
        "deaths": 0,
        "trigger": "downpour",
        "type": "landslide",
        "source": "NASA GLC",
        "severity": "medium"
      }
    },
    {
      "type": "Feature",
      "geometry": {
        "type": "Point",
        "coordinates": [
          92.749,
          11.6753
        ]
      },
      "properties": {
        "date": "08/06/2015 12:00:00 AM",
        "location": "Atlanta Point",
        "state": "Andaman and Nicobar Islands",
        "deaths": 0,
        "trigger": "downpour",
        "type": "other",
        "source": "NASA GLC",
        "severity": "medium"
      }
    },
    {
      "type": "Feature",
      "geometry": {
        "type": "Point",
        "coordinates": [
          88.2816,
          27.2872
        ]
      },
      "properties": {
        "date": "09/18/2007 12:00:00 AM",
        "location": "Geyzing-Jorethang road and Naya Bazar-Legship road",
        "state": "Sikkim",
        "deaths": 0,
        "trigger": "rain",
        "type": "landslide",
        "source": "NASA GLC",
        "severity": "medium"
      }
    },
    {
      "type": "Feature",
      "geometry": {
        "type": "Point",
        "coordinates": [
          77.2889,
          30.5589
        ]
      },
      "properties": {
        "date": "07/25/2010 12:00:00 AM",
        "location": "Nahan roads",
        "state": "Himachal Pradesh",
        "deaths": 0,
        "trigger": "downpour",
        "type": "landslide",
        "source": "NASA GLC",
        "severity": "medium"
      }
    },
    {
      "type": "Feature",
      "geometry": {
        "type": "Point",
        "coordinates": [
          79.6724,
          30.4238
        ]
      },
      "properties": {
        "date": "08/22/2010 12:00:00 AM",
        "location": "Chandoli(?) and Karchuna(?) vilalges, Pokkhri, Chamoli, Uttarakhand, Uttranchal",
        "state": "Uttarakhand",
        "deaths": 0,
        "trigger": "downpour",
        "type": "landslide",
        "source": "NASA GLC",
        "severity": "medium"
      }
    },
    {
      "type": "Feature",
      "geometry": {
        "type": "Point",
        "coordinates": [
          92.7146,
          23.7365
        ]
      },
      "properties": {
        "date": "08/06/2010 12:00:00 AM",
        "location": "Dawrpui Vengthar cemetary, Aizwal, Mizoram",
        "state": "Mizoram",
        "deaths": 0,
        "trigger": "downpour",
        "type": "landslide",
        "source": "NASA GLC",
        "severity": "medium"
      }
    },
    {
      "type": "Feature",
      "geometry": {
        "type": "Point",
        "coordinates": [
          92.5217,
          23.7705
        ]
      },
      "properties": {
        "date": "11/11/2012 12:00:00 AM",
        "location": "Dapchhuah, Mamit, Mizoram",
        "state": "Mizoram",
        "deaths": 0,
        "trigger": "downpour",
        "type": "landslide",
        "source": "NASA GLC",
        "severity": "medium"
      }
    },
    {
      "type": "Feature",
      "geometry": {
        "type": "Point",
        "coordinates": [
          73.7793,
          19.336
        ]
      },
      "properties": {
        "date": "07/03/2016 10:00:00 PM",
        "location": "Malshej ghat, Maharashtra, India",
        "state": "Maharashtra",
        "deaths": 0,
        "trigger": "monsoon",
        "type": "rock_fall",
        "source": "NASA GLC",
        "severity": "medium"
      }
    },
    {
      "type": "Feature",
      "geometry": {
        "type": "Point",
        "coordinates": [
          75.1772,
          33.3307
        ]
      },
      "properties": {
        "date": "02/24/2011 12:00:00 AM",
        "location": "Jammu-Srinagar National Highway, Digdol area, Jammu and Kashmir",
        "state": "Kashmir",
        "deaths": 0,
        "trigger": "downpour",
        "type": "landslide",
        "source": "NASA GLC",
        "severity": "medium"
      }
    },
    {
      "type": "Feature",
      "geometry": {
        "type": "Point",
        "coordinates": [
          76.34149164,
          34.38667467
        ]
      },
      "properties": {
        "date": "04/20/2010 12:00:00 AM",
        "location": "India Gate(?), Srinagar-Leh highway, Kashmir",
        "state": "Kashmir",
        "deaths": 0,
        "trigger": "downpour",
        "type": "landslide",
        "source": "NASA GLC",
        "severity": "medium"
      }
    },
    {
      "type": "Feature",
      "geometry": {
        "type": "Point",
        "coordinates": [
          74.6568,
          34.141
        ]
      },
      "properties": {
        "date": "06/25/2015 09:00:00 AM",
        "location": "NH-1A, 7km from Srinigar",
        "state": "Kashmir",
        "deaths": 0,
        "trigger": "downpour",
        "type": "mudslide",
        "source": "NASA GLC",
        "severity": "medium"
      }
    },
    {
      "type": "Feature",
      "geometry": {
        "type": "Point",
        "coordinates": [
          78.0976,
          31.5168
        ]
      },
      "properties": {
        "date": "06/15/2013 12:00:00 AM",
        "location": "Tapri Near Rekong Peo, Kinnaur District",
        "state": "Himachal Pradesh",
        "deaths": 0,
        "trigger": "downpour",
        "type": "landslide",
        "source": "NASA GLC",
        "severity": "medium"
      }
    },
    {
      "type": "Feature",
      "geometry": {
        "type": "Point",
        "coordinates": [
          78.3896,
          30.135
        ]
      },
      "properties": {
        "date": "09/03/2010 12:00:00 AM",
        "location": "Shivpuri, Rishikesh-Badrinath hwy",
        "state": "Uttarakhand",
        "deaths": 0,
        "trigger": "downpour",
        "type": "landslide",
        "source": "NASA GLC",
        "severity": "medium"
      }
    },
    {
      "type": "Feature",
      "geometry": {
        "type": "Point",
        "coordinates": [
          94.6055,
          26.1498
        ]
      },
      "properties": {
        "date": "08/04/2013 12:00:00 AM",
        "location": "Suruhuto Town, Nagaland",
        "state": "N\u0101g\u0101land",
        "deaths": 0,
        "trigger": "monsoon",
        "type": "landslide",
        "source": "NASA GLC",
        "severity": "medium"
      }
    },
    {
      "type": "Feature",
      "geometry": {
        "type": "Point",
        "coordinates": [
          79.49970189,
          30.75402442
        ]
      },
      "properties": {
        "date": "09/17/2010 12:00:00 AM",
        "location": "Maletha village, near Badrinath",
        "state": "Uttarakhand",
        "deaths": 0,
        "trigger": "downpour",
        "type": "landslide",
        "source": "NASA GLC",
        "severity": "very_large"
      }
    },
    {
      "type": "Feature",
      "geometry": {
        "type": "Point",
        "coordinates": [
          75.2131,
          33.2483
        ]
      },
      "properties": {
        "date": "08/07/2016 12:00:00 AM",
        "location": "Seri, Ramban",
        "state": "Kashmir",
        "deaths": 0,
        "trigger": "downpour",
        "type": "landslide",
        "source": "NASA GLC",
        "severity": "medium"
      }
    },
    {
      "type": "Feature",
      "geometry": {
        "type": "Point",
        "coordinates": [
          88.4719,
          26.9015
        ]
      },
      "properties": {
        "date": "07/21/2016 09:00:00 AM",
        "location": "NH 10 between Coronation Bridge and Sevoke Kalibari, West Bengal, India",
        "state": "West Bengal",
        "deaths": 0,
        "trigger": "rain",
        "type": "landslide",
        "source": "NASA GLC",
        "severity": "medium"
      }
    },
    {
      "type": "Feature",
      "geometry": {
        "type": "Point",
        "coordinates": [
          75.0018,
          33.0271
        ]
      },
      "properties": {
        "date": "08/07/2011 12:00:00 AM",
        "location": "Panthal, Jammu-Srinagar National Highway, between Kashmir and the rest of the country",
        "state": "Kashmir",
        "deaths": 0,
        "trigger": "downpour",
        "type": "landslide",
        "source": "NASA GLC",
        "severity": "medium"
      }
    },
    {
      "type": "Feature",
      "geometry": {
        "type": "Point",
        "coordinates": [
          88.2791,
          26.8836
        ]
      },
      "properties": {
        "date": "05/26/2009 12:00:00 AM",
        "location": "Kurseong, Darjeeling, West Bengal",
        "state": "Bengal",
        "deaths": 0,
        "trigger": "tropical_cyclone",
        "type": "landslide",
        "source": "NASA GLC",
        "severity": "medium"
      }
    },
    {
      "type": "Feature",
      "geometry": {
        "type": "Point",
        "coordinates": [
          78.2034,
          11.7792
        ]
      },
      "properties": {
        "date": "10/25/2007 12:00:00 AM",
        "location": "Salem - Yercaud ghat road",
        "state": "Tamil N\u0101du",
        "deaths": 0,
        "trigger": "rain",
        "type": "landslide",
        "source": "NASA GLC",
        "severity": "medium"
      }
    },
    {
      "type": "Feature",
      "geometry": {
        "type": "Point",
        "coordinates": [
          80.2123,
          29.5798
        ]
      },
      "properties": {
        "date": "03/04/2012 08:00:00 AM",
        "location": "Pithoragarh district, Uttarakhand",
        "state": "Uttarakhand",
        "deaths": 0,
        "trigger": "unknown",
        "type": "landslide",
        "source": "NASA GLC",
        "severity": "medium"
      }
    },
    {
      "type": "Feature",
      "geometry": {
        "type": "Point",
        "coordinates": [
          94.8422,
          26.148
        ]
      },
      "properties": {
        "date": "08/14/2010 12:00:00 AM",
        "location": "Tuensang-Shamatore(Sampurre) rd, Nagaland",
        "state": "N\u0101g\u0101land",
        "deaths": 0,
        "trigger": "downpour",
        "type": "landslide",
        "source": "NASA GLC",
        "severity": "medium"
      }
    },
    {
      "type": "Feature",
      "geometry": {
        "type": "Point",
        "coordinates": [
          73.9958,
          15.9517
        ]
      },
      "properties": {
        "date": "07/30/2010 03:00:00 PM",
        "location": "Amboli, Belagum, 1.5 km from main waterfalls",
        "state": "Maharashtra",
        "deaths": 0,
        "trigger": "rain",
        "type": "landslide",
        "source": "NASA GLC",
        "severity": "medium"
      }
    },
    {
      "type": "Feature",
      "geometry": {
        "type": "Point",
        "coordinates": [
          72.8889,
          19.1287
        ]
      },
      "properties": {
        "date": "07/31/2010 06:20:00 PM",
        "location": "Milimd Nagar slum, Ghatkopar area in suburban Mumbai",
        "state": "Maharashtra",
        "deaths": 0,
        "trigger": "downpour",
        "type": "landslide",
        "source": "NASA GLC",
        "severity": "medium"
      }
    },
    {
      "type": "Feature",
      "geometry": {
        "type": "Point",
        "coordinates": [
          88.443,
          27.0087
        ]
      },
      "properties": {
        "date": "06/17/2015 12:00:00 AM",
        "location": "National Highway 31A, Darjeeling Hills",
        "state": "West Bengal",
        "deaths": 0,
        "trigger": "downpour",
        "type": "landslide",
        "source": "NASA GLC",
        "severity": "small"
      }
    },
    {
      "type": "Feature",
      "geometry": {
        "type": "Point",
        "coordinates": [
          76.9001,
          31.5494
        ]
      },
      "properties": {
        "date": "09/09/2009 11:00:00 PM",
        "location": "Bilaspur and Mandi towns, Chandigarh-Manali National Highway-21, Himachal Pradesh",
        "state": "Himachal Pradesh",
        "deaths": 0,
        "trigger": "downpour",
        "type": "landslide",
        "source": "NASA GLC",
        "severity": "medium"
      }
    },
    {
      "type": "Feature",
      "geometry": {
        "type": "Point",
        "coordinates": [
          90.2167,
          25.5144
        ]
      },
      "properties": {
        "date": "08/16/2011 08:00:00 AM",
        "location": "Garo Hills, Tura",
        "state": "Megh\u0101laya",
        "deaths": 0,
        "trigger": "downpour",
        "type": "landslide",
        "source": "NASA GLC",
        "severity": "medium"
      }
    },
    {
      "type": "Feature",
      "geometry": {
        "type": "Point",
        "coordinates": [
          74.8852,
          12.8659
        ]
      },
      "properties": {
        "date": "04/22/2015 04:00:00 PM",
        "location": "under the third and fourth Padil-Bajal under-bridge railway tracks",
        "state": "Karnataka",
        "deaths": 0,
        "trigger": "downpour",
        "type": "mudslide",
        "source": "NASA GLC",
        "severity": "small"
      }
    },
    {
      "type": "Feature",
      "geometry": {
        "type": "Point",
        "coordinates": [
          79.4841,
          29.3987
        ]
      },
      "properties": {
        "date": "09/20/2010 12:00:00 AM",
        "location": "NH-87 near Naintital, Uttarakhand",
        "state": "Uttarakhand",
        "deaths": 0,
        "trigger": "downpour",
        "type": "landslide",
        "source": "NASA GLC",
        "severity": "medium"
      }
    },
    {
      "type": "Feature",
      "geometry": {
        "type": "Point",
        "coordinates": [
          78.6814,
          30.9111
        ]
      },
      "properties": {
        "date": "08/15/2015 12:00:00 AM",
        "location": "Gagnani",
        "state": "Uttarakhand",
        "deaths": 0,
        "trigger": "continuous_rain",
        "type": "landslide",
        "source": "NASA GLC",
        "severity": "medium"
      }
    },
    {
      "type": "Feature",
      "geometry": {
        "type": "Point",
        "coordinates": [
          77.02239366,
          31.71456806
        ]
      },
      "properties": {
        "date": "08/07/2011 12:00:00 AM",
        "location": "Manali highway near Shambal village",
        "state": "Himachal Pradesh",
        "deaths": 0,
        "trigger": "downpour",
        "type": "landslide",
        "source": "NASA GLC",
        "severity": "medium"
      }
    },
    {
      "type": "Feature",
      "geometry": {
        "type": "Point",
        "coordinates": [
          78.6115,
          29.9862
        ]
      },
      "properties": {
        "date": "07/20/2010 12:00:00 AM",
        "location": "Badrinath and Yamunotri shrines(?), Garhwal region, Uttarakhand",
        "state": "Uttarakhand",
        "deaths": 0,
        "trigger": "downpour",
        "type": "landslide",
        "source": "NASA GLC",
        "severity": "medium"
      }
    },
    {
      "type": "Feature",
      "geometry": {
        "type": "Point",
        "coordinates": [
          76.0376,
          11.405
        ]
      },
      "properties": {
        "date": "07/22/2012 12:00:00 AM",
        "location": "Pulloorampara, Kerala",
        "state": "Kerala",
        "deaths": 0,
        "trigger": "downpour",
        "type": "landslide",
        "source": "NASA GLC",
        "severity": "medium"
      }
    },
    {
      "type": "Feature",
      "geometry": {
        "type": "Point",
        "coordinates": [
          74.79428356,
          33.9548314
        ]
      },
      "properties": {
        "date": "03/28/2015 06:00:00 PM",
        "location": "Chontinar village of central Kashmir Budgam district",
        "state": "Kashmir",
        "deaths": 0,
        "trigger": "downpour",
        "type": "landslide",
        "source": "NASA GLC",
        "severity": "medium"
      }
    },
    {
      "type": "Feature",
      "geometry": {
        "type": "Point",
        "coordinates": [
          91.27,
          25.52
        ]
      },
      "properties": {
        "date": "09/11/2007 12:00:00 AM",
        "location": "Assam-Agartala National Highway, Sonarpur in Jayantiya hills of Meghalaya",
        "state": "Megh\u0101laya",
        "deaths": 0,
        "trigger": "rain",
        "type": "landslide",
        "source": "NASA GLC",
        "severity": "medium"
      }
    },
    {
      "type": "Feature",
      "geometry": {
        "type": "Point",
        "coordinates": [
          76.6953,
          11.4046
        ]
      },
      "properties": {
        "date": "10/26/2007 12:00:00 AM",
        "location": "Nilgiri, Nondimedu on the Ooty-Coonoor road",
        "state": "Tamil Nadu",
        "deaths": 0,
        "trigger": "rain",
        "type": "landslide",
        "source": "NASA GLC",
        "severity": "large"
      }
    },
    {
      "type": "Feature",
      "geometry": {
        "type": "Point",
        "coordinates": [
          91.7652,
          26.1964
        ]
      },
      "properties": {
        "date": "06/28/2014 09:00:00 AM",
        "location": "Kharghuli Hills, Assam",
        "state": "Assam",
        "deaths": 0,
        "trigger": "rain",
        "type": "landslide",
        "source": "NASA GLC",
        "severity": "medium"
      }
    },
    {
      "type": "Feature",
      "geometry": {
        "type": "Point",
        "coordinates": [
          74.0301,
          34.0886
        ]
      },
      "properties": {
        "date": "04/03/2015 12:00:00 AM",
        "location": "Uri, Baramulla district",
        "state": "Kashmir",
        "deaths": 0,
        "trigger": "continuous_rain",
        "type": "landslide",
        "source": "NASA GLC",
        "severity": "small"
      }
    },
    {
      "type": "Feature",
      "geometry": {
        "type": "Point",
        "coordinates": [
          79.0579,
          30.4091
        ]
      },
      "properties": {
        "date": "06/24/2013 03:00:00 PM",
        "location": "Between Rudaprayag And Guptkashi, Uttarakhand (2 Landslides)",
        "state": "Uttarakhand",
        "deaths": 0,
        "trigger": "rain",
        "type": "landslide",
        "source": "NASA GLC",
        "severity": "medium"
      }
    },
    {
      "type": "Feature",
      "geometry": {
        "type": "Point",
        "coordinates": [
          76.973,
          31.7017
        ]
      },
      "properties": {
        "date": "07/07/2013 12:00:00 AM",
        "location": "Mandi-Kullu Highway In Mandi, Himachal Pradesh",
        "state": "Himachal Pradesh",
        "deaths": 0,
        "trigger": "downpour",
        "type": "landslide",
        "source": "NASA GLC",
        "severity": "medium"
      }
    },
    {
      "type": "Feature",
      "geometry": {
        "type": "Point",
        "coordinates": [
          78.4354,
          31.645
        ]
      },
      "properties": {
        "date": "07/07/2010 12:00:00 AM",
        "location": "NH-22 beyond Recong-Peo(Reckong Peo),  Himachal Pradesh",
        "state": "Himachal Pradesh",
        "deaths": 0,
        "trigger": "downpour",
        "type": "landslide",
        "source": "NASA GLC",
        "severity": "medium"
      }
    },
    {
      "type": "Feature",
      "geometry": {
        "type": "Point",
        "coordinates": [
          88.456,
          27.0678
        ]
      },
      "properties": {
        "date": "07/01/2015 12:00:00 AM",
        "location": "8 mile in Kalimpong",
        "state": "West Bengal",
        "deaths": 0,
        "trigger": "downpour",
        "type": "landslide",
        "source": "NASA GLC",
        "severity": "medium"
      }
    },
    {
      "type": "Feature",
      "geometry": {
        "type": "Point",
        "coordinates": [
          88.28121204,
          27.06826195
        ]
      },
      "properties": {
        "date": "09/05/2007 12:00:00 AM",
        "location": "Darjeeling Hills (Lebong - 10 km from Darjeeling",
        "state": "Bengal",
        "deaths": 0,
        "trigger": "rain",
        "type": "landslide",
        "source": "NASA GLC",
        "severity": "medium"
      }
    },
    {
      "type": "Feature",
      "geometry": {
        "type": "Point",
        "coordinates": [
          74.0256,
          34.09
        ]
      },
      "properties": {
        "date": "05/25/2010 06:00:00 PM",
        "location": "Chadiyan(?) village near Uri, Baramulla district, Jammu and Kashmir",
        "state": "Kashmir",
        "deaths": 0,
        "trigger": "downpour",
        "type": "landslide",
        "source": "NASA GLC",
        "severity": "medium"
      }
    },
    {
      "type": "Feature",
      "geometry": {
        "type": "Point",
        "coordinates": [
          74.0113,
          15.3956
        ]
      },
      "properties": {
        "date": "08/05/2015 12:10:00 PM",
        "location": "Shantinagar, Ponda",
        "state": "Goa",
        "deaths": 0,
        "trigger": "mining",
        "type": "landslide",
        "source": "NASA GLC",
        "severity": "medium"
      }
    },
    {
      "type": "Feature",
      "geometry": {
        "type": "Point",
        "coordinates": [
          79.9261,
          30.0134
        ]
      },
      "properties": {
        "date": "08/18/2010 08:30:00 AM",
        "location": "Saraswati Shishu Mandir school(?), Sumgarh(Sumgad) village(?), Bageshwar-Pindari glacier rd 45 km from Bageshwar, Kapkot, Bageshwar, Uttarakhand",
        "state": "Uttarakhand",
        "deaths": 0,
        "trigger": "downpour",
        "type": "complex",
        "source": "NASA GLC",
        "severity": "large"
      }
    },
    {
      "type": "Feature",
      "geometry": {
        "type": "Point",
        "coordinates": [
          94.1913,
          24.4265
        ]
      },
      "properties": {
        "date": "08/01/2015 12:00:00 AM",
        "location": "between Tengnoupal-Sita junction and Tengnoupal Power Sub-Station",
        "state": "Manipur",
        "deaths": 0,
        "trigger": "continuous_rain",
        "type": "landslide",
        "source": "NASA GLC",
        "severity": "medium"
      }
    },
    {
      "type": "Feature",
      "geometry": {
        "type": "Point",
        "coordinates": [
          76.8661,
          9.835
        ]
      },
      "properties": {
        "date": "08/07/2013 06:00:00 PM",
        "location": "Naliyani, Near Thodupuzha Town",
        "state": "Kerala",
        "deaths": 0,
        "trigger": "monsoon",
        "type": "landslide",
        "source": "NASA GLC",
        "severity": "medium"
      }
    },
    {
      "type": "Feature",
      "geometry": {
        "type": "Point",
        "coordinates": [
          77.9796,
          31.563
        ]
      },
      "properties": {
        "date": "09/19/2010 12:00:00 AM",
        "location": "Nathpa Jhulla, between Rampur and Peo, Kinnaur, Himachal Pradesh",
        "state": "Himachal Pradesh",
        "deaths": 0,
        "trigger": "downpour",
        "type": "rock_fall",
        "source": "NASA GLC",
        "severity": "medium"
      }
    },
    {
      "type": "Feature",
      "geometry": {
        "type": "Point",
        "coordinates": [
          73.5178,
          16.656
        ]
      },
      "properties": {
        "date": "10/01/2009 12:00:00 AM",
        "location": "Vadad-Hasol village near Rajapur in Ratnagiri district, Maharastra",
        "state": "Maharashtra",
        "deaths": 0,
        "trigger": "downpour",
        "type": "landslide",
        "source": "NASA GLC",
        "severity": "medium"
      }
    },
    {
      "type": "Feature",
      "geometry": {
        "type": "Point",
        "coordinates": [
          74.9465,
          33.0272
        ]
      },
      "properties": {
        "date": "08/16/2014 11:00:00 PM",
        "location": "Jammu and Kashmir between Adhkuwari and Bhawan at Devi Dwar",
        "state": "Kashmir",
        "deaths": 0,
        "trigger": "downpour",
        "type": "landslide",
        "source": "NASA GLC",
        "severity": "medium"
      }
    },
    {
      "type": "Feature",
      "geometry": {
        "type": "Point",
        "coordinates": [
          76.7043,
          31.4898
        ]
      },
      "properties": {
        "date": "06/11/2013 11:00:00 PM",
        "location": "Holy Cave Shrine, Mata Vaishno Devi, Trikuta Hills, Reasi District, Near Panchi Morh In Sanjichat Area En Route Mata Vaishno Devi",
        "state": "Himachal Pradesh",
        "deaths": 0,
        "trigger": "downpour",
        "type": "landslide",
        "source": "NASA GLC",
        "severity": "medium"
      }
    },
    {
      "type": "Feature",
      "geometry": {
        "type": "Point",
        "coordinates": [
          88.1881,
          26.8352
        ]
      },
      "properties": {
        "date": "07/01/2015 12:00:00 AM",
        "location": "Mahendra village, Thana Line, Tingling Garden village in Mirik",
        "state": "West Bengal",
        "deaths": 0,
        "trigger": "downpour",
        "type": "landslide",
        "source": "NASA GLC",
        "severity": "large"
      }
    },
    {
      "type": "Feature",
      "geometry": {
        "type": "Point",
        "coordinates": [
          88.1667,
          26.8992
        ]
      },
      "properties": {
        "date": "08/20/2009 12:00:00 AM",
        "location": "(Okai Tea Garden) Mirik, Darjeeling, West Bengal",
        "state": "Bengal",
        "deaths": 0,
        "trigger": "continuous_rain",
        "type": "landslide",
        "source": "NASA GLC",
        "severity": "medium"
      }
    },
    {
      "type": "Feature",
      "geometry": {
        "type": "Point",
        "coordinates": [
          92.71495623,
          23.72988966
        ]
      },
      "properties": {
        "date": "09/13/2010 12:00:00 AM",
        "location": "Tuikual 'C', Aizawl, Mizoram",
        "state": "Mizoram",
        "deaths": 0,
        "trigger": "downpour",
        "type": "landslide",
        "source": "NASA GLC",
        "severity": "medium"
      }
    },
    {
      "type": "Feature",
      "geometry": {
        "type": "Point",
        "coordinates": [
          91.8,
          26.1833
        ]
      },
      "properties": {
        "date": "09/13/2007 12:00:00 AM",
        "location": "Guwahati",
        "state": "Assam",
        "deaths": 0,
        "trigger": "rain",
        "type": "landslide",
        "source": "NASA GLC",
        "severity": "medium"
      }
    },
    {
      "type": "Feature",
      "geometry": {
        "type": "Point",
        "coordinates": [
          88.3052,
          26.8712
        ]
      },
      "properties": {
        "date": "07/04/2010 12:00:00 AM",
        "location": "Toy Train rails between Siliguri and Darjeeling, West Bengal",
        "state": "Bengal",
        "deaths": 0,
        "trigger": "rain",
        "type": "landslide",
        "source": "NASA GLC",
        "severity": "medium"
      }
    },
    {
      "type": "Feature",
      "geometry": {
        "type": "Point",
        "coordinates": [
          88.35,
          27.1667
        ]
      },
      "properties": {
        "date": "09/09/2007 12:00:00 AM",
        "location": "Hingdam village in South Sikkim",
        "state": "Sikkim",
        "deaths": 0,
        "trigger": "rain",
        "type": "landslide",
        "source": "NASA GLC",
        "severity": "medium"
      }
    },
    {
      "type": "Feature",
      "geometry": {
        "type": "Point",
        "coordinates": [
          75.8101,
          26.876
        ]
      },
      "properties": {
        "date": "05/30/2012 12:00:00 AM",
        "location": "Jawaharlal Nehru Marg",
        "state": "Rajasthan",
        "deaths": 0,
        "trigger": "downpour",
        "type": "landslide",
        "source": "NASA GLC",
        "severity": "large"
      }
    },
    {
      "type": "Feature",
      "geometry": {
        "type": "Point",
        "coordinates": [
          79.04191791,
          30.67629482
        ]
      },
      "properties": {
        "date": "06/29/2011 12:00:00 AM",
        "location": "National highway leading to Kedarnath",
        "state": "Uttarakhand",
        "deaths": 0,
        "trigger": "downpour",
        "type": "landslide",
        "source": "NASA GLC",
        "severity": "medium"
      }
    },
    {
      "type": "Feature",
      "geometry": {
        "type": "Point",
        "coordinates": [
          91.8587,
          25.9702
        ]
      },
      "properties": {
        "date": "10/05/2014 05:45:00 PM",
        "location": "Jorabat-Umiam route",
        "state": "Meghalaya",
        "deaths": 0,
        "trigger": "rain",
        "type": "landslide",
        "source": "NASA GLC",
        "severity": "medium"
      }
    },
    {
      "type": "Feature",
      "geometry": {
        "type": "Point",
        "coordinates": [
          79.4971,
          30.7284
        ]
      },
      "properties": {
        "date": "08/16/2010 12:00:00 AM",
        "location": "badrinath route, Lambagarh(?), Uttarakhand",
        "state": "Uttarakhand",
        "deaths": 0,
        "trigger": "downpour",
        "type": "landslide",
        "source": "NASA GLC",
        "severity": "medium"
      }
    },
    {
      "type": "Feature",
      "geometry": {
        "type": "Point",
        "coordinates": [
          76.9297,
          31.7093
        ]
      },
      "properties": {
        "date": "07/07/2013 12:00:00 AM",
        "location": "A Nullah Near The Government Hospital In Mandi, Himachal Pradesh",
        "state": "Himachal Pradesh",
        "deaths": 0,
        "trigger": "downpour",
        "type": "landslide",
        "source": "NASA GLC",
        "severity": "medium"
      }
    },
    {
      "type": "Feature",
      "geometry": {
        "type": "Point",
        "coordinates": [
          77.3446,
          32.0275
        ]
      },
      "properties": {
        "date": "08/18/2015 03:00:00 PM",
        "location": "the Sikh shrine in Manikaran",
        "state": "Himachal Pradesh",
        "deaths": 0,
        "trigger": "rain",
        "type": "rock_fall",
        "source": "NASA GLC",
        "severity": "medium"
      }
    },
    {
      "type": "Feature",
      "geometry": {
        "type": "Point",
        "coordinates": [
          88.633,
          27.7344
        ]
      },
      "properties": {
        "date": "08/25/2011 12:00:00 AM",
        "location": "Hee-Khola, Sikkim",
        "state": "nan",
        "deaths": 0,
        "trigger": "downpour",
        "type": "landslide",
        "source": "NASA GLC",
        "severity": "medium"
      }
    },
    {
      "type": "Feature",
      "geometry": {
        "type": "Point",
        "coordinates": [
          88.6065,
          27.339
        ]
      },
      "properties": {
        "date": "06/14/2012 04:00:00 AM",
        "location": "Tathangchen, Gangtok, Sikkim ",
        "state": "Sikkim",
        "deaths": 0,
        "trigger": "downpour",
        "type": "landslide",
        "source": "NASA GLC",
        "severity": "medium"
      }
    },
    {
      "type": "Feature",
      "geometry": {
        "type": "Point",
        "coordinates": [
          78.3415,
          30.416
        ]
      },
      "properties": {
        "date": "07/24/2015 12:00:00 AM",
        "location": "Kempty Road near Kandikhal",
        "state": "Uttarakhand",
        "deaths": 0,
        "trigger": "continuous_rain",
        "type": "landslide",
        "source": "NASA GLC",
        "severity": "medium"
      }
    },
    {
      "type": "Feature",
      "geometry": {
        "type": "Point",
        "coordinates": [
          77.5092,
          31.1191
        ]
      },
      "properties": {
        "date": "09/19/2010 12:00:00 AM",
        "location": "Theog-Kotkhai-Jubbal road, Himachal Pradesh",
        "state": "Himachal Pradesh",
        "deaths": 0,
        "trigger": "downpour",
        "type": "landslide",
        "source": "NASA GLC",
        "severity": "medium"
      }
    },
    {
      "type": "Feature",
      "geometry": {
        "type": "Point",
        "coordinates": [
          94.1192,
          25.4993
        ]
      },
      "properties": {
        "date": "09/09/2007 12:00:00 AM",
        "location": "Mao in Manipur, Phipema and Chunikhudima in Nagaland",
        "state": "N\u0101g\u0101land",
        "deaths": 0,
        "trigger": "rain",
        "type": "landslide",
        "source": "NASA GLC",
        "severity": "medium"
      }
    },
    {
      "type": "Feature",
      "geometry": {
        "type": "Point",
        "coordinates": [
          77.5146,
          10.2445
        ]
      },
      "properties": {
        "date": "11/03/2011 12:00:00 AM",
        "location": "Palani-Kodaikanal Ghat road, Kodaikanal",
        "state": "Tamil Nadu",
        "deaths": 0,
        "trigger": "downpour",
        "type": "landslide",
        "source": "NASA GLC",
        "severity": "medium"
      }
    },
    {
      "type": "Feature",
      "geometry": {
        "type": "Point",
        "coordinates": [
          78.908,
          30.2414
        ]
      },
      "properties": {
        "date": "06/07/2011 09:00:00 AM",
        "location": "Rishikesh-Badrinath hwy., near Sirobgarh(Sirobagad), Rudraprayag district, Uttarakhand",
        "state": "Uttarakhand",
        "deaths": 0,
        "trigger": "downpour",
        "type": "landslide",
        "source": "NASA GLC",
        "severity": "medium"
      }
    },
    {
      "type": "Feature",
      "geometry": {
        "type": "Point",
        "coordinates": [
          79.0758,
          30.7204
        ]
      },
      "properties": {
        "date": "07/28/2015 12:00:00 AM",
        "location": "Kedarnath Yatra",
        "state": "Uttarakhand",
        "deaths": 0,
        "trigger": "continuous_rain",
        "type": "landslide",
        "source": "NASA GLC",
        "severity": "small"
      }
    },
    {
      "type": "Feature",
      "geometry": {
        "type": "Point",
        "coordinates": [
          75.203,
          33.3296
        ]
      },
      "properties": {
        "date": "03/02/2015 12:00:00 AM",
        "location": "Magarkote",
        "state": "Kashmir",
        "deaths": 0,
        "trigger": "continuous_rain",
        "type": "landslide",
        "source": "NASA GLC",
        "severity": "medium"
      }
    },
    {
      "type": "Feature",
      "geometry": {
        "type": "Point",
        "coordinates": [
          84.5699,
          19.3805
        ]
      },
      "properties": {
        "date": "06/26/2016 12:00:00 AM",
        "location": "Goddess Nijabankeswari Temple, Digapahandi, Ganjam district, Odisha, India",
        "state": "Odisha",
        "deaths": 0,
        "trigger": "downpour",
        "type": "landslide",
        "source": "NASA GLC",
        "severity": "medium"
      }
    },
    {
      "type": "Feature",
      "geometry": {
        "type": "Point",
        "coordinates": [
          90.232,
          25.5212
        ]
      },
      "properties": {
        "date": "07/27/2007 12:00:00 AM",
        "location": "Tura",
        "state": "Megh\u0101laya",
        "deaths": 0,
        "trigger": "rain",
        "type": "rock_fall",
        "source": "NASA GLC",
        "severity": "large"
      }
    },
    {
      "type": "Feature",
      "geometry": {
        "type": "Point",
        "coordinates": [
          75.3156,
          34.0404
        ]
      },
      "properties": {
        "date": "07/10/2015 12:00:00 AM",
        "location": "Pahalgam",
        "state": "Kashmir",
        "deaths": 0,
        "trigger": "continuous_rain",
        "type": "landslide",
        "source": "NASA GLC",
        "severity": "medium"
      }
    },
    {
      "type": "Feature",
      "geometry": {
        "type": "Point",
        "coordinates": [
          94.0906,
          23.9278
        ]
      },
      "properties": {
        "date": "08/01/2015 12:00:00 AM",
        "location": "Wayang, Khengjoi",
        "state": "Manipur",
        "deaths": 0,
        "trigger": "rain",
        "type": "landslide",
        "source": "NASA GLC",
        "severity": "medium"
      }
    },
    {
      "type": "Feature",
      "geometry": {
        "type": "Point",
        "coordinates": [
          93.55,
          24.9667
        ]
      },
      "properties": {
        "date": "08/26/2007 12:00:00 AM",
        "location": "Tamenglong",
        "state": "Manipur",
        "deaths": 0,
        "trigger": "continuous_rain",
        "type": "mudslide",
        "source": "NASA GLC",
        "severity": "medium"
      }
    },
    {
      "type": "Feature",
      "geometry": {
        "type": "Point",
        "coordinates": [
          77.2498,
          32.3733
        ]
      },
      "properties": {
        "date": "07/07/2010 12:00:00 AM",
        "location": "near Rohtang Pass, Manali-Keylong rd, Himachal Pradesh",
        "state": "Himachal Pradesh",
        "deaths": 0,
        "trigger": "downpour",
        "type": "landslide",
        "source": "NASA GLC",
        "severity": "medium"
      }
    },
    {
      "type": "Feature",
      "geometry": {
        "type": "Point",
        "coordinates": [
          73.0114,
          19.1935
        ]
      },
      "properties": {
        "date": "08/19/2010 06:00:00 PM",
        "location": "Eknath(?) Chawl, Sainic Nagar(?), below Mumbra Hill, Mumbra, near Mumbai, Maharashtra",
        "state": "Maharashtra",
        "deaths": 0,
        "trigger": "downpour",
        "type": "landslide",
        "source": "NASA GLC",
        "severity": "medium"
      }
    },
    {
      "type": "Feature",
      "geometry": {
        "type": "Point",
        "coordinates": [
          78.0298,
          10.0545
        ]
      },
      "properties": {
        "date": "07/07/2016 12:00:00 AM",
        "location": "Blue Metal Quarry, Kondayanpatti, Madurai District, India",
        "state": "Tamil Nadu",
        "deaths": 0,
        "trigger": "mining",
        "type": "rock_fall",
        "source": "NASA GLC",
        "severity": "small"
      }
    },
    {
      "type": "Feature",
      "geometry": {
        "type": "Point",
        "coordinates": [
          93.0123,
          25.1775
        ]
      },
      "properties": {
        "date": "06/03/2012 12:00:00 AM",
        "location": "between Haflong and  Bagetar, Assam",
        "state": "Assam",
        "deaths": 0,
        "trigger": "downpour",
        "type": "landslide",
        "source": "NASA GLC",
        "severity": "medium"
      }
    },
    {
      "type": "Feature",
      "geometry": {
        "type": "Point",
        "coordinates": [
          76.9832,
          31.7766
        ]
      },
      "properties": {
        "date": "09/09/2014 11:00:00 PM",
        "location": "Uhl river in Kamand area",
        "state": "Himachal Pradesh",
        "deaths": 0,
        "trigger": "unknown",
        "type": "landslide",
        "source": "NASA GLC",
        "severity": "large"
      }
    },
    {
      "type": "Feature",
      "geometry": {
        "type": "Point",
        "coordinates": [
          75.2405,
          33.0186
        ]
      },
      "properties": {
        "date": "03/28/2015 12:00:00 AM",
        "location": "Srinagar-Jammu national highway",
        "state": "Kashmir",
        "deaths": 0,
        "trigger": "downpour",
        "type": "landslide",
        "source": "NASA GLC",
        "severity": "medium"
      }
    },
    {
      "type": "Feature",
      "geometry": {
        "type": "Point",
        "coordinates": [
          75.1945,
          32.9918
        ]
      },
      "properties": {
        "date": "07/29/2013 10:30:00 AM",
        "location": "Samroli, Udhampur District,\u00a0Kashmir",
        "state": "Kashmir",
        "deaths": 0,
        "trigger": "rain",
        "type": "rock_fall",
        "source": "NASA GLC",
        "severity": "medium"
      }
    },
    {
      "type": "Feature",
      "geometry": {
        "type": "Point",
        "coordinates": [
          88.2478,
          27.0161
        ]
      },
      "properties": {
        "date": "06/29/2015 12:00:00 AM",
        "location": "NH-55 at Merry Villa",
        "state": "West Bengal",
        "deaths": 0,
        "trigger": "downpour",
        "type": "landslide",
        "source": "NASA GLC",
        "severity": "medium"
      }
    },
    {
      "type": "Feature",
      "geometry": {
        "type": "Point",
        "coordinates": [
          76.7604,
          10.3031
        ]
      },
      "properties": {
        "date": "08/07/2013 12:00:00 AM",
        "location": "Ambalappara In Thrissur",
        "state": "Kerala",
        "deaths": 0,
        "trigger": "monsoon",
        "type": "landslide",
        "source": "NASA GLC",
        "severity": "medium"
      }
    },
    {
      "type": "Feature",
      "geometry": {
        "type": "Point",
        "coordinates": [
          93.1265,
          25.3056
        ]
      },
      "properties": {
        "date": "06/03/2012 12:00:00 AM",
        "location": "between Maibang and Daotohaja, Assam",
        "state": "Assam",
        "deaths": 0,
        "trigger": "downpour",
        "type": "landslide",
        "source": "NASA GLC",
        "severity": "medium"
      }
    },
    {
      "type": "Feature",
      "geometry": {
        "type": "Point",
        "coordinates": [
          75.7454,
          33.1463
        ]
      },
      "properties": {
        "date": "05/01/2008 12:00:00 AM",
        "location": "Kishtwar-Chatroo road, Kishtwar region of Jammu and Kashmir",
        "state": "Kashmir",
        "deaths": 0,
        "trigger": "unknown",
        "type": "complex",
        "source": "NASA GLC",
        "severity": "medium"
      }
    },
    {
      "type": "Feature",
      "geometry": {
        "type": "Point",
        "coordinates": [
          73.4361,
          17.9031
        ]
      },
      "properties": {
        "date": "09/04/2011 12:30:00 AM",
        "location": "Kashedi ghat,  Raigad  Maharashtra (used Raigad Fort for lat lon)",
        "state": "Maharashtra",
        "deaths": 0,
        "trigger": "rain",
        "type": "landslide",
        "source": "NASA GLC",
        "severity": "small"
      }
    },
    {
      "type": "Feature",
      "geometry": {
        "type": "Point",
        "coordinates": [
          77.8987,
          11.374
        ]
      },
      "properties": {
        "date": "10/31/2015 12:00:00 AM",
        "location": "Arthanareeswarar Temple",
        "state": "Tamil Nadu",
        "deaths": 0,
        "trigger": "downpour",
        "type": "landslide",
        "source": "NASA GLC",
        "severity": "small"
      }
    },
    {
      "type": "Feature",
      "geometry": {
        "type": "Point",
        "coordinates": [
          75.2381,
          33.2413
        ]
      },
      "properties": {
        "date": "04/24/2012 12:00:00 AM",
        "location": "Srinagar-Jammu Highway, Ramban, jammu",
        "state": "Kashmir",
        "deaths": 0,
        "trigger": "downpour",
        "type": "landslide",
        "source": "NASA GLC",
        "severity": "medium"
      }
    },
    {
      "type": "Feature",
      "geometry": {
        "type": "Point",
        "coordinates": [
          73.8377,
          15.3925
        ]
      },
      "properties": {
        "date": "06/06/2008 12:00:00 AM",
        "location": "Jetty, Desterovaddo, Bharatline-Tarivaddo and Harbour, Vasco, Goa",
        "state": "Goa",
        "deaths": 0,
        "trigger": "rain",
        "type": "landslide",
        "source": "NASA GLC",
        "severity": "medium"
      }
    },
    {
      "type": "Feature",
      "geometry": {
        "type": "Point",
        "coordinates": [
          75.2138,
          33.2611
        ]
      },
      "properties": {
        "date": "09/11/2014 12:00:00 AM",
        "location": "Ramban district",
        "state": "Kashmir",
        "deaths": 0,
        "trigger": "unknown",
        "type": "landslide",
        "source": "NASA GLC",
        "severity": "small"
      }
    },
    {
      "type": "Feature",
      "geometry": {
        "type": "Point",
        "coordinates": [
          94.4481,
          25.1941
        ]
      },
      "properties": {
        "date": "08/01/2015 12:00:00 AM",
        "location": "Ukhrul NH 201-Jessami road",
        "state": "Manipur",
        "deaths": 0,
        "trigger": "continuous_rain",
        "type": "landslide",
        "source": "NASA GLC",
        "severity": "medium"
      }
    },
    {
      "type": "Feature",
      "geometry": {
        "type": "Point",
        "coordinates": [
          76.9683,
          9.879
        ]
      },
      "properties": {
        "date": "08/05/2013 08:00:00 AM",
        "location": "Thadiyambadu Near Painavu, Kerala",
        "state": "Kerala",
        "deaths": 0,
        "trigger": "monsoon",
        "type": "landslide",
        "source": "NASA GLC",
        "severity": "medium"
      }
    },
    {
      "type": "Feature",
      "geometry": {
        "type": "Point",
        "coordinates": [
          73.364,
          18.7654
        ]
      },
      "properties": {
        "date": "11/13/2013 11:00:00 PM",
        "location": "Maharashtra",
        "state": "Maharashtra",
        "deaths": 0,
        "trigger": "downpour",
        "type": "landslide",
        "source": "NASA GLC",
        "severity": "medium"
      }
    },
    {
      "type": "Feature",
      "geometry": {
        "type": "Point",
        "coordinates": [
          77.5277,
          10.3184
        ]
      },
      "properties": {
        "date": "11/16/2010 12:00:00 AM",
        "location": "road near Saverikadu village(?), between Palani and Kodaikanal, Tamil Nadu province",
        "state": "Tamil Nadu",
        "deaths": 0,
        "trigger": "downpour",
        "type": "landslide",
        "source": "NASA GLC",
        "severity": "medium"
      }
    },
    {
      "type": "Feature",
      "geometry": {
        "type": "Point",
        "coordinates": [
          94.1054,
          25.4196
        ]
      },
      "properties": {
        "date": "07/29/2010 12:00:00 AM",
        "location": "Maram area in Senapati district, National Highway 39",
        "state": "N\u0101g\u0101land",
        "deaths": 0,
        "trigger": "downpour",
        "type": "landslide",
        "source": "NASA GLC",
        "severity": "medium"
      }
    },
    {
      "type": "Feature",
      "geometry": {
        "type": "Point",
        "coordinates": [
          88.2476,
          27.0165
        ]
      },
      "properties": {
        "date": "06/13/2015 06:30:00 AM",
        "location": "Darjeeling Heritage Railway, Darjeeling",
        "state": "West Bengal",
        "deaths": 0,
        "trigger": "downpour",
        "type": "landslide",
        "source": "NASA GLC",
        "severity": "medium"
      }
    },
    {
      "type": "Feature",
      "geometry": {
        "type": "Point",
        "coordinates": [
          74.5828,
          14.8937
        ]
      },
      "properties": {
        "date": "07/19/2015 12:00:00 AM",
        "location": "Talakebail in Vajralli gram panchayat in Yellapur",
        "state": "Karnataka",
        "deaths": 0,
        "trigger": "continuous_rain",
        "type": "landslide",
        "source": "NASA GLC",
        "severity": "small"
      }
    },
    {
      "type": "Feature",
      "geometry": {
        "type": "Point",
        "coordinates": [
          94.13,
          25.83
        ]
      },
      "properties": {
        "date": "08/18/2011 12:00:00 AM",
        "location": " Botsa  and Chiechama",
        "state": "N\u0101g\u0101land",
        "deaths": 0,
        "trigger": "monsoon",
        "type": "landslide",
        "source": "NASA GLC",
        "severity": "medium"
      }
    },
    {
      "type": "Feature",
      "geometry": {
        "type": "Point",
        "coordinates": [
          77.0611,
          9.7967
        ]
      },
      "properties": {
        "date": "06/15/2016 09:00:00 AM",
        "location": "Vazhavara, Idukki, Kerala, India",
        "state": "Kerala",
        "deaths": 0,
        "trigger": "downpour",
        "type": "rock_fall",
        "source": "NASA GLC",
        "severity": "medium"
      }
    },
    {
      "type": "Feature",
      "geometry": {
        "type": "Point",
        "coordinates": [
          72.7308,
          24.5938
        ]
      },
      "properties": {
        "date": "07/28/2015 12:00:00 AM",
        "location": "Mount Abu",
        "state": "Rajasthan",
        "deaths": 0,
        "trigger": "continuous_rain",
        "type": "landslide",
        "source": "NASA GLC",
        "severity": "small"
      }
    },
    {
      "type": "Feature",
      "geometry": {
        "type": "Point",
        "coordinates": [
          80.2186,
          29.5863
        ]
      },
      "properties": {
        "date": "07/24/2015 12:00:00 AM",
        "location": "Pithoragarh",
        "state": "Uttarakhand",
        "deaths": 0,
        "trigger": "continuous_rain",
        "type": "landslide",
        "source": "NASA GLC",
        "severity": "small"
      }
    },
    {
      "type": "Feature",
      "geometry": {
        "type": "Point",
        "coordinates": [
          93.4946,
          24.9926
        ]
      },
      "properties": {
        "date": "05/12/2013 12:00:00 AM",
        "location": "Khongsang, Tamenglong, Manipur,",
        "state": "Assam",
        "deaths": 0,
        "trigger": "rain",
        "type": "mudslide",
        "source": "NASA GLC",
        "severity": "medium"
      }
    },
    {
      "type": "Feature",
      "geometry": {
        "type": "Point",
        "coordinates": [
          88.3195318,
          26.88211522
        ]
      },
      "properties": {
        "date": "08/16/2009 12:00:00 AM",
        "location": "Phagutar near Mahanadi, 12km from Kurseong, Siliguri district, Darjeeling",
        "state": "Bengal",
        "deaths": 0,
        "trigger": "downpour",
        "type": "landslide",
        "source": "NASA GLC",
        "severity": "medium"
      }
    },
    {
      "type": "Feature",
      "geometry": {
        "type": "Point",
        "coordinates": [
          92.8112,
          23.4495
        ]
      },
      "properties": {
        "date": "08/28/2015 01:45:00 AM",
        "location": "Mizoram, India",
        "state": "Mizoram",
        "deaths": 0,
        "trigger": "downpour",
        "type": "landslide",
        "source": "NASA GLC",
        "severity": "large"
      }
    },
    {
      "type": "Feature",
      "geometry": {
        "type": "Point",
        "coordinates": [
          93.948,
          24.7992
        ]
      },
      "properties": {
        "date": "07/22/2011 12:00:00 AM",
        "location": "Heibok Hills",
        "state": "Manipur",
        "deaths": 0,
        "trigger": "downpour",
        "type": "landslide",
        "source": "NASA GLC",
        "severity": "medium"
      }
    },
    {
      "type": "Feature",
      "geometry": {
        "type": "Point",
        "coordinates": [
          91.7049,
          26.1665
        ]
      },
      "properties": {
        "date": "10/06/2013 12:00:00 AM",
        "location": "Nilachal Hill, Guwahati, Assam",
        "state": "Assam",
        "deaths": 0,
        "trigger": "downpour",
        "type": "landslide",
        "source": "NASA GLC",
        "severity": "medium"
      }
    },
    {
      "type": "Feature",
      "geometry": {
        "type": "Point",
        "coordinates": [
          73.1694,
          19.2179
        ]
      },
      "properties": {
        "date": "08/30/2010 05:00:00 AM",
        "location": "Ambedkar Nagar slum(?), Ulhasnagar city, Thane district, Maharashtra",
        "state": "Maharashtra",
        "deaths": 0,
        "trigger": "downpour",
        "type": "landslide",
        "source": "NASA GLC",
        "severity": "medium"
      }
    },
    {
      "type": "Feature",
      "geometry": {
        "type": "Point",
        "coordinates": [
          75.5787,
          33.0977
        ]
      },
      "properties": {
        "date": "03/15/2015 12:00:00 AM",
        "location": "Doda-Bhaderwah highway",
        "state": "Kashmir",
        "deaths": 0,
        "trigger": "unknown",
        "type": "landslide",
        "source": "NASA GLC",
        "severity": "medium"
      }
    },
    {
      "type": "Feature",
      "geometry": {
        "type": "Point",
        "coordinates": [
          75.1611,
          33.2466
        ]
      },
      "properties": {
        "date": "03/19/2011 12:00:00 AM",
        "location": "Jammu-Srinagar hwy, Sheeri(?), Ramban, Jammu and Kashmir",
        "state": "Kashmir",
        "deaths": 0,
        "trigger": "downpour",
        "type": "landslide",
        "source": "NASA GLC",
        "severity": "medium"
      }
    },
    {
      "type": "Feature",
      "geometry": {
        "type": "Point",
        "coordinates": [
          94.5512,
          26.3335
        ]
      },
      "properties": {
        "date": "06/15/2010 12:00:00 AM",
        "location": "Fazl Ali College, Mokokchung, Nagaland",
        "state": "N\u0101g\u0101land",
        "deaths": 0,
        "trigger": "downpour",
        "type": "landslide",
        "source": "NASA GLC",
        "severity": "medium"
      }
    },
    {
      "type": "Feature",
      "geometry": {
        "type": "Point",
        "coordinates": [
          76.4319,
          10.3228
        ]
      },
      "properties": {
        "date": "08/04/2013 12:00:00 AM",
        "location": "Kerala",
        "state": "Kerala",
        "deaths": 0,
        "trigger": "downpour",
        "type": "mudslide",
        "source": "NASA GLC",
        "severity": "large"
      }
    },
    {
      "type": "Feature",
      "geometry": {
        "type": "Point",
        "coordinates": [
          94.2156,
          24.954
        ]
      },
      "properties": {
        "date": "08/01/2015 12:00:00 AM",
        "location": "Imphal-Ukhrul road",
        "state": "Manipur",
        "deaths": 0,
        "trigger": "continuous_rain",
        "type": "landslide",
        "source": "NASA GLC",
        "severity": "small"
      }
    },
    {
      "type": "Feature",
      "geometry": {
        "type": "Point",
        "coordinates": [
          76.4788,
          10.0533
        ]
      },
      "properties": {
        "date": "07/23/2013 08:45:00 AM",
        "location": "Vengola, Kerala",
        "state": "Kerala",
        "deaths": 0,
        "trigger": "unknown",
        "type": "rock_fall",
        "source": "NASA GLC",
        "severity": "small"
      }
    },
    {
      "type": "Feature",
      "geometry": {
        "type": "Point",
        "coordinates": [
          93.0083,
          25.1796
        ]
      },
      "properties": {
        "date": "10/09/2010 12:00:00 AM",
        "location": "Haflong, Assam",
        "state": "Assam",
        "deaths": 0,
        "trigger": "downpour",
        "type": "mudslide",
        "source": "NASA GLC",
        "severity": "medium"
      }
    },
    {
      "type": "Feature",
      "geometry": {
        "type": "Point",
        "coordinates": [
          94.1162,
          25.4379
        ]
      },
      "properties": {
        "date": "10/19/2007 12:00:00 AM",
        "location": "Maram-Purul Road, Karong Assembly Constituency of Senapati district, Manipur",
        "state": "N\u0101g\u0101land",
        "deaths": 0,
        "trigger": "rain",
        "type": "landslide",
        "source": "NASA GLC",
        "severity": "medium"
      }
    },
    {
      "type": "Feature",
      "geometry": {
        "type": "Point",
        "coordinates": [
          77.7652,
          33.616
        ]
      },
      "properties": {
        "date": "07/21/2015 12:00:00 AM",
        "location": "Rumtse along the Manali-Leh highwa",
        "state": "Kashmir",
        "deaths": 0,
        "trigger": "continuous_rain",
        "type": "landslide",
        "source": "NASA GLC",
        "severity": "small"
      }
    },
    {
      "type": "Feature",
      "geometry": {
        "type": "Point",
        "coordinates": [
          78.197,
          30.012
        ]
      },
      "properties": {
        "date": "07/29/2011 12:00:00 AM",
        "location": "Kedarnath yatra",
        "state": "Uttarakhand",
        "deaths": 0,
        "trigger": "downpour",
        "type": "landslide",
        "source": "NASA GLC",
        "severity": "medium"
      }
    },
    {
      "type": "Feature",
      "geometry": {
        "type": "Point",
        "coordinates": [
          77.2106,
          32.304
        ]
      },
      "properties": {
        "date": "07/11/2010 12:00:00 AM",
        "location": "roads from Manali to Rohtang pass",
        "state": "Himachal Pradesh",
        "deaths": 0,
        "trigger": "downpour",
        "type": "landslide",
        "source": "NASA GLC",
        "severity": "medium"
      }
    },
    {
      "type": "Feature",
      "geometry": {
        "type": "Point",
        "coordinates": [
          94.0132,
          25.7055
        ]
      },
      "properties": {
        "date": "10/16/2007 12:00:00 AM",
        "location": "NH-39 at Piphema,  6 km towards Dimapur from Kohima in Nagaland",
        "state": "N\u0101g\u0101land",
        "deaths": 0,
        "trigger": "rain",
        "type": "landslide",
        "source": "NASA GLC",
        "severity": "large"
      }
    },
    {
      "type": "Feature",
      "geometry": {
        "type": "Point",
        "coordinates": [
          79.4356,
          30.7991
        ]
      },
      "properties": {
        "date": "09/19/2010 12:00:00 AM",
        "location": "near Bagri Glacier(?), Gopeswar(Gopeshwar), Chamoli district, Uttarakhand",
        "state": "Uttarakhand",
        "deaths": 0,
        "trigger": "downpour",
        "type": "landslide",
        "source": "NASA GLC",
        "severity": "medium"
      }
    },
    {
      "type": "Feature",
      "geometry": {
        "type": "Point",
        "coordinates": [
          93.804,
          27.3034
        ]
      },
      "properties": {
        "date": "07/16/2016 12:00:00 AM",
        "location": "Hoj-Potin Highway, Arunachal Pradesh, India",
        "state": "Arunachal Pradesh",
        "deaths": 0,
        "trigger": "downpour",
        "type": "mudslide",
        "source": "NASA GLC",
        "severity": "medium"
      }
    },
    {
      "type": "Feature",
      "geometry": {
        "type": "Point",
        "coordinates": [
          95.4149,
          28.3092
        ]
      },
      "properties": {
        "date": "10/03/2010 12:00:00 AM",
        "location": "Mosing village, Upper Siang district, Arunachal Pradesh",
        "state": "Arun\u0101chal Pradesh",
        "deaths": 0,
        "trigger": "downpour",
        "type": "landslide",
        "source": "NASA GLC",
        "severity": "medium"
      }
    },
    {
      "type": "Feature",
      "geometry": {
        "type": "Point",
        "coordinates": [
          73.3852,
          18.7591
        ]
      },
      "properties": {
        "date": "06/29/2009 02:30:00 AM",
        "location": "Adoshi tunnel,  Khandala Ghat, on Pune-Mumbai Expressway ",
        "state": "Maharashtra",
        "deaths": 0,
        "trigger": "continuous_rain",
        "type": "rock_fall",
        "source": "NASA GLC",
        "severity": "medium"
      }
    },
    {
      "type": "Feature",
      "geometry": {
        "type": "Point",
        "coordinates": [
          94.6279,
          25.9466
        ]
      },
      "properties": {
        "date": "09/08/2014 12:00:00 AM",
        "location": "Kiphire-Seyochung road near Yangzitong village",
        "state": "Nagaland",
        "deaths": 0,
        "trigger": "unknown",
        "type": "mudslide",
        "source": "NASA GLC",
        "severity": "medium"
      }
    },
    {
      "type": "Feature",
      "geometry": {
        "type": "Point",
        "coordinates": [
          88.6463,
          27.6047
        ]
      },
      "properties": {
        "date": "09/08/2013 12:00:00 AM",
        "location": "Chungthang, Sikkim",
        "state": "nan",
        "deaths": 0,
        "trigger": "rain",
        "type": "rock_fall",
        "source": "NASA GLC",
        "severity": "medium"
      }
    },
    {
      "type": "Feature",
      "geometry": {
        "type": "Point",
        "coordinates": [
          75.2027,
          33.4372
        ]
      },
      "properties": {
        "date": "02/22/2013 12:00:00 AM",
        "location": "Jammu Srinagar Roadways - Between Banihal And Patnitop",
        "state": "Kashmir",
        "deaths": 0,
        "trigger": "snowfall_snowmelt",
        "type": "landslide",
        "source": "NASA GLC",
        "severity": "medium"
      }
    },
    {
      "type": "Feature",
      "geometry": {
        "type": "Point",
        "coordinates": [
          88.526,
          26.8096
        ]
      },
      "properties": {
        "date": "06/15/2007 12:00:00 AM",
        "location": "National Highway 31A at Sevoke",
        "state": "Bengal",
        "deaths": 0,
        "trigger": "rain",
        "type": "landslide",
        "source": "NASA GLC",
        "severity": "medium"
      }
    },
    {
      "type": "Feature",
      "geometry": {
        "type": "Point",
        "coordinates": [
          72.8562,
          19.0176
        ]
      },
      "properties": {
        "date": "06/08/2010 09:00:00 AM",
        "location": "Kamraj Nagar slum at Sion-Koliwada, Antop Hill, Mumbai",
        "state": "Maharashtra",
        "deaths": 0,
        "trigger": "monsoon",
        "type": "landslide",
        "source": "NASA GLC",
        "severity": "medium"
      }
    },
    {
      "type": "Feature",
      "geometry": {
        "type": "Point",
        "coordinates": [
          72.9104,
          19.0298
        ]
      },
      "properties": {
        "date": "06/25/2007 12:00:00 AM",
        "location": "Mumbai",
        "state": "Maharashtra",
        "deaths": 0,
        "trigger": "rain",
        "type": "landslide",
        "source": "NASA GLC",
        "severity": "medium"
      }
    },
    {
      "type": "Feature",
      "geometry": {
        "type": "Point",
        "coordinates": [
          74.1213,
          34.151
        ]
      },
      "properties": {
        "date": "02/10/2010 12:00:00 AM",
        "location": "Road between Srinagar and Muzaffarabad near Kaman post in Baramulla district, Kashmir",
        "state": "Kashmir",
        "deaths": 0,
        "trigger": "rain",
        "type": "landslide",
        "source": "NASA GLC",
        "severity": "medium"
      }
    },
    {
      "type": "Feature",
      "geometry": {
        "type": "Point",
        "coordinates": [
          76.34158851,
          34.38663064
        ]
      },
      "properties": {
        "date": "04/20/2010 12:00:00 AM",
        "location": "Kanipathri(?), Srinagar-Leh highway, Kashmir",
        "state": "Kashmir",
        "deaths": 0,
        "trigger": "downpour",
        "type": "landslide",
        "source": "NASA GLC",
        "severity": "medium"
      }
    },
    {
      "type": "Feature",
      "geometry": {
        "type": "Point",
        "coordinates": [
          74.0253,
          15.0296
        ]
      },
      "properties": {
        "date": "08/07/2007 12:00:00 AM",
        "location": "Canacona",
        "state": "Goa",
        "deaths": 0,
        "trigger": "rain",
        "type": "landslide",
        "source": "NASA GLC",
        "severity": "medium"
      }
    },
    {
      "type": "Feature",
      "geometry": {
        "type": "Point",
        "coordinates": [
          93.1658,
          25.2269
        ]
      },
      "properties": {
        "date": "06/15/2010 12:00:00 AM",
        "location": "rails between Mahur and Wadringdisa(?), Assam",
        "state": "Assam",
        "deaths": 0,
        "trigger": "downpour",
        "type": "landslide",
        "source": "NASA GLC",
        "severity": "medium"
      }
    },
    {
      "type": "Feature",
      "geometry": {
        "type": "Point",
        "coordinates": [
          76.9834,
          30.709
        ]
      },
      "properties": {
        "date": "08/04/2014 11:00:00 PM",
        "location": "Thana village",
        "state": "Haryana",
        "deaths": 0,
        "trigger": "downpour",
        "type": "complex",
        "source": "NASA GLC",
        "severity": "medium"
      }
    },
    {
      "type": "Feature",
      "geometry": {
        "type": "Point",
        "coordinates": [
          75.7525,
          33.3118
        ]
      },
      "properties": {
        "date": "07/08/2013 12:00:00 AM",
        "location": "Mundral In Kishtwar District, Jammu And Kashmir",
        "state": "Kashmir",
        "deaths": 0,
        "trigger": "downpour",
        "type": "mudslide",
        "source": "NASA GLC",
        "severity": "medium"
      }
    },
    {
      "type": "Feature",
      "geometry": {
        "type": "Point",
        "coordinates": [
          72.8663,
          19.0222
        ]
      },
      "properties": {
        "date": "07/10/2013 12:00:00 AM",
        "location": "Debram Chawl, Antop Hill Near Sheikh Mistry Dargah Road, Central Mumbai",
        "state": "Maharashtra",
        "deaths": 0,
        "trigger": "downpour",
        "type": "landslide",
        "source": "NASA GLC",
        "severity": "medium"
      }
    },
    {
      "type": "Feature",
      "geometry": {
        "type": "Point",
        "coordinates": [
          95.0281,
          26.7225
        ]
      },
      "properties": {
        "date": "07/06/2010 12:00:00 AM",
        "location": "Mon, Nagaland",
        "state": "N\u0101g\u0101land",
        "deaths": 0,
        "trigger": "monsoon",
        "type": "mudslide",
        "source": "NASA GLC",
        "severity": "medium"
      }
    },
    {
      "type": "Feature",
      "geometry": {
        "type": "Point",
        "coordinates": [
          94.1146,
          24.3481
        ]
      },
      "properties": {
        "date": "08/01/2015 12:00:00 AM",
        "location": "Chandel",
        "state": "Manipur",
        "deaths": 0,
        "trigger": "unknown",
        "type": "landslide",
        "source": "NASA GLC",
        "severity": "medium"
      }
    },
    {
      "type": "Feature",
      "geometry": {
        "type": "Point",
        "coordinates": [
          80.2154,
          29.5866
        ]
      },
      "properties": {
        "date": "08/05/2016 11:00:00 PM",
        "location": "Bangapani area of Pithoragarh",
        "state": "Uttarakhand",
        "deaths": 0,
        "trigger": "downpour",
        "type": "rock_fall",
        "source": "NASA GLC",
        "severity": "small"
      }
    },
    {
      "type": "Feature",
      "geometry": {
        "type": "Point",
        "coordinates": [
          77.0206,
          30.9209
        ]
      },
      "properties": {
        "date": "07/08/2011 12:00:00 AM",
        "location": "Between Manali and Rohtang",
        "state": "Himachal Pradesh",
        "deaths": 0,
        "trigger": "rain",
        "type": "landslide",
        "source": "NASA GLC",
        "severity": "medium"
      }
    },
    {
      "type": "Feature",
      "geometry": {
        "type": "Point",
        "coordinates": [
          91.6469,
          26.1468
        ]
      },
      "properties": {
        "date": "02/14/2015 12:00:00 AM",
        "location": "Kailashpur hill",
        "state": "Assam",
        "deaths": 0,
        "trigger": "mining",
        "type": "landslide",
        "source": "NASA GLC",
        "severity": "small"
      }
    },
    {
      "type": "Feature",
      "geometry": {
        "type": "Point",
        "coordinates": [
          92.2845,
          25.3612
        ]
      },
      "properties": {
        "date": "04/21/2010 12:00:00 AM",
        "location": "Shillong-Jowai(Jwai)-Badarpur National Highway(NH 44) at Sunapur village in Jaintia Hills District",
        "state": "Megh\u0101laya",
        "deaths": 0,
        "trigger": "downpour",
        "type": "landslide",
        "source": "NASA GLC",
        "severity": "medium"
      }
    },
    {
      "type": "Feature",
      "geometry": {
        "type": "Point",
        "coordinates": [
          92.562,
          24.6108
        ]
      },
      "properties": {
        "date": "02/19/2015 11:00:00 PM",
        "location": "nan",
        "state": "Assam",
        "deaths": 0,
        "trigger": "mining",
        "type": "landslide",
        "source": "NASA GLC",
        "severity": "medium"
      }
    },
    {
      "type": "Feature",
      "geometry": {
        "type": "Point",
        "coordinates": [
          90.3852,
          25.7354
        ]
      },
      "properties": {
        "date": "09/21/2014 12:00:00 AM",
        "location": "National Highway 51",
        "state": "Meghalaya",
        "deaths": 0,
        "trigger": "continuous_rain",
        "type": "landslide",
        "source": "NASA GLC",
        "severity": "large"
      }
    },
    {
      "type": "Feature",
      "geometry": {
        "type": "Point",
        "coordinates": [
          90.5763,
          25.8143
        ]
      },
      "properties": {
        "date": "09/24/2014 12:00:00 AM",
        "location": "Meghalaya",
        "state": "Meghalaya",
        "deaths": 0,
        "trigger": "continuous_rain",
        "type": "landslide",
        "source": "NASA GLC",
        "severity": "large"
      }
    },
    {
      "type": "Feature",
      "geometry": {
        "type": "Point",
        "coordinates": [
          94.11112157,
          25.63961883
        ]
      },
      "properties": {
        "date": "09/12/2010 12:00:00 AM",
        "location": "power lines 5 km from Kohima",
        "state": "N\u0101g\u0101land",
        "deaths": 0,
        "trigger": "downpour",
        "type": "landslide",
        "source": "NASA GLC",
        "severity": "medium"
      }
    },
    {
      "type": "Feature",
      "geometry": {
        "type": "Point",
        "coordinates": [
          75.2449,
          33.2355
        ]
      },
      "properties": {
        "date": "03/20/2014 12:00:00 AM",
        "location": "Ramban",
        "state": "Kashmir",
        "deaths": 0,
        "trigger": "unknown",
        "type": "landslide",
        "source": "NASA GLC",
        "severity": "medium"
      }
    },
    {
      "type": "Feature",
      "geometry": {
        "type": "Point",
        "coordinates": [
          92.5121,
          24.5308
        ]
      },
      "properties": {
        "date": "05/18/2016 08:00:00 AM",
        "location": "Ramchandi , Hailakandi District, Assam, India",
        "state": "Assam",
        "deaths": 0,
        "trigger": "continuous_rain",
        "type": "landslide",
        "source": "NASA GLC",
        "severity": "small"
      }
    },
    {
      "type": "Feature",
      "geometry": {
        "type": "Point",
        "coordinates": [
          75.8103,
          33.1754
        ]
      },
      "properties": {
        "date": "03/21/2015 12:00:00 AM",
        "location": "Chena Bhati in Karara",
        "state": "Kashmir",
        "deaths": 0,
        "trigger": "continuous_rain",
        "type": "landslide",
        "source": "NASA GLC",
        "severity": "medium"
      }
    },
    {
      "type": "Feature",
      "geometry": {
        "type": "Point",
        "coordinates": [
          88.2891,
          27.2676
        ]
      },
      "properties": {
        "date": "10/12/2016 12:00:00 AM",
        "location": "Legship",
        "state": "Sikkim",
        "deaths": 0,
        "trigger": "continuous_rain",
        "type": "landslide",
        "source": "NASA GLC",
        "severity": "medium"
      }
    },
    {
      "type": "Feature",
      "geometry": {
        "type": "Point",
        "coordinates": [
          75.1945,
          32.9918
        ]
      },
      "properties": {
        "date": "07/29/2013 10:00:00 AM",
        "location": "Samroli, Udhampur District,\u00a0Kashmir",
        "state": "Kashmir",
        "deaths": 0,
        "trigger": "rain",
        "type": "landslide",
        "source": "NASA GLC",
        "severity": "small"
      }
    },
    {
      "type": "Feature",
      "geometry": {
        "type": "Point",
        "coordinates": [
          88.2798,
          26.8342
        ]
      },
      "properties": {
        "date": "09/18/2009 12:00:00 AM",
        "location": "Tindharia and Rong Tong",
        "state": "Bengal",
        "deaths": 0,
        "trigger": "rain",
        "type": "landslide",
        "source": "NASA GLC",
        "severity": "medium"
      }
    },
    {
      "type": "Feature",
      "geometry": {
        "type": "Point",
        "coordinates": [
          79.3541,
          30.5319
        ]
      },
      "properties": {
        "date": "06/07/2011 12:00:00 AM",
        "location": "road to Badrinath shrine, Uttarakhand",
        "state": "Uttarakhand",
        "deaths": 0,
        "trigger": "downpour",
        "type": "landslide",
        "source": "NASA GLC",
        "severity": "medium"
      }
    },
    {
      "type": "Feature",
      "geometry": {
        "type": "Point",
        "coordinates": [
          77.3,
          30.56
        ]
      },
      "properties": {
        "date": "09/19/2008 12:00:00 AM",
        "location": "Anni and Nahan",
        "state": "Himachal Pradesh",
        "deaths": 0,
        "trigger": "downpour",
        "type": "landslide",
        "source": "NASA GLC",
        "severity": "medium"
      }
    },
    {
      "type": "Feature",
      "geometry": {
        "type": "Point",
        "coordinates": [
          92.7265,
          23.7269
        ]
      },
      "properties": {
        "date": "08/27/2015 12:00:00 AM",
        "location": "three graveyards within Aizawl",
        "state": "Mizoram",
        "deaths": 0,
        "trigger": "downpour",
        "type": "landslide",
        "source": "NASA GLC",
        "severity": "medium"
      }
    },
    {
      "type": "Feature",
      "geometry": {
        "type": "Point",
        "coordinates": [
          94.0926,
          25.3908
        ]
      },
      "properties": {
        "date": "07/22/2015 12:00:00 AM",
        "location": "NH-2 between Senapati and Mao",
        "state": "Manipur",
        "deaths": 0,
        "trigger": "continuous_rain",
        "type": "landslide",
        "source": "NASA GLC",
        "severity": "small"
      }
    },
    {
      "type": "Feature",
      "geometry": {
        "type": "Point",
        "coordinates": [
          91.4663,
          24.0896
        ]
      },
      "properties": {
        "date": "05/08/2013 12:00:00 AM",
        "location": "Purba Simna, Tripura",
        "state": "Tripura",
        "deaths": 0,
        "trigger": "rain",
        "type": "landslide",
        "source": "NASA GLC",
        "severity": "medium"
      }
    },
    {
      "type": "Feature",
      "geometry": {
        "type": "Point",
        "coordinates": [
          72.88274367,
          19.17377751
        ]
      },
      "properties": {
        "date": "07/22/2010 02:00:00 AM",
        "location": "New Mhada Complex in Dindoshi",
        "state": "Maharashtra",
        "deaths": 0,
        "trigger": "continuous_rain",
        "type": "landslide",
        "source": "NASA GLC",
        "severity": "medium"
      }
    },
    {
      "type": "Feature",
      "geometry": {
        "type": "Point",
        "coordinates": [
          88.26181745,
          26.84850975
        ]
      },
      "properties": {
        "date": "06/17/2011 11:00:00 PM",
        "location": "Pankhabari and Rohini routes in Kurseong",
        "state": "Bengal",
        "deaths": 0,
        "trigger": "continuous_rain",
        "type": "landslide",
        "source": "NASA GLC",
        "severity": "medium"
      }
    },
    {
      "type": "Feature",
      "geometry": {
        "type": "Point",
        "coordinates": [
          77.7155,
          31.1581
        ]
      },
      "properties": {
        "date": "09/20/2010 12:00:00 AM",
        "location": "roads between Jubbal and Rohru, Shimla, Himachal Pradesh",
        "state": "Himachal Pradesh",
        "deaths": 0,
        "trigger": "downpour",
        "type": "landslide",
        "source": "NASA GLC",
        "severity": "medium"
      }
    },
    {
      "type": "Feature",
      "geometry": {
        "type": "Point",
        "coordinates": [
          79.6625,
          29.5952
        ]
      },
      "properties": {
        "date": "07/31/2013 08:00:00 AM",
        "location": "Salut, Almora, Uttarakhand",
        "state": "Uttarakhand",
        "deaths": 0,
        "trigger": "downpour",
        "type": "landslide",
        "source": "NASA GLC",
        "severity": "medium"
      }
    },
    {
      "type": "Feature",
      "geometry": {
        "type": "Point",
        "coordinates": [
          91.802,
          26.1966
        ]
      },
      "properties": {
        "date": "07/20/2016 12:00:00 AM",
        "location": "Noonmati, Guwahati, Assam, India",
        "state": "Assam",
        "deaths": 0,
        "trigger": "rain",
        "type": "landslide",
        "source": "NASA GLC",
        "severity": "medium"
      }
    },
    {
      "type": "Feature",
      "geometry": {
        "type": "Point",
        "coordinates": [
          83.2884,
          17.7345
        ]
      },
      "properties": {
        "date": "12/19/2015 12:00:00 AM",
        "location": "Thatichetlapalem",
        "state": "Andhra Pradesh",
        "deaths": 0,
        "trigger": "downpour",
        "type": "landslide",
        "source": "NASA GLC",
        "severity": "medium"
      }
    },
    {
      "type": "Feature",
      "geometry": {
        "type": "Point",
        "coordinates": [
          73.5446,
          17.2634
        ]
      },
      "properties": {
        "date": "09/01/2007 12:00:00 AM",
        "location": "Maharashta on Konkan Railway between Nivsur and Ratnagiri",
        "state": "Maharashtra",
        "deaths": 0,
        "trigger": "rain",
        "type": "landslide",
        "source": "NASA GLC",
        "severity": "medium"
      }
    },
    {
      "type": "Feature",
      "geometry": {
        "type": "Point",
        "coordinates": [
          77.1898,
          32.2282
        ]
      },
      "properties": {
        "date": "06/29/2011 12:00:00 AM",
        "location": "Manali-Rohtang road, at Raninalah, Himachal Pradesh",
        "state": "Himachal Pradesh",
        "deaths": 0,
        "trigger": "continuous_rain",
        "type": "landslide",
        "source": "NASA GLC",
        "severity": "medium"
      }
    },
    {
      "type": "Feature",
      "geometry": {
        "type": "Point",
        "coordinates": [
          78.44,
          30.7362
        ]
      },
      "properties": {
        "date": "08/14/2012 12:00:00 AM",
        "location": "Uttarkashi, Uttarakhand,",
        "state": "Uttarakhand",
        "deaths": 0,
        "trigger": "downpour",
        "type": "landslide",
        "source": "NASA GLC",
        "severity": "medium"
      }
    },
    {
      "type": "Feature",
      "geometry": {
        "type": "Point",
        "coordinates": [
          93.1477,
          25.4749
        ]
      },
      "properties": {
        "date": "10/09/2010 12:00:00 AM",
        "location": "between Mahur and Maigrandisa(?) or Lumding, Assam",
        "state": "Assam",
        "deaths": 0,
        "trigger": "downpour",
        "type": "landslide",
        "source": "NASA GLC",
        "severity": "medium"
      }
    },
    {
      "type": "Feature",
      "geometry": {
        "type": "Point",
        "coordinates": [
          77.09003076,
          30.89221723
        ]
      },
      "properties": {
        "date": "07/02/2016 09:00:00 AM",
        "location": "Highway 22, near Borag Bypass, near Solan, Himachal Pradesh, India",
        "state": "Himachal Pradesh",
        "deaths": 0,
        "trigger": "downpour",
        "type": "rock_fall",
        "source": "NASA GLC",
        "severity": "medium"
      }
    },
    {
      "type": "Feature",
      "geometry": {
        "type": "Point",
        "coordinates": [
          91.7747,
          26.1097
        ]
      },
      "properties": {
        "date": "09/22/2014 12:00:00 AM",
        "location": "Lalmati",
        "state": "Assam",
        "deaths": 0,
        "trigger": "rain",
        "type": "landslide",
        "source": "NASA GLC",
        "severity": "small"
      }
    },
    {
      "type": "Feature",
      "geometry": {
        "type": "Point",
        "coordinates": [
          94.6654,
          26.2753
        ]
      },
      "properties": {
        "date": "08/17/2010 12:00:00 AM",
        "location": "Dikhu bridge(?), Mokokchung-Tuensang road, Nagaland",
        "state": "N\u0101g\u0101land",
        "deaths": 0,
        "trigger": "downpour",
        "type": "landslide",
        "source": "NASA GLC",
        "severity": "medium"
      }
    },
    {
      "type": "Feature",
      "geometry": {
        "type": "Point",
        "coordinates": [
          73.8161,
          15.8513
        ]
      },
      "properties": {
        "date": "07/17/2011 12:30:00 AM",
        "location": "At the Talgaon cutting between Sindhudurg and Kudal section of the Konkan Railway",
        "state": "Maharashtra",
        "deaths": 0,
        "trigger": "downpour",
        "type": "landslide",
        "source": "NASA GLC",
        "severity": "small"
      }
    },
    {
      "type": "Feature",
      "geometry": {
        "type": "Point",
        "coordinates": [
          88.482,
          27.0771
        ]
      },
      "properties": {
        "date": "06/30/2008 12:00:00 AM",
        "location": "Kalimpong",
        "state": "Bengal",
        "deaths": 0,
        "trigger": "downpour",
        "type": "landslide",
        "source": "NASA GLC",
        "severity": "medium"
      }
    },
    {
      "type": "Feature",
      "geometry": {
        "type": "Point",
        "coordinates": [
          78.4378,
          30.73
        ]
      },
      "properties": {
        "date": "07/19/2015 12:00:00 AM",
        "location": "Varunavat Mountain, Uttarkashi",
        "state": "Uttarakhand",
        "deaths": 0,
        "trigger": "continuous_rain",
        "type": "landslide",
        "source": "NASA GLC",
        "severity": "medium"
      }
    },
    {
      "type": "Feature",
      "geometry": {
        "type": "Point",
        "coordinates": [
          75.2441,
          33.2361
        ]
      },
      "properties": {
        "date": "02/19/2012 07:00:00 AM",
        "location": "Khooni Nullah on the Srinagar-Jammu Highway, Ramban District",
        "state": "Kashmir",
        "deaths": 0,
        "trigger": "unknown",
        "type": "complex",
        "source": "NASA GLC",
        "severity": "medium"
      }
    },
    {
      "type": "Feature",
      "geometry": {
        "type": "Point",
        "coordinates": [
          77.4614,
          31.348
        ]
      },
      "properties": {
        "date": "06/16/2013 12:00:00 AM",
        "location": "7 Km Of Road, Between Kasang And Akpa",
        "state": "Himachal Pradesh",
        "deaths": 0,
        "trigger": "downpour",
        "type": "landslide",
        "source": "NASA GLC",
        "severity": "medium"
      }
    },
    {
      "type": "Feature",
      "geometry": {
        "type": "Point",
        "coordinates": [
          75.1923,
          33.4341
        ]
      },
      "properties": {
        "date": "01/07/2008 12:00:00 AM",
        "location": "between Banihal and Batote, Udhampur, National Highway, Jammu",
        "state": "Kashmir",
        "deaths": 0,
        "trigger": "rain",
        "type": "landslide",
        "source": "NASA GLC",
        "severity": "medium"
      }
    },
    {
      "type": "Feature",
      "geometry": {
        "type": "Point",
        "coordinates": [
          91.6849,
          26.1001
        ]
      },
      "properties": {
        "date": "09/22/2014 12:00:00 AM",
        "location": "Pamohi",
        "state": "Assam",
        "deaths": 0,
        "trigger": "rain",
        "type": "landslide",
        "source": "NASA GLC",
        "severity": "small"
      }
    },
    {
      "type": "Feature",
      "geometry": {
        "type": "Point",
        "coordinates": [
          94.9612,
          28.235
        ]
      },
      "properties": {
        "date": "07/19/2016 12:00:00 AM",
        "location": "5 km off Sangam point on Aalo- Pangin road, Arunachal Pradesh, India",
        "state": "Arunachal Pradesh",
        "deaths": 0,
        "trigger": "downpour",
        "type": "landslide",
        "source": "NASA GLC",
        "severity": "medium"
      }
    },
    {
      "type": "Feature",
      "geometry": {
        "type": "Point",
        "coordinates": [
          76.8696375,
          9.497393176
        ]
      },
      "properties": {
        "date": "08/06/2011 09:00:00 AM",
        "location": "Kanamala in Erumeli Panchayat",
        "state": "Kerala",
        "deaths": 0,
        "trigger": "downpour",
        "type": "landslide",
        "source": "NASA GLC",
        "severity": "medium"
      }
    },
    {
      "type": "Feature",
      "geometry": {
        "type": "Point",
        "coordinates": [
          73.3572,
          17.0032
        ]
      },
      "properties": {
        "date": "06/17/2011 04:00:00 AM",
        "location": "Near Nivar station in the Ratnagiri district of Maharashtra",
        "state": "Maharashtra",
        "deaths": 0,
        "trigger": "downpour",
        "type": "landslide",
        "source": "NASA GLC",
        "severity": "medium"
      }
    },
    {
      "type": "Feature",
      "geometry": {
        "type": "Point",
        "coordinates": [
          74.8481,
          12.8733
        ]
      },
      "properties": {
        "date": "08/09/2007 12:00:00 AM",
        "location": "Mangalore",
        "state": "Karnataka",
        "deaths": 0,
        "trigger": "rain",
        "type": "landslide",
        "source": "NASA GLC",
        "severity": "medium"
      }
    },
    {
      "type": "Feature",
      "geometry": {
        "type": "Point",
        "coordinates": [
          88.4481,
          26.9722
        ]
      },
      "properties": {
        "date": "08/19/2010 12:00:00 AM",
        "location": "NH 31A at Likhuvir(?), near Teesta Bazar, 42nd Km marker(?), Kalimpong, West Bengal cutting off Sikkim and Kalimpong",
        "state": "Bengal",
        "deaths": 0,
        "trigger": "downpour",
        "type": "landslide",
        "source": "NASA GLC",
        "severity": "medium"
      }
    },
    {
      "type": "Feature",
      "geometry": {
        "type": "Point",
        "coordinates": [
          79.3206,
          30.3299
        ]
      },
      "properties": {
        "date": "06/29/2016 12:00:00 AM",
        "location": "Nandprayag, Uttarakhand, India",
        "state": "Uttarakhand",
        "deaths": 0,
        "trigger": "downpour",
        "type": "landslide",
        "source": "NASA GLC",
        "severity": "medium"
      }
    },
    {
      "type": "Feature",
      "geometry": {
        "type": "Point",
        "coordinates": [
          74.9277,
          33.0
        ]
      },
      "properties": {
        "date": "08/15/2008 12:00:00 AM",
        "location": "Riasi district of Jammu and Kashmir",
        "state": "Kashmir",
        "deaths": 0,
        "trigger": "downpour",
        "type": "landslide",
        "source": "NASA GLC",
        "severity": "medium"
      }
    },
    {
      "type": "Feature",
      "geometry": {
        "type": "Point",
        "coordinates": [
          73.6106,
          26.2208
        ]
      },
      "properties": {
        "date": "08/14/2007 12:00:00 AM",
        "location": "Himachal Pradesh, Shimla district, Ghanvi village",
        "state": "Rajasthan",
        "deaths": 0,
        "trigger": "downpour",
        "type": "complex",
        "source": "NASA GLC",
        "severity": "very_large"
      }
    },
    {
      "type": "Feature",
      "geometry": {
        "type": "Point",
        "coordinates": [
          79.3439,
          13.6529
        ]
      },
      "properties": {
        "date": "11/17/2013 06:00:00 AM",
        "location": "Tirumala, Andhra Pradesh",
        "state": "Andhra Pradesh",
        "deaths": 0,
        "trigger": "downpour",
        "type": "rock_fall",
        "source": "NASA GLC",
        "severity": "medium"
      }
    },
    {
      "type": "Feature",
      "geometry": {
        "type": "Point",
        "coordinates": [
          88.26522126,
          27.04357147
        ]
      },
      "properties": {
        "date": "05/26/2009 12:00:00 AM",
        "location": "Darjeeling Sadar, Darjeeling West Bengal",
        "state": "Bengal",
        "deaths": 0,
        "trigger": "tropical_cyclone",
        "type": "landslide",
        "source": "NASA GLC",
        "severity": "medium"
      }
    },
    {
      "type": "Feature",
      "geometry": {
        "type": "Point",
        "coordinates": [
          76.6702,
          31.4881
        ]
      },
      "properties": {
        "date": "06/11/2013 11:00:00 PM",
        "location": "Srinagar-Jammu Highway, Ramban District",
        "state": "Himachal Pradesh",
        "deaths": 0,
        "trigger": "rain",
        "type": "landslide",
        "source": "NASA GLC",
        "severity": "small"
      }
    },
    {
      "type": "Feature",
      "geometry": {
        "type": "Point",
        "coordinates": [
          78.1045,
          30.4528
        ]
      },
      "properties": {
        "date": "07/24/2015 12:00:00 AM",
        "location": "Kempty Road near Kempty Falls",
        "state": "Uttarakhand",
        "deaths": 0,
        "trigger": "continuous_rain",
        "type": "landslide",
        "source": "NASA GLC",
        "severity": "small"
      }
    },
    {
      "type": "Feature",
      "geometry": {
        "type": "Point",
        "coordinates": [
          77.0696,
          10.0838
        ]
      },
      "properties": {
        "date": "06/02/2011 12:00:00 AM",
        "location": "Munnar, Idukki district, Kerala",
        "state": "Kerala",
        "deaths": 0,
        "trigger": "downpour",
        "type": "landslide",
        "source": "NASA GLC",
        "severity": "medium"
      }
    },
    {
      "type": "Feature",
      "geometry": {
        "type": "Point",
        "coordinates": [
          91.7986,
          26.1699
        ]
      },
      "properties": {
        "date": "07/19/2007 12:00:00 AM",
        "location": "Guwahati",
        "state": "Assam",
        "deaths": 0,
        "trigger": "rain",
        "type": "landslide",
        "source": "NASA GLC",
        "severity": "medium"
      }
    }
  ]
}